driver_id,lap,stop,time,duration,season,round,driver_join_id,stop_duration_s,team
hamilton,11,1,18:21:54,25.201,2022,1,hamilton,25.201,mercedes
alonso,11,1,18:22:10,25.365,2022,1,alonso,25.365,alpine
mick_schumacher,12,1,18:24:08,25.214,2022,1,mickschumacher,25.214,haas
albon,13,1,18:25:47,24.874,2022,1,albon,24.874,williams
max_verstappen,14,1,18:26:43,24.897,2022,1,maxverstappen,24.897,red_bull
sainz,14,1,18:26:50,24.666,2022,1,sainz,24.666,ferrari
kevin_magnussen,14,1,18:27:07,25.478,2022,1,kevinmagnussen,25.478,haas
gasly,14,1,18:27:08,24.575,2022,1,gasly,24.575,alphatauri
ocon,14,1,18:27:11,30.484,2022,1,ocon,30.484,alpine
bottas,14,1,18:27:19,25.893,2022,1,bottas,25.893,alfa
latifi,14,1,18:27:38,24.457,2022,1,latifi,24.457,williams
leclerc,15,1,18:28:19,25.012,2022,1,leclerc,25.012,ferrari
perez,15,1,18:28:32,25.046,2022,1,perez,25.046,red_bull
russell,15,1,18:28:38,25.888,2022,1,russell,25.888,mercedes
tsunoda,15,1,18:28:57,26.095,2022,1,tsunoda,26.095,alphatauri
zhou,15,1,18:29:03,25.428,2022,1,zhou,25.428,alfa
ricciardo,17,1,18:32:46,24.915,2022,1,ricciardo,24.915,mclaren
stroll,18,1,18:34:18,25.739,2022,1,stroll,25.739,aston_martin
hulkenberg,19,1,18:36:11,27.365,2022,1,hulkenberg,27.365,aston_martin
norris,24,1,18:44:41,24.568,2022,1,norris,24.568,mclaren
alonso,25,2,18:45:53,24.909,2022,1,alonso,24.909,alpine
hamilton,27,2,18:48:44,25.796,2022,1,hamilton,25.796,mercedes
tsunoda,29,2,18:52:37,24.350,2022,1,tsunoda,24.35,alphatauri
max_verstappen,30,2,18:53:16,24.937,2022,1,maxverstappen,24.937,red_bull
ocon,30,2,18:54:12,25.393,2022,1,ocon,25.393,alpine
leclerc,31,2,18:54:52,24.527,2022,1,leclerc,24.527,ferrari
gasly,32,2,18:57:23,25.875,2022,1,gasly,25.875,alphatauri
latifi,32,2,18:58:19,24.778,2022,1,latifi,24.778,williams
sainz,33,2,18:58:21,24.438,2022,1,sainz,24.438,ferrari
perez,33,2,18:58:23,24.173,2022,1,perez,24.173,red_bull
russell,33,2,18:58:45,25.334,2022,1,russell,25.334,mercedes
ricciardo,33,2,18:59:53,24.885,2022,1,ricciardo,24.885,mclaren
kevin_magnussen,34,2,19:00:39,25.876,2022,1,kevinmagnussen,25.876,haas
mick_schumacher,35,2,19:02:58,25.586,2022,1,mickschumacher,25.586,haas
albon,35,2,19:03:09,25.570,2022,1,albon,25.57,williams
bottas,36,2,19:04:16,25.156,2022,1,bottas,25.156,alfa
zhou,37,2,19:06:00,25.291,2022,1,zhou,25.291,alfa
hulkenberg,37,2,19:06:47,26.712,2022,1,hulkenberg,26.712,aston_martin
stroll,38,2,19:08:04,26.957,2022,1,stroll,26.957,aston_martin
norris,41,2,19:13:23,27.367,2022,1,norris,27.367,mclaren
alonso,42,3,19:14:26,24.508,2022,1,alonso,24.508,alpine
max_verstappen,43,3,19:14:40,24.402,2022,1,maxverstappen,24.402,red_bull
perez,43,3,19:14:56,24.947,2022,1,perez,24.947,red_bull
ocon,43,3,19:15:58,24.233,2022,1,ocon,24.233,alpine
sainz,44,3,19:16:30,24.287,2022,1,sainz,24.287,ferrari
hamilton,44,3,19:16:52,25.579,2022,1,hamilton,25.579,mercedes
tsunoda,44,3,19:17:39,24.188,2022,1,tsunoda,24.188,alphatauri
ricciardo,44,3,19:18:41,25.139,2022,1,ricciardo,25.139,mclaren
russell,45,3,19:18:53,25.574,2022,1,russell,25.574,mercedes
hulkenberg,44,3,19:18:58,25.748,2022,1,hulkenberg,25.748,aston_martin
bottas,45,3,19:19:39,25.188,2022,1,bottas,25.188,alfa
zhou,45,3,19:19:45,28.647,2022,1,zhou,28.647,alfa
leclerc,46,3,19:19:53,24.613,2022,1,leclerc,24.613,ferrari
stroll,45,3,19:20:32,25.039,2022,1,stroll,25.039,aston_martin
norris,45,3,19:20:59,24.975,2022,1,norris,24.975,mclaren
latifi,45,3,19:21:07,24.658,2022,1,latifi,24.658,williams
kevin_magnussen,46,3,19:21:29,26.051,2022,1,kevinmagnussen,26.051,haas
albon,46,3,19:22:54,25.055,2022,1,albon,25.055,williams
ricciardo,8,1,20:16:37,20.650,2022,2,ricciardo,20.65,mclaren
stroll,13,1,20:24:49,22.339,2022,2,stroll,22.339,aston_martin
albon,13,1,20:24:54,20.683,2022,2,albon,20.683,williams
perez,15,1,20:27:12,20.481,2022,2,perez,20.481,red_bull
gasly,15,1,20:27:52,22.820,2022,2,gasly,22.82,alphatauri
leclerc,16,1,20:28:55,21.038,2022,2,leclerc,21.038,ferrari
max_verstappen,16,1,20:28:58,20.731,2022,2,maxverstappen,20.731,red_bull
sainz,16,1,20:29:04,21.521,2022,2,sainz,21.521,ferrari
russell,16,1,20:29:21,21.415,2022,2,russell,21.415,mercedes
alonso,16,1,20:29:40,21.543,2022,2,alonso,21.543,alpine
bottas,16,1,20:29:43,22.561,2022,2,bottas,22.561,alfa
ocon,16,1,20:29:50,21.141,2022,2,ocon,21.141,alpine
norris,16,1,20:29:54,20.383,2022,2,norris,20.383,mclaren
zhou,16,1,20:29:56,33.734,2022,2,zhou,33.734,alfa
zhou,27,2,20:51:18,15.103,2022,2,zhou,15.103,alfa
bottas,35,2,21:03:48,22.710,2022,2,bottas,22.71,alfa
kevin_magnussen,37,1,21:06:57,22.374,2022,2,kevinmagnussen,22.374,haas
hulkenberg,37,1,21:07:16,21.425,2022,2,hulkenberg,21.425,aston_martin
hamilton,40,1,21:12:59,21.788,2022,2,hamilton,21.788,mercedes
stroll,3,1,15:08:15,18.242,2022,3,stroll,18.242,aston_martin
stroll,4,2,15:10:29,18.560,2022,3,stroll,18.56,aston_martin
latifi,13,1,15:25:03,18.552,2022,3,latifi,18.552,williams
mick_schumacher,14,1,15:26:23,19.039,2022,3,mickschumacher,19.039,haas
ocon,17,1,15:30:30,19.128,2022,3,ocon,19.128,alpine
max_verstappen,18,1,15:31:37,18.281,2022,3,maxverstappen,18.281,red_bull
tsunoda,18,1,15:32:02,18.443,2022,3,tsunoda,18.443,alphatauri
perez,20,1,15:34:33,17.434,2022,3,perez,17.434,red_bull
norris,20,1,15:34:40,17.556,2022,3,norris,17.556,mclaren
ricciardo,21,1,15:36:06,18.150,2022,3,ricciardo,18.15,mclaren
gasly,21,1,15:36:15,18.926,2022,3,gasly,18.926,alphatauri
zhou,21,1,15:36:22,18.380,2022,3,zhou,18.38,alfa
leclerc,22,1,15:37:04,17.973,2022,3,leclerc,17.973,ferrari
hamilton,22,1,15:37:22,17.877,2022,3,hamilton,17.877,mercedes
bottas,22,1,15:37:40,18.413,2022,3,bottas,18.413,alfa
russell,23,1,15:38:51,18.479,2022,3,russell,18.479,mercedes
stroll,23,3,15:39:30,20.402,2022,3,stroll,20.402,aston_martin
latifi,23,2,15:40:00,17.936,2022,3,latifi,17.936,williams
alonso,39,1,16:05:24,18.796,2022,3,alonso,18.796,alpine
kevin_magnussen,39,1,16:05:30,19.111,2022,3,kevinmagnussen,19.111,haas
alonso,53,2,16:25:28,18.394,2022,3,alonso,18.394,alpine
albon,57,1,16:30:33,19.845,2022,3,albon,19.845,williams
ricciardo,2,1,15:07:48,32.362,2022,4,ricciardo,32.362,mclaren
ricciardo,16,2,15:31:14,30.422,2022,4,ricciardo,30.422,mclaren
vettel,17,1,15:32:26,30.484,2022,4,vettel,30.484,aston_martin
gasly,17,1,15:32:38,30.405,2022,4,gasly,30.405,alphatauri
albon,17,1,15:32:41,30.793,2022,4,albon,30.793,williams
perez,18,1,15:33:26,30.366,2022,4,perez,30.366,red_bull
russell,18,1,15:33:46,31.079,2022,4,russell,31.079,mercedes
bottas,18,1,15:33:47,40.957,2022,4,bottas,40.957,alfa
kevin_magnussen,18,1,15:33:56,33.765,2022,4,kevinmagnussen,33.765,haas
tsunoda,18,1,15:34:06,30.372,2022,4,tsunoda,30.372,alphatauri
stroll,18,1,15:34:06,32.667,2022,4,stroll,32.667,aston_martin
hamilton,18,1,15:34:07,32.740,2022,4,hamilton,32.74,mercedes
ocon,18,1,15:34:08,31.409,2022,4,ocon,31.409,alpine
latifi,18,1,15:34:17,31.125,2022,4,latifi,31.125,williams
zhou,18,1,15:34:18,32.203,2022,4,zhou,32.203,alfa
mick_schumacher,18,1,15:34:18,31.320,2022,4,mickschumacher,31.32,haas
max_verstappen,19,1,15:34:49,30.001,2022,4,maxverstappen,30.001,red_bull
leclerc,19,1,15:34:56,31.794,2022,4,leclerc,31.794,ferrari
norris,19,1,15:35:07,30.070,2022,4,norris,30.07,mclaren
ricciardo,30,3,15:51:37,30.155,2022,4,ricciardo,30.155,mclaren
leclerc,49,2,16:16:19,30.042,2022,4,leclerc,30.042,ferrari
perez,50,2,16:17:38,29.627,2022,4,perez,29.627,red_bull
max_verstappen,51,2,16:18:44,29.942,2022,4,maxverstappen,29.942,red_bull
mick_schumacher,52,2,16:22:04,30.984,2022,4,mickschumacher,30.984,haas
leclerc,53,3,16:22:17,36.560,2022,4,leclerc,36.56,ferrari
tsunoda,11,1,15:51:11,18.870,2022,5,tsunoda,18.87,alphatauri
kevin_magnussen,12,1,15:52:43,19.760,2022,5,kevinmagnussen,19.76,haas
mick_schumacher,14,1,15:55:54,20.413,2022,5,mickschumacher,20.413,haas
alonso,15,1,15:57:23,21.638,2022,5,alonso,21.638,alpine
gasly,16,1,15:58:56,19.543,2022,5,gasly,19.543,alphatauri
albon,16,1,15:59:11,20.059,2022,5,albon,20.059,williams
norris,18,1,16:02:13,19.986,2022,5,norris,19.986,mclaren
hamilton,22,1,16:08:23,18.820,2022,5,hamilton,18.82,mercedes
leclerc,24,1,16:11:03,19.697,2022,5,leclerc,19.697,ferrari
max_verstappen,26,1,16:14:04,18.798,2022,5,maxverstappen,18.798,red_bull
bottas,26,1,16:14:35,19.614,2022,5,bottas,19.614,alfa
sainz,27,1,16:15:51,22.063,2022,5,sainz,22.063,ferrari
perez,27,1,16:16:00,18.519,2022,5,perez,18.519,red_bull
ricciardo,30,1,16:21:25,19.484,2022,5,ricciardo,19.484,mclaren
latifi,34,1,16:28:20,19.185,2022,5,latifi,19.185,williams
russell,40,1,16:36:53,19.035,2022,5,russell,19.035,mercedes
stroll,40,1,16:37:28,19.074,2022,5,stroll,19.074,aston_martin
gasly,40,2,16:37:43,19.007,2022,5,gasly,19.007,alphatauri
perez,41,2,16:38:38,18.433,2022,5,perez,18.433,red_bull
ocon,41,1,16:39:21,19.019,2022,5,ocon,19.019,alpine
vettel,41,1,16:39:42,19.861,2022,5,vettel,19.861,aston_martin
ricciardo,41,2,16:39:49,19.280,2022,5,ricciardo,19.28,mclaren
tsunoda,41,2,16:40:43,19.618,2022,5,tsunoda,19.618,alphatauri
kevin_magnussen,42,2,16:41:34,20.673,2022,5,kevinmagnussen,20.673,haas
mick_schumacher,54,2,17:03:43,32.381,2022,5,mickschumacher,32.381,haas
hamilton,1,1,15:05:05,31.054,2022,6,hamilton,31.054,mercedes
kevin_magnussen,1,1,15:05:25,29.632,2022,6,kevinmagnussen,29.632,haas
sainz,10,1,15:18:23,22.341,2022,6,sainz,22.341,ferrari
alonso,10,1,15:18:24,22.375,2022,6,alonso,22.375,alpine
gasly,10,1,15:18:27,22.008,2022,6,gasly,22.008,alphatauri
zhou,10,1,15:18:29,23.109,2022,6,zhou,23.109,alfa
tsunoda,11,1,15:19:52,23.083,2022,6,tsunoda,23.083,alphatauri
ricciardo,11,1,15:19:54,22.124,2022,6,ricciardo,22.124,mclaren
albon,11,1,15:20:05,23.419,2022,6,albon,23.419,williams
norris,12,1,15:21:18,21.916,2022,6,norris,21.916,mclaren
mick_schumacher,12,1,15:21:23,23.582,2022,6,mickschumacher,23.582,haas
latifi,12,1,15:21:38,23.189,2022,6,latifi,23.189,williams
russell,13,1,15:22:29,22.154,2022,6,russell,22.154,mercedes
max_verstappen,13,1,15:22:30,22.173,2022,6,maxverstappen,22.173,red_bull
ocon,13,1,15:22:43,22.137,2022,6,ocon,22.137,alpine
bottas,14,1,15:24:08,22.987,2022,6,bottas,22.987,alfa
stroll,14,1,15:24:34,22.833,2022,6,stroll,22.833,aston_martin
perez,17,1,15:28:29,22.032,2022,6,perez,22.032,red_bull
leclerc,21,1,15:34:08,21.794,2022,6,leclerc,21.794,ferrari
vettel,21,1,15:35:06,22.536,2022,6,vettel,22.536,aston_martin
hamilton,22,2,15:36:50,22.105,2022,6,hamilton,22.105,mercedes
albon,25,2,15:41:42,22.657,2022,6,albon,22.657,williams
latifi,26,2,15:43:09,22.311,2022,6,latifi,22.311,williams
stroll,27,2,15:44:33,23.394,2022,6,stroll,23.394,aston_martin
max_verstappen,28,2,15:44:56,21.966,2022,6,maxverstappen,21.966,red_bull
gasly,29,2,15:47:23,27.947,2022,6,gasly,27.947,alphatauri
kevin_magnussen,29,2,15:47:59,23.878,2022,6,kevinmagnussen,23.878,haas
mick_schumacher,30,2,15:48:45,23.127,2022,6,mickschumacher,23.127,haas
sainz,31,2,15:49:46,21.867,2022,6,sainz,21.867,ferrari
alonso,31,2,15:50:10,21.914,2022,6,alonso,21.914,alpine
ricciardo,31,2,15:50:18,22.399,2022,6,ricciardo,22.399,mclaren
tsunoda,32,2,15:51:35,22.802,2022,6,tsunoda,22.802,alphatauri
norris,33,2,15:52:58,23.341,2022,6,norris,23.341,mclaren
bottas,34,2,15:54:04,22.541,2022,6,bottas,22.541,alfa
ocon,35,2,15:55:53,22.953,2022,6,ocon,22.953,alpine
russell,36,2,15:56:49,22.039,2022,6,russell,22.039,mercedes
perez,37,2,15:58:12,21.619,2022,6,perez,21.619,red_bull
vettel,42,2,16:06:42,22.456,2022,6,vettel,22.456,aston_martin
max_verstappen,44,3,16:08:25,21.941,2022,6,maxverstappen,21.941,red_bull
sainz,45,3,16:10:31,22.302,2022,6,sainz,22.302,ferrari
albon,45,3,16:12:16,23.328,2022,6,albon,23.328,williams
gasly,46,3,16:13:00,21.838,2022,6,gasly,21.838,alphatauri
stroll,46,3,16:13:18,23.812,2022,6,stroll,23.812,aston_martin
hamilton,48,3,16:15:01,22.241,2022,6,hamilton,22.241,mercedes
ricciardo,48,3,16:15:50,22.154,2022,6,ricciardo,22.154,mclaren
russell,51,3,16:19:02,22.815,2022,6,russell,22.815,mercedes
latifi,50,3,16:19:30,22.761,2022,6,latifi,22.761,williams
norris,51,3,16:19:48,22.165,2022,6,norris,22.165,mclaren
ocon,52,3,16:21:10,22.033,2022,6,ocon,22.033,alpine
tsunoda,52,3,16:21:27,22.316,2022,6,tsunoda,22.316,alphatauri
perez,53,3,16:21:47,21.694,2022,6,perez,21.694,red_bull
alonso,53,3,16:22:49,25.407,2022,6,alonso,25.407,alpine
albon,54,4,16:26:07,23.404,2022,6,albon,23.404,williams
stroll,1,1,16:07:59,26.731,2022,7,stroll,26.731,aston_martin
latifi,1,1,16:08:10,36.773,2022,7,latifi,36.773,williams
gasly,2,1,16:10:02,35.486,2022,7,gasly,35.486,alphatauri
stroll,2,2,16:10:09,32.750,2022,7,stroll,32.75,aston_martin
latifi,2,2,16:10:20,36.351,2022,7,latifi,36.351,williams
mick_schumacher,4,1,16:13:36,27.637,2022,7,mickschumacher,27.637,haas
vettel,6,1,16:16:58,24.965,2022,7,vettel,24.965,aston_martin
tsunoda,6,1,16:17:00,25.068,2022,7,tsunoda,25.068,alphatauri
hamilton,15,1,16:31:22,24.796,2022,7,hamilton,24.796,mercedes
perez,16,1,16:32:29,24.409,2022,7,perez,24.409,red_bull
norris,17,1,16:34:17,24.872,2022,7,norris,24.872,mclaren
mick_schumacher,17,2,16:35:15,36.854,2022,7,mickschumacher,36.854,haas
leclerc,18,1,16:35:26,25.710,2022,7,leclerc,25.71,ferrari
max_verstappen,18,1,16:35:33,27.009,2022,7,maxverstappen,27.009,red_bull
albon,18,1,16:36:49,27.231,2022,7,albon,27.231,williams
ricciardo,19,1,16:38:22,26.056,2022,7,ricciardo,26.056,mclaren
zhou,19,1,16:38:23,25.594,2022,7,zhou,25.594,alfa
latifi,19,3,16:38:26,26.910,2022,7,latifi,26.91,williams
bottas,20,1,16:39:34,25.865,2022,7,bottas,25.865,alfa
sainz,21,1,16:40:05,24.666,2022,7,sainz,24.666,ferrari
leclerc,21,2,16:40:08,28.034,2022,7,leclerc,28.034,ferrari
russell,21,1,16:40:29,25.352,2022,7,russell,25.352,mercedes
alonso,21,1,16:40:33,24.526,2022,7,alonso,24.526,alpine
ocon,21,1,16:40:50,24.875,2022,7,ocon,24.875,alpine
tsunoda,21,2,16:41:30,26.021,2022,7,tsunoda,26.021,alphatauri
perez,22,2,16:41:35,24.536,2022,7,perez,24.536,red_bull
max_verstappen,22,2,16:41:38,26.930,2022,7,maxverstappen,26.93,red_bull
norris,22,2,16:41:58,24.760,2022,7,norris,24.76,mclaren
hamilton,22,2,16:42:19,24.507,2022,7,hamilton,24.507,mercedes
gasly,22,2,16:42:42,28.770,2022,7,gasly,28.77,alphatauri
albon,22,2,16:43:36,31.518,2022,7,albon,31.518,williams
vettel,23,2,16:44:09,25.133,2022,7,vettel,25.133,aston_martin
stroll,24,3,16:45:45,25.650,2022,7,stroll,25.65,aston_martin
norris,51,4,17:44:43,24.607,2022,7,norris,24.607,mclaren
tsunoda,56,4,17:52:23,25.266,2022,7,tsunoda,25.266,alphatauri
latifi,3,1,15:09:50,29.395,2022,8,latifi,29.395,williams
leclerc,9,1,15:20:26,23.212,2022,8,leclerc,23.212,ferrari
russell,9,1,15:20:43,20.538,2022,8,russell,20.538,mercedes
gasly,9,1,15:20:49,22.698,2022,8,gasly,22.698,alphatauri
hamilton,9,1,15:20:54,21.470,2022,8,hamilton,21.47,mercedes
vettel,9,1,15:20:55,20.249,2022,8,vettel,20.249,aston_martin
tsunoda,9,1,15:20:57,23.083,2022,8,tsunoda,23.083,alphatauri
zhou,9,1,15:21:08,23.001,2022,8,zhou,23.001,alfa
kevin_magnussen,9,1,15:21:11,21.555,2022,8,kevinmagnussen,21.555,haas
albon,9,1,15:21:16,25.577,2022,8,albon,25.577,williams
mick_schumacher,9,1,15:21:23,26.973,2022,8,mickschumacher,26.973,haas
perez,16,1,15:33:43,23.379,2022,8,perez,23.379,red_bull
latifi,17,2,15:37:03,22.069,2022,8,latifi,22.069,williams
max_verstappen,18,1,15:37:17,21.468,2022,8,maxverstappen,21.468,red_bull
alonso,18,1,15:37:59,20.571,2022,8,alonso,20.571,alpine
norris,20,1,15:41:42,21.443,2022,8,norris,21.443,mclaren
mick_schumacher,23,2,15:47:51,22.231,2022,8,mickschumacher,22.231,haas
albon,29,2,15:58:39,21.540,2022,8,albon,21.54,williams
stroll,30,1,16:00:30,22.059,2022,8,stroll,22.059,aston_martin
max_verstappen,33,2,16:04:40,20.722,2022,8,maxverstappen,20.722,red_bull
perez,33,2,16:04:56,22.349,2022,8,perez,22.349,red_bull
russell,33,2,16:05:19,20.527,2022,8,russell,20.527,mercedes
hamilton,33,2,16:05:49,20.831,2022,8,hamilton,20.831,mercedes
ricciardo,33,1,16:06:02,21.794,2022,8,ricciardo,21.794,mclaren
ocon,33,1,16:06:22,22.638,2022,8,ocon,22.638,alpine
bottas,33,1,16:06:34,20.979,2022,8,bottas,20.979,alfa
tsunoda,38,2,16:15:56,41.500,2022,8,tsunoda,41.5,alphatauri
vettel,5,1,14:10:02,23.406,2022,9,vettel,23.406,aston_martin
gasly,5,1,14:10:04,23.557,2022,9,gasly,23.557,alphatauri
kevin_magnussen,7,1,14:12:33,38.262,2022,9,kevinmagnussen,38.262,haas
max_verstappen,9,1,14:15:15,24.217,2022,9,maxverstappen,24.217,red_bull
hamilton,9,1,14:15:24,23.845,2022,9,hamilton,23.845,mercedes
tsunoda,9,1,14:15:50,23.248,2022,9,tsunoda,23.248,alphatauri
latifi,9,1,14:15:59,24.020,2022,9,latifi,24.02,williams
albon,18,1,14:28:07,23.804,2022,9,albon,23.804,williams
russell,19,1,14:29:03,23.951,2022,9,russell,23.951,mercedes
ocon,19,1,14:29:16,25.684,2022,9,ocon,25.684,alpine
zhou,19,1,14:29:24,24.281,2022,9,zhou,24.281,alfa
ricciardo,19,1,14:29:26,27.937,2022,9,ricciardo,27.937,mclaren
norris,19,1,14:29:34,43.032,2022,9,norris,43.032,mclaren
vettel,19,2,14:29:44,23.681,2022,9,vettel,23.681,aston_martin
sainz,20,1,14:30:33,24.215,2022,9,sainz,24.215,ferrari
alonso,28,1,14:41:26,23.779,2022,9,alonso,23.779,alpine
gasly,36,2,14:52:35,23.613,2022,9,gasly,23.613,alphatauri
latifi,37,2,14:54:22,30.034,2022,9,latifi,30.034,williams
leclerc,41,1,14:58:44,26.199,2022,9,leclerc,26.199,ferrari
max_verstappen,43,2,15:00:29,23.704,2022,9,maxverstappen,23.704,red_bull
norris,42,2,15:00:41,24.134,2022,9,norris,24.134,mclaren
hamilton,44,2,15:02:06,23.841,2022,9,hamilton,23.841,mercedes
russell,45,2,15:03:30,24.069,2022,9,russell,24.069,mercedes
stroll,47,1,15:06:55,25.252,2022,9,stroll,25.252,aston_martin
tsunoda,47,2,15:07:00,23.450,2022,9,tsunoda,23.45,alphatauri
sainz,49,2,15:08:24,24.881,2022,9,sainz,24.881,ferrari
albon,48,2,15:08:45,23.530,2022,9,albon,23.53,williams
ocon,49,2,15:09:34,23.945,2022,9,ocon,23.945,alpine
alonso,49,2,15:09:42,25.139,2022,9,alonso,25.139,alpine
bottas,49,1,15:09:50,26.089,2022,9,bottas,26.089,alfa
zhou,49,2,15:10:04,23.980,2022,9,zhou,23.98,alfa
ricciardo,49,2,15:10:08,24.833,2022,9,ricciardo,24.833,mclaren
perez,5,2,16:04:31,37.302,2022,10,perez,37.302,red_bull
vettel,6,2,16:06:13,29.846,2022,10,vettel,29.846,aston_martin
max_verstappen,12,2,16:15:21,29.395,2022,10,maxverstappen,29.395,red_bull
stroll,15,2,16:20:37,28.632,2022,10,stroll,28.632,aston_martin
gasly,16,2,16:22:13,29.632,2022,10,gasly,29.632,alphatauri
tsunoda,18,2,16:25:31,34.759,2022,10,tsunoda,34.759,alphatauri
latifi,19,2,16:26:52,28.829,2022,10,latifi,28.829,williams
mick_schumacher,19,2,16:26:53,29.147,2022,10,mickschumacher,29.147,haas
sainz,20,2,16:27:47,28.574,2022,10,sainz,28.574,ferrari
ricciardo,20,2,16:28:29,30.262,2022,10,ricciardo,30.262,mclaren
ocon,22,2,16:31:35,30.342,2022,10,ocon,30.342,alpine
kevin_magnussen,22,2,16:31:40,29.473,2022,10,kevinmagnussen,29.473,haas
max_verstappen,23,3,16:33:05,29.296,2022,10,maxverstappen,29.296,red_bull
leclerc,25,2,16:35:33,28.805,2022,10,leclerc,28.805,ferrari
ricciardo,32,3,16:47:52,30.599,2022,10,ricciardo,30.599,mclaren
hamilton,33,2,16:47:54,29.837,2022,10,hamilton,29.837,mercedes
alonso,33,2,16:48:31,28.733,2022,10,alonso,28.733,alpine
norris,34,2,16:50:02,28.947,2022,10,norris,28.947,mclaren
sainz,39,3,16:57:33,28.435,2022,10,sainz,28.435,ferrari
hamilton,39,3,16:57:35,28.996,2022,10,hamilton,28.996,mercedes
ricciardo,38,4,16:57:44,29.345,2022,10,ricciardo,29.345,mclaren
perez,39,3,16:58:08,28.155,2022,10,perez,28.155,red_bull
tsunoda,38,3,16:58:09,29.448,2022,10,tsunoda,29.448,alphatauri
alonso,39,3,16:58:32,28.841,2022,10,alonso,28.841,alpine
vettel,39,3,16:59:03,28.540,2022,10,vettel,28.54,aston_martin
max_verstappen,39,4,16:59:10,28.709,2022,10,maxverstappen,28.709,red_bull
mick_schumacher,39,3,16:59:12,30.832,2022,10,mickschumacher,30.832,haas
latifi,39,3,16:59:24,28.438,2022,10,latifi,28.438,williams
norris,40,3,17:00:36,28.659,2022,10,norris,28.659,mclaren
stroll,40,3,17:01:33,29.780,2022,10,stroll,29.78,aston_martin
perez,1,1,15:05:03,23.681,2022,11,perez,23.681,red_bull
bottas,6,1,15:10:38,24.677,2022,11,bottas,24.677,alfa
russell,11,1,15:16:24,38.201,2022,11,russell,38.201,mercedes
albon,11,1,15:16:33,22.301,2022,11,albon,22.301,williams
ricciardo,12,1,15:17:44,21.356,2022,11,ricciardo,21.356,mclaren
gasly,12,1,15:17:45,22.724,2022,11,gasly,22.724,alphatauri
latifi,12,1,15:17:50,21.722,2022,11,latifi,21.722,williams
max_verstappen,13,1,15:18:34,22.022,2022,11,maxverstappen,22.022,red_bull
norris,14,1,15:20:05,22.684,2022,11,norris,22.684,mclaren
kevin_magnussen,15,1,15:21:15,22.205,2022,11,kevinmagnussen,22.205,haas
ocon,16,1,15:22:24,21.755,2022,11,ocon,21.755,alpine
mick_schumacher,16,1,15:22:28,22.120,2022,11,mickschumacher,22.12,haas
vettel,20,1,15:27:30,22.112,2022,11,vettel,22.112,aston_martin
zhou,24,1,15:32:20,22.704,2022,11,zhou,22.704,alfa
leclerc,26,1,15:33:54,21.532,2022,11,leclerc,21.532,ferrari
tsunoda,26,1,15:34:42,21.749,2022,11,tsunoda,21.749,alphatauri
sainz,27,1,15:35:10,21.212,2022,11,sainz,21.212,ferrari
alonso,27,1,15:35:56,21.552,2022,11,alonso,21.552,alpine
hamilton,28,1,15:36:38,23.026,2022,11,hamilton,23.026,mercedes
stroll,29,1,15:38:12,21.431,2022,11,stroll,21.431,aston_martin
latifi,35,2,15:45:51,21.206,2022,11,latifi,21.206,williams
max_verstappen,36,2,15:45:57,21.444,2022,11,maxverstappen,21.444,red_bull
bottas,39,2,15:50:27,22.278,2022,11,bottas,22.278,alfa
russell,40,2,15:51:25,21.731,2022,11,russell,21.731,mercedes
gasly,40,2,15:51:40,27.610,2022,11,gasly,27.61,alphatauri
kevin_magnussen,41,2,15:52:37,22.088,2022,11,kevinmagnussen,22.088,haas
albon,41,2,15:52:47,22.122,2022,11,albon,22.122,williams
mick_schumacher,43,2,15:54:56,22.880,2022,11,mickschumacher,22.88,haas
norris,43,2,15:55:00,27.324,2022,11,norris,27.324,mclaren
ocon,44,2,15:56:05,22.109,2022,11,ocon,22.109,alpine
ricciardo,44,2,15:56:18,21.889,2022,11,ricciardo,21.889,mclaren
vettel,44,2,15:56:41,21.583,2022,11,vettel,21.583,aston_martin
zhou,46,2,15:58:57,28.860,2022,11,zhou,28.86,alfa
tsunoda,46,2,15:58:59,21.519,2022,11,tsunoda,21.519,alphatauri
leclerc,49,2,16:01:09,21.319,2022,11,leclerc,21.319,ferrari
stroll,48,2,16:01:18,21.952,2022,11,stroll,21.952,aston_martin
sainz,50,2,16:02:23,21.492,2022,11,sainz,21.492,ferrari
hamilton,51,2,16:04:01,22.697,2022,11,hamilton,22.697,mercedes
alonso,57,2,16:11:50,21.827,2022,11,alonso,21.827,alpine
leclerc,58,3,16:12:03,21.650,2022,11,leclerc,21.65,ferrari
max_verstappen,58,3,16:12:09,21.319,2022,11,maxverstappen,21.319,red_bull
alonso,58,3,16:13:43,24.252,2022,11,alonso,24.252,alpine
kevin_magnussen,8,1,15:17:07,36.779,2022,12,kevinmagnussen,36.779,haas
mick_schumacher,9,1,15:18:50,36.704,2022,12,mickschumacher,36.704,haas
zhou,9,1,15:18:55,36.444,2022,12,zhou,36.444,alfa
tsunoda,11,1,15:22:23,37.648,2022,12,tsunoda,37.648,alphatauri
max_verstappen,16,1,15:29:58,35.266,2022,12,maxverstappen,35.266,red_bull
hamilton,18,1,15:33:29,37.189,2022,12,hamilton,37.189,mercedes
perez,18,1,15:33:34,38.061,2022,12,perez,38.061,red_bull
russell,18,1,15:33:35,38.277,2022,12,russell,38.277,mercedes
alonso,18,1,15:33:47,36.524,2022,12,alonso,36.524,alpine
norris,18,1,15:33:55,37.539,2022,12,norris,37.539,mclaren
ocon,18,1,15:34:00,44.747,2022,12,ocon,44.747,alpine
sainz,18,1,15:34:02,41.458,2022,12,sainz,41.458,ferrari
ricciardo,18,1,15:34:05,36.264,2022,12,ricciardo,36.264,mclaren
stroll,18,1,15:34:07,39.844,2022,12,stroll,39.844,aston_martin
albon,18,1,15:34:13,37.380,2022,12,albon,37.38,williams
gasly,18,1,15:34:17,35.969,2022,12,gasly,35.969,alphatauri
bottas,18,1,15:34:25,37.855,2022,12,bottas,37.855,alfa
kevin_magnussen,18,2,15:34:37,36.403,2022,12,kevinmagnussen,36.403,haas
mick_schumacher,18,2,15:34:48,37.003,2022,12,mickschumacher,37.003,haas
vettel,19,1,15:36:34,36.671,2022,12,vettel,36.671,aston_martin
latifi,19,1,15:36:38,37.497,2022,12,latifi,37.497,williams
zhou,22,2,15:42:44,50.790,2022,12,zhou,50.79,alfa
bottas,36,2,16:05:53,36.520,2022,12,bottas,36.52,alfa
latifi,38,2,16:09:37,36.942,2022,12,latifi,36.942,williams
sainz,42,2,16:15:12,42.292,2022,12,sainz,42.292,ferrari
albon,2,1,15:06:40,31.224,2022,13,albon,31.224,williams
kevin_magnussen,6,1,15:12:24,29.641,2022,13,kevinmagnussen,29.641,haas
tsunoda,13,1,15:22:33,21.577,2022,13,tsunoda,21.577,alphatauri
norris,14,1,15:23:43,23.567,2022,13,norris,23.567,mclaren
stroll,14,1,15:23:56,21.779,2022,13,stroll,21.779,aston_martin
ricciardo,15,1,15:25:20,21.558,2022,13,ricciardo,21.558,mclaren
vettel,15,1,15:25:23,21.402,2022,13,vettel,21.402,aston_martin
russell,16,1,15:26:14,22.763,2022,13,russell,22.763,mercedes
max_verstappen,16,1,15:26:25,21.351,2022,13,maxverstappen,21.351,red_bull
gasly,16,1,15:26:55,21.675,2022,13,gasly,21.675,alphatauri
sainz,17,1,15:27:39,22.820,2022,13,sainz,22.82,ferrari
perez,18,1,15:29:20,21.118,2022,13,perez,21.118,red_bull
latifi,18,1,15:29:51,21.865,2022,13,latifi,21.865,williams
hamilton,19,1,15:30:39,21.699,2022,13,hamilton,21.699,mercedes
leclerc,21,1,15:33:16,21.775,2022,13,leclerc,21.775,ferrari
alonso,21,1,15:33:45,22.083,2022,13,alonso,22.083,alpine
mick_schumacher,21,1,15:33:58,22.953,2022,13,mickschumacher,22.953,haas
albon,21,2,15:34:22,21.816,2022,13,albon,21.816,williams
ocon,23,1,15:36:35,23.581,2022,13,ocon,23.581,alpine
bottas,26,1,15:41:08,22.272,2022,13,bottas,22.272,alfa
zhou,27,1,15:42:36,22.321,2022,13,zhou,22.321,alfa
tsunoda,33,2,15:51:30,22.016,2022,13,tsunoda,22.016,alphatauri
kevin_magnussen,35,2,15:54:34,23.210,2022,13,kevinmagnussen,23.21,haas
max_verstappen,38,2,15:57:25,21.228,2022,13,maxverstappen,21.228,red_bull
leclerc,39,2,15:58:41,21.972,2022,13,leclerc,21.972,ferrari
russell,39,2,15:58:47,21.743,2022,13,russell,21.743,mercedes
latifi,39,2,16:00:11,22.452,2022,13,latifi,22.452,williams
albon,40,3,16:01:49,24.298,2022,13,albon,24.298,williams
mick_schumacher,41,2,16:03:01,22.566,2022,13,mickschumacher,22.566,haas
perez,42,2,16:03:23,21.167,2022,13,perez,21.167,red_bull
norris,42,2,16:03:39,21.855,2022,13,norris,21.855,mclaren
ricciardo,46,2,16:09:35,21.521,2022,13,ricciardo,21.521,mclaren
stroll,46,2,16:09:36,21.615,2022,13,stroll,21.615,aston_martin
vettel,46,2,16:09:42,25.030,2022,13,vettel,25.03,aston_martin
gasly,46,2,16:09:48,21.489,2022,13,gasly,21.489,alphatauri
sainz,47,2,16:10:02,23.456,2022,13,sainz,23.456,ferrari
hamilton,51,2,16:15:42,22.095,2022,13,hamilton,22.095,mercedes
zhou,51,2,16:17:20,28.218,2022,13,zhou,28.218,alfa
tsunoda,51,3,16:17:46,22.128,2022,13,tsunoda,22.128,alphatauri
leclerc,54,3,16:20:03,21.544,2022,13,leclerc,21.544,ferrari
latifi,56,3,16:24:42,28.777,2022,13,latifi,28.777,williams
kevin_magnussen,67,3,16:40:35,23.147,2022,13,kevinmagnussen,23.147,haas
leclerc,3,1,15:11:12,24.198,2022,14,leclerc,24.198,ferrari
latifi,3,1,15:11:25,35.825,2022,14,latifi,35.825,williams
albon,10,1,15:25:41,23.334,2022,14,albon,23.334,williams
gasly,10,1,15:25:49,22.857,2022,14,gasly,22.857,alphatauri
sainz,11,1,15:27:20,22.543,2022,14,sainz,22.543,ferrari
alonso,11,1,15:27:31,22.641,2022,14,alonso,22.641,alpine
kevin_magnussen,11,1,15:27:45,26.815,2022,14,kevinmagnussen,26.815,haas
ricciardo,12,1,15:29:33,23.085,2022,14,ricciardo,23.085,mclaren
ocon,12,1,15:29:35,23.511,2022,14,ocon,23.511,alpine
russell,13,1,15:31:15,22.825,2022,14,russell,22.825,mercedes
norris,13,1,15:31:34,23.036,2022,14,norris,23.036,mclaren
perez,14,1,15:33:07,22.349,2022,14,perez,22.349,red_bull
vettel,14,1,15:33:20,23.222,2022,14,vettel,23.222,aston_martin
zhou,14,1,15:33:31,23.744,2022,14,zhou,23.744,alfa
mick_schumacher,14,1,15:33:42,24.158,2022,14,mickschumacher,24.158,haas
max_verstappen,15,1,15:34:57,22.882,2022,14,maxverstappen,22.882,red_bull
stroll,15,1,15:35:24,23.555,2022,14,stroll,23.555,aston_martin
latifi,15,2,15:35:37,24.168,2022,14,latifi,24.168,williams
tsunoda,18,1,15:41:15,30.055,2022,14,tsunoda,30.055,alphatauri
gasly,22,2,15:49:05,22.542,2022,14,gasly,22.542,alphatauri
sainz,25,2,15:54:09,22.750,2022,14,sainz,22.75,ferrari
leclerc,25,2,15:54:29,23.189,2022,14,leclerc,23.189,ferrari
alonso,25,2,15:54:38,23.954,2022,14,alonso,23.954,alpine
albon,26,2,15:56:46,24.415,2022,14,albon,24.415,williams
stroll,26,2,15:56:48,23.349,2022,14,stroll,23.349,aston_martin
perez,27,2,15:57:52,22.650,2022,14,perez,22.65,red_bull
kevin_magnussen,27,2,15:58:52,23.396,2022,14,kevinmagnussen,23.396,haas
zhou,28,2,16:00:41,23.364,2022,14,zhou,23.364,alfa
russell,29,2,16:01:48,22.977,2022,14,russell,22.977,mercedes
norris,29,2,16:02:33,23.560,2022,14,norris,23.56,mclaren
max_verstappen,30,2,16:03:17,22.322,2022,14,maxverstappen,22.322,red_bull
tsunoda,30,2,16:04:30,24.253,2022,14,tsunoda,24.253,alphatauri
mick_schumacher,30,2,16:04:45,24.982,2022,14,mickschumacher,24.982,haas
ocon,32,2,16:08:04,23.491,2022,14,ocon,23.491,alpine
ricciardo,32,2,16:08:17,23.146,2022,14,ricciardo,23.146,mclaren
vettel,33,2,16:09:55,22.833,2022,14,vettel,22.833,aston_martin
latifi,34,3,16:12:36,23.414,2022,14,latifi,23.414,williams
leclerc,42,3,16:26:44,23.334,2022,14,leclerc,23.334,ferrari
vettel,9,1,15:14:56,22.391,2022,15,vettel,22.391,aston_martin
gasly,11,1,15:17:31,18.789,2022,15,gasly,18.789,alphatauri
ricciardo,11,1,15:17:33,19.546,2022,15,ricciardo,19.546,mclaren
alonso,12,1,15:18:45,19.578,2022,15,alonso,19.578,alpine
zhou,12,1,15:18:49,19.548,2022,15,zhou,19.548,alfa
mick_schumacher,13,1,15:20:02,26.813,2022,15,mickschumacher,26.813,haas
tsunoda,13,1,15:20:05,18.774,2022,15,tsunoda,18.774,alphatauri
latifi,13,1,15:20:19,20.284,2022,15,latifi,20.284,williams
sainz,14,1,15:21:02,29.705,2022,15,sainz,29.705,ferrari
perez,14,1,15:21:05,18.835,2022,15,perez,18.835,red_bull
kevin_magnussen,14,1,15:21:35,20.785,2022,15,kevinmagnussen,20.785,haas
stroll,16,1,15:23:49,20.205,2022,15,stroll,20.205,aston_martin
bottas,16,1,15:24:05,19.741,2022,15,bottas,19.741,alfa
leclerc,17,1,15:24:47,19.080,2022,15,leclerc,19.08,ferrari
norris,17,1,15:25:04,19.303,2022,15,norris,19.303,mclaren
max_verstappen,18,1,15:25:58,19.634,2022,15,maxverstappen,19.634,red_bull
ocon,18,1,15:26:30,19.455,2022,15,ocon,19.455,alpine
albon,21,1,15:30:35,19.325,2022,15,albon,19.325,williams
latifi,26,2,15:37:39,20.733,2022,15,latifi,20.733,williams
ricciardo,27,2,15:38:47,19.567,2022,15,ricciardo,19.567,mclaren
hamilton,29,1,15:40:15,19.046,2022,15,hamilton,19.046,mercedes
russell,31,1,15:42:53,19.359,2022,15,russell,19.359,mercedes
gasly,32,2,15:45:03,18.700,2022,15,gasly,18.7,alphatauri
mick_schumacher,33,2,15:46:28,21.814,2022,15,mickschumacher,21.814,haas
bottas,34,2,15:47:42,21.049,2022,15,bottas,21.049,alfa
kevin_magnussen,34,2,15:47:53,23.710,2022,15,kevinmagnussen,23.71,haas
vettel,35,2,15:49:07,19.156,2022,15,vettel,19.156,aston_martin
zhou,37,2,15:51:33,25.433,2022,15,zhou,25.433,alfa
stroll,38,2,15:52:27,20.214,2022,15,stroll,20.214,aston_martin
perez,40,2,15:54:40,18.738,2022,15,perez,18.738,red_bull
tsunoda,42,2,15:57:54,19.293,2022,15,tsunoda,19.293,alphatauri
albon,42,2,15:58:02,19.911,2022,15,albon,19.911,williams
sainz,43,2,15:58:43,19.493,2022,15,sainz,19.493,ferrari
leclerc,45,2,16:00:48,19.084,2022,15,leclerc,19.084,ferrari
tsunoda,43,3,16:01:22,52.684,2022,15,tsunoda,52.684,alphatauri
norris,47,2,16:04:07,21.117,2022,15,norris,21.117,mclaren
alonso,47,2,16:04:12,21.501,2022,15,alonso,21.501,alpine
max_verstappen,48,2,16:04:44,19.610,2022,15,maxverstappen,19.61,red_bull
hamilton,48,2,16:05:02,19.164,2022,15,hamilton,19.164,mercedes
russell,48,2,16:05:08,20.742,2022,15,russell,20.742,mercedes
mick_schumacher,47,3,16:05:28,20.283,2022,15,mickschumacher,20.283,haas
kevin_magnussen,47,3,16:05:32,23.663,2022,15,kevinmagnussen,23.663,haas
ricciardo,47,3,16:05:38,19.718,2022,15,ricciardo,19.718,mclaren
vettel,48,3,16:07:10,18.709,2022,15,vettel,18.709,aston_martin
latifi,54,3,16:15:44,20.051,2022,15,latifi,20.051,williams
max_verstappen,56,3,16:15:47,19.655,2022,15,maxverstappen,19.655,red_bull
albon,55,3,16:16:14,20.508,2022,15,albon,20.508,williams
leclerc,56,3,16:16:24,19.576,2022,15,leclerc,19.576,ferrari
perez,56,3,16:16:29,19.250,2022,15,perez,19.25,red_bull
zhou,55,3,16:16:34,20.188,2022,15,zhou,20.188,alfa
ricciardo,55,4,16:16:52,20.295,2022,15,ricciardo,20.295,mclaren
ocon,56,2,16:17:06,21.602,2022,15,ocon,21.602,alpine
stroll,56,3,16:17:12,19.141,2022,15,stroll,19.141,aston_martin
gasly,56,3,16:17:37,18.572,2022,15,gasly,18.572,alphatauri
hamilton,57,3,16:18:18,14.155,2022,15,hamilton,14.155,mercedes
latifi,55,4,16:18:20,14.459,2022,15,latifi,14.459,williams
russell,57,3,16:18:21,21.363,2022,15,russell,21.363,mercedes
max_verstappen,57,4,16:18:22,14.113,2022,15,maxverstappen,14.113,red_bull
albon,56,4,16:18:24,14.114,2022,15,albon,14.114,williams
mick_schumacher,56,4,16:18:26,14.144,2022,15,mickschumacher,14.144,haas
vettel,56,4,16:18:30,14.349,2022,15,vettel,14.349,aston_martin
leclerc,57,4,16:18:32,14.008,2022,15,leclerc,14.008,ferrari
kevin_magnussen,56,4,16:18:34,14.175,2022,15,kevinmagnussen,14.175,haas
perez,57,4,16:18:36,14.113,2022,15,perez,14.113,red_bull
zhou,56,4,16:18:40,14.128,2022,15,zhou,14.128,alfa
sainz,57,3,16:18:46,21.164,2022,15,sainz,21.164,ferrari
norris,57,3,16:18:50,21.264,2022,15,norris,21.264,mclaren
alonso,57,3,16:18:53,15.762,2022,15,alonso,15.762,alpine
ricciardo,56,5,16:19:00,14.493,2022,15,ricciardo,14.493,mclaren
ocon,57,3,16:19:10,14.041,2022,15,ocon,14.041,alpine
stroll,57,4,16:19:11,14.118,2022,15,stroll,14.118,aston_martin
gasly,57,4,16:19:20,13.973,2022,15,gasly,13.973,alphatauri
perez,7,1,15:13:53,23.698,2022,16,perez,23.698,red_bull
leclerc,12,1,15:21:01,23.531,2022,16,leclerc,23.531,ferrari
latifi,15,1,15:26:02,26.782,2022,16,latifi,26.782,williams
gasly,18,1,15:30:13,25.376,2022,16,gasly,25.376,alphatauri
zhou,18,1,15:30:16,25.366,2022,16,zhou,25.366,alfa
stroll,18,1,15:30:22,24.254,2022,16,stroll,24.254,aston_martin
ricciardo,19,1,15:31:40,25.164,2022,16,ricciardo,25.164,mclaren
de_vries,19,1,15:31:43,24.628,2022,16,devries,24.628,williams
ocon,19,1,15:31:50,24.336,2022,16,ocon,24.336,alpine
tsunoda,19,1,15:31:51,24.009,2022,16,tsunoda,24.009,alphatauri
russell,23,1,15:37:02,25.075,2022,16,russell,25.075,mercedes
kevin_magnussen,24,1,15:39:20,30.164,2022,16,kevinmagnussen,30.164,haas
max_verstappen,25,1,15:39:43,23.791,2022,16,maxverstappen,23.791,red_bull
sainz,30,1,15:47:28,23.728,2022,16,sainz,23.728,ferrari
leclerc,33,2,15:51:22,23.904,2022,16,leclerc,23.904,ferrari
hamilton,33,1,15:52:05,24.282,2022,16,hamilton,24.282,mercedes
mick_schumacher,33,1,15:52:21,24.817,2022,16,mickschumacher,24.817,haas
norris,35,1,15:54:54,26.714,2022,16,norris,26.714,mclaren
bottas,35,1,15:55:18,24.758,2022,16,bottas,24.758,alfa
perez,42,2,16:05:01,23.299,2022,16,perez,23.299,red_bull
russell,47,2,16:11:50,24.114,2022,16,russell,24.114,mercedes
kevin_magnussen,46,2,16:12:00,24.846,2022,16,kevinmagnussen,24.846,haas
sainz,47,2,16:12:01,24.525,2022,16,sainz,24.525,ferrari
norris,47,2,16:12:41,24.784,2022,16,norris,24.784,mclaren
max_verstappen,48,2,16:13:04,24.091,2022,16,maxverstappen,24.091,red_bull
tsunoda,47,2,16:13:25,23.904,2022,16,tsunoda,23.904,alphatauri
leclerc,48,3,16:13:27,23.719,2022,16,leclerc,23.719,ferrari
latifi,47,2,16:13:35,24.263,2022,16,latifi,24.263,williams
kevin_magnussen,7,1,21:23:45,39.247,2022,17,kevinmagnussen,39.247,haas
russell,21,1,21:54:16,30.378,2022,17,russell,30.378,mercedes
gasly,33,1,22:19:45,29.867,2022,17,gasly,29.867,alphatauri
tsunoda,33,1,22:20:11,31.293,2022,17,tsunoda,31.293,alphatauri
bottas,33,1,22:20:13,32.167,2022,17,bottas,32.167,alfa
kevin_magnussen,33,2,22:20:17,32.603,2022,17,kevinmagnussen,32.603,haas
leclerc,34,1,22:20:56,32.058,2022,17,leclerc,32.058,ferrari
hamilton,34,1,22:21:36,41.019,2022,17,hamilton,41.019,mercedes
vettel,34,1,22:21:44,29.704,2022,17,vettel,29.704,aston_martin
mick_schumacher,34,1,22:22:03,31.201,2022,17,mickschumacher,31.201,haas
perez,35,1,22:22:51,29.550,2022,17,perez,29.55,red_bull
sainz,35,1,22:23:17,30.603,2022,17,sainz,30.603,ferrari
max_verstappen,35,1,22:23:33,29.407,2022,17,maxverstappen,29.407,red_bull
stroll,35,1,22:23:50,29.863,2022,17,stroll,29.863,aston_martin
russell,35,2,22:25:08,29.713,2022,17,russell,29.713,mercedes
norris,36,1,22:25:51,30.528,2022,17,norris,30.528,mclaren
ricciardo,36,1,22:26:23,30.946,2022,17,ricciardo,30.946,mclaren
max_verstappen,40,2,22:36:35,29.775,2022,17,maxverstappen,29.775,red_bull
mick_schumacher,41,2,22:39:34,34.722,2022,17,mickschumacher,34.722,haas
russell,41,3,22:39:46,33.211,2022,17,russell,33.211,mercedes
russell,51,4,22:59:32,29.893,2022,17,russell,29.893,mercedes
gasly,1,1,14:06:24,41.319,2022,18,gasly,41.319,alphatauri
latifi,5,2,16:23:57,24.785,2022,18,latifi,24.785,williams
vettel,5,2,16:23:58,24.218,2022,18,vettel,24.218,aston_martin
norris,6,2,16:25:53,24.595,2022,18,norris,24.595,mclaren
bottas,6,2,16:25:56,24.869,2022,18,bottas,24.869,alfa
max_verstappen,7,2,16:27:26,24.308,2022,18,maxverstappen,24.308,red_bull
leclerc,7,2,16:27:27,25.899,2022,18,leclerc,25.899,ferrari
perez,7,2,16:27:32,25.322,2022,18,perez,25.322,red_bull
ocon,7,2,16:27:34,25.172,2022,18,ocon,25.172,alpine
hamilton,7,2,16:27:36,25.059,2022,18,hamilton,25.059,mercedes
russell,7,2,16:27:40,28.728,2022,18,russell,28.728,mercedes
tsunoda,7,2,16:27:44,24.439,2022,18,tsunoda,24.439,alphatauri
kevin_magnussen,7,2,16:27:47,25.594,2022,18,kevinmagnussen,25.594,haas
stroll,7,2,16:27:48,24.005,2022,18,stroll,24.005,aston_martin
gasly,7,3,16:27:52,24.966,2022,18,gasly,24.966,alphatauri
alonso,8,2,16:29:28,24.106,2022,18,alonso,24.106,alpine
ricciardo,8,2,16:29:36,25.377,2022,18,ricciardo,25.377,mclaren
zhou,9,2,16:31:37,24.563,2022,18,zhou,24.563,alfa
mick_schumacher,11,2,16:35:25,24.608,2022,18,mickschumacher,24.608,haas
zhou,18,3,16:48:24,24.266,2022,18,zhou,24.266,alfa
stroll,19,3,16:50:04,23.870,2022,18,stroll,23.87,aston_martin
gasly,19,4,16:50:13,23.966,2022,18,gasly,23.966,alphatauri
tsunoda,20,3,16:51:53,23.756,2022,18,tsunoda,23.756,alphatauri
alonso,22,3,16:55:11,24.123,2022,18,alonso,24.123,alpine
latifi,5,1,14:12:42,25.321,2022,19,latifi,25.321,williams
albon,9,1,14:19:29,24.624,2022,19,albon,24.624,williams
zhou,9,1,14:19:31,27.326,2022,19,zhou,27.326,alfa
bottas,10,1,14:21:08,25.013,2022,19,bottas,25.013,alfa
tsunoda,10,1,14:21:14,23.688,2022,19,tsunoda,23.688,alphatauri
ricciardo,10,1,14:21:17,26.206,2022,19,ricciardo,26.206,mclaren
gasly,11,1,14:22:51,23.670,2022,19,gasly,23.67,alphatauri
hamilton,12,1,14:24:13,24.362,2022,19,hamilton,24.362,mercedes
max_verstappen,13,1,14:25:50,23.866,2022,19,maxverstappen,23.866,red_bull
russell,13,1,14:26:03,30.038,2022,19,russell,30.038,mercedes
perez,14,1,14:27:47,23.403,2022,19,perez,23.403,red_bull
norris,14,1,14:28:05,24.026,2022,19,norris,24.026,mclaren
stroll,15,1,14:29:39,25.417,2022,19,stroll,25.417,aston_martin
leclerc,18,1,14:34:58,24.314,2022,19,leclerc,24.314,ferrari
vettel,18,1,14:35:06,24.307,2022,19,vettel,24.307,aston_martin
alonso,18,1,14:35:26,23.870,2022,19,alonso,23.87,alpine
ocon,18,1,14:35:37,24.816,2022,19,ocon,24.816,alpine
mick_schumacher,18,1,14:35:37,25.209,2022,19,mickschumacher,25.209,haas
kevin_magnussen,18,1,14:35:42,29.039,2022,19,kevinmagnussen,29.039,haas
albon,18,2,14:35:50,24.311,2022,19,albon,24.311,williams
latifi,18,2,14:36:12,24.195,2022,19,latifi,24.195,williams
alonso,22,2,14:45:23,39.707,2022,19,alonso,39.707,alpine
zhou,23,2,14:48:10,25.015,2022,19,zhou,25.015,alfa
gasly,32,2,15:05:32,28.918,2022,19,gasly,28.918,alphatauri
tsunoda,33,2,15:07:16,23.241,2022,19,tsunoda,23.241,alphatauri
mick_schumacher,33,2,15:07:18,24.651,2022,19,mickschumacher,24.651,haas
hamilton,34,2,15:08:39,24.135,2022,19,hamilton,24.135,mercedes
norris,34,2,15:08:59,23.702,2022,19,norris,23.702,mclaren
max_verstappen,35,2,15:10:18,32.254,2022,19,maxverstappen,32.254,red_bull
leclerc,35,2,15:10:26,23.755,2022,19,leclerc,23.755,ferrari
ricciardo,35,2,15:10:56,24.436,2022,19,ricciardo,24.436,mclaren
russell,36,2,15:12:10,24.509,2022,19,russell,24.509,mercedes
perez,38,2,15:15:33,24.801,2022,19,perez,24.801,red_bull
vettel,41,2,15:20:46,38.157,2022,19,vettel,38.157,aston_martin
ocon,45,2,15:28:05,24.711,2022,19,ocon,24.711,alpine
russell,54,3,15:42:52,23.947,2022,19,russell,23.947,mercedes
stroll,17,1,14:27:31,23.509,2022,20,stroll,23.509,aston_martin
perez,23,1,14:35:10,24.892,2022,20,perez,24.892,red_bull
latifi,23,1,14:36:14,23.826,2022,20,latifi,23.826,williams
mick_schumacher,24,1,14:37:37,23.679,2022,20,mickschumacher,23.679,haas
max_verstappen,25,1,14:37:51,22.487,2022,20,maxverstappen,22.487,red_bull
leclerc,28,1,14:42:33,22.193,2022,20,leclerc,22.193,ferrari
hamilton,29,1,14:43:26,23.194,2022,20,hamilton,23.194,mercedes
sainz,29,1,14:43:52,23.469,2022,20,sainz,23.469,ferrari
tsunoda,29,1,14:44:16,22.468,2022,20,tsunoda,22.468,alphatauri
norris,31,1,14:47:02,22.585,2022,20,norris,22.585,mclaren
ocon,33,1,14:49:47,22.343,2022,20,ocon,22.343,alpine
russell,34,1,14:50:27,22.795,2022,20,russell,22.795,mercedes
vettel,38,1,14:57:10,22.534,2022,20,vettel,22.534,aston_martin
albon,38,1,14:57:16,23.182,2022,20,albon,23.182,williams
kevin_magnussen,38,1,14:57:34,23.722,2022,20,kevinmagnussen,23.722,haas
bottas,39,1,14:58:09,23.863,2022,20,bottas,23.863,alfa
alonso,40,1,14:59:30,23.159,2022,20,alonso,23.159,alpine
gasly,40,1,15:00:02,29.168,2022,20,gasly,29.168,alphatauri
stroll,40,2,15:00:20,23.119,2022,20,stroll,23.119,aston_martin
ricciardo,44,1,15:05:25,22.280,2022,20,ricciardo,22.28,mclaren
zhou,45,1,15:07:02,24.218,2022,20,zhou,24.218,alfa
latifi,52,2,15:17:55,24.039,2022,20,latifi,24.039,williams
russell,69,2,15:39:22,23.118,2022,20,russell,23.118,mercedes
albon,4,1,15:10:31,24.361,2022,21,albon,24.361,williams
max_verstappen,7,1,15:15:34,30.942,2022,21,maxverstappen,30.942,red_bull
leclerc,7,1,15:15:42,30.080,2022,21,leclerc,30.08,ferrari
alonso,14,1,15:24:40,23.478,2022,21,alonso,23.478,alpine
zhou,16,1,15:27:16,24.332,2022,21,zhou,24.332,alfa
sainz,17,1,15:28:17,25.206,2022,21,sainz,25.206,ferrari
gasly,19,1,15:31:04,23.460,2022,21,gasly,23.46,alphatauri
tsunoda,20,1,15:32:36,23.287,2022,21,tsunoda,23.287,alphatauri
latifi,20,1,15:32:40,28.807,2022,21,latifi,28.807,williams
leclerc,21,2,15:34:01,23.172,2022,21,leclerc,23.172,ferrari
perez,23,1,15:35:54,22.869,2022,21,perez,22.869,red_bull
max_verstappen,23,2,15:36:31,31.682,2022,21,maxverstappen,31.682,red_bull
russell,24,1,15:37:06,23.521,2022,21,russell,23.521,mercedes
norris,24,1,15:37:31,29.338,2022,21,norris,29.338,mclaren
bottas,24,1,15:37:32,23.908,2022,21,bottas,23.908,alfa
ocon,24,1,15:37:35,23.868,2022,21,ocon,23.868,alpine
mick_schumacher,24,1,15:37:40,24.487,2022,21,mickschumacher,24.487,haas
albon,25,2,15:39:08,23.352,2022,21,albon,23.352,williams
vettel,26,1,15:40:04,24.248,2022,21,vettel,24.248,aston_martin
hamilton,29,1,15:43:41,24.081,2022,21,hamilton,24.081,mercedes
stroll,29,1,15:44:14,23.469,2022,21,stroll,23.469,aston_martin
latifi,32,2,15:48:45,24.292,2022,21,latifi,24.292,williams
alonso,35,2,15:51:56,28.855,2022,21,alonso,28.855,alpine
gasly,35,2,15:52:05,23.328,2022,21,gasly,23.328,alphatauri
sainz,36,2,15:52:50,23.483,2022,21,sainz,23.483,ferrari
zhou,37,2,15:54:45,25.111,2022,21,zhou,25.111,alfa
tsunoda,40,2,15:58:47,23.645,2022,21,tsunoda,23.645,alphatauri
leclerc,44,3,16:03:38,23.124,2022,21,leclerc,23.124,ferrari
bottas,45,2,16:04:45,24.616,2022,21,bottas,24.616,alfa
vettel,45,2,16:04:49,24.028,2022,21,vettel,24.028,aston_martin
norris,45,2,16:04:59,24.669,2022,21,norris,24.669,mclaren
mick_schumacher,46,2,16:06:22,25.156,2022,21,mickschumacher,25.156,haas
perez,47,2,16:06:49,23.152,2022,21,perez,23.152,red_bull
ocon,47,2,16:07:25,24.445,2022,21,ocon,24.445,alpine
albon,47,3,16:07:54,23.322,2022,21,albon,23.322,williams
hamilton,48,2,16:08:02,23.415,2022,21,hamilton,23.415,mercedes
max_verstappen,48,3,16:08:48,24.102,2022,21,maxverstappen,24.102,red_bull
stroll,48,2,16:08:59,23.764,2022,21,stroll,23.764,aston_martin
russell,49,2,16:09:08,23.480,2022,21,russell,23.48,mercedes
alonso,52,3,16:13:58,23.790,2022,21,alonso,23.79,alpine
gasly,52,3,16:14:19,23.009,2022,21,gasly,23.009,alphatauri
sainz,53,3,16:14:50,23.816,2022,21,sainz,23.816,ferrari
latifi,52,3,16:15:23,23.640,2022,21,latifi,23.64,williams
tsunoda,54,3,16:18:28,23.635,2022,21,tsunoda,23.635,alphatauri
albon,12,1,17:21:53,21.793,2022,22,albon,21.793,williams
stroll,13,1,17:23:19,21.814,2022,22,stroll,21.814,aston_martin
ocon,14,1,17:24:48,21.895,2022,22,ocon,21.895,alpine
tsunoda,14,1,17:24:50,21.591,2022,22,tsunoda,21.591,alphatauri
mick_schumacher,14,1,17:24:59,22.276,2022,22,mickschumacher,22.276,haas
gasly,14,1,17:25:03,21.855,2022,22,gasly,21.855,alphatauri
perez,15,1,17:26:00,21.360,2022,22,perez,21.36,red_bull
russell,15,1,17:26:08,24.243,2022,22,russell,24.243,mercedes
norris,15,1,17:26:16,22.234,2022,22,norris,22.234,mclaren
zhou,15,1,17:26:28,22.435,2022,22,zhou,22.435,alfa
latifi,15,1,17:26:44,22.423,2022,22,latifi,22.423,williams
sainz,17,1,17:29:08,21.930,2022,22,sainz,21.93,ferrari
hamilton,18,1,17:30:48,21.270,2022,22,hamilton,21.27,mercedes
alonso,19,1,17:32:33,21.740,2022,22,alonso,21.74,alpine
ricciardo,19,1,17:32:38,21.893,2022,22,ricciardo,21.893,mclaren
max_verstappen,20,1,17:33:31,22.735,2022,22,maxverstappen,22.735,red_bull
leclerc,21,1,17:35:10,22.210,2022,22,leclerc,22.21,ferrari
vettel,25,1,17:41:51,23.186,2022,22,vettel,23.186,aston_martin
kevin_magnussen,28,1,17:46:53,22.387,2022,22,kevinmagnussen,22.387,haas
bottas,30,1,17:49:54,22.573,2022,22,bottas,22.573,alfa
perez,33,2,17:53:33,21.367,2022,22,perez,21.367,red_bull
mick_schumacher,34,2,17:55:56,23.530,2022,22,mickschumacher,23.53,haas
albon,35,2,17:57:22,21.798,2022,22,albon,21.798,williams
tsunoda,38,2,18:01:49,22.262,2022,22,tsunoda,22.262,alphatauri
sainz,39,2,18:02:41,21.575,2022,22,sainz,21.575,ferrari
russell,39,2,18:02:44,27.931,2022,22,russell,27.931,mercedes
latifi,38,2,18:02:50,25.174,2022,22,latifi,25.174,williams
stroll,40,2,18:04:44,21.802,2022,22,stroll,21.802,aston_martin
ocon,41,2,18:06:09,21.734,2022,22,ocon,21.734,alpine
norris,42,2,18:07:36,21.559,2022,22,norris,21.559,mclaren
zhou,44,2,18:11:10,23.159,2022,22,zhou,23.159,alfa
gasly,9,1,18:18:56,25.885,2023,1,gasly,25.885,alpine
norris,10,1,18:20:31,32.766,2023,1,norris,32.766,mclaren
tsunoda,10,1,18:20:34,25.267,2023,1,tsunoda,25.267,alphatauri
bottas,11,1,18:22:06,25.399,2023,1,bottas,25.399,alfa
albon,11,1,18:22:12,25.054,2023,1,albon,25.054,williams
de_vries,11,1,18:22:21,25.018,2023,1,devries,25.018,alphatauri
hulkenberg,11,1,18:22:21,26.075,2023,1,hulkenberg,26.075,haas
hamilton,12,1,18:23:40,24.682,2023,1,hamilton,24.682,mercedes
ocon,12,1,18:23:50,24.966,2023,1,ocon,24.966,alpine
sargeant,12,1,18:23:55,25.600,2023,1,sargeant,25.6,williams
zhou,12,1,18:24:01,25.787,2023,1,zhou,25.787,alfa
leclerc,13,1,18:25:06,24.345,2023,1,leclerc,24.345,ferrari
sainz,13,1,18:25:17,24.500,2023,1,sainz,24.5,ferrari
russell,13,1,18:25:24,27.062,2023,1,russell,27.062,mercedes
max_verstappen,14,1,18:26:35,24.289,2023,1,maxverstappen,24.289,red_bull
alonso,14,1,18:27:02,25.800,2023,1,alonso,25.8,aston_martin
stroll,15,1,18:28:45,25.449,2023,1,stroll,25.449,aston_martin
kevin_magnussen,15,1,18:29:10,25.439,2023,1,kevinmagnussen,25.439,haas
ocon,15,2,18:29:11,41.462,2023,1,ocon,41.462,alpine
perez,17,1,18:31:42,24.264,2023,1,perez,24.264,red_bull
norris,17,2,18:32:38,33.661,2023,1,norris,33.661,mclaren
gasly,25,2,18:45:48,24.879,2023,1,gasly,24.879,alpine
albon,26,2,18:47:25,24.920,2023,1,albon,24.92,williams
tsunoda,26,2,18:47:26,24.372,2023,1,tsunoda,24.372,alphatauri
hulkenberg,26,2,18:47:41,37.769,2023,1,hulkenberg,37.769,haas
de_vries,27,2,18:49:16,25.234,2023,1,devries,25.234,alphatauri
norris,27,3,18:49:35,33.467,2023,1,norris,33.467,mclaren
bottas,29,2,18:52:16,25.643,2023,1,bottas,25.643,alfa
kevin_magnussen,29,2,18:52:40,25.344,2023,1,kevinmagnussen,25.344,haas
hamilton,30,2,18:53:36,24.690,2023,1,hamilton,24.69,mercedes
stroll,30,2,18:53:45,24.639,2023,1,stroll,24.639,aston_martin
sargeant,30,2,18:54:09,25.670,2023,1,sargeant,25.67,williams
sainz,31,2,18:55:11,24.227,2023,1,sainz,24.227,ferrari
russell,31,2,18:55:21,24.406,2023,1,russell,24.406,mercedes
zhou,32,2,18:57:31,25.282,2023,1,zhou,25.282,alfa
ocon,32,3,18:58:03,44.518,2023,1,ocon,44.518,alpine
leclerc,33,2,18:58:16,24.644,2023,1,leclerc,24.644,ferrari
perez,34,2,18:59:45,25.091,2023,1,perez,25.091,red_bull
alonso,34,2,19:00:09,24.869,2023,1,alonso,24.869,aston_martin
max_verstappen,36,2,19:02:47,24.910,2023,1,maxverstappen,24.91,red_bull
norris,37,4,19:06:27,33.236,2023,1,norris,33.236,mclaren
albon,40,3,19:10:51,24.458,2023,1,albon,24.458,williams
gasly,40,3,19:10:52,24.736,2023,1,gasly,24.736,alpine
tsunoda,40,3,19:10:53,25.818,2023,1,tsunoda,25.818,alphatauri
sargeant,40,3,19:11:05,25.047,2023,1,sargeant,25.047,williams
kevin_magnussen,40,3,19:11:20,25.125,2023,1,kevinmagnussen,25.125,haas
hulkenberg,40,3,19:11:26,27.080,2023,1,hulkenberg,27.08,haas
norris,47,5,19:23:45,30.710,2023,1,norris,30.71,mclaren
zhou,54,3,19:34:31,30.167,2023,1,zhou,30.167,alfa
norris,54,6,19:35:35,31.494,2023,1,norris,31.494,mclaren
piastri,1,1,20:05:36,31.534,2023,2,piastri,31.534,mclaren
norris,2,1,20:07:18,29.444,2023,2,norris,29.444,mclaren
kevin_magnussen,8,1,20:16:55,20.870,2023,2,kevinmagnussen,20.87,haas
bottas,9,1,20:18:38,21.505,2023,2,bottas,21.505,alfa
zhou,11,1,20:21:41,21.703,2023,2,zhou,21.703,alfa
hulkenberg,11,1,20:21:43,21.567,2023,2,hulkenberg,21.567,haas
stroll,13,1,20:24:39,21.150,2023,2,stroll,21.15,aston_martin
gasly,14,1,20:26:26,20.719,2023,2,gasly,20.719,alpine
sainz,15,1,20:27:49,20.760,2023,2,sainz,20.76,ferrari
leclerc,16,1,20:29:29,20.026,2023,2,leclerc,20.026,ferrari
ocon,16,1,20:29:34,20.762,2023,2,ocon,20.762,alpine
tsunoda,17,1,20:31:24,21.414,2023,2,tsunoda,21.414,alphatauri
albon,17,1,20:31:32,21.397,2023,2,albon,21.397,williams
de_vries,17,1,20:31:39,21.116,2023,2,devries,21.116,alphatauri
bottas,17,2,20:32:08,22.191,2023,2,bottas,22.191,alfa
perez,18,1,20:32:46,20.715,2023,2,perez,20.715,red_bull
alonso,18,1,20:32:54,26.879,2023,2,alonso,26.879,aston_martin
russell,18,1,20:33:05,20.828,2023,2,russell,20.828,mercedes
max_verstappen,18,1,20:33:15,20.824,2023,2,maxverstappen,20.824,red_bull
hamilton,18,1,20:33:24,21.102,2023,2,hamilton,21.102,mercedes
sargeant,18,1,20:33:55,21.064,2023,2,sargeant,21.064,williams
zhou,18,2,20:34:06,21.282,2023,2,zhou,21.282,alfa
norris,19,2,20:36:25,21.352,2023,2,norris,21.352,mclaren
bottas,35,3,21:02:57,21.808,2023,2,bottas,21.808,alfa
ocon,1,1,15:05:04,18.056,2023,3,ocon,18.056,alpine
zhou,1,1,15:05:11,18.951,2023,3,zhou,18.951,alfa
sargeant,1,1,15:05:13,18.382,2023,3,sargeant,18.382,williams
perez,1,1,15:05:15,17.657,2023,3,perez,17.657,red_bull
bottas,1,1,15:05:16,21.659,2023,3,bottas,21.659,alfa
sargeant,2,2,15:07:25,19.158,2023,3,sargeant,19.158,williams
perez,2,2,15:07:26,17.814,2023,3,perez,17.814,red_bull
russell,7,1,15:15:01,19.146,2023,3,russell,19.146,mercedes
sainz,7,1,15:15:05,18.319,2023,3,sainz,18.319,ferrari
kevin_magnussen,7,1,15:15:21,20.789,2023,3,kevinmagnussen,20.789,haas
sargeant,36,4,16:15:29,19.018,2023,3,sargeant,19.018,williams
de_vries,45,2,16:28:14,18.080,2023,3,devries,18.08,alphatauri
bottas,53,3,16:39:03,19.825,2023,3,bottas,19.825,alfa
piastri,54,2,16:40:06,19.442,2023,3,piastri,19.442,mclaren
zhou,54,3,16:40:31,21.881,2023,3,zhou,21.881,alfa
tsunoda,54,2,16:40:36,18.258,2023,3,tsunoda,18.258,alphatauri
gasly,5,1,15:13:22,20.235,2023,4,gasly,20.235,alpine
bottas,6,1,15:15:14,20.967,2023,4,bottas,20.967,alfa
albon,7,1,15:16:57,21.103,2023,4,albon,21.103,williams
tsunoda,8,1,15:18:43,20.497,2023,4,tsunoda,20.497,alphatauri
piastri,8,1,15:18:44,20.902,2023,4,piastri,20.902,mclaren
sargeant,8,1,15:18:50,21.015,2023,4,sargeant,21.015,williams
hamilton,9,1,15:20:23,20.324,2023,4,hamilton,20.324,mercedes
norris,9,1,15:20:27,20.346,2023,4,norris,20.346,mclaren
max_verstappen,10,1,15:22:00,20.707,2023,4,maxverstappen,20.707,red_bull
kevin_magnussen,10,1,15:22:35,30.951,2023,4,kevinmagnussen,30.951,haas
perez,11,1,15:24:20,20.389,2023,4,perez,20.389,red_bull
leclerc,11,1,15:24:25,21.126,2023,4,leclerc,21.126,ferrari
sainz,11,1,15:24:33,21.970,2023,4,sainz,21.97,ferrari
alonso,11,1,15:24:35,23.148,2023,4,alonso,23.148,aston_martin
stroll,11,1,15:24:42,23.161,2023,4,stroll,23.161,aston_martin
russell,11,1,15:24:42,20.459,2023,4,russell,20.459,mercedes
zhou,11,1,15:25:01,22.247,2023,4,zhou,22.247,alfa
bottas,12,2,15:27:47,22.354,2023,4,bottas,22.354,alfa
gasly,23,2,15:48:15,21.169,2023,4,gasly,21.169,alpine
bottas,34,3,16:08:14,21.012,2023,4,bottas,21.012,alfa
russell,49,2,16:34:10,21.389,2023,4,russell,21.389,mercedes
hulkenberg,49,1,16:34:47,24.748,2023,4,hulkenberg,24.748,haas
ocon,50,1,16:36:20,20.367,2023,4,ocon,20.367,alpine
sargeant,2,1,15:37:09,48.938,2023,5,sargeant,48.938,williams
norris,4,1,15:40:18,24.090,2023,5,norris,24.09,mclaren
piastri,5,1,15:41:49,22.205,2023,5,piastri,22.205,mclaren
kevin_magnussen,14,1,15:55:45,22.616,2023,5,kevinmagnussen,22.616,haas
gasly,15,1,15:57:16,22.417,2023,5,gasly,22.417,alpine
bottas,15,1,15:57:23,23.158,2023,5,bottas,23.158,alfa
de_vries,15,1,15:57:33,23.487,2023,5,devries,23.487,alphatauri
russell,17,1,16:00:18,22.335,2023,5,russell,22.335,mercedes
leclerc,17,1,16:00:25,22.068,2023,5,leclerc,22.068,ferrari
sainz,18,1,16:01:46,22.278,2023,5,sainz,22.278,ferrari
perez,20,1,16:04:48,21.884,2023,5,perez,21.884,red_bull
albon,22,1,16:08:22,22.482,2023,5,albon,22.482,williams
alonso,24,1,16:11:02,22.631,2023,5,alonso,22.631,aston_martin
zhou,31,1,16:22:27,22.796,2023,5,zhou,22.796,alfa
hulkenberg,33,1,16:25:26,23.120,2023,5,hulkenberg,23.12,haas
tsunoda,36,1,16:30:01,22.390,2023,5,tsunoda,22.39,alphatauri
hamilton,37,1,16:31:29,22.150,2023,5,hamilton,22.15,mercedes
ocon,39,1,16:34:33,21.942,2023,5,ocon,21.942,alpine
stroll,42,1,16:39:18,22.651,2023,5,stroll,22.651,aston_martin
max_verstappen,45,1,16:42:58,22.688,2023,5,maxverstappen,22.688,red_bull
hulkenberg,1,1,15:04:32,32.494,2023,6,hulkenberg,32.494,haas
zhou,1,1,15:04:37,26.141,2023,6,zhou,26.141,alfa
perez,1,1,15:04:37,24.887,2023,6,perez,24.887,red_bull
albon,18,1,15:27:12,24.290,2023,6,albon,24.29,williams
sargeant,20,1,15:30:02,24.376,2023,6,sargeant,24.376,williams
sargeant,23,2,15:34:16,27.774,2023,6,sargeant,27.774,williams
hamilton,31,1,15:43:34,24.594,2023,6,hamilton,24.594,mercedes
ocon,32,1,15:44:45,25.833,2023,6,ocon,25.833,alpine
sainz,33,1,15:46:05,24.252,2023,6,sainz,24.252,ferrari
perez,34,2,15:48:26,32.749,2023,6,perez,32.749,red_bull
leclerc,44,1,16:00:25,24.192,2023,6,leclerc,24.192,ferrari
gasly,47,1,16:04:16,23.902,2023,6,gasly,23.902,alpine
norris,50,1,16:08:48,24.663,2023,6,norris,24.663,mclaren
bottas,51,1,16:10:46,30.395,2023,6,bottas,30.395,alfa
stroll,51,1,16:10:52,24.656,2023,6,stroll,24.656,aston_martin
zhou,52,2,16:12:35,25.260,2023,6,zhou,25.26,alfa
albon,52,2,16:12:37,26.990,2023,6,albon,26.99,williams
tsunoda,53,1,16:13:18,33.706,2023,6,tsunoda,33.706,alphatauri
sargeant,52,3,16:13:19,25.946,2023,6,sargeant,25.946,williams
alonso,54,1,16:13:32,24.414,2023,6,alonso,24.414,aston_martin
de_vries,53,1,16:13:47,24.539,2023,6,devries,24.539,alphatauri
russell,54,1,16:13:57,30.980,2023,6,russell,30.98,mercedes
ocon,54,2,16:14:06,24.707,2023,6,ocon,24.707,alpine
hamilton,54,2,16:14:09,26.685,2023,6,hamilton,26.685,mercedes
gasly,54,2,16:14:18,29.949,2023,6,gasly,29.949,alpine
perez,53,3,16:14:19,24.217,2023,6,perez,24.217,red_bull
max_verstappen,55,1,16:15:17,24.798,2023,6,maxverstappen,24.798,red_bull
piastri,54,1,16:15:18,25.851,2023,6,piastri,25.851,mclaren
norris,54,2,16:15:20,33.428,2023,6,norris,33.428,mclaren
alonso,55,2,16:15:37,25.916,2023,6,alonso,25.916,aston_martin
hulkenberg,54,2,16:16:01,34.725,2023,6,hulkenberg,34.725,haas
leclerc,55,2,16:16:03,25.713,2023,6,leclerc,25.713,ferrari
sainz,55,2,16:16:04,29.300,2023,6,sainz,29.3,ferrari
kevin_magnussen,56,1,16:20:26,51.052,2023,6,kevinmagnussen,51.052,haas
perez,57,4,16:21:27,29.337,2023,6,perez,29.337,red_bull
hulkenberg,59,3,16:25:02,25.672,2023,6,hulkenberg,25.672,haas
perez,70,5,16:43:16,25.466,2023,6,perez,25.466,red_bull
norris,1,1,15:04:44,37.736,2023,7,norris,37.736,mclaren
bottas,5,1,15:10:18,23.691,2023,7,bottas,23.691,alfa
hulkenberg,8,1,15:14:21,22.298,2023,7,hulkenberg,22.298,haas
zhou,9,1,15:15:38,23.430,2023,7,zhou,23.43,alfa
de_vries,9,1,15:15:44,22.522,2023,7,devries,22.522,alphatauri
tsunoda,10,1,15:17:01,22.176,2023,7,tsunoda,22.176,alphatauri
kevin_magnussen,10,1,15:17:06,22.124,2023,7,kevinmagnussen,22.124,haas
ocon,13,1,15:21:01,22.112,2023,7,ocon,22.112,alpine
stroll,14,1,15:22:19,22.355,2023,7,stroll,22.355,aston_martin
sainz,15,1,15:23:33,22.321,2023,7,sainz,22.321,ferrari
leclerc,16,1,15:25:17,21.778,2023,7,leclerc,21.778,ferrari
albon,16,1,15:25:24,23.319,2023,7,albon,23.319,williams
piastri,17,1,15:26:32,22.370,2023,7,piastri,22.37,mclaren
sargeant,17,1,15:26:49,22.583,2023,7,sargeant,22.583,williams
alonso,19,1,15:29:09,22.558,2023,7,alonso,22.558,aston_martin
gasly,19,1,15:29:18,23.388,2023,7,gasly,23.388,alpine
norris,22,2,15:33:50,22.850,2023,7,norris,22.85,mclaren
hamilton,24,1,15:35:37,22.575,2023,7,hamilton,22.575,mercedes
kevin_magnussen,24,2,15:36:26,24.800,2023,7,kevinmagnussen,24.8,haas
russell,25,1,15:37:07,22.275,2023,7,russell,22.275,mercedes
max_verstappen,26,1,15:38:06,22.241,2023,7,maxverstappen,22.241,red_bull
hulkenberg,26,2,15:39:04,23.257,2023,7,hulkenberg,23.257,haas
perez,27,1,15:39:57,21.775,2023,7,perez,21.775,red_bull
stroll,34,2,15:49:34,23.371,2023,7,stroll,23.371,aston_martin
tsunoda,34,2,15:49:38,22.009,2023,7,tsunoda,22.009,alphatauri
ocon,35,2,15:50:57,24.110,2023,7,ocon,24.11,alpine
zhou,36,2,15:52:25,22.889,2023,7,zhou,22.889,alfa
sargeant,36,2,15:52:53,23.827,2023,7,sargeant,23.827,williams
albon,37,2,15:54:12,23.449,2023,7,albon,23.449,williams
de_vries,38,2,15:55:17,21.976,2023,7,devries,21.976,alphatauri
piastri,39,2,15:56:28,22.862,2023,7,piastri,22.862,mclaren
gasly,39,2,15:56:30,23.610,2023,7,gasly,23.61,alpine
bottas,39,2,15:56:58,24.097,2023,7,bottas,24.097,alfa
sainz,41,2,15:58:46,22.375,2023,7,sainz,22.375,ferrari
leclerc,41,2,15:59:13,23.003,2023,7,leclerc,23.003,ferrari
kevin_magnussen,42,3,16:00:59,22.291,2023,7,kevinmagnussen,22.291,haas
hulkenberg,43,3,16:02:05,24.484,2023,7,hulkenberg,24.484,haas
alonso,44,2,16:03:01,22.896,2023,7,alonso,22.896,aston_martin
russell,45,2,16:03:58,22.054,2023,7,russell,22.054,mercedes
hamilton,50,2,16:10:22,22.731,2023,7,hamilton,22.731,mercedes
perez,50,2,16:10:42,21.537,2023,7,perez,21.537,red_bull
norris,50,3,16:11:39,22.062,2023,7,norris,22.062,mclaren
max_verstappen,52,2,16:12:44,22.357,2023,7,maxverstappen,22.357,red_bull
tsunoda,1,1,14:04:32,23.646,2023,8,tsunoda,23.646,alphatauri
gasly,10,1,14:16:36,27.515,2023,8,gasly,27.515,alpine
hulkenberg,11,1,14:17:50,24.880,2023,8,hulkenberg,24.88,haas
stroll,11,1,14:17:53,23.711,2023,8,stroll,23.711,aston_martin
de_vries,11,1,14:17:56,24.960,2023,8,devries,24.96,alphatauri
max_verstappen,12,1,14:18:49,23.644,2023,8,maxverstappen,23.644,red_bull
hamilton,12,1,14:18:59,24.339,2023,8,hamilton,24.339,mercedes
alonso,12,1,14:19:00,24.031,2023,8,alonso,24.031,aston_martin
ocon,12,1,14:19:12,24.402,2023,8,ocon,24.402,alpine
piastri,12,1,14:19:16,24.828,2023,8,piastri,24.828,mclaren
norris,12,1,14:19:24,25.862,2023,8,norris,25.862,mclaren
albon,12,1,14:19:25,25.064,2023,8,albon,25.064,williams
zhou,12,1,14:19:31,24.161,2023,8,zhou,24.161,alfa
stroll,27,2,14:42:23,23.839,2023,8,stroll,23.839,aston_martin
hulkenberg,31,2,14:47:37,24.200,2023,8,hulkenberg,24.2,haas
zhou,32,2,14:48:55,27.509,2023,8,zhou,27.509,alfa
gasly,33,2,14:50:14,24.117,2023,8,gasly,24.117,alpine
tsunoda,34,2,14:51:31,27.523,2023,8,tsunoda,27.523,alphatauri
norris,35,2,14:52:42,23.570,2023,8,norris,23.57,mclaren
kevin_magnussen,35,1,14:53:34,24.909,2023,8,kevinmagnussen,24.909,haas
ocon,36,2,14:53:56,23.698,2023,8,ocon,23.698,alpine
bottas,36,1,14:53:58,24.038,2023,8,bottas,24.038,alfa
perez,37,1,14:55:06,23.281,2023,8,perez,23.281,red_bull
piastri,37,2,14:55:21,23.436,2023,8,piastri,23.436,mclaren
sainz,38,1,14:56:16,24.133,2023,8,sainz,24.133,ferrari
leclerc,39,1,14:57:32,24.343,2023,8,leclerc,24.343,ferrari
hamilton,40,2,14:58:46,23.749,2023,8,hamilton,23.749,mercedes
alonso,41,2,14:59:58,23.928,2023,8,alonso,23.928,aston_martin
max_verstappen,42,2,15:01:10,23.910,2023,8,maxverstappen,23.91,red_bull
de_vries,50,2,15:13:30,23.786,2023,8,devries,23.786,alphatauri
kevin_magnussen,53,2,15:17:18,24.515,2023,8,kevinmagnussen,24.515,haas
perez,68,2,15:34:57,23.218,2023,8,perez,23.218,red_bull
kevin_magnussen,1,1,15:04:16,26.587,2023,9,kevinmagnussen,26.587,haas
tsunoda,1,1,15:04:31,29.691,2023,9,tsunoda,29.691,alphatauri
max_verstappen,2,1,15:05:57,16.369,2023,9,maxverstappen,16.369,red_bull
leclerc,2,1,15:05:59,16.393,2023,9,leclerc,16.393,ferrari
sainz,2,1,15:06:01,16.380,2023,9,sainz,16.38,ferrari
hamilton,2,1,15:06:03,16.415,2023,9,hamilton,16.415,mercedes
norris,2,1,15:06:05,18.076,2023,9,norris,18.076,mclaren
alonso,2,1,15:06:08,16.600,2023,9,alonso,16.6,aston_martin
hulkenberg,2,1,15:06:09,16.778,2023,9,hulkenberg,16.778,haas
stroll,2,1,15:06:11,16.646,2023,9,stroll,16.646,aston_martin
gasly,2,1,15:06:12,16.380,2023,9,gasly,16.38,alpine
albon,2,1,15:06:13,16.737,2023,9,albon,16.737,williams
russell,2,1,15:06:17,17.946,2023,9,russell,17.946,mercedes
ocon,2,1,15:06:19,18.143,2023,9,ocon,18.143,alpine
perez,2,1,15:06:20,17.428,2023,9,perez,17.428,red_bull
zhou,2,1,15:06:22,17.467,2023,9,zhou,17.467,alfa
piastri,2,1,15:06:23,17.324,2023,9,piastri,17.324,mclaren
sargeant,2,1,15:06:25,17.337,2023,9,sargeant,17.337,williams
bottas,2,1,15:06:27,17.130,2023,9,bottas,17.13,alfa
de_vries,2,1,15:06:28,17.033,2023,9,devries,17.033,alphatauri
kevin_magnussen,2,2,15:06:31,25.654,2023,9,kevinmagnussen,25.654,haas
tsunoda,2,2,15:06:33,16.246,2023,9,tsunoda,16.246,alphatauri
zhou,8,2,15:14:10,24.374,2023,9,zhou,24.374,alfa
hulkenberg,11,2,15:17:41,21.891,2023,9,hulkenberg,21.891,haas
de_vries,12,2,15:19:01,21.333,2023,9,devries,21.333,alphatauri
hamilton,14,2,15:21:10,21.993,2023,9,hamilton,21.993,mercedes
norris,14,2,15:21:12,21.290,2023,9,norris,21.29,mclaren
gasly,14,2,15:21:20,21.814,2023,9,gasly,21.814,alpine
albon,14,2,15:21:22,21.562,2023,9,albon,21.562,williams
russell,14,2,15:21:23,22.262,2023,9,russell,22.262,mercedes
ocon,14,2,15:21:26,22.028,2023,9,ocon,22.028,alpine
piastri,14,2,15:21:27,22.467,2023,9,piastri,22.467,mclaren
sargeant,14,2,15:21:32,23.194,2023,9,sargeant,23.194,williams
leclerc,15,2,15:22:36,23.425,2023,9,leclerc,23.425,ferrari
sainz,15,2,15:22:41,26.283,2023,9,sainz,26.283,ferrari
alonso,15,2,15:22:48,22.371,2023,9,alonso,22.371,aston_martin
stroll,15,2,15:22:54,24.332,2023,9,stroll,24.332,aston_martin
bottas,21,2,15:30:27,31.785,2023,9,bottas,31.785,alfa
piastri,22,3,15:31:40,29.912,2023,9,piastri,29.912,mclaren
tsunoda,23,3,15:32:50,27.286,2023,9,tsunoda,27.286,alphatauri
max_verstappen,24,2,15:33:13,21.365,2023,9,maxverstappen,21.365,red_bull
perez,25,2,15:34:47,21.655,2023,9,perez,21.655,red_bull
kevin_magnussen,34,3,15:46:08,22.250,2023,9,kevinmagnussen,22.25,haas
stroll,36,3,15:48:10,22.050,2023,9,stroll,22.05,aston_martin
de_vries,37,3,15:49:41,21.074,2023,9,devries,21.074,alphatauri
zhou,38,3,15:50:48,21.910,2023,9,zhou,21.91,alfa
ocon,40,3,15:52:55,30.427,2023,9,ocon,30.427,alpine
bottas,40,3,15:53:22,21.975,2023,9,bottas,21.975,alfa
norris,41,3,15:53:39,22.088,2023,9,norris,22.088,mclaren
russell,41,3,15:53:57,21.702,2023,9,russell,21.702,mercedes
albon,41,3,15:54:04,27.683,2023,9,albon,27.683,williams
piastri,41,4,15:54:36,22.313,2023,9,piastri,22.313,mclaren
hamilton,42,3,15:54:50,27.724,2023,9,hamilton,27.724,mercedes
sargeant,43,3,15:56:40,21.543,2023,9,sargeant,21.543,williams
tsunoda,43,4,15:56:56,21.392,2023,9,tsunoda,21.392,alphatauri
alonso,44,3,15:57:15,21.993,2023,9,alonso,21.993,aston_martin
gasly,44,3,15:57:30,27.804,2023,9,gasly,27.804,alpine
sainz,45,3,15:58:10,28.583,2023,9,sainz,28.583,ferrari
leclerc,47,3,16:00:26,21.470,2023,9,leclerc,21.47,ferrari
max_verstappen,49,3,16:02:31,21.641,2023,9,maxverstappen,21.641,red_bull
perez,50,3,16:04:07,21.267,2023,9,perez,21.267,red_bull
stroll,54,4,16:09:28,21.837,2023,9,stroll,21.837,aston_martin
max_verstappen,69,4,16:25:43,21.328,2023,9,maxverstappen,21.328,red_bull
hulkenberg,7,1,15:14:17,41.972,2023,10,hulkenberg,41.972,haas
tsunoda,14,1,15:25:15,28.353,2023,10,tsunoda,28.353,alphatauri
leclerc,18,1,15:31:08,28.244,2023,10,leclerc,28.244,ferrari
zhou,24,1,15:40:56,29.177,2023,10,zhou,29.177,alfa
sainz,26,1,15:43:36,28.869,2023,10,sainz,28.869,ferrari
de_vries,27,1,15:45:34,28.242,2023,10,devries,28.242,alphatauri
russell,28,1,15:46:37,29.455,2023,10,russell,29.455,mercedes
perez,28,1,15:46:50,28.060,2023,10,perez,28.06,red_bull
piastri,29,1,15:48:05,28.655,2023,10,piastri,28.655,mclaren
sargeant,29,1,15:48:37,28.847,2023,10,sargeant,28.847,williams
gasly,31,1,15:51:30,28.458,2023,10,gasly,28.458,alpine
stroll,31,1,15:51:39,28.561,2023,10,stroll,28.561,aston_martin
albon,32,1,15:53:10,29.634,2023,10,albon,29.634,williams
leclerc,32,2,15:53:11,28.805,2023,10,leclerc,28.805,ferrari
bottas,32,1,15:53:38,29.662,2023,10,bottas,29.662,alfa
tsunoda,32,2,15:53:48,28.603,2023,10,tsunoda,28.603,alphatauri
de_vries,32,2,15:53:55,28.413,2023,10,devries,28.413,alphatauri
hulkenberg,32,2,15:54:11,30.003,2023,10,hulkenberg,30.003,haas
max_verstappen,33,1,15:54:29,29.056,2023,10,maxverstappen,29.056,red_bull
norris,33,1,15:54:43,28.438,2023,10,norris,28.438,mclaren
hamilton,33,1,15:54:58,29.169,2023,10,hamilton,29.169,mercedes
alonso,33,1,15:55:09,28.679,2023,10,alonso,28.679,aston_martin
zhou,33,2,15:56:08,28.709,2023,10,zhou,28.709,alfa
zhou,36,3,16:02:39,34.374,2023,10,zhou,34.374,alfa
albon,8,1,15:14:47,22.076,2023,11,albon,22.076,williams
stroll,9,1,15:16:10,21.910,2023,11,stroll,21.91,aston_martin
tsunoda,9,1,15:16:10,26.170,2023,11,tsunoda,26.17,alphatauri
bottas,9,1,15:16:11,22.114,2023,11,bottas,22.114,alfa
zhou,10,1,15:17:40,29.211,2023,11,zhou,29.211,alfa
sargeant,13,1,15:21:59,24.001,2023,11,sargeant,24.001,williams
kevin_magnussen,14,1,15:23:24,22.753,2023,11,kevinmagnussen,22.753,haas
sainz,15,1,15:24:37,21.402,2023,11,sainz,21.402,ferrari
hamilton,16,1,15:25:56,21.974,2023,11,hamilton,21.974,mercedes
hulkenberg,16,1,15:26:11,22.922,2023,11,hulkenberg,22.922,haas
norris,17,1,15:27:16,21.541,2023,11,norris,21.541,mclaren
leclerc,17,1,15:27:23,28.404,2023,11,leclerc,28.404,ferrari
piastri,18,1,15:28:39,21.171,2023,11,piastri,21.171,mclaren
ricciardo,18,1,15:29:10,21.958,2023,11,ricciardo,21.958,alphatauri
alonso,20,1,15:31:46,22.916,2023,11,alonso,22.916,aston_martin
max_verstappen,23,1,15:35:32,21.407,2023,11,maxverstappen,21.407,red_bull
perez,24,1,15:37:20,21.862,2023,11,perez,21.862,red_bull
russell,28,1,15:43:20,21.886,2023,11,russell,21.886,mercedes
ricciardo,29,2,15:45:13,22.203,2023,11,ricciardo,22.203,alphatauri
albon,31,2,15:47:54,21.762,2023,11,albon,21.762,williams
stroll,34,2,15:52:02,22.403,2023,11,stroll,22.403,aston_martin
sargeant,34,2,15:52:24,22.197,2023,11,sargeant,22.197,williams
hulkenberg,38,2,15:57:58,21.955,2023,11,hulkenberg,21.955,haas
zhou,38,2,15:58:02,22.853,2023,11,zhou,22.853,alfa
bottas,40,2,16:00:39,23.242,2023,11,bottas,23.242,alfa
kevin_magnussen,41,2,16:02:32,22.152,2023,11,kevinmagnussen,22.152,haas
piastri,42,2,16:02:48,22.030,2023,11,piastri,22.03,mclaren
perez,42,2,16:02:51,20.880,2023,11,perez,20.88,red_bull
leclerc,43,2,16:04:31,21.452,2023,11,leclerc,21.452,ferrari
alonso,43,2,16:04:39,24.152,2023,11,alonso,24.152,aston_martin
norris,44,2,16:05:28,21.430,2023,11,norris,21.43,mclaren
sainz,44,2,16:05:56,22.051,2023,11,sainz,22.051,ferrari
tsunoda,44,2,16:06:33,21.181,2023,11,tsunoda,21.181,alphatauri
russell,46,2,16:08:49,21.675,2023,11,russell,21.675,mercedes
hamilton,49,2,16:12:41,21.728,2023,11,hamilton,21.728,mercedes
max_verstappen,51,2,16:14:53,21.680,2023,11,maxverstappen,21.68,red_bull
norris,5,1,15:13:27,25.012,2023,12,norris,25.012,mclaren
kevin_magnussen,5,1,15:13:30,23.638,2023,12,kevinmagnussen,23.638,haas
ricciardo,5,1,15:13:31,22.843,2023,12,ricciardo,22.843,alphatauri
ocon,6,1,15:15:23,23.085,2023,12,ocon,23.085,alpine
bottas,6,1,15:15:24,23.362,2023,12,bottas,23.362,alfa
albon,7,1,15:17:14,25.015,2023,12,albon,25.015,williams
sainz,7,1,15:17:20,23.303,2023,12,sainz,23.303,ferrari
zhou,7,1,15:17:21,24.449,2023,12,zhou,24.449,alfa
sargeant,8,1,15:19:14,23.570,2023,12,sargeant,23.57,williams
tsunoda,9,1,15:20:59,22.610,2023,12,tsunoda,22.61,alphatauri
alonso,10,1,15:22:48,23.085,2023,12,alonso,23.085,aston_martin
hamilton,12,1,15:26:27,23.090,2023,12,hamilton,23.09,mercedes
hulkenberg,12,1,15:26:56,24.571,2023,12,hulkenberg,24.571,haas
perez,13,1,15:28:09,23.684,2023,12,perez,23.684,red_bull
leclerc,13,1,15:28:16,23.224,2023,12,leclerc,23.224,ferrari
max_verstappen,14,1,15:30:04,22.887,2023,12,maxverstappen,22.887,red_bull
norris,17,2,15:36:37,23.744,2023,12,norris,23.744,mclaren
stroll,20,1,15:42:12,25.397,2023,12,stroll,25.397,aston_martin
russell,22,1,15:46:00,23.837,2023,12,russell,23.837,mercedes
ricciardo,22,2,15:46:18,23.290,2023,12,ricciardo,23.29,alphatauri
gasly,23,1,15:48:00,25.664,2023,12,gasly,25.664,alpine
albon,23,2,15:48:02,23.596,2023,12,albon,23.596,williams
tsunoda,24,2,15:49:52,22.737,2023,12,tsunoda,22.737,alphatauri
bottas,24,2,15:50:02,23.786,2023,12,bottas,23.786,alfa
hulkenberg,24,2,15:50:04,25.238,2023,12,hulkenberg,25.238,haas
sargeant,24,2,15:50:09,23.938,2023,12,sargeant,23.938,williams
ocon,25,2,15:51:50,23.339,2023,12,ocon,23.339,alpine
kevin_magnussen,25,2,15:51:55,23.572,2023,12,kevinmagnussen,23.572,haas
zhou,25,2,15:52:01,24.045,2023,12,zhou,24.045,alfa
hamilton,27,2,15:55:00,23.023,2023,12,hamilton,23.023,mercedes
leclerc,28,2,15:56:48,23.148,2023,12,leclerc,23.148,ferrari
perez,29,2,15:58:34,22.710,2023,12,perez,22.71,red_bull
alonso,29,2,15:59:01,23.798,2023,12,alonso,23.798,aston_martin
max_verstappen,30,2,16:00:16,23.012,2023,12,maxverstappen,23.012,red_bull
albon,33,3,16:07:06,23.529,2023,12,albon,23.529,williams
sargeant,34,3,16:09:09,23.109,2023,12,sargeant,23.109,williams
hamilton,42,3,16:23:05,23.156,2023,12,hamilton,23.156,mercedes
perez,1,1,15:04:43,22.666,2023,13,perez,22.666,red_bull
leclerc,1,1,15:04:46,32.686,2023,13,leclerc,32.686,ferrari
gasly,1,1,15:04:47,28.469,2023,13,gasly,28.469,alpine
zhou,1,1,15:04:49,23.088,2023,13,zhou,23.088,alfa
tsunoda,1,1,15:04:50,32.321,2023,13,tsunoda,32.321,alphatauri
lawson,1,1,15:04:53,42.641,2023,13,lawson,42.641,alphatauri
kevin_magnussen,1,1,15:04:55,31.341,2023,13,kevinmagnussen,31.341,haas
max_verstappen,2,1,15:06:25,20.379,2023,13,maxverstappen,20.379,red_bull
alonso,2,1,15:06:26,20.647,2023,13,alonso,20.647,aston_martin
sainz,2,1,15:06:31,20.973,2023,13,sainz,20.973,ferrari
ocon,2,1,15:06:39,22.534,2023,13,ocon,22.534,alpine
norris,3,1,15:08:18,20.170,2023,13,norris,20.17,mclaren
hamilton,3,1,15:08:35,20.266,2023,13,hamilton,20.266,mercedes
russell,4,1,15:10:00,21.201,2023,13,russell,21.201,mercedes
stroll,4,1,15:10:16,20.036,2023,13,stroll,20.036,aston_martin
kevin_magnussen,9,2,15:16:59,20.137,2023,13,kevinmagnussen,20.137,haas
hamilton,9,2,15:17:26,19.970,2023,13,hamilton,19.97,mercedes
stroll,9,2,15:17:44,20.208,2023,13,stroll,20.208,aston_martin
zhou,10,2,15:18:09,20.231,2023,13,zhou,20.231,alfa
alonso,10,2,15:18:10,20.109,2023,13,alonso,20.109,aston_martin
sainz,10,2,15:18:16,19.511,2023,13,sainz,19.511,ferrari
tsunoda,10,2,15:18:24,18.904,2023,13,tsunoda,18.904,alphatauri
ocon,10,2,15:18:26,19.795,2023,13,ocon,19.795,alpine
norris,10,2,15:18:33,20.395,2023,13,norris,20.395,mclaren
lawson,10,2,15:18:37,30.836,2023,13,lawson,30.836,alphatauri
russell,10,2,15:18:55,20.148,2023,13,russell,20.148,mercedes
max_verstappen,11,2,15:19:24,19.289,2023,13,maxverstappen,19.289,red_bull
gasly,11,2,15:19:34,19.518,2023,13,gasly,19.518,alpine
leclerc,11,2,15:19:46,27.202,2023,13,leclerc,27.202,ferrari
perez,12,2,15:20:46,19.460,2023,13,perez,19.46,red_bull
piastri,15,1,15:25:18,18.979,2023,13,piastri,18.979,mclaren
bottas,16,1,15:27:09,20.187,2023,13,bottas,20.187,alfa
hulkenberg,16,1,15:27:10,20.438,2023,13,hulkenberg,20.438,haas
russell,16,3,15:27:30,19.607,2023,13,russell,19.607,mercedes
stroll,16,3,15:27:53,19.653,2023,13,stroll,19.653,aston_martin
lawson,17,3,15:29:22,19.600,2023,13,lawson,19.6,alphatauri
stroll,34,4,15:53:38,19.923,2023,13,stroll,19.923,aston_martin
kevin_magnussen,35,3,15:54:48,20.510,2023,13,kevinmagnussen,20.51,haas
zhou,37,3,15:57:19,20.469,2023,13,zhou,20.469,alfa
sainz,41,3,16:02:07,19.398,2023,13,sainz,19.398,ferrari
norris,42,3,16:03:37,18.878,2023,13,norris,18.878,mclaren
ocon,43,3,16:04:50,19.024,2023,13,ocon,19.024,alpine
albon,44,1,16:06:01,19.667,2023,13,albon,19.667,williams
perez,45,3,16:06:58,18.789,2023,13,perez,18.789,red_bull
hamilton,45,3,16:07:26,19.327,2023,13,hamilton,19.327,mercedes
gasly,46,3,16:08:21,25.404,2023,13,gasly,25.404,alpine
piastri,46,2,16:08:46,19.120,2023,13,piastri,19.12,mclaren
lawson,46,4,16:09:09,19.192,2023,13,lawson,19.192,alphatauri
bottas,47,2,16:10:17,20.213,2023,13,bottas,20.213,alfa
alonso,48,3,16:10:51,25.147,2023,13,alonso,25.147,aston_martin
hulkenberg,48,2,16:11:31,19.713,2023,13,hulkenberg,19.713,haas
max_verstappen,49,3,16:11:52,18.706,2023,13,maxverstappen,18.706,red_bull
bottas,59,3,16:25:45,19.735,2023,13,bottas,19.735,alfa
lawson,59,5,16:25:48,19.307,2023,13,lawson,19.307,alphatauri
perez,60,4,16:26:00,27.596,2023,13,perez,27.596,red_bull
gasly,60,4,16:26:21,20.417,2023,13,gasly,20.417,alpine
sainz,60,4,16:26:22,19.838,2023,13,sainz,19.838,ferrari
hamilton,60,4,16:26:30,20.779,2023,13,hamilton,20.779,mercedes
russell,60,4,16:26:34,24.019,2023,13,russell,24.019,mercedes
norris,60,4,16:26:35,19.871,2023,13,norris,19.871,mclaren
piastri,60,3,16:26:40,22.376,2023,13,piastri,22.376,mclaren
tsunoda,60,3,16:26:50,20.602,2023,13,tsunoda,20.602,alphatauri
zhou,60,4,16:26:53,21.439,2023,13,zhou,21.439,alfa
stroll,60,5,16:26:58,21.532,2023,13,stroll,21.532,aston_martin
hulkenberg,60,3,16:26:58,23.582,2023,13,hulkenberg,23.582,haas
kevin_magnussen,60,4,16:27:09,23.584,2023,13,kevinmagnussen,23.584,haas
max_verstappen,61,4,16:27:10,19.429,2023,13,maxverstappen,19.429,red_bull
alonso,61,4,16:27:35,20.655,2023,13,alonso,20.655,aston_martin
albon,61,2,16:27:57,21.300,2023,13,albon,21.3,williams
ocon,61,4,16:28:03,22.096,2023,13,ocon,22.096,alpine
max_verstappen,63,5,16:30:26,20.402,2023,13,maxverstappen,20.402,red_bull
perez,64,6,17:13:46,35.592,2023,13,perez,35.592,red_bull
norris,64,6,17:13:49,44.272,2023,13,norris,44.272,mclaren
russell,64,6,17:13:59,39.845,2023,13,russell,39.845,mercedes
albon,64,4,17:14:02,39.234,2023,13,albon,39.234,williams
piastri,64,5,17:14:06,38.453,2023,13,piastri,38.453,mclaren
ocon,64,6,17:14:09,37.037,2023,13,ocon,37.037,alpine
tsunoda,64,5,17:14:14,34.901,2023,13,tsunoda,34.901,alphatauri
stroll,64,7,17:14:17,33.553,2023,13,stroll,33.553,aston_martin
hulkenberg,64,5,17:14:19,32.884,2023,13,hulkenberg,32.884,haas
bottas,64,5,17:14:22,32.518,2023,13,bottas,32.518,alfa
lawson,64,7,17:14:27,31.306,2023,13,lawson,31.306,alphatauri
kevin_magnussen,64,6,17:14:31,30.628,2023,13,kevinmagnussen,30.628,haas
gasly,10,1,15:38:07,27.376,2023,14,gasly,27.376,alpine
zhou,11,1,15:39:33,24.396,2023,14,zhou,24.396,alfa
kevin_magnussen,12,1,15:41:12,24.660,2023,14,kevinmagnussen,24.66,haas
lawson,13,1,15:42:27,24.212,2023,14,lawson,24.212,alphatauri
hulkenberg,14,1,15:43:56,26.095,2023,14,hulkenberg,26.095,haas
sargeant,14,1,15:43:57,24.779,2023,14,sargeant,24.779,williams
albon,15,1,15:45:13,24.538,2023,14,albon,24.538,williams
sainz,19,1,15:50:52,25.183,2023,14,sainz,25.183,ferrari
russell,19,1,15:50:56,24.215,2023,14,russell,24.215,mercedes
max_verstappen,20,1,15:52:13,24.228,2023,14,maxverstappen,24.228,red_bull
leclerc,20,1,15:52:19,23.931,2023,14,leclerc,23.931,ferrari
stroll,20,1,15:52:50,25.667,2023,14,stroll,25.667,aston_martin
perez,21,1,15:53:46,23.819,2023,14,perez,23.819,red_bull
alonso,21,1,15:54:03,24.798,2023,14,alonso,24.798,aston_martin
norris,22,1,15:55:26,23.727,2023,14,norris,23.727,mclaren
piastri,23,1,15:56:53,24.133,2023,14,piastri,24.133,mclaren
ocon,24,1,15:58:45,24.249,2023,14,ocon,24.249,alpine
bottas,25,1,16:00:06,24.658,2023,14,bottas,24.658,alfa
hamilton,27,1,16:02:46,24.255,2023,14,hamilton,24.255,mercedes
gasly,31,2,16:09:08,24.686,2023,14,gasly,24.686,alpine
lawson,33,2,16:11:56,24.281,2023,14,lawson,24.281,alphatauri
zhou,33,2,16:11:58,25.959,2023,14,zhou,25.959,alfa
kevin_magnussen,33,2,16:12:15,24.765,2023,14,kevinmagnussen,24.765,haas
hulkenberg,39,2,16:20:52,24.328,2023,14,hulkenberg,24.328,haas
piastri,41,2,16:23:21,31.799,2023,14,piastri,31.799,mclaren
zhou,2,1,20:07:21,30.032,2023,15,zhou,30.032,alfa
sainz,20,1,20:37:19,29.499,2023,15,sainz,29.499,ferrari
leclerc,20,1,20:37:28,32.888,2023,15,leclerc,32.888,ferrari
russell,20,1,20:37:29,29.976,2023,15,russell,29.976,mercedes
norris,20,1,20:37:31,29.485,2023,15,norris,29.485,mclaren
hamilton,20,1,20:37:33,32.631,2023,15,hamilton,32.631,mercedes
alonso,20,1,20:37:39,30.670,2023,15,alonso,30.67,aston_martin
ocon,20,1,20:37:43,29.755,2023,15,ocon,29.755,alpine
kevin_magnussen,20,1,20:37:50,31.475,2023,15,kevinmagnussen,31.475,haas
hulkenberg,20,1,20:37:53,35.497,2023,15,hulkenberg,35.497,haas
gasly,20,1,20:37:54,31.802,2023,15,gasly,31.802,alpine
lawson,20,1,20:37:55,32.348,2023,15,lawson,32.348,alphatauri
piastri,20,1,20:37:58,29.369,2023,15,piastri,29.369,mclaren
albon,20,1,20:37:59,30.138,2023,15,albon,30.138,williams
zhou,20,2,20:38:30,30.637,2023,15,zhou,30.637,alfa
perez,39,1,21:11:53,28.977,2023,15,perez,28.977,red_bull
max_verstappen,40,1,21:13:21,29.698,2023,15,maxverstappen,29.698,red_bull
bottas,40,1,21:13:47,30.487,2023,15,bottas,30.487,alfa
albon,43,2,21:18:51,29.787,2023,15,albon,29.787,williams
kevin_magnussen,43,2,21:19:04,33.078,2023,15,kevinmagnussen,33.078,haas
sargeant,43,2,21:19:17,31.018,2023,15,sargeant,31.018,williams
russell,44,2,21:20:21,30.039,2023,15,russell,30.039,mercedes
hamilton,44,2,21:20:24,33.581,2023,15,hamilton,33.581,mercedes
alonso,44,2,21:20:59,52.708,2023,15,alonso,52.708,aston_martin
albon,1,1,14:06:29,50.143,2023,16,albon,50.143,williams
zhou,1,1,14:06:34,41.041,2023,16,zhou,41.041,alfa
ocon,1,1,14:06:45,27.056,2023,16,ocon,27.056,alpine
bottas,1,1,14:06:58,55.802,2023,16,bottas,55.802,alfa
perez,2,1,14:08:56,32.450,2023,16,perez,32.45,red_bull
sargeant,2,1,14:09:11,32.715,2023,16,sargeant,32.715,williams
sargeant,5,2,14:16:24,43.868,2023,16,sargeant,43.868,williams
bottas,6,2,14:18:28,53.512,2023,16,bottas,53.512,alfa
hulkenberg,8,1,14:21:18,23.520,2023,16,hulkenberg,23.52,haas
tsunoda,9,1,14:22:56,22.944,2023,16,tsunoda,22.944,alphatauri
lawson,10,1,14:24:35,23.136,2023,16,lawson,23.136,alphatauri
zhou,10,2,14:24:44,24.091,2023,16,zhou,24.091,alfa
alonso,11,1,14:26:10,24.086,2023,16,alonso,24.086,aston_martin
perez,12,2,14:28:22,41.499,2023,16,perez,41.499,red_bull
kevin_magnussen,12,1,14:28:23,23.816,2023,16,kevinmagnussen,23.816,haas
piastri,13,1,14:29:24,24.455,2023,16,piastri,24.455,mclaren
albon,13,2,14:29:58,52.165,2023,16,albon,52.165,williams
stroll,14,1,14:31:37,23.441,2023,16,stroll,23.441,aston_martin
max_verstappen,16,1,14:34:31,24.382,2023,16,maxverstappen,24.382,red_bull
hamilton,16,1,14:34:49,24.841,2023,16,hamilton,24.841,mercedes
norris,17,1,14:36:20,23.523,2023,16,norris,23.523,mclaren
leclerc,17,1,14:36:23,23.197,2023,16,leclerc,23.197,ferrari
sainz,18,1,14:38:04,23.075,2023,16,sainz,23.075,ferrari
gasly,18,1,14:38:20,24.488,2023,16,gasly,24.488,alpine
hulkenberg,21,2,14:43:39,23.660,2023,16,hulkenberg,23.66,haas
sargeant,21,3,14:44:16,35.182,2023,16,sargeant,35.182,williams
russell,24,1,14:48:05,24.034,2023,16,russell,24.034,mercedes
alonso,25,2,14:50:07,24.294,2023,16,alonso,24.294,aston_martin
lawson,25,2,14:50:20,23.671,2023,16,lawson,23.671,alphatauri
ocon,28,2,14:55:08,23.789,2023,16,ocon,23.789,alpine
zhou,29,3,14:57:06,24.116,2023,16,zhou,24.116,alfa
tsunoda,30,2,14:58:41,23.327,2023,16,tsunoda,23.327,alphatauri
kevin_magnussen,31,2,15:00:39,23.858,2023,16,kevinmagnussen,23.858,haas
leclerc,34,2,15:04:38,22.926,2023,16,leclerc,22.926,ferrari
hamilton,34,2,15:04:43,23.631,2023,16,hamilton,23.631,mercedes
gasly,34,2,15:05:03,24.651,2023,16,gasly,24.651,alpine
piastri,35,2,15:06:11,23.198,2023,16,piastri,23.198,mclaren
norris,36,2,15:07:43,23.182,2023,16,norris,23.182,mclaren
max_verstappen,37,2,15:09:05,23.696,2023,16,maxverstappen,23.696,red_bull
hulkenberg,37,3,15:10:23,23.338,2023,16,hulkenberg,23.338,haas
sainz,38,2,15:11:15,23.374,2023,16,sainz,23.374,ferrari
perez,14,4,15:14:59,30.651,2023,16,perez,30.651,red_bull
russell,1,1,20:05:46,39.686,2023,17,russell,39.686,mercedes
bottas,3,1,20:10:22,29.977,2023,17,bottas,29.977,alfa
kevin_magnussen,3,1,20:10:26,28.743,2023,17,kevinmagnussen,28.743,haas
stroll,3,1,20:10:27,28.886,2023,17,stroll,28.886,aston_martin
lawson,3,1,20:10:28,29.330,2023,17,lawson,29.33,alphatauri
tsunoda,9,1,20:20:28,27.781,2023,17,tsunoda,27.781,alphatauri
ocon,10,1,20:21:53,28.961,2023,17,ocon,28.961,alpine
alonso,11,1,20:23:19,28.373,2023,17,alonso,28.373,aston_martin
gasly,11,1,20:23:25,28.429,2023,17,gasly,28.429,alpine
piastri,12,1,20:24:45,28.875,2023,17,piastri,28.875,mclaren
leclerc,12,1,20:24:49,28.228,2023,17,leclerc,28.228,ferrari
norris,13,1,20:26:21,28.134,2023,17,norris,28.134,mclaren
hulkenberg,13,1,20:26:32,39.879,2023,17,hulkenberg,39.879,haas
sargeant,13,1,20:26:35,29.436,2023,17,sargeant,29.436,williams
russell,14,2,20:27:57,28.542,2023,17,russell,28.542,mercedes
max_verstappen,17,1,20:32:05,28.233,2023,17,maxverstappen,28.233,red_bull
perez,17,1,20:32:32,27.808,2023,17,perez,27.808,red_bull
albon,18,1,20:33:58,29.253,2023,17,albon,29.253,williams
zhou,18,1,20:34:06,28.984,2023,17,zhou,28.984,alfa
bottas,21,2,20:38:42,29.387,2023,17,bottas,29.387,alfa
stroll,21,2,20:38:45,28.156,2023,17,stroll,28.156,aston_martin
kevin_magnussen,21,2,20:38:52,28.948,2023,17,kevinmagnussen,28.948,haas
lawson,21,2,20:38:54,28.665,2023,17,lawson,28.665,alphatauri
tsunoda,22,2,20:40:25,27.596,2023,17,tsunoda,27.596,alphatauri
piastri,25,2,20:44:26,27.868,2023,17,piastri,27.868,mclaren
leclerc,25,2,20:44:40,27.873,2023,17,leclerc,27.873,ferrari
ocon,25,2,20:44:42,28.969,2023,17,ocon,28.969,alpine
alonso,26,2,20:46:01,28.432,2023,17,alonso,28.432,aston_martin
gasly,26,2,20:46:12,30.192,2023,17,gasly,30.192,alpine
sargeant,26,2,20:46:27,29.373,2023,17,sargeant,29.373,williams
norris,27,2,20:47:29,27.611,2023,17,norris,27.611,mclaren
hulkenberg,27,2,20:47:58,28.274,2023,17,hulkenberg,28.274,haas
perez,31,2,20:53:34,33.246,2023,17,perez,33.246,red_bull
albon,31,2,20:53:43,28.747,2023,17,albon,28.747,williams
russell,32,3,20:54:52,28.314,2023,17,russell,28.314,mercedes
max_verstappen,34,2,20:57:24,28.103,2023,17,maxverstappen,28.103,red_bull
zhou,35,2,20:59:41,28.854,2023,17,zhou,28.854,alfa
bottas,39,3,21:05:42,28.946,2023,17,bottas,28.946,alfa
stroll,39,3,21:05:45,29.399,2023,17,stroll,29.399,aston_martin
kevin_magnussen,39,3,21:05:53,30.331,2023,17,kevinmagnussen,30.331,haas
lawson,39,3,21:06:05,28.171,2023,17,lawson,28.171,alphatauri
hulkenberg,39,3,21:06:08,28.591,2023,17,hulkenberg,28.591,haas
tsunoda,40,3,21:07:30,27.809,2023,17,tsunoda,27.809,alphatauri
piastri,43,3,21:10:55,27.489,2023,17,piastri,27.489,mclaren
leclerc,43,3,21:11:17,27.513,2023,17,leclerc,27.513,ferrari
ocon,43,3,21:11:27,29.169,2023,17,ocon,29.169,alpine
perez,43,3,21:11:35,33.165,2023,17,perez,33.165,red_bull
norris,44,3,21:12:24,27.677,2023,17,norris,27.677,mclaren
alonso,44,3,21:12:50,28.393,2023,17,alonso,28.393,aston_martin
gasly,44,3,21:12:58,34.856,2023,17,gasly,34.856,alpine
albon,44,3,21:13:12,28.981,2023,17,albon,28.981,williams
russell,50,4,21:21:11,28.191,2023,17,russell,28.191,mercedes
max_verstappen,51,3,21:22:13,29.726,2023,17,maxverstappen,29.726,red_bull
zhou,52,3,21:24:48,28.815,2023,17,zhou,28.815,alfa
zhou,9,1,14:19:22,25.636,2023,18,zhou,25.636,alfa
albon,10,1,14:21:07,24.563,2023,18,albon,24.563,williams
bottas,10,1,14:21:09,24.783,2023,18,bottas,24.783,alfa
kevin_magnussen,10,1,14:21:11,25.067,2023,18,kevinmagnussen,25.067,haas
sargeant,11,1,14:22:55,24.990,2023,18,sargeant,24.99,williams
max_verstappen,16,1,14:31:06,23.756,2023,18,maxverstappen,23.756,red_bull
norris,17,1,14:32:42,24.155,2023,18,norris,24.155,mclaren
sainz,17,1,14:32:54,23.668,2023,18,sainz,23.668,ferrari
perez,17,1,14:32:58,24.245,2023,18,perez,24.245,red_bull
tsunoda,17,1,14:33:06,24.354,2023,18,tsunoda,24.354,alphatauri
gasly,18,1,14:34:46,23.900,2023,18,gasly,23.9,alpine
alonso,19,1,14:36:41,25.055,2023,18,alonso,25.055,aston_martin
hulkenberg,19,1,14:36:48,26.573,2023,18,hulkenberg,26.573,haas
hamilton,20,1,14:37:53,24.916,2023,18,hamilton,24.916,mercedes
stroll,20,1,14:38:28,24.457,2023,18,stroll,24.457,aston_martin
russell,21,1,14:39:49,24.357,2023,18,russell,24.357,mercedes
ricciardo,22,1,14:41:51,24.364,2023,18,ricciardo,24.364,alphatauri
leclerc,23,1,14:43:10,23.963,2023,18,leclerc,23.963,ferrari
zhou,27,2,14:50:48,24.717,2023,18,zhou,24.717,alfa
bottas,28,2,14:52:29,25.020,2023,18,bottas,25.02,alfa
albon,29,2,14:54:08,24.354,2023,18,albon,24.354,williams
kevin_magnussen,29,2,14:54:24,24.745,2023,18,kevinmagnussen,24.745,haas
sargeant,32,2,14:59:24,25.547,2023,18,sargeant,25.547,williams
norris,34,2,15:01:53,23.361,2023,18,norris,23.361,mclaren
tsunoda,34,2,15:02:26,24.125,2023,18,tsunoda,24.125,alphatauri
hulkenberg,34,2,15:02:47,24.308,2023,18,hulkenberg,24.308,haas
max_verstappen,35,2,15:03:31,24.974,2023,18,maxverstappen,24.974,red_bull
sainz,35,2,15:03:42,23.673,2023,18,sainz,23.673,ferrari
perez,37,2,15:07:07,23.747,2023,18,perez,23.747,red_bull
gasly,37,2,15:07:28,24.880,2023,18,gasly,24.88,alpine
hamilton,38,2,15:08:41,24.648,2023,18,hamilton,24.648,mercedes
russell,39,2,15:10:47,23.969,2023,18,russell,23.969,mercedes
stroll,40,2,15:12:45,23.955,2023,18,stroll,23.955,aston_martin
alonso,42,2,15:16:00,24.823,2023,18,alonso,24.823,aston_martin
ricciardo,47,2,15:25:15,26.513,2023,18,ricciardo,26.513,alphatauri
tsunoda,54,3,15:36:35,23.472,2023,18,tsunoda,23.472,alphatauri
tsunoda,9,1,14:16:34,30.121,2023,19,tsunoda,30.121,alphatauri
norris,11,1,14:19:23,23.408,2023,19,norris,23.408,mclaren
max_verstappen,19,1,14:30:10,22.427,2023,19,maxverstappen,22.427,red_bull
zhou,21,1,14:33:34,22.817,2023,19,zhou,22.817,alfa
sargeant,22,1,14:35:03,23.945,2023,19,sargeant,23.945,williams
hulkenberg,23,1,14:36:19,23.144,2023,19,hulkenberg,23.144,haas
kevin_magnussen,23,1,14:36:27,23.642,2023,19,kevinmagnussen,23.642,haas
hamilton,24,1,14:37:21,22.210,2023,19,hamilton,22.21,mercedes
piastri,25,1,14:38:53,23.734,2023,19,piastri,23.734,mclaren
russell,26,1,14:40:18,22.311,2023,19,russell,22.311,mercedes
ricciardo,27,1,14:41:39,22.406,2023,19,ricciardo,22.406,alphatauri
gasly,28,1,14:43:24,22.627,2023,19,gasly,22.627,alpine
alonso,29,1,14:45:06,22.844,2023,19,alonso,22.844,aston_martin
sainz,30,1,14:45:46,22.067,2023,19,sainz,22.067,ferrari
stroll,30,1,14:46:28,22.582,2023,19,stroll,22.582,aston_martin
leclerc,31,1,14:47:01,22.248,2023,19,leclerc,22.248,ferrari
bottas,31,1,14:47:48,23.638,2023,19,bottas,23.638,alfa
max_verstappen,33,2,14:50:02,22.372,2023,19,maxverstappen,22.372,red_bull
norris,33,2,14:50:50,22.563,2023,19,norris,22.563,mclaren
albon,33,1,14:50:54,23.680,2023,19,albon,23.68,williams
max_verstappen,1,1,14:05:19,18.535,2023,20,maxverstappen,18.535,red_bull
norris,1,1,14:05:21,19.386,2023,20,norris,19.386,mclaren
hamilton,1,1,14:05:24,18.521,2023,20,hamilton,18.521,mercedes
alonso,1,1,14:05:26,18.487,2023,20,alonso,18.487,aston_martin
stroll,1,1,14:05:28,18.504,2023,20,stroll,18.504,aston_martin
russell,1,1,14:05:30,20.449,2023,20,russell,20.449,mercedes
perez,1,1,14:05:32,20.811,2023,20,perez,20.811,red_bull
sainz,1,1,14:05:33,23.030,2023,20,sainz,23.03,ferrari
ocon,1,1,14:05:35,22.209,2023,20,ocon,22.209,alpine
tsunoda,1,1,14:05:39,20.969,2023,20,tsunoda,20.969,alphatauri
gasly,1,1,14:05:40,20.523,2023,20,gasly,20.523,alpine
bottas,1,1,14:05:41,20.732,2023,20,bottas,20.732,alfa
zhou,1,1,14:05:45,21.256,2023,20,zhou,21.256,alfa
sargeant,1,1,14:05:46,27.472,2023,20,sargeant,27.472,williams
hulkenberg,1,1,14:05:49,34.261,2023,20,hulkenberg,34.261,haas
piastri,2,2,14:33:41,38.489,2023,20,piastri,38.489,mclaren
ricciardo,2,2,14:33:47,32.770,2023,20,ricciardo,32.77,alphatauri
ocon,14,3,14:48:20,24.037,2023,20,ocon,24.037,alpine
zhou,15,3,14:49:40,23.953,2023,20,zhou,23.953,alfa
sargeant,17,3,14:52:18,24.367,2023,20,sargeant,24.367,williams
hamilton,18,3,14:53:23,23.571,2023,20,hamilton,23.571,mercedes
bottas,18,3,14:53:31,24.077,2023,20,bottas,24.077,alfa
russell,19,3,14:54:41,23.730,2023,20,russell,23.73,mercedes
perez,20,3,14:55:57,23.164,2023,20,perez,23.164,red_bull
hulkenberg,21,3,14:57:33,24.401,2023,20,hulkenberg,24.401,haas
stroll,22,3,14:58:34,23.558,2023,20,stroll,23.558,aston_martin
alonso,25,3,15:02:12,24.204,2023,20,alonso,24.204,aston_martin
piastri,24,3,15:02:38,23.536,2023,20,piastri,23.536,mclaren
sainz,26,3,15:03:43,23.557,2023,20,sainz,23.557,ferrari
gasly,26,3,15:03:46,25.295,2023,20,gasly,25.295,alpine
tsunoda,26,3,15:03:48,27.114,2023,20,tsunoda,27.114,alphatauri
max_verstappen,27,3,15:04:35,22.994,2023,20,maxverstappen,22.994,red_bull
norris,27,3,15:04:39,23.806,2023,20,norris,23.806,mclaren
ricciardo,26,3,15:05:07,23.955,2023,20,ricciardo,23.955,alphatauri
ocon,31,4,15:10:28,24.406,2023,20,ocon,24.406,alpine
sargeant,44,4,15:27:16,24.137,2023,20,sargeant,24.137,williams
russell,45,4,15:28:17,23.962,2023,20,russell,23.962,mercedes
perez,46,4,15:29:13,23.522,2023,20,perez,23.522,red_bull
hamilton,46,4,15:29:28,24.074,2023,20,hamilton,24.074,mercedes
gasly,46,4,15:29:32,23.583,2023,20,gasly,23.583,alpine
hulkenberg,46,4,15:30:00,23.841,2023,20,hulkenberg,23.841,haas
alonso,47,4,15:30:25,23.830,2023,20,alonso,23.83,aston_martin
sainz,51,4,15:35:44,23.704,2023,20,sainz,23.704,ferrari
ocon,51,5,15:36:12,23.599,2023,20,ocon,23.599,alpine
stroll,52,4,15:36:55,25.294,2023,20,stroll,25.294,aston_martin
piastri,52,4,15:38:37,23.338,2023,20,piastri,23.338,mclaren
tsunoda,55,4,15:41:00,23.453,2023,20,tsunoda,23.453,alphatauri
max_verstappen,56,4,15:41:21,23.397,2023,20,maxverstappen,23.397,red_bull
ricciardo,55,4,15:42:16,23.508,2023,20,ricciardo,23.508,alphatauri
norris,59,4,15:45:16,23.664,2023,20,norris,23.664,mclaren
perez,1,1,22:06:05,33.599,2023,21,perez,33.599,red_bull
alonso,1,1,22:06:26,29.304,2023,21,alonso,29.304,aston_martin
bottas,1,1,22:06:30,43.914,2023,21,bottas,43.914,alfa
stroll,3,1,22:10:06,22.222,2023,21,stroll,22.222,aston_martin
sainz,3,1,22:10:19,21.261,2023,21,sainz,21.261,ferrari
tsunoda,10,1,22:25:26,20.619,2023,21,tsunoda,20.619,alphatauri
hulkenberg,12,1,22:28:45,22.154,2023,21,hulkenberg,22.154,haas
kevin_magnussen,14,1,22:32:02,21.611,2023,21,kevinmagnussen,21.611,haas
russell,15,1,22:33:29,21.257,2023,21,russell,21.257,mercedes
sargeant,15,1,22:33:40,21.367,2023,21,sargeant,21.367,williams
max_verstappen,16,1,22:35:04,26.686,2023,21,maxverstappen,26.686,red_bull
albon,16,1,22:35:17,21.242,2023,21,albon,21.242,williams
piastri,16,1,22:35:19,23.269,2023,21,piastri,23.269,mclaren
gasly,17,1,22:36:53,22.262,2023,21,gasly,22.262,alpine
hamilton,17,1,22:37:11,25.047,2023,21,hamilton,25.047,mercedes
ricciardo,17,1,22:37:13,22.242,2023,21,ricciardo,22.242,alphatauri
ocon,20,1,22:41:58,21.763,2023,21,ocon,21.763,alpine
leclerc,21,1,22:43:18,22.559,2023,21,leclerc,22.559,ferrari
tsunoda,21,2,22:44:16,20.894,2023,21,tsunoda,20.894,alphatauri
bottas,24,2,22:49:10,21.575,2023,21,bottas,21.575,alfa
perez,26,2,22:51:52,21.568,2023,21,perez,21.568,red_bull
stroll,26,2,22:52:07,22.570,2023,21,stroll,22.57,aston_martin
max_verstappen,26,2,22:52:08,21.323,2023,21,maxverstappen,21.323,red_bull
russell,26,2,22:52:11,21.952,2023,21,russell,21.952,mercedes
sainz,26,2,22:52:13,22.630,2023,21,sainz,22.63,ferrari
alonso,26,2,22:52:17,23.214,2023,21,alonso,23.214,aston_martin
zhou,26,1,22:52:26,22.155,2023,21,zhou,22.155,alfa
kevin_magnussen,26,2,22:52:38,21.868,2023,21,kevinmagnussen,21.868,haas
hulkenberg,26,2,22:52:42,25.453,2023,21,hulkenberg,25.453,haas
hamilton,26,2,22:52:49,22.508,2023,21,hamilton,22.508,mercedes
piastri,43,2,23:22:11,20.535,2023,21,piastri,20.535,mclaren
kevin_magnussen,5,1,17:11:16,22.764,2023,22,kevinmagnussen,22.764,haas
ricciardo,7,1,17:14:15,21.692,2023,22,ricciardo,21.692,alphatauri
alonso,12,1,17:21:44,22.462,2023,22,alonso,22.462,aston_martin
piastri,13,1,17:23:13,21.697,2023,22,piastri,21.697,mclaren
hulkenberg,13,1,17:23:25,21.861,2023,22,hulkenberg,21.861,haas
zhou,13,1,17:23:27,22.867,2023,22,zhou,22.867,alfa
norris,14,1,17:24:40,24.061,2023,22,norris,24.061,mclaren
russell,14,1,17:24:42,21.650,2023,22,russell,21.65,mercedes
hamilton,15,1,17:26:21,22.195,2023,22,hamilton,22.195,mercedes
ocon,15,1,17:26:22,22.160,2023,22,ocon,22.16,alpine
sargeant,15,1,17:26:35,22.124,2023,22,sargeant,22.124,williams
max_verstappen,16,1,17:27:36,21.662,2023,22,maxverstappen,21.662,red_bull
albon,16,1,17:28:04,22.170,2023,22,albon,22.17,williams
leclerc,17,1,17:29:09,21.919,2023,22,leclerc,21.919,ferrari
perez,17,1,17:29:21,21.446,2023,22,perez,21.446,red_bull
gasly,17,1,17:29:26,23.091,2023,22,gasly,23.091,alpine
tsunoda,22,1,17:36:54,21.486,2023,22,tsunoda,21.486,alphatauri
stroll,22,1,17:36:59,21.866,2023,22,stroll,21.866,aston_martin
kevin_magnussen,22,2,17:37:30,22.163,2023,22,kevinmagnussen,22.163,haas
sainz,23,1,17:38:36,21.229,2023,22,sainz,21.229,ferrari
bottas,29,1,17:48:01,22.665,2023,22,bottas,22.665,alfa
ricciardo,31,2,17:50:51,21.740,2023,22,ricciardo,21.74,alphatauri
gasly,32,2,17:52:26,23.478,2023,22,gasly,23.478,alpine
norris,33,2,17:53:31,21.432,2023,22,norris,21.432,mclaren
hulkenberg,33,2,17:54:04,22.081,2023,22,hulkenberg,22.081,haas
russell,34,2,17:54:57,22.084,2023,22,russell,22.084,mercedes
leclerc,35,2,17:56:25,21.246,2023,22,leclerc,21.246,ferrari
hamilton,35,2,17:56:42,22.045,2023,22,hamilton,22.045,mercedes
piastri,36,2,17:58:08,21.156,2023,22,piastri,21.156,mclaren
alonso,36,2,17:58:11,21.841,2023,22,alonso,21.841,aston_martin
zhou,37,2,18:00:12,22.345,2023,22,zhou,22.345,alfa
sargeant,41,2,18:06:20,21.880,2023,22,sargeant,21.88,williams
perez,42,2,18:06:56,21.274,2023,22,perez,21.274,red_bull
stroll,42,2,18:07:20,21.667,2023,22,stroll,21.667,aston_martin
max_verstappen,43,2,18:08:09,21.275,2023,22,maxverstappen,21.275,red_bull
albon,43,2,18:09:09,21.919,2023,22,albon,21.919,williams
sainz,56,2,18:28:24,21.564,2023,22,sainz,21.564,ferrari
hulkenberg,1,1,18:05:33,36.604,2024,1,hulkenberg,36.604,haas
zhou,9,1,18:18:39,25.208,2024,1,zhou,25.208,sauber
stroll,9,1,18:18:42,24.418,2024,1,stroll,24.418,aston_martin
ocon,10,1,18:20:20,24.877,2024,1,ocon,24.877,alpine
sargeant,10,1,18:21:19,35.729,2024,1,sargeant,35.729,williams
russell,11,1,18:21:38,24.778,2024,1,russell,24.778,mercedes
leclerc,11,1,18:21:41,24.069,2024,1,leclerc,24.069,ferrari
kevin_magnussen,11,1,18:21:55,25.951,2024,1,kevinmagnussen,25.951,haas
perez,12,1,18:23:16,24.516,2024,1,perez,24.516,red_bull
piastri,12,1,18:23:24,25.450,2024,1,piastri,25.45,mclaren
hamilton,12,1,18:23:26,25.087,2024,1,hamilton,25.087,mercedes
gasly,12,1,18:23:38,29.980,2024,1,gasly,29.98,alpine
bottas,12,1,18:23:42,26.420,2024,1,bottas,26.42,sauber
norris,13,1,18:25:00,24.205,2024,1,norris,24.205,mclaren
ricciardo,13,1,18:25:17,24.988,2024,1,ricciardo,24.988,rb
sainz,14,1,18:26:32,24.474,2024,1,sainz,24.474,ferrari
tsunoda,14,1,18:26:47,24.724,2024,1,tsunoda,24.724,rb
alonso,15,1,18:28:24,24.786,2024,1,alonso,24.786,aston_martin
albon,15,1,18:28:29,24.681,2024,1,albon,24.681,williams
max_verstappen,17,1,18:31:12,25.064,2024,1,maxverstappen,25.064,red_bull
hulkenberg,20,2,18:37:08,24.768,2024,1,hulkenberg,24.768,haas
stroll,27,2,18:48:25,24.545,2024,1,stroll,24.545,aston_martin
zhou,28,2,18:49:59,25.094,2024,1,zhou,25.094,sauber
sargeant,28,2,18:51:33,25.070,2024,1,sargeant,25.07,williams
ocon,30,2,18:53:30,25.145,2024,1,ocon,25.145,alpine
russell,31,2,18:54:21,24.866,2024,1,russell,24.866,mercedes
gasly,31,2,18:55:10,26.462,2024,1,gasly,26.462,alpine
kevin_magnussen,32,2,18:56:37,24.446,2024,1,kevinmagnussen,24.446,haas
norris,33,2,18:57:39,24.705,2024,1,norris,24.705,mclaren
hamilton,33,2,18:57:45,24.094,2024,1,hamilton,24.094,mercedes
leclerc,34,2,18:59:13,24.136,2024,1,leclerc,24.136,ferrari
piastri,34,2,18:59:20,24.852,2024,1,piastri,24.852,mclaren
tsunoda,34,2,18:59:47,24.324,2024,1,tsunoda,24.324,rb
sainz,35,2,19:00:38,23.866,2024,1,sainz,23.866,ferrari
ricciardo,35,2,19:01:34,24.856,2024,1,ricciardo,24.856,rb
perez,36,2,19:02:12,24.563,2024,1,perez,24.563,red_bull
albon,36,2,19:03:09,24.610,2024,1,albon,24.61,williams
max_verstappen,37,2,19:03:29,24.209,2024,1,maxverstappen,24.209,red_bull
alonso,41,2,19:10:58,25.109,2024,1,alonso,25.109,aston_martin
sargeant,40,3,19:11:22,25.346,2024,1,sargeant,25.346,williams
hulkenberg,41,3,19:11:29,24.387,2024,1,hulkenberg,24.387,haas
gasly,43,3,19:14:55,25.240,2024,1,gasly,25.24,alpine
max_verstappen,7,1,20:15:25,20.607,2024,2,maxverstappen,20.607,red_bull
perez,7,1,20:15:30,22.196,2024,2,perez,22.196,red_bull
leclerc,7,1,20:15:31,23.419,2024,2,leclerc,23.419,ferrari
piastri,7,1,20:15:36,21.427,2024,2,piastri,21.427,mclaren
alonso,7,1,20:15:37,22.129,2024,2,alonso,22.129,aston_martin
russell,7,1,20:15:42,21.013,2024,2,russell,21.013,mercedes
bearman,7,1,20:15:51,22.457,2024,2,bearman,22.457,ferrari
tsunoda,7,1,20:15:51,21.694,2024,2,tsunoda,21.694,rb
albon,7,1,20:15:53,21.723,2024,2,albon,21.723,williams
kevin_magnussen,7,1,20:15:53,21.460,2024,2,kevinmagnussen,21.46,haas
ocon,7,1,20:15:59,22.502,2024,2,ocon,22.502,alpine
bottas,7,1,20:16:00,22.795,2024,2,bottas,22.795,sauber
sargeant,7,1,20:16:01,23.645,2024,2,sargeant,23.645,williams
hulkenberg,33,1,20:59:21,21.035,2024,2,hulkenberg,21.035,haas
bottas,35,2,21:02:58,23.281,2024,2,bottas,23.281,sauber
hamilton,36,1,21:03:38,20.170,2024,2,hamilton,20.17,mercedes
norris,37,1,21:05:08,22.211,2024,2,norris,22.211,mclaren
zhou,41,1,21:12:03,46.381,2024,2,zhou,46.381,sauber
ricciardo,5,1,15:10:25,18.265,2024,3,ricciardo,18.265,rb
albon,6,1,15:11:45,17.755,2024,3,albon,17.755,williams
zhou,6,1,15:11:49,19.032,2024,3,zhou,19.032,sauber
hamilton,7,1,15:13:04,17.596,2024,3,hamilton,17.596,mercedes
kevin_magnussen,7,1,15:13:08,18.301,2024,3,kevinmagnussen,18.301,haas
russell,8,1,15:14:23,18.046,2024,3,russell,18.046,mercedes
stroll,8,1,15:14:26,17.901,2024,3,stroll,17.901,aston_martin
bottas,8,1,15:14:30,46.969,2024,3,bottas,46.969,sauber
leclerc,9,1,15:15:42,17.409,2024,3,leclerc,17.409,ferrari
piastri,9,1,15:15:43,17.573,2024,3,piastri,17.573,mclaren
tsunoda,9,1,15:15:50,18.523,2024,3,tsunoda,18.523,rb
ocon,9,1,15:15:55,18.287,2024,3,ocon,18.287,alpine
norris,14,1,15:22:37,17.776,2024,3,norris,17.776,mclaren
perez,14,1,15:22:45,18.112,2024,3,perez,18.112,red_bull
sainz,16,1,15:25:14,17.599,2024,3,sainz,17.599,ferrari
ocon,16,2,15:25:58,30.626,2024,3,ocon,30.626,alpine
alonso,17,1,15:27:06,18.160,2024,3,alonso,18.16,aston_martin
hulkenberg,17,1,15:27:28,18.320,2024,3,hulkenberg,18.32,haas
gasly,17,1,15:27:32,20.316,2024,3,gasly,20.316,alpine
albon,27,2,15:41:35,17.745,2024,3,albon,17.745,williams
ricciardo,29,2,15:44:29,17.751,2024,3,ricciardo,17.751,rb
kevin_magnussen,33,2,15:49:58,18.151,2024,3,kevinmagnussen,18.151,haas
leclerc,34,2,15:50:35,17.308,2024,3,leclerc,17.308,ferrari
perez,35,2,15:52:18,17.222,2024,3,perez,17.222,red_bull
hulkenberg,35,2,15:52:40,18.145,2024,3,hulkenberg,18.145,haas
zhou,35,2,15:52:50,36.866,2024,3,zhou,36.866,sauber
tsunoda,36,2,15:53:59,17.535,2024,3,tsunoda,17.535,rb
bottas,36,2,15:54:30,18.938,2024,3,bottas,18.938,sauber
stroll,37,2,15:55:19,17.977,2024,3,stroll,17.977,aston_martin
piastri,39,2,15:57:32,18.533,2024,3,piastri,18.533,mclaren
norris,40,2,15:58:46,17.653,2024,3,norris,17.653,mclaren
sainz,41,2,15:59:57,17.740,2024,3,sainz,17.74,ferrari
alonso,41,2,16:00:37,17.995,2024,3,alonso,17.995,aston_martin
gasly,41,2,16:01:21,17.682,2024,3,gasly,17.682,alpine
ocon,42,3,16:02:51,18.007,2024,3,ocon,18.007,alpine
russell,45,2,16:06:07,17.964,2024,3,russell,17.964,mercedes
hulkenberg,5,2,14:40:46,23.622,2024,4,hulkenberg,23.622,haas
bottas,6,2,14:42:21,24.824,2024,4,bottas,24.824,sauber
tsunoda,7,2,14:43:59,23.358,2024,4,tsunoda,23.358,rb
zhou,7,2,14:44:07,23.910,2024,4,zhou,23.91,sauber
norris,11,2,14:50:21,23.049,2024,4,norris,23.049,mclaren
zhou,11,3,14:51:01,26.653,2024,4,zhou,26.653,sauber
piastri,12,2,14:52:06,23.420,2024,4,piastri,23.42,mclaren
stroll,12,2,14:52:17,23.358,2024,4,stroll,23.358,aston_martin
alonso,13,2,14:53:43,22.998,2024,4,alonso,22.998,aston_martin
perez,15,2,14:56:51,22.990,2024,4,perez,22.99,red_bull
sainz,15,2,14:56:55,23.136,2024,4,sainz,23.136,ferrari
max_verstappen,16,2,14:58:23,23.177,2024,4,maxverstappen,23.177,red_bull
gasly,16,2,14:59:18,23.844,2024,4,gasly,23.844,alpine
ocon,19,2,15:04:11,23.394,2024,4,ocon,23.394,alpine
russell,22,2,15:08:39,23.577,2024,4,russell,23.577,mercedes
kevin_magnussen,22,2,15:09:03,26.198,2024,4,kevinmagnussen,26.198,haas
bottas,22,3,15:09:04,25.946,2024,4,bottas,25.946,sauber
sargeant,22,2,15:09:04,25.530,2024,4,sargeant,25.53,williams
tsunoda,22,3,15:09:05,23.486,2024,4,tsunoda,23.486,rb
stroll,22,3,15:09:06,23.238,2024,4,stroll,23.238,aston_martin
hamilton,23,2,15:10:21,23.333,2024,4,hamilton,23.333,mercedes
leclerc,26,2,15:15:01,23.285,2024,4,leclerc,23.285,ferrari
norris,26,3,15:15:02,23.232,2024,4,norris,23.232,mclaren
piastri,32,3,15:25:00,22.848,2024,4,piastri,22.848,mclaren
gasly,32,3,15:26:03,23.102,2024,4,gasly,23.102,alpine
perez,33,3,15:26:18,22.956,2024,4,perez,22.956,red_bull
alonso,33,3,15:26:33,23.157,2024,4,alonso,23.157,aston_martin
hulkenberg,33,3,15:27:22,23.993,2024,4,hulkenberg,23.993,haas
ocon,33,3,15:27:33,24.181,2024,4,ocon,24.181,alpine
max_verstappen,34,3,15:27:43,23.234,2024,4,maxverstappen,23.234,red_bull
stroll,34,4,15:28:58,22.911,2024,4,stroll,22.911,aston_martin
sargeant,34,3,15:29:04,24.220,2024,4,sargeant,24.22,williams
sainz,36,3,15:31:14,23.591,2024,4,sainz,23.591,ferrari
russell,37,3,15:33:07,22.991,2024,4,russell,22.991,mercedes
hamilton,39,3,15:36:25,23.956,2024,4,hamilton,23.956,mercedes
sargeant,41,4,15:41:24,23.287,2024,4,sargeant,23.287,williams
hulkenberg,8,1,15:17:30,23.004,2024,5,hulkenberg,23.004,haas
tsunoda,8,1,15:17:35,23.160,2024,5,tsunoda,23.16,rb
zhou,8,1,15:17:39,23.362,2024,5,zhou,23.362,sauber
stroll,9,1,15:19:10,23.823,2024,5,stroll,23.823,aston_martin
bottas,9,1,15:19:12,22.949,2024,5,bottas,22.949,sauber
ocon,9,1,15:19:14,23.156,2024,5,ocon,23.156,alpine
albon,9,1,15:19:15,23.273,2024,5,albon,23.273,williams
hamilton,9,1,15:19:19,22.518,2024,5,hamilton,22.518,mercedes
alonso,11,1,15:22:28,23.049,2024,5,alonso,23.049,aston_martin
russell,11,1,15:22:32,22.415,2024,5,russell,22.415,mercedes
gasly,11,1,15:22:43,39.712,2024,5,gasly,39.712,alpine
sargeant,12,1,15:24:34,23.229,2024,5,sargeant,23.229,williams
max_verstappen,13,1,15:25:33,22.456,2024,5,maxverstappen,22.456,red_bull
perez,13,1,15:25:43,22.027,2024,5,perez,22.027,red_bull
ricciardo,14,1,15:27:53,22.598,2024,5,ricciardo,22.598,rb
piastri,16,1,15:31:03,22.673,2024,5,piastri,22.673,mclaren
sainz,17,1,15:32:49,22.629,2024,5,sainz,22.629,ferrari
kevin_magnussen,17,1,15:33:13,22.974,2024,5,kevinmagnussen,22.974,haas
leclerc,21,1,15:39:34,22.360,2024,5,leclerc,22.36,ferrari
stroll,21,2,15:40:07,22.911,2024,5,stroll,22.911,aston_martin
hamilton,21,2,15:40:23,22.662,2024,5,hamilton,22.662,mercedes
norris,22,1,15:41:37,22.161,2024,5,norris,22.161,mclaren
max_verstappen,23,2,15:43:44,22.270,2024,5,maxverstappen,22.27,red_bull
perez,23,2,15:44:03,22.371,2024,5,perez,22.371,red_bull
alonso,23,2,15:44:21,22.687,2024,5,alonso,22.687,aston_martin
russell,23,2,15:44:25,22.707,2024,5,russell,22.707,mercedes
hulkenberg,23,2,15:44:41,23.336,2024,5,hulkenberg,23.336,haas
ocon,23,2,15:44:48,23.208,2024,5,ocon,23.208,alpine
tsunoda,23,2,15:44:54,22.387,2024,5,tsunoda,22.387,rb
albon,23,2,15:44:57,23.600,2024,5,albon,23.6,williams
zhou,23,2,15:45:02,25.610,2024,5,zhou,25.61,sauber
gasly,23,2,15:45:12,23.987,2024,5,gasly,23.987,alpine
piastri,24,2,15:46:41,22.262,2024,5,piastri,22.262,mclaren
sargeant,24,2,15:47:14,22.684,2024,5,sargeant,22.684,williams
kevin_magnussen,27,2,15:54:22,25.727,2024,5,kevinmagnussen,25.727,haas
stroll,35,4,16:10:09,34.777,2024,5,stroll,34.777,aston_martin
gasly,38,3,16:15:11,22.836,2024,5,gasly,22.836,alpine
zhou,40,3,16:18:35,23.252,2024,5,zhou,23.252,sauber
alonso,43,3,16:23:18,23.179,2024,5,alonso,23.179,aston_martin
albon,10,1,16:19:16,22.828,2024,6,albon,22.828,williams
stroll,11,1,16:20:48,23.038,2024,6,stroll,23.038,aston_martin
sargeant,11,1,16:20:52,22.611,2024,6,sargeant,22.611,williams
bottas,11,1,16:20:55,23.730,2024,6,bottas,23.73,sauber
hulkenberg,12,1,16:22:21,23.055,2024,6,hulkenberg,23.055,haas
gasly,12,1,16:22:22,22.466,2024,6,gasly,22.466,alpine
perez,17,1,16:29:57,21.695,2024,6,perez,21.695,red_bull
leclerc,19,1,16:32:56,21.825,2024,6,leclerc,21.825,ferrari
ocon,22,1,16:38:08,22.663,2024,6,ocon,22.663,alpine
alonso,22,1,16:38:11,22.374,2024,6,alonso,22.374,aston_martin
kevin_magnussen,22,1,16:38:18,23.265,2024,6,kevinmagnussen,23.265,haas
max_verstappen,23,1,16:39:17,22.187,2024,6,maxverstappen,22.187,red_bull
russell,24,1,16:41:18,22.800,2024,6,russell,22.8,mercedes
hamilton,26,1,16:44:23,22.107,2024,6,hamilton,22.107,mercedes
piastri,27,1,16:45:31,22.216,2024,6,piastri,22.216,mclaren
sainz,27,1,16:45:33,22.805,2024,6,sainz,22.805,ferrari
perez,28,2,16:47:40,22.396,2024,6,perez,22.396,red_bull
tsunoda,28,1,16:47:44,22.153,2024,6,tsunoda,22.153,rb
zhou,28,1,16:48:01,23.017,2024,6,zhou,23.017,sauber
ricciardo,28,1,16:48:05,22.540,2024,6,ricciardo,22.54,rb
hulkenberg,28,2,16:48:13,22.487,2024,6,hulkenberg,22.487,haas
stroll,28,2,16:48:15,22.631,2024,6,stroll,22.631,aston_martin
kevin_magnussen,28,2,16:48:47,29.727,2024,6,kevinmagnussen,29.727,haas
norris,29,1,16:49:15,22.041,2024,6,norris,22.041,mclaren
bottas,29,2,16:50:34,22.765,2024,6,bottas,22.765,sauber
kevin_magnussen,31,3,16:54:36,30.732,2024,6,kevinmagnussen,30.732,haas
piastri,40,2,17:08:34,30.409,2024,6,piastri,30.409,mclaren
albon,53,2,17:29:03,22.567,2024,6,albon,22.567,williams
alonso,7,1,15:13:08,31.368,2024,7,alonso,31.368,aston_martin
albon,8,1,15:14:25,30.050,2024,7,albon,30.05,williams
gasly,8,1,15:14:26,30.081,2024,7,gasly,30.081,alpine
bottas,8,1,15:14:28,30.240,2024,7,bottas,30.24,sauber
albon,9,2,15:17:08,33.179,2024,7,albon,33.179,williams
ricciardo,11,1,15:18:29,30.068,2024,7,ricciardo,30.068,rb
tsunoda,12,1,15:19:49,29.628,2024,7,tsunoda,29.628,rb
hulkenberg,13,1,15:21:11,29.749,2024,7,hulkenberg,29.749,haas
russell,21,1,15:31:57,29.664,2024,7,russell,29.664,mercedes
norris,22,1,15:33:08,29.956,2024,7,norris,29.956,mclaren
piastri,23,1,15:34:37,29.770,2024,7,piastri,29.77,mclaren
max_verstappen,24,1,15:35:46,30.416,2024,7,maxverstappen,30.416,red_bull
albon,23,3,15:36:52,38.413,2024,7,albon,38.413,williams
leclerc,25,1,15:37:15,30.149,2024,7,leclerc,30.149,ferrari
ocon,25,1,15:37:56,30.659,2024,7,ocon,30.659,alpine
sainz,27,1,15:40:03,30.508,2024,7,sainz,30.508,ferrari
hamilton,27,1,15:40:14,29.547,2024,7,hamilton,29.547,mercedes
albon,28,4,15:44:25,31.131,2024,7,albon,31.131,williams
gasly,30,2,15:45:06,30.654,2024,7,gasly,30.654,alpine
sargeant,31,1,15:46:28,31.085,2024,7,sargeant,31.085,williams
zhou,33,1,15:49:09,30.244,2024,7,zhou,30.244,sauber
perez,37,1,15:54:16,29.669,2024,7,perez,29.669,red_bull
stroll,37,1,15:54:22,29.971,2024,7,stroll,29.971,aston_martin
kevin_magnussen,37,1,15:54:36,31.302,2024,7,kevinmagnussen,31.302,haas
alonso,40,2,15:59:03,30.483,2024,7,alonso,30.483,aston_martin
russell,52,2,16:14:22,29.605,2024,7,russell,29.605,mercedes
alonso,59,3,16:25:23,29.931,2024,7,alonso,29.931,aston_martin
bottas,15,2,16:04:57,24.239,2024,8,bottas,24.239,sauber
stroll,42,2,16:41:05,24.132,2024,8,stroll,24.132,aston_martin
stroll,48,3,16:49:27,28.211,2024,8,stroll,28.211,aston_martin
hamilton,51,2,16:52:10,24.232,2024,8,hamilton,24.232,mercedes
max_verstappen,52,2,16:53:26,23.813,2024,8,maxverstappen,23.813,red_bull
sargeant,57,2,17:01:43,24.384,2024,8,sargeant,24.384,williams
zhou,70,2,17:19:04,24.367,2024,8,zhou,24.367,sauber
kevin_magnussen,7,1,14:14:25,30.472,2024,9,kevinmagnussen,30.472,haas
hulkenberg,12,1,14:22:33,24.233,2024,9,hulkenberg,24.233,haas
zhou,24,1,14:40:42,25.598,2024,9,zhou,25.598,sauber
max_verstappen,25,1,14:40:52,24.306,2024,9,maxverstappen,24.306,red_bull
russell,25,1,14:40:52,24.044,2024,9,russell,24.044,mercedes
piastri,25,1,14:40:53,23.977,2024,9,piastri,23.977,mclaren
alonso,25,1,14:41:12,25.788,2024,9,alonso,25.788,aston_martin
hamilton,25,1,14:41:13,23.762,2024,9,hamilton,23.762,mercedes
stroll,25,1,14:41:47,24.284,2024,9,stroll,24.284,aston_martin
albon,25,1,14:41:54,24.753,2024,9,albon,24.753,williams
leclerc,25,1,14:41:58,24.031,2024,9,leclerc,24.031,ferrari
sainz,25,1,14:42:01,27.626,2024,9,sainz,27.626,ferrari
kevin_magnussen,25,2,14:42:03,26.794,2024,9,kevinmagnussen,26.794,haas
gasly,25,1,14:42:06,24.911,2024,9,gasly,24.911,alpine
perez,25,1,14:42:09,33.762,2024,9,perez,33.762,red_bull
hulkenberg,25,2,14:42:21,24.668,2024,9,hulkenberg,24.668,haas
norris,26,1,14:42:44,23.423,2024,9,norris,23.423,mclaren
ricciardo,26,1,14:43:37,30.298,2024,9,ricciardo,30.298,rb
leclerc,28,2,14:47:31,47.186,2024,9,leclerc,47.186,ferrari
leclerc,31,3,14:53:31,24.629,2024,9,leclerc,24.629,ferrari
gasly,40,2,15:05:55,24.408,2024,9,gasly,24.408,alpine
kevin_magnussen,41,3,15:07:24,24.833,2024,9,kevinmagnussen,24.833,haas
bottas,42,1,15:08:45,24.929,2024,9,bottas,24.929,sauber
hamilton,43,2,15:09:46,24.226,2024,9,hamilton,24.226,mercedes
ricciardo,43,2,15:10:10,23.860,2024,9,ricciardo,23.86,rb
sainz,43,2,15:10:12,24.125,2024,9,sainz,24.125,ferrari
perez,43,2,15:10:12,24.423,2024,9,perez,24.423,red_bull
piastri,44,2,15:11:10,23.476,2024,9,piastri,23.476,mclaren
alonso,44,2,15:11:23,24.346,2024,9,alonso,24.346,aston_martin
tsunoda,44,1,15:11:26,25.569,2024,9,tsunoda,25.569,rb
stroll,44,2,15:11:30,25.025,2024,9,stroll,25.025,aston_martin
ocon,44,1,15:11:32,24.495,2024,9,ocon,24.495,alpine
albon,44,2,15:11:34,24.804,2024,9,albon,24.804,williams
hulkenberg,44,3,15:11:43,24.751,2024,9,hulkenberg,24.751,haas
max_verstappen,45,2,15:12:29,24.246,2024,9,maxverstappen,24.246,red_bull
russell,45,2,15:12:31,25.431,2024,9,russell,25.431,mercedes
norris,47,2,15:15:19,23.983,2024,9,norris,23.983,mclaren
zhou,52,3,15:25:02,28.375,2024,9,zhou,28.375,sauber
russell,54,3,15:25:19,28.157,2024,9,russell,28.157,mercedes
hamilton,54,3,15:25:24,28.817,2024,9,hamilton,28.817,mercedes
kevin_magnussen,54,4,15:26:25,26.845,2024,9,kevinmagnussen,26.845,haas
zhou,9,1,15:15:47,22.523,2024,10,zhou,22.523,sauber
tsunoda,9,1,15:15:48,22.064,2024,10,tsunoda,22.064,rb
kevin_magnussen,10,1,15:17:08,23.360,2024,10,kevinmagnussen,23.36,haas
bottas,11,1,15:18:28,22.744,2024,10,bottas,22.744,sauber
hulkenberg,12,1,15:19:44,22.722,2024,10,hulkenberg,22.722,haas
ocon,13,1,15:21:03,21.834,2024,10,ocon,21.834,alpine
perez,13,1,15:21:05,22.181,2024,10,perez,22.181,red_bull
gasly,14,1,15:22:19,26.097,2024,10,gasly,26.097,alpine
sargeant,14,1,15:22:45,22.401,2024,10,sargeant,22.401,williams
russell,15,1,15:23:33,25.023,2024,10,russell,25.023,mercedes
sainz,15,1,15:23:36,22.194,2024,10,sainz,22.194,ferrari
hamilton,16,1,15:24:57,21.840,2024,10,hamilton,21.84,mercedes
ricciardo,16,1,15:25:24,22.364,2024,10,ricciardo,22.364,rb
max_verstappen,17,1,15:26:11,21.544,2024,10,maxverstappen,21.544,red_bull
stroll,17,1,15:26:39,21.880,2024,10,stroll,21.88,aston_martin
albon,18,1,15:28:15,23.248,2024,10,albon,23.248,williams
alonso,19,1,15:29:25,21.957,2024,10,alonso,21.957,aston_martin
piastri,21,1,15:31:54,22.224,2024,10,piastri,22.224,mclaren
norris,23,1,15:34:21,21.618,2024,10,norris,21.618,mclaren
leclerc,24,1,15:35:49,22.260,2024,10,leclerc,22.26,ferrari
tsunoda,27,2,15:40:44,22.084,2024,10,tsunoda,22.084,rb
bottas,28,2,15:41:58,22.963,2024,10,bottas,22.963,sauber
kevin_magnussen,29,2,15:43:22,28.967,2024,10,kevinmagnussen,28.967,haas
perez,31,2,15:45:43,21.464,2024,10,perez,21.464,red_bull
sargeant,34,2,15:50:28,22.506,2024,10,sargeant,22.506,williams
russell,36,2,15:52:01,22.700,2024,10,russell,22.7,mercedes
sainz,36,2,15:52:05,22.249,2024,10,sainz,22.249,ferrari
ocon,37,2,15:53:54,21.921,2024,10,ocon,21.921,alpine
stroll,37,2,15:54:06,23.381,2024,10,stroll,23.381,aston_martin
gasly,38,2,15:55:06,21.687,2024,10,gasly,21.687,alpine
hulkenberg,38,2,15:55:17,22.518,2024,10,hulkenberg,22.518,haas
zhou,41,2,15:59:31,24.253,2024,10,zhou,24.253,sauber
ricciardo,42,2,16:01:01,22.108,2024,10,ricciardo,22.108,rb
hamilton,43,2,16:01:21,21.603,2024,10,hamilton,21.603,mercedes
max_verstappen,44,2,16:02:29,22.340,2024,10,maxverstappen,22.34,red_bull
albon,43,2,16:02:33,21.892,2024,10,albon,21.892,williams
tsunoda,44,3,16:04:06,22.564,2024,10,tsunoda,22.564,rb
alonso,45,2,16:04:54,22.571,2024,10,alonso,22.571,aston_martin
piastri,46,2,16:05:37,22.420,2024,10,piastri,22.42,mclaren
norris,47,2,16:06:31,22.631,2024,10,norris,22.631,mclaren
leclerc,47,2,16:06:44,21.624,2024,10,leclerc,21.624,ferrari
perez,49,3,16:09:52,21.472,2024,10,perez,21.472,red_bull
leclerc,1,1,15:04:20,31.917,2024,11,leclerc,31.917,ferrari
sargeant,1,1,15:04:23,31.722,2024,11,sargeant,31.722,williams
kevin_magnussen,10,1,15:15:02,21.518,2024,11,kevinmagnussen,21.518,haas
ricciardo,10,1,15:15:04,21.502,2024,11,ricciardo,21.502,rb
hulkenberg,11,1,15:16:12,22.355,2024,11,hulkenberg,22.355,haas
alonso,11,1,15:16:18,21.483,2024,11,alonso,21.483,aston_martin
albon,12,1,15:17:30,21.878,2024,11,albon,21.878,williams
leclerc,16,2,15:22:38,21.685,2024,11,leclerc,21.685,ferrari
ocon,19,1,15:25:51,22.291,2024,11,ocon,22.291,alpine
bottas,19,1,15:26:01,21.918,2024,11,bottas,21.918,sauber
gasly,20,1,15:27:05,21.431,2024,11,gasly,21.431,alpine
stroll,20,1,15:27:11,21.399,2024,11,stroll,21.399,aston_martin
sargeant,20,2,15:27:51,22.502,2024,11,sargeant,22.502,williams
hamilton,21,1,15:28:03,21.563,2024,11,hamilton,21.563,mercedes
perez,21,1,15:28:10,21.291,2024,11,perez,21.291,red_bull
tsunoda,21,1,15:28:21,21.250,2024,11,tsunoda,21.25,rb
russell,22,1,15:29:09,21.673,2024,11,russell,21.673,mercedes
sainz,22,1,15:29:12,21.226,2024,11,sainz,21.226,ferrari
max_verstappen,23,1,15:30:10,21.899,2024,11,maxverstappen,21.899,red_bull
norris,23,1,15:30:16,21.617,2024,11,norris,21.617,mclaren
piastri,25,1,15:32:49,20.978,2024,11,piastri,20.978,mclaren
zhou,28,1,15:37:09,23.198,2024,11,zhou,23.198,sauber
leclerc,33,3,15:43:03,22.243,2024,11,leclerc,22.243,ferrari
alonso,35,2,15:45:19,33.947,2024,11,alonso,33.947,aston_martin
ricciardo,37,2,15:47:39,21.093,2024,11,ricciardo,21.093,rb
kevin_magnussen,38,2,15:48:49,21.832,2024,11,kevinmagnussen,21.832,haas
hulkenberg,39,2,15:49:55,21.814,2024,11,hulkenberg,21.814,haas
albon,39,2,15:50:11,21.692,2024,11,albon,21.692,williams
gasly,42,2,15:53:40,22.043,2024,11,gasly,22.043,alpine
bottas,42,2,15:53:49,21.991,2024,11,bottas,21.991,sauber
ocon,43,2,15:54:52,21.231,2024,11,ocon,21.231,alpine
stroll,43,2,15:54:58,21.302,2024,11,stroll,21.302,aston_martin
tsunoda,44,2,15:56:07,23.444,2024,11,tsunoda,23.444,rb
russell,46,2,15:57:41,21.229,2024,11,russell,21.229,mercedes
sainz,47,2,15:58:55,21.283,2024,11,sainz,21.283,ferrari
sargeant,49,3,16:03:04,22.093,2024,11,sargeant,22.093,williams
max_verstappen,51,2,16:03:13,25.841,2024,11,maxverstappen,25.841,red_bull
norris,51,2,16:03:21,21.411,2024,11,norris,21.411,mclaren
piastri,51,2,16:03:40,20.775,2024,11,piastri,20.775,mclaren
perez,51,2,16:04:03,27.500,2024,11,perez,27.5,red_bull
leclerc,51,4,16:04:33,20.903,2024,11,leclerc,20.903,ferrari
zhou,51,2,16:05:02,21.594,2024,11,zhou,21.594,sauber
hamilton,53,2,16:06:06,27.281,2024,11,hamilton,27.281,mercedes
max_verstappen,64,3,16:19:06,22.729,2024,11,maxverstappen,22.729,red_bull
alonso,68,3,16:25:31,22.487,2024,11,alonso,22.487,aston_martin
zhou,12,1,15:22:07,29.178,2024,12,zhou,29.178,sauber
leclerc,19,1,15:32:51,28.481,2024,12,leclerc,28.481,ferrari
perez,19,1,15:32:59,28.391,2024,12,perez,28.391,red_bull
ocon,19,1,15:33:21,28.495,2024,12,ocon,28.495,alpine
zhou,19,2,15:33:46,29.838,2024,12,zhou,29.838,sauber
ocon,21,2,15:37:02,28.276,2024,12,ocon,28.276,alpine
max_verstappen,26,1,15:43:41,28.365,2024,12,maxverstappen,28.365,red_bull
sainz,26,1,15:43:42,29.199,2024,12,sainz,29.199,ferrari
hulkenberg,26,1,15:43:59,29.412,2024,12,hulkenberg,29.412,haas
stroll,26,1,15:44:01,29.023,2024,12,stroll,29.023,aston_martin
ricciardo,26,1,15:44:23,28.875,2024,12,ricciardo,28.875,rb
bottas,26,1,15:44:42,30.628,2024,12,bottas,30.628,sauber
norris,27,1,15:45:13,28.661,2024,12,norris,28.661,mclaren
hamilton,27,1,15:45:17,28.929,2024,12,hamilton,28.929,mercedes
russell,27,1,15:45:20,32.045,2024,12,russell,32.045,mercedes
alonso,27,1,15:45:51,29.341,2024,12,alonso,29.341,aston_martin
albon,27,1,15:45:53,34.742,2024,12,albon,34.742,williams
ocon,26,3,15:45:57,29.289,2024,12,ocon,29.289,alpine
kevin_magnussen,27,1,15:45:59,30.308,2024,12,kevinmagnussen,30.308,haas
sargeant,27,1,15:46:01,32.801,2024,12,sargeant,32.801,williams
zhou,26,3,15:46:39,29.125,2024,12,zhou,29.125,sauber
piastri,28,1,15:47:12,29.541,2024,12,piastri,29.541,mclaren
leclerc,27,2,15:47:17,29.233,2024,12,leclerc,29.233,ferrari
perez,28,2,15:49:13,32.313,2024,12,perez,32.313,red_bull
kevin_magnussen,37,2,16:03:41,29.884,2024,12,kevinmagnussen,29.884,haas
ricciardo,37,2,16:03:44,29.873,2024,12,ricciardo,29.873,rb
bottas,37,2,16:04:05,31.527,2024,12,bottas,31.527,sauber
hamilton,38,2,16:04:09,30.038,2024,12,hamilton,30.038,mercedes
max_verstappen,38,2,16:04:14,29.076,2024,12,maxverstappen,29.076,red_bull
piastri,38,2,16:04:29,29.200,2024,12,piastri,29.2,mclaren
leclerc,37,3,16:04:40,29.166,2024,12,leclerc,29.166,ferrari
perez,37,3,16:04:59,29.300,2024,12,perez,29.3,red_bull
alonso,38,2,16:05:03,29.686,2024,12,alonso,29.686,aston_martin
tsunoda,38,2,16:05:07,29.658,2024,12,tsunoda,29.658,rb
albon,38,2,16:05:11,29.410,2024,12,albon,29.41,williams
sargeant,38,2,16:05:23,29.444,2024,12,sargeant,29.444,williams
norris,39,2,16:05:44,30.387,2024,12,norris,30.387,mclaren
zhou,37,4,16:06:00,33.083,2024,12,zhou,33.083,sauber
sainz,39,2,16:06:06,29.097,2024,12,sainz,29.097,ferrari
hulkenberg,39,2,16:06:28,30.265,2024,12,hulkenberg,30.265,haas
stroll,39,2,16:06:33,29.469,2024,12,stroll,29.469,aston_martin
ocon,38,4,16:06:52,29.086,2024,12,ocon,29.086,alpine
perez,47,4,16:20:38,28.871,2024,12,perez,28.871,red_bull
sainz,50,3,16:22:59,28.706,2024,12,sainz,28.706,ferrari
hulkenberg,2,1,15:06:01,22.287,2024,13,hulkenberg,22.287,haas
albon,6,1,15:11:43,22.091,2024,13,albon,22.091,williams
kevin_magnussen,6,1,15:11:43,21.871,2024,13,kevinmagnussen,21.871,haas
ocon,6,1,15:11:47,21.829,2024,13,ocon,21.829,alpine
alonso,7,1,15:13:05,22.542,2024,13,alonso,22.542,aston_martin
ricciardo,7,1,15:13:08,21.084,2024,13,ricciardo,21.084,rb
zhou,7,1,15:13:15,21.993,2024,13,zhou,21.993,sauber
sargeant,8,1,15:14:38,21.757,2024,13,sargeant,21.757,williams
stroll,14,1,15:23:01,23.237,2024,13,stroll,23.237,aston_martin
hamilton,16,1,15:25:36,21.306,2024,13,hamilton,21.306,mercedes
bottas,16,1,15:25:58,22.146,2024,13,bottas,22.146,sauber
norris,17,1,15:26:55,21.861,2024,13,norris,21.861,mclaren
piastri,18,1,15:28:15,21.641,2024,13,piastri,21.641,mclaren
max_verstappen,21,1,15:32:38,22.101,2024,13,maxverstappen,22.101,red_bull
sainz,21,1,15:32:46,21.655,2024,13,sainz,21.655,ferrari
leclerc,23,1,15:35:30,21.894,2024,13,leclerc,21.894,ferrari
perez,28,1,15:43:04,21.395,2024,13,perez,21.395,red_bull
gasly,28,1,15:43:16,21.405,2024,13,gasly,21.405,alpine
ricciardo,28,2,15:43:23,21.378,2024,13,ricciardo,21.378,rb
tsunoda,29,1,15:44:27,21.467,2024,13,tsunoda,21.467,rb
hulkenberg,29,2,15:44:45,22.472,2024,13,hulkenberg,22.472,haas
albon,29,2,15:44:46,23.410,2024,13,albon,23.41,williams
ocon,30,2,15:46:17,21.444,2024,13,ocon,21.444,alpine
russell,33,1,15:50:09,21.369,2024,13,russell,21.369,mercedes
sargeant,33,2,15:50:34,21.398,2024,13,sargeant,21.398,williams
kevin_magnussen,34,2,15:51:57,22.531,2024,13,kevinmagnussen,22.531,haas
zhou,36,2,15:55:03,22.183,2024,13,zhou,22.183,sauber
alonso,37,2,15:55:57,21.800,2024,13,alonso,21.8,aston_martin
hamilton,40,2,15:59:28,21.910,2024,13,hamilton,21.91,mercedes
leclerc,40,2,15:59:29,21.723,2024,13,leclerc,21.723,ferrari
norris,45,2,16:06:18,21.249,2024,13,norris,21.249,mclaren
stroll,45,2,16:07:17,22.276,2024,13,stroll,22.276,aston_martin
bottas,45,2,16:07:35,21.981,2024,13,bottas,21.981,sauber
piastri,47,2,16:09:05,21.823,2024,13,piastri,21.823,mclaren
sainz,47,2,16:09:23,21.439,2024,13,sainz,21.439,ferrari
perez,47,2,16:09:46,21.056,2024,13,perez,21.056,red_bull
max_verstappen,49,2,16:12:02,21.344,2024,13,maxverstappen,21.344,red_bull
russell,53,2,16:18:05,21.328,2024,13,russell,21.328,mercedes
sargeant,63,3,16:33:22,21.908,2024,13,sargeant,21.908,williams
ocon,64,3,16:34:46,21.330,2024,13,ocon,21.33,alpine
hulkenberg,7,1,15:17:00,23.562,2024,14,hulkenberg,23.562,haas
albon,8,1,15:18:45,23.606,2024,14,albon,23.606,williams
ricciardo,8,1,15:18:49,22.643,2024,14,ricciardo,22.643,rb
sargeant,8,1,15:18:55,23.338,2024,14,sargeant,23.338,williams
gasly,9,1,15:20:39,22.900,2024,14,gasly,22.9,alpine
russell,10,1,15:22:19,22.686,2024,14,russell,22.686,mercedes
max_verstappen,10,1,15:22:21,23.214,2024,14,maxverstappen,23.214,red_bull
hamilton,11,1,15:24:02,23.188,2024,14,hamilton,23.188,mercedes
perez,11,1,15:24:06,22.692,2024,14,perez,22.692,red_bull
piastri,11,1,15:24:08,22.623,2024,14,piastri,22.623,mclaren
bottas,11,1,15:24:22,23.147,2024,14,bottas,23.147,sauber
leclerc,12,1,15:25:53,22.942,2024,14,leclerc,22.942,ferrari
ocon,12,1,15:26:11,23.366,2024,14,ocon,23.366,alpine
stroll,12,1,15:26:15,23.010,2024,14,stroll,23.01,aston_martin
alonso,13,1,15:27:58,23.075,2024,14,alonso,23.075,aston_martin
norris,15,1,15:31:29,22.682,2024,14,norris,22.682,mclaren
tsunoda,15,1,15:31:55,23.452,2024,14,tsunoda,23.452,rb
kevin_magnussen,17,1,15:35:32,23.619,2024,14,kevinmagnussen,23.619,haas
sainz,20,1,15:40:33,23.080,2024,14,sainz,23.08,ferrari
hulkenberg,20,2,15:41:12,23.268,2024,14,hulkenberg,23.268,haas
perez,21,2,15:42:34,22.648,2024,14,perez,22.648,red_bull
ricciardo,21,2,15:42:55,22.328,2024,14,ricciardo,22.328,rb
albon,23,2,15:46:34,23.146,2024,14,albon,23.146,williams
sargeant,24,2,15:48:46,23.692,2024,14,sargeant,23.692,williams
leclerc,25,2,15:49:39,23.330,2024,14,leclerc,23.33,ferrari
hamilton,26,2,15:51:24,22.704,2024,14,hamilton,22.704,mercedes
max_verstappen,28,2,15:55:10,22.943,2024,14,maxverstappen,22.943,red_bull
sainz,28,2,15:55:17,23.089,2024,14,sainz,23.089,ferrari
gasly,28,2,15:55:46,22.844,2024,14,gasly,22.844,alpine
norris,29,2,15:56:59,22.610,2024,14,norris,22.61,mclaren
piastri,30,2,15:58:38,24.125,2024,14,piastri,24.125,mclaren
ocon,30,2,15:59:14,23.546,2024,14,ocon,23.546,alpine
bottas,35,2,16:08:31,22.949,2024,14,bottas,22.949,sauber
perez,42,3,16:20:40,22.632,2024,14,perez,22.632,red_bull
albon,12,1,15:18:56,21.258,2024,15,albon,21.258,williams
hulkenberg,14,1,15:21:26,21.619,2024,15,hulkenberg,21.619,haas
tsunoda,14,1,15:21:27,21.249,2024,15,tsunoda,21.249,rb
bottas,15,1,15:22:50,21.095,2024,15,bottas,21.095,sauber
zhou,18,1,15:26:53,21.214,2024,15,zhou,21.214,sauber
sargeant,22,1,15:32:00,22.030,2024,15,sargeant,22.03,williams
hamilton,23,1,15:32:56,21.168,2024,15,hamilton,21.168,mercedes
leclerc,24,1,15:33:57,20.841,2024,15,leclerc,20.841,ferrari
russell,25,1,15:35:11,21.846,2024,15,russell,21.846,mercedes
max_verstappen,27,1,15:37:39,20.785,2024,15,maxverstappen,20.785,red_bull
norris,28,1,15:38:48,21.536,2024,15,norris,21.536,mclaren
perez,29,1,15:40:23,22.934,2024,15,perez,22.934,red_bull
ricciardo,29,1,15:40:51,20.942,2024,15,ricciardo,20.942,rb
sainz,30,1,15:41:41,20.840,2024,15,sainz,20.84,ferrari
stroll,30,1,15:42:05,21.385,2024,15,stroll,21.385,aston_martin
ocon,30,1,15:42:17,21.015,2024,15,ocon,21.015,alpine
alonso,31,1,15:43:19,21.348,2024,15,alonso,21.348,aston_martin
gasly,32,1,15:44:31,22.646,2024,15,gasly,22.646,alpine
tsunoda,32,2,15:44:50,20.880,2024,15,tsunoda,20.88,rb
piastri,33,1,15:45:22,20.969,2024,15,piastri,20.969,mclaren
kevin_magnussen,40,1,15:55:10,21.403,2024,15,kevinmagnussen,21.403,haas
bottas,43,2,15:59:12,21.273,2024,15,bottas,21.273,sauber
hamilton,48,2,16:04:40,21.026,2024,15,hamilton,21.026,mercedes
zhou,51,2,16:09:57,22.044,2024,15,zhou,22.044,sauber
russell,54,2,16:12:03,21.159,2024,15,russell,21.159,mercedes
albon,54,2,16:13:00,21.016,2024,15,albon,21.016,williams
hulkenberg,5,1,15:10:58,38.875,2024,16,hulkenberg,38.875,haas
gasly,10,1,15:18:08,24.335,2024,16,gasly,24.335,alpine
russell,11,1,15:19:22,32.696,2024,16,russell,32.696,mercedes
ricciardo,11,1,15:19:31,30.317,2024,16,ricciardo,30.317,rb
alonso,12,1,15:20:54,24.866,2024,16,alonso,24.866,aston_martin
norris,14,1,15:23:26,24.169,2024,16,norris,24.169,mclaren
kevin_magnussen,14,1,15:23:48,25.672,2024,16,kevinmagnussen,25.672,haas
leclerc,15,1,15:24:52,24.551,2024,16,leclerc,24.551,ferrari
hamilton,15,1,15:24:58,24.469,2024,16,hamilton,24.469,mercedes
zhou,15,1,15:25:28,27.138,2024,16,zhou,27.138,sauber
piastri,16,1,15:26:13,23.793,2024,16,piastri,23.793,mclaren
colapinto,16,1,15:26:50,25.147,2024,16,colapinto,25.147,williams
albon,17,1,15:28:04,24.801,2024,16,albon,24.801,williams
sainz,19,1,15:30:37,24.313,2024,16,sainz,24.313,ferrari
stroll,19,1,15:31:07,24.980,2024,16,stroll,24.98,aston_martin
max_verstappen,22,1,15:34:56,28.198,2024,16,maxverstappen,28.198,red_bull
perez,23,1,15:36:25,24.728,2024,16,perez,24.728,red_bull
gasly,30,2,15:47:05,24.203,2024,16,gasly,24.203,alpine
ocon,31,1,15:48:20,24.146,2024,16,ocon,24.146,alpine
norris,32,2,15:48:59,24.870,2024,16,norris,24.87,mclaren
hulkenberg,32,2,15:50:05,36.576,2024,16,hulkenberg,36.576,haas
russell,33,2,15:50:51,26.297,2024,16,russell,26.297,mercedes
bottas,33,1,15:51:24,24.410,2024,16,bottas,24.41,sauber
perez,35,2,15:53:38,24.030,2024,16,perez,24.03,red_bull
alonso,35,2,15:53:55,24.501,2024,16,alonso,24.501,aston_martin
stroll,36,2,15:55:36,24.209,2024,16,stroll,24.209,aston_martin
hamilton,37,2,15:56:11,24.155,2024,16,hamilton,24.155,mercedes
piastri,38,2,15:57:15,24.670,2024,16,piastri,24.67,mclaren
max_verstappen,41,2,16:01:54,24.150,2024,16,maxverstappen,24.15,red_bull
stroll,50,3,16:15:41,25.269,2024,16,stroll,25.269,aston_martin
stroll,1,1,15:06:20,21.123,2024,17,stroll,21.123,aston_martin
colapinto,10,1,15:22:39,20.596,2024,17,colapinto,20.596,williams
alonso,11,1,15:24:27,20.073,2024,17,alonso,20.073,aston_martin
bottas,11,1,15:25:01,20.045,2024,17,bottas,20.045,sauber
max_verstappen,12,1,15:26:10,21.145,2024,17,maxverstappen,21.145,red_bull
russell,12,1,15:26:14,19.954,2024,17,russell,19.954,mercedes
hamilton,12,1,15:26:34,21.289,2024,17,hamilton,21.289,mercedes
tsunoda,12,1,15:26:54,20.922,2024,17,tsunoda,20.922,rb
perez,13,1,15:27:51,20.630,2024,17,perez,20.63,red_bull
bearman,14,1,15:30:09,21.276,2024,17,bearman,21.276,haas
piastri,15,1,15:31:28,20.181,2024,17,piastri,20.181,mclaren
hulkenberg,15,1,15:31:57,21.617,2024,17,hulkenberg,21.617,haas
leclerc,16,1,15:33:13,20.671,2024,17,leclerc,20.671,ferrari
sainz,17,1,15:35:11,21.483,2024,17,sainz,21.483,ferrari
stroll,22,2,15:45:17,20.214,2024,17,stroll,20.214,aston_martin
albon,31,1,16:00:54,20.287,2024,17,albon,20.287,williams
zhou,34,1,16:07:12,20.520,2024,17,zhou,20.52,sauber
norris,37,1,16:11:41,19.712,2024,17,norris,19.712,mclaren
max_verstappen,49,2,16:33:13,20.725,2024,17,maxverstappen,20.725,red_bull
ricciardo,49,1,16:34:12,21.984,2024,17,ricciardo,21.984,rb
ocon,49,1,16:34:42,20.634,2024,17,ocon,20.634,alpine
gasly,50,1,16:36:20,20.257,2024,17,gasly,20.257,alpine
ricciardo,10,1,20:20:46,30.316,2024,18,ricciardo,30.316,rb
albon,11,1,20:22:22,29.126,2024,18,albon,29.126,williams
sainz,13,1,20:25:37,29.385,2024,18,sainz,29.385,ferrari
hamilton,17,1,20:31:54,29.272,2024,18,hamilton,29.272,mercedes
alonso,25,1,20:45:21,29.251,2024,18,alonso,29.251,aston_martin
stroll,26,1,20:47:31,29.816,2024,18,stroll,29.816,aston_martin
russell,27,1,20:48:22,28.739,2024,18,russell,28.739,mercedes
perez,28,1,20:50:26,28.990,2024,18,perez,28.99,red_bull
kevin_magnussen,28,1,20:50:47,29.707,2024,18,kevinmagnussen,29.707,haas
max_verstappen,29,1,20:51:28,29.655,2024,18,maxverstappen,29.655,red_bull
hulkenberg,29,1,20:52:00,29.808,2024,18,hulkenberg,29.808,haas
colapinto,29,1,20:52:02,29.772,2024,18,colapinto,29.772,williams
ocon,29,1,20:52:22,29.601,2024,18,ocon,29.601,alpine
norris,30,1,20:52:44,29.091,2024,18,norris,29.091,mclaren
tsunoda,33,1,20:58:54,29.662,2024,18,tsunoda,29.662,rb
bottas,33,1,20:59:22,30.423,2024,18,bottas,30.423,sauber
zhou,34,1,21:01:01,29.360,2024,18,zhou,29.36,sauber
leclerc,36,1,21:03:29,29.042,2024,18,leclerc,29.042,ferrari
gasly,37,1,21:06:04,31.509,2024,18,gasly,31.509,alpine
piastri,38,1,21:06:22,29.152,2024,18,piastri,29.152,mclaren
ricciardo,46,2,21:20:58,29.066,2024,18,ricciardo,29.066,rb
kevin_magnussen,49,2,21:26:52,31.291,2024,18,kevinmagnussen,31.291,haas
ricciardo,58,3,21:40:58,29.653,2024,18,ricciardo,29.653,rb
albon,3,1,14:09:39,34.983,2024,19,albon,34.983,williams
zhou,13,1,14:28:22,24.433,2024,19,zhou,24.433,sauber
bottas,15,1,14:31:39,24.439,2024,19,bottas,24.439,sauber
kevin_magnussen,17,1,14:34:50,23.966,2024,19,kevinmagnussen,23.966,haas
gasly,18,1,14:36:29,28.228,2024,19,gasly,28.228,alpine
tsunoda,18,1,14:36:35,24.193,2024,19,tsunoda,24.193,rb
sainz,21,1,14:41:13,23.963,2024,19,sainz,23.963,ferrari
max_verstappen,25,1,14:47:52,24.228,2024,19,maxverstappen,24.228,red_bull
leclerc,26,1,14:49:20,23.817,2024,19,leclerc,23.817,ferrari
perez,26,1,14:49:57,23.580,2024,19,perez,23.58,red_bull
alonso,26,1,14:50:15,24.247,2024,19,alonso,24.247,aston_martin
hulkenberg,27,1,14:51:40,24.500,2024,19,hulkenberg,24.5,haas
stroll,27,1,14:52:06,26.399,2024,19,stroll,26.399,aston_martin
norris,31,1,14:57:52,23.731,2024,19,norris,23.731,mclaren
ocon,31,1,14:58:47,24.156,2024,19,ocon,24.156,alpine
piastri,32,1,14:59:38,24.107,2024,19,piastri,24.107,mclaren
albon,33,2,15:02:17,24.391,2024,19,albon,24.391,williams
zhou,35,2,15:05:59,24.890,2024,19,zhou,24.89,sauber
lawson,36,1,15:06:52,23.839,2024,19,lawson,23.839,rb
kevin_magnussen,38,2,15:10:18,24.087,2024,19,kevinmagnussen,24.087,haas
colapinto,39,1,15:11:56,23.971,2024,19,colapinto,23.971,williams
russell,40,1,15:13:16,29.327,2024,19,russell,29.327,mercedes
ocon,51,2,15:32:32,26.175,2024,19,ocon,26.175,alpine
perez,20,1,14:35:55,27.730,2024,20,perez,27.73,red_bull
max_verstappen,26,1,14:43:43,43.730,2024,20,maxverstappen,43.73,red_bull
stroll,26,1,14:44:17,22.592,2024,20,stroll,22.592,aston_martin
hamilton,28,1,14:46:42,22.538,2024,20,hamilton,22.538,mercedes
gasly,28,1,14:46:56,23.204,2024,20,gasly,23.204,alpine
hulkenberg,29,1,14:48:15,23.077,2024,20,hulkenberg,23.077,haas
norris,30,1,14:49:15,22.111,2024,20,norris,22.111,mclaren
kevin_magnussen,30,1,14:49:36,23.332,2024,20,kevinmagnussen,23.332,haas
leclerc,31,1,14:50:30,22.860,2024,20,leclerc,22.86,ferrari
russell,31,1,14:50:44,22.462,2024,20,russell,22.462,mercedes
sainz,32,1,14:51:43,22.249,2024,20,sainz,22.249,ferrari
piastri,39,1,15:02:09,21.825,2024,20,piastri,21.825,mclaren
lawson,39,1,15:02:15,22.586,2024,20,lawson,22.586,rb
zhou,43,1,15:08:09,22.935,2024,20,zhou,22.935,sauber
perez,43,2,15:08:13,22.174,2024,20,perez,22.174,red_bull
colapinto,47,1,15:13:22,23.895,2024,20,colapinto,23.895,williams
ocon,48,1,15:14:59,23.245,2024,20,ocon,23.245,alpine
bottas,49,1,15:16:16,22.505,2024,20,bottas,22.505,sauber
lawson,65,2,15:38:15,30.299,2024,20,lawson,30.299,rb
leclerc,69,2,15:42:04,22.690,2024,20,leclerc,22.69,ferrari
perez,68,3,15:42:41,21.920,2024,20,perez,21.92,red_bull
leclerc,24,1,13:24:06,24.573,2024,21,leclerc,24.573,ferrari
hulkenberg,25,1,13:25:44,25.369,2024,21,hulkenberg,25.369,haas
colapinto,26,1,13:27:23,25.287,2024,21,colapinto,25.287,williams
piastri,27,1,13:28:37,26.050,2024,21,piastri,26.05,mclaren
alonso,27,1,13:28:41,25.107,2024,21,alonso,25.107,aston_martin
bearman,27,1,13:28:52,35.755,2024,21,bearman,35.755,haas
hamilton,27,1,13:28:55,25.205,2024,21,hamilton,25.205,mercedes
sainz,27,1,13:29:01,25.920,2024,21,sainz,25.92,ferrari
perez,27,1,13:29:04,26.692,2024,21,perez,26.692,red_bull
zhou,27,1,13:29:32,25.248,2024,21,zhou,25.248,sauber
russell,28,1,13:29:59,25.698,2024,21,russell,25.698,mercedes
norris,28,1,13:30:01,24.764,2024,21,norris,24.764,mclaren
tsunoda,28,1,13:30:16,25.431,2024,21,tsunoda,25.431,rb
lawson,28,1,13:30:35,28.167,2024,21,lawson,28.167,rb
hulkenberg,27,2,13:31:21,58.984,2024,21,hulkenberg,58.984,haas
zhou,28,2,13:31:38,27.067,2024,21,zhou,27.067,sauber
colapinto,30,2,13:35:02,25.239,2024,21,colapinto,25.239,williams
hulkenberg,29,3,13:36:17,28.590,2024,21,hulkenberg,28.59,haas
alonso,4,1,22:10:35,21.407,2024,22,alonso,21.407,aston_martin
leclerc,9,1,22:18:44,21.329,2024,22,leclerc,21.329,ferrari
norris,9,1,22:18:45,21.194,2024,22,norris,21.194,mclaren
albon,9,1,22:18:56,22.012,2024,22,albon,22.012,williams
stroll,9,1,22:18:57,34.863,2024,22,stroll,34.863,aston_martin
sainz,10,1,22:20:21,21.048,2024,22,sainz,21.048,ferrari
gasly,10,1,22:20:28,22.179,2024,22,gasly,22.179,alpine
tsunoda,10,1,22:20:29,21.168,2024,22,tsunoda,21.168,rb
piastri,10,1,22:20:30,27.732,2024,22,piastri,27.732,mclaren
max_verstappen,11,1,22:21:59,20.697,2024,22,maxverstappen,20.697,red_bull
ocon,11,1,22:22:13,15.790,2024,22,ocon,15.79,alpine
zhou,11,1,22:22:14,22.960,2024,22,zhou,22.96,sauber
lawson,11,1,22:22:17,21.049,2024,22,lawson,21.049,rb
russell,12,1,22:23:29,21.072,2024,22,russell,21.072,mercedes
ocon,12,2,22:24:07,21.142,2024,22,ocon,21.142,alpine
hamilton,13,1,22:25:24,21.067,2024,22,hamilton,21.067,mercedes
hulkenberg,14,1,22:27:15,21.511,2024,22,hulkenberg,21.511,haas
colapinto,16,1,22:30:50,21.170,2024,22,colapinto,21.17,williams
perez,17,1,22:32:20,21.294,2024,22,perez,21.294,red_bull
kevin_magnussen,17,1,22:32:31,21.963,2024,22,kevinmagnussen,21.963,haas
bottas,17,1,22:32:34,21.623,2024,22,bottas,21.623,sauber
alonso,24,2,22:44:09,21.407,2024,22,alonso,21.407,aston_martin
piastri,25,2,22:45:37,21.082,2024,22,piastri,21.082,mclaren
colapinto,26,2,22:47:34,21.221,2024,22,colapinto,21.221,williams
max_verstappen,27,2,22:48:30,22.254,2024,22,maxverstappen,22.254,red_bull
hamilton,27,2,22:48:34,21.355,2024,22,hamilton,21.355,mercedes
sainz,28,2,22:50:14,20.879,2024,22,sainz,20.879,ferrari
stroll,28,2,22:50:55,21.588,2024,22,stroll,21.588,aston_martin
tsunoda,29,2,22:52:13,21.208,2024,22,tsunoda,21.208,rb
norris,30,2,22:53:40,20.668,2024,22,norris,20.668,mclaren
leclerc,31,2,22:55:05,21.585,2024,22,leclerc,21.585,ferrari
russell,32,2,22:56:26,20.975,2024,22,russell,20.975,mercedes
perez,32,2,22:57:18,21.034,2024,22,perez,21.034,red_bull
hulkenberg,33,2,22:58:49,21.702,2024,22,hulkenberg,21.702,haas
zhou,34,2,23:00:44,21.761,2024,22,zhou,21.761,sauber
bottas,35,2,23:02:48,22.821,2024,22,bottas,22.821,sauber
lawson,38,2,23:07:28,20.642,2024,22,lawson,20.642,rb
ocon,45,3,23:18:59,21.858,2024,22,ocon,21.858,alpine
norris,48,3,23:22:59,21.059,2024,22,norris,21.059,mclaren
stroll,1,1,19:05:45,29.783,2024,23,stroll,29.783,aston_martin
hulkenberg,1,1,19:06:14,32.957,2024,23,hulkenberg,32.957,haas
stroll,7,2,19:17:19,41.674,2024,23,stroll,41.674,aston_martin
russell,23,1,19:39:53,32.309,2024,23,russell,32.309,mercedes
bottas,24,1,19:41:56,29.034,2024,23,bottas,29.034,sauber
kevin_magnussen,27,1,19:46:04,28.543,2024,23,kevinmagnussen,28.543,haas
hulkenberg,31,2,19:52:08,28.343,2024,23,hulkenberg,28.343,haas
piastri,34,1,19:55:28,27.818,2024,23,piastri,27.818,mclaren
sainz,34,1,19:55:52,36.143,2024,23,sainz,36.143,ferrari
hamilton,34,1,19:56:36,37.915,2024,23,hamilton,37.915,mercedes
max_verstappen,35,1,19:56:43,28.303,2024,23,maxverstappen,28.303,red_bull
norris,35,1,19:56:47,28.024,2024,23,norris,28.024,mclaren
leclerc,35,1,19:57:03,28.460,2024,23,leclerc,28.46,ferrari
perez,35,1,19:57:29,28.088,2024,23,perez,28.088,red_bull
gasly,35,1,19:57:50,28.792,2024,23,gasly,28.792,alpine
russell,35,2,19:57:59,27.870,2024,23,russell,27.87,mercedes
alonso,35,1,19:58:01,28.628,2024,23,alonso,28.628,aston_martin
zhou,35,1,19:58:03,29.085,2024,23,zhou,29.085,sauber
tsunoda,35,1,19:58:23,29.024,2024,23,tsunoda,29.024,rb
albon,35,1,19:58:26,29.179,2024,23,albon,29.179,williams
lawson,35,1,19:58:28,45.049,2024,23,lawson,45.049,rb
max_verstappen,36,2,19:59:32,23.884,2024,23,maxverstappen,23.884,red_bull
hamilton,35,2,19:59:34,23.412,2024,23,hamilton,23.412,mercedes
bottas,35,2,19:59:35,28.968,2024,23,bottas,28.968,sauber
norris,36,2,19:59:37,25.592,2024,23,norris,25.592,mclaren
leclerc,36,2,19:59:40,25.675,2024,23,leclerc,25.675,ferrari
piastri,36,2,19:59:44,22.867,2024,23,piastri,22.867,mclaren
perez,36,2,19:59:53,22.705,2024,23,perez,22.705,red_bull
gasly,36,2,20:00:12,22.717,2024,23,gasly,22.717,alpine
russell,36,3,20:00:22,22.763,2024,23,russell,22.763,mercedes
sainz,36,2,20:00:24,22.776,2024,23,sainz,22.776,ferrari
alonso,36,2,20:00:27,28.592,2024,23,alonso,28.592,aston_martin
zhou,36,2,20:00:29,23.228,2024,23,zhou,23.228,sauber
kevin_magnussen,36,2,20:00:33,22.696,2024,23,kevinmagnussen,22.696,haas
tsunoda,36,2,20:00:47,22.714,2024,23,tsunoda,22.714,rb
albon,36,2,20:00:48,22.710,2024,23,albon,22.71,williams
hulkenberg,36,3,20:00:50,23.810,2024,23,hulkenberg,23.81,haas
lawson,36,2,20:01:08,22.737,2024,23,lawson,22.737,rb
max_verstappen,37,3,20:02:21,22.703,2024,23,maxverstappen,22.703,red_bull
hamilton,36,3,20:02:23,26.815,2024,23,hamilton,26.815,mercedes
norris,37,3,20:02:24,28.746,2024,23,norris,28.746,mclaren
bottas,36,3,20:02:25,28.140,2024,23,bottas,28.14,sauber
leclerc,37,3,20:02:26,28.983,2024,23,leclerc,28.983,ferrari
piastri,37,3,20:02:28,29.326,2024,23,piastri,29.326,mclaren
perez,37,3,20:02:30,29.459,2024,23,perez,29.459,red_bull
gasly,37,3,20:02:33,30.488,2024,23,gasly,30.488,alpine
russell,37,4,20:02:34,34.037,2024,23,russell,34.037,mercedes
sainz,37,3,20:02:35,34.356,2024,23,sainz,34.356,ferrari
zhou,37,3,20:02:37,34.818,2024,23,zhou,34.818,sauber
alonso,37,3,20:02:41,32.811,2024,23,alonso,32.811,aston_martin
kevin_magnussen,37,3,20:02:42,33.363,2024,23,kevinmagnussen,33.363,haas
tsunoda,37,3,20:02:45,35.849,2024,23,tsunoda,35.849,rb
albon,37,3,20:02:46,36.548,2024,23,albon,36.548,williams
hulkenberg,37,4,20:02:48,37.692,2024,23,hulkenberg,37.692,haas
lawson,37,3,20:03:03,26.790,2024,23,lawson,26.79,rb
tsunoda,40,4,20:09:21,29.271,2024,23,tsunoda,29.271,rb
lawson,40,4,20:09:24,34.655,2024,23,lawson,34.655,rb
norris,45,4,20:17:59,36.069,2024,23,norris,36.069,mclaren
hamilton,47,4,20:21:04,22.705,2024,23,hamilton,22.705,mercedes
albon,55,4,20:32:43,39.687,2024,23,albon,39.687,williams
colapinto,3,1,17:09:29,24.941,2024,24,colapinto,24.941,williams
piastri,4,1,17:10:26,23.582,2024,24,piastri,23.582,mclaren
bottas,6,1,17:13:23,41.144,2024,24,bottas,41.144,sauber
stroll,11,1,17:20:50,23.266,2024,24,stroll,23.266,aston_martin
kevin_magnussen,12,1,17:22:19,26.363,2024,24,kevinmagnussen,26.363,haas
zhou,12,1,17:22:26,23.024,2024,24,zhou,23.024,sauber
albon,12,1,17:22:27,22.065,2024,24,albon,22.065,williams
hulkenberg,13,1,17:23:45,21.530,2024,24,hulkenberg,21.53,haas
alonso,13,1,17:23:49,23.326,2024,24,alonso,23.326,aston_martin
gasly,14,1,17:25:11,22.059,2024,24,gasly,22.059,alpine
leclerc,20,1,17:34:12,21.869,2024,24,leclerc,21.869,ferrari
tsunoda,22,1,17:37:40,21.869,2024,24,tsunoda,21.869,rb
doohan,22,1,17:37:42,22.080,2024,24,doohan,22.08,alpine
lawson,23,1,17:39:04,23.415,2024,24,lawson,23.415,rb
lawson,24,2,17:41:00,22.565,2024,24,lawson,22.565,rb
sainz,25,1,17:41:22,21.280,2024,24,sainz,21.28,ferrari
norris,26,1,17:42:49,21.276,2024,24,norris,21.276,mclaren
russell,26,1,17:43:11,21.656,2024,24,russell,21.656,mercedes
max_verstappen,29,1,17:47:46,32.652,2024,24,maxverstappen,32.652,red_bull
kevin_magnussen,29,2,17:48:18,21.678,2024,24,kevinmagnussen,21.678,haas
lawson,29,3,17:48:52,32.317,2024,24,lawson,32.317,rb
kevin_magnussen,30,3,17:50:20,22.815,2024,24,kevinmagnussen,22.815,haas
piastri,32,2,17:52:42,32.774,2024,24,piastri,32.774,mclaren
stroll,32,2,17:52:48,22.053,2024,24,stroll,22.053,aston_martin
hamilton,34,1,17:55:17,21.694,2024,24,hamilton,21.694,mercedes
alonso,37,2,18:00:10,22.437,2024,24,alonso,22.437,aston_martin
zhou,39,2,18:03:21,28.765,2024,24,zhou,28.765,sauber
kevin_magnussen,55,4,18:28:06,22.090,2024,24,kevinmagnussen,22.09,haas
