season,round,race_name,circuit,driver_join_id,pit_lap,stop_number,pit_stop_time_s,constructor,under_safety_car,race_has_safety_car,race_safety_car_lap_share,race_q95_stop,abnormal_stop_proxy,very_short_stop_proxy,constructor_n,circuit_n,pred_simple,pred_adjusted,residual_simple,residual_adjusted
2021,1,Bahrain Grand Prix,Bahrain International Circuit,alonso,11,1,24.373,alpine,0,0,0,32.04295,1,0,249,190,25.808283827243528,25.760294224036485,-1.435283827243527,-1.3872942240364843
2021,1,Bahrain Grand Prix,Bahrain International Circuit,alonso,29,2,24.775,alpine,0,0,0,32.04295,1,0,249,190,25.808283827243528,25.94533731256692,-1.0332838272435296,-1.1703373125669216
2021,1,Bahrain Grand Prix,Bahrain International Circuit,bottas,16,1,24.262,mercedes,0,0,0,32.04295,1,0,278,190,25.986966483424503,25.498662655795687,-1.7249664834245024,-1.236662655795687
2021,1,Bahrain Grand Prix,Bahrain International Circuit,bottas,30,2,32.897,mercedes,0,0,0,32.04295,1,0,278,190,25.986966483424503,25.68122374529953,6.910033516575496,7.215776254700469
2021,1,Bahrain Grand Prix,Bahrain International Circuit,bottas,54,3,24.566,mercedes,0,0,0,32.04295,1,0,278,190,25.986966483424503,26.145465272917907,-1.420966483424504,-1.5794652729179077
2021,1,Bahrain Grand Prix,Bahrain International Circuit,gasly,4,1,38.338,alphatauri,0,0,0,32.04295,1,0,202,190,25.326147460594886,25.37587677123384,13.011852539405115,12.96212322876616
2021,1,Bahrain Grand Prix,Bahrain International Circuit,gasly,19,2,24.317,alphatauri,0,0,0,32.04295,1,0,202,190,25.326147460594886,25.559058360494333,-1.0091474605948854,-1.2420583604943332
2021,1,Bahrain Grand Prix,Bahrain International Circuit,gasly,39,3,24.983,alphatauri,0,0,0,32.04295,1,0,202,190,25.326147460594886,26.020817889086118,-0.343147460594885,-1.0378178890861172
2021,1,Bahrain Grand Prix,Bahrain International Circuit,giovinazzi,12,1,31.998,alfa,0,0,0,32.04295,1,0,194,190,25.782742667828536,25.767060374043986,6.215257332171465,6.230939625956015
2021,1,Bahrain Grand Prix,Bahrain International Circuit,giovinazzi,30,2,24.223,alfa,0,0,0,32.04295,1,0,194,190,25.782742667828536,25.95210346257442,-1.5597426678285373,-1.7291034625744217
2021,1,Bahrain Grand Prix,Bahrain International Circuit,hamilton,13,1,24.839,mercedes,0,0,0,32.04295,1,0,278,190,25.986966483424503,25.496801156525745,-1.1479664834245042,-0.6578011565257462
2021,1,Bahrain Grand Prix,Bahrain International Circuit,hamilton,28,2,24.076,mercedes,0,0,0,32.04295,1,0,278,190,25.986966483424503,25.679982745786234,-1.9109664834245024,-1.603982745786233
2021,1,Bahrain Grand Prix,Bahrain International Circuit,latifi,14,1,26.046,williams,0,0,0,32.04295,1,0,271,190,26.83779606192943,25.876651256339013,-0.791796061929432,0.1693487436609864
2021,1,Bahrain Grand Prix,Bahrain International Circuit,latifi,32,2,23.983,williams,0,0,0,32.04295,1,0,271,190,26.83779606192943,26.061694344869448,-2.854796061929431,-2.0786943448694473
2021,1,Bahrain Grand Prix,Bahrain International Circuit,leclerc,12,1,24.925,ferrari,0,0,0,32.04295,1,0,259,190,25.615931411045338,25.246060625233017,-0.6909314110453373,-0.3210606252330166
2021,1,Bahrain Grand Prix,Bahrain International Circuit,leclerc,32,2,24.176,ferrari,0,0,0,32.04295,1,0,259,190,25.615931411045338,25.43234471327675,-1.4399314110453396,-1.25634471327675
2021,1,Bahrain Grand Prix,Bahrain International Circuit,maxverstappen,17,1,24.767,red_bull,0,0,0,32.04295,1,0,292,190,25.53880113273873,24.927501261290637,-0.7718011327387302,-0.16050126129063713
2021,1,Bahrain Grand Prix,Bahrain International Circuit,maxverstappen,39,2,23.848,red_bull,0,0,0,32.04295,1,0,292,190,25.53880113273873,25.115026348847664,-1.6908011327387307,-1.267026348847665
2021,1,Bahrain Grand Prix,Bahrain International Circuit,mickschumacher,14,1,25.798,haas,0,0,0,32.04295,1,0,272,190,26.98634579386108,26.478724148040783,-1.1883457938610817,-0.6807241480407846
2021,1,Bahrain Grand Prix,Bahrain International Circuit,mickschumacher,33,2,25.343,haas,0,0,0,32.04295,1,0,272,190,26.98634579386108,26.664387736327868,-1.64334579386108,-1.3213877363278677
2021,1,Bahrain Grand Prix,Bahrain International Circuit,norris,12,1,24.899,mclaren,0,0,0,32.04295,1,0,270,190,25.589526790454936,25.3450929106753,-0.6905267904549355,-0.44609291067530066
2021,1,Bahrain Grand Prix,Bahrain International Circuit,norris,33,2,25.64,mclaren,0,0,0,32.04295,1,0,270,190,25.589526790454936,25.531997498475683,0.05047320954506418,0.108002501524318
2021,1,Bahrain Grand Prix,Bahrain International Circuit,ocon,13,1,25.226,alpine,0,0,0,32.04295,1,0,249,190,25.808283827243528,25.76153522354978,-0.5822838272435291,-0.5355352235497826
2021,1,Bahrain Grand Prix,Bahrain International Circuit,ocon,31,2,24.471,alpine,0,0,0,32.04295,1,0,249,190,25.808283827243528,25.946578312080216,-1.3372838272435281,-1.4755783120802164
2021,1,Bahrain Grand Prix,Bahrain International Circuit,perez,2,1,23.993,red_bull,0,0,0,32.04295,1,0,292,190,25.53880113273873,24.91819376494091,-1.545801132738731,-0.9251937649409108
2021,1,Bahrain Grand Prix,Bahrain International Circuit,perez,19,2,24.105,red_bull,0,0,0,32.04295,1,0,292,190,25.53880113273873,25.1026163537147,-1.4338011327387292,-0.9976163537147009
2021,1,Bahrain Grand Prix,Bahrain International Circuit,perez,38,3,24.191,red_bull,0,0,0,32.04295,1,0,292,190,25.53880113273873,25.563755382549836,-1.3478011327387307,-1.3727553825498369
2021,1,Bahrain Grand Prix,Bahrain International Circuit,raikkonen,13,1,24.107,alfa,0,0,0,32.04295,1,0,194,190,25.782742667828536,25.767680873800636,-1.675742667828537,-1.6606808738006364
2021,1,Bahrain Grand Prix,Bahrain International Circuit,raikkonen,29,2,24.046,alfa,0,0,0,32.04295,1,0,194,190,25.782742667828536,25.951482962817774,-1.736742667828537,-1.905482962817775
2021,1,Bahrain Grand Prix,Bahrain International Circuit,ricciardo,13,1,24.688,mclaren,0,0,0,32.04295,1,0,270,190,25.589526790454936,25.34571341043195,-0.9015267904549376,-0.6577134104319526
2021,1,Bahrain Grand Prix,Bahrain International Circuit,ricciardo,32,2,24.655,mclaren,0,0,0,32.04295,1,0,270,190,25.589526790454936,25.531376998719033,-0.9345267904549353,-0.8763769987190315
2021,1,Bahrain Grand Prix,Bahrain International Circuit,russell,13,1,24.621,williams,0,0,0,32.04295,1,0,271,190,26.83779606192943,25.876030756582367,-2.2167960619294327,-1.255030756582368
2021,1,Bahrain Grand Prix,Bahrain International Circuit,russell,36,2,24.248,williams,0,0,0,32.04295,1,0,271,190,26.83779606192943,26.06417634389604,-2.5897960619294302,-1.8161763438960392
2021,1,Bahrain Grand Prix,Bahrain International Circuit,sainz,15,1,24.353,ferrari,0,0,0,32.04295,1,0,259,190,25.615931411045338,25.247922124502963,-1.2629314110453365,-0.8949221245029619
2021,1,Bahrain Grand Prix,Bahrain International Circuit,sainz,37,2,24.341,ferrari,0,0,0,32.04295,1,0,259,190,25.615931411045338,25.43544721205999,-1.274931411045337,-1.0944472120599897
2021,1,Bahrain Grand Prix,Bahrain International Circuit,stroll,12,1,24.884,aston_martin,0,0,0,32.04295,1,0,271,190,25.803827201064184,25.606245857337143,-0.9198272010641837,-0.7222458573371426
2021,1,Bahrain Grand Prix,Bahrain International Circuit,stroll,28,2,25.525,aston_martin,0,0,0,32.04295,1,0,271,190,25.803827201064184,25.79004794635428,-0.27882720106418546,-0.26504794635428297
2021,1,Bahrain Grand Prix,Bahrain International Circuit,tsunoda,15,1,25.046,alphatauri,0,0,0,32.04295,1,0,202,190,25.326147460594886,25.382702268556976,-0.28014746059488616,-0.3367022685569765
2021,1,Bahrain Grand Prix,Bahrain International Circuit,tsunoda,33,2,24.328,alphatauri,0,0,0,32.04295,1,0,202,190,25.326147460594886,25.56774535708741,-0.9981474605948861,-1.2397453570874113
2021,1,Bahrain Grand Prix,Bahrain International Circuit,vettel,24,1,24.626,aston_martin,0,0,0,32.04295,1,0,271,190,25.803827201064184,25.61369185441692,-1.1778272010641828,-0.9876918544169193
2021,2,Emilia Romagna Grand Prix,Autodromo Enzo e Dino Ferrari,alonso,32,2,1.488372,alpine,0,0,0,1.6118594,0,1,249,69,23.544737276145767,5.205257961394604,-22.05636527614577,-3.7168859613946044
2021,2,Emilia Romagna Grand Prix,Autodromo Enzo e Dino Ferrari,gasly,32,3,1.453539,alphatauri,0,0,0,1.6118594,0,1,202,69,23.062600909497124,5.27453354034732,-21.609061909497125,-3.8209945403473196
2021,2,Emilia Romagna Grand Prix,Autodromo Enzo e Dino Ferrari,giovinazzi,32,2,1.496541,alfa,0,0,0,1.6118594,0,1,194,69,23.519196116730775,5.211403611645457,-22.022655116730775,-3.714862611645457
2021,2,Emilia Romagna Grand Prix,Autodromo Enzo e Dino Ferrari,hamilton,32,3,1.494731,mercedes,0,0,0,1.6118594,0,1,278,69,23.723419932326742,5.389873427829386,-22.22868893232674,-3.895142427829386
2021,2,Emilia Romagna Grand Prix,Autodromo Enzo e Dino Ferrari,leclerc,33,2,1.609484,ferrari,0,0,0,1.6118594,0,1,259,69,23.352384859947577,4.691024362591136,-21.74290085994758,-3.081540362591136
2021,2,Emilia Romagna Grand Prix,Autodromo Enzo e Dino Ferrari,maxverstappen,33,2,1.621361,red_bull,0,0,0,1.6118594,1,1,292,69,23.275254581640972,20.970293755195776,-21.653893581640972,-19.348932755195776
2021,2,Emilia Romagna Grand Prix,Autodromo Enzo e Dino Ferrari,mazepin,31,3,1.486154,haas,0,0,0,1.6118594,0,1,272,69,24.722799242763323,6.370555419831133,-23.236645242763323,-4.884401419831133
2021,2,Emilia Romagna Grand Prix,Autodromo Enzo e Dino Ferrari,mickschumacher,31,3,1.521462,haas,0,0,0,1.6118594,0,1,272,69,24.722799242763323,6.370555419831133,-23.201337242763323,-4.849093419831133
2021,2,Emilia Romagna Grand Prix,Autodromo Enzo e Dino Ferrari,norris,33,2,1.584953,mclaren,0,0,0,1.6118594,0,1,270,69,23.32598023935718,4.790056648033421,-21.74102723935718,-3.2051036480334205
2021,2,Emilia Romagna Grand Prix,Autodromo Enzo e Dino Ferrari,ocon,32,4,1.478974,alpine,0,0,0,1.6118594,0,1,249,69,23.544737276145767,7.138474988238902,-22.065763276145766,-5.659500988238902
2021,2,Emilia Romagna Grand Prix,Autodromo Enzo e Dino Ferrari,perez,33,2,1.5811579999999998,red_bull,0,0,0,1.6118594,0,1,292,69,23.275254581640972,4.369362499865511,-21.694096581640974,-2.7882044998655116
2021,2,Emilia Romagna Grand Prix,Autodromo Enzo e Dino Ferrari,raikkonen,32,2,1.492612,alfa,0,0,0,1.6118594,0,1,194,69,23.519196116730775,5.211403611645457,-22.026584116730774,-3.7187916116454565
2021,2,Emilia Romagna Grand Prix,Autodromo Enzo e Dino Ferrari,ricciardo,33,2,1.574827,mclaren,0,0,0,1.6118594,0,1,270,69,23.32598023935718,4.790056648033421,-21.75115323935718,-3.2152296480334206
2021,2,Emilia Romagna Grand Prix,Autodromo Enzo e Dino Ferrari,sainz,33,2,1.582211,ferrari,0,0,0,1.6118594,0,1,259,69,23.352384859947577,4.691024362591136,-21.770173859947576,-3.1088133625911363
2021,2,Emilia Romagna Grand Prix,Autodromo Enzo e Dino Ferrari,stroll,32,2,1.49209,aston_martin,0,0,0,1.6118594,0,1,271,69,23.540280649966427,5.050589094938616,-22.048190649966426,-3.5584990949386155
2021,2,Emilia Romagna Grand Prix,Autodromo Enzo e Dino Ferrari,tsunoda,32,2,1.491384,alphatauri,0,0,0,1.6118594,0,1,202,69,23.062600909497124,4.825184006888499,-21.571216909497124,-3.3338000068884988
2021,2,Emilia Romagna Grand Prix,Autodromo Enzo e Dino Ferrari,vettel,32,4,1.452323,aston_martin,0,0,0,1.6118594,0,1,271,69,23.540280649966427,6.983806121782912,-22.087957649966427,-5.531483121782912
2021,3,Portuguese Grand Prix,Autódromo Internacional do Algarve,alonso,2,1,21.452,alpine,0,0,0,27.0872,1,0,249,60,23.62938218744925,23.582603743684075,-2.177382187449247,-2.1306037436840732
2021,3,Portuguese Grand Prix,Autódromo Internacional do Algarve,alonso,3,2,21.621,alpine,0,0,0,27.0872,1,0,249,60,23.62938218744925,23.757098336351493,-2.00838218744925,-2.1360983363514947
2021,3,Portuguese Grand Prix,Autódromo Internacional do Algarve,alonso,40,3,26.442,alpine,0,0,0,27.0872,1,0,249,60,23.62938218744925,24.229406360806294,2.8126178125507515,2.212593639193706
2021,3,Portuguese Grand Prix,Autódromo Internacional do Algarve,bottas,2,1,21.377,mercedes,0,0,0,27.0872,1,0,278,60,23.80806484363022,23.317869676660038,-2.431064843630221,-1.9408696766600393
2021,3,Portuguese Grand Prix,Autódromo Internacional do Algarve,bottas,3,2,22.072,mercedes,0,0,0,27.0872,1,0,278,60,23.80806484363022,23.492364269327453,-1.7360648436302206,-1.4203642693274539
2021,3,Portuguese Grand Prix,Autódromo Internacional do Algarve,bottas,36,3,26.938,mercedes,0,0,0,27.0872,1,0,278,60,23.80806484363022,23.962190294755665,3.129935156369779,2.975809705244334
2021,3,Portuguese Grand Prix,Autódromo Internacional do Algarve,bottas,63,4,26.573,mercedes,0,0,0,27.0872,1,0,278,60,23.80806484363022,25.46281128157064,2.7649351563697806,1.1101887184293595
2021,3,Portuguese Grand Prix,Autódromo Internacional do Algarve,gasly,2,1,21.353,alphatauri,0,0,0,27.0872,1,0,202,60,23.147245820800602,23.20252978917797,-1.794245820800601,-1.8495297891779678
2021,3,Portuguese Grand Prix,Autódromo Internacional do Algarve,gasly,3,2,22.319,alphatauri,0,0,0,27.0872,1,0,202,60,23.147245820800602,23.377024381845384,-0.8282458208006034,-1.0580243818453852
2021,3,Portuguese Grand Prix,Autódromo Internacional do Algarve,gasly,24,3,26.172,alphatauri,0,0,0,27.0872,1,0,202,60,23.147245820800602,23.83940441019382,3.024754179199398,2.332595589806182
2021,3,Portuguese Grand Prix,Autódromo Internacional do Algarve,giovinazzi,2,1,22.485,alfa,0,0,0,27.0872,1,0,194,60,23.603841028034257,23.58874939393493,-1.1188410280342573,-1.1037493939349297
2021,3,Portuguese Grand Prix,Autódromo Internacional do Algarve,giovinazzi,3,2,22.669,alfa,0,0,0,27.0872,1,0,194,60,23.603841028034257,23.763243986602344,-0.9348410280342563,-1.0942439866023435
2021,3,Portuguese Grand Prix,Autódromo Internacional do Algarve,giovinazzi,22,3,26.729,alfa,0,0,0,27.0872,1,0,194,60,23.603841028034257,24.22438301543748,3.1251589719657424,2.504616984562521
2021,3,Portuguese Grand Prix,Autódromo Internacional do Algarve,hamilton,2,1,22.426,mercedes,0,0,0,27.0872,1,0,278,60,23.80806484363022,23.317869676660038,-1.3820648436302214,-0.8918696766600398
2021,3,Portuguese Grand Prix,Autódromo Internacional do Algarve,hamilton,3,2,22.164,mercedes,0,0,0,27.0872,1,0,278,60,23.80806484363022,23.492364269327453,-1.6440648436302183,-1.3283642693274516
2021,3,Portuguese Grand Prix,Autódromo Internacional do Algarve,hamilton,37,3,26.907,mercedes,0,0,0,27.0872,1,0,278,60,23.80806484363022,23.96281079451231,3.0989351563697802,2.944189205487689
2021,3,Portuguese Grand Prix,Autódromo Internacional do Algarve,latifi,2,1,21.97,williams,0,0,0,27.0872,1,0,271,60,24.658894422135152,23.69709927671666,-2.688894422135153,-1.727099276716661
2021,3,Portuguese Grand Prix,Autódromo Internacional do Algarve,latifi,3,2,21.73,williams,0,0,0,27.0872,1,0,271,60,24.658894422135152,23.871593869384075,-2.9288944221351514,-2.1415938693840744
2021,3,Portuguese Grand Prix,Autódromo Internacional do Algarve,latifi,24,3,26.595,williams,0,0,0,27.0872,1,0,271,60,24.658894422135152,24.33397389773251,1.936105577864847,2.26102610226749
2021,3,Portuguese Grand Prix,Autódromo Internacional do Algarve,leclerc,2,1,21.323,ferrari,0,0,0,27.0872,1,0,259,60,23.43702977125106,23.06774964512396,-2.114029771251058,-1.7447496451239601
2021,3,Portuguese Grand Prix,Autódromo Internacional do Algarve,leclerc,3,2,22.587,ferrari,0,0,0,27.0872,1,0,259,60,23.43702977125106,23.242244237791375,-0.8500297712510587,-0.6552442377913756
2021,3,Portuguese Grand Prix,Autódromo Internacional do Algarve,leclerc,25,3,27.082,ferrari,0,0,0,27.0872,1,0,259,60,23.43702977125106,23.705244765896456,3.6449702287489423,3.3767552341035447
2021,3,Portuguese Grand Prix,Autódromo Internacional do Algarve,maxverstappen,2,1,22.718,red_bull,0,0,0,27.0872,1,0,292,60,23.35989949294445,22.746087782398334,-0.6418994929444501,-0.02808778239833387
2021,3,Portuguese Grand Prix,Autódromo Internacional do Algarve,maxverstappen,3,2,22.104,red_bull,0,0,0,27.0872,1,0,292,60,23.35989949294445,22.92058237506575,-1.255899492944451,-0.8165823750657495
2021,3,Portuguese Grand Prix,Autódromo Internacional do Algarve,maxverstappen,35,3,26.743,red_bull,0,0,0,27.0872,1,0,292,60,23.35989949294445,23.38978790073731,3.3831005070555484,3.353212099262688
2021,3,Portuguese Grand Prix,Autódromo Internacional do Algarve,maxverstappen,64,4,26.319,red_bull,0,0,0,27.0872,1,0,292,60,23.35989949294445,24.891649887065583,2.959100507055549,1.4273501129344162
2021,3,Portuguese Grand Prix,Autódromo Internacional do Algarve,mazepin,2,1,21.372,haas,0,0,0,27.0872,1,0,272,60,24.8074441540668,24.299172168418433,-3.4354441540668006,-2.9271721684184335
2021,3,Portuguese Grand Prix,Autódromo Internacional do Algarve,mazepin,3,2,21.404,haas,0,0,0,27.0872,1,0,272,60,24.8074441540668,24.47366676108585,-3.4034441540668006,-3.0696667610858483
2021,3,Portuguese Grand Prix,Autódromo Internacional do Algarve,mazepin,31,3,27.186,haas,0,0,0,27.0872,1,0,272,60,24.8074441540668,24.940390287730818,2.3785558459331995,2.2456097122691823
2021,3,Portuguese Grand Prix,Autódromo Internacional do Algarve,mazepin,43,4,26.984,haas,0,0,0,27.0872,1,0,272,60,24.8074441540668,26.431703778196074,2.1765558459332013,0.5522962218039282
2021,3,Portuguese Grand Prix,Autódromo Internacional do Algarve,mickschumacher,2,1,22.019,haas,0,0,0,27.0872,1,0,272,60,24.8074441540668,24.299172168418433,-2.788444154066802,-2.280172168418435
2021,3,Portuguese Grand Prix,Autódromo Internacional do Algarve,mickschumacher,3,2,21.454,haas,0,0,0,27.0872,1,0,272,60,24.8074441540668,24.47366676108585,-3.3534441540668,-3.0196667610858476
2021,3,Portuguese Grand Prix,Autódromo Internacional do Algarve,mickschumacher,32,3,27.245,haas,0,0,0,27.0872,1,0,272,60,24.8074441540668,24.941010787487468,2.4375558459332005,2.3039892125125334
2021,3,Portuguese Grand Prix,Autódromo Internacional do Algarve,norris,2,1,21.407,mclaren,0,0,0,27.0872,1,0,270,60,23.410625150660657,23.166781930566245,-2.003625150660657,-1.7597819305662448
2021,3,Portuguese Grand Prix,Autódromo Internacional do Algarve,norris,3,2,22.551,mclaren,0,0,0,27.0872,1,0,270,60,23.410625150660657,23.34127652323366,-0.8596251506606585,-0.7902765232336613
2021,3,Portuguese Grand Prix,Autódromo Internacional do Algarve,norris,22,3,26.952,mclaren,0,0,0,27.0872,1,0,270,60,23.410625150660657,23.802415552068798,3.541374849339345,3.149584447931204
2021,3,Portuguese Grand Prix,Autódromo Internacional do Algarve,ocon,2,1,21.275,alpine,0,0,0,27.0872,1,0,249,60,23.62938218744925,23.582603743684075,-2.35438218744925,-2.3076037436840764
2021,3,Portuguese Grand Prix,Autódromo Internacional do Algarve,ocon,3,2,22.24,alpine,0,0,0,27.0872,1,0,249,60,23.62938218744925,23.757098336351493,-1.3893821874492502,-1.517098336351495
2021,3,Portuguese Grand Prix,Autódromo Internacional do Algarve,ocon,22,3,27.033,alpine,0,0,0,27.0872,1,0,249,60,23.62938218744925,24.218237365186628,3.4036178125507526,2.8147626348133734
2021,3,Portuguese Grand Prix,Autódromo Internacional do Algarve,perez,2,1,21.89,red_bull,0,0,0,27.0872,1,0,292,60,23.35989949294445,22.746087782398334,-1.4698994929444495,-0.8560877823983333
2021,3,Portuguese Grand Prix,Autódromo Internacional do Algarve,perez,3,2,22.1,red_bull,0,0,0,27.0872,1,0,292,60,23.35989949294445,22.92058237506575,-1.2598994929444487,-0.8205823750657473
2021,3,Portuguese Grand Prix,Autódromo Internacional do Algarve,perez,51,3,26.607,red_bull,0,0,0,27.0872,1,0,292,60,23.35989949294445,23.39971589684368,3.247100507055549,3.2072841031563186
2021,3,Portuguese Grand Prix,Autódromo Internacional do Algarve,ricciardo,2,1,21.965,mclaren,0,0,0,27.0872,1,0,270,60,23.410625150660657,23.166781930566245,-1.445625150660657,-1.201781930566245
2021,3,Portuguese Grand Prix,Autódromo Internacional do Algarve,ricciardo,3,2,22.355,mclaren,0,0,0,27.0872,1,0,270,60,23.410625150660657,23.34127652323366,-1.0556251506606564,-0.9862765232336592
2021,3,Portuguese Grand Prix,Autódromo Internacional do Algarve,ricciardo,41,3,28.639,mclaren,0,0,0,27.0872,1,0,270,60,23.410625150660657,23.81420504744511,5.2283748493393425,4.824794952554889
2021,3,Portuguese Grand Prix,Autódromo Internacional do Algarve,russell,2,1,23.532,williams,0,0,0,27.0872,1,0,271,60,24.658894422135152,23.69709927671666,-1.1268944221351518,-0.16509927671665992
2021,3,Portuguese Grand Prix,Autódromo Internacional do Algarve,russell,3,2,22.755,williams,0,0,0,27.0872,1,0,271,60,24.658894422135152,23.871593869384075,-1.9038944221351528,-1.1165938693840758
2021,3,Portuguese Grand Prix,Autódromo Internacional do Algarve,russell,28,3,26.843,williams,0,0,0,27.0872,1,0,271,60,24.658894422135152,24.3364558967591,2.184105577864848,2.5065441032408984
2021,3,Portuguese Grand Prix,Autódromo Internacional do Algarve,sainz,2,1,22.029,ferrari,0,0,0,27.0872,1,0,259,60,23.43702977125106,23.06774964512396,-1.4080297712510585,-1.0387496451239606
2021,3,Portuguese Grand Prix,Autódromo Internacional do Algarve,sainz,3,2,22.244,ferrari,0,0,0,27.0872,1,0,259,60,23.43702977125106,23.242244237791375,-1.1930297712510587,-0.9982442377913756
2021,3,Portuguese Grand Prix,Autódromo Internacional do Algarve,sainz,21,3,25.892,ferrari,0,0,0,27.0872,1,0,259,60,23.43702977125106,23.702762766869863,2.454970228748941,2.189237233130136
2021,3,Portuguese Grand Prix,Autódromo Internacional do Algarve,stroll,2,1,22.264,aston_martin,0,0,0,27.0872,1,0,271,60,23.624925561269905,23.427934877228086,-1.3609255612699052,-1.1639348772280869
2021,3,Portuguese Grand Prix,Autódromo Internacional do Algarve,stroll,3,2,22.176,aston_martin,0,0,0,27.0872,1,0,271,60,23.624925561269905,23.6024294698955,-1.4489255612699061,-1.4264294698955027
2021,3,Portuguese Grand Prix,Autódromo Internacional do Algarve,stroll,39,3,26.027,aston_martin,0,0,0,27.0872,1,0,271,60,23.624925561269905,24.074116994593656,2.4020744387300965,1.9528830054063455
2021,3,Portuguese Grand Prix,Autódromo Internacional do Algarve,tsunoda,2,1,22.266,alphatauri,0,0,0,27.0872,1,0,202,60,23.147245820800602,23.20252978917797,-0.8812458208006042,-0.9365297891779711
2021,3,Portuguese Grand Prix,Autódromo Internacional do Algarve,tsunoda,3,2,22.542,alphatauri,0,0,0,27.0872,1,0,202,60,23.147245820800602,23.377024381845384,-0.6052458208006009,-0.8350243818453826
2021,3,Portuguese Grand Prix,Autódromo Internacional do Algarve,tsunoda,21,3,26.202,alphatauri,0,0,0,27.0872,1,0,202,60,23.147245820800602,23.837542910923872,3.0547541791993993,2.3644570890761294
2021,3,Portuguese Grand Prix,Autódromo Internacional do Algarve,vettel,2,1,21.398,aston_martin,0,0,0,27.0872,1,0,271,60,23.624925561269905,23.427934877228086,-2.226925561269905,-2.0299348772280865
2021,3,Portuguese Grand Prix,Autódromo Internacional do Algarve,vettel,3,2,21.75,aston_martin,0,0,0,27.0872,1,0,271,60,23.624925561269905,23.6024294698955,-1.8749255612699045,-1.852429469895501
2021,3,Portuguese Grand Prix,Autódromo Internacional do Algarve,vettel,22,3,26.62,aston_martin,0,0,0,27.0872,1,0,271,60,23.624925561269905,24.063568498730636,2.9950744387300965,2.5564315012693655
2021,4,Spanish Grand Prix,Circuit de Barcelona-Catalunya,alonso,21,1,22.043,alpine,0,0,0,26.945999999999998,1,0,249,172,22.590629105771303,22.443312785953665,-0.5476291057713034,-0.40031278595366615
2021,4,Spanish Grand Prix,Circuit de Barcelona-Catalunya,alonso,61,2,23.479,alpine,0,0,0,26.945999999999998,1,0,249,172,22.590629105771303,22.642006869130363,0.8883708942286965,0.8369931308696366
2021,4,Spanish Grand Prix,Circuit de Barcelona-Catalunya,bottas,23,1,22.311,mercedes,0,0,0,26.945999999999998,1,0,278,172,22.769311761952277,22.179819718442925,-0.4583117619522774,0.13118028155707506
2021,4,Spanish Grand Prix,Circuit de Barcelona-Catalunya,bottas,53,2,21.638,mercedes,0,0,0,26.945999999999998,1,0,278,172,22.769311761952277,22.372308804053137,-1.1313117619522757,-0.7343088040531356
2021,4,Spanish Grand Prix,Circuit de Barcelona-Catalunya,gasly,18,1,28.042,alphatauri,0,0,0,26.945999999999998,1,0,202,172,22.10849273912266,22.061377332177614,5.933507260877342,5.980622667822388
2021,4,Spanish Grand Prix,Circuit de Barcelona-Catalunya,gasly,47,2,26.065,alphatauri,0,0,0,26.945999999999998,1,0,202,172,22.10849273912266,22.253245918031183,3.9565072608773413,3.811754081968818
2021,4,Spanish Grand Prix,Circuit de Barcelona-Catalunya,giovinazzi,8,1,54.673,alfa,0,0,0,26.945999999999998,1,0,194,172,22.56508794635631,22.441391939368092,32.10791205364369,32.23160806063191
2021,4,Spanish Grand Prix,Circuit de Barcelona-Catalunya,giovinazzi,39,2,22.871,alfa,0,0,0,26.945999999999998,1,0,194,172,22.56508794635631,22.634501524734954,0.3059120536436879,0.2364984752650443
2021,4,Spanish Grand Prix,Circuit de Barcelona-Catalunya,hamilton,28,1,22.22,mercedes,0,0,0,26.945999999999998,1,0,278,172,22.769311761952277,22.182922217226164,-0.5493117619522785,0.03707778277383511
2021,4,Spanish Grand Prix,Circuit de Barcelona-Catalunya,hamilton,42,2,22.078,mercedes,0,0,0,26.945999999999998,1,0,278,172,22.769311761952277,22.365483306730006,-0.691311761952278,-0.28748330673000666
2021,4,Spanish Grand Prix,Circuit de Barcelona-Catalunya,latifi,9,1,26.672,williams,0,0,0,26.945999999999998,1,0,271,172,23.620141340457206,22.550362321906473,3.051858659542795,4.121637678093528
2021,4,Spanish Grand Prix,Circuit de Barcelona-Catalunya,latifi,27,2,21.424,williams,0,0,0,26.945999999999998,1,0,271,172,23.620141340457206,22.735405410436908,-2.1961413404572063,-1.3114054104369082
2021,4,Spanish Grand Prix,Circuit de Barcelona-Catalunya,latifi,50,3,22.405,williams,0,0,0,26.945999999999998,1,0,271,172,23.620141340457206,23.199026438298635,-1.2151413404572047,-0.7940264382986335
2021,4,Spanish Grand Prix,Circuit de Barcelona-Catalunya,leclerc,28,1,21.613,ferrari,0,0,0,26.945999999999998,1,0,259,172,22.398276689573112,21.932802185690086,-0.7852766895731129,-0.31980218569008656
2021,4,Spanish Grand Prix,Circuit de Barcelona-Catalunya,leclerc,58,2,22.292,ferrari,0,0,0,26.945999999999998,1,0,259,172,22.398276689573112,22.125291271300302,-0.10627668957311087,0.16670872869969955
2021,4,Spanish Grand Prix,Circuit de Barcelona-Catalunya,maxverstappen,24,1,23.565,red_bull,0,0,0,26.945999999999998,1,0,292,172,22.321146411266504,21.608658323937867,1.2438535887334972,1.9563416760621344
2021,4,Spanish Grand Prix,Circuit de Barcelona-Catalunya,maxverstappen,60,2,21.592,red_bull,0,0,0,26.945999999999998,1,0,292,172,22.321146411266504,21.80487040808797,-0.7291464112665054,-0.21287040808797286
2021,4,Spanish Grand Prix,Circuit de Barcelona-Catalunya,mazepin,22,1,23.098,haas,0,0,0,26.945999999999998,1,0,272,172,23.768691072388854,23.16050171044467,-0.6706910723888555,-0.06250171044467123
2021,4,Spanish Grand Prix,Circuit de Barcelona-Catalunya,mazepin,42,2,22.502,haas,0,0,0,26.945999999999998,1,0,272,172,23.768691072388854,23.3467857984884,-1.2666910723888556,-0.8447857984884024
2021,4,Spanish Grand Prix,Circuit de Barcelona-Catalunya,mickschumacher,23,1,24.006,haas,0,0,0,26.945999999999998,1,0,272,172,23.768691072388854,23.16112221020132,0.23730892761114575,0.8448777897986801
2021,4,Spanish Grand Prix,Circuit de Barcelona-Catalunya,mickschumacher,50,2,22.31,haas,0,0,0,26.945999999999998,1,0,272,172,23.768691072388854,23.351749796541586,-1.4586910723888558,-1.0417497965415876
2021,4,Spanish Grand Prix,Circuit de Barcelona-Catalunya,norris,23,1,21.864,mclaren,0,0,0,26.945999999999998,1,0,270,172,22.37187206898271,22.02873197234913,-0.5078720689827101,-0.16473197234913073
2021,4,Spanish Grand Prix,Circuit de Barcelona-Catalunya,norris,51,2,22.467,mclaren,0,0,0,26.945999999999998,1,0,270,172,22.37187206898271,22.219980058446048,0.09512793101728789,0.24701994155395113
2021,4,Spanish Grand Prix,Circuit de Barcelona-Catalunya,ocon,23,1,22.798,alpine,0,0,0,26.945999999999998,1,0,249,172,22.590629105771303,22.44455378546696,0.2073708942286956,0.3534462145330366
2021,4,Spanish Grand Prix,Circuit de Barcelona-Catalunya,perez,27,1,22.382,red_bull,0,0,0,26.945999999999998,1,0,292,172,22.321146411266504,21.610519823207817,0.06085358873349733,0.7714801767921848
2021,4,Spanish Grand Prix,Circuit de Barcelona-Catalunya,perez,57,2,21.345,red_bull,0,0,0,26.945999999999998,1,0,292,172,22.321146411266504,21.80300890881803,-0.9761464112665053,-0.45800890881803014
2021,4,Spanish Grand Prix,Circuit de Barcelona-Catalunya,raikkonen,37,1,21.572,alfa,0,0,0,26.945999999999998,1,0,194,172,22.56508794635631,22.45938643231089,-0.9930879463563116,-0.8873864323108904
2021,4,Spanish Grand Prix,Circuit de Barcelona-Catalunya,ricciardo,25,1,22.406,mclaren,0,0,0,26.945999999999998,1,0,270,172,22.37187206898271,22.029972971862428,0.03412793101728795,0.37602702813757105
2021,4,Spanish Grand Prix,Circuit de Barcelona-Catalunya,ricciardo,46,2,21.762,mclaren,0,0,0,26.945999999999998,1,0,270,172,22.37187206898271,22.216877559662805,-0.6098720689827104,-0.45487755966280474
2021,4,Spanish Grand Prix,Circuit de Barcelona-Catalunya,russell,9,1,23.814,williams,0,0,0,26.945999999999998,1,0,271,172,23.620141340457206,22.550362321906473,0.19385865954279424,1.2636376780935272
2021,4,Spanish Grand Prix,Circuit de Barcelona-Catalunya,russell,28,2,21.919,williams,0,0,0,26.945999999999998,1,0,271,172,23.620141340457206,22.736025910193554,-1.7011413404572053,-0.8170259101935535
2021,4,Spanish Grand Prix,Circuit de Barcelona-Catalunya,sainz,22,1,21.779,ferrari,0,0,0,26.945999999999998,1,0,259,172,22.398276689573112,21.929079187150197,-0.6192766895731125,-0.1500791871501974
2021,4,Spanish Grand Prix,Circuit de Barcelona-Catalunya,sainz,46,2,21.856,ferrari,0,0,0,26.945999999999998,1,0,259,172,22.398276689573112,22.117845274220524,-0.5422766895731108,-0.26184527422052284
2021,4,Spanish Grand Prix,Circuit de Barcelona-Catalunya,stroll,22,1,21.756,aston_martin,0,0,0,26.945999999999998,1,0,271,172,22.58617247959196,22.289264419254323,-0.8301724795919583,-0.5332644192543228
2021,4,Spanish Grand Prix,Circuit de Barcelona-Catalunya,stroll,39,2,21.432,aston_martin,0,0,0,26.945999999999998,1,0,271,172,22.58617247959196,22.47368700802811,-1.15417247959196,-1.0416870080281129
2021,4,Spanish Grand Prix,Circuit de Barcelona-Catalunya,vettel,21,1,23.087,aston_martin,0,0,0,26.945999999999998,1,0,271,172,22.58617247959196,22.288643919497677,0.5008275204080412,0.7983560805023231
2021,4,Spanish Grand Prix,Circuit de Barcelona-Catalunya,vettel,38,2,21.973,aston_martin,0,0,0,26.945999999999998,1,0,271,172,22.58617247959196,22.47306650827146,-0.6131724795919595,-0.5000665082714626
2021,5,Monaco Grand Prix,Circuit de Monaco,alonso,45,1,23.803,alpine,0,0,0,24.8375,1,0,249,71,19.90461703412053,25.77399057135875,3.8983829658794704,-1.9709905713587474
2021,5,Monaco Grand Prix,Circuit de Monaco,gasly,30,1,24.428,alphatauri,0,0,0,24.8375,1,0,202,71,19.422480667471888,25.38460912050292,5.005519332528113,-0.9566091205029181
2021,5,Monaco Grand Prix,Circuit de Monaco,giovinazzi,33,1,24.521,alfa,0,0,0,24.8375,1,0,194,71,19.87907587470554,25.772690224529825,4.641924125294462,-1.251690224529824
2021,5,Monaco Grand Prix,Circuit de Monaco,hamilton,29,1,23.783,mercedes,0,0,0,24.8375,1,0,278,71,20.083299690301505,25.49932850822834,3.699700309698496,-1.7163285082283402
2021,5,Monaco Grand Prix,Circuit de Monaco,hamilton,67,2,24.244,mercedes,0,0,0,24.8375,1,0,278,71,20.083299690301505,25.69678159189174,4.160700309698495,-1.452781591891739
2021,5,Monaco Grand Prix,Circuit de Monaco,latifi,43,1,23.703,williams,0,0,0,24.8375,1,0,271,71,20.934129268806437,25.887245104878037,2.7688707311935623,-2.1842451048780376
2021,5,Monaco Grand Prix,Circuit de Monaco,maxverstappen,34,1,23.746,red_bull,0,0,0,24.8375,1,0,292,71,19.635134339615732,24.930649112749876,4.110865660384267,-1.1846491127498773
2021,5,Monaco Grand Prix,Circuit de Monaco,mazepin,34,1,25.202,haas,0,0,0,24.8375,1,0,272,71,21.082679000738086,26.483733498769976,4.119320999261916,-1.2817334987699738
2021,5,Monaco Grand Prix,Circuit de Monaco,mickschumacher,37,1,24.797,haas,0,0,0,24.8375,1,0,272,71,21.082679000738086,26.48559499803992,3.714320999261915,-1.688594998039921
2021,5,Monaco Grand Prix,Circuit de Monaco,norris,30,1,23.874,mclaren,0,0,0,24.8375,1,0,270,71,19.685859997331942,25.348861261891194,4.188140002668057,-1.4748612618911956
2021,5,Monaco Grand Prix,Circuit de Monaco,ocon,37,1,23.935,alpine,0,0,0,24.8375,1,0,249,71,19.90461703412053,25.769026573305563,4.030382965879468,-1.8340265733055645
2021,5,Monaco Grand Prix,Circuit de Monaco,perez,35,1,24.548,red_bull,0,0,0,24.8375,1,0,292,71,19.635134339615732,24.931269612506526,4.912865660384266,-0.3832696125065276
2021,5,Monaco Grand Prix,Circuit de Monaco,raikkonen,43,1,24.077,alfa,0,0,0,24.8375,1,0,194,71,19.87907587470554,25.778895222096306,4.197924125294463,-1.7018952220963044
2021,5,Monaco Grand Prix,Circuit de Monaco,ricciardo,36,1,24.715,mclaren,0,0,0,24.8375,1,0,270,71,19.685859997331942,25.352584260431083,5.029140002668058,-0.6375842604310833
2021,5,Monaco Grand Prix,Circuit de Monaco,russell,31,1,23.928,williams,0,0,0,24.8375,1,0,271,71,20.934129268806437,25.87979910779826,2.9938707311935637,-1.9517991077982586
2021,5,Monaco Grand Prix,Circuit de Monaco,sainz,32,1,24.15,ferrari,0,0,0,24.8375,1,0,259,71,19.71226461792234,25.251069975962206,4.437735382077658,-1.1010699759622078
2021,5,Monaco Grand Prix,Circuit de Monaco,stroll,58,1,23.474,aston_martin,0,0,0,24.8375,1,0,271,71,19.90016040794119,25.627388201739183,3.5738395920588104,-2.153388201739183
2021,5,Monaco Grand Prix,Circuit de Monaco,tsunoda,64,1,24.43,alphatauri,0,0,0,24.8375,1,0,202,71,19.422480667471888,25.40570611222896,5.007519332528112,-0.9757061122289592
2021,5,Monaco Grand Prix,Circuit de Monaco,vettel,31,1,24.369,aston_martin,0,0,0,24.8375,1,0,271,71,19.90016040794119,25.610634708309686,4.46883959205881,-1.241634708309686
2021,6,Azerbaijan Grand Prix,Baku City Circuit,alonso,48,4,2.014526,alpine,0,0,0,2.0385726,0,0,249,88,17.812415605336966,6.275127686818157,-15.797889605336966,-4.260601686818157
2021,6,Azerbaijan Grand Prix,Baku City Circuit,bottas,48,3,2.035229,mercedes,0,0,0,2.0385726,0,0,278,88,17.99109826151794,4.526526126408641,-15.95586926151794,-2.491297126408641
2021,6,Azerbaijan Grand Prix,Baku City Circuit,gasly,48,3,2.00183,alphatauri,0,0,0,2.0385726,0,0,202,88,17.330279238688323,4.411186238926574,-15.328449238688323,-2.4093562389265744
2021,6,Azerbaijan Grand Prix,Baku City Circuit,giovinazzi,48,4,2.017324,alfa,0,0,0,2.0385726,0,0,194,88,17.786874445921978,6.281273337069009,-15.769550445921977,-4.263949337069009
2021,6,Azerbaijan Grand Prix,Baku City Circuit,hamilton,48,3,2.000923,mercedes,0,0,0,2.0385726,0,0,278,88,17.99109826151794,4.526526126408641,-15.99017526151794,-2.5256031264086416
2021,6,Azerbaijan Grand Prix,Baku City Circuit,latifi,48,2,2.048175,williams,0,0,0,2.0385726,1,0,271,88,18.841927840022873,21.057337448336707,-16.793752840022872,-19.009162448336706
2021,6,Azerbaijan Grand Prix,Baku City Circuit,leclerc,48,3,2.002544,ferrari,0,0,0,2.0385726,0,0,259,88,17.62006318913878,4.276406094872565,-15.617519189138779,-2.2738620948725647
2021,6,Azerbaijan Grand Prix,Baku City Circuit,mazepin,47,5,1.828965,haas,0,0,0,2.0385726,0,0,272,88,18.99047757195452,5.509112243807518,-17.16151257195452,-3.680147243807518
2021,6,Azerbaijan Grand Prix,Baku City Circuit,mickschumacher,48,5,2.014176,haas,0,0,0,2.0385726,0,0,272,88,18.99047757195452,5.509732743564166,-16.976301571954522,-3.4955567435641663
2021,6,Azerbaijan Grand Prix,Baku City Circuit,norris,48,3,2.010409,mclaren,0,0,0,2.0385726,0,0,270,88,17.593658568548378,4.375438380314849,-15.583249568548379,-2.3650293803148488
2021,6,Azerbaijan Grand Prix,Baku City Circuit,perez,48,3,1.9984659999999999,red_bull,0,0,0,2.0385726,0,0,292,88,17.54293291083217,3.9547442321469393,-15.54446691083217,-1.9562782321469394
2021,6,Azerbaijan Grand Prix,Baku City Circuit,raikkonen,48,3,2.016437,alfa,0,0,0,2.0385726,0,0,194,88,17.786874445921978,4.797405843683533,-15.770437445921978,-2.7809688436835334
2021,6,Azerbaijan Grand Prix,Baku City Circuit,ricciardo,48,3,2.015163,mclaren,0,0,0,2.0385726,0,0,270,88,17.593658568548378,4.375438380314849,-15.578495568548378,-2.360275380314849
2021,6,Azerbaijan Grand Prix,Baku City Circuit,russell,48,4,2.036172,williams,0,0,0,2.0385726,0,0,271,88,18.841927840022873,6.38962321985074,-16.805755840022872,-4.35345121985074
2021,6,Azerbaijan Grand Prix,Baku City Circuit,sainz,48,3,2.012724,ferrari,0,0,0,2.0385726,0,0,259,88,17.62006318913878,4.276406094872565,-15.607339189138779,-2.2636820948725647
2021,6,Azerbaijan Grand Prix,Baku City Circuit,tsunoda,48,3,2.003526,alphatauri,0,0,0,2.0385726,0,0,202,88,17.330279238688323,4.411186238926574,-15.326753238688323,-2.4076602389265744
2021,6,Azerbaijan Grand Prix,Baku City Circuit,vettel,48,3,2.000416,aston_martin,0,0,0,2.0385726,0,0,271,88,17.807958979157625,4.63659132697669,-15.807542979157626,-2.6361753269766903
2021,7,French Grand Prix,Circuit Paul Ricard,alonso,18,1,31.288,alpine,0,0,0,31.365949999999998,1,0,249,47,34.52832253256644,34.48134955229592,-3.2403225325664415,-3.193349552295917
2021,7,French Grand Prix,Circuit Paul Ricard,bottas,17,1,30.572,mercedes,0,0,0,31.365949999999998,1,0,278,47,34.70700518874742,34.21599498551523,-4.135005188747417,-3.6439949855152314
2021,7,French Grand Prix,Circuit Paul Ricard,gasly,17,1,30.781,alphatauri,0,0,0,31.365949999999998,1,0,202,47,34.046186165917796,34.10065509803316,-3.2651861659177968,-3.3196550980331594
2021,7,French Grand Prix,Circuit Paul Ricard,giovinazzi,28,1,30.586,alfa,0,0,0,31.365949999999998,1,0,194,47,34.50278137315145,34.49370020011325,-3.9167813731514514,-3.907700200113254
2021,7,French Grand Prix,Circuit Paul Ricard,hamilton,19,1,30.263,mercedes,0,0,0,31.365949999999998,1,0,278,47,34.70700518874742,34.21723598502852,-4.444005188747415,-3.9542359850285216
2021,7,French Grand Prix,Circuit Paul Ricard,latifi,18,1,29.775,williams,0,0,0,31.365949999999998,1,0,271,47,35.557834767252345,34.5958450853285,-5.782834767252346,-4.8208450853285
2021,7,French Grand Prix,Circuit Paul Ricard,leclerc,14,1,30.798,ferrari,0,0,0,31.365949999999998,1,0,259,47,34.33597011636825,33.9640134547092,-3.5379701163682533,-3.166013454709205
2021,7,French Grand Prix,Circuit Paul Ricard,leclerc,38,2,31.368,ferrari,0,0,0,31.365949999999998,1,0,259,47,34.33597011636825,34.15277954177954,-2.967970116368253,-2.784779541779539
2021,7,French Grand Prix,Circuit Paul Ricard,maxverstappen,18,1,29.803,red_bull,0,0,0,31.365949999999998,1,0,292,47,34.25883983806165,33.64483359101017,-4.455839838061646,-3.841833591010168
2021,7,French Grand Prix,Circuit Paul Ricard,maxverstappen,32,2,30.123,red_bull,0,0,0,31.365949999999998,1,0,292,47,34.25883983806165,33.82739468051402,-4.135839838061646,-3.7043946805140173
2021,7,French Grand Prix,Circuit Paul Ricard,mazepin,31,1,30.983,haas,0,0,0,31.365949999999998,1,0,272,47,35.706384499184,35.2059844738667,-4.723384499183997,-4.222984473866699
2021,7,French Grand Prix,Circuit Paul Ricard,mickschumacher,15,1,31.457,haas,0,0,0,31.365949999999998,1,0,272,47,35.706384499184,35.19605647776033,-4.249384499183996,-3.739056477760329
2021,7,French Grand Prix,Circuit Paul Ricard,norris,24,1,30.531,mclaren,0,0,0,31.365949999999998,1,0,270,47,34.30956549577785,34.06925073771797,-3.7785654957778547,-3.5382507377179735
2021,7,French Grand Prix,Circuit Paul Ricard,ocon,28,1,30.207,alpine,0,0,0,31.365949999999998,1,0,249,47,34.52832253256644,34.487554549862395,-4.321322532566441,-4.280554549862394
2021,7,French Grand Prix,Circuit Paul Ricard,perez,24,1,29.682,red_bull,0,0,0,31.365949999999998,1,0,292,47,34.25883983806165,33.64855658955006,-4.576839838061648,-3.9665565895500627
2021,7,French Grand Prix,Circuit Paul Ricard,raikkonen,33,1,31.327,alfa,0,0,0,31.365949999999998,1,0,194,47,34.50278137315145,34.49680269889649,-3.175781373151448,-3.1698026988964862
2021,7,French Grand Prix,Circuit Paul Ricard,ricciardo,16,1,29.951,mclaren,0,0,0,31.365949999999998,1,0,270,47,34.30956549577785,34.06428673966479,-4.358565495777853,-4.113286739664787
2021,7,French Grand Prix,Circuit Paul Ricard,russell,17,1,30.092,williams,0,0,0,31.365949999999998,1,0,271,47,35.557834767252345,34.595224585571856,-5.465834767252346,-4.503224585571857
2021,7,French Grand Prix,Circuit Paul Ricard,sainz,17,1,30.534,ferrari,0,0,0,31.365949999999998,1,0,259,47,34.33597011636825,33.96587495397915,-3.8019701163682527,-3.431874953979154
2021,7,French Grand Prix,Circuit Paul Ricard,stroll,34,1,30.996,aston_martin,0,0,0,31.365949999999998,1,0,271,47,34.5238659063871,34.336608681946295,-3.5278659063871025,-3.3406086819462963
2021,7,French Grand Prix,Circuit Paul Ricard,tsunoda,15,1,30.226,alphatauri,0,0,0,31.365949999999998,1,0,202,47,34.046186165917796,34.099414098519865,-3.8201861659177965,-3.8734140985198664
2021,7,French Grand Prix,Circuit Paul Ricard,vettel,37,1,31.069,aston_martin,0,0,0,31.365949999999998,1,0,271,47,34.5238659063871,34.33847018121624,-3.454865906387102,-3.2694701812162386
2021,8,Styrian Grand Prix,Red Bull Ring,alonso,27,1,21.131,alpine,0,0,0,36.61739999999999,1,0,249,192,22.069031177667675,21.96588471248777,-0.9380311776676749,-0.8348847124877707
2021,8,Styrian Grand Prix,Red Bull Ring,bottas,27,1,21.752,mercedes,0,0,0,36.61739999999999,1,0,278,192,22.24771383384865,21.701150645463734,-0.49571383384865086,0.05084935453626471
2021,8,Styrian Grand Prix,Red Bull Ring,giovinazzi,23,1,21.21,alfa,0,0,0,36.61739999999999,1,0,194,192,22.043490018252683,21.969548363712033,-0.8334900182526823,-0.7595483637120317
2021,8,Styrian Grand Prix,Red Bull Ring,hamilton,28,1,21.219,mercedes,0,0,0,36.61739999999999,1,0,278,192,22.24771383384865,21.70177114522038,-1.0287138338486486,-0.48277114522037934
2021,8,Styrian Grand Prix,Red Bull Ring,hamilton,69,2,21.64,mercedes,0,0,0,36.61739999999999,1,0,278,192,22.24771383384865,21.901085728153724,-0.6077138338486492,-0.26108572815372355
2021,8,Styrian Grand Prix,Red Bull Ring,latifi,25,2,21.953,williams,0,0,0,36.61739999999999,1,0,271,192,23.098543412353578,22.253013338917828,-1.1455434123535788,-0.3000133389178288
2021,8,Styrian Grand Prix,Red Bull Ring,leclerc,37,2,21.924,ferrari,0,0,0,36.61739999999999,1,0,259,192,21.876678761469485,21.631109704404906,0.04732123853051462,0.29289029559509316
2021,8,Styrian Grand Prix,Red Bull Ring,maxverstappen,29,1,20.936,red_bull,0,0,0,36.61739999999999,1,0,292,192,21.799548483162877,21.13060975071533,-0.8635484831628766,-0.1946097507153297
2021,8,Styrian Grand Prix,Red Bull Ring,mazepin,21,1,22.759,haas,0,0,0,36.61739999999999,1,0,272,192,23.247093144285227,22.67873013868224,-0.48809314428522654,0.0802698613177597
2021,8,Styrian Grand Prix,Red Bull Ring,mickschumacher,33,1,22.4,haas,0,0,0,36.61739999999999,1,0,272,192,23.247093144285227,22.686176135762018,-0.8470931442852283,-0.2861761357620196
2021,8,Styrian Grand Prix,Red Bull Ring,norris,31,1,21.692,mclaren,0,0,0,36.61739999999999,1,0,270,192,21.850274140879083,21.552544898396533,-0.1582741408790831,0.13945510160346686
2021,8,Styrian Grand Prix,Red Bull Ring,ocon,36,1,21.238,alpine,0,0,0,36.61739999999999,1,0,249,192,22.069031177667675,21.971469210297606,-0.8310311776676755,-0.7334692102976064
2021,8,Styrian Grand Prix,Red Bull Ring,perez,26,1,23.477,red_bull,0,0,0,36.61739999999999,1,0,292,192,21.799548483162877,21.12874825144538,1.6774515168371238,2.3482517485546204
2021,8,Styrian Grand Prix,Red Bull Ring,perez,54,2,20.961,red_bull,0,0,0,36.61739999999999,1,0,292,192,21.799548483162877,21.3199963375423,-0.838548483162878,-0.3589963375423011
2021,8,Styrian Grand Prix,Red Bull Ring,raikkonen,36,1,21.227,alfa,0,0,0,36.61739999999999,1,0,194,192,22.043490018252683,21.977614860548456,-0.8164900182526829,-0.7506148605484562
2021,8,Styrian Grand Prix,Red Bull Ring,ricciardo,41,1,21.41,mclaren,0,0,0,36.61739999999999,1,0,270,192,21.850274140879083,21.558749895963015,-0.4402741408790831,-0.14874989596301447
2021,8,Styrian Grand Prix,Red Bull Ring,russell,25,1,37.309,williams,0,0,0,36.61739999999999,1,0,271,192,23.098543412353578,22.07913924600706,14.21045658764642,15.229860753992938
2021,8,Styrian Grand Prix,Red Bull Ring,russell,26,2,46.315,williams,0,0,0,36.61739999999999,1,0,271,192,23.098543412353578,22.253633838674475,23.21645658764642,24.061366161325523
2021,8,Styrian Grand Prix,Red Bull Ring,sainz,41,1,21.226,ferrari,0,0,0,36.61739999999999,1,0,259,192,21.876678761469485,21.45971761052073,-0.6506787614694858,-0.23371761052073126
2021,8,Styrian Grand Prix,Red Bull Ring,stroll,28,1,20.936,aston_martin,0,0,0,36.61739999999999,1,0,271,192,22.06457455148833,21.81183634578843,-1.128574551488331,-0.8758363457884286
2021,8,Styrian Grand Prix,Red Bull Ring,tsunoda,26,1,21.234,alphatauri,0,0,0,36.61739999999999,1,0,202,192,21.586894811019032,21.58519025822502,-0.35289481101903064,-0.35119025822501726
2021,8,Styrian Grand Prix,Red Bull Ring,vettel,27,1,21.546,aston_martin,0,0,0,36.61739999999999,1,0,271,192,22.06457455148833,21.811215846031782,-0.5185745514883315,-0.26521584603178283
2021,9,Austrian Grand Prix,Red Bull Ring,alonso,32,1,22.663,alpine,0,0,0,26.577999999999996,1,0,249,192,22.069031177667675,21.968987211271013,0.5939688223323252,0.6940127887289869
2021,9,Austrian Grand Prix,Red Bull Ring,bottas,30,1,21.071,mercedes,0,0,0,26.577999999999996,1,0,278,192,22.24771383384865,21.703012144733677,-1.1767138338486482,-0.6320121447336753
2021,9,Austrian Grand Prix,Red Bull Ring,gasly,13,1,22.564,alphatauri,0,0,0,26.577999999999996,1,0,202,192,21.586894811019032,21.57712376138859,0.9771051889809677,0.9868762386114085
2021,9,Austrian Grand Prix,Red Bull Ring,gasly,45,2,20.85,alphatauri,0,0,0,26.577999999999996,1,0,202,192,21.586894811019032,21.770853846512104,-0.736894811019031,-0.9208538465121023
2021,9,Austrian Grand Prix,Red Bull Ring,giovinazzi,29,2,27.122,alfa,0,0,0,26.577999999999996,1,0,194,192,22.043490018252683,22.14714545516269,5.078509981747317,4.97485454483731
2021,9,Austrian Grand Prix,Red Bull Ring,hamilton,31,1,21.005,mercedes,0,0,0,26.577999999999996,1,0,278,192,22.24771383384865,21.703632644490327,-1.2427138338486508,-0.6986326444903277
2021,9,Austrian Grand Prix,Red Bull Ring,hamilton,53,2,21.421,mercedes,0,0,0,26.577999999999996,1,0,278,192,22.24771383384865,21.891157732047354,-0.8267138338486504,-0.47015773204735467
2021,9,Austrian Grand Prix,Red Bull Ring,latifi,33,1,21.152,williams,0,0,0,26.577999999999996,1,0,271,192,23.098543412353578,22.084103244060245,-1.9465434123535772,-0.9321032440602437
2021,9,Austrian Grand Prix,Red Bull Ring,leclerc,34,1,21.143,ferrari,0,0,0,26.577999999999996,1,0,259,192,21.876678761469485,21.455374112224195,-0.7336787614694842,-0.31237411222419453
2021,9,Austrian Grand Prix,Red Bull Ring,maxverstappen,32,1,21.09,red_bull,0,0,0,26.577999999999996,1,0,292,192,21.799548483162877,21.132471249985272,-0.7095484831628767,-0.04247124998527241
2021,9,Austrian Grand Prix,Red Bull Ring,maxverstappen,60,2,21.236,red_bull,0,0,0,26.577999999999996,1,0,292,192,21.799548483162877,21.323719336082192,-0.5635484831628759,-0.08771933608219129
2021,9,Austrian Grand Prix,Red Bull Ring,mazepin,45,2,23.182,haas,0,0,0,26.577999999999996,1,0,272,192,23.247093144285227,22.867496225752564,-0.06509314428522828,0.31450377424743436
2021,9,Austrian Grand Prix,Red Bull Ring,mickschumacher,34,1,21.798,haas,0,0,0,26.577999999999996,1,0,272,192,23.247093144285227,22.686796635518665,-1.4490931442852286,-0.8887966355186663
2021,9,Austrian Grand Prix,Red Bull Ring,norris,30,1,26.474,mclaren,0,0,0,26.577999999999996,1,0,270,192,21.850274140879083,21.551924398639883,4.623725859120917,4.922075601360117
2021,9,Austrian Grand Prix,Red Bull Ring,perez,32,1,21.735,red_bull,0,0,0,26.577999999999996,1,0,292,192,21.799548483162877,21.132471249985272,-0.06454848316287709,0.6025287500147272
2021,9,Austrian Grand Prix,Red Bull Ring,raikkonen,37,1,21.896,alfa,0,0,0,26.577999999999996,1,0,194,192,22.043490018252683,21.978235360305106,-0.14749001825268238,-0.08223536030510559
2021,9,Austrian Grand Prix,Red Bull Ring,ricciardo,29,1,21.151,mclaren,0,0,0,26.577999999999996,1,0,270,192,21.850274140879083,21.551303898883237,-0.6992741408790835,-0.40030389888323725
2021,9,Austrian Grand Prix,Red Bull Ring,russell,30,1,21.606,williams,0,0,0,26.577999999999996,1,0,271,192,23.098543412353578,22.0822417447903,-1.4925434123535766,-0.4762417447902969
2021,9,Austrian Grand Prix,Red Bull Ring,sainz,48,1,21.431,ferrari,0,0,0,26.577999999999996,1,0,259,192,21.876678761469485,21.46406110881727,-0.44567876146948393,-0.03306110881726809
2021,9,Austrian Grand Prix,Red Bull Ring,stroll,14,1,21.391,aston_martin,0,0,0,26.577999999999996,1,0,271,192,22.06457455148833,21.803149349195355,-0.6735745514883327,-0.4121493491953565
2021,9,Austrian Grand Prix,Red Bull Ring,stroll,46,2,21.472,aston_martin,0,0,0,26.577999999999996,1,0,271,192,22.06457455148833,21.996879434318863,-0.5925745514883296,-0.5248794343188621
2021,9,Austrian Grand Prix,Red Bull Ring,tsunoda,12,1,21.145,alphatauri,0,0,0,26.577999999999996,1,0,202,192,21.586894811019032,21.57650326163194,-0.44189481101903283,-0.4315032616319421
2021,9,Austrian Grand Prix,Red Bull Ring,tsunoda,51,2,26.604,alphatauri,0,0,0,26.577999999999996,1,0,202,192,21.586894811019032,21.77457684505199,5.017105188980967,4.82942315494801
2021,9,Austrian Grand Prix,Red Bull Ring,vettel,17,1,21.086,aston_martin,0,0,0,26.577999999999996,1,0,271,192,22.06457455148833,21.8050108484653,-0.9785745514883324,-0.7190108484653024
2021,9,Austrian Grand Prix,Red Bull Ring,vettel,49,2,20.841,aston_martin,0,0,0,26.577999999999996,1,0,271,192,22.06457455148833,21.99874093358881,-1.2235745514883298,-1.1577409335888085
2021,10,British Grand Prix,Silverstone Circuit,alonso,2,1,2.05858,alpine,0,0,0,2.0769957,0,0,249,87,23.230334848698753,10.06543634092292,-21.171754848698754,-8.00685634092292
2021,10,British Grand Prix,Silverstone Circuit,bottas,2,1,2.049149,mercedes,0,0,0,2.0769957,0,0,278,87,23.409017504879728,9.800702273898882,-21.359868504879728,-7.751553273898882
2021,10,British Grand Prix,Silverstone Circuit,gasly,2,1,2.067244,alphatauri,0,0,0,2.0769957,0,0,202,87,22.74819848205011,9.685362386416815,-20.68095448205011,-7.618118386416814
2021,10,British Grand Prix,Silverstone Circuit,giovinazzi,2,1,2.07025,alfa,0,0,0,2.0769957,0,0,194,87,23.20479368928376,10.071581991173773,-21.13454368928376,-8.001331991173773
2021,10,British Grand Prix,Silverstone Circuit,hamilton,2,1,2.048376,mercedes,0,0,0,2.0769957,0,0,278,87,23.409017504879728,9.800702273898882,-21.360641504879727,-7.752326273898881
2021,10,British Grand Prix,Silverstone Circuit,latifi,2,1,2.0771640000000002,williams,0,0,0,2.0769957,1,0,271,87,24.259847083384656,26.780863129285766,-22.182683083384656,-24.703699129285766
2021,10,British Grand Prix,Silverstone Circuit,leclerc,2,1,2.047731,ferrari,0,0,0,2.0769957,0,0,259,87,23.037982432500563,9.550582242362804,-20.990251432500564,-7.502851242362803
2021,10,British Grand Prix,Silverstone Circuit,mazepin,2,1,2.076977,haas,0,0,0,2.0769957,0,0,272,87,24.408396815316305,10.782004765657275,-22.331419815316305,-8.705027765657276
2021,10,British Grand Prix,Silverstone Circuit,mickschumacher,2,1,2.0757280000000002,haas,0,0,0,2.0769957,0,0,272,87,24.408396815316305,10.782004765657275,-22.332668815316303,-8.706276765657275
2021,10,British Grand Prix,Silverstone Circuit,norris,2,1,2.052218,mclaren,0,0,0,2.0769957,0,0,270,87,23.01157781191016,9.649614527805088,-20.95935981191016,-7.597396527805088
2021,10,British Grand Prix,Silverstone Circuit,ocon,2,1,2.066994,alpine,0,0,0,2.0769957,0,0,249,87,23.230334848698753,10.06543634092292,-21.163340848698752,-7.99844234092292
2021,10,British Grand Prix,Silverstone Circuit,perez,2,1,2.0764050000000003,red_bull,0,0,0,2.0769957,0,0,292,87,22.960852154193955,9.228920379637179,-20.884447154193953,-7.152515379637179
2021,10,British Grand Prix,Silverstone Circuit,raikkonen,2,1,2.0629839999999997,alfa,0,0,0,2.0769957,0,0,194,87,23.20479368928376,10.071581991173773,-21.14180968928376,-8.008597991173772
2021,10,British Grand Prix,Silverstone Circuit,ricciardo,2,1,2.051281,mclaren,0,0,0,2.0769957,0,0,270,87,23.01157781191016,9.649614527805088,-20.960296811910162,-7.598333527805089
2021,10,British Grand Prix,Silverstone Circuit,russell,2,1,2.072543,williams,0,0,0,2.0769957,0,0,271,87,24.259847083384656,10.179931873955503,-22.187304083384657,-8.107388873955504
2021,10,British Grand Prix,Silverstone Circuit,sainz,2,1,2.059122,ferrari,0,0,0,2.0769957,0,0,259,87,23.037982432500563,9.550582242362804,-20.978860432500564,-7.491460242362804
2021,10,British Grand Prix,Silverstone Circuit,stroll,2,1,2.0678609999999997,aston_martin,0,0,0,2.0769957,0,0,271,87,23.22587822251941,9.91076747446693,-21.15801722251941,-7.84290647446693
2021,10,British Grand Prix,Silverstone Circuit,tsunoda,2,1,2.075695,alphatauri,0,0,0,2.0769957,0,0,202,87,22.74819848205011,9.685362386416815,-20.67250348205011,-7.609667386416815
2021,10,British Grand Prix,Silverstone Circuit,vettel,2,1,2.055222,aston_martin,0,0,0,2.0769957,0,0,271,87,23.22587822251941,9.91076747446693,-21.17065622251941,-7.855545474466929
2021,11,Hungarian Grand Prix,Hungaroring,alonso,2,1,1.454979,alpine,0,0,0,1.4576837,0,1,249,133,19.744935185683524,-1.6842280595014278,-18.289956185683522,3.1392070595014276
2021,11,Hungarian Grand Prix,Hungaroring,gasly,2,1,1.457615,alphatauri,0,0,0,1.4576837,0,1,202,133,19.262798819034877,-2.064302014007534,-17.805183819034877,3.521917014007534
2021,11,Hungarian Grand Prix,Hungaroring,giovinazzi,2,2,1.456349,alfa,0,0,0,1.4576837,0,1,194,133,19.71939402626853,-1.5042083163398083,-18.263045026268532,2.9605573163398082
2021,11,Hungarian Grand Prix,Hungaroring,hamilton,2,1,1.449259,mercedes,0,0,0,1.4576837,0,1,278,133,19.923617841864495,-1.9489621265254677,-18.474358841864493,3.398221126525468
2021,11,Hungarian Grand Prix,Hungaroring,latifi,2,1,1.454435,williams,0,0,0,1.4576837,0,1,271,133,20.774447420369427,-1.569732526468845,-19.320012420369427,3.024167526468845
2021,11,Hungarian Grand Prix,Hungaroring,maxverstappen,2,2,1.456349,red_bull,0,0,0,1.4576837,0,1,292,133,19.475452491178725,-2.346869927876402,-18.019103491178726,3.8032189278764017
2021,11,Hungarian Grand Prix,Hungaroring,mazepin,2,2,1.4574200000000002,haas,0,0,0,1.4576837,0,1,272,133,20.922997152301075,-0.793785541856304,-19.465577152301076,2.2512055418563044
2021,11,Hungarian Grand Prix,Hungaroring,mickschumacher,2,1,1.457042,haas,0,0,0,1.4576837,0,1,272,133,20.922997152301075,-0.9676596347670725,-19.465955152301074,2.4247016347670725
2021,11,Hungarian Grand Prix,Hungaroring,ocon,2,1,1.45019,alpine,0,0,0,1.4576837,0,1,249,133,19.744935185683524,-1.6842280595014278,-18.294745185683524,3.134418059501428
2021,11,Hungarian Grand Prix,Hungaroring,raikkonen,2,1,1.4578440000000001,alfa,0,0,0,1.4576837,1,1,194,133,19.71939402626853,14.922848846079685,-18.26155002626853,-13.465004846079685
2021,11,Hungarian Grand Prix,Hungaroring,ricciardo,2,1,1.457127,mclaren,0,0,0,1.4576837,0,1,270,133,19.52617814889493,-2.1000498726192602,-18.069051148894932,3.5571768726192605
2021,11,Hungarian Grand Prix,Hungaroring,russell,2,1,1.457487,williams,0,0,0,1.4576837,0,1,271,133,20.774447420369427,-1.569732526468845,-19.316960420369426,3.027219526468845
2021,11,Hungarian Grand Prix,Hungaroring,sainz,2,1,1.4525270000000001,ferrari,0,0,0,1.4576837,0,1,259,133,19.552582769485333,-2.199082158061544,-18.100055769485333,3.651609158061544
2021,11,Hungarian Grand Prix,Hungaroring,tsunoda,2,1,1.4536300000000002,alphatauri,0,0,0,1.4576837,0,1,202,133,19.262798819034877,-2.064302014007534,-17.809168819034877,3.517932014007534
2021,11,Hungarian Grand Prix,Hungaroring,vettel,2,1,1.4518900000000001,aston_martin,0,0,0,1.4576837,0,1,271,133,19.74047855950418,-1.838896925957418,-18.28858855950418,3.290786925957418
2021,13,Dutch Grand Prix,Circuit Park Zandvoort,alonso,33,1,19.018,alpine,0,0,0,25.150999999999996,1,0,249,144,17.761788307223867,20.999125804666853,1.2562116927761338,-1.9811258046668527
2021,13,Dutch Grand Prix,Circuit Park Zandvoort,bottas,31,1,18.873,mercedes,0,0,0,25.150999999999996,1,0,278,144,17.940470963404838,20.73315073812952,0.9325290365951631,-1.8601507381295193
2021,13,Dutch Grand Prix,Circuit Park Zandvoort,bottas,67,2,21.73,mercedes,0,0,0,25.150999999999996,1,0,278,144,17.940470963404838,20.92936282227962,3.7895290365951624,0.8006371777203789
2021,13,Dutch Grand Prix,Circuit Park Zandvoort,gasly,24,1,19.163,alphatauri,0,0,0,25.150999999999996,1,0,202,144,17.27965194057522,20.613467352350913,1.8833480594247796,-1.4504673523509126
2021,13,Dutch Grand Prix,Circuit Park Zandvoort,giovinazzi,27,1,19.049,alfa,0,0,0,25.150999999999996,1,0,194,144,17.736247147808875,21.00154845637782,1.3127528521911245,-1.9525484563778193
2021,13,Dutch Grand Prix,Circuit Park Zandvoort,giovinazzi,33,2,20.043,alfa,0,0,0,25.150999999999996,1,0,194,144,17.736247147808875,21.179145547828476,2.3067528521911242,-1.1361455478284768
2021,13,Dutch Grand Prix,Circuit Park Zandvoort,hamilton,20,1,19.77,mercedes,0,0,0,25.150999999999996,1,0,278,144,17.940470963404838,20.72632524080639,1.8295290365951615,-0.9563252408063896
2021,13,Dutch Grand Prix,Circuit Park Zandvoort,hamilton,39,2,18.868,mercedes,0,0,0,25.150999999999996,1,0,278,144,17.940470963404838,20.911988829093474,0.9275290365951605,-2.0439888290934753
2021,13,Dutch Grand Prix,Circuit Park Zandvoort,hamilton,70,3,19.202,mercedes,0,0,0,25.150999999999996,1,0,278,144,17.940470963404838,21.380573855008386,1.2615290365951637,-2.178573855008384
2021,13,Dutch Grand Prix,Circuit Park Zandvoort,kubica,40,1,19.708,alfa,0,0,0,25.150999999999996,1,0,194,144,17.736247147808875,21.009614953214243,1.9717528521911234,-1.3016149532142443
2021,13,Dutch Grand Prix,Circuit Park Zandvoort,latifi,23,1,20.646,williams,0,0,0,25.150999999999996,1,0,271,144,18.79130054190977,21.107416340132957,1.8546994580902307,-0.4614163401329563
2021,13,Dutch Grand Prix,Circuit Park Zandvoort,leclerc,34,1,19.49,ferrari,0,0,0,25.150999999999996,1,0,259,144,17.569435891025677,20.484892205863385,1.9205641089743217,-0.9948922058633869
2021,13,Dutch Grand Prix,Circuit Park Zandvoort,maxverstappen,21,1,19.142,red_bull,0,0,0,25.150999999999996,1,0,292,144,17.49230561271907,20.155163846301335,1.649694387280931,-1.0131638463013353
2021,13,Dutch Grand Prix,Circuit Park Zandvoort,maxverstappen,40,2,18.578,red_bull,0,0,0,25.150999999999996,1,0,292,144,17.49230561271907,20.340827434588416,1.085694387280931,-1.7628274345884165
2021,13,Dutch Grand Prix,Circuit Park Zandvoort,mazepin,33,1,19.999,haas,0,0,0,25.150999999999996,1,0,272,144,18.93985027384142,21.715694229401212,1.05914972615858,-1.716694229401213
2021,13,Dutch Grand Prix,Circuit Park Zandvoort,mickschumacher,4,1,35.573,haas,0,0,0,25.150999999999996,1,0,272,144,18.93985027384142,21.697699736458414,16.63314972615858,13.875300263541586
2021,13,Dutch Grand Prix,Circuit Park Zandvoort,mickschumacher,30,2,24.578,haas,0,0,0,25.150999999999996,1,0,272,144,18.93985027384142,21.887706823042034,5.638149726158581,2.690293176957965
2021,13,Dutch Grand Prix,Circuit Park Zandvoort,norris,42,1,20.443,mclaren,0,0,0,25.150999999999996,1,0,270,144,17.543031270435275,20.588888489358855,2.8999687295647263,-0.14588848935885323
2021,13,Dutch Grand Prix,Circuit Park Zandvoort,ocon,31,1,19.24,alpine,0,0,0,25.150999999999996,1,0,249,144,17.761788307223867,20.997884805153557,1.4782116927761315,-1.7578848051535587
2021,13,Dutch Grand Prix,Circuit Park Zandvoort,perez,8,1,19.287,red_bull,0,0,0,25.150999999999996,1,0,292,144,17.49230561271907,20.147097349464907,1.7946943872809307,-0.8600973494649082
2021,13,Dutch Grand Prix,Circuit Park Zandvoort,perez,47,2,18.555,red_bull,0,0,0,25.150999999999996,1,0,292,144,17.49230561271907,20.345170932884955,1.0626943872809314,-1.7901709328849549
2021,13,Dutch Grand Prix,Circuit Park Zandvoort,ricciardo,30,1,19.449,mclaren,0,0,0,25.150999999999996,1,0,270,144,17.543031270435275,20.581442492279077,1.9059687295647265,-1.1324424922790755
2021,13,Dutch Grand Prix,Circuit Park Zandvoort,russell,27,1,18.634,williams,0,0,0,25.150999999999996,1,0,271,144,18.79130054190977,21.10989833915955,-0.15730054190976972,-2.4758983391595493
2021,13,Dutch Grand Prix,Circuit Park Zandvoort,russell,68,2,25.533,williams,0,0,0,25.150999999999996,1,0,271,144,18.79130054190977,21.30921292209289,6.741699458090231,4.223787077907112
2021,13,Dutch Grand Prix,Circuit Park Zandvoort,sainz,31,1,20.327,ferrari,0,0,0,25.150999999999996,1,0,259,144,17.569435891025677,20.483030706593443,2.757564108974325,-0.15603070659344098
2021,13,Dutch Grand Prix,Circuit Park Zandvoort,stroll,27,1,19.389,aston_martin,0,0,0,25.150999999999996,1,0,271,144,17.757331681044523,20.840733939670976,1.6316683189554766,-1.4517339396709765
2021,13,Dutch Grand Prix,Circuit Park Zandvoort,tsunoda,31,1,19.85,alphatauri,0,0,0,25.150999999999996,1,0,202,144,17.27965194057522,20.61781085064745,2.5703480594247807,-0.7678108506474501
2021,13,Dutch Grand Prix,Circuit Park Zandvoort,vettel,10,1,18.664,aston_martin,0,0,0,25.150999999999996,1,0,271,144,17.757331681044523,20.830185443807956,0.9066683189554787,-2.1661854438079544
2021,13,Dutch Grand Prix,Circuit Park Zandvoort,vettel,44,2,18.681,aston_martin,0,0,0,25.150999999999996,1,0,271,144,17.757331681044523,21.02515652844476,0.9236683189554782,-2.34415652844476
2021,14,Italian Grand Prix,Autodromo Nazionale di Monza,alonso,25,1,24.797,alpine,0,0,0,30.917,1,0,249,104,25.16727488056301,25.299267342443326,-0.3702748805630094,-0.502267342443325
2021,14,Italian Grand Prix,Autodromo Nazionale di Monza,bottas,26,1,24.308,mercedes,0,0,0,30.917,1,0,278,104,25.34595753674398,25.035153775175935,-1.0379575367439813,-0.7271537751759354
2021,14,Italian Grand Prix,Autodromo Nazionale di Monza,giovinazzi,25,2,30.551,alfa,0,0,0,30.917,1,0,194,104,25.141733721148018,25.47928708560495,5.40926627885198,5.07171291439505
2021,14,Italian Grand Prix,Autodromo Nazionale di Monza,hamilton,25,1,25.619,mercedes,0,0,0,30.917,1,0,278,104,25.34595753674398,25.03453327541929,0.27304246325601866,0.5844667245807109
2021,14,Italian Grand Prix,Autodromo Nazionale di Monza,kubica,26,1,24.501,alfa,0,0,0,30.917,1,0,194,104,25.141733721148018,25.306033492450826,-0.6407337211480169,-0.8050334924508249
2021,14,Italian Grand Prix,Autodromo Nazionale di Monza,latifi,23,1,24.168,williams,0,0,0,30.917,1,0,271,104,26.196787115248917,25.412521875962614,-2.0287871152489174,-1.244521875962615
2021,14,Italian Grand Prix,Autodromo Nazionale di Monza,leclerc,26,1,24.557,ferrari,0,0,0,30.917,1,0,259,104,24.97492246436482,24.78503374363986,-0.41792246436482117,-0.2280337436398625
2021,14,Italian Grand Prix,Autodromo Nazionale di Monza,maxverstappen,23,1,32.456,red_bull,0,0,0,30.917,1,0,292,104,24.89779218605821,24.46151038164429,7.558207813941792,7.994489618355715
2021,14,Italian Grand Prix,Autodromo Nazionale di Monza,mazepin,24,1,24.928,haas,0,0,0,30.917,1,0,272,104,26.345336847180562,26.015215267421038,-1.417336847180561,-1.087215267421037
2021,14,Italian Grand Prix,Autodromo Nazionale di Monza,mazepin,28,2,24.806,haas,0,0,0,30.917,1,0,272,104,26.345336847180562,26.1915713593584,-1.5393368471805609,-1.3855713593583978
2021,14,Italian Grand Prix,Autodromo Nazionale di Monza,mazepin,39,3,30.917,haas,0,0,0,30.917,1,0,272,104,26.345336847180562,26.647746390140345,4.57166315281944,4.269253609859657
2021,14,Italian Grand Prix,Autodromo Nazionale di Monza,mickschumacher,23,1,24.714,haas,0,0,0,30.917,1,0,272,104,26.345336847180562,26.014594767664388,-1.6313368471805632,-1.3005947676643892
2021,14,Italian Grand Prix,Autodromo Nazionale di Monza,norris,24,1,24.168,mclaren,0,0,0,30.917,1,0,270,104,24.948517843774418,24.882825029568846,-0.7805178437744189,-0.7148250295688463
2021,14,Italian Grand Prix,Autodromo Nazionale di Monza,ocon,26,1,30.333,alpine,0,0,0,30.917,1,0,249,104,25.16727488056301,25.299887842199976,5.165725119436988,5.033112157800023
2021,14,Italian Grand Prix,Autodromo Nazionale di Monza,perez,26,1,23.906,red_bull,0,0,0,30.917,1,0,292,104,24.89779218605821,24.46337188091423,-0.9917921860582126,-0.5573718809142321
2021,14,Italian Grand Prix,Autodromo Nazionale di Monza,ricciardo,22,1,23.812,mclaren,0,0,0,30.917,1,0,270,104,24.948517843774418,24.881584030055553,-1.136517843774417,-1.0695840300555517
2021,14,Italian Grand Prix,Autodromo Nazionale di Monza,russell,26,1,24.156,williams,0,0,0,30.917,1,0,271,104,26.196787115248917,25.414383375232557,-2.040787115248918,-1.2583833752325582
2021,14,Italian Grand Prix,Autodromo Nazionale di Monza,sainz,26,1,24.283,ferrari,0,0,0,30.917,1,0,259,104,24.97492246436482,24.78503374363986,-0.6919224643648185,-0.5020337436398599
2021,14,Italian Grand Prix,Autodromo Nazionale di Monza,stroll,25,1,24.846,aston_martin,0,0,0,30.917,1,0,271,104,25.162818254383666,25.144598475987337,-0.31681825438366573,-0.2985984759873368
2021,14,Italian Grand Prix,Autodromo Nazionale di Monza,vettel,22,1,25.157,aston_martin,0,0,0,30.917,1,0,271,104,25.162818254383666,25.14273697671739,-0.0058182543836657885,0.01426302328260931
2021,14,Italian Grand Prix,Autodromo Nazionale di Monza,vettel,26,2,25.927,aston_martin,0,0,0,30.917,1,0,271,104,25.162818254383666,25.31909306865475,0.7641817456163338,0.6079069313452479
2021,15,Russian Grand Prix,Sochi Autodrom,alonso,36,1,30.157,alpine,0,0,0,34.167500000000004,1,0,249,39,31.346579188126995,31.51250168515633,-1.189579188126995,-1.3555016851563302
2021,15,Russian Grand Prix,Sochi Autodrom,alonso,50,2,30.702,alpine,0,0,0,34.167500000000004,1,0,249,39,31.346579188126995,31.695062774660173,-0.6445791881269933,-0.9930627746601708
2021,15,Russian Grand Prix,Sochi Autodrom,bottas,28,1,29.936,mercedes,0,0,0,34.167500000000004,1,0,278,39,31.52526184430797,31.24280362007911,-1.5892618443079698,-1.3068036200791084
2021,15,Russian Grand Prix,Sochi Autodrom,bottas,47,2,29.569,mercedes,0,0,0,34.167500000000004,1,0,278,39,31.52526184430797,31.42846720836619,-1.9562618443079707,-1.8594672083661905
2021,15,Russian Grand Prix,Sochi Autodrom,gasly,33,1,29.354,alphatauri,0,0,0,34.167500000000004,1,0,202,39,30.864442821478352,31.13056623138028,-1.5104428214783532,-1.7765662313802792
2021,15,Russian Grand Prix,Sochi Autodrom,gasly,50,2,31.915,alphatauri,0,0,0,34.167500000000004,1,0,202,39,30.864442821478352,31.314988820154063,1.0505571785216468,0.6000111798459358
2021,15,Russian Grand Prix,Sochi Autodrom,giovinazzi,36,1,30.081,alfa,0,0,0,34.167500000000004,1,0,194,39,31.321038028712003,31.518647335407184,-1.2400380287120036,-1.4376473354071848
2021,15,Russian Grand Prix,Sochi Autodrom,giovinazzi,50,2,33.961,alfa,0,0,0,34.167500000000004,1,0,194,39,31.321038028712003,31.701208424911023,2.6399619712879954,2.2597915750889754
2021,15,Russian Grand Prix,Sochi Autodrom,hamilton,26,1,29.878,mercedes,0,0,0,34.167500000000004,1,0,278,39,31.52526184430797,31.24156262056581,-1.6472618443079696,-1.3635626205658085
2021,15,Russian Grand Prix,Sochi Autodrom,hamilton,49,2,30.045,mercedes,0,0,0,34.167500000000004,1,0,278,39,31.52526184430797,31.429708207879486,-1.480261844307968,-1.3847082078794841
2021,15,Russian Grand Prix,Sochi Autodrom,latifi,13,1,30.056,williams,0,0,0,34.167500000000004,1,0,271,39,32.376091422812905,31.612725723786003,-2.3200914228129044,-1.556725723786002
2021,15,Russian Grand Prix,Sochi Autodrom,leclerc,35,1,31.849,ferrari,0,0,0,34.167500000000004,1,0,259,39,31.154226771928805,30.997027086839566,0.6947732280711953,0.8519729131604343
2021,15,Russian Grand Prix,Sochi Autodrom,leclerc,51,2,32.648,ferrari,0,0,0,34.167500000000004,1,0,259,39,31.154226771928805,31.180829175856704,1.4937732280711984,1.4671708241432988
2021,15,Russian Grand Prix,Sochi Autodrom,maxverstappen,26,1,29.578,red_bull,0,0,0,34.167500000000004,1,0,292,39,31.0770964936222,30.669780726304104,-1.4990964936222007,-1.0917807263041048
2021,15,Russian Grand Prix,Sochi Autodrom,maxverstappen,48,2,31.017,red_bull,0,0,0,34.167500000000004,1,0,292,39,31.0770964936222,30.857305813861135,-0.0600964936222006,0.15969418613886432
2021,15,Russian Grand Prix,Sochi Autodrom,mazepin,14,1,30.127,haas,0,0,0,34.167500000000004,1,0,272,39,32.52464115474455,32.21541911524442,-2.3976411547445515,-2.088419115244424
2021,15,Russian Grand Prix,Sochi Autodrom,mazepin,46,2,33.931,haas,0,0,0,34.167500000000004,1,0,272,39,32.52464115474455,32.409149200367935,1.406358845255447,1.5218507996320625
2021,15,Russian Grand Prix,Sochi Autodrom,mickschumacher,20,1,29.996,haas,0,0,0,34.167500000000004,1,0,272,39,32.52464115474455,32.219142113784315,-2.5286411547445518,-2.2231421137843164
2021,15,Russian Grand Prix,Sochi Autodrom,norris,28,1,29.824,mclaren,0,0,0,34.167500000000004,1,0,270,39,31.127822151338407,31.09171587398531,-1.3038221513384052,-1.2677158739853098
2021,15,Russian Grand Prix,Sochi Autodrom,norris,51,2,32.67,mclaren,0,0,0,34.167500000000004,1,0,270,39,31.127822151338407,31.27986146129899,1.542177848661595,1.390138538701013
2021,15,Russian Grand Prix,Sochi Autodrom,ocon,15,1,29.901,alpine,0,0,0,34.167500000000004,1,0,249,39,31.346579188126995,31.499471190266718,-1.4455791881269953,-1.598471190266718
2021,15,Russian Grand Prix,Sochi Autodrom,ocon,50,2,33.264,alpine,0,0,0,34.167500000000004,1,0,249,39,31.346579188126995,31.695062774660173,1.9174208118730078,1.5689372253398304
2021,15,Russian Grand Prix,Sochi Autodrom,perez,36,1,36.026,red_bull,0,0,0,34.167500000000004,1,0,292,39,31.0770964936222,30.67598572387059,4.948903506377803,5.350014276129414
2021,15,Russian Grand Prix,Sochi Autodrom,perez,50,2,32.313,red_bull,0,0,0,34.167500000000004,1,0,292,39,31.0770964936222,30.858546813374428,1.2359035063778023,1.4544531866255745
2021,15,Russian Grand Prix,Sochi Autodrom,raikkonen,15,1,30.102,alfa,0,0,0,34.167500000000004,1,0,194,39,31.321038028712003,31.505616840517572,-1.2190380287120028,-1.4036168405175715
2021,15,Russian Grand Prix,Sochi Autodrom,raikkonen,47,2,30.131,alfa,0,0,0,34.167500000000004,1,0,194,39,31.321038028712003,31.69934692564108,-1.190038028712003,-1.5683469256410802
2021,15,Russian Grand Prix,Sochi Autodrom,ricciardo,22,1,33.617,mclaren,0,0,0,34.167500000000004,1,0,270,39,31.127822151338407,31.087992875445423,2.4891778486615905,2.5290071245545747
2021,15,Russian Grand Prix,Sochi Autodrom,ricciardo,48,2,31.016,mclaren,0,0,0,34.167500000000004,1,0,270,39,31.127822151338407,31.277999962029043,-0.11182215133840856,-0.2619999620290443
2021,15,Russian Grand Prix,Sochi Autodrom,russell,13,1,30.665,williams,0,0,0,34.167500000000004,1,0,271,39,32.376091422812905,31.612725723786003,-1.7110914228129062,-0.9477257237860037
2021,15,Russian Grand Prix,Sochi Autodrom,russell,47,2,32.081,williams,0,0,0,34.167500000000004,1,0,271,39,32.376091422812905,31.80769680842281,-0.29509142281290224,0.27330319157719174
2021,15,Russian Grand Prix,Sochi Autodrom,sainz,14,1,30.715,ferrari,0,0,0,34.167500000000004,1,0,259,39,31.154226771928805,30.983996591949953,-0.439226771928805,-0.2689965919499535
2021,15,Russian Grand Prix,Sochi Autodrom,sainz,48,2,30.677,ferrari,0,0,0,34.167500000000004,1,0,259,39,31.154226771928805,31.17896767658676,-0.47722677192880525,-0.5019676765867587
2021,15,Russian Grand Prix,Sochi Autodrom,stroll,12,1,30.241,aston_martin,0,0,0,34.167500000000004,1,0,271,39,31.342122561947654,31.342940824540783,-1.1011225619476548,-1.1019408245407831
2021,15,Russian Grand Prix,Sochi Autodrom,stroll,48,2,43.124,aston_martin,0,0,0,34.167500000000004,1,0,271,39,31.342122561947654,31.539152908690888,11.781877438052348,11.584847091309115
2021,15,Russian Grand Prix,Sochi Autodrom,tsunoda,13,1,30.112,alphatauri,0,0,0,34.167500000000004,1,0,202,39,30.864442821478352,31.118156236247312,-0.7524428214783541,-1.006156236247314
2021,15,Russian Grand Prix,Sochi Autodrom,tsunoda,47,2,30.98,alphatauri,0,0,0,34.167500000000004,1,0,202,39,30.864442821478352,31.31312732088412,0.11555717852164804,-0.33312732088412034
2021,15,Russian Grand Prix,Sochi Autodrom,tsunoda,49,3,30.972,alphatauri,0,0,0,34.167500000000004,1,0,202,39,30.864442821478352,31.76371785385624,0.10755717852164892,-0.7917178538562375
2021,15,Russian Grand Prix,Sochi Autodrom,vettel,26,1,29.242,aston_martin,0,0,0,34.167500000000004,1,0,271,39,31.342122561947654,31.351627821133857,-2.1001225619476536,-2.1096278211338557
2021,15,Russian Grand Prix,Sochi Autodrom,vettel,50,2,32.128,aston_martin,0,0,0,34.167500000000004,1,0,271,39,31.342122561947654,31.54039390820418,0.7858774380523457,0.5876060917958199
2021,16,Turkish Grand Prix,Istanbul Park,alonso,30,1,29.116,alpine,0,0,0,29.619950000000003,1,0,249,20,24.62011977553403,24.907078305600862,4.495880224465971,4.208921694399137
2021,16,Turkish Grand Prix,Istanbul Park,bottas,37,1,22.962,mercedes,0,0,0,29.619950000000003,1,0,278,20,24.798802431715004,24.64668773687336,-1.8368024317150038,-1.6846877368733608
2021,16,Turkish Grand Prix,Istanbul Park,gasly,39,1,29.31,alphatauri,0,0,0,29.619950000000003,1,0,202,20,24.137983408885386,24.532588848904588,5.1720165911146125,4.777411151095411
2021,16,Turkish Grand Prix,Istanbul Park,giovinazzi,40,1,23.15,alfa,0,0,0,29.619950000000003,1,0,194,20,24.594578616119037,24.91942895341819,-1.4445786161190384,-1.769428953418192
2021,16,Turkish Grand Prix,Istanbul Park,hamilton,50,1,22.684,mercedes,0,0,0,29.619950000000003,1,0,278,20,24.798802431715004,24.65475423370978,-2.1148024317150025,-1.9707542337097799
2021,16,Turkish Grand Prix,Istanbul Park,latifi,34,1,24.104,williams,0,0,0,29.619950000000003,1,0,271,20,25.649632010219932,25.024055837660036,-1.5456320102199328,-0.920055837660037
2021,16,Turkish Grand Prix,Istanbul Park,leclerc,47,1,23.646,ferrari,0,0,0,29.619950000000003,1,0,259,20,24.42776735933584,24.40277270290376,-0.7817673593358379,-0.7567727029037599
2021,16,Turkish Grand Prix,Istanbul Park,maxverstappen,36,1,22.442,red_bull,0,0,0,29.619950000000003,1,0,292,20,24.35063708102923,24.074285342855006,-1.9086370810292301,-1.6322853428550061
2021,16,Turkish Grand Prix,Istanbul Park,mazepin,35,1,23.829,haas,0,0,0,29.619950000000003,1,0,272,20,25.79818174215158,25.626749229118456,-1.96918174215158,-1.7977492291184554
2021,16,Turkish Grand Prix,Istanbul Park,mickschumacher,39,1,23.892,haas,0,0,0,29.619950000000003,1,0,272,20,25.79818174215158,25.62923122814505,-1.9061817421515812,-1.737231228145049
2021,16,Turkish Grand Prix,Istanbul Park,norris,34,1,23.239,mclaren,0,0,0,29.619950000000003,1,0,270,20,24.401362738745437,24.493738491509617,-1.1623627387454363,-1.2547384915096167
2021,16,Turkish Grand Prix,Istanbul Park,perez,37,1,22.463,red_bull,0,0,0,29.619950000000003,1,0,292,20,24.35063708102923,24.074905842611656,-1.8876370810292293,-1.6119058426116553
2021,16,Turkish Grand Prix,Istanbul Park,raikkonen,37,1,23.164,alfa,0,0,0,29.619950000000003,1,0,194,20,24.594578616119037,24.917567454148248,-1.4305786161190355,-1.7535674541482464
2021,16,Turkish Grand Prix,Istanbul Park,ricciardo,21,1,23.028,mclaren,0,0,0,29.619950000000003,1,0,270,20,24.401362738745437,24.485671994673197,-1.3733627387454383,-1.4576719946731984
2021,16,Turkish Grand Prix,Istanbul Park,russell,35,1,23.551,williams,0,0,0,29.619950000000003,1,0,271,20,25.649632010219932,25.024676337416686,-2.0986320102199336,-1.4736763374166877
2021,16,Turkish Grand Prix,Istanbul Park,sainz,36,1,28.353,ferrari,0,0,0,29.619950000000003,1,0,259,20,24.42776735933584,24.395947205580633,3.925232640664163,3.9570527944193685
2021,16,Turkish Grand Prix,Istanbul Park,stroll,39,1,35.509,aston_martin,0,0,0,29.619950000000003,1,0,271,20,24.615663149354685,24.757993936954705,10.893336850645316,10.751006063045295
2021,16,Turkish Grand Prix,Istanbul Park,tsunoda,35,1,23.329,alphatauri,0,0,0,29.619950000000003,1,0,202,20,24.137983408885386,24.530106849877996,-0.8089834088853856,-1.2011068498779949
2021,16,Turkish Grand Prix,Istanbul Park,vettel,36,1,23.5,aston_martin,0,0,0,29.619950000000003,1,0,271,20,24.615663149354685,24.756132437684755,-1.1156631493546847,-1.2561324376847551
2021,16,Turkish Grand Prix,Istanbul Park,vettel,37,2,23.514,aston_martin,0,0,0,29.619950000000003,1,0,271,20,24.615663149354685,24.930627030352177,-1.1016631493546853,-1.4166270303521777
2021,17,United States Grand Prix,Circuit of the Americas,alonso,7,1,23.576,alpine,0,0,0,27.153199999999984,1,0,249,135,24.81942219117706,24.910934788549483,-1.2434221911770607,-1.3349347885494822
2021,17,United States Grand Prix,Circuit of the Americas,alonso,28,2,23.844,alpine,0,0,0,27.153199999999984,1,0,249,135,24.81942219117706,25.097839376349864,-0.97542219117706,-1.2538393763498625
2021,17,United States Grand Prix,Circuit of the Americas,alonso,39,3,23.314,alpine,0,0,0,27.153199999999984,1,0,249,135,24.81942219117706,25.554014407131813,-1.505422191177061,-2.240014407131813
2021,17,United States Grand Prix,Circuit of the Americas,bottas,15,1,24.444,mercedes,0,0,0,27.153199999999984,1,0,278,135,24.998104847358036,24.65116471957863,-0.5541048473580368,-0.20716471957863192
2021,17,United States Grand Prix,Circuit of the Americas,bottas,34,2,23.619,mercedes,0,0,0,27.153199999999984,1,0,278,135,24.998104847358036,24.836828307865712,-1.379104847358036,-1.2178283078657124
2021,17,United States Grand Prix,Circuit of the Americas,gasly,10,1,23.745,alphatauri,0,0,0,27.153199999999984,1,0,202,135,24.33728582452842,24.532722333313323,-0.5922858245284175,-0.7877223333133223
2021,17,United States Grand Prix,Circuit of the Americas,giovinazzi,8,1,23.993,alfa,0,0,0,27.153199999999984,1,0,194,135,24.79388103176207,24.917700938556983,-0.8008810317620707,-0.9247009385569847
2021,17,United States Grand Prix,Circuit of the Americas,giovinazzi,26,2,23.502,alfa,0,0,0,27.153199999999984,1,0,194,135,24.79388103176207,25.102744027087418,-1.2918810317620704,-1.6007440270874191
2021,17,United States Grand Prix,Circuit of the Americas,hamilton,13,1,24.481,mercedes,0,0,0,27.153199999999984,1,0,278,135,24.998104847358036,24.649923720065335,-0.5171048473580342,-0.16892372006533307
2021,17,United States Grand Prix,Circuit of the Americas,hamilton,37,2,23.676,mercedes,0,0,0,27.153199999999984,1,0,278,135,24.998104847358036,24.83868980713566,-1.3221048473580375,-1.16268980713566
2021,17,United States Grand Prix,Circuit of the Americas,latifi,5,1,32.61,williams,0,0,0,27.153199999999984,1,0,271,135,25.848934425862964,25.02418932206877,6.761065574137035,7.585810677931228
2021,17,United States Grand Prix,Circuit of the Americas,latifi,25,2,23.653,williams,0,0,0,27.153199999999984,1,0,271,135,25.848934425862964,25.210473410112503,-2.1959344258629656,-1.5574734101125038
2021,17,United States Grand Prix,Circuit of the Americas,leclerc,12,1,24.011,ferrari,0,0,0,27.153199999999984,1,0,259,135,24.62706977497887,24.399183188772607,-0.6160697749788717,-0.38818318877260793
2021,17,United States Grand Prix,Circuit of the Americas,leclerc,32,2,23.805,ferrari,0,0,0,27.153199999999984,1,0,259,135,24.62706977497887,24.58546727681634,-0.8220697749788712,-0.7804672768163385
2021,17,United States Grand Prix,Circuit of the Americas,maxverstappen,10,1,23.727,red_bull,0,0,0,27.153199999999984,1,0,292,135,24.549939496672263,24.076280326533684,-0.8229394966722623,-0.3492803265336839
2021,17,United States Grand Prix,Circuit of the Americas,maxverstappen,29,2,24.052,red_bull,0,0,0,27.153199999999984,1,0,292,135,24.549939496672263,24.26194391482077,-0.497939496672263,-0.20994391482076935
2021,17,United States Grand Prix,Circuit of the Americas,mazepin,24,2,24.611,haas,0,0,0,27.153199999999984,1,0,272,135,25.997484157794613,25.811925802057623,-1.3864841577946123,-1.200925802057622
2021,17,United States Grand Prix,Circuit of the Americas,mazepin,37,3,24.169,haas,0,0,0,27.153199999999984,1,0,272,135,25.997484157794613,26.269341832352872,-1.8284841577946125,-2.1003418323528713
2021,17,United States Grand Prix,Circuit of the Americas,mickschumacher,11,1,24.293,haas,0,0,0,27.153199999999984,1,0,272,135,25.997484157794613,25.62998521231043,-1.7044841577946137,-1.3369852123104309
2021,17,United States Grand Prix,Circuit of the Americas,mickschumacher,34,2,24.247,haas,0,0,0,27.153199999999984,1,0,272,135,25.997484157794613,25.818130799624107,-1.750484157794613,-1.5711307996241075
2021,17,United States Grand Prix,Circuit of the Americas,norris,10,1,24.385,mclaren,0,0,0,27.153199999999984,1,0,270,135,24.60066515438847,24.496974474701595,-0.21566515438846778,-0.11197447470159361
2021,17,United States Grand Prix,Circuit of the Americas,norris,30,2,25.548,mclaren,0,0,0,27.153199999999984,1,0,270,135,24.60066515438847,24.683258562745326,0.9473348456115289,0.864741437254672
2021,17,United States Grand Prix,Circuit of the Americas,ocon,3,1,40.8,alpine,0,0,0,27.153199999999984,1,0,249,135,24.81942219117706,24.90845278952289,15.980577808822936,15.891547210477107
2021,17,United States Grand Prix,Circuit of the Americas,ocon,25,2,23.919,alpine,0,0,0,27.153199999999984,1,0,249,135,24.81942219117706,25.095977877079918,-0.9004221911770607,-1.176977877079917
2021,17,United States Grand Prix,Circuit of the Americas,perez,12,1,25.018,red_bull,0,0,0,27.153199999999984,1,0,292,135,24.549939496672263,24.077521326046984,0.4680605033277381,0.9404786739530167
2021,17,United States Grand Prix,Circuit of the Americas,perez,30,2,23.604,red_bull,0,0,0,27.153199999999984,1,0,292,135,24.549939496672263,24.26256441457742,-0.9459394966722634,-0.6585644145774197
2021,17,United States Grand Prix,Circuit of the Americas,raikkonen,12,1,24.191,alfa,0,0,0,27.153199999999984,1,0,194,135,24.79388103176207,24.920182937583576,-0.6028810317620703,-0.7291829375835768
2021,17,United States Grand Prix,Circuit of the Americas,raikkonen,31,2,24.09,alfa,0,0,0,27.153199999999984,1,0,194,135,24.79388103176207,25.10584652587066,-0.7038810317620694,-1.0158465258706606
2021,17,United States Grand Prix,Circuit of the Americas,ricciardo,11,1,24.176,mclaren,0,0,0,27.153199999999984,1,0,270,135,24.60066515438847,24.497594974458245,-0.42466515438847097,-0.3215949744582467
2021,17,United States Grand Prix,Circuit of the Americas,ricciardo,30,2,24.036,mclaren,0,0,0,27.153199999999984,1,0,270,135,24.60066515438847,24.683258562745326,-0.564665154388468,-0.6472585627453249
2021,17,United States Grand Prix,Circuit of the Americas,russell,9,1,23.572,williams,0,0,0,27.153199999999984,1,0,271,135,25.848934425862964,25.026671321095364,-2.276934425862965,-1.4546713210953648
2021,17,United States Grand Prix,Circuit of the Americas,russell,31,2,24.98,williams,0,0,0,27.153199999999984,1,0,271,135,25.848934425862964,25.21419640865239,-0.8689344258629639,-0.23419640865239089
2021,17,United States Grand Prix,Circuit of the Americas,sainz,11,1,23.414,ferrari,0,0,0,27.153199999999984,1,0,259,135,24.62706977497887,24.39856268901596,-1.2130697749788695,-0.9845626890159593
2021,17,United States Grand Prix,Circuit of the Americas,sainz,29,2,26.866,ferrari,0,0,0,27.153199999999984,1,0,259,135,24.62706977497887,24.583605777546396,2.2389302250211287,2.282394222453604
2021,17,United States Grand Prix,Circuit of the Americas,stroll,18,1,23.827,aston_martin,0,0,0,27.153199999999984,1,0,271,135,24.814965564997717,24.76309141941662,-0.9879655649977153,-0.9360914194166199
2021,17,United States Grand Prix,Circuit of the Americas,stroll,34,2,23.455,aston_martin,0,0,0,27.153199999999984,1,0,271,135,24.814965564997717,24.94689350843376,-1.3599655649977187,-1.491893508433762
2021,17,United States Grand Prix,Circuit of the Americas,tsunoda,9,1,23.802,alphatauri,0,0,0,27.153199999999984,1,0,202,135,24.33728582452842,24.532101833556673,-0.5352858245284189,-0.7301018335566738
2021,17,United States Grand Prix,Circuit of the Americas,tsunoda,32,2,23.529,alphatauri,0,0,0,27.153199999999984,1,0,202,135,24.33728582452842,24.72024742087035,-0.8082858245284186,-1.1912474208703507
2021,17,United States Grand Prix,Circuit of the Americas,vettel,17,1,24.977,aston_martin,0,0,0,27.153199999999984,1,0,271,135,24.814965564997717,24.762470919659975,0.16203443500228332,0.21452908034002505
2021,17,United States Grand Prix,Circuit of the Americas,vettel,38,2,23.849,aston_martin,0,0,0,27.153199999999984,1,0,271,135,24.814965564997717,24.949375507460353,-0.9659655649977168,-1.1003755074603525
2021,18,Mexico City Grand Prix,Autódromo Hermanos Rodríguez,alonso,39,1,23.985,alpine,0,0,0,26.404300000000003,1,0,249,85,18.700186836968708,23.49150448299352,5.284813163031291,0.49349551700647964
2021,18,Mexico City Grand Prix,Autódromo Hermanos Rodríguez,bottas,40,2,31.664,mercedes,0,0,0,26.404300000000003,1,0,278,85,18.878869493149683,23.401265008636898,12.785130506850319,8.262734991363104
2021,18,Mexico City Grand Prix,Autódromo Hermanos Rodríguez,bottas,63,3,22.68,mercedes,0,0,0,26.404300000000003,1,0,278,85,18.878869493149683,23.86488603649863,3.801130506850317,-1.1848860364986287
2021,18,Mexico City Grand Prix,Autódromo Hermanos Rodríguez,bottas,67,4,26.443,mercedes,0,0,0,26.404300000000003,1,0,278,85,18.878869493149683,25.351235528910696,7.564130506850319,1.0917644710893057
2021,18,Mexico City Grand Prix,Autódromo Hermanos Rodríguez,gasly,31,1,22.549,alphatauri,0,0,0,26.404300000000003,1,0,202,85,18.218050470320065,23.10646653043423,4.330949529679934,-0.5574665304342297
2021,18,Mexico City Grand Prix,Autódromo Hermanos Rodríguez,giovinazzi,16,1,22.205,alfa,0,0,0,26.404300000000003,1,0,194,85,18.674645677553716,23.483378638841465,3.530354322446282,-1.2783786388414669
2021,18,Mexico City Grand Prix,Autódromo Hermanos Rodríguez,hamilton,29,1,22.373,mercedes,0,0,0,26.404300000000003,1,0,278,85,18.878869493149683,23.220565418403,3.4941305068503183,-0.8475654184030006
2021,18,Mexico City Grand Prix,Autódromo Hermanos Rodríguez,latifi,11,1,23.681,williams,0,0,0,26.404300000000003,1,0,271,85,19.72969907165461,23.588626022839957,3.9513009283453897,0.09237397716004381
2021,18,Mexico City Grand Prix,Autódromo Hermanos Rodríguez,latifi,49,2,22.739,williams,0,0,0,26.404300000000003,1,0,271,85,19.72969907165461,23.786079106503355,3.0093009283453895,-1.0470791065033538
2021,18,Mexico City Grand Prix,Autódromo Hermanos Rodríguez,leclerc,30,1,22.085,ferrari,0,0,0,26.404300000000003,1,0,259,85,18.507834420770518,22.97106588662357,3.577165579229483,-0.8860658866235696
2021,18,Mexico City Grand Prix,Autódromo Hermanos Rodríguez,maxverstappen,33,1,21.908,red_bull,0,0,0,26.404300000000003,1,0,292,85,18.43070414246391,22.65126552316789,3.4772958575360917,-0.7432655231678886
2021,18,Mexico City Grand Prix,Autódromo Hermanos Rodríguez,mazepin,13,1,25.094,haas,0,0,0,26.404300000000003,1,0,272,85,19.87824880358626,24.191939914055027,5.215751196413741,0.9020600859449743
2021,18,Mexico City Grand Prix,Autódromo Hermanos Rodríguez,mazepin,58,2,23.637,haas,0,0,0,26.404300000000003,1,0,272,85,19.87824880358626,24.39373649601496,3.7587511964137406,-0.756736496014959
2021,18,Mexico City Grand Prix,Autódromo Hermanos Rodríguez,norris,44,1,22.534,mclaren,0,0,0,26.404300000000003,1,0,270,85,18.481429800180116,23.07878516865893,4.052570199819883,-0.5447851686589296
2021,18,Mexico City Grand Prix,Autódromo Hermanos Rodríguez,ocon,14,1,23.1,alpine,0,0,0,26.404300000000003,1,0,249,85,18.700186836968708,23.47599198907732,4.399813163031293,-0.3759919890773169
2021,18,Mexico City Grand Prix,Autódromo Hermanos Rodríguez,perez,40,1,22.114,red_bull,0,0,0,26.404300000000003,1,0,292,85,18.43070414246391,22.655609021464425,3.6832958575360912,-0.5416090214644242
2021,18,Mexico City Grand Prix,Autódromo Hermanos Rodríguez,raikkonen,32,1,22.424,alfa,0,0,0,26.404300000000003,1,0,194,85,18.674645677553716,23.493306634947835,3.7493543224462833,-1.0693066349478357
2021,18,Mexico City Grand Prix,Autódromo Hermanos Rodríguez,ricciardo,38,2,22.813,mclaren,0,0,0,26.404300000000003,1,0,270,85,18.481429800180116,23.248936263029808,4.331570199819883,-0.43593626302980937
2021,18,Mexico City Grand Prix,Autódromo Hermanos Rodríguez,russell,15,1,21.984,williams,0,0,0,26.404300000000003,1,0,271,85,19.72969907165461,23.59110802186655,2.2543009283453905,-1.6071080218665479
2021,18,Mexico City Grand Prix,Autódromo Hermanos Rodríguez,sainz,42,1,22.031,ferrari,0,0,0,26.404300000000003,1,0,259,85,18.507834420770518,22.97851188370335,3.523165579229481,-0.9475118837033527
2021,18,Mexico City Grand Prix,Autódromo Hermanos Rodríguez,stroll,12,1,23.586,aston_martin,0,0,0,26.404300000000003,1,0,271,85,18.695730210789364,23.32008212310803,4.890269789210635,0.2659178768919688
2021,18,Mexico City Grand Prix,Autódromo Hermanos Rodríguez,stroll,34,2,26.056,aston_martin,0,0,0,26.404300000000003,1,0,271,85,18.695730210789364,23.507607210665057,7.360269789210637,2.548392789334944
2021,18,Mexico City Grand Prix,Autódromo Hermanos Rodríguez,vettel,33,1,22.277,aston_martin,0,0,0,26.404300000000003,1,0,271,85,18.695730210789364,23.333112617997642,3.581269789210637,-1.0561126179976412
2021,19,São Paulo Grand Prix,Autódromo José Carlos Pace,alonso,7,1,17.751,alpine,0,0,0,25.086999999999996,1,0,249,153,17.976872639129855,22.520135868624873,-0.22587263912985378,-4.769135868624872
2021,19,São Paulo Grand Prix,Autódromo José Carlos Pace,alonso,8,2,17.705,alpine,0,0,0,25.086999999999996,1,0,249,153,17.976872639129855,22.69463046129229,-0.2718726391298567,-4.989630461292293
2021,19,São Paulo Grand Prix,Autódromo José Carlos Pace,alonso,34,3,24.375,alpine,0,0,0,25.086999999999996,1,0,249,153,17.976872639129855,23.16011298842396,6.398127360870145,1.2148870115760388
2021,19,São Paulo Grand Prix,Autódromo José Carlos Pace,bottas,7,1,17.899,mercedes,0,0,0,25.086999999999996,1,0,278,153,18.15555529531083,22.255401801600836,-0.25655529531082877,-4.3564018016008355
2021,19,São Paulo Grand Prix,Autódromo José Carlos Pace,bottas,8,2,17.837,mercedes,0,0,0,25.086999999999996,1,0,278,153,18.15555529531083,22.42989639426825,-0.31855529531082993,-4.5928963942682515
2021,19,São Paulo Grand Prix,Autódromo José Carlos Pace,bottas,30,3,23.263,mercedes,0,0,0,25.086999999999996,1,0,278,153,18.15555529531083,22.892896922373332,5.107444704689172,0.37010307762666983
2021,19,São Paulo Grand Prix,Autódromo José Carlos Pace,bottas,41,4,22.856,mercedes,0,0,0,25.086999999999996,1,0,278,153,18.15555529531083,24.383589913081938,4.700444704689172,-1.5275899130819361
2021,19,São Paulo Grand Prix,Autódromo José Carlos Pace,gasly,7,1,19.439,alphatauri,0,0,0,25.086999999999996,1,0,202,153,17.494736272481212,22.140061914118768,1.9442637275187877,-2.7010619141187675
2021,19,São Paulo Grand Prix,Autódromo José Carlos Pace,gasly,8,2,18.608,alphatauri,0,0,0,25.086999999999996,1,0,202,153,17.494736272481212,22.314556506786182,1.1132637275187882,-3.706556506786182
2021,19,São Paulo Grand Prix,Autódromo José Carlos Pace,gasly,25,3,23.116,alphatauri,0,0,0,25.086999999999996,1,0,202,153,17.494736272481212,22.77445453610802,5.621263727518787,0.34154546389197904
2021,19,São Paulo Grand Prix,Autódromo José Carlos Pace,gasly,51,4,23.039,alphatauri,0,0,0,25.086999999999996,1,0,202,153,17.494736272481212,24.27445502316635,5.544263727518789,-1.2354550231663488
2021,19,São Paulo Grand Prix,Autódromo José Carlos Pace,giovinazzi,7,1,17.713,alfa,0,0,0,25.086999999999996,1,0,194,153,17.951331479714863,22.526281518875727,-0.23833147971486213,-4.813281518875726
2021,19,São Paulo Grand Prix,Autódromo José Carlos Pace,giovinazzi,8,2,17.929,alfa,0,0,0,25.086999999999996,1,0,194,153,17.951331479714863,22.700776111543142,-0.0223314797148646,-4.771776111543144
2021,19,São Paulo Grand Prix,Autódromo José Carlos Pace,giovinazzi,29,3,23.618,alfa,0,0,0,25.086999999999996,1,0,194,153,17.951331479714863,23.163156139891573,5.6666685202851355,0.4548438601084257
2021,19,São Paulo Grand Prix,Autódromo José Carlos Pace,giovinazzi,42,4,22.83,alfa,0,0,0,25.086999999999996,1,0,194,153,17.951331479714863,24.655090130113475,4.878668520285135,-1.8250901301134768
2021,19,São Paulo Grand Prix,Autódromo José Carlos Pace,hamilton,7,1,17.91,mercedes,0,0,0,25.086999999999996,1,0,278,153,18.15555529531083,22.255401801600836,-0.24555529531082954,-4.345401801600836
2021,19,São Paulo Grand Prix,Autódromo José Carlos Pace,hamilton,8,2,18.66,mercedes,0,0,0,25.086999999999996,1,0,278,153,18.15555529531083,22.42989639426825,0.5044447046891705,-3.769896394268251
2021,19,São Paulo Grand Prix,Autódromo José Carlos Pace,hamilton,26,3,22.69,mercedes,0,0,0,25.086999999999996,1,0,278,153,18.15555529531083,22.89041492334674,4.534444704689172,-0.20041492334673805
2021,19,São Paulo Grand Prix,Autódromo José Carlos Pace,hamilton,43,4,22.664,mercedes,0,0,0,25.086999999999996,1,0,278,153,18.15555529531083,24.384830912595234,4.508444704689172,-1.7208309125952326
2021,19,São Paulo Grand Prix,Autódromo José Carlos Pace,latifi,7,1,18.153,williams,0,0,0,25.086999999999996,1,0,271,153,19.006384873815758,22.634631401657458,-0.8533848738157594,-4.481631401657459
2021,19,São Paulo Grand Prix,Autódromo José Carlos Pace,latifi,8,2,18.784,williams,0,0,0,25.086999999999996,1,0,271,153,19.006384873815758,22.809125994324873,-0.22238487381575922,-4.025125994324874
2021,19,São Paulo Grand Prix,Autódromo José Carlos Pace,latifi,13,3,22.936,williams,0,0,0,25.086999999999996,1,0,271,153,19.006384873815758,23.261578026566934,3.929615126184242,-0.3255780265669337
2021,19,São Paulo Grand Prix,Autódromo José Carlos Pace,latifi,39,4,22.958,williams,0,0,0,25.086999999999996,1,0,271,153,19.006384873815758,24.761578513625263,3.9516151261842403,-1.803578513625265
2021,19,São Paulo Grand Prix,Autódromo José Carlos Pace,leclerc,7,1,17.943,ferrari,0,0,0,25.086999999999996,1,0,259,153,17.784520222931665,22.00528177006476,0.1584797770683366,-4.062281770064757
2021,19,São Paulo Grand Prix,Autódromo José Carlos Pace,leclerc,8,2,17.771,ferrari,0,0,0,25.086999999999996,1,0,259,153,17.784520222931665,22.179776362732174,-0.013520222931663994,-4.408776362732173
2021,19,São Paulo Grand Prix,Autódromo José Carlos Pace,leclerc,27,3,22.667,ferrari,0,0,0,25.086999999999996,1,0,259,153,17.784520222931665,22.64091539156731,4.882479777068337,0.026084608432690004
2021,19,São Paulo Grand Prix,Autódromo José Carlos Pace,leclerc,52,4,23.064,ferrari,0,0,0,25.086999999999996,1,0,259,153,17.784520222931665,24.14029537886899,5.279479777068335,-1.0762953788689913
2021,19,São Paulo Grand Prix,Autódromo José Carlos Pace,maxverstappen,7,1,17.916,red_bull,0,0,0,25.086999999999996,1,0,292,153,17.707389944625056,21.683619907339132,0.20861005537494393,-3.7676199073391317
2021,19,São Paulo Grand Prix,Autódromo José Carlos Pace,maxverstappen,8,2,17.807,red_bull,0,0,0,25.086999999999996,1,0,292,153,17.707389944625056,21.858114500006547,0.09961005537494216,-4.051114500006548
2021,19,São Paulo Grand Prix,Autódromo José Carlos Pace,maxverstappen,27,3,22.722,red_bull,0,0,0,25.086999999999996,1,0,292,153,17.707389944625056,22.31925352884168,5.014610055374945,0.40274647115831996
2021,19,São Paulo Grand Prix,Autódromo José Carlos Pace,maxverstappen,40,4,22.766,red_bull,0,0,0,25.086999999999996,1,0,292,153,17.707389944625056,23.811187519063584,5.058610055374942,-1.0451875190635853
2021,19,São Paulo Grand Prix,Autódromo José Carlos Pace,mazepin,7,1,17.995,haas,0,0,0,25.086999999999996,1,0,272,153,19.154934605747407,23.23670429335923,-1.1599346057474058,-5.241704293359231
2021,19,São Paulo Grand Prix,Autódromo José Carlos Pace,mazepin,8,2,18.467,haas,0,0,0,25.086999999999996,1,0,272,153,19.154934605747407,23.411198886026646,-0.6879346057474081,-4.944198886026648
2021,19,São Paulo Grand Prix,Autódromo José Carlos Pace,mazepin,34,3,23.546,haas,0,0,0,25.086999999999996,1,0,272,153,19.154934605747407,23.876681413158316,4.391065394252593,-0.3306814131583167
2021,19,São Paulo Grand Prix,Autódromo José Carlos Pace,mickschumacher,7,1,17.861,haas,0,0,0,25.086999999999996,1,0,272,153,19.154934605747407,23.23670429335923,-1.2939346057474062,-5.375704293359231
2021,19,São Paulo Grand Prix,Autódromo José Carlos Pace,mickschumacher,8,2,18.588,haas,0,0,0,25.086999999999996,1,0,272,153,19.154934605747407,23.411198886026646,-0.5669346057474058,-4.8231988860266455
2021,19,São Paulo Grand Prix,Autódromo José Carlos Pace,mickschumacher,11,3,41.173,haas,0,0,0,25.086999999999996,1,0,272,153,19.154934605747407,23.86240991875541,22.018065394252595,17.31059008124459
2021,19,São Paulo Grand Prix,Autódromo José Carlos Pace,mickschumacher,29,4,25.597,haas,0,0,0,25.086999999999996,1,0,272,153,19.154934605747407,25.357446407760555,6.4420653942525945,0.23955359223944583
2021,19,São Paulo Grand Prix,Autódromo José Carlos Pace,mickschumacher,61,5,24.627,haas,0,0,0,25.086999999999996,1,0,272,153,19.154934605747407,23.895339031984946,5.472065394252592,0.7316609680150528
2021,19,São Paulo Grand Prix,Autódromo José Carlos Pace,norris,6,2,17.719,mclaren,0,0,0,25.086999999999996,1,0,270,153,17.758115602341263,22.27756764866116,-0.03911560234126199,-4.55856764866116
2021,19,São Paulo Grand Prix,Autódromo José Carlos Pace,norris,7,3,17.673,mclaren,0,0,0,25.086999999999996,1,0,270,153,17.758115602341263,22.72753768187663,-0.08511560234126492,-5.054537681876631
2021,19,São Paulo Grand Prix,Autódromo José Carlos Pace,norris,8,4,19.176,mclaren,0,0,0,25.086999999999996,1,0,270,153,17.758115602341263,24.212025675018754,1.4178843976587352,-5.036025675018756
2021,19,São Paulo Grand Prix,Autódromo José Carlos Pace,norris,37,5,24.211,mclaren,0,0,0,25.086999999999996,1,0,270,153,17.758115602341263,22.748056799973206,6.452884397658735,1.4629432000267926
2021,19,São Paulo Grand Prix,Autódromo José Carlos Pace,ocon,7,1,19.285,alpine,0,0,0,25.086999999999996,1,0,249,153,17.976872639129855,22.520135868624873,1.3081273608701451,-3.235135868624873
2021,19,São Paulo Grand Prix,Autódromo José Carlos Pace,ocon,8,2,17.818,alpine,0,0,0,25.086999999999996,1,0,249,153,17.976872639129855,22.69463046129229,-0.1588726391298536,-4.87663046129229
2021,19,São Paulo Grand Prix,Autódromo José Carlos Pace,ocon,30,3,23.504,alpine,0,0,0,25.086999999999996,1,0,249,153,17.976872639129855,23.15763098939737,5.527127360870146,0.3463690106026327
2021,19,São Paulo Grand Prix,Autódromo José Carlos Pace,perez,7,1,18.308,red_bull,0,0,0,25.086999999999996,1,0,292,153,17.707389944625056,21.683619907339132,0.6006100553749434,-3.375619907339132
2021,19,São Paulo Grand Prix,Autódromo José Carlos Pace,perez,8,2,18.136,red_bull,0,0,0,25.086999999999996,1,0,292,153,17.707389944625056,21.858114500006547,0.4286100553749428,-3.7221145000065476
2021,19,São Paulo Grand Prix,Autódromo José Carlos Pace,perez,28,3,23.165,red_bull,0,0,0,25.086999999999996,1,0,292,153,17.707389944625056,22.31987402859833,5.457610055374943,0.8451259714016679
2021,19,São Paulo Grand Prix,Autódromo José Carlos Pace,perez,42,4,22.656,red_bull,0,0,0,25.086999999999996,1,0,292,153,17.707389944625056,23.81242851857688,4.948610055374942,-1.156428518576881
2021,19,São Paulo Grand Prix,Autódromo José Carlos Pace,perez,69,5,22.916,red_bull,0,0,0,25.086999999999996,1,0,292,153,17.707389944625056,22.347218644018035,5.208610055374944,0.5687813559819652
2021,19,São Paulo Grand Prix,Autódromo José Carlos Pace,raikkonen,7,1,18.327,alfa,0,0,0,25.086999999999996,1,0,194,153,17.951331479714863,22.526281518875727,0.37566852028513864,-4.1992815188757255
2021,19,São Paulo Grand Prix,Autódromo José Carlos Pace,raikkonen,8,2,18.763,alfa,0,0,0,25.086999999999996,1,0,194,153,17.951331479714863,22.700776111543142,0.8116685202851386,-3.9377761115431404
2021,19,São Paulo Grand Prix,Autódromo José Carlos Pace,raikkonen,28,3,23.541,alfa,0,0,0,25.086999999999996,1,0,194,153,17.951331479714863,23.162535640134926,5.589668520285137,0.3784643598650739
2021,19,São Paulo Grand Prix,Autódromo José Carlos Pace,raikkonen,52,4,22.666,alfa,0,0,0,25.086999999999996,1,0,194,153,17.951331479714863,24.661295127679956,4.714668520285137,-1.995295127679956
2021,19,São Paulo Grand Prix,Autódromo José Carlos Pace,ricciardo,7,1,19.732,mclaren,0,0,0,25.086999999999996,1,0,270,153,17.758115602341263,22.104314055507043,1.9738843976587361,-2.3723140555070437
2021,19,São Paulo Grand Prix,Autódromo José Carlos Pace,ricciardo,8,2,18.347,mclaren,0,0,0,25.086999999999996,1,0,270,153,17.758115602341263,22.278808648174458,0.5888843976587381,-3.9318086481744565
2021,19,São Paulo Grand Prix,Autódromo José Carlos Pace,ricciardo,30,3,22.839,mclaren,0,0,0,25.086999999999996,1,0,270,153,17.758115602341263,22.74180917627954,5.0808843976587355,0.09719082372046017
2021,19,São Paulo Grand Prix,Autódromo José Carlos Pace,russell,6,1,22.978,williams,0,0,0,25.086999999999996,1,0,271,153,19.006384873815758,22.634010901900808,3.9716151261842434,0.3439890980991933
2021,19,São Paulo Grand Prix,Autódromo José Carlos Pace,russell,7,2,20.844,williams,0,0,0,25.086999999999996,1,0,271,153,19.006384873815758,22.808505494568227,1.837615126184243,-1.9645054945682254
2021,19,São Paulo Grand Prix,Autódromo José Carlos Pace,russell,8,3,18.179,williams,0,0,0,25.086999999999996,1,0,271,153,19.006384873815758,23.258475527783695,-0.8273848738157596,-5.079475527783696
2021,19,São Paulo Grand Prix,Autódromo José Carlos Pace,russell,41,4,23.132,williams,0,0,0,25.086999999999996,1,0,271,153,19.006384873815758,24.76281951313856,4.125615126184243,-1.630819513138558
2021,19,São Paulo Grand Prix,Autódromo José Carlos Pace,sainz,7,1,18.46,ferrari,0,0,0,25.086999999999996,1,0,259,153,17.784520222931665,22.00528177006476,0.6754797770683361,-3.545281770064758
2021,19,São Paulo Grand Prix,Autódromo José Carlos Pace,sainz,8,2,18.373,ferrari,0,0,0,25.086999999999996,1,0,259,153,17.784520222931665,22.179776362732174,0.5884797770683363,-3.8067763627321725
2021,19,São Paulo Grand Prix,Autódromo José Carlos Pace,sainz,26,3,23.321,ferrari,0,0,0,25.086999999999996,1,0,259,153,17.784520222931665,22.64029489181066,5.536479777068337,0.6807051081893398
2021,19,São Paulo Grand Prix,Autódromo José Carlos Pace,sainz,53,4,22.745,ferrari,0,0,0,25.086999999999996,1,0,259,153,17.784520222931665,24.140915878625638,4.960479777068336,-1.3959158786256367
2021,19,São Paulo Grand Prix,Autódromo José Carlos Pace,stroll,7,1,17.948,aston_martin,0,0,0,25.086999999999996,1,0,271,153,17.97241601295051,22.365467002168884,-0.024416012950510435,-4.417467002168884
2021,19,São Paulo Grand Prix,Autódromo José Carlos Pace,stroll,8,2,17.935,aston_martin,0,0,0,25.086999999999996,1,0,271,153,17.97241601295051,22.5399615948363,-0.03741601295051211,-4.6049615948363005
2021,19,São Paulo Grand Prix,Autódromo José Carlos Pace,stroll,22,3,24.997,aston_martin,0,0,0,25.086999999999996,1,0,271,153,17.97241601295051,22.997998124888195,7.024583987049489,1.999001875111805
2021,19,São Paulo Grand Prix,Autódromo José Carlos Pace,tsunoda,4,1,31.939,alphatauri,0,0,0,25.086999999999996,1,0,202,153,17.494736272481212,22.13820041484882,14.444263727518788,9.800799585151179
2021,19,São Paulo Grand Prix,Autódromo José Carlos Pace,tsunoda,6,2,17.758,alphatauri,0,0,0,25.086999999999996,1,0,202,153,17.494736272481212,22.313315507272886,0.2632637275187868,-4.555315507272887
2021,19,São Paulo Grand Prix,Autódromo José Carlos Pace,tsunoda,7,3,17.711,alphatauri,0,0,0,25.086999999999996,1,0,202,153,17.494736272481212,22.763285540488354,0.2162637275187862,-5.052285540488356
2021,19,São Paulo Grand Prix,Autódromo José Carlos Pace,tsunoda,8,4,18.499,alphatauri,0,0,0,25.086999999999996,1,0,202,153,17.494736272481212,24.24777353363048,1.0042637275187865,-5.74877353363048
2021,19,São Paulo Grand Prix,Autódromo José Carlos Pace,tsunoda,39,5,35.416,alphatauri,0,0,0,25.086999999999996,1,0,202,153,17.494736272481212,22.785045658098227,17.921263727518784,12.63095434190177
2021,19,São Paulo Grand Prix,Autódromo José Carlos Pace,vettel,7,1,18.107,aston_martin,0,0,0,25.086999999999996,1,0,271,153,17.97241601295051,22.365467002168884,0.13458398704948848,-4.258467002168885
2021,19,São Paulo Grand Prix,Autódromo José Carlos Pace,vettel,8,2,17.896,aston_martin,0,0,0,25.086999999999996,1,0,271,153,17.97241601295051,22.5399615948363,-0.07641601295051004,-4.6439615948362984
2021,19,São Paulo Grand Prix,Autódromo José Carlos Pace,vettel,28,3,24.464,aston_martin,0,0,0,25.086999999999996,1,0,271,153,17.97241601295051,23.001721123428084,6.491583987049488,1.462278876571915
2021,19,São Paulo Grand Prix,Autódromo José Carlos Pace,vettel,55,4,22.978,aston_martin,0,0,0,25.086999999999996,1,0,271,153,17.97241601295051,24.50234211024306,5.005583987049491,-1.524342110243058
2021,20,Qatar Grand Prix,Losail International Circuit,alonso,23,1,25.991,alpine,0,0,0,31.256599999999978,1,0,249,141,28.20191871862343,28.2467114976962,-2.2109187186234287,-2.2557114976962005
2021,20,Qatar Grand Prix,Losail International Circuit,bottas,33,1,36.341,mercedes,0,0,0,31.256599999999978,1,0,278,141,28.3806013748044,27.988182428238645,7.960398625195602,8.352817571761356
2021,20,Qatar Grand Prix,Losail International Circuit,gasly,13,1,25.63,alphatauri,0,0,0,31.256599999999978,1,0,202,141,27.719782351974786,27.860432545623613,-2.0897823519747867,-2.2304325456236143
2021,20,Qatar Grand Prix,Losail International Circuit,gasly,35,2,26.109,alphatauri,0,0,0,31.256599999999978,1,0,202,141,27.719782351974786,28.04795763318064,-1.610782351974784,-1.9389576331806389
2021,20,Qatar Grand Prix,Losail International Circuit,giovinazzi,15,1,25.987,alfa,0,0,0,31.256599999999978,1,0,194,141,28.176377559208436,28.247893149893866,-2.189377559208438,-2.2608931498938674
2021,20,Qatar Grand Prix,Losail International Circuit,giovinazzi,32,2,25.347,alfa,0,0,0,31.256599999999978,1,0,194,141,28.176377559208436,28.432315738667654,-2.829377559208435,-3.085315738667653
2021,20,Qatar Grand Prix,Losail International Circuit,hamilton,18,1,25.235,mercedes,0,0,0,31.256599999999978,1,0,278,141,28.3806013748044,27.97887493188892,-3.1456013748044,-2.7438749318889215
2021,20,Qatar Grand Prix,Losail International Circuit,hamilton,42,2,25.381,mercedes,0,0,0,31.256599999999978,1,0,278,141,28.3806013748044,28.167641018959248,-2.9996013748043993,-2.786641018959248
2021,20,Qatar Grand Prix,Losail International Circuit,latifi,18,1,25.811,williams,0,0,0,31.256599999999978,1,0,271,141,29.231430953309335,28.358104531945543,-3.420430953309335,-2.5471045319455428
2021,20,Qatar Grand Prix,Losail International Circuit,leclerc,27,1,25.799,ferrari,0,0,0,31.256599999999978,1,0,259,141,28.009566302425238,27.73433939816268,-2.2105663024252387,-1.9353393981626787
2021,20,Qatar Grand Prix,Losail International Circuit,maxverstappen,17,1,25.3,red_bull,0,0,0,31.256599999999978,1,0,292,141,27.93243602411863,27.40647253787057,-2.632436024118629,-2.1064725378705695
2021,20,Qatar Grand Prix,Losail International Circuit,maxverstappen,41,2,25.175,red_bull,0,0,0,31.256599999999978,1,0,292,141,27.93243602411863,27.595238624940894,-2.757436024118629,-2.420238624940893
2021,20,Qatar Grand Prix,Losail International Circuit,maxverstappen,55,3,25.465,red_bull,0,0,0,31.256599999999978,1,0,292,141,27.93243602411863,28.05327515499279,-2.46743602411863,-2.5882751549927896
2021,20,Qatar Grand Prix,Losail International Circuit,mazepin,31,1,26.515,haas,0,0,0,31.256599999999978,1,0,272,141,29.37998068524098,28.968243920483744,-2.8649806852409796,-2.453243920483743
2021,20,Qatar Grand Prix,Losail International Circuit,mickschumacher,22,1,25.881,haas,0,0,0,31.256599999999978,1,0,272,141,29.37998068524098,28.96265942267391,-3.49898068524098,-3.0816594226739085
2021,20,Qatar Grand Prix,Losail International Circuit,norris,25,1,25.319,mclaren,0,0,0,31.256599999999978,1,0,270,141,27.983161681834837,27.832130684091663,-2.6641616818348375,-2.5131306840916636
2021,20,Qatar Grand Prix,Losail International Circuit,norris,49,2,26.552,mclaren,0,0,0,31.256599999999978,1,0,270,141,27.983161681834837,28.02089677116199,-1.431161681834837,-1.4688967711619902
2021,20,Qatar Grand Prix,Losail International Circuit,ocon,24,1,25.517,alpine,0,0,0,31.256599999999978,1,0,249,141,28.20191871862343,28.24733199745285,-2.684918718623429,-2.7303319974528506
2021,20,Qatar Grand Prix,Losail International Circuit,perez,19,1,25.419,red_bull,0,0,0,31.256599999999978,1,0,292,141,27.93243602411863,27.407713537383863,-2.5134360241186293,-1.9887135373838625
2021,20,Qatar Grand Prix,Losail International Circuit,perez,41,2,25.42,red_bull,0,0,0,31.256599999999978,1,0,292,141,27.93243602411863,27.595238624940894,-2.512436024118628,-2.175238624940892
2021,20,Qatar Grand Prix,Losail International Circuit,raikkonen,10,1,26.174,alfa,0,0,0,31.256599999999978,1,0,194,141,28.176377559208436,28.244790651110627,-2.002377559208437,-2.0707906511106273
2021,20,Qatar Grand Prix,Losail International Circuit,raikkonen,30,2,25.633,alfa,0,0,0,31.256599999999978,1,0,194,141,28.176377559208436,28.43107473915436,-2.5433775592084373,-2.7980747391543623
2021,20,Qatar Grand Prix,Losail International Circuit,ricciardo,26,1,25.562,mclaren,0,0,0,31.256599999999978,1,0,270,141,27.983161681834837,27.832751183848313,-2.4211616818348354,-2.2707511838483114
2021,20,Qatar Grand Prix,Losail International Circuit,russell,17,1,26.121,williams,0,0,0,31.256599999999978,1,0,271,141,29.231430953309335,28.357484032188896,-3.1104309533093364,-2.2364840321888977
2021,20,Qatar Grand Prix,Losail International Circuit,russell,49,2,35.006,williams,0,0,0,31.256599999999978,1,0,271,141,29.231430953309335,28.551214117312405,5.774569046690665,6.454785882687595
2021,20,Qatar Grand Prix,Losail International Circuit,sainz,27,1,25.639,ferrari,0,0,0,31.256599999999978,1,0,259,141,28.009566302425238,27.73433939816268,-2.370566302425239,-2.095339398162679
2021,20,Qatar Grand Prix,Losail International Circuit,stroll,23,1,26.157,aston_martin,0,0,0,31.256599999999978,1,0,271,141,28.197462092444084,28.092042631240208,-2.040462092444084,-1.9350426312402078
2021,20,Qatar Grand Prix,Losail International Circuit,tsunoda,9,1,25.659,alphatauri,0,0,0,31.256599999999978,1,0,202,141,27.719782351974786,27.85795054659702,-2.0607823519747868,-2.198950546597022
2021,20,Qatar Grand Prix,Losail International Circuit,tsunoda,34,2,26.674,alphatauri,0,0,0,31.256599999999978,1,0,202,141,27.719782351974786,28.047337133423994,-1.0457823519747862,-1.3733371334239948
2021,20,Qatar Grand Prix,Losail International Circuit,vettel,26,1,25.726,aston_martin,0,0,0,31.256599999999978,1,0,271,141,28.197462092444084,28.093904130510154,-2.471462092444085,-2.367904130510155
2021,21,Saudi Arabian Grand Prix,Jeddah Corniche Circuit,alonso,13,2,1.01985,alpine,0,0,0,1.1054228,0,1,249,90,15.630745866586638,-0.6831777783077495,-14.610895866586638,1.7030277783077494
2021,21,Saudi Arabian Grand Prix,Jeddah Corniche Circuit,alonso,15,3,1.101826,alpine,0,0,0,1.1054228,0,1,249,90,15.630745866586638,-0.23258724533563147,-14.528919866586637,1.3344132453356314
2021,21,Saudi Arabian Grand Prix,Jeddah Corniche Circuit,bottas,15,3,1.089473,mercedes,0,0,0,1.1054228,0,1,278,90,15.809428522767613,-0.4973213123596709,-14.719955522767613,1.5867943123596708
2021,21,Saudi Arabian Grand Prix,Jeddah Corniche Circuit,gasly,13,1,1.001775,alphatauri,0,0,0,1.1054228,0,1,202,90,15.148609499937995,-1.2371258257246227,-14.146834499937995,2.238900825724623
2021,21,Saudi Arabian Grand Prix,Jeddah Corniche Circuit,gasly,15,2,1.092287,alphatauri,0,0,0,1.1054228,0,1,202,90,15.148609499937995,-1.062010733300558,-14.056322499937995,2.1542977333005577
2021,21,Saudi Arabian Grand Prix,Jeddah Corniche Circuit,giovinazzi,13,1,1.004917,alfa,0,0,0,1.1054228,0,1,194,90,15.605204707171648,-0.8509062209676648,-14.600287707171647,1.8558232209676648
2021,21,Saudi Arabian Grand Prix,Jeddah Corniche Circuit,giovinazzi,15,2,1.094749,alfa,0,0,0,1.1054228,0,1,194,90,15.605204707171648,-0.6757911285436,-14.510455707171648,1.7705401285436
2021,21,Saudi Arabian Grand Prix,Jeddah Corniche Circuit,hamilton,15,3,1.086674,mercedes,0,0,0,1.1054228,0,1,278,90,15.809428522767613,-0.4973213123596709,-14.722754522767612,1.5839953123596708
2021,21,Saudi Arabian Grand Prix,Jeddah Corniche Circuit,latifi,13,2,1.0172569999999999,williams,0,0,0,1.1054228,0,1,271,90,16.660258101272543,-0.5686822452751663,-15.643001101272542,1.5859392452751662
2021,21,Saudi Arabian Grand Prix,Jeddah Corniche Circuit,latifi,15,3,1.107052,williams,0,0,0,1.1054228,1,1,271,90,16.660258101272543,16.482839543027215,-15.553206101272544,-15.375787543027215
2021,21,Saudi Arabian Grand Prix,Jeddah Corniche Circuit,leclerc,15,3,1.095192,ferrari,0,0,0,1.1054228,0,1,259,90,15.43839345038845,-0.7474413438957468,-14.343201450388449,1.8426333438957467
2021,21,Saudi Arabian Grand Prix,Jeddah Corniche Circuit,maxverstappen,15,2,1.087591,red_bull,0,0,0,1.1054228,0,1,292,90,15.361263172081841,-1.5184527400801935,-14.273672172081842,2.6060437400801932
2021,21,Saudi Arabian Grand Prix,Jeddah Corniche Circuit,mazepin,13,1,1.019226,haas,0,0,0,1.1054228,0,1,272,90,16.80880783320419,-0.14048344648416133,-15.789581833204192,1.1597094464841613
2021,21,Saudi Arabian Grand Prix,Jeddah Corniche Circuit,norris,13,2,1.017303,mclaren,0,0,0,1.1054228,0,1,270,90,15.411988829798048,-1.0989995914255815,-14.394685829798048,2.1163025914255815
2021,21,Saudi Arabian Grand Prix,Jeddah Corniche Circuit,norris,15,3,1.116576,mclaren,0,0,0,1.1054228,1,1,270,90,15.411988829798048,15.9525221968768,-14.295412829798048,-14.8359461968768
2021,21,Saudi Arabian Grand Prix,Jeddah Corniche Circuit,ocon,15,2,1.08829,alpine,0,0,0,1.1054228,0,1,249,90,15.630745866586638,-0.6819367787944524,-14.542455866586637,1.7702267787944523
2021,21,Saudi Arabian Grand Prix,Jeddah Corniche Circuit,perez,13,2,1.002619,red_bull,0,0,0,1.1054228,0,1,292,90,15.361263172081841,-1.5196937395934906,-14.358644172081842,2.522312739593491
2021,21,Saudi Arabian Grand Prix,Jeddah Corniche Circuit,raikkonen,13,1,1.008569,alfa,0,0,0,1.1054228,0,1,194,90,15.605204707171648,-0.8509062209676648,-14.596635707171648,1.8594752209676648
2021,21,Saudi Arabian Grand Prix,Jeddah Corniche Circuit,raikkonen,15,2,1.0992819999999999,alfa,0,0,0,1.1054228,0,1,194,90,15.605204707171648,-0.6757911285436,-14.505922707171647,1.7750731285435999
2021,21,Saudi Arabian Grand Prix,Jeddah Corniche Circuit,ricciardo,15,2,1.087296,mclaren,0,0,0,1.1054228,0,1,270,90,15.411988829798048,-1.0977585919122843,-14.324692829798048,2.1850545919122846
2021,21,Saudi Arabian Grand Prix,Jeddah Corniche Circuit,russell,13,2,1.021615,williams,0,0,0,1.1054228,0,1,271,90,16.660258101272543,-0.5686822452751663,-15.638643101272542,1.5902972452751662
2021,21,Saudi Arabian Grand Prix,Jeddah Corniche Circuit,sainz,13,1,1.004618,ferrari,0,0,0,1.1054228,0,1,259,90,15.43839345038845,-1.3719059697786324,-14.433775450388449,2.3765239697786322
2021,21,Saudi Arabian Grand Prix,Jeddah Corniche Circuit,sainz,15,2,1.097194,ferrari,0,0,0,1.1054228,0,1,259,90,15.43839345038845,-1.1967908773545677,-14.34119945038845,2.2939848773545677
2021,21,Saudi Arabian Grand Prix,Jeddah Corniche Circuit,stroll,13,2,1.020939,aston_martin,0,0,0,1.1054228,0,1,271,90,15.626289240407297,-0.8378466447637383,-14.605350240407297,1.8587856447637383
2021,21,Saudi Arabian Grand Prix,Jeddah Corniche Circuit,stroll,15,3,1.102979,aston_martin,0,0,0,1.1054228,0,1,271,90,15.626289240407297,-0.3872561117916211,-14.523310240407298,1.490235111791621
2021,21,Saudi Arabian Grand Prix,Jeddah Corniche Circuit,tsunoda,13,1,1.006407,alphatauri,0,0,0,1.1054228,0,1,202,90,15.148609499937995,-1.2371258257246227,-14.142202499937996,2.243532825724623
2021,21,Saudi Arabian Grand Prix,Jeddah Corniche Circuit,tsunoda,15,2,1.100644,alphatauri,0,0,0,1.1054228,0,1,202,90,15.148609499937995,-1.062010733300558,-14.047965499937995,2.162654733300558
2021,21,Saudi Arabian Grand Prix,Jeddah Corniche Circuit,vettel,13,1,1.0123039999999999,aston_martin,0,0,0,1.1054228,0,1,271,90,15.626289240407297,-1.0117207376745068,-14.613985240407297,2.0240247376745066
2021,21,Saudi Arabian Grand Prix,Jeddah Corniche Circuit,vettel,15,2,1.098749,aston_martin,0,0,0,1.1054228,0,1,271,90,15.626289240407297,-0.8366056452504411,-14.527540240407298,1.935354645250441
2021,22,Abu Dhabi Grand Prix,Yas Marina Circuit,alonso,36,1,21.304,alpine,0,0,0,22.458599999999997,1,0,249,125,22.359807921321526,22.615825556047742,-1.0558079213215272,-1.3118255560477436
2021,22,Abu Dhabi Grand Prix,Yas Marina Circuit,bottas,30,1,21.669,mercedes,0,0,0,22.458599999999997,1,0,278,125,22.5384905775025,22.347368490483813,-0.8694905775024999,-0.6783684904838125
2021,22,Abu Dhabi Grand Prix,Yas Marina Circuit,gasly,36,1,22.133,alphatauri,0,0,0,22.458599999999997,1,0,202,125,21.87767155467288,22.235751601541633,0.2553284453271196,-0.10275160154163387
2021,22,Abu Dhabi Grand Prix,Yas Marina Circuit,gasly,54,2,21.92,alphatauri,0,0,0,22.458599999999997,1,0,202,125,21.87767155467288,22.420794690072068,0.04232844532712221,-0.5007946900720661
2021,22,Abu Dhabi Grand Prix,Yas Marina Circuit,giovinazzi,17,1,22.283,alfa,0,0,0,22.458599999999997,1,0,194,125,22.334266761906534,22.61018171092228,-0.051266761906532565,-0.32718171092227877
2021,22,Abu Dhabi Grand Prix,Yas Marina Circuit,hamilton,14,1,21.595,mercedes,0,0,0,22.458599999999997,1,0,278,125,22.5384905775025,22.337440494377443,-0.9434905775025015,-0.7424404943774441
2021,22,Abu Dhabi Grand Prix,Yas Marina Circuit,latifi,28,1,21.241,williams,0,0,0,22.458599999999997,1,0,271,125,23.38932015600743,22.72535709102714,-2.148320156007429,-1.4843570910271389
2021,22,Abu Dhabi Grand Prix,Yas Marina Circuit,leclerc,15,1,22.461,ferrari,0,0,0,22.458599999999997,1,0,259,125,22.167455505123336,22.087940962598015,0.293544494876663,0.3730590374019833
2021,22,Abu Dhabi Grand Prix,Yas Marina Circuit,leclerc,35,2,21.173,ferrari,0,0,0,22.458599999999997,1,0,259,125,22.167455505123336,22.274225050641746,-0.9944555051233372,-1.101225050641748
2021,22,Abu Dhabi Grand Prix,Yas Marina Circuit,maxverstappen,13,1,21.152,red_bull,0,0,0,22.458599999999997,1,0,292,125,22.090325226816727,21.765038100359092,-0.9383252268167261,-0.6130381003590912
2021,22,Abu Dhabi Grand Prix,Yas Marina Circuit,maxverstappen,36,2,21.871,red_bull,0,0,0,22.458599999999997,1,0,292,125,22.090325226816727,21.953183687672766,-0.2193252268167285,-0.08218368767276729
2021,22,Abu Dhabi Grand Prix,Yas Marina Circuit,maxverstappen,53,3,21.453,red_bull,0,0,0,22.458599999999997,1,0,292,125,22.090325226816727,22.413081716994604,-0.6373252268167278,-0.9600817169946048
2021,22,Abu Dhabi Grand Prix,Yas Marina Circuit,mickschumacher,10,1,22.124,haas,0,0,0,22.458599999999997,1,0,272,125,23.53786988793908,23.316260987109246,-1.4138698879390823,-1.1922609871092469
2021,22,Abu Dhabi Grand Prix,Yas Marina Circuit,mickschumacher,52,2,22.07,haas,0,0,0,22.458599999999997,1,0,272,125,23.53786988793908,23.516196069799236,-1.4678698879390808,-1.4461960697992353
2021,22,Abu Dhabi Grand Prix,Yas Marina Circuit,norris,17,1,21.38,mclaren,0,0,0,22.458599999999997,1,0,270,125,22.141050884532937,22.188214247553592,-0.7610508845329385,-0.8082142475535932
2021,22,Abu Dhabi Grand Prix,Yas Marina Circuit,norris,48,2,22.173,mclaren,0,0,0,22.458599999999997,1,0,270,125,22.141050884532937,22.381323832920454,0.03194911546706081,-0.2083238329204562
2021,22,Abu Dhabi Grand Prix,Yas Marina Circuit,ocon,15,1,21.677,alpine,0,0,0,22.458599999999997,1,0,249,125,22.359807921321526,22.60279506115813,-0.6828079213215261,-0.92579506115813
2021,22,Abu Dhabi Grand Prix,Yas Marina Circuit,perez,21,1,21.471,red_bull,0,0,0,22.458599999999997,1,0,292,125,22.090325226816727,21.770002098412277,-0.6193252268167271,-0.2990020984122772
2021,22,Abu Dhabi Grand Prix,Yas Marina Circuit,perez,36,2,21.413,red_bull,0,0,0,22.458599999999997,1,0,292,125,22.090325226816727,21.953183687672766,-0.6773252268167269,-0.5401836876727657
2021,22,Abu Dhabi Grand Prix,Yas Marina Circuit,perez,53,3,21.385,red_bull,0,0,0,22.458599999999997,1,0,292,125,22.090325226816727,22.413081716994604,-0.7053252268167256,-1.0280817169946026
2021,22,Abu Dhabi Grand Prix,Yas Marina Circuit,raikkonen,21,1,22.338,alfa,0,0,0,22.458599999999997,1,0,194,125,22.334266761906534,22.612663709948873,0.0037332380934671505,-0.27466370994887157
2021,22,Abu Dhabi Grand Prix,Yas Marina Circuit,ricciardo,18,1,21.449,mclaren,0,0,0,22.458599999999997,1,0,270,125,22.141050884532937,22.188834747310242,-0.6920508845329358,-0.7398347473102405
2021,22,Abu Dhabi Grand Prix,Yas Marina Circuit,ricciardo,52,2,22.056,mclaren,0,0,0,22.458599999999997,1,0,270,125,22.141050884532937,22.383805831947047,-0.08505088453293652,-0.32780583194704604
2021,22,Abu Dhabi Grand Prix,Yas Marina Circuit,sainz,19,1,22.213,ferrari,0,0,0,22.458599999999997,1,0,259,125,22.167455505123336,22.090422961624608,0.04554449487666545,0.12257703837539324
2021,22,Abu Dhabi Grand Prix,Yas Marina Circuit,stroll,21,1,22.288,aston_martin,0,0,0,22.458599999999997,1,0,271,125,22.355351295142185,22.45184919324203,-0.06735129514218485,-0.1638491932420294
2021,22,Abu Dhabi Grand Prix,Yas Marina Circuit,stroll,52,2,22.661,aston_martin,0,0,0,22.458599999999997,1,0,271,125,22.355351295142185,22.64495877860889,0.30564870485781626,0.01604122139111297
2021,22,Abu Dhabi Grand Prix,Yas Marina Circuit,tsunoda,23,1,22.455,alphatauri,0,0,0,22.458599999999997,1,0,202,125,21.87767155467288,22.227685104705206,0.5773284453271188,0.22731489529479276
2021,22,Abu Dhabi Grand Prix,Yas Marina Circuit,tsunoda,53,2,21.909,alphatauri,0,0,0,22.458599999999997,1,0,202,125,21.87767155467288,22.42017419031542,0.031328445327119425,-0.5111741903154225
2021,22,Abu Dhabi Grand Prix,Yas Marina Circuit,vettel,23,1,21.221,aston_martin,0,0,0,22.458599999999997,1,0,271,125,22.355351295142185,22.453090192755322,-1.134351295142185,-1.2320901927553223
2022,1,Bahrain Grand Prix,Bahrain International Circuit,albon,13,1,24.874,williams,0,1,0.14844444444444443,27.365299999999998,1,0,271,190,26.83779606192943,26.52805814748487,-1.9637960619294326,-1.6540581474848715
2022,1,Bahrain Grand Prix,Bahrain International Circuit,albon,35,2,25.57,williams,0,1,0.14844444444444443,27.365299999999998,1,0,271,190,26.83779606192943,26.715583235041898,-1.267796061929431,-1.1455832350418973
2022,1,Bahrain Grand Prix,Bahrain International Circuit,albon,46,3,25.055,williams,0,1,0.14844444444444443,27.365299999999998,1,0,271,190,26.83779606192943,27.171758265823854,-1.7827960619294316,-2.1167582658238544
2022,1,Bahrain Grand Prix,Bahrain International Circuit,alonso,11,1,25.365,alpine,0,1,0.14844444444444443,27.365299999999998,1,0,249,190,25.808283827243528,26.412321614938996,-0.44328382724352977,-1.0473216149389977
2022,1,Bahrain Grand Prix,Bahrain International Circuit,alonso,25,2,24.909,alpine,0,1,0.14844444444444443,27.365299999999998,1,0,249,190,25.808283827243528,26.59488270444284,-0.8992838272435293,-1.6858827044428395
2022,1,Bahrain Grand Prix,Bahrain International Circuit,alonso,42,3,24.508,alpine,0,1,0.14844444444444443,27.365299999999998,1,0,249,190,25.808283827243528,27.054780733764673,-1.300283827243529,-2.546780733764674
2022,1,Bahrain Grand Prix,Bahrain International Circuit,bottas,14,1,25.893,alfa,0,1,0.14844444444444443,27.365299999999998,1,0,194,190,25.782742667828536,26.42032876445979,0.11025733217146438,-0.5273287644597886
2022,1,Bahrain Grand Prix,Bahrain International Circuit,bottas,36,2,25.156,alfa,0,1,0.14844444444444443,27.365299999999998,1,0,194,190,25.782742667828536,26.607853852016817,-0.6267426678285375,-1.4518538520168178
2022,1,Bahrain Grand Prix,Bahrain International Circuit,bottas,45,3,25.188,alfa,0,1,0.14844444444444443,27.365299999999998,1,0,194,190,25.782742667828536,27.062787883285473,-0.5947426678285375,-1.8747878832854745
2022,1,Bahrain Grand Prix,Bahrain International Circuit,gasly,14,1,24.575,alphatauri,0,1,0.14844444444444443,27.365299999999998,1,0,202,190,25.326147460594886,26.034109159702833,-0.7511474605948862,-1.4591091597028338
2022,1,Bahrain Grand Prix,Bahrain International Circuit,gasly,32,2,25.875,alphatauri,0,1,0.14844444444444443,27.365299999999998,1,0,202,190,25.326147460594886,26.219152248233268,0.5488525394051145,-0.34415224823326795
2022,1,Bahrain Grand Prix,Bahrain International Circuit,hamilton,11,1,25.201,mercedes,0,1,0.14844444444444443,27.365299999999998,1,0,278,190,25.986966483424503,26.147587547914952,-0.7859664834245024,-0.9465875479149517
2022,1,Bahrain Grand Prix,Bahrain International Circuit,hamilton,27,2,25.796,mercedes,0,1,0.14844444444444443,27.365299999999998,1,0,278,190,25.986966483424503,26.331389636932094,-0.1909664834245035,-0.535389636932095
2022,1,Bahrain Grand Prix,Bahrain International Circuit,hamilton,44,3,25.579,mercedes,0,1,0.14844444444444443,27.365299999999998,1,0,278,190,25.986966483424503,26.791287666253936,-0.40796648342450226,-1.2122876662539355
2022,1,Bahrain Grand Prix,Bahrain International Circuit,hulkenberg,19,1,27.365,aston_martin,0,1,0.14844444444444443,27.365299999999998,1,0,271,190,25.803827201064184,26.26261674653619,1.5611727989358144,1.1023832534638096
2022,1,Bahrain Grand Prix,Bahrain International Circuit,hulkenberg,37,2,26.712,aston_martin,0,1,0.14844444444444443,27.365299999999998,1,0,271,190,25.803827201064184,26.447659835066624,0.9081727989358157,0.2643401649333761
2022,1,Bahrain Grand Prix,Bahrain International Circuit,hulkenberg,44,3,25.748,aston_martin,0,1,0.14844444444444443,27.365299999999998,1,0,271,190,25.803827201064184,26.90135286682198,-0.05582720106418293,-1.1533528668219795
2022,1,Bahrain Grand Prix,Bahrain International Circuit,kevinmagnussen,14,1,25.478,haas,0,1,0.14844444444444443,27.365299999999998,1,0,272,190,26.98634579386108,27.130751538943294,-1.5083457938610785,-1.652751538943292
2022,1,Bahrain Grand Prix,Bahrain International Circuit,kevinmagnussen,34,2,25.876,haas,0,1,0.14844444444444443,27.365299999999998,1,0,272,190,26.98634579386108,27.317035626987025,-1.1103457938610788,-1.4410356269870235
2022,1,Bahrain Grand Prix,Bahrain International Circuit,kevinmagnussen,46,3,26.051,haas,0,1,0.14844444444444443,27.365299999999998,1,0,272,190,26.98634579386108,27.773831157525624,-0.9353457938610816,-1.7228311575256257
2022,1,Bahrain Grand Prix,Bahrain International Circuit,latifi,14,1,24.457,williams,0,1,0.14844444444444443,27.365299999999998,1,0,271,190,26.83779606192943,26.52867864724152,-2.3807960619294306,-2.0716786472415194
2022,1,Bahrain Grand Prix,Bahrain International Circuit,latifi,32,2,24.778,williams,0,1,0.14844444444444443,27.365299999999998,1,0,271,190,26.83779606192943,26.713721735771955,-2.0597960619294327,-1.9357217357719563
2022,1,Bahrain Grand Prix,Bahrain International Circuit,latifi,45,3,24.658,williams,0,1,0.14844444444444443,27.365299999999998,1,0,271,190,26.83779606192943,27.171137766067204,-2.17979606192943,-2.513137766067203
2022,1,Bahrain Grand Prix,Bahrain International Circuit,leclerc,15,1,25.012,ferrari,0,1,0.14844444444444443,27.365299999999998,1,0,259,190,25.615931411045338,25.899949515405467,-0.6039314110453375,-0.8879495154054666
2022,1,Bahrain Grand Prix,Bahrain International Circuit,leclerc,31,2,24.527,ferrari,0,1,0.14844444444444443,27.365299999999998,1,0,259,190,25.615931411045338,26.08375160442261,-1.088931411045337,-1.5567516044226082
2022,1,Bahrain Grand Prix,Bahrain International Circuit,leclerc,46,3,24.613,ferrari,0,1,0.14844444444444443,27.365299999999998,1,0,259,190,25.615931411045338,26.54240863423115,-1.0029314110453385,-1.9294086342311516
2022,1,Bahrain Grand Prix,Bahrain International Circuit,maxverstappen,14,1,24.897,red_bull,0,1,0.14844444444444443,27.365299999999998,1,0,292,190,25.53880113273873,25.577667152923198,-0.6418011327387312,-0.6806671529231991
2022,1,Bahrain Grand Prix,Bahrain International Circuit,maxverstappen,30,2,24.937,red_bull,0,1,0.14844444444444443,27.365299999999998,1,0,292,190,25.53880113273873,25.761469241940336,-0.6018011327387285,-0.824469241940335
2022,1,Bahrain Grand Prix,Bahrain International Circuit,maxverstappen,43,3,24.402,red_bull,0,1,0.14844444444444443,27.365299999999998,1,0,292,190,25.53880113273873,26.218885272235582,-1.1368011327387286,-1.8168852722355808
2022,1,Bahrain Grand Prix,Bahrain International Circuit,mickschumacher,12,1,25.214,haas,0,1,0.14844444444444443,27.365299999999998,1,0,272,190,26.98634579386108,27.129510539429997,-1.7723457938610814,-1.9155105394299987
2022,1,Bahrain Grand Prix,Bahrain International Circuit,mickschumacher,35,2,25.586,haas,0,1,0.14844444444444443,27.365299999999998,1,0,272,190,26.98634579386108,27.31765612674367,-1.4003457938610815,-1.7316561267436725
2022,1,Bahrain Grand Prix,Bahrain International Circuit,norris,24,1,24.568,mclaren,0,1,0.14844444444444443,27.365299999999998,1,0,270,190,25.589526790454936,26.004566298657586,-1.021526790454935,-1.436566298657585
2022,1,Bahrain Grand Prix,Bahrain International Circuit,norris,41,2,27.367,mclaren,0,1,0.14844444444444443,27.365299999999998,1,0,270,190,25.589526790454936,26.18898888743138,1.7774732095450645,1.1780111125686226
2022,1,Bahrain Grand Prix,Bahrain International Circuit,norris,45,3,24.975,mclaren,0,1,0.14844444444444443,27.365299999999998,1,0,270,190,25.589526790454936,26.640820419916786,-0.614526790454935,-1.665820419916784
2022,1,Bahrain Grand Prix,Bahrain International Circuit,ocon,14,1,30.484,alpine,0,1,0.14844444444444443,27.365299999999998,1,0,249,190,25.808283827243528,26.41418311420894,4.6757161727564736,4.069816885791063
2022,1,Bahrain Grand Prix,Bahrain International Circuit,ocon,30,2,25.393,alpine,0,1,0.14844444444444443,27.365299999999998,1,0,249,190,25.808283827243528,26.597985203226074,-0.4152838272435275,-1.204985203226073
2022,1,Bahrain Grand Prix,Bahrain International Circuit,ocon,43,3,24.233,alpine,0,1,0.14844444444444443,27.365299999999998,1,0,249,190,25.808283827243528,27.055401233521323,-1.5752838272435277,-2.8224012335213224
2022,1,Bahrain Grand Prix,Bahrain International Circuit,perez,15,1,25.046,red_bull,0,1,0.14844444444444443,27.365299999999998,1,0,292,190,25.53880113273873,25.578287652679844,-0.4928011327387303,-0.5322876526798446
2022,1,Bahrain Grand Prix,Bahrain International Circuit,perez,33,2,24.173,red_bull,0,1,0.14844444444444443,27.365299999999998,1,0,292,190,25.53880113273873,25.76333074121028,-1.3658011327387314,-1.5903307412102805
2022,1,Bahrain Grand Prix,Bahrain International Circuit,perez,43,3,24.947,red_bull,0,1,0.14844444444444443,27.365299999999998,1,0,292,190,25.53880113273873,26.218885272235582,-0.5918011327387305,-1.2718852722355827
2022,1,Bahrain Grand Prix,Bahrain International Circuit,ricciardo,17,1,24.915,mclaren,0,1,0.14844444444444443,27.365299999999998,1,0,270,190,25.589526790454936,26.00022280036105,-0.6745267904549372,-1.085222800361052
2022,1,Bahrain Grand Prix,Bahrain International Circuit,ricciardo,33,2,24.885,mclaren,0,1,0.14844444444444443,27.365299999999998,1,0,270,190,25.589526790454936,26.184024889378186,-0.7045267904549348,-1.2990248893781846
2022,1,Bahrain Grand Prix,Bahrain International Circuit,ricciardo,44,3,25.139,mclaren,0,1,0.14844444444444443,27.365299999999998,1,0,270,190,25.589526790454936,26.640199920160143,-0.45052679045493704,-1.5011999201601434
2022,1,Bahrain Grand Prix,Bahrain International Circuit,russell,15,1,25.888,mercedes,0,1,0.14844444444444443,27.365299999999998,1,0,278,190,25.986966483424503,26.150069546941545,-0.0989664834245012,-0.26206954694154305
2022,1,Bahrain Grand Prix,Bahrain International Circuit,russell,33,2,25.334,mercedes,0,1,0.14844444444444443,27.365299999999998,1,0,278,190,25.986966483424503,26.33511263547198,-0.6529664834245033,-1.00111263547198
2022,1,Bahrain Grand Prix,Bahrain International Circuit,russell,45,3,25.574,mercedes,0,1,0.14844444444444443,27.365299999999998,1,0,278,190,25.986966483424503,26.79190816601058,-0.41296648342450126,-1.2179081660105773
2022,1,Bahrain Grand Prix,Bahrain International Circuit,sainz,14,1,24.666,ferrari,0,1,0.14844444444444443,27.365299999999998,1,0,259,190,25.615931411045338,25.899329015648824,-0.9499314110453376,-1.233329015648824
2022,1,Bahrain Grand Prix,Bahrain International Circuit,sainz,33,2,24.438,ferrari,0,1,0.14844444444444443,27.365299999999998,1,0,259,190,25.615931411045338,26.08499260393591,-1.1779314110453392,-1.6469926039359102
2022,1,Bahrain Grand Prix,Bahrain International Circuit,sainz,44,3,24.287,ferrari,0,1,0.14844444444444443,27.365299999999998,1,0,259,190,25.615931411045338,26.54116763471786,-1.328931411045339,-2.2541676347178594
2022,1,Bahrain Grand Prix,Bahrain International Circuit,stroll,18,1,25.739,aston_martin,0,1,0.14844444444444443,27.365299999999998,1,0,271,190,25.803827201064184,26.26199624677954,-0.06482720106418327,-0.5229962467795382
2022,1,Bahrain Grand Prix,Bahrain International Circuit,stroll,38,2,26.957,aston_martin,0,1,0.14844444444444443,27.365299999999998,1,0,271,190,25.803827201064184,26.448280334823274,1.1531727989358167,0.5087196651767272
2022,1,Bahrain Grand Prix,Bahrain International Circuit,stroll,45,3,25.039,aston_martin,0,1,0.14844444444444443,27.365299999999998,1,0,271,190,25.803827201064184,26.90197336657863,-0.7648272010641826,-1.862973366578629
2022,1,Bahrain Grand Prix,Bahrain International Circuit,tsunoda,15,1,26.095,alphatauri,0,1,0.14844444444444443,27.365299999999998,1,0,202,190,25.326147460594886,26.03472965945948,0.7688525394051133,0.060270340540519385
2022,1,Bahrain Grand Prix,Bahrain International Circuit,tsunoda,29,2,24.35,alphatauri,0,1,0.14844444444444443,27.365299999999998,1,0,202,190,25.326147460594886,26.217290748963322,-0.9761474605948841,-1.8672907489633204
2022,1,Bahrain Grand Prix,Bahrain International Circuit,tsunoda,44,3,24.188,alphatauri,0,1,0.14844444444444443,27.365299999999998,1,0,202,190,25.326147460594886,26.675947778771867,-1.1381474605948867,-2.4879477787718685
2022,1,Bahrain Grand Prix,Bahrain International Circuit,zhou,15,1,25.428,alfa,0,1,0.14844444444444443,27.365299999999998,1,0,194,190,25.782742667828536,26.42094926421644,-0.3547426678285355,-0.9929492642164384
2022,1,Bahrain Grand Prix,Bahrain International Circuit,zhou,37,2,25.291,alfa,0,1,0.14844444444444443,27.365299999999998,1,0,194,190,25.782742667828536,26.608474351773467,-0.49174266782853593,-1.3174743517734662
2022,1,Bahrain Grand Prix,Bahrain International Circuit,zhou,45,3,28.647,alfa,0,1,0.14844444444444443,27.365299999999998,1,0,194,190,25.782742667828536,27.062787883285473,2.864257332171462,1.584212116714525
2022,2,Saudi Arabian Grand Prix,Jeddah Corniche Circuit,albon,13,1,20.683,williams,0,1,0.23170731707317074,23.91139999999998,1,0,271,90,16.660258101272543,23.49777024479562,4.022741898727457,-2.8147702447956213
2022,2,Saudi Arabian Grand Prix,Jeddah Corniche Circuit,alonso,16,1,21.543,alpine,0,1,0.23170731707317074,23.91139999999998,1,0,249,90,15.630745866586638,23.385136211032986,5.912254133413361,-1.8421362110329866
2022,2,Saudi Arabian Grand Prix,Jeddah Corniche Circuit,bottas,16,1,22.561,alfa,0,1,0.23170731707317074,23.91139999999998,1,0,194,90,15.605204707171648,23.391281861283836,6.955795292828352,-0.8302818612838365
2022,2,Saudi Arabian Grand Prix,Jeddah Corniche Circuit,bottas,35,2,22.71,alfa,0,1,0.23170731707317074,23.91139999999998,1,0,194,90,15.605204707171648,23.57694544957092,7.104795292828353,-0.8669454495709203
2022,2,Saudi Arabian Grand Prix,Jeddah Corniche Circuit,gasly,15,1,22.82,alphatauri,0,1,0.23170731707317074,23.91139999999998,1,0,202,90,15.148609499937995,23.004441756770234,7.671390500062005,-0.18444175677023367
2022,2,Saudi Arabian Grand Prix,Jeddah Corniche Circuit,hamilton,40,1,21.788,mercedes,0,1,0.23170731707317074,23.91139999999998,1,0,278,90,15.809428522767613,23.135294138168504,5.9785714772323875,-1.347294138168504
2022,2,Saudi Arabian Grand Prix,Jeddah Corniche Circuit,hulkenberg,37,1,21.425,aston_martin,0,1,0.23170731707317074,23.91139999999998,1,0,271,90,15.626289240407297,23.243497839466606,5.798710759592703,-1.8184978394666054
2022,2,Saudi Arabian Grand Prix,Jeddah Corniche Circuit,kevinmagnussen,37,1,22.374,haas,0,1,0.23170731707317074,23.91139999999998,1,0,272,90,16.80880783320419,24.114735130656953,5.565192166795807,-1.7407351306569545
2022,2,Saudi Arabian Grand Prix,Jeddah Corniche Circuit,leclerc,16,1,21.038,ferrari,0,1,0.23170731707317074,23.91139999999998,1,0,259,90,15.43839345038845,22.870282112472868,5.599606549611551,-1.8322821124728677
2022,2,Saudi Arabian Grand Prix,Jeddah Corniche Circuit,maxverstappen,16,1,20.731,red_bull,0,1,0.23170731707317074,23.91139999999998,1,0,292,90,15.361263172081841,22.548620249747245,5.36973682791816,-1.8176202497472431
2022,2,Saudi Arabian Grand Prix,Jeddah Corniche Circuit,norris,16,1,20.383,mclaren,0,1,0.23170731707317074,23.91139999999998,1,0,270,90,15.411988829798048,22.969314397915152,4.971011170201951,-2.586314397915153
2022,2,Saudi Arabian Grand Prix,Jeddah Corniche Circuit,ocon,16,1,21.141,alpine,0,1,0.23170731707317074,23.91139999999998,1,0,249,90,15.630745866586638,23.385136211032986,5.51025413341336,-2.2441362110329877
2022,2,Saudi Arabian Grand Prix,Jeddah Corniche Circuit,perez,15,1,20.481,red_bull,0,1,0.23170731707317074,23.91139999999998,1,0,292,90,15.361263172081841,22.5479997499906,5.11973682791816,-2.0669997499905968
2022,2,Saudi Arabian Grand Prix,Jeddah Corniche Circuit,ricciardo,8,1,20.65,mclaren,0,1,0.23170731707317074,23.91139999999998,1,0,270,90,15.411988829798048,22.964350399861967,5.2380111702019505,-2.3143503998619686
2022,2,Saudi Arabian Grand Prix,Jeddah Corniche Circuit,russell,16,1,21.415,mercedes,0,1,0.23170731707317074,23.91139999999998,1,0,278,90,15.809428522767613,23.120402144008946,5.605571477232386,-1.7054021440089464
2022,2,Saudi Arabian Grand Prix,Jeddah Corniche Circuit,sainz,16,1,21.521,ferrari,0,1,0.23170731707317074,23.91139999999998,1,0,259,90,15.43839345038845,22.870282112472868,6.082606549611551,-1.3492821124728671
2022,2,Saudi Arabian Grand Prix,Jeddah Corniche Circuit,stroll,13,1,22.339,aston_martin,0,1,0.23170731707317074,23.91139999999998,1,0,271,90,15.626289240407297,23.228605845307047,6.712710759592701,-0.8896058453070488
2022,2,Saudi Arabian Grand Prix,Jeddah Corniche Circuit,zhou,16,1,33.734,alfa,0,1,0.23170731707317074,23.91139999999998,1,0,194,90,15.605204707171648,23.391281861283836,18.128795292828354,10.342718138716165
2022,2,Saudi Arabian Grand Prix,Jeddah Corniche Circuit,zhou,27,2,15.103,alfa,0,1,0.23170731707317074,23.91139999999998,1,0,194,90,15.605204707171648,23.571981451517736,-0.5022047071716482,-8.468981451517736
2022,3,Australian Grand Prix,Albert Park Grand Prix Circuit,albon,57,1,19.845,williams,0,1,0.1923444976076555,19.80915,1,0,271,70,16.874049384694505,19.056365823976755,2.970950615305494,0.788634176023244
2022,3,Australian Grand Prix,Albert Park Grand Prix Circuit,alonso,39,1,18.796,alpine,0,1,0.1923444976076555,19.80915,1,0,249,70,15.8445371500086,18.930701295324504,2.9514628499913993,-0.13470129532450414
2022,3,Australian Grand Prix,Albert Park Grand Prix Circuit,alonso,53,2,18.394,alpine,0,1,0.1923444976076555,19.80915,1,0,249,70,15.8445371500086,19.113262384828346,2.5494628499913983,-0.7192623848283475
2022,3,Australian Grand Prix,Albert Park Grand Prix Circuit,bottas,22,1,18.413,alfa,0,1,0.1923444976076555,19.80915,1,0,194,70,15.818995990593608,18.926298449712338,2.594004009406392,-0.5132984497123374
2022,3,Australian Grand Prix,Albert Park Grand Prix Circuit,gasly,21,1,18.926,alphatauri,0,1,0.1923444976076555,19.80915,1,0,202,70,15.362400783359956,18.539458345198728,3.5635992166400428,0.38654165480127034
2022,3,Australian Grand Prix,Albert Park Grand Prix Circuit,hamilton,22,1,17.877,mercedes,0,1,0.1923444976076555,19.80915,1,0,278,70,16.023219806189573,18.655418732437447,1.853780193810426,-0.7784187324374479
2022,3,Australian Grand Prix,Albert Park Grand Prix Circuit,kevinmagnussen,39,1,19.111,haas,0,1,0.1923444976076555,19.80915,1,0,272,70,17.022599116626154,19.64726972005886,2.088400883373847,-0.5362697200588578
2022,3,Australian Grand Prix,Albert Park Grand Prix Circuit,latifi,13,1,18.552,williams,0,1,0.1923444976076555,19.80915,1,0,271,70,16.874049384694505,19.029063834684234,1.6779506153054946,-0.47706383468423397
2022,3,Australian Grand Prix,Albert Park Grand Prix Circuit,latifi,23,2,17.936,williams,0,1,0.1923444976076555,19.80915,1,0,271,70,16.874049384694505,19.209142925161483,1.061950615305495,-1.2731429251614834
2022,3,Australian Grand Prix,Albert Park Grand Prix Circuit,leclerc,22,1,17.973,ferrari,0,1,0.1923444976076555,19.80915,1,0,259,70,15.65218473381041,18.40529870090137,2.320815266189589,-0.4322987009013701
2022,3,Australian Grand Prix,Albert Park Grand Prix Circuit,maxverstappen,18,1,18.281,red_bull,0,1,0.1923444976076555,19.80915,1,0,292,70,15.575054455503802,18.08115483914915,2.7059455444961973,0.1998451608508489
2022,3,Australian Grand Prix,Albert Park Grand Prix Circuit,mickschumacher,14,1,19.039,haas,0,1,0.1923444976076555,19.80915,1,0,272,70,17.022599116626154,19.631757226142653,2.016400883373848,-0.5927572261426519
2022,3,Australian Grand Prix,Albert Park Grand Prix Circuit,norris,20,1,17.556,mclaren,0,1,0.1923444976076555,19.80915,1,0,270,70,15.62578011322001,18.503089986830357,1.930219886779991,-0.9470899868303562
2022,3,Australian Grand Prix,Albert Park Grand Prix Circuit,ocon,17,1,19.128,alpine,0,1,0.1923444976076555,19.80915,1,0,249,70,15.8445371500086,18.917050300678245,3.2834628499914,0.21094969932175545
2022,3,Australian Grand Prix,Albert Park Grand Prix Circuit,perez,20,1,17.434,red_bull,0,1,0.1923444976076555,19.80915,1,0,292,70,15.575054455503802,18.082395838662446,1.8589455444961995,-0.6483958386624451
2022,3,Australian Grand Prix,Albert Park Grand Prix Circuit,ricciardo,21,1,18.15,mclaren,0,1,0.1923444976076555,19.80915,1,0,270,70,15.62578011322001,18.503710486587003,2.5242198867799885,-0.3537104865870049
2022,3,Australian Grand Prix,Albert Park Grand Prix Circuit,russell,23,1,18.479,mercedes,0,1,0.1923444976076555,19.80915,1,0,278,70,16.023219806189573,18.656039232194093,2.4557801938104262,-0.1770392321940939
2022,3,Australian Grand Prix,Albert Park Grand Prix Circuit,stroll,3,1,18.242,aston_martin,0,1,0.1923444976076555,19.80915,1,0,271,70,15.840080523829258,18.75369443762918,2.401919476170743,-0.5116944376291777
2022,3,Australian Grand Prix,Albert Park Grand Prix Circuit,stroll,4,2,18.56,aston_martin,0,1,0.1923444976076555,19.80915,1,0,271,70,15.840080523829258,18.928189030296597,2.719919476170741,-0.3681890302965982
2022,3,Australian Grand Prix,Albert Park Grand Prix Circuit,stroll,23,3,20.402,aston_martin,0,1,0.1923444976076555,19.80915,1,0,271,70,15.840080523829258,19.38932805913173,4.561919476170743,1.0126719408682696
2022,3,Australian Grand Prix,Albert Park Grand Prix Circuit,tsunoda,18,1,18.443,alphatauri,0,1,0.1923444976076555,19.80915,1,0,202,70,15.362400783359956,18.537596845928785,3.0805992166400458,-0.09459684592878403
2022,3,Australian Grand Prix,Albert Park Grand Prix Circuit,zhou,21,1,18.38,alfa,0,1,0.1923444976076555,19.80915,1,0,194,70,15.818995990593608,18.925677949955688,2.561004009406391,-0.5456779499556887
2022,4,Emilia Romagna Grand Prix,Autodromo Enzo e Dino Ferrari,albon,17,1,30.793,williams,0,1,0.1068904593639576,36.00099999999999,1,0,271,69,24.574249510831674,30.039532030901665,6.218750489168325,0.7534679690983346
2022,4,Emilia Romagna Grand Prix,Autodromo Enzo e Dino Ferrari,bottas,18,1,40.957,alfa,0,1,0.1068904593639576,36.00099999999999,1,0,194,69,23.519196116730775,29.931802647876584,17.437803883269225,11.025197352123417
2022,4,Emilia Romagna Grand Prix,Autodromo Enzo e Dino Ferrari,gasly,17,1,30.405,alphatauri,0,1,0.1068904593639576,36.00099999999999,1,0,202,69,23.062600909497124,29.544962543362974,7.342399090502877,0.860037456637027
2022,4,Emilia Romagna Grand Prix,Autodromo Enzo e Dino Ferrari,hamilton,18,1,32.74,mercedes,0,1,0.1068904593639576,36.00099999999999,1,0,278,69,23.723419932326742,29.660922930601693,9.01658006767326,3.079077069398309
2022,4,Emilia Romagna Grand Prix,Autodromo Enzo e Dino Ferrari,kevinmagnussen,18,1,33.765,haas,0,1,0.1068904593639576,36.00099999999999,1,0,272,69,24.722799242763323,30.642225422360085,9.042200757236678,3.122774577639916
2022,4,Emilia Romagna Grand Prix,Autodromo Enzo e Dino Ferrari,latifi,18,1,31.125,williams,0,1,0.1068904593639576,36.00099999999999,1,0,271,69,24.574249510831674,30.040152530658315,6.550750489168326,1.0848474693416854
2022,4,Emilia Romagna Grand Prix,Autodromo Enzo e Dino Ferrari,leclerc,19,1,31.794,ferrari,0,1,0.1068904593639576,36.00099999999999,1,0,259,69,23.352384859947577,29.41142339882226,8.441615140052424,2.382576601177739
2022,4,Emilia Romagna Grand Prix,Autodromo Enzo e Dino Ferrari,leclerc,49,2,30.042,ferrari,0,1,0.1068904593639576,36.00099999999999,1,0,259,69,23.352384859947577,29.603912484432477,6.689615140052425,0.4380875155675241
2022,4,Emilia Romagna Grand Prix,Autodromo Enzo e Dino Ferrari,leclerc,53,3,36.56,ferrari,0,1,0.1068904593639576,36.00099999999999,1,0,259,69,23.352384859947577,30.055744016917888,13.207615140052425,6.504255983082114
2022,4,Emilia Romagna Grand Prix,Autodromo Enzo e Dino Ferrari,maxverstappen,19,1,30.001,red_bull,0,1,0.1068904593639576,36.00099999999999,1,0,292,69,23.275254581640972,29.089761536096635,6.725745418359029,0.9112384639033664
2022,4,Emilia Romagna Grand Prix,Autodromo Enzo e Dino Ferrari,maxverstappen,51,2,29.942,red_bull,0,1,0.1068904593639576,36.00099999999999,1,0,292,69,23.275254581640972,29.283491621220147,6.666745418359028,0.6585083787798531
2022,4,Emilia Romagna Grand Prix,Autodromo Enzo e Dino Ferrari,mickschumacher,18,1,31.32,haas,0,1,0.1068904593639576,36.00099999999999,1,0,272,69,24.722799242763323,30.642225422360085,6.597200757236678,0.6777745776399158
2022,4,Emilia Romagna Grand Prix,Autodromo Enzo e Dino Ferrari,mickschumacher,52,2,30.984,haas,0,1,0.1068904593639576,36.00099999999999,1,0,272,69,24.722799242763323,30.83719650699689,6.261200757236679,0.14680349300311235
2022,4,Emilia Romagna Grand Prix,Autodromo Enzo e Dino Ferrari,norris,19,1,30.07,mclaren,0,1,0.1068904593639576,36.00099999999999,1,0,270,69,23.32598023935718,29.510455684264546,6.744019760642821,0.5595443157354545
2022,4,Emilia Romagna Grand Prix,Autodromo Enzo e Dino Ferrari,ocon,18,1,31.409,alpine,0,1,0.1068904593639576,36.00099999999999,1,0,249,69,23.544737276145767,29.92565699762573,7.864262723854232,1.4833430023742693
2022,4,Emilia Romagna Grand Prix,Autodromo Enzo e Dino Ferrari,perez,18,1,30.366,red_bull,0,1,0.1068904593639576,36.00099999999999,1,0,292,69,23.275254581640972,29.08914103633999,7.0907454183590275,1.2768589636600112
2022,4,Emilia Romagna Grand Prix,Autodromo Enzo e Dino Ferrari,perez,50,2,29.627,red_bull,0,1,0.1068904593639576,36.00099999999999,1,0,292,69,23.275254581640972,29.282871121463497,6.351745418359027,0.34412887853650176
2022,4,Emilia Romagna Grand Prix,Autodromo Enzo e Dino Ferrari,ricciardo,2,1,32.362,mclaren,0,1,0.1068904593639576,36.00099999999999,1,0,270,69,23.32598023935718,29.499907188401526,9.036019760642823,2.862092811598476
2022,4,Emilia Romagna Grand Prix,Autodromo Enzo e Dino Ferrari,ricciardo,16,2,30.422,mclaren,0,1,0.1068904593639576,36.00099999999999,1,0,270,69,23.32598023935718,29.68246827790537,7.096019760642822,0.7395317220946289
2022,4,Emilia Romagna Grand Prix,Autodromo Enzo e Dino Ferrari,ricciardo,30,3,30.155,mclaren,0,1,0.1068904593639576,36.00099999999999,1,0,270,69,23.32598023935718,30.140504807957267,6.829019760642822,0.014495192042733862
2022,4,Emilia Romagna Grand Prix,Autodromo Enzo e Dino Ferrari,russell,18,1,31.079,mercedes,0,1,0.1068904593639576,36.00099999999999,1,0,278,69,23.723419932326742,29.660922930601693,7.355580067673259,1.4180770693983078
2022,4,Emilia Romagna Grand Prix,Autodromo Enzo e Dino Ferrari,stroll,18,1,32.667,aston_martin,0,1,0.1068904593639576,36.00099999999999,1,0,271,69,23.540280649966427,29.77098813116974,9.126719350033575,2.8960118688302607
2022,4,Emilia Romagna Grand Prix,Autodromo Enzo e Dino Ferrari,tsunoda,18,1,30.372,alphatauri,0,1,0.1068904593639576,36.00099999999999,1,0,202,69,23.062600909497124,29.545583043119624,7.309399090502875,0.8264169568803759
2022,4,Emilia Romagna Grand Prix,Autodromo Enzo e Dino Ferrari,vettel,17,1,30.484,aston_martin,0,1,0.1068904593639576,36.00099999999999,1,0,271,69,23.540280649966427,29.77036763141309,6.943719350033575,0.7136323685869108
2022,4,Emilia Romagna Grand Prix,Autodromo Enzo e Dino Ferrari,zhou,18,1,32.203,alfa,0,1,0.1068904593639576,36.00099999999999,1,0,194,69,23.519196116730775,29.931802647876584,8.683803883269228,2.2711973521234192
2022,5,Miami Grand Prix,Miami International Autodrome,albon,16,1,20.059,williams,0,1,0.18826868495742669,21.977999999999998,1,0,271,73,23.05522685397657,22.759874585967275,-2.9962268539765695,-2.7008745859672736
2022,5,Miami Grand Prix,Miami International Autodrome,alonso,15,1,21.638,alpine,0,1,0.18826868495742669,21.977999999999998,1,0,249,73,22.025714619290667,22.644758553178047,-0.38771461929066575,-1.0067585531780452
2022,5,Miami Grand Prix,Miami International Autodrome,bottas,26,1,19.614,alfa,0,1,0.18826868495742669,21.977999999999998,1,0,194,73,22.000173459875676,22.65772970075203,-2.3861734598756748,-3.043729700752028
2022,5,Miami Grand Prix,Miami International Autodrome,gasly,16,1,19.543,alphatauri,0,1,0.18826868495742669,21.977999999999998,1,0,202,73,21.54357825264202,22.265305098428584,-2.000578252642022,-2.722305098428585
2022,5,Miami Grand Prix,Miami International Autodrome,gasly,40,2,19.007,alphatauri,0,1,0.18826868495742669,21.977999999999998,1,0,202,73,21.54357825264202,22.45407118549891,-2.5365782526420197,-3.44707118549891
2022,5,Miami Grand Prix,Miami International Autodrome,hamilton,22,1,18.82,mercedes,0,1,0.18826868495742669,21.977999999999998,1,0,278,73,22.20439727547164,22.38436798445054,-3.3843972754716383,-3.5643679844505414
2022,5,Miami Grand Prix,Miami International Autodrome,kevinmagnussen,12,1,19.76,haas,0,1,0.18826868495742669,21.977999999999998,1,0,272,73,23.20377658590822,23.359465478642452,-3.4437765859082177,-3.5994654786424505
2022,5,Miami Grand Prix,Miami International Autodrome,kevinmagnussen,42,2,20.673,haas,0,1,0.18826868495742669,21.977999999999998,1,0,272,73,23.20377658590822,23.551954564252668,-2.530776585908221,-2.8789545642526697
2022,5,Miami Grand Prix,Miami International Autodrome,latifi,34,1,19.185,williams,0,1,0.18826868495742669,21.977999999999998,1,0,271,73,23.05522685397657,22.771043581586945,-3.870226853976572,-3.586043581586946
2022,5,Miami Grand Prix,Miami International Autodrome,leclerc,24,1,19.697,ferrari,0,1,0.18826868495742669,21.977999999999998,1,0,259,73,21.833362203092477,22.135488952427764,-2.136362203092478,-2.4384889524277646
2022,5,Miami Grand Prix,Miami International Autodrome,maxverstappen,26,1,18.798,red_bull,0,1,0.18826868495742669,21.977999999999998,1,0,292,73,21.756231924785865,21.815068089215433,-2.958231924785867,-3.017068089215435
2022,5,Miami Grand Prix,Miami International Autodrome,mickschumacher,14,1,20.413,haas,0,1,0.18826868495742669,21.977999999999998,1,0,272,73,23.20377658590822,23.360706478155752,-2.790776585908219,-2.9477064781557516
2022,5,Miami Grand Prix,Miami International Autodrome,mickschumacher,54,2,32.381,haas,0,1,0.18826868495742669,21.977999999999998,1,0,272,73,23.20377658590822,23.559400561332446,9.177223414091781,8.821599438667555
2022,5,Miami Grand Prix,Miami International Autodrome,norris,18,1,19.986,mclaren,0,1,0.18826868495742669,21.977999999999998,1,0,270,73,21.806957582502076,22.230798239330156,-1.820957582502075,-2.244798239330155
2022,5,Miami Grand Prix,Miami International Autodrome,ocon,41,1,19.019,alpine,0,1,0.18826868495742669,21.977999999999998,1,0,249,73,22.025714619290667,22.6608915468509,-3.006714619290669,-3.6418915468509
2022,5,Miami Grand Prix,Miami International Autodrome,perez,27,1,18.519,red_bull,0,1,0.18826868495742669,21.977999999999998,1,0,292,73,21.756231924785865,21.81568858897208,-3.237231924785867,-3.2966885889720814
2022,5,Miami Grand Prix,Miami International Autodrome,perez,41,2,18.433,red_bull,0,1,0.18826868495742669,21.977999999999998,1,0,292,73,21.756231924785865,21.998249678475922,-3.3232319247858655,-3.5652496784759222
2022,5,Miami Grand Prix,Miami International Autodrome,ricciardo,30,1,19.484,mclaren,0,1,0.18826868495742669,21.977999999999998,1,0,270,73,21.806957582502076,22.238244236409937,-2.322957582502074,-2.754244236409935
2022,5,Miami Grand Prix,Miami International Autodrome,ricciardo,41,2,19.28,mclaren,0,1,0.18826868495742669,21.977999999999998,1,0,270,73,21.806957582502076,22.418943826643833,-2.5269575825020745,-3.138943826643832
2022,5,Miami Grand Prix,Miami International Autodrome,russell,40,1,19.035,mercedes,0,1,0.18826868495742669,21.977999999999998,1,0,278,73,22.20439727547164,22.39553698007021,-3.1693972754716384,-3.3605369800702114
2022,5,Miami Grand Prix,Miami International Autodrome,sainz,27,1,22.063,ferrari,0,1,0.18826868495742669,21.977999999999998,1,0,259,73,21.833362203092477,22.137350451697706,0.22963779690752162,-0.0743504516977076
2022,5,Miami Grand Prix,Miami International Autodrome,stroll,40,1,19.074,aston_martin,0,1,0.18826868495742669,21.977999999999998,1,0,271,73,22.021257993111323,22.50560218063826,-2.9472579931113216,-3.431602180638258
2022,5,Miami Grand Prix,Miami International Autodrome,tsunoda,11,1,18.87,alphatauri,0,1,0.18826868495742669,21.977999999999998,1,0,202,73,21.54357825264202,22.262202599645345,-2.67357825264202,-3.392202599645344
2022,5,Miami Grand Prix,Miami International Autodrome,tsunoda,41,2,19.618,alphatauri,0,1,0.18826868495742669,21.977999999999998,1,0,202,73,21.54357825264202,22.454691685255558,-1.9255782526420226,-2.836691685255559
2022,5,Miami Grand Prix,Miami International Autodrome,vettel,41,1,19.861,aston_martin,0,1,0.18826868495742669,21.977999999999998,1,0,271,73,22.021257993111323,22.506222680394906,-2.1602579931113226,-2.6452226803949053
2022,6,Spanish Grand Prix,Circuit de Barcelona-Catalunya,albon,11,1,23.419,williams,0,1,0.05203252032520325,23.845,1,0,271,172,23.620141340457206,23.715466821765446,-0.20114134045720533,-0.2964668217654456
2022,6,Spanish Grand Prix,Circuit de Barcelona-Catalunya,albon,25,2,22.657,williams,0,1,0.05203252032520325,23.845,1,0,271,172,23.620141340457206,23.89802791126929,-0.9631413404572058,-1.2410279112692884
2022,6,Spanish Grand Prix,Circuit de Barcelona-Catalunya,albon,45,3,23.328,williams,0,1,0.05203252032520325,23.845,1,0,271,172,23.620141340457206,24.359787439861073,-0.2921413404572064,-1.0317874398610734
2022,6,Spanish Grand Prix,Circuit de Barcelona-Catalunya,albon,54,4,23.404,williams,0,1,0.05203252032520325,23.845,1,0,271,172,23.620141340457206,25.849239431056382,-0.2161413404572059,-2.4452394310563825
2022,6,Spanish Grand Prix,Circuit de Barcelona-Catalunya,alonso,10,1,22.375,alpine,0,1,0.05203252032520325,23.845,1,0,249,172,22.590629105771303,23.600350788976215,-0.21562910577130268,-1.2253507889762147
2022,6,Spanish Grand Prix,Circuit de Barcelona-Catalunya,alonso,31,2,21.914,alpine,0,1,0.05203252032520325,23.845,1,0,249,172,22.590629105771303,23.7872553767766,-0.6766291057713012,-1.8732553767765978
2022,6,Spanish Grand Prix,Circuit de Barcelona-Catalunya,alonso,53,3,25.407,alpine,0,1,0.05203252032520325,23.845,1,0,249,172,22.590629105771303,24.250255904881676,2.8163708942286974,1.1567440951183237
2022,6,Spanish Grand Prix,Circuit de Barcelona-Catalunya,bottas,14,1,22.987,alfa,0,1,0.05203252032520325,23.845,1,0,194,172,22.56508794635631,23.608978438253665,0.42191205364368756,-0.6219784382536666
2022,6,Spanish Grand Prix,Circuit de Barcelona-Catalunya,bottas,34,2,22.541,alfa,0,1,0.05203252032520325,23.845,1,0,194,172,22.56508794635631,23.795262526297392,-0.024087946356310397,-1.254262526297392
2022,6,Spanish Grand Prix,Circuit de Barcelona-Catalunya,gasly,10,1,22.008,alphatauri,0,1,0.05203252032520325,23.845,1,0,202,172,22.10849273912266,23.220276834470113,-0.10049273912266088,-1.2122768344701136
2022,6,Spanish Grand Prix,Circuit de Barcelona-Catalunya,gasly,29,2,27.947,alphatauri,0,1,0.05203252032520325,23.845,1,0,202,172,22.10849273912266,23.405940422757194,5.838507260877339,4.541059577242805
2022,6,Spanish Grand Prix,Circuit de Barcelona-Catalunya,gasly,46,3,21.838,alphatauri,0,1,0.05203252032520325,23.845,1,0,202,172,22.10849273912266,23.865838452079036,-0.27049273912265903,-2.0278384520790347
2022,6,Spanish Grand Prix,Circuit de Barcelona-Catalunya,hamilton,22,2,22.105,mercedes,0,1,0.05203252032520325,23.845,1,0,278,172,22.769311761952277,23.516936811942728,-0.6643117619522769,-1.4119368119427271
2022,6,Spanish Grand Prix,Circuit de Barcelona-Catalunya,hamilton,48,3,22.241,mercedes,0,1,0.05203252032520325,23.845,1,0,278,172,22.769311761952277,23.982419339074397,-0.5283117619522777,-1.7414193390743975
2022,6,Spanish Grand Prix,Circuit de Barcelona-Catalunya,kevinmagnussen,29,2,23.878,haas,0,1,0.05203252032520325,23.845,1,0,272,172,23.768691072388854,24.502582801997654,0.10930892761114563,-0.6245828019976543
2022,6,Spanish Grand Prix,Circuit de Barcelona-Catalunya,latifi,12,1,23.189,williams,0,1,0.05203252032520325,23.845,1,0,271,172,23.620141340457206,23.716087321522096,-0.43114134045720576,-0.5270873215220959
2022,6,Spanish Grand Prix,Circuit de Barcelona-Catalunya,latifi,26,2,22.311,williams,0,1,0.05203252032520325,23.845,1,0,271,172,23.620141340457206,23.89864841102594,-1.3091413404572059,-1.5876484110259383
2022,6,Spanish Grand Prix,Circuit de Barcelona-Catalunya,latifi,50,3,22.761,williams,0,1,0.05203252032520325,23.845,1,0,271,172,23.620141340457206,24.362889938644315,-0.8591413404572066,-1.601889938644316
2022,6,Spanish Grand Prix,Circuit de Barcelona-Catalunya,leclerc,21,1,21.794,ferrari,0,1,0.05203252032520325,23.845,1,0,259,172,22.398276689573112,23.092322187739228,-0.604276689573112,-1.2983221877392275
2022,6,Spanish Grand Prix,Circuit de Barcelona-Catalunya,maxverstappen,13,1,22.173,red_bull,0,1,0.05203252032520325,23.845,1,0,292,172,22.321146411266504,22.76569632696042,-0.14814641126650585,-0.5926963269604215
2022,6,Spanish Grand Prix,Circuit de Barcelona-Catalunya,maxverstappen,28,2,21.966,red_bull,0,1,0.05203252032520325,23.845,1,0,292,172,22.321146411266504,22.948877916220912,-0.35514641126650304,-0.9828779162209109
2022,6,Spanish Grand Prix,Circuit de Barcelona-Catalunya,maxverstappen,44,3,21.941,red_bull,0,1,0.05203252032520325,23.845,1,0,292,172,22.321146411266504,23.408155445786104,-0.38014641126650517,-1.467155445786105
2022,6,Spanish Grand Prix,Circuit de Barcelona-Catalunya,mickschumacher,12,1,23.582,haas,0,1,0.05203252032520325,23.845,1,0,272,172,23.768691072388854,24.31816021322387,-0.18669107238885374,-0.7361602132238687
2022,6,Spanish Grand Prix,Circuit de Barcelona-Catalunya,mickschumacher,30,2,23.127,haas,0,1,0.05203252032520325,23.845,1,0,272,172,23.768691072388854,24.503203301754304,-0.6416910723888556,-1.3762033017543054
2022,6,Spanish Grand Prix,Circuit de Barcelona-Catalunya,norris,12,1,21.916,mclaren,0,1,0.05203252032520325,23.845,1,0,270,172,22.37187206898271,23.185769975371684,-0.4558720689827105,-1.269769975371684
2022,6,Spanish Grand Prix,Circuit de Barcelona-Catalunya,norris,33,2,23.341,mclaren,0,1,0.05203252032520325,23.845,1,0,270,172,22.37187206898271,23.372674563172062,0.9691279310172902,-0.031674563172060743
2022,6,Spanish Grand Prix,Circuit de Barcelona-Catalunya,norris,51,3,22.165,mclaren,0,1,0.05203252032520325,23.845,1,0,270,172,22.37187206898271,23.833193092250546,-0.2068720689827117,-1.6681930922505472
2022,6,Spanish Grand Prix,Circuit de Barcelona-Catalunya,ocon,13,1,22.137,alpine,0,1,0.05203252032520325,23.845,1,0,249,172,22.590629105771303,23.602212288246164,-0.4536291057713022,-1.465212288246164
2022,6,Spanish Grand Prix,Circuit de Barcelona-Catalunya,ocon,35,2,22.953,alpine,0,1,0.05203252032520325,23.845,1,0,249,172,22.590629105771303,23.789737375803192,0.3623708942286967,-0.8367373758031924
2022,6,Spanish Grand Prix,Circuit de Barcelona-Catalunya,ocon,52,3,22.033,alpine,0,1,0.05203252032520325,23.845,1,0,249,172,22.590629105771303,24.249635405125026,-0.5576291057713014,-2.216635405125025
2022,6,Spanish Grand Prix,Circuit de Barcelona-Catalunya,perez,17,1,22.032,red_bull,0,1,0.05203252032520325,23.845,1,0,292,172,22.321146411266504,22.768178325987012,-0.2891464112665041,-0.7361783259870123
2022,6,Spanish Grand Prix,Circuit de Barcelona-Catalunya,perez,37,2,21.619,red_bull,0,1,0.05203252032520325,23.845,1,0,292,172,22.321146411266504,22.954462414030743,-0.7021464112665043,-1.3354624140307436
2022,6,Spanish Grand Prix,Circuit de Barcelona-Catalunya,perez,53,3,21.694,red_bull,0,1,0.05203252032520325,23.845,1,0,292,172,22.321146411266504,23.413739943595935,-0.627146411266505,-1.7197399435959362
2022,6,Spanish Grand Prix,Circuit de Barcelona-Catalunya,ricciardo,11,1,22.124,mclaren,0,1,0.05203252032520325,23.845,1,0,270,172,22.37187206898271,23.185149475615034,-0.24787206898271208,-1.0611494756150357
2022,6,Spanish Grand Prix,Circuit de Barcelona-Catalunya,ricciardo,31,2,22.399,mclaren,0,1,0.05203252032520325,23.845,1,0,270,172,22.37187206898271,23.371433563658762,0.027127931017290052,-0.9724335636587611
2022,6,Spanish Grand Prix,Circuit de Barcelona-Catalunya,ricciardo,48,3,22.154,mclaren,0,1,0.05203252032520325,23.845,1,0,270,172,22.37187206898271,23.831331592980604,-0.21787206898271094,-1.6773315929806039
2022,6,Spanish Grand Prix,Circuit de Barcelona-Catalunya,russell,13,1,22.154,mercedes,0,1,0.05203252032520325,23.845,1,0,278,172,22.769311761952277,23.33747822122212,-0.6153117619522774,-1.1834782212221207
2022,6,Spanish Grand Prix,Circuit de Barcelona-Catalunya,russell,36,2,22.039,mercedes,0,1,0.05203252032520325,23.845,1,0,278,172,22.769311761952277,23.525623808535798,-0.7303117619522759,-1.4866238085357963
2022,6,Spanish Grand Prix,Circuit de Barcelona-Catalunya,russell,51,3,22.815,mercedes,0,1,0.05203252032520325,23.845,1,0,278,172,22.769311761952277,23.98428083834434,0.04568823804772393,-1.1692808383443385
2022,6,Spanish Grand Prix,Circuit de Barcelona-Catalunya,sainz,10,1,22.341,ferrari,0,1,0.05203252032520325,23.845,1,0,259,172,22.398276689573112,23.0854966904161,-0.05727668957311138,-0.7444966904160992
2022,6,Spanish Grand Prix,Circuit de Barcelona-Catalunya,sainz,31,2,21.867,ferrari,0,1,0.05203252032520325,23.845,1,0,259,172,22.398276689573112,23.272401278216485,-0.5312766895731116,-1.405401278216484
2022,6,Spanish Grand Prix,Circuit de Barcelona-Catalunya,sainz,45,3,22.302,ferrari,0,1,0.05203252032520325,23.845,1,0,259,172,22.398276689573112,23.730437808268377,-0.09627668957311286,-1.4284378082683773
2022,6,Spanish Grand Prix,Circuit de Barcelona-Catalunya,stroll,14,1,22.833,aston_martin,0,1,0.05203252032520325,23.845,1,0,271,172,22.58617247959196,23.448163921546822,0.2468275204080399,-0.6151639215468236
2022,6,Spanish Grand Prix,Circuit de Barcelona-Catalunya,stroll,27,2,23.394,aston_martin,0,1,0.05203252032520325,23.845,1,0,271,172,22.58617247959196,23.630104511294014,0.8078275204080398,-0.2361045112940161
2022,6,Spanish Grand Prix,Circuit de Barcelona-Catalunya,stroll,46,3,23.812,aston_martin,0,1,0.05203252032520325,23.845,1,0,271,172,22.58617247959196,24.091243540129152,1.2258275204080427,-0.2792435401291513
2022,6,Spanish Grand Prix,Circuit de Barcelona-Catalunya,tsunoda,11,1,23.083,alphatauri,0,1,0.05203252032520325,23.845,1,0,202,172,22.10849273912266,23.22089733422676,0.9745072608773384,-0.13789733422676065
2022,6,Spanish Grand Prix,Circuit de Barcelona-Catalunya,tsunoda,32,2,22.802,alphatauri,0,1,0.05203252032520325,23.845,1,0,202,172,22.10849273912266,23.40780192202714,0.6935072608773396,-0.6058019220271404
2022,6,Spanish Grand Prix,Circuit de Barcelona-Catalunya,tsunoda,52,3,22.316,alphatauri,0,1,0.05203252032520325,23.845,1,0,202,172,22.10849273912266,23.869561450618924,0.20750726087733895,-1.5535614506189255
2022,6,Spanish Grand Prix,Circuit de Barcelona-Catalunya,vettel,21,1,22.536,aston_martin,0,1,0.05203252032520325,23.845,1,0,271,172,22.58617247959196,23.452507419843357,-0.05017247959195714,-0.9165074198433558
2022,6,Spanish Grand Prix,Circuit de Barcelona-Catalunya,vettel,42,2,22.456,aston_martin,0,1,0.05203252032520325,23.845,1,0,271,172,22.58617247959196,23.639412007643738,-0.130172479591959,-1.1834120076437387
2022,6,Spanish Grand Prix,Circuit de Barcelona-Catalunya,zhou,10,1,23.109,alfa,0,1,0.05203252032520325,23.845,1,0,194,172,22.56508794635631,23.606496439227072,0.543912053643691,-0.49749643922707065
2022,7,Monaco Grand Prix,Circuit de Monaco,albon,29,3,1.185676,williams,0,1,0.22815945716709077,1.1865170999999997,0,1,271,71,20.934129268806437,2.700285351295088,-19.748453268806436,-1.5146093512950882
2022,7,Monaco Grand Prix,Circuit de Monaco,alonso,30,2,1.182058,alpine,0,1,0.22815945716709077,1.1865170999999997,0,1,249,71,19.90461703412053,2.137060784560333,-18.72255903412053,-0.955002784560333
2022,7,Monaco Grand Prix,Circuit de Monaco,bottas,30,2,1.1866990000000002,alfa,0,1,0.22815945716709077,1.1865170999999997,1,1,194,71,19.87907587470554,18.74413769014145,-18.692376874705538,-17.55743869014145
2022,7,Monaco Grand Prix,Circuit de Monaco,gasly,30,3,1.16946,alphatauri,0,1,0.22815945716709077,1.1865170999999997,0,1,202,71,19.422480667471888,2.2063363635130475,-18.253020667471887,-1.0368763635130476
2022,7,Monaco Grand Prix,Circuit de Monaco,hamilton,30,3,1.186281,mercedes,0,1,0.22815945716709077,1.1865170999999997,0,1,278,71,20.083299690301505,2.3216762509951145,-18.897018690301504,-1.1353952509951146
2022,7,Monaco Grand Prix,Circuit de Monaco,latifi,29,4,1.1818389999999999,williams,0,1,0.22815945716709077,1.1865170999999997,0,1,271,71,20.934129268806437,4.184152844680565,-19.752290268806437,-3.0023138446805646
2022,7,Monaco Grand Prix,Circuit de Monaco,leclerc,30,3,1.176822,ferrari,0,1,0.22815945716709077,1.1865170999999997,0,1,259,71,19.71226461792234,2.071556219459037,-18.53544261792234,-0.8947342194590369
2022,7,Monaco Grand Prix,Circuit de Monaco,maxverstappen,30,3,1.175575,red_bull,0,1,0.22815945716709077,1.1865170999999997,0,1,292,71,19.635134339615732,1.749894356733412,-18.459559339615733,-0.574319356733412
2022,7,Monaco Grand Prix,Circuit de Monaco,norris,30,3,1.1830289999999999,mclaren,0,1,0.22815945716709077,1.1865170999999997,0,1,270,71,19.685859997331942,2.170588504901321,-18.50283099733194,-0.9875595049013213
2022,7,Monaco Grand Prix,Circuit de Monaco,ocon,30,2,1.1864849999999998,alpine,0,1,0.22815945716709077,1.1865170999999997,0,1,249,71,19.90461703412053,2.137060784560333,-18.71813203412053,-0.9505757845603333
2022,7,Monaco Grand Prix,Circuit de Monaco,perez,30,3,1.172062,red_bull,0,1,0.22815945716709077,1.1865170999999997,0,1,292,71,19.635134339615732,1.749894356733412,-18.46307233961573,-0.577832356733412
2022,7,Monaco Grand Prix,Circuit de Monaco,ricciardo,30,2,1.168673,mclaren,0,1,0.22815945716709077,1.1865170999999997,0,1,270,71,19.685859997331942,1.7212389714425012,-18.51718699733194,-0.5525659714425011
2022,7,Monaco Grand Prix,Circuit de Monaco,russell,30,2,1.177545,mercedes,0,1,0.22815945716709077,1.1865170999999997,0,1,278,71,20.083299690301505,1.8723267175362936,-18.905754690301507,-0.6947817175362936
2022,7,Monaco Grand Prix,Circuit de Monaco,sainz,30,2,1.174793,ferrari,0,1,0.22815945716709077,1.1865170999999997,0,1,259,71,19.71226461792234,1.622206686000217,-18.53747161792234,-0.4474136860002169
2022,7,Monaco Grand Prix,Circuit de Monaco,stroll,29,4,1.1749649999999998,aston_martin,0,1,0.22815945716709077,1.1865170999999997,0,1,271,71,19.90016040794119,3.914988445191992,-18.72519540794119,-2.740023445191992
2022,7,Monaco Grand Prix,Circuit de Monaco,tsunoda,29,3,1.174444,alphatauri,0,1,0.22815945716709077,1.1865170999999997,0,1,202,71,19.422480667471888,2.2057158637563994,-18.248036667471887,-1.0312718637563993
2022,7,Monaco Grand Prix,Circuit de Monaco,vettel,30,3,1.169495,aston_martin,0,1,0.22815945716709077,1.1865170999999997,0,1,271,71,19.90016040794119,2.4317414515631635,-18.73066540794119,-1.2622464515631635
2022,7,Monaco Grand Prix,Circuit de Monaco,zhou,29,2,1.174235,alfa,0,1,0.22815945716709077,1.1865170999999997,0,1,194,71,19.87907587470554,2.1425859350545373,-18.70484087470554,-0.9683509350545374
2022,8,Azerbaijan Grand Prix,Baku City Circuit,albon,9,1,25.577,williams,0,1,0.12570145903479238,28.6684,1,0,271,88,18.841927840022873,21.632030275142153,6.735072159977129,3.944969724857849
2022,8,Azerbaijan Grand Prix,Baku City Circuit,albon,29,2,21.54,williams,0,1,0.12570145903479238,28.6684,1,0,271,88,18.841927840022873,21.818314363185884,2.6980721599771265,-0.27831436318588487
2022,8,Azerbaijan Grand Prix,Baku City Circuit,alonso,18,1,20.571,alpine,0,1,0.12570145903479238,28.6684,1,0,249,88,17.812415605336966,21.5231192399194,2.7585843946630355,-0.9521192399193978
2022,8,Azerbaijan Grand Prix,Baku City Circuit,bottas,33,1,20.979,alfa,0,1,0.12570145903479238,28.6684,1,0,194,88,17.786874445921978,21.538572386519977,3.1921255540780216,-0.559572386519978
2022,8,Azerbaijan Grand Prix,Baku City Circuit,gasly,9,1,22.698,alphatauri,0,1,0.12570145903479238,28.6684,1,0,202,88,17.330279238688323,21.137460787603466,5.367720761311677,1.5605392123965345
2022,8,Azerbaijan Grand Prix,Baku City Circuit,hamilton,9,1,21.47,mercedes,0,1,0.12570145903479238,28.6684,1,0,278,88,17.99109826151794,21.25280067508553,3.478901738482058,0.2171993249144677
2022,8,Azerbaijan Grand Prix,Baku City Circuit,hamilton,33,2,20.831,mercedes,0,1,0.12570145903479238,28.6684,1,0,278,88,17.99109826151794,21.441566762155855,2.839901738482059,-0.6105667621558553
2022,8,Azerbaijan Grand Prix,Baku City Circuit,kevinmagnussen,9,1,21.555,haas,0,1,0.12570145903479238,28.6684,1,0,272,88,18.99047757195452,22.234103166843926,2.5645224280454784,-0.6791031668439267
2022,8,Azerbaijan Grand Prix,Baku City Circuit,latifi,3,1,29.395,williams,0,1,0.12570145903479238,28.6684,1,0,271,88,18.841927840022873,21.62830727660226,10.553072159977127,7.766692723397739
2022,8,Azerbaijan Grand Prix,Baku City Circuit,latifi,17,2,22.069,williams,0,1,0.12570145903479238,28.6684,1,0,271,88,18.841927840022873,21.810868366106106,3.2270721599771264,0.2581316338938926
2022,8,Azerbaijan Grand Prix,Baku City Circuit,leclerc,9,1,23.212,ferrari,0,1,0.12570145903479238,28.6684,1,0,259,88,17.62006318913878,21.00268064354945,5.59193681086122,2.2093193564505498
2022,8,Azerbaijan Grand Prix,Baku City Circuit,maxverstappen,18,1,21.468,red_bull,0,1,0.12570145903479238,28.6684,1,0,292,88,17.54293291083217,20.686603278633662,3.925067089167829,0.7813967213663382
2022,8,Azerbaijan Grand Prix,Baku City Circuit,maxverstappen,33,2,20.722,red_bull,0,1,0.12570145903479238,28.6684,1,0,292,88,17.54293291083217,20.869784867894154,3.1790670891678303,-0.14778486789415268
2022,8,Azerbaijan Grand Prix,Baku City Circuit,mickschumacher,9,1,26.973,haas,0,1,0.12570145903479238,28.6684,1,0,272,88,18.99047757195452,22.234103166843926,7.982522428045478,4.738896833156073
2022,8,Azerbaijan Grand Prix,Baku City Circuit,mickschumacher,23,2,22.231,haas,0,1,0.12570145903479238,28.6684,1,0,272,88,18.99047757195452,22.416664256347765,3.2405224280454803,-0.1856642563477635
2022,8,Azerbaijan Grand Prix,Baku City Circuit,norris,20,1,21.443,mclaren,0,1,0.12570145903479238,28.6684,1,0,270,88,17.593658568548378,21.108538426314865,3.8493414314516237,0.33446157368513596
2022,8,Azerbaijan Grand Prix,Baku City Circuit,ocon,33,1,22.638,alpine,0,1,0.12570145903479238,28.6684,1,0,249,88,17.812415605336966,21.532426736269123,4.825584394663036,1.1055732637308786
2022,8,Azerbaijan Grand Prix,Baku City Circuit,perez,16,1,23.379,red_bull,0,1,0.12570145903479238,28.6684,1,0,292,88,17.54293291083217,20.685362279120366,5.83606708916783,2.693637720879636
2022,8,Azerbaijan Grand Prix,Baku City Circuit,perez,33,2,22.349,red_bull,0,1,0.12570145903479238,28.6684,1,0,292,88,17.54293291083217,20.869784867894154,4.806067089167829,1.4792151321058462
2022,8,Azerbaijan Grand Prix,Baku City Circuit,ricciardo,33,1,21.794,mclaren,0,1,0.12570145903479238,28.6684,1,0,270,88,17.593658568548378,21.116604923151293,4.200341431451623,0.6773950768487076
2022,8,Azerbaijan Grand Prix,Baku City Circuit,russell,9,1,20.538,mercedes,0,1,0.12570145903479238,28.6684,1,0,278,88,17.99109826151794,21.25280067508553,2.5469017384820596,-0.7148006750855309
2022,8,Azerbaijan Grand Prix,Baku City Circuit,russell,33,2,20.527,mercedes,0,1,0.12570145903479238,28.6684,1,0,278,88,17.99109826151794,21.441566762155855,2.5359017384820604,-0.9145667621558538
2022,8,Azerbaijan Grand Prix,Baku City Circuit,stroll,30,1,22.059,aston_martin,0,1,0.12570145903479238,28.6684,1,0,271,88,17.807958979157625,21.375896370543188,4.251041020842376,0.6831036294568129
2022,8,Azerbaijan Grand Prix,Baku City Circuit,tsunoda,9,1,23.083,alphatauri,0,1,0.12570145903479238,28.6684,1,0,202,88,17.330279238688323,21.137460787603466,5.752720761311675,1.9455392123965325
2022,8,Azerbaijan Grand Prix,Baku City Circuit,tsunoda,38,2,41.5,alphatauri,0,1,0.12570145903479238,28.6684,1,0,202,88,17.330279238688323,21.32932937345703,24.169720761311677,20.17067062654297
2022,8,Azerbaijan Grand Prix,Baku City Circuit,vettel,9,1,20.249,aston_martin,0,1,0.12570145903479238,28.6684,1,0,271,88,17.807958979157625,21.36286587565358,2.4410410208423734,-1.1138658756535804
2022,8,Azerbaijan Grand Prix,Baku City Circuit,zhou,9,1,23.001,alfa,0,1,0.12570145903479238,28.6684,1,0,194,88,17.786874445921978,21.523680392360422,5.214125554078024,1.4773196076395791
2022,9,Canadian Grand Prix,Circuit Gilles Villeneuve,albon,18,1,23.804,williams,0,1,0.16930379746835442,33.736599999999996,1,0,271,106,27.11604853619839,26.78740863192875,-3.312048536198393,-2.98340863192875
2022,9,Canadian Grand Prix,Circuit Gilles Villeneuve,albon,48,2,23.53,williams,0,1,0.16930379746835442,33.736599999999996,1,0,271,106,27.11604853619839,26.979897717538964,-3.5860485361983905,-3.4498977175389633
2022,9,Canadian Grand Prix,Circuit Gilles Villeneuve,alonso,28,1,23.779,alpine,0,1,0.16930379746835442,33.736599999999996,1,0,249,106,26.086536301512485,26.67911809646265,-2.307536301512485,-2.9001180964626485
2022,9,Canadian Grand Prix,Circuit Gilles Villeneuve,alonso,49,2,25.139,alpine,0,1,0.16930379746835442,33.736599999999996,1,0,249,106,26.086536301512485,26.866022684263026,-0.9475363015124856,-1.7270226842630265
2022,9,Canadian Grand Prix,Circuit Gilles Villeneuve,bottas,49,1,26.089,alfa,0,1,0.16930379746835442,33.736599999999996,1,0,194,106,26.060995142097493,26.69829424160311,0.02800485790250562,-0.6092942416031129
2022,9,Canadian Grand Prix,Circuit Gilles Villeneuve,gasly,5,1,23.557,alphatauri,0,1,0.16930379746835442,33.736599999999996,1,0,202,106,25.604399934863842,26.28477264755363,-2.0473999348638436,-2.727772647553632
2022,9,Canadian Grand Prix,Circuit Gilles Villeneuve,gasly,36,2,23.613,alphatauri,0,1,0.16930379746835442,33.736599999999996,1,0,202,106,25.604399934863842,26.477882232920496,-1.9913999348638427,-2.864882232920497
2022,9,Canadian Grand Prix,Circuit Gilles Villeneuve,hamilton,9,1,23.845,mercedes,0,1,0.16930379746835442,33.736599999999996,1,0,278,106,26.265218957693456,26.402594534062292,-2.420218957693457,-2.557594534062293
2022,9,Canadian Grand Prix,Circuit Gilles Villeneuve,hamilton,44,2,23.841,mercedes,0,1,0.16930379746835442,33.736599999999996,1,0,278,106,26.265218957693456,26.59818611845575,-2.424218957693455,-2.757186118455749
2022,9,Canadian Grand Prix,Circuit Gilles Villeneuve,kevinmagnussen,7,1,38.262,haas,0,1,0.16930379746835442,33.736599999999996,1,0,272,106,27.264598268130037,27.382656026307394,10.997401731869964,10.879343973692606
2022,9,Canadian Grand Prix,Circuit Gilles Villeneuve,latifi,9,1,24.02,williams,0,1,0.16930379746835442,33.736599999999996,1,0,271,106,27.11604853619839,26.781824134118914,-3.096048536198392,-2.761824134118914
2022,9,Canadian Grand Prix,Circuit Gilles Villeneuve,latifi,37,2,30.034,williams,0,1,0.16930379746835442,33.736599999999996,1,0,271,106,27.11604853619839,26.973072220215833,2.9179514638016073,3.0609277797841656
2022,9,Canadian Grand Prix,Circuit Gilles Villeneuve,leclerc,41,1,26.199,ferrari,0,1,0.16930379746835442,33.736599999999996,1,0,259,106,25.894183885314295,26.172330494738958,0.3048161146857069,0.026669505261043724
2022,9,Canadian Grand Prix,Circuit Gilles Villeneuve,maxverstappen,9,1,24.217,red_bull,0,1,0.16930379746835442,33.736599999999996,1,0,292,106,25.817053607007686,25.830812639800588,-1.6000536070076876,-1.6138126398005888
2022,9,Canadian Grand Prix,Circuit Gilles Villeneuve,maxverstappen,43,2,23.704,red_bull,0,1,0.16930379746835442,33.736599999999996,1,0,292,106,25.817053607007686,26.025783724437396,-2.1130536070076857,-2.3217837244373953
2022,9,Canadian Grand Prix,Circuit Gilles Villeneuve,norris,19,1,43.032,mclaren,0,1,0.16930379746835442,33.736599999999996,1,0,270,106,25.867779264723893,26.257711785534983,17.164220735276103,16.774288214465013
2022,9,Canadian Grand Prix,Circuit Gilles Villeneuve,norris,42,2,24.134,mclaren,0,1,0.16930379746835442,33.736599999999996,1,0,270,106,25.867779264723893,26.44585737284866,-1.7337792647238928,-2.31185737284866
2022,9,Canadian Grand Prix,Circuit Gilles Villeneuve,ocon,19,1,25.684,alpine,0,1,0.16930379746835442,33.736599999999996,1,0,249,106,26.086536301512485,26.673533598652817,-0.4025363015124839,-0.989533598652816
2022,9,Canadian Grand Prix,Circuit Gilles Villeneuve,ocon,49,2,23.945,alpine,0,1,0.16930379746835442,33.736599999999996,1,0,249,106,26.086536301512485,26.866022684263026,-2.1415363015124846,-2.9210226842630256
2022,9,Canadian Grand Prix,Circuit Gilles Villeneuve,ricciardo,19,1,27.937,mclaren,0,1,0.16930379746835442,33.736599999999996,1,0,270,106,25.867779264723893,26.257711785534983,2.069220735276108,1.6792882144650179
2022,9,Canadian Grand Prix,Circuit Gilles Villeneuve,ricciardo,49,2,24.833,mclaren,0,1,0.16930379746835442,33.736599999999996,1,0,270,106,25.867779264723893,26.450200871145196,-1.0347792647238947,-1.6172008711451973
2022,9,Canadian Grand Prix,Circuit Gilles Villeneuve,russell,19,1,23.951,mercedes,0,1,0.16930379746835442,33.736599999999996,1,0,278,106,26.265218957693456,26.408799531628777,-2.3142189576934555,-2.457799531628776
2022,9,Canadian Grand Prix,Circuit Gilles Villeneuve,russell,45,2,24.069,mercedes,0,1,0.16930379746835442,33.736599999999996,1,0,278,106,26.265218957693456,26.598806618212397,-2.196218957693457,-2.5298066182123975
2022,9,Canadian Grand Prix,Circuit Gilles Villeneuve,sainz,20,1,24.215,ferrari,0,1,0.16930379746835442,33.736599999999996,1,0,259,106,25.894183885314295,26.159299999849345,-1.6791838853142949,-1.9442999998493455
2022,9,Canadian Grand Prix,Circuit Gilles Villeneuve,sainz,49,2,24.881,ferrari,0,1,0.16930379746835442,33.736599999999996,1,0,259,106,25.894183885314295,26.35116858570291,-1.0131838853142945,-1.4701685857029112
2022,9,Canadian Grand Prix,Circuit Gilles Villeneuve,stroll,47,1,25.252,aston_martin,0,1,0.16930379746835442,33.736599999999996,1,0,271,106,26.08207967533314,26.536238725382972,-0.8300796753331419,-1.2842387253829735
2022,9,Canadian Grand Prix,Circuit Gilles Villeneuve,tsunoda,9,1,23.248,alphatauri,0,1,0.16930379746835442,33.736599999999996,1,0,202,106,25.604399934863842,26.287254646580223,-2.356399934863841,-3.039254646580222
2022,9,Canadian Grand Prix,Circuit Gilles Villeneuve,tsunoda,47,2,23.45,alphatauri,0,1,0.16930379746835442,33.736599999999996,1,0,202,106,25.604399934863842,26.484707730243624,-2.154399934863843,-3.0347077302436247
2022,9,Canadian Grand Prix,Circuit Gilles Villeneuve,vettel,5,1,23.406,aston_martin,0,1,0.16930379746835442,33.736599999999996,1,0,271,106,26.08207967533314,26.510177735603747,-2.676079675333142,-3.1041777356037485
2022,9,Canadian Grand Prix,Circuit Gilles Villeneuve,vettel,19,2,23.681,aston_martin,0,1,0.16930379746835442,33.736599999999996,1,0,271,106,26.08207967533314,26.692738825107593,-2.40107967533314,-3.0117388251075923
2022,9,Canadian Grand Prix,Circuit Gilles Villeneuve,zhou,19,1,24.281,alfa,0,1,0.16930379746835442,33.736599999999996,1,0,194,106,26.060995142097493,26.679679248903668,-1.7799951420974942,-2.398679248903669
2022,9,Canadian Grand Prix,Circuit Gilles Villeneuve,zhou,49,2,23.98,alfa,0,1,0.16930379746835442,33.736599999999996,1,0,194,106,26.060995142097493,26.87216833451388,-2.0809951420974926,-2.8921683345138796
2022,11,Austrian Grand Prix,Red Bull Ring,albon,11,1,22.301,williams,0,1,0.0649546827794562,27.61,1,0,271,192,23.098543412353578,23.165713972369584,-0.7975434123535798,-0.8647139723695858
2022,11,Austrian Grand Prix,Red Bull Ring,albon,41,2,22.122,williams,0,1,0.0649546827794562,27.61,1,0,271,192,23.098543412353578,23.358203057979797,-0.9765434123535783,-1.2362030579797967
2022,11,Austrian Grand Prix,Red Bull Ring,alonso,27,1,21.552,alpine,0,1,0.0649546827794562,27.61,1,0,249,192,22.069031177667675,23.061146435443373,-0.5170311776676755,-1.5091464354433732
2022,11,Austrian Grand Prix,Red Bull Ring,alonso,57,2,21.827,alpine,0,1,0.0649546827794562,27.61,1,0,249,192,22.069031177667675,23.253635521053585,-0.24203117766767335,-1.4266355210535835
2022,11,Austrian Grand Prix,Red Bull Ring,alonso,58,3,24.252,alpine,0,1,0.0649546827794562,27.61,1,0,249,192,22.069031177667675,23.703605554269053,2.182968822332324,0.5483944457309455
2022,11,Austrian Grand Prix,Red Bull Ring,bottas,6,1,24.677,alfa,0,1,0.0649546827794562,27.61,1,0,194,192,22.043490018252683,23.054261590804614,2.6335099817473164,1.6227384091953851
2022,11,Austrian Grand Prix,Red Bull Ring,bottas,39,2,22.278,alfa,0,1,0.0649546827794562,27.61,1,0,194,192,22.043490018252683,23.24861217568477,0.23450998174731552,-0.9706121756847708
2022,11,Austrian Grand Prix,Red Bull Ring,gasly,12,1,22.724,alphatauri,0,1,0.0649546827794562,27.61,1,0,202,192,21.586894811019032,22.671764984587547,1.1371051889809678,0.05223501541245312
2022,11,Austrian Grand Prix,Red Bull Ring,gasly,40,2,27.61,alphatauri,0,1,0.0649546827794562,27.61,1,0,202,192,21.586894811019032,22.863013070684463,6.023105188980967,4.746986929315536
2022,11,Austrian Grand Prix,Red Bull Ring,hamilton,28,1,23.026,mercedes,0,1,0.0649546827794562,27.61,1,0,278,192,22.24771383384865,22.797032868175982,0.77828616615135,0.2289671318240174
2022,11,Austrian Grand Prix,Red Bull Ring,hamilton,51,2,22.697,mercedes,0,1,0.0649546827794562,27.61,1,0,278,192,22.24771383384865,22.98517845548966,0.4492861661513494,-0.2881784554896605
2022,11,Austrian Grand Prix,Red Bull Ring,kevinmagnussen,15,1,22.205,haas,0,1,0.0649546827794562,27.61,1,0,272,192,23.247093144285227,23.77026886309795,-1.0420931442852286,-1.5652688630979519
2022,11,Austrian Grand Prix,Red Bull Ring,kevinmagnussen,41,2,22.088,haas,0,1,0.0649546827794562,27.61,1,0,272,192,23.247093144285227,23.96027594968157,-1.159093144285226,-1.872275949681569
2022,11,Austrian Grand Prix,Red Bull Ring,latifi,12,1,21.722,williams,0,1,0.0649546827794562,27.61,1,0,271,192,23.098543412353578,23.166334472126234,-1.376543412353577,-1.4443344721262328
2022,11,Austrian Grand Prix,Red Bull Ring,latifi,35,2,21.206,williams,0,1,0.0649546827794562,27.61,1,0,271,192,23.098543412353578,23.354480059439908,-1.8925434123535787,-2.1484800594399083
2022,11,Austrian Grand Prix,Red Bull Ring,leclerc,26,1,21.532,ferrari,0,1,0.0649546827794562,27.61,1,0,259,192,21.876678761469485,22.54567183712661,-0.34467876146948484,-1.0136718371266085
2022,11,Austrian Grand Prix,Red Bull Ring,leclerc,49,2,21.319,ferrari,0,1,0.0649546827794562,27.61,1,0,259,192,21.876678761469485,22.733817424440286,-0.5576787614694858,-1.4148174244402867
2022,11,Austrian Grand Prix,Red Bull Ring,leclerc,58,3,21.65,ferrari,0,1,0.0649546827794562,27.61,1,0,259,192,21.876678761469485,23.18875145570894,-0.2266787614694863,-1.5387514557089403
2022,11,Austrian Grand Prix,Red Bull Ring,maxverstappen,13,1,22.022,red_bull,0,1,0.0649546827794562,27.61,1,0,292,192,21.799548483162877,22.215943477564558,0.22245151683712194,-0.19394347756455943
2022,11,Austrian Grand Prix,Red Bull Ring,maxverstappen,36,2,21.444,red_bull,0,1,0.0649546827794562,27.61,1,0,292,192,21.799548483162877,22.404089064878235,-0.35554848316287746,-0.9600890648782361
2022,11,Austrian Grand Prix,Red Bull Ring,maxverstappen,58,3,21.319,red_bull,0,1,0.0649546827794562,27.61,1,0,292,192,21.799548483162877,22.867089592983316,-0.48054848316287746,-1.5480895929833167
2022,11,Austrian Grand Prix,Red Bull Ring,mickschumacher,16,1,22.12,haas,0,1,0.0649546827794562,27.61,1,0,272,192,23.247093144285227,23.7708893628546,-1.127093144285226,-1.650889362854599
2022,11,Austrian Grand Prix,Red Bull Ring,mickschumacher,43,2,22.88,haas,0,1,0.0649546827794562,27.61,1,0,272,192,23.247093144285227,23.96151694919487,-0.3670931442852279,-1.0815169491948708
2022,11,Austrian Grand Prix,Red Bull Ring,norris,14,1,22.684,mclaren,0,1,0.0649546827794562,27.61,1,0,270,192,21.850274140879083,22.637258125489115,0.8337258591209178,0.04674187451088585
2022,11,Austrian Grand Prix,Red Bull Ring,norris,43,2,27.324,mclaren,0,1,0.0649546827794562,27.61,1,0,270,192,21.850274140879083,22.829126711342678,5.473725859120918,4.494873288657324
2022,11,Austrian Grand Prix,Red Bull Ring,ocon,16,1,21.755,alpine,0,1,0.0649546827794562,27.61,1,0,249,192,22.069031177667675,23.05432093812024,-0.3140311776676761,-1.2993209381202426
2022,11,Austrian Grand Prix,Red Bull Ring,ocon,44,2,22.109,alpine,0,1,0.0649546827794562,27.61,1,0,249,192,22.069031177667675,23.24556902421716,0.03996882233232668,-1.1365690242171596
2022,11,Austrian Grand Prix,Red Bull Ring,ricciardo,12,1,21.356,mclaren,0,1,0.0649546827794562,27.61,1,0,270,192,21.850274140879083,22.63601712597582,-0.4942741408790816,-1.2800171259758173
2022,11,Austrian Grand Prix,Red Bull Ring,ricciardo,44,2,21.889,mclaren,0,1,0.0649546827794562,27.61,1,0,270,192,21.850274140879083,22.829747211099328,0.038725859120916084,-0.9407472110993282
2022,11,Austrian Grand Prix,Red Bull Ring,russell,11,1,38.201,mercedes,0,1,0.0649546827794562,27.61,1,0,278,192,22.24771383384865,22.786484372312962,15.95328616615135,15.414515627687038
2022,11,Austrian Grand Prix,Red Bull Ring,russell,40,2,21.731,mercedes,0,1,0.0649546827794562,27.61,1,0,278,192,22.24771383384865,22.97835295816653,-0.5167138338486481,-1.2473529581665268
2022,11,Austrian Grand Prix,Red Bull Ring,sainz,27,1,21.212,ferrari,0,1,0.0649546827794562,27.61,1,0,259,192,21.876678761469485,22.546292336883255,-0.6646787614694851,-1.334292336883255
2022,11,Austrian Grand Prix,Red Bull Ring,sainz,50,2,21.492,ferrari,0,1,0.0649546827794562,27.61,1,0,259,192,21.876678761469485,22.734437924196932,-0.384678761469484,-1.2424379241969312
2022,11,Austrian Grand Prix,Red Bull Ring,stroll,29,1,21.431,aston_martin,0,1,0.0649546827794562,27.61,1,0,271,192,22.06457455148833,22.907718568500677,-0.63357455148833,-1.4767185685006758
2022,11,Austrian Grand Prix,Red Bull Ring,stroll,48,2,21.952,aston_martin,0,1,0.0649546827794562,27.61,1,0,271,192,22.06457455148833,23.09338215678776,-0.11257455148832918,-1.1413821567877598
2022,11,Austrian Grand Prix,Red Bull Ring,tsunoda,26,1,21.749,alphatauri,0,1,0.0649546827794562,27.61,1,0,202,192,21.586894811019032,22.68045198118062,0.16210518898096637,-0.9314519811806221
2022,11,Austrian Grand Prix,Red Bull Ring,tsunoda,46,2,21.519,alphatauri,0,1,0.0649546827794562,27.61,1,0,202,192,21.586894811019032,22.866736069224352,-0.06789481101903405,-1.3477360692243536
2022,11,Austrian Grand Prix,Red Bull Ring,vettel,20,1,22.112,aston_martin,0,1,0.0649546827794562,27.61,1,0,271,192,22.06457455148833,22.90213407069085,0.04742544851166741,-0.7901340706908506
2022,11,Austrian Grand Prix,Red Bull Ring,vettel,44,2,21.583,aston_martin,0,1,0.0649546827794562,27.61,1,0,271,192,22.06457455148833,23.09090015776117,-0.4815745514883325,-1.5079001577611706
2022,11,Austrian Grand Prix,Red Bull Ring,zhou,24,1,22.704,alfa,0,1,0.0649546827794562,27.61,1,0,194,192,22.043490018252683,23.06543058642428,0.6605099817473175,-0.36143058642428016
2022,11,Austrian Grand Prix,Red Bull Ring,zhou,46,2,28.86,alfa,0,1,0.0649546827794562,27.61,1,0,194,192,22.043490018252683,23.252955673981308,6.816509981747316,5.607044326018691
2022,12,French Grand Prix,Circuit Paul Ricard,albon,18,1,37.38,williams,0,1,0.15762004175365343,44.25599999999999,1,0,271,47,35.557834767252345,35.19916063823518,1.8221652327476576,2.180839361764825
2022,12,French Grand Prix,Circuit Paul Ricard,alonso,18,1,36.524,alpine,0,1,0.15762004175365343,44.25599999999999,1,0,249,47,34.52832253256644,35.08466510520259,1.9956774674335591,1.4393348947974118
2022,12,French Grand Prix,Circuit Paul Ricard,bottas,18,1,37.855,alfa,0,1,0.15762004175365343,44.25599999999999,1,0,194,47,34.50278137315145,35.09081075545345,3.352218626848547,2.76418924454655
2022,12,French Grand Prix,Circuit Paul Ricard,bottas,36,2,36.52,alfa,0,1,0.15762004175365343,44.25599999999999,1,0,194,47,34.50278137315145,35.27585384398388,2.0172186268485532,1.2441461560161216
2022,12,French Grand Prix,Circuit Paul Ricard,gasly,18,1,35.969,alphatauri,0,1,0.15762004175365343,44.25599999999999,1,0,202,47,34.046186165917796,34.70459115069649,1.9228138340822056,1.2644088493035142
2022,12,French Grand Prix,Circuit Paul Ricard,hamilton,18,1,37.189,mercedes,0,1,0.15762004175365343,44.25599999999999,1,0,278,47,34.70700518874742,34.81993103817855,2.4819948112525836,2.3690689618214478
2022,12,French Grand Prix,Circuit Paul Ricard,kevinmagnussen,8,1,36.779,haas,0,1,0.15762004175365343,44.25599999999999,1,0,272,47,35.706384499184,35.795028532370466,1.0726155008160063,0.9839714676295372
2022,12,French Grand Prix,Circuit Paul Ricard,kevinmagnussen,18,2,36.403,haas,0,1,0.15762004175365343,44.25599999999999,1,0,272,47,35.706384499184,35.975107622847716,0.6966155008160015,0.4278923771522827
2022,12,French Grand Prix,Circuit Paul Ricard,latifi,19,1,37.497,williams,0,1,0.15762004175365343,44.25599999999999,1,0,271,47,35.557834767252345,35.19978113799182,1.939165232747655,2.2972188620081795
2022,12,French Grand Prix,Circuit Paul Ricard,latifi,38,2,36.942,williams,0,1,0.15762004175365343,44.25599999999999,1,0,271,47,35.557834767252345,35.385444726278905,1.3841652327476552,1.556555273721095
2022,12,French Grand Prix,Circuit Paul Ricard,maxverstappen,16,1,35.266,red_bull,0,1,0.15762004175365343,44.25599999999999,1,0,292,47,34.25883983806165,34.246908144403555,1.0071601619383515,1.019091855596443
2022,12,French Grand Prix,Circuit Paul Ricard,mickschumacher,9,1,36.704,haas,0,1,0.15762004175365343,44.25599999999999,1,0,272,47,35.706384499184,35.795649032127116,0.9976155008160035,0.9083509678728845
2022,12,French Grand Prix,Circuit Paul Ricard,mickschumacher,18,2,37.003,haas,0,1,0.15762004175365343,44.25599999999999,1,0,272,47,35.706384499184,35.975107622847716,1.296615500816003,1.027892377152284
2022,12,French Grand Prix,Circuit Paul Ricard,norris,18,1,37.539,mclaren,0,1,0.15762004175365343,44.25599999999999,1,0,270,47,34.30956549577785,34.66884329208476,3.229434504222148,2.8701567079152426
2022,12,French Grand Prix,Circuit Paul Ricard,ocon,18,1,44.747,alpine,0,1,0.15762004175365343,44.25599999999999,1,0,249,47,34.52832253256644,35.08466510520259,10.218677467433558,9.66233489479741
2022,12,French Grand Prix,Circuit Paul Ricard,perez,18,1,38.061,red_bull,0,1,0.15762004175365343,44.25599999999999,1,0,292,47,34.25883983806165,34.24814914391685,3.802160161938353,3.812850856083152
2022,12,French Grand Prix,Circuit Paul Ricard,ricciardo,18,1,36.264,mclaren,0,1,0.15762004175365343,44.25599999999999,1,0,270,47,34.30956549577785,34.66884329208476,1.9544345042221494,1.595156707915244
2022,12,French Grand Prix,Circuit Paul Ricard,russell,18,1,38.277,mercedes,0,1,0.15762004175365343,44.25599999999999,1,0,278,47,34.70700518874742,34.81993103817855,3.5699948112525846,3.4570689618214487
2022,12,French Grand Prix,Circuit Paul Ricard,sainz,18,1,41.458,ferrari,0,1,0.15762004175365343,44.25599999999999,1,0,259,47,34.33597011636825,34.56981100664248,7.122029883631747,6.888188993357517
2022,12,French Grand Prix,Circuit Paul Ricard,sainz,42,2,42.292,ferrari,0,1,0.15762004175365343,44.25599999999999,1,0,259,47,34.33597011636825,34.7585770937128,7.95602988363175,7.5334229062872
2022,12,French Grand Prix,Circuit Paul Ricard,stroll,18,1,39.844,aston_martin,0,1,0.15762004175365343,44.25599999999999,1,0,271,47,34.5238659063871,34.929996238746604,5.3201340936129,4.914003761253397
2022,12,French Grand Prix,Circuit Paul Ricard,tsunoda,11,1,37.648,alphatauri,0,1,0.15762004175365343,44.25599999999999,1,0,202,47,34.046186165917796,34.70024765239995,3.6018138340822077,2.9477523476000513
2022,12,French Grand Prix,Circuit Paul Ricard,vettel,19,1,36.671,aston_martin,0,1,0.15762004175365343,44.25599999999999,1,0,271,47,34.5238659063871,34.93061673850325,2.147134093612898,1.7403832614967527
2022,12,French Grand Prix,Circuit Paul Ricard,zhou,9,1,36.444,alfa,0,1,0.15762004175365343,44.25599999999999,1,0,194,47,34.50278137315145,35.08522625764361,1.9412186268485527,1.3587737423563908
2022,12,French Grand Prix,Circuit Paul Ricard,zhou,22,2,50.79,alfa,0,1,0.15762004175365343,44.25599999999999,1,0,194,47,34.50278137315145,35.26716684739081,16.28721862684855,15.522833152609188
2022,13,Hungarian Grand Prix,Hungaroring,albon,2,1,31.224,williams,0,1,0.128705712219812,28.749049999999997,1,0,271,133,20.774447420369427,23.21741376969822,10.449552579630573,8.006586230301782
2022,13,Hungarian Grand Prix,Hungaroring,albon,21,2,21.816,williams,0,1,0.128705712219812,28.749049999999997,1,0,271,133,20.774447420369427,23.403077357985303,1.0415525796305722,-1.5870773579853044
2022,13,Hungarian Grand Prix,Hungaroring,albon,40,3,24.298,williams,0,1,0.128705712219812,28.749049999999997,1,0,271,133,20.774447420369427,23.864216386820438,3.5235525796305716,0.4337836131795605
2022,13,Hungarian Grand Prix,Hungaroring,alonso,21,1,22.083,alpine,0,1,0.128705712219812,28.749049999999997,1,0,249,133,19.744935185683524,23.11470773204195,2.338064814316475,-1.0317077320419514
2022,13,Hungarian Grand Prix,Hungaroring,bottas,26,1,22.272,alfa,0,1,0.128705712219812,28.749049999999997,1,0,194,133,19.71939402626853,23.123955881076043,2.552605973731467,-0.8519558810760444
2022,13,Hungarian Grand Prix,Hungaroring,gasly,16,1,21.675,alphatauri,0,1,0.128705712219812,28.749049999999997,1,0,202,133,19.262798819034877,22.731531278752602,2.4122011809651234,-1.0565312787526011
2022,13,Hungarian Grand Prix,Hungaroring,gasly,46,2,21.489,alphatauri,0,1,0.128705712219812,28.749049999999997,1,0,202,133,19.262798819034877,22.924020364362818,2.2262011809651234,-1.435020364362817
2022,13,Hungarian Grand Prix,Hungaroring,hamilton,19,1,21.699,mercedes,0,1,0.128705712219812,28.749049999999997,1,0,278,133,19.923617841864495,22.848732665504613,1.775382158135507,-1.1497326655046116
2022,13,Hungarian Grand Prix,Hungaroring,hamilton,51,2,22.095,mercedes,0,1,0.128705712219812,28.749049999999997,1,0,278,133,19.923617841864495,23.042462750628125,2.171382158135504,-0.9474627506281266
2022,13,Hungarian Grand Prix,Hungaroring,kevinmagnussen,6,1,29.641,haas,0,1,0.128705712219812,28.749049999999997,1,0,272,133,20.922997152301075,23.821968660426585,8.718002847698923,5.819031339573414
2022,13,Hungarian Grand Prix,Hungaroring,kevinmagnussen,35,2,23.21,haas,0,1,0.128705712219812,28.749049999999997,1,0,272,133,20.922997152301075,24.013837246280147,2.2870028476989255,-0.8038372462801462
2022,13,Hungarian Grand Prix,Hungaroring,kevinmagnussen,67,3,23.147,haas,0,1,0.128705712219812,28.749049999999997,1,0,272,133,20.922997152301075,24.483042771951713,2.224002847698923,-1.336042771951714
2022,13,Hungarian Grand Prix,Hungaroring,latifi,18,1,21.865,williams,0,1,0.128705712219812,28.749049999999997,1,0,271,133,20.774447420369427,23.22734176580459,1.0905525796305717,-1.3623417658045902
2022,13,Hungarian Grand Prix,Hungaroring,latifi,39,2,22.452,williams,0,1,0.128705712219812,28.749049999999997,1,0,271,133,20.774447420369427,23.41424635360497,1.677552579630575,-0.9622463536049679
2022,13,Hungarian Grand Prix,Hungaroring,latifi,56,3,28.777,williams,0,1,0.128705712219812,28.749049999999997,1,0,271,133,20.774447420369427,23.874144382926808,8.002552579630574,4.902855617073193
2022,13,Hungarian Grand Prix,Hungaroring,leclerc,21,1,21.775,ferrari,0,1,0.128705712219812,28.749049999999997,1,0,259,133,19.552582769485333,22.599853633481835,2.222417230514665,-0.8248536334818368
2022,13,Hungarian Grand Prix,Hungaroring,leclerc,39,2,21.972,ferrari,0,1,0.128705712219812,28.749049999999997,1,0,259,133,19.552582769485333,22.78489672201227,2.419417230514668,-0.8128967220122689
2022,13,Hungarian Grand Prix,Hungaroring,leclerc,54,3,21.544,ferrari,0,1,0.128705712219812,28.749049999999997,1,0,259,133,19.552582769485333,23.243553751820812,1.9914172305146671,-1.6995537518208117
2022,13,Hungarian Grand Prix,Hungaroring,maxverstappen,16,1,21.351,red_bull,0,1,0.128705712219812,28.749049999999997,1,0,292,133,19.475452491178725,22.275089271972966,1.875547508821274,-0.9240892719729672
2022,13,Hungarian Grand Prix,Hungaroring,maxverstappen,38,2,21.228,red_bull,0,1,0.128705712219812,28.749049999999997,1,0,292,133,19.475452491178725,22.462614359529994,1.7525475088212765,-1.234614359529992
2022,13,Hungarian Grand Prix,Hungaroring,mickschumacher,21,1,22.953,haas,0,1,0.128705712219812,28.749049999999997,1,0,272,133,20.922997152301075,23.83127615677631,2.030002847698924,-0.8782761567763089
2022,13,Hungarian Grand Prix,Hungaroring,mickschumacher,41,2,22.566,haas,0,1,0.128705712219812,28.749049999999997,1,0,272,133,20.922997152301075,24.01756024482004,1.6430028476989236,-1.4515602448200404
2022,13,Hungarian Grand Prix,Hungaroring,norris,14,1,23.567,mclaren,0,1,0.128705712219812,28.749049999999997,1,0,270,133,19.52617814889493,22.69454242062758,4.040821851105068,0.8724575793724192
2022,13,Hungarian Grand Prix,Hungaroring,norris,42,2,21.855,mclaren,0,1,0.128705712219812,28.749049999999997,1,0,270,133,19.52617814889493,22.885790506724497,2.3288218511050687,-1.0307905067244967
2022,13,Hungarian Grand Prix,Hungaroring,ocon,23,1,23.581,alpine,0,1,0.128705712219812,28.749049999999997,1,0,249,133,19.744935185683524,23.115948731555246,3.836064814316476,0.4650512684447534
2022,13,Hungarian Grand Prix,Hungaroring,perez,18,1,21.118,red_bull,0,1,0.128705712219812,28.749049999999997,1,0,292,133,19.475452491178725,22.276330271486263,1.6425475088212735,-1.158330271486264
2022,13,Hungarian Grand Prix,Hungaroring,perez,42,2,21.167,red_bull,0,1,0.128705712219812,28.749049999999997,1,0,292,133,19.475452491178725,22.465096358556586,1.6915475088212766,-1.2980963585565846
2022,13,Hungarian Grand Prix,Hungaroring,ricciardo,15,1,21.558,mclaren,0,1,0.128705712219812,28.749049999999997,1,0,270,133,19.52617814889493,22.69516292038423,2.031821851105068,-1.137162920384231
2022,13,Hungarian Grand Prix,Hungaroring,ricciardo,46,2,21.521,mclaren,0,1,0.128705712219812,28.749049999999997,1,0,270,133,19.52617814889493,22.88827250575109,1.994821851105069,-1.3672725057510888
2022,13,Hungarian Grand Prix,Hungaroring,russell,16,1,22.763,mercedes,0,1,0.128705712219812,28.749049999999997,1,0,278,133,19.923617841864495,22.84687116623467,2.839382158135507,-0.08387116623466895
2022,13,Hungarian Grand Prix,Hungaroring,russell,39,2,21.743,mercedes,0,1,0.128705712219812,28.749049999999997,1,0,278,133,19.923617841864495,23.035016753548348,1.8193821581355039,-1.2920167535483493
2022,13,Hungarian Grand Prix,Hungaroring,sainz,17,1,22.82,ferrari,0,1,0.128705712219812,28.749049999999997,1,0,259,133,19.552582769485333,22.597371634455243,3.267417230514667,0.2226283655447574
2022,13,Hungarian Grand Prix,Hungaroring,sainz,47,2,23.456,ferrari,0,1,0.128705712219812,28.749049999999997,1,0,259,133,19.552582769485333,22.789860720065455,3.903417230514666,0.6661392799345442
2022,13,Hungarian Grand Prix,Hungaroring,stroll,14,1,21.779,aston_martin,0,1,0.128705712219812,28.749049999999997,1,0,271,133,19.74047855950418,22.955695367289422,2.0385214404958205,-1.1766953672894225
2022,13,Hungarian Grand Prix,Hungaroring,stroll,46,2,21.615,aston_martin,0,1,0.128705712219812,28.749049999999997,1,0,271,133,19.74047855950418,23.149425452412935,1.874521440495819,-1.5344254524129362
2022,13,Hungarian Grand Prix,Hungaroring,tsunoda,13,1,21.577,alphatauri,0,1,0.128705712219812,28.749049999999997,1,0,202,133,19.262798819034877,22.72966977948266,2.3142011809651244,-1.1526697794826575
2022,13,Hungarian Grand Prix,Hungaroring,tsunoda,33,2,22.016,alphatauri,0,1,0.128705712219812,28.749049999999997,1,0,202,133,19.262798819034877,22.91595386752639,2.753201180965121,-0.8999538675263921
2022,13,Hungarian Grand Prix,Hungaroring,tsunoda,51,3,22.128,alphatauri,0,1,0.128705712219812,28.749049999999997,1,0,202,133,19.262798819034877,23.37647239660488,2.8652011809651228,-1.2484723966048783
2022,13,Hungarian Grand Prix,Hungaroring,vettel,15,1,21.402,aston_martin,0,1,0.128705712219812,28.749049999999997,1,0,271,133,19.74047855950418,22.95631586704607,1.6615214404958216,-1.5543158670460677
2022,13,Hungarian Grand Prix,Hungaroring,vettel,46,2,25.03,aston_martin,0,1,0.128705712219812,28.749049999999997,1,0,271,133,19.74047855950418,23.149425452412935,5.289521440495822,1.8805745475870665
2022,13,Hungarian Grand Prix,Hungaroring,zhou,27,1,22.321,alfa,0,1,0.128705712219812,28.749049999999997,1,0,194,133,19.71939402626853,23.124576380832693,2.60160597373147,-0.8035763808326912
2022,13,Hungarian Grand Prix,Hungaroring,zhou,51,2,28.218,alfa,0,1,0.128705712219812,28.749049999999997,1,0,194,133,19.71939402626853,23.313342467903016,8.498605973731468,4.904657532096984
2022,14,Belgian Grand Prix,Circuit de Spa-Francorchamps,albon,10,1,23.334,williams,0,1,0.1148989898989899,27.301,1,0,271,109,24.31014353425072,24.1966142918905,-0.9761435342507205,-0.8626142918905018
2022,14,Belgian Grand Prix,Circuit de Spa-Francorchamps,albon,26,2,24.415,williams,0,1,0.1148989898989899,27.301,1,0,271,109,24.31014353425072,24.38041638090764,0.10485646574927898,0.034583619092359186
2022,14,Belgian Grand Prix,Circuit de Spa-Francorchamps,alonso,11,1,22.641,alpine,0,1,0.1148989898989899,27.301,1,0,249,109,23.280631299564817,24.082739258614566,-0.6396312995648188,-1.441739258614568
2022,14,Belgian Grand Prix,Circuit de Spa-Francorchamps,alonso,25,2,23.954,alpine,0,1,0.1148989898989899,27.301,1,0,249,109,23.280631299564817,24.26530034811841,0.6733687004351836,-0.311300348118408
2022,14,Belgian Grand Prix,Circuit de Spa-Francorchamps,gasly,10,1,22.857,alphatauri,0,1,0.1148989898989899,27.301,1,0,202,109,22.798494932916174,23.702044804351814,0.05850506708382497,-0.8450448043518151
2022,14,Belgian Grand Prix,Circuit de Spa-Francorchamps,gasly,22,2,22.542,alphatauri,0,1,0.1148989898989899,27.301,1,0,202,109,22.798494932916174,23.88336489434236,-0.25649493291617276,-1.3413648943423588
2022,14,Belgian Grand Prix,Circuit de Spa-Francorchamps,kevinmagnussen,11,1,26.815,haas,0,1,0.1148989898989899,27.301,1,0,272,109,24.45869326618237,24.79930768334892,2.3563067338176324,2.01569231665108
2022,14,Belgian Grand Prix,Circuit de Spa-Francorchamps,kevinmagnussen,27,2,23.396,haas,0,1,0.1148989898989899,27.301,1,0,272,109,24.45869326618237,24.98310977236606,-1.062693266182368,-1.587109772366059
2022,14,Belgian Grand Prix,Circuit de Spa-Francorchamps,latifi,3,1,35.825,williams,0,1,0.1148989898989899,27.301,1,0,271,109,24.31014353425072,24.192270793593963,11.514856465749283,11.63272920640604
2022,14,Belgian Grand Prix,Circuit de Spa-Francorchamps,latifi,15,2,24.168,williams,0,1,0.1148989898989899,27.301,1,0,271,109,24.31014353425072,24.37359088358451,-0.1421435342507209,-0.2055908835845095
2022,14,Belgian Grand Prix,Circuit de Spa-Francorchamps,latifi,34,3,23.414,williams,0,1,0.1148989898989899,27.301,1,0,271,109,24.31014353425072,24.834729912419643,-0.8961435342507187,-1.4207299124196417
2022,14,Belgian Grand Prix,Circuit de Spa-Francorchamps,leclerc,3,1,24.198,ferrari,0,1,0.1148989898989899,27.301,1,0,259,109,23.088278883366627,23.562921162001263,1.1097211166333736,0.6350788379987371
2022,14,Belgian Grand Prix,Circuit de Spa-Francorchamps,leclerc,25,2,23.189,ferrari,0,1,0.1148989898989899,27.301,1,0,259,109,23.088278883366627,23.750446249558294,0.10072111663337324,-0.5614462495582941
2022,14,Belgian Grand Prix,Circuit de Spa-Francorchamps,leclerc,42,3,23.334,ferrari,0,1,0.1148989898989899,27.301,1,0,259,109,23.088278883366627,24.210344278880132,0.24572111663337282,-0.8763442788801328
2022,14,Belgian Grand Prix,Circuit de Spa-Francorchamps,maxverstappen,15,1,22.882,red_bull,0,1,0.1148989898989899,27.301,1,0,292,109,23.01114860506002,23.248705296355418,-0.12914860506001702,-0.36670529635541627
2022,14,Belgian Grand Prix,Circuit de Spa-Francorchamps,maxverstappen,30,2,22.322,red_bull,0,1,0.1148989898989899,27.301,1,0,292,109,23.01114860506002,23.43188688561591,-0.6891486050600193,-1.1098868856159108
2022,14,Belgian Grand Prix,Circuit de Spa-Francorchamps,mickschumacher,14,1,24.158,haas,0,1,0.1148989898989899,27.301,1,0,272,109,24.45869326618237,24.801169182618867,-0.3006932661823676,-0.6431691826188661
2022,14,Belgian Grand Prix,Circuit de Spa-Francorchamps,mickschumacher,30,2,24.982,haas,0,1,0.1148989898989899,27.301,1,0,272,109,24.45869326618237,24.984971271636006,0.5233067338176305,-0.002971271636006634
2022,14,Belgian Grand Prix,Circuit de Spa-Francorchamps,norris,13,1,23.036,mclaren,0,1,0.1148989898989899,27.301,1,0,270,109,23.061874262776225,23.66815844501003,-0.025874262776223844,-0.6321584450100275
2022,14,Belgian Grand Prix,Circuit de Spa-Francorchamps,norris,29,2,23.56,mclaren,0,1,0.1148989898989899,27.301,1,0,270,109,23.061874262776225,23.851960534027167,0.4981257372237735,-0.2919605340271687
2022,14,Belgian Grand Prix,Circuit de Spa-Francorchamps,ocon,12,1,23.511,alpine,0,1,0.1148989898989899,27.301,1,0,249,109,23.280631299564817,24.083359758371213,0.2303687004351822,-0.5723597583712134
2022,14,Belgian Grand Prix,Circuit de Spa-Francorchamps,ocon,32,2,23.491,alpine,0,1,0.1148989898989899,27.301,1,0,249,109,23.280631299564817,24.269643846414944,0.21036870043518263,-0.7786438464149441
2022,14,Belgian Grand Prix,Circuit de Spa-Francorchamps,perez,14,1,22.349,red_bull,0,1,0.1148989898989899,27.301,1,0,292,109,23.01114860506002,23.24808479659877,-0.6621486050600183,-0.8990847965987712
2022,14,Belgian Grand Prix,Circuit de Spa-Francorchamps,perez,27,2,22.65,red_bull,0,1,0.1148989898989899,27.301,1,0,292,109,23.01114860506002,23.430025386345964,-0.3611486050600199,-0.7800253863459652
2022,14,Belgian Grand Prix,Circuit de Spa-Francorchamps,ricciardo,12,1,23.085,mclaren,0,1,0.1148989898989899,27.301,1,0,270,109,23.061874262776225,23.667537945253383,0.023125737223775644,-0.5825379452533817
2022,14,Belgian Grand Prix,Circuit de Spa-Francorchamps,ricciardo,32,2,23.146,mclaren,0,1,0.1148989898989899,27.301,1,0,270,109,23.061874262776225,23.853822033297114,0.08412573722377559,-0.7078220332971128
2022,14,Belgian Grand Prix,Circuit de Spa-Francorchamps,russell,13,1,22.825,mercedes,0,1,0.1148989898989899,27.301,1,0,278,109,23.45931395574579,23.819246191103822,-0.6343139557457924,-0.994246191103823
2022,14,Belgian Grand Prix,Circuit de Spa-Francorchamps,russell,29,2,22.977,mercedes,0,1,0.1148989898989899,27.301,1,0,278,109,23.45931395574579,24.00304828012096,-0.4823139557457914,-1.0260482801209605
2022,14,Belgian Grand Prix,Circuit de Spa-Francorchamps,sainz,11,1,22.543,ferrari,0,1,0.1148989898989899,27.301,1,0,259,109,23.088278883366627,23.56788516005445,-0.5452788833666276,-1.024885160054449
2022,14,Belgian Grand Prix,Circuit de Spa-Francorchamps,sainz,25,2,22.75,ferrari,0,1,0.1148989898989899,27.301,1,0,259,109,23.088278883366627,23.750446249558294,-0.3382788833666268,-1.0004462495582942
2022,14,Belgian Grand Prix,Circuit de Spa-Francorchamps,stroll,15,1,23.555,aston_martin,0,1,0.1148989898989899,27.301,1,0,271,109,23.276174673385473,23.930552391185167,0.27882532661452686,-0.3755523911851668
2022,14,Belgian Grand Prix,Circuit de Spa-Francorchamps,stroll,26,2,23.349,aston_martin,0,1,0.1148989898989899,27.301,1,0,271,109,23.276174673385473,24.111251981419066,0.07282532661452734,-0.762251981419066
2022,14,Belgian Grand Prix,Circuit de Spa-Francorchamps,tsunoda,18,1,30.055,alphatauri,0,1,0.1148989898989899,27.301,1,0,202,109,22.798494932916174,23.707008802405,7.256505067083825,6.347991197595
2022,14,Belgian Grand Prix,Circuit de Spa-Francorchamps,tsunoda,30,2,24.253,alphatauri,0,1,0.1148989898989899,27.301,1,0,202,109,22.798494932916174,23.888328892395545,1.4545050670838258,0.36467110760445465
2022,14,Belgian Grand Prix,Circuit de Spa-Francorchamps,vettel,14,1,23.222,aston_martin,0,1,0.1148989898989899,27.301,1,0,271,109,23.276174673385473,23.929931891428524,-0.05417467338547155,-0.7079318914285224
2022,14,Belgian Grand Prix,Circuit de Spa-Francorchamps,vettel,33,2,22.833,aston_martin,0,1,0.1148989898989899,27.301,1,0,271,109,23.276174673385473,24.1155954797156,-0.44317467338547445,-1.282595479715603
2022,14,Belgian Grand Prix,Circuit de Spa-Francorchamps,zhou,14,1,23.744,alfa,0,1,0.1148989898989899,27.301,1,0,194,109,23.255090140149825,24.090746408135363,0.48890985985017466,-0.3467464081353633
2022,14,Belgian Grand Prix,Circuit de Spa-Francorchamps,zhou,28,2,23.364,alfa,0,1,0.1148989898989899,27.301,1,0,194,109,23.255090140149825,24.273307497639205,0.10890985985017565,-0.9093074976392046
2022,15,Dutch Grand Prix,Circuit Park Zandvoort,albon,21,1,19.325,williams,0,1,0.1853448275862069,24.485350000000004,1,0,271,144,18.79130054190977,21.562304260282417,0.5336994580902292,-2.237304260282418
2022,15,Dutch Grand Prix,Circuit Park Zandvoort,albon,42,2,19.911,williams,0,1,0.1853448275862069,24.485350000000004,1,0,271,144,18.79130054190977,21.749208848082798,1.1196994580902313,-1.8382088480827967
2022,15,Dutch Grand Prix,Circuit Park Zandvoort,albon,55,3,20.508,williams,0,1,0.1853448275862069,24.485350000000004,1,0,271,144,18.79130054190977,22.206624878378044,1.716699458090229,-1.6986248783780447
2022,15,Dutch Grand Prix,Circuit Park Zandvoort,albon,56,4,14.114,williams,0,1,0.1853448275862069,24.485350000000004,0,0,271,144,18.79130054190977,7.090181616189906,-4.677300541909769,7.023818383810095
2022,15,Dutch Grand Prix,Circuit Park Zandvoort,alonso,12,1,19.578,alpine,0,1,0.1853448275862069,24.485350000000004,1,0,249,144,17.761788307223867,21.44222422944,1.8162116927761325,-1.8642242294400013
2022,15,Dutch Grand Prix,Circuit Park Zandvoort,alonso,47,2,21.501,alpine,0,1,0.1853448275862069,24.485350000000004,1,0,249,144,17.761788307223867,21.637815813833456,3.7392116927761343,-0.13681581383345431
2022,15,Dutch Grand Prix,Circuit Park Zandvoort,alonso,57,3,15.762,alpine,0,1,0.1853448275862069,24.485350000000004,1,0,249,144,17.761788307223867,22.09337034485876,-1.9997883072238665,-6.331370344858758
2022,15,Dutch Grand Prix,Circuit Park Zandvoort,bottas,16,1,19.741,alfa,0,1,0.1853448275862069,24.485350000000004,1,0,194,144,17.736247147808875,21.450851878717447,2.0047528521911246,-1.7098518787174477
2022,15,Dutch Grand Prix,Circuit Park Zandvoort,bottas,34,2,21.049,alfa,0,1,0.1853448275862069,24.485350000000004,1,0,194,144,17.736247147808875,21.635894967247882,3.3127528521911245,-0.5868949672478827
2022,15,Dutch Grand Prix,Circuit Park Zandvoort,gasly,11,1,18.789,alphatauri,0,1,0.1853448275862069,24.485350000000004,1,0,202,144,17.27965194057522,21.061529775177245,1.5093480594247808,-2.2725297751772437
2022,15,Dutch Grand Prix,Circuit Park Zandvoort,gasly,32,2,18.7,alphatauri,0,1,0.1853448275862069,24.485350000000004,1,0,202,144,17.27965194057522,21.248434362977626,1.4203480594247786,-2.548434362977627
2022,15,Dutch Grand Prix,Circuit Park Zandvoort,gasly,56,3,18.572,alphatauri,0,1,0.1853448275862069,24.485350000000004,1,0,202,144,17.27965194057522,21.712675890596,1.2923480594247785,-3.1406758905960004
2022,15,Dutch Grand Prix,Circuit Park Zandvoort,gasly,57,4,13.973,alphatauri,0,1,0.1853448275862069,24.485350000000004,0,0,202,144,17.27965194057522,6.596232628407865,-3.30665194057522,7.376767371592136
2022,15,Dutch Grand Prix,Circuit Park Zandvoort,hamilton,29,1,19.046,mercedes,0,1,0.1853448275862069,24.485350000000004,1,0,278,144,17.940470963404838,21.18803865827898,1.1055290365951613,-2.142038658278981
2022,15,Dutch Grand Prix,Circuit Park Zandvoort,hamilton,48,2,19.164,mercedes,0,1,0.1853448275862069,24.485350000000004,1,0,278,144,17.940470963404838,21.373702246566065,1.2235290365951634,-2.2097022465660636
2022,15,Dutch Grand Prix,Circuit Park Zandvoort,hamilton,57,3,14.155,mercedes,0,1,0.1853448275862069,24.485350000000004,0,0,278,144,17.940470963404838,5.227705022504455,-3.7854709634048387,8.927294977495546
2022,15,Dutch Grand Prix,Circuit Park Zandvoort,kevinmagnussen,14,1,20.785,haas,0,1,0.1853448275862069,24.485350000000004,1,0,272,144,18.93985027384142,22.160033653687652,1.8451497261585814,-1.3750336536876517
2022,15,Dutch Grand Prix,Circuit Park Zandvoort,kevinmagnussen,34,2,23.71,haas,0,1,0.1853448275862069,24.485350000000004,1,0,272,144,18.93985027384142,22.346317741731387,4.770149726158582,1.3636822582686143
2022,15,Dutch Grand Prix,Circuit Park Zandvoort,kevinmagnussen,47,3,23.663,haas,0,1,0.1853448275862069,24.485350000000004,1,0,272,144,18.93985027384142,22.803733772026632,4.7231497261585815,0.859266227973368
2022,15,Dutch Grand Prix,Circuit Park Zandvoort,kevinmagnussen,56,4,14.175,haas,0,1,0.1853448275862069,24.485350000000004,0,0,272,144,18.93985027384142,7.692254507891678,-4.764850273841418,6.4827454921083225
2022,15,Dutch Grand Prix,Circuit Park Zandvoort,latifi,13,1,20.284,williams,0,1,0.1853448275862069,24.485350000000004,1,0,271,144,18.79130054190977,21.557340262229232,1.4926994580902289,-1.2733402622292331
2022,15,Dutch Grand Prix,Circuit Park Zandvoort,latifi,26,2,20.733,williams,0,1,0.1853448275862069,24.485350000000004,1,0,271,144,18.79130054190977,21.739280851976428,1.9416994580902305,-1.0062808519764275
2022,15,Dutch Grand Prix,Circuit Park Zandvoort,latifi,54,3,20.051,williams,0,1,0.1853448275862069,24.485350000000004,1,0,271,144,18.79130054190977,22.206004378621397,1.2596994580902283,-2.155004378621399
2022,15,Dutch Grand Prix,Circuit Park Zandvoort,latifi,55,4,14.459,williams,0,1,0.1853448275862069,24.485350000000004,0,0,271,144,18.79130054190977,7.0895611164332575,-4.33230054190977,7.369438883566742
2022,15,Dutch Grand Prix,Circuit Park Zandvoort,leclerc,17,1,19.08,ferrari,0,1,0.1853448275862069,24.485350000000004,1,0,259,144,17.569435891025677,20.930472629663125,1.5105641089743216,-1.8504726296631269
2022,15,Dutch Grand Prix,Circuit Park Zandvoort,leclerc,45,2,19.084,ferrari,0,1,0.1853448275862069,24.485350000000004,1,0,259,144,17.569435891025677,21.12172071576004,1.514564108974323,-2.0377207157600417
2022,15,Dutch Grand Prix,Circuit Park Zandvoort,leclerc,56,3,19.576,ferrari,0,1,0.1853448275862069,24.485350000000004,1,0,259,144,17.569435891025677,21.577895746541994,2.006564108974324,-2.0018957465419938
2022,15,Dutch Grand Prix,Circuit Park Zandvoort,leclerc,57,4,14.008,ferrari,0,1,0.1853448275862069,24.485350000000004,0,0,259,144,17.569435891025677,6.461452484353855,-3.5614358910256776,7.546547515646144
2022,15,Dutch Grand Prix,Circuit Park Zandvoort,maxverstappen,18,1,19.634,red_bull,0,1,0.1853448275862069,24.485350000000004,1,0,292,144,17.49230561271907,20.609431266694145,2.141694387280932,-0.9754312666941445
2022,15,Dutch Grand Prix,Circuit Park Zandvoort,maxverstappen,48,2,19.61,red_bull,0,1,0.1853448275862069,24.485350000000004,1,0,292,144,17.49230561271907,20.80192035230436,2.117694387280931,-1.1919203523043613
2022,15,Dutch Grand Prix,Circuit Park Zandvoort,maxverstappen,56,3,19.655,red_bull,0,1,0.1853448275862069,24.485350000000004,1,0,292,144,17.49230561271907,21.256233883816364,2.1626943872809328,-1.601233883816363
2022,15,Dutch Grand Prix,Circuit Park Zandvoort,maxverstappen,57,4,14.113,red_bull,0,1,0.1853448275862069,24.485350000000004,0,0,292,144,17.49230561271907,6.139790621628229,-3.379305612719069,7.97320937837177
2022,15,Dutch Grand Prix,Circuit Park Zandvoort,mickschumacher,13,1,26.813,haas,0,1,0.1853448275862069,24.485350000000004,1,0,272,144,18.93985027384142,22.159413153931006,7.87314972615858,4.653586846068993
2022,15,Dutch Grand Prix,Circuit Park Zandvoort,mickschumacher,33,2,21.814,haas,0,1,0.1853448275862069,24.485350000000004,1,0,272,144,18.93985027384142,22.345697241974737,2.8741497261585813,-0.5316972419747366
2022,15,Dutch Grand Prix,Circuit Park Zandvoort,mickschumacher,47,3,20.283,haas,0,1,0.1853448275862069,24.485350000000004,1,0,272,144,18.93985027384142,22.803733772026632,1.3431497261585825,-2.520733772026631
2022,15,Dutch Grand Prix,Circuit Park Zandvoort,mickschumacher,56,4,14.144,haas,0,1,0.1853448275862069,24.485350000000004,0,0,272,144,18.93985027384142,7.692254507891678,-4.795850273841419,6.451745492108322
2022,15,Dutch Grand Prix,Circuit Park Zandvoort,norris,17,1,19.303,mclaren,0,1,0.1853448275862069,24.485350000000004,1,0,270,144,17.543031270435275,21.02950491510541,1.7599687295647257,-1.7265049151054086
2022,15,Dutch Grand Prix,Circuit Park Zandvoort,norris,47,2,21.117,mclaren,0,1,0.1853448275862069,24.485350000000004,1,0,270,144,17.543031270435275,21.221994000715625,3.5739687295647258,-0.10499400071562448
2022,15,Dutch Grand Prix,Circuit Park Zandvoort,norris,57,3,21.264,mclaren,0,1,0.1853448275862069,24.485350000000004,1,0,270,144,17.543031270435275,21.677548531740925,3.7209687295647242,-0.41354853174092554
2022,15,Dutch Grand Prix,Circuit Park Zandvoort,ocon,18,1,19.455,alpine,0,1,0.1853448275862069,24.485350000000004,1,0,249,144,17.761788307223867,21.44594722797989,1.6932116927761314,-1.9909472279798912
2022,15,Dutch Grand Prix,Circuit Park Zandvoort,ocon,56,2,21.602,alpine,0,1,0.1853448275862069,24.485350000000004,1,0,249,144,17.761788307223867,21.64340031164329,3.8402116927761334,-0.041400311643290166
2022,15,Dutch Grand Prix,Circuit Park Zandvoort,ocon,57,3,14.041,alpine,0,1,0.1853448275862069,24.485350000000004,0,0,249,144,17.761788307223867,5.492439089528495,-3.7207883072238666,8.548560910471505
2022,15,Dutch Grand Prix,Circuit Park Zandvoort,perez,14,1,18.835,red_bull,0,1,0.1853448275862069,24.485350000000004,1,0,292,144,17.49230561271907,20.606949267667552,1.3426943872809325,-1.7719492676675515
2022,15,Dutch Grand Prix,Circuit Park Zandvoort,perez,40,2,18.738,red_bull,0,1,0.1853448275862069,24.485350000000004,1,0,292,144,17.49230561271907,20.796956354251176,1.2456943872809312,-2.058956354251176
2022,15,Dutch Grand Prix,Circuit Park Zandvoort,perez,56,3,19.25,red_bull,0,1,0.1853448275862069,24.485350000000004,1,0,292,144,17.49230561271907,21.256233883816364,1.7576943872809316,-2.006233883816364
2022,15,Dutch Grand Prix,Circuit Park Zandvoort,perez,57,4,14.113,red_bull,0,1,0.1853448275862069,24.485350000000004,0,0,292,144,17.49230561271907,6.139790621628229,-3.379305612719069,7.97320937837177
2022,15,Dutch Grand Prix,Circuit Park Zandvoort,ricciardo,11,1,19.546,mclaren,0,1,0.1853448275862069,24.485350000000004,1,0,270,144,17.543031270435275,21.02578191656552,2.0029687295647243,-1.4797819165655213
2022,15,Dutch Grand Prix,Circuit Park Zandvoort,ricciardo,27,2,19.567,mclaren,0,1,0.1853448275862069,24.485350000000004,1,0,270,144,17.543031270435275,21.20958400558266,2.023968729564725,-1.642584005582659
2022,15,Dutch Grand Prix,Circuit Park Zandvoort,ricciardo,47,3,19.718,mclaren,0,1,0.1853448275862069,24.485350000000004,1,0,270,144,17.543031270435275,21.671343534174444,2.174968729564725,-1.9533435341744436
2022,15,Dutch Grand Prix,Circuit Park Zandvoort,ricciardo,55,4,20.295,mclaren,0,1,0.1853448275862069,24.485350000000004,1,0,270,144,17.543031270435275,23.160175025613107,2.7519687295647266,-2.865175025613105
2022,15,Dutch Grand Prix,Circuit Park Zandvoort,ricciardo,56,5,14.493,mclaren,0,1,0.1853448275862069,24.485350000000004,0,0,270,144,17.543031270435275,5.077900902051144,-3.0500312704352748,9.415099097948858
2022,15,Dutch Grand Prix,Circuit Park Zandvoort,russell,31,1,19.359,mercedes,0,1,0.1853448275862069,24.485350000000004,1,0,278,144,17.940470963404838,21.189279657792277,1.4185290365951637,-1.8302796577922749
2022,15,Dutch Grand Prix,Circuit Park Zandvoort,russell,48,2,20.742,mercedes,0,1,0.1853448275862069,24.485350000000004,1,0,278,144,17.940470963404838,21.373702246566065,2.801529036595163,-0.6317022465660642
2022,15,Dutch Grand Prix,Circuit Park Zandvoort,russell,57,3,21.363,mercedes,0,1,0.1853448275862069,24.485350000000004,1,0,278,144,17.940470963404838,21.82863627783472,3.4225290365951615,-0.4656362778347187
2022,15,Dutch Grand Prix,Circuit Park Zandvoort,sainz,14,1,29.705,ferrari,0,1,0.1853448275862069,24.485350000000004,1,0,259,144,17.569435891025677,20.928611130393183,12.135564108974322,8.776388869606816
2022,15,Dutch Grand Prix,Circuit Park Zandvoort,sainz,43,2,19.493,ferrari,0,1,0.1853448275862069,24.485350000000004,1,0,259,144,17.569435891025677,21.12047971624675,1.9235641089743218,-1.62747971624675
2022,15,Dutch Grand Prix,Circuit Park Zandvoort,sainz,57,3,21.164,ferrari,0,1,0.1853448275862069,24.485350000000004,1,0,259,144,17.569435891025677,21.57851624629864,3.5945641089743248,-0.41451624629863915
2022,15,Dutch Grand Prix,Circuit Park Zandvoort,stroll,16,1,20.205,aston_martin,0,1,0.1853448275862069,24.485350000000004,1,0,271,144,17.757331681044523,21.290037362010604,2.4476683189554755,-1.0850373620106062
2022,15,Dutch Grand Prix,Circuit Park Zandvoort,stroll,38,2,20.214,aston_martin,0,1,0.1853448275862069,24.485350000000004,1,0,271,144,17.757331681044523,21.477562449567632,2.456668318955476,-1.2635624495676332
2022,15,Dutch Grand Prix,Circuit Park Zandvoort,stroll,56,3,19.141,aston_martin,0,1,0.1853448275862069,24.485350000000004,1,0,271,144,17.757331681044523,21.938080978646116,1.3836683189554755,-2.797080978646118
2022,15,Dutch Grand Prix,Circuit Park Zandvoort,stroll,57,4,14.118,aston_martin,0,1,0.1853448275862069,24.485350000000004,0,0,271,144,17.757331681044523,6.821637716457981,-3.6393316810445224,7.296362283542019
2022,15,Dutch Grand Prix,Circuit Park Zandvoort,tsunoda,13,1,18.774,alphatauri,0,1,0.1853448275862069,24.485350000000004,1,0,202,144,17.27965194057522,21.06277077469054,1.4943480594247802,-2.2887707746905406
2022,15,Dutch Grand Prix,Circuit Park Zandvoort,tsunoda,42,2,19.293,alphatauri,0,1,0.1853448275862069,24.485350000000004,1,0,202,144,17.27965194057522,21.254639360544108,2.0133480594247786,-1.9616393605441083
2022,15,Dutch Grand Prix,Circuit Park Zandvoort,tsunoda,43,3,52.684,alphatauri,0,1,0.1853448275862069,24.485350000000004,1,0,202,144,17.27965194057522,21.704609393759576,35.40434805942478,30.979390606240422
2022,15,Dutch Grand Prix,Circuit Park Zandvoort,vettel,9,1,22.391,aston_martin,0,1,0.1853448275862069,24.485350000000004,1,0,271,144,17.757331681044523,21.285693863714066,4.6336683189554755,1.1053061362859324
2022,15,Dutch Grand Prix,Circuit Park Zandvoort,vettel,35,2,19.156,aston_martin,0,1,0.1853448275862069,24.485350000000004,1,0,271,144,17.757331681044523,21.475700950297686,1.398668318955476,-2.319700950297687
2022,15,Dutch Grand Prix,Circuit Park Zandvoort,vettel,48,3,18.709,aston_martin,0,1,0.1853448275862069,24.485350000000004,1,0,271,144,17.757331681044523,21.93311698059293,0.9516683189554769,-3.2241169805929317
2022,15,Dutch Grand Prix,Circuit Park Zandvoort,vettel,56,4,14.349,aston_martin,0,1,0.1853448275862069,24.485350000000004,0,0,271,144,17.757331681044523,6.821017216701333,-3.4083316810445226,7.527982783298667
2022,15,Dutch Grand Prix,Circuit Park Zandvoort,zhou,12,1,19.548,alfa,0,1,0.1853448275862069,24.485350000000004,1,0,194,144,17.736247147808875,21.448369879690855,1.8117528521911233,-1.9003698796908566
2022,15,Dutch Grand Prix,Circuit Park Zandvoort,zhou,37,2,25.433,alfa,0,1,0.1853448275862069,24.485350000000004,1,0,194,144,17.736247147808875,21.637756466517825,7.696752852191125,3.795243533482175
2022,15,Dutch Grand Prix,Circuit Park Zandvoort,zhou,55,3,20.188,alfa,0,1,0.1853448275862069,24.485350000000004,1,0,194,144,17.736247147808875,22.098274995596313,2.451752852191124,-1.910274995596314
2022,15,Dutch Grand Prix,Circuit Park Zandvoort,zhou,56,4,14.128,alfa,0,1,0.1853448275862069,24.485350000000004,0,0,194,144,17.736247147808875,6.981831733408175,-3.608247147808875,7.146168266591825
2022,16,Italian Grand Prix,Autodromo Nazionale di Monza,bottas,35,1,24.758,alfa,0,1,0.16580844490216273,26.7582,1,0,194,104,25.141733721148018,25.87146256747245,-0.38373372114801896,-1.1134625674724496
2022,16,Italian Grand Prix,Autodromo Nazionale di Monza,devries,19,1,24.628,williams,0,1,0.16580844490216273,26.7582,1,0,271,104,26.196787115248917,25.96988445414781,-1.5687871152489166,-1.3418844541478094
2022,16,Italian Grand Prix,Autodromo Nazionale di Monza,gasly,18,1,25.376,alphatauri,0,1,0.16580844490216273,26.7582,1,0,202,104,24.685138513914367,25.474694466852473,0.6908614860856339,-0.09869446685247141
2022,16,Italian Grand Prix,Autodromo Nazionale di Monza,hamilton,33,1,24.282,mercedes,0,1,0.16580844490216273,26.7582,1,0,278,104,25.34595753674398,25.599341850684258,-1.063957536743981,-1.317341850684258
2022,16,Italian Grand Prix,Autodromo Nazionale di Monza,kevinmagnussen,24,1,30.164,haas,0,1,0.16580844490216273,26.7582,1,0,272,104,26.345336847180562,26.575059844632822,3.8186631528194397,3.5889401553671796
2022,16,Italian Grand Prix,Autodromo Nazionale di Monza,kevinmagnussen,46,2,24.846,haas,0,1,0.16580844490216273,26.7582,1,0,272,104,26.345336847180562,26.76258493218985,-1.4993368471805617,-1.9165849321898492
2022,16,Italian Grand Prix,Autodromo Nazionale di Monza,latifi,15,1,26.782,williams,0,1,0.16580844490216273,26.7582,1,0,271,104,26.196787115248917,25.967402455121217,0.5852128847510834,0.814597544878783
2022,16,Italian Grand Prix,Autodromo Nazionale di Monza,latifi,47,2,24.263,williams,0,1,0.16580844490216273,26.7582,1,0,271,104,26.196787115248917,26.161132540244726,-1.933787115248915,-1.898132540244724
2022,16,Italian Grand Prix,Autodromo Nazionale di Monza,leclerc,12,1,23.531,ferrari,0,1,0.16580844490216273,26.7582,1,0,259,104,24.97492246436482,25.33619132425857,-1.443922464364821,-1.8051913242585726
2022,16,Italian Grand Prix,Autodromo Nazionale di Monza,leclerc,33,2,23.904,ferrari,0,1,0.16580844490216273,26.7582,1,0,259,104,24.97492246436482,25.523095912058952,-1.0709224643648199,-1.6190959120589525
2022,16,Italian Grand Prix,Autodromo Nazionale di Monza,leclerc,48,3,23.719,ferrari,0,1,0.16580844490216273,26.7582,1,0,259,104,24.97492246436482,25.981752941867494,-1.2559224643648186,-2.262752941867493
2022,16,Italian Grand Prix,Autodromo Nazionale di Monza,maxverstappen,25,1,23.791,red_bull,0,1,0.16580844490216273,26.7582,1,0,292,104,24.89779218605821,25.022595958369372,-1.106792186058211,-1.2315959583693719
2022,16,Italian Grand Prix,Autodromo Nazionale di Monza,maxverstappen,48,2,24.091,red_bull,0,1,0.16580844490216273,26.7582,1,0,292,104,24.89779218605821,25.21074154568305,-0.8067921860582103,-1.1197415456830484
2022,16,Italian Grand Prix,Autodromo Nazionale di Monza,mickschumacher,33,1,24.817,haas,0,1,0.16580844490216273,26.7582,1,0,272,104,26.345336847180562,26.580644342442653,-1.5283368471805616,-1.7636443424426531
2022,16,Italian Grand Prix,Autodromo Nazionale di Monza,norris,35,1,26.714,mclaren,0,1,0.16580844490216273,26.7582,1,0,270,104,24.948517843774418,25.44949510410376,1.7654821562255805,1.2645048958962377
2022,16,Italian Grand Prix,Autodromo Nazionale di Monza,norris,47,2,24.784,mclaren,0,1,0.16580844490216273,26.7582,1,0,270,104,24.948517843774418,25.63081519409431,-0.16451784377441925,-0.8468151940943116
2022,16,Italian Grand Prix,Autodromo Nazionale di Monza,ocon,19,1,24.336,alpine,0,1,0.16580844490216273,26.7582,1,0,249,104,25.16727488056301,25.855388921115225,-0.8312748805630115,-1.519388921115226
2022,16,Italian Grand Prix,Autodromo Nazionale di Monza,perez,7,1,23.698,red_bull,0,1,0.16580844490216273,26.7582,1,0,292,104,24.89779218605821,25.01142696274971,-1.199792186058211,-1.313426962749709
2022,16,Italian Grand Prix,Autodromo Nazionale di Monza,perez,42,2,23.299,red_bull,0,1,0.16580844490216273,26.7582,1,0,292,104,24.89779218605821,25.207018547143157,-1.598792186058212,-1.9080185471431577
2022,16,Italian Grand Prix,Autodromo Nazionale di Monza,ricciardo,19,1,25.164,mclaren,0,1,0.16580844490216273,26.7582,1,0,270,104,24.948517843774418,25.43956710799739,0.2154821562255833,-0.27556710799738937
2022,16,Italian Grand Prix,Autodromo Nazionale di Monza,russell,23,1,25.075,mercedes,0,1,0.16580844490216273,26.7582,1,0,278,104,25.34595753674398,25.59313685311778,-0.2709575367439818,-0.518136853117781
2022,16,Italian Grand Prix,Autodromo Nazionale di Monza,russell,47,2,24.114,mercedes,0,1,0.16580844490216273,26.7582,1,0,278,104,25.34595753674398,25.781902940188104,-1.2319575367439803,-1.6679029401881031
2022,16,Italian Grand Prix,Autodromo Nazionale di Monza,sainz,30,1,23.728,ferrari,0,1,0.16580844490216273,26.7582,1,0,259,104,24.97492246436482,25.347360319878238,-1.2469224643648182,-1.6193603198782363
2022,16,Italian Grand Prix,Autodromo Nazionale di Monza,sainz,47,2,24.525,ferrari,0,1,0.16580844490216273,26.7582,1,0,259,104,24.97492246436482,25.531782908652026,-0.4499224643648212,-1.0067829086520277
2022,16,Italian Grand Prix,Autodromo Nazionale di Monza,stroll,18,1,24.254,aston_martin,0,1,0.16580844490216273,26.7582,1,0,271,104,25.162818254383666,25.700099554902586,-0.9088182543836645,-1.4460995549025846
2022,16,Italian Grand Prix,Autodromo Nazionale di Monza,tsunoda,19,1,24.009,alphatauri,0,1,0.16580844490216273,26.7582,1,0,202,104,24.685138513914367,25.475314966609123,-0.676138513914367,-1.4663149666091222
2022,16,Italian Grand Prix,Autodromo Nazionale di Monza,tsunoda,47,2,23.904,alphatauri,0,1,0.16580844490216273,26.7582,1,0,202,104,24.685138513914367,25.666563052706035,-0.7811385139143674,-1.7625630527060352
2022,16,Italian Grand Prix,Autodromo Nazionale di Monza,zhou,18,1,25.366,alfa,0,1,0.16580844490216273,26.7582,1,0,194,104,25.141733721148018,25.86091407160943,0.22426627885198158,-0.49491407160942913
2022,17,Singapore Grand Prix,Marina Bay Street Circuit,bottas,33,1,32.167,alfa,0,1,0.32063492063492066,39.247,1,0,194,69,31.13287450506762,31.30787846863538,1.0341254949323826,0.8591215313646217
2022,17,Singapore Grand Prix,Marina Bay Street Circuit,gasly,33,1,29.867,alphatauri,0,1,0.32063492063492066,39.247,1,0,202,69,30.67627929783397,30.92165886387842,-0.8092792978339673,-1.0546588638784193
2022,17,Singapore Grand Prix,Marina Bay Street Circuit,hamilton,34,1,41.019,mercedes,0,1,0.32063492063492066,39.247,1,0,278,69,31.337098320663586,31.037619251117135,9.681901679336413,9.981380748882863
2022,17,Singapore Grand Prix,Marina Bay Street Circuit,kevinmagnussen,7,1,39.247,haas,0,1,0.32063492063492066,39.247,1,0,272,69,32.336477631100166,32.00216824944603,6.910522368899834,7.2448317505539706
2022,17,Singapore Grand Prix,Marina Bay Street Circuit,kevinmagnussen,33,2,32.603,haas,0,1,0.32063492063492066,39.247,1,0,272,69,32.336477631100166,32.19217533602965,0.26652236889983527,0.41082466397035233
2022,17,Singapore Grand Prix,Marina Bay Street Circuit,leclerc,34,1,32.058,ferrari,0,1,0.32063492063492066,39.247,1,0,259,69,30.96606324828442,30.787499219581058,1.0919367517155791,1.270500780418942
2022,17,Singapore Grand Prix,Marina Bay Street Circuit,maxverstappen,35,1,29.407,red_bull,0,1,0.32063492063492066,39.247,1,0,292,69,30.888932969977812,30.46645785661208,-1.4819329699778123,-1.059457856612081
2022,17,Singapore Grand Prix,Marina Bay Street Circuit,maxverstappen,40,2,29.775,red_bull,0,1,0.32063492063492066,39.247,1,0,292,69,30.888932969977812,30.643434448306092,-1.1139329699778138,-0.8684344483060933
2022,17,Singapore Grand Prix,Marina Bay Street Circuit,mickschumacher,34,1,31.201,haas,0,1,0.32063492063492066,39.247,1,0,272,69,32.336477631100166,32.018921742875534,-1.1354776311001658,-0.8179217428755337
2022,17,Singapore Grand Prix,Marina Bay Street Circuit,mickschumacher,41,2,34.722,haas,0,1,0.32063492063492066,39.247,1,0,272,69,32.336477631100166,32.197139334082834,2.385522368899835,2.524860665917167
2022,17,Singapore Grand Prix,Marina Bay Street Circuit,norris,36,1,30.528,mclaren,0,1,0.32063492063492066,39.247,1,0,270,69,30.93965862769402,30.887772504536642,-0.4116586276940204,-0.3597725045366431
2022,17,Singapore Grand Prix,Marina Bay Street Circuit,perez,35,1,29.55,red_bull,0,1,0.32063492063492066,39.247,1,0,292,69,30.888932969977812,30.46645785661208,-1.3389329699778116,-0.9164578566120802
2022,17,Singapore Grand Prix,Marina Bay Street Circuit,ricciardo,36,1,30.946,mclaren,0,1,0.32063492063492066,39.247,1,0,270,69,30.93965862769402,30.887772504536642,0.006341372305982418,0.0582274954633597
2022,17,Singapore Grand Prix,Marina Bay Street Circuit,russell,21,1,30.378,mercedes,0,1,0.32063492063492066,39.247,1,0,278,69,31.337098320663586,31.029552754280708,-0.9590983206635855,-0.6515527542807078
2022,17,Singapore Grand Prix,Marina Bay Street Circuit,russell,35,2,29.713,mercedes,0,1,0.32063492063492066,39.247,1,0,278,69,31.337098320663586,31.21211384378455,-1.6240983206635846,-1.4991138437845493
2022,17,Singapore Grand Prix,Marina Bay Street Circuit,russell,41,3,33.211,mercedes,0,1,0.32063492063492066,39.247,1,0,278,69,31.337098320663586,31.665186375783264,1.873901679336413,1.5458136242167342
2022,17,Singapore Grand Prix,Marina Bay Street Circuit,russell,51,4,29.893,mercedes,0,1,0.32063492063492066,39.247,1,0,278,69,31.337098320663586,33.155258866735224,-1.444098320663585,-3.2622588667352233
2022,17,Singapore Grand Prix,Marina Bay Street Circuit,sainz,35,1,30.603,ferrari,0,1,0.32063492063492066,39.247,1,0,259,69,30.96606324828442,30.788119719337708,-0.36306324828441916,-0.1851197193377061
2022,17,Singapore Grand Prix,Marina Bay Street Circuit,stroll,35,1,29.863,aston_martin,0,1,0.32063492063492066,39.247,1,0,271,69,31.153959038303267,31.14830495144183,-1.2909590383032672,-1.2853049514418302
2022,17,Singapore Grand Prix,Marina Bay Street Circuit,tsunoda,33,1,31.293,alphatauri,0,1,0.32063492063492066,39.247,1,0,202,69,30.67627929783397,30.92165886387842,0.616720702166031,0.37134113612157904
2022,17,Singapore Grand Prix,Marina Bay Street Circuit,vettel,34,1,29.704,aston_martin,0,1,0.32063492063492066,39.247,1,0,271,69,31.153959038303267,31.147684451685187,-1.4499590383032661,-1.4436844516851863
2022,18,Japanese Grand Prix,Suzuka Circuit,alonso,8,2,24.106,alpine,0,1,0.07495069033530571,25.8685,1,0,249,24,23.866406871516027,23.927807356814192,0.23959312848397474,0.17819264318580963
2022,18,Japanese Grand Prix,Suzuka Circuit,alonso,22,3,24.123,alpine,0,1,0.07495069033530571,25.8685,1,0,249,24,23.866406871516027,24.38584388686609,0.2565931284839742,-0.26284388686609006
2022,18,Japanese Grand Prix,Suzuka Circuit,bottas,6,2,24.869,alfa,0,1,0.07495069033530571,25.8685,1,0,194,24,23.840865712101035,23.93271200755175,1.0281342878989648,0.9362879924482499
2022,18,Japanese Grand Prix,Suzuka Circuit,gasly,7,3,24.966,alphatauri,0,1,0.07495069033530571,25.8685,1,0,202,24,23.384270504867384,23.996462436010262,1.5817294951326168,0.9695375639897392
2022,18,Japanese Grand Prix,Suzuka Circuit,gasly,19,4,23.966,alphatauri,0,1,0.07495069033530571,25.8685,1,0,202,24,23.384270504867384,25.487775926475514,0.5817294951326168,-1.521775926475513
2022,18,Japanese Grand Prix,Suzuka Circuit,hamilton,7,2,25.059,mercedes,0,1,0.07495069033530571,25.8685,1,0,278,24,24.045089527697,23.662452790033505,1.0139104723029995,1.3965472099664957
2022,18,Japanese Grand Prix,Suzuka Circuit,kevinmagnussen,7,2,25.594,haas,0,1,0.07495069033530571,25.8685,1,0,272,24,25.04446883813358,24.6437552817919,0.5495311618664225,0.9502447182081006
2022,18,Japanese Grand Prix,Suzuka Circuit,latifi,5,2,24.785,williams,0,1,0.07495069033530571,25.8685,1,0,271,24,24.89591910620193,24.04044139057683,-0.1109191062019299,0.7445586094231693
2022,18,Japanese Grand Prix,Suzuka Circuit,leclerc,7,2,25.899,ferrari,0,1,0.07495069033530571,25.8685,1,0,259,24,23.674054455317837,23.412332758497428,2.224945544682164,2.4866672415025732
2022,18,Japanese Grand Prix,Suzuka Circuit,maxverstappen,7,2,24.308,red_bull,0,1,0.07495069033530571,25.8685,1,0,292,24,23.59692417701123,23.090670895771805,0.7110758229887715,1.2173291042281953
2022,18,Japanese Grand Prix,Suzuka Circuit,mickschumacher,11,2,24.608,haas,0,1,0.07495069033530571,25.8685,1,0,272,24,25.04446883813358,24.646237280818493,-0.4364688381335782,-0.038237280818492536
2022,18,Japanese Grand Prix,Suzuka Circuit,norris,6,2,24.595,mclaren,0,1,0.07495069033530571,25.8685,1,0,270,24,23.647649834727435,23.51074454418307,0.9473501652725638,1.0842554558169297
2022,18,Japanese Grand Prix,Suzuka Circuit,ocon,7,2,25.172,alpine,0,1,0.07495069033530571,25.8685,1,0,249,24,23.866406871516027,23.92718685705755,1.3055931284839737,1.2448131429424514
2022,18,Japanese Grand Prix,Suzuka Circuit,perez,7,2,25.322,red_bull,0,1,0.07495069033530571,25.8685,1,0,292,24,23.59692417701123,23.090670895771805,1.7250758229887708,2.2313291042281946
2022,18,Japanese Grand Prix,Suzuka Circuit,ricciardo,8,2,25.377,mclaren,0,1,0.07495069033530571,25.8685,1,0,270,24,23.647649834727435,23.511985543696362,1.7293501652725638,1.865014456303637
2022,18,Japanese Grand Prix,Suzuka Circuit,russell,7,2,28.728,mercedes,0,1,0.07495069033530571,25.8685,1,0,278,24,24.045089527697,23.662452790033505,4.682910472303,5.065547209966496
2022,18,Japanese Grand Prix,Suzuka Circuit,stroll,7,2,24.005,aston_martin,0,1,0.07495069033530571,25.8685,1,0,271,24,23.861950245336683,23.772517990601557,0.14304975466331626,0.2324820093984421
2022,18,Japanese Grand Prix,Suzuka Circuit,stroll,19,3,23.87,aston_martin,0,1,0.07495069033530571,25.8685,1,0,271,24,23.861950245336683,24.229313521140156,0.008049754663318254,-0.35931352114015525
2022,18,Japanese Grand Prix,Suzuka Circuit,tsunoda,7,2,24.439,alphatauri,0,1,0.07495069033530571,25.8685,1,0,202,24,23.384270504867384,23.54711290255144,1.0547294951326158,0.89188709744856
2022,18,Japanese Grand Prix,Suzuka Circuit,tsunoda,20,3,23.756,alphatauri,0,1,0.07495069033530571,25.8685,1,0,202,24,23.384270504867384,24.004528932846686,0.371729495132616,-0.24852893284668554
2022,18,Japanese Grand Prix,Suzuka Circuit,vettel,5,2,24.218,aston_martin,0,1,0.07495069033530571,25.8685,1,0,271,24,23.861950245336683,23.77127699108826,0.35604975466331723,0.44672300891173933
2022,18,Japanese Grand Prix,Suzuka Circuit,zhou,9,2,24.563,alfa,0,1,0.07495069033530571,25.8685,1,0,194,24,23.840865712101035,23.934573506821692,0.7221342878989638,0.6284264931783063
2022,18,Japanese Grand Prix,Suzuka Circuit,zhou,18,3,24.266,alfa,0,1,0.07495069033530571,25.8685,1,0,194,24,23.840865712101035,24.38950753809035,0.42513428789896324,-0.12350753809035098
2022,19,United States Grand Prix,Circuit of the Americas,albon,9,1,24.624,williams,0,1,0.1693548387096774,33.729749999999996,1,0,271,135,25.848934425862964,25.56768863782486,-1.2249344258629655,-0.9436886378248595
2022,19,United States Grand Prix,Circuit of the Americas,albon,18,2,24.311,williams,0,1,0.1693548387096774,33.729749999999996,1,0,271,135,25.848934425862964,25.74714722854546,-1.5379344258629644,-1.4361472285454617
2022,19,United States Grand Prix,Circuit of the Americas,alonso,18,1,23.87,alpine,0,1,0.1693548387096774,33.729749999999996,1,0,249,135,24.81942219117706,25.458777602602108,-0.9494221911770602,-1.5887776026021072
2022,19,United States Grand Prix,Circuit of the Americas,alonso,22,2,39.707,alpine,0,1,0.1693548387096774,33.729749999999996,1,0,249,135,24.81942219117706,25.63513369453947,14.88757780882294,14.071866305460532
2022,19,United States Grand Prix,Circuit of the Americas,bottas,10,1,25.013,alfa,0,1,0.1693548387096774,33.729749999999996,1,0,194,135,24.79388103176207,25.459959254799777,0.21911896823793242,-0.4469592547997756
2022,19,United States Grand Prix,Circuit of the Americas,gasly,11,1,23.67,alphatauri,0,1,0.1693548387096774,33.729749999999996,1,0,202,135,24.33728582452842,25.074360149799467,-0.6672858245284168,-1.4043601497994658
2022,19,United States Grand Prix,Circuit of the Americas,gasly,32,2,28.918,alphatauri,0,1,0.1693548387096774,33.729749999999996,1,0,202,135,24.33728582452842,25.26126473759985,4.580714175471581,3.656735262400151
2022,19,United States Grand Prix,Circuit of the Americas,hamilton,12,1,24.362,mercedes,0,1,0.1693548387096774,33.729749999999996,1,0,278,135,24.998104847358036,25.190320537038183,-0.6361048473580375,-0.8283205370381843
2022,19,United States Grand Prix,Circuit of the Americas,hamilton,34,2,24.135,mercedes,0,1,0.1693548387096774,33.729749999999996,1,0,278,135,24.998104847358036,25.37784562459521,-0.8631048473580343,-1.2428456245952084
2022,19,United States Grand Prix,Circuit of the Americas,kevinmagnussen,18,1,29.039,haas,0,1,0.1693548387096774,33.729749999999996,1,0,272,135,25.997484157794613,26.175346027336467,3.0415158422053885,2.863653972663535
2022,19,United States Grand Prix,Circuit of the Americas,latifi,5,1,25.321,williams,0,1,0.1693548387096774,33.729749999999996,1,0,271,135,25.848934425862964,25.565206638798266,-0.5279344258629628,-0.2442066387982642
2022,19,United States Grand Prix,Circuit of the Americas,latifi,18,2,24.195,williams,0,1,0.1693548387096774,33.729749999999996,1,0,271,135,25.848934425862964,25.74714722854546,-1.653934425862964,-1.5521472285454614
2022,19,United States Grand Prix,Circuit of the Americas,leclerc,18,1,24.314,ferrari,0,1,0.1693548387096774,33.729749999999996,1,0,259,135,24.62706977497887,24.943923504041994,-0.3130697749788709,-0.6299235040419937
2022,19,United States Grand Prix,Circuit of the Americas,leclerc,35,2,23.755,ferrari,0,1,0.1693548387096774,33.729749999999996,1,0,259,135,24.62706977497887,25.128346092815782,-0.872069774978872,-1.3733460928157832
2022,19,United States Grand Prix,Circuit of the Americas,maxverstappen,13,1,23.866,red_bull,0,1,0.1693548387096774,33.729749999999996,1,0,292,135,24.549939496672263,24.619159142533128,-0.683939496672263,-0.7531591425331285
2022,19,United States Grand Prix,Circuit of the Americas,maxverstappen,35,2,32.254,red_bull,0,1,0.1693548387096774,33.729749999999996,1,0,292,135,24.549939496672263,24.806684230090156,7.704060503327735,7.447315769909842
2022,19,United States Grand Prix,Circuit of the Americas,mickschumacher,18,1,25.209,haas,0,1,0.1693548387096774,33.729749999999996,1,0,272,135,25.997484157794613,26.175346027336467,-0.7884841577946133,-0.966346027336467
2022,19,United States Grand Prix,Circuit of the Americas,mickschumacher,33,2,24.651,haas,0,1,0.1693548387096774,33.729749999999996,1,0,272,135,25.997484157794613,26.358527616596955,-1.3464841577946132,-1.7075276165969555
2022,19,United States Grand Prix,Circuit of the Americas,norris,14,1,24.026,mclaren,0,1,0.1693548387096774,33.729749999999996,1,0,270,135,24.60066515438847,25.040473790457686,-0.5746651543884695,-1.0144737904576857
2022,19,United States Grand Prix,Circuit of the Americas,norris,34,2,23.702,mclaren,0,1,0.1693548387096774,33.729749999999996,1,0,270,135,24.60066515438847,25.226757878501417,-0.8986651543884676,-1.5247578785014149
2022,19,United States Grand Prix,Circuit of the Americas,ocon,18,1,24.816,alpine,0,1,0.1693548387096774,33.729749999999996,1,0,249,135,24.81942219117706,25.458777602602108,-0.003422191177062217,-0.6427776026021093
2022,19,United States Grand Prix,Circuit of the Americas,ocon,45,2,24.711,alpine,0,1,0.1693548387096774,33.729749999999996,1,0,249,135,24.81942219117706,25.649405188942378,-0.10842219117706264,-0.9384051889423795
2022,19,United States Grand Prix,Circuit of the Americas,perez,14,1,23.403,red_bull,0,1,0.1693548387096774,33.729749999999996,1,0,292,135,24.549939496672263,24.619779642289778,-1.146939496672264,-1.2167796422897794
2022,19,United States Grand Prix,Circuit of the Americas,perez,38,2,24.801,red_bull,0,1,0.1693548387096774,33.729749999999996,1,0,292,135,24.549939496672263,24.8085457293601,0.2510605033277358,-0.007545729360103337
2022,19,United States Grand Prix,Circuit of the Americas,ricciardo,10,1,26.206,mclaren,0,1,0.1693548387096774,33.729749999999996,1,0,270,135,24.60066515438847,25.037991791431093,1.6053348456115302,1.1680082085689065
2022,19,United States Grand Prix,Circuit of the Americas,ricciardo,35,2,24.436,mclaren,0,1,0.1693548387096774,33.729749999999996,1,0,270,135,24.60066515438847,25.227378378258063,-0.1646651543884694,-0.791378378258063
2022,19,United States Grand Prix,Circuit of the Americas,russell,13,1,30.038,mercedes,0,1,0.1693548387096774,33.729749999999996,1,0,278,135,24.998104847358036,25.19094103679483,5.039895152641964,4.847058963205171
2022,19,United States Grand Prix,Circuit of the Americas,russell,36,2,24.509,mercedes,0,1,0.1693548387096774,33.729749999999996,1,0,278,135,24.998104847358036,25.379086624108506,-0.4891048473580355,-0.8700866241085059
2022,19,United States Grand Prix,Circuit of the Americas,russell,54,3,23.947,mercedes,0,1,0.1693548387096774,33.729749999999996,1,0,278,135,24.998104847358036,25.839605153186994,-1.0511048473580367,-1.8926051531869952
2022,19,United States Grand Prix,Circuit of the Americas,stroll,15,1,25.417,aston_martin,0,1,0.1693548387096774,33.729749999999996,1,0,271,135,24.814965564997717,25.302247236876173,0.6020344350022846,0.11475276312382832
2022,19,United States Grand Prix,Circuit of the Americas,tsunoda,10,1,23.688,alphatauri,0,1,0.1693548387096774,33.729749999999996,1,0,202,135,24.33728582452842,25.07373965004282,-0.6492858245284197,-1.3857396500428223
2022,19,United States Grand Prix,Circuit of the Americas,tsunoda,33,2,23.241,alphatauri,0,1,0.1693548387096774,33.729749999999996,1,0,202,135,24.33728582452842,25.261885237356495,-1.0962858245284188,-2.020885237356495
2022,19,United States Grand Prix,Circuit of the Americas,vettel,18,1,24.307,aston_martin,0,1,0.1693548387096774,33.729749999999996,1,0,271,135,24.814965564997717,25.30410873614612,-0.5079655649977184,-0.9971087361461208
2022,19,United States Grand Prix,Circuit of the Americas,vettel,41,2,38.157,aston_martin,0,1,0.1693548387096774,33.729749999999996,1,0,271,135,24.814965564997717,25.492254323459793,13.34203443500228,12.664745676540203
2022,19,United States Grand Prix,Circuit of the Americas,zhou,9,1,27.326,alfa,0,1,0.1693548387096774,33.729749999999996,1,0,194,135,24.79388103176207,25.459338755043127,2.5321189682379313,1.8666612449568731
2022,19,United States Grand Prix,Circuit of the Americas,zhou,23,2,25.015,alfa,0,1,0.1693548387096774,33.729749999999996,1,0,194,135,24.79388103176207,25.64189984454697,0.2211189682379313,-0.6268998445469691
2022,20,Mexico City Grand Prix,Autódromo Hermanos Rodríguez,albon,38,1,23.182,williams,0,1,0.024655547498187092,24.824599999999997,1,0,271,85,19.72969907165461,24.914583163989242,3.4523009283453874,-1.7325831639892435
2022,20,Mexico City Grand Prix,Autódromo Hermanos Rodríguez,alonso,40,1,23.159,alpine,0,1,0.024655547498187092,24.824599999999997,1,0,249,85,18.700186836968708,24.801328630469953,4.458813163031291,-1.6423286304699545
2022,20,Mexico City Grand Prix,Autódromo Hermanos Rodríguez,bottas,39,1,23.863,alfa,0,1,0.024655547498187092,24.824599999999997,1,0,194,85,18.674645677553716,24.806853780964154,5.188354322446283,-0.9438537809641545
2022,20,Mexico City Grand Prix,Autódromo Hermanos Rodríguez,gasly,40,1,29.168,alphatauri,0,1,0.024655547498187092,24.824599999999997,1,0,202,85,18.218050470320065,24.421254675963848,10.949949529679934,4.7467453240361515
2022,20,Mexico City Grand Prix,Autódromo Hermanos Rodríguez,hamilton,29,1,23.194,mercedes,0,1,0.024655547498187092,24.824599999999997,1,0,278,85,18.878869493149683,24.529769066122782,4.315130506850316,-1.3357690661227828
2022,20,Mexico City Grand Prix,Autódromo Hermanos Rodríguez,kevinmagnussen,38,1,23.722,haas,0,1,0.024655547498187092,24.824599999999997,1,0,272,85,19.87824880358626,25.516656055691012,3.8437511964137414,-1.7946560556910107
2022,20,Mexico City Grand Prix,Autódromo Hermanos Rodríguez,latifi,23,1,23.826,williams,0,1,0.024655547498187092,24.824599999999997,1,0,271,85,19.72969907165461,24.905275667639515,4.096300928345389,-1.0792756676395143
2022,20,Mexico City Grand Prix,Autódromo Hermanos Rodríguez,latifi,52,2,24.039,williams,0,1,0.024655547498187092,24.824599999999997,1,0,271,85,19.72969907165461,25.097144253493084,4.30930092834539,-1.058144253493083
2022,20,Mexico City Grand Prix,Autódromo Hermanos Rodríguez,leclerc,28,1,22.193,ferrari,0,1,0.024655547498187092,24.824599999999997,1,0,259,85,18.507834420770518,24.27902853483006,3.6851655792294835,-2.08602853483006
2022,20,Mexico City Grand Prix,Autódromo Hermanos Rodríguez,maxverstappen,25,1,22.487,red_bull,0,1,0.024655547498187092,24.824599999999997,1,0,292,85,18.43070414246391,23.95550517283449,4.056295857536089,-1.4685051728344902
2022,20,Mexico City Grand Prix,Autódromo Hermanos Rodríguez,mickschumacher,24,1,23.679,haas,0,1,0.024655547498187092,24.824599999999997,1,0,272,85,19.87824880358626,25.507969059097938,3.8007511964137386,-1.8289690590979397
2022,20,Mexico City Grand Prix,Autódromo Hermanos Rodríguez,norris,31,1,22.585,mclaren,0,1,0.024655547498187092,24.824599999999997,1,0,270,85,18.481429800180116,24.37992231954229,4.103570199819885,-1.7949223195422874
2022,20,Mexico City Grand Prix,Autódromo Hermanos Rodríguez,ocon,33,1,22.343,alpine,0,1,0.024655547498187092,24.824599999999997,1,0,249,85,18.700186836968708,24.79698513217342,3.642813163031292,-2.4539851321734183
2022,20,Mexico City Grand Prix,Autódromo Hermanos Rodríguez,perez,23,1,24.892,red_bull,0,1,0.024655547498187092,24.824599999999997,1,0,292,85,18.43070414246391,23.954264173321192,6.46129585753609,0.9377358266788072
2022,20,Mexico City Grand Prix,Autódromo Hermanos Rodríguez,ricciardo,44,1,22.28,mclaren,0,1,0.024655547498187092,24.824599999999997,1,0,270,85,18.481429800180116,24.387988816378716,3.798570199819885,-2.1079888163787146
2022,20,Mexico City Grand Prix,Autódromo Hermanos Rodríguez,russell,34,1,22.795,mercedes,0,1,0.024655547498187092,24.824599999999997,1,0,278,85,18.878869493149683,24.532871564906024,3.916130506850319,-1.7378715649060226
2022,20,Mexico City Grand Prix,Autódromo Hermanos Rodríguez,russell,69,2,23.118,mercedes,0,1,0.024655547498187092,24.824599999999997,1,0,278,85,18.878869493149683,24.72846314929948,4.239130506850316,-1.6104631492994805
2022,20,Mexico City Grand Prix,Autódromo Hermanos Rodríguez,sainz,29,1,23.469,ferrari,0,1,0.024655547498187092,24.824599999999997,1,0,259,85,18.507834420770518,24.27964903458671,4.961165579229483,-0.8106490345867101
2022,20,Mexico City Grand Prix,Autódromo Hermanos Rodríguez,stroll,17,1,23.509,aston_martin,0,1,0.024655547498187092,24.824599999999997,1,0,271,85,18.695730210789364,24.632388269611056,4.813269789210636,-1.1233882696110555
2022,20,Mexico City Grand Prix,Autódromo Hermanos Rodríguez,stroll,40,2,23.119,aston_martin,0,1,0.024655547498187092,24.824599999999997,1,0,271,85,18.695730210789364,24.820533856924733,4.423269789210636,-1.7015338569247334
2022,20,Mexico City Grand Prix,Autódromo Hermanos Rodríguez,tsunoda,29,1,22.468,alphatauri,0,1,0.024655547498187092,24.824599999999997,1,0,202,85,18.218050470320065,24.414429178640717,4.249949529679935,-1.9464291786407166
2022,20,Mexico City Grand Prix,Autódromo Hermanos Rodríguez,vettel,38,1,22.534,aston_martin,0,1,0.024655547498187092,24.824599999999997,1,0,271,85,18.695730210789364,24.64541876450067,3.838269789210635,-2.1114187645006695
2022,20,Mexico City Grand Prix,Autódromo Hermanos Rodríguez,zhou,45,1,24.218,alfa,0,1,0.024655547498187092,24.824599999999997,1,0,194,85,18.674645677553716,24.810576779504046,5.543354322446284,-0.5925767795040464
2022,21,São Paulo Grand Prix,Autódromo José Carlos Pace,albon,4,1,24.361,williams,0,0,0,29.9687,1,0,271,153,19.006384873815758,22.632769902387512,5.3546151261842425,1.7282300976124887
2022,21,São Paulo Grand Prix,Autódromo José Carlos Pace,albon,25,2,23.352,williams,0,0,0,29.9687,1,0,271,153,19.006384873815758,22.819674490187893,4.345615126184242,0.5323255098121074
2022,21,São Paulo Grand Prix,Autódromo José Carlos Pace,albon,47,3,23.322,williams,0,0,0,29.9687,1,0,271,153,19.006384873815758,23.282675018292974,4.315615126184241,0.039324981707025586
2022,21,São Paulo Grand Prix,Autódromo José Carlos Pace,alonso,14,1,23.478,alpine,0,0,0,29.9687,1,0,249,153,17.976872639129855,22.524479366921412,5.5011273608701465,0.9535206330785897
2022,21,São Paulo Grand Prix,Autódromo José Carlos Pace,alonso,35,2,28.855,alpine,0,0,0,29.9687,1,0,249,153,17.976872639129855,22.71138395472179,10.878127360870145,6.143616045278211
2022,21,São Paulo Grand Prix,Autódromo José Carlos Pace,alonso,52,3,23.79,alpine,0,0,0,29.9687,1,0,249,153,17.976872639129855,23.17128198404363,5.813127360870144,0.6187180159563681
2022,21,São Paulo Grand Prix,Autódromo José Carlos Pace,bottas,24,1,23.908,alfa,0,0,0,29.9687,1,0,194,153,17.951331479714863,22.536830014738744,5.956668520285138,1.3711699852612576
2022,21,São Paulo Grand Prix,Autódromo José Carlos Pace,bottas,45,2,24.616,alfa,0,0,0,29.9687,1,0,194,153,17.951331479714863,22.723734602539125,6.664668520285137,1.892265397460875
2022,21,São Paulo Grand Prix,Autódromo José Carlos Pace,gasly,19,1,23.46,alphatauri,0,0,0,29.9687,1,0,202,153,17.494736272481212,22.147507911198545,5.9652637275187885,1.3124920888014557
2022,21,São Paulo Grand Prix,Autódromo José Carlos Pace,gasly,35,2,23.328,alphatauri,0,0,0,29.9687,1,0,202,153,17.494736272481212,22.331310000215684,5.833263727518787,0.9966899997843157
2022,21,São Paulo Grand Prix,Autódromo José Carlos Pace,gasly,52,3,23.009,alphatauri,0,0,0,29.9687,1,0,202,153,17.494736272481212,22.791208029537522,5.514263727518788,0.21779197046247845
2022,21,São Paulo Grand Prix,Autódromo José Carlos Pace,hamilton,29,1,24.081,mercedes,0,0,0,29.9687,1,0,278,153,18.15555529531083,22.269052796247095,5.92544470468917,1.8119472037529043
2022,21,São Paulo Grand Prix,Autódromo José Carlos Pace,hamilton,48,2,23.415,mercedes,0,0,0,29.9687,1,0,278,153,18.15555529531083,22.454716384534176,5.2594447046891695,0.9602836154658227
2022,21,São Paulo Grand Prix,Autódromo José Carlos Pace,latifi,20,1,28.807,williams,0,0,0,29.9687,1,0,271,153,19.006384873815758,22.642697898493882,9.80061512618424,6.164302101506117
2022,21,São Paulo Grand Prix,Autódromo José Carlos Pace,latifi,32,2,24.292,williams,0,0,0,29.9687,1,0,271,153,19.006384873815758,22.824017988484428,5.2856151261842435,1.4679820115155735
2022,21,São Paulo Grand Prix,Autódromo José Carlos Pace,latifi,52,3,23.64,williams,0,0,0,29.9687,1,0,271,153,19.006384873815758,23.285777517076212,4.633615126184242,0.3542224829237881
2022,21,São Paulo Grand Prix,Autódromo José Carlos Pace,leclerc,7,1,30.08,ferrari,0,0,0,29.9687,1,0,259,153,17.784520222931665,22.00528177006476,12.295479777068334,8.07471822993524
2022,21,São Paulo Grand Prix,Autódromo José Carlos Pace,leclerc,21,2,23.172,ferrari,0,0,0,29.9687,1,0,259,153,17.784520222931665,22.1878428595686,5.387479777068336,0.9841571404313996
2022,21,São Paulo Grand Prix,Autódromo José Carlos Pace,leclerc,44,3,23.124,ferrari,0,0,0,29.9687,1,0,259,153,17.784520222931665,22.651463887430328,5.339479777068334,0.47253611256967076
2022,21,São Paulo Grand Prix,Autódromo José Carlos Pace,maxverstappen,7,1,30.942,red_bull,0,0,0,29.9687,1,0,292,153,17.707389944625056,21.683619907339132,13.234610055374944,9.258380092660868
2022,21,São Paulo Grand Prix,Autódromo José Carlos Pace,maxverstappen,23,2,31.682,red_bull,0,0,0,29.9687,1,0,292,153,17.707389944625056,21.86742199635627,13.974610055374942,9.814578003643728
2022,21,São Paulo Grand Prix,Autódromo José Carlos Pace,maxverstappen,48,3,24.102,red_bull,0,0,0,29.9687,1,0,292,153,17.707389944625056,22.332284023731294,6.394610055374944,1.7697159762687065
2022,21,São Paulo Grand Prix,Autódromo José Carlos Pace,mickschumacher,24,1,24.487,haas,0,0,0,29.9687,1,0,272,153,19.154934605747407,23.247252789222244,5.3320653942525915,1.2397472107777538
2022,21,São Paulo Grand Prix,Autódromo José Carlos Pace,mickschumacher,46,2,25.156,haas,0,0,0,29.9687,1,0,272,153,19.154934605747407,23.434777876779272,6.001065394252592,1.721222123220727
2022,21,São Paulo Grand Prix,Autódromo José Carlos Pace,norris,24,1,29.338,mclaren,0,0,0,29.9687,1,0,270,153,17.758115602341263,22.11486255137006,11.579884397658738,7.223137448629942
2022,21,São Paulo Grand Prix,Autódromo José Carlos Pace,norris,45,2,24.669,mclaren,0,0,0,29.9687,1,0,270,153,17.758115602341263,22.30176713917044,6.910884397658737,2.36723286082956
2022,21,São Paulo Grand Prix,Autódromo José Carlos Pace,ocon,24,1,23.868,alpine,0,0,0,29.9687,1,0,249,153,17.976872639129855,22.530684364487893,5.8911273608701435,1.3373156355121054
2022,21,São Paulo Grand Prix,Autódromo José Carlos Pace,ocon,47,2,24.445,alpine,0,0,0,29.9687,1,0,249,153,17.976872639129855,22.71882995180157,6.468127360870145,1.72617004819843
2022,21,São Paulo Grand Prix,Autódromo José Carlos Pace,perez,23,1,22.869,red_bull,0,0,0,29.9687,1,0,292,153,17.707389944625056,21.693547903445502,5.161610055374943,1.1754520965544977
2022,21,São Paulo Grand Prix,Autódromo José Carlos Pace,perez,47,2,23.152,red_bull,0,0,0,29.9687,1,0,292,153,17.707389944625056,21.882313990515826,5.444610055374945,1.2696860094841753
2022,21,São Paulo Grand Prix,Autódromo José Carlos Pace,russell,24,1,23.521,mercedes,0,0,0,29.9687,1,0,278,153,18.15555529531083,22.265950297463853,5.365444704689171,1.255049702536148
2022,21,São Paulo Grand Prix,Autódromo José Carlos Pace,russell,49,2,23.48,mercedes,0,0,0,29.9687,1,0,278,153,18.15555529531083,22.455336884290826,5.324444704689171,1.0246631157091741
2022,21,São Paulo Grand Prix,Autódromo José Carlos Pace,sainz,17,1,25.206,ferrari,0,0,0,29.9687,1,0,259,153,17.784520222931665,22.01148676763124,7.421479777068335,3.1945132323687595
2022,21,São Paulo Grand Prix,Autódromo José Carlos Pace,sainz,36,2,23.483,ferrari,0,0,0,29.9687,1,0,259,153,17.784520222931665,22.197150355918325,5.698479777068336,1.2858496440816758
2022,21,São Paulo Grand Prix,Autódromo José Carlos Pace,sainz,53,3,23.816,ferrari,0,0,0,29.9687,1,0,259,153,17.784520222931665,22.657048385240163,6.031479777068334,1.158951614759836
2022,21,São Paulo Grand Prix,Autódromo José Carlos Pace,stroll,29,1,23.469,aston_martin,0,0,0,29.9687,1,0,271,153,17.97241601295051,22.379117996815143,5.49658398704949,1.089882003184858
2022,21,São Paulo Grand Prix,Autódromo José Carlos Pace,stroll,48,2,23.764,aston_martin,0,0,0,29.9687,1,0,271,153,17.97241601295051,22.564781585102224,5.7915839870494885,1.199218414897775
2022,21,São Paulo Grand Prix,Autódromo José Carlos Pace,tsunoda,20,1,23.287,alphatauri,0,0,0,29.9687,1,0,202,153,17.494736272481212,22.14812841095519,5.792263727518787,1.1388715890448076
2022,21,São Paulo Grand Prix,Autódromo José Carlos Pace,tsunoda,40,2,23.645,alphatauri,0,0,0,29.9687,1,0,202,153,17.494736272481212,22.334412498998923,6.150263727518787,1.310587501001077
2022,21,São Paulo Grand Prix,Autódromo José Carlos Pace,tsunoda,54,3,23.635,alphatauri,0,0,0,29.9687,1,0,202,153,17.494736272481212,22.792449029050818,6.140263727518789,0.8425509709491834
2022,21,São Paulo Grand Prix,Autódromo José Carlos Pace,vettel,26,1,24.248,aston_martin,0,0,0,29.9687,1,0,271,153,17.97241601295051,22.377256497545197,6.27558398704949,1.870743502454804
2022,21,São Paulo Grand Prix,Autódromo José Carlos Pace,vettel,45,2,24.028,aston_martin,0,0,0,29.9687,1,0,271,153,17.97241601295051,22.562920085832282,6.055583987049488,1.4650799141677169
2022,21,São Paulo Grand Prix,Autódromo José Carlos Pace,zhou,16,1,24.332,alfa,0,0,0,29.9687,1,0,194,153,17.951331479714863,22.53186601668556,6.380668520285138,1.800133983314442
2022,21,São Paulo Grand Prix,Autódromo José Carlos Pace,zhou,37,2,25.111,alfa,0,0,0,29.9687,1,0,194,153,17.951331479714863,22.71877060448594,7.159668520285138,2.392229395514061
2022,22,Abu Dhabi Grand Prix,Yas Marina Circuit,albon,12,1,21.793,williams,0,0,0,24.7085,1,0,271,125,23.38932015600743,22.71542909492077,-1.5963201560074296,-0.9224290949207692
2022,22,Abu Dhabi Grand Prix,Yas Marina Circuit,albon,35,2,21.798,williams,0,0,0,24.7085,1,0,271,125,23.38932015600743,22.903574682234442,-1.5913201560074306,-1.1055746822344439
2022,22,Abu Dhabi Grand Prix,Yas Marina Circuit,alonso,19,1,21.74,alpine,0,0,0,24.7085,1,0,249,125,22.359807921321526,22.605277060184722,-0.6198079213215273,-0.8652770601847237
2022,22,Abu Dhabi Grand Prix,Yas Marina Circuit,bottas,30,1,22.573,alfa,0,0,0,24.7085,1,0,194,125,22.334266761906534,22.618248207758704,0.23873323809346658,-0.04524820775870353
2022,22,Abu Dhabi Grand Prix,Yas Marina Circuit,gasly,14,1,21.855,alphatauri,0,0,0,24.7085,1,0,202,125,21.87767155467288,22.222100606895374,-0.02267155467287907,-0.3671006068953737
2022,22,Abu Dhabi Grand Prix,Yas Marina Circuit,hamilton,18,1,21.27,mercedes,0,0,0,24.7085,1,0,278,125,22.5384905775025,22.339922493404035,-1.2684905775025008,-1.069922493404036
2022,22,Abu Dhabi Grand Prix,Yas Marina Circuit,kevinmagnussen,28,1,22.387,haas,0,0,0,24.7085,1,0,272,125,23.53786988793908,23.327429982728912,-1.1508698879390806,-0.9404299827289115
2022,22,Abu Dhabi Grand Prix,Yas Marina Circuit,latifi,15,1,22.423,williams,0,0,0,24.7085,1,0,271,125,23.38932015600743,22.71729059419071,-0.9663201560074306,-0.2942905941907128
2022,22,Abu Dhabi Grand Prix,Yas Marina Circuit,latifi,38,2,25.174,williams,0,0,0,24.7085,1,0,271,125,23.38932015600743,22.90543618150439,1.7846798439925706,2.268563818495611
2022,22,Abu Dhabi Grand Prix,Yas Marina Circuit,leclerc,21,1,22.21,ferrari,0,0,0,24.7085,1,0,259,125,22.167455505123336,22.091663961137904,0.04254449487666534,0.11833603886209687
2022,22,Abu Dhabi Grand Prix,Yas Marina Circuit,maxverstappen,20,1,22.735,red_bull,0,0,0,24.7085,1,0,292,125,22.090325226816727,21.769381598655627,0.6446747731832723,0.965618401344372
2022,22,Abu Dhabi Grand Prix,Yas Marina Circuit,mickschumacher,14,1,22.276,haas,0,0,0,24.7085,1,0,272,125,23.53786988793908,23.318742986135838,-1.2618698879390813,-1.0427429861358384
2022,22,Abu Dhabi Grand Prix,Yas Marina Circuit,mickschumacher,34,2,23.53,haas,0,0,0,24.7085,1,0,272,125,23.53786988793908,23.50502707417957,-0.007869887939079945,0.024972925820431868
2022,22,Abu Dhabi Grand Prix,Yas Marina Circuit,norris,15,1,22.234,mclaren,0,0,0,24.7085,1,0,270,125,22.141050884532937,22.186973248040296,0.0929491154670643,0.04702675195970585
2022,22,Abu Dhabi Grand Prix,Yas Marina Circuit,norris,42,2,21.559,mclaren,0,0,0,24.7085,1,0,270,125,22.141050884532937,22.377600834380566,-0.5820508845329364,-0.8186008343805646
2022,22,Abu Dhabi Grand Prix,Yas Marina Circuit,ocon,14,1,21.895,alpine,0,0,0,24.7085,1,0,249,125,22.359807921321526,22.60217456140148,-0.46480792132152615,-0.7071745614014802
2022,22,Abu Dhabi Grand Prix,Yas Marina Circuit,ocon,41,2,21.734,alpine,0,0,0,24.7085,1,0,249,125,22.359807921321526,22.79280214774175,-0.625807921321524,-1.0588021477417477
2022,22,Abu Dhabi Grand Prix,Yas Marina Circuit,perez,15,1,21.36,red_bull,0,0,0,24.7085,1,0,292,125,22.090325226816727,21.766279099872385,-0.7303252268167277,-0.40627909987238553
2022,22,Abu Dhabi Grand Prix,Yas Marina Circuit,perez,33,2,21.367,red_bull,0,0,0,24.7085,1,0,292,125,22.090325226816727,21.951322188402823,-0.7233252268167263,-0.5843221884028225
2022,22,Abu Dhabi Grand Prix,Yas Marina Circuit,ricciardo,19,1,21.893,mclaren,0,0,0,24.7085,1,0,270,125,22.141050884532937,22.18945524706689,-0.24805088453293678,-0.29645524706688775
2022,22,Abu Dhabi Grand Prix,Yas Marina Circuit,russell,15,1,24.243,mercedes,0,0,0,24.7085,1,0,278,125,22.5384905775025,22.33806099413409,1.7045094224974982,1.9049390058659093
2022,22,Abu Dhabi Grand Prix,Yas Marina Circuit,russell,39,2,27.931,mercedes,0,0,0,24.7085,1,0,278,125,22.5384905775025,22.526827081204413,5.3925094224975005,5.404172918795588
2022,22,Abu Dhabi Grand Prix,Yas Marina Circuit,sainz,17,1,21.93,ferrari,0,0,0,24.7085,1,0,259,125,22.167455505123336,22.08918196211131,-0.2374555051233358,-0.15918196211131175
2022,22,Abu Dhabi Grand Prix,Yas Marina Circuit,sainz,39,2,21.575,ferrari,0,0,0,24.7085,1,0,259,125,22.167455505123336,22.27670704966834,-0.5924555051233362,-0.7017070496683395
2022,22,Abu Dhabi Grand Prix,Yas Marina Circuit,stroll,13,1,21.814,aston_martin,0,0,0,24.7085,1,0,271,125,22.355351295142185,22.44688519518884,-0.541351295142185,-0.632885195188841
2022,22,Abu Dhabi Grand Prix,Yas Marina Circuit,stroll,40,2,21.802,aston_martin,0,0,0,24.7085,1,0,271,125,22.355351295142185,22.63751278152911,-0.5533512951421855,-0.8355127815291112
2022,22,Abu Dhabi Grand Prix,Yas Marina Circuit,tsunoda,14,1,21.591,alphatauri,0,0,0,24.7085,1,0,202,125,21.87767155467288,22.222100606895374,-0.2866715546728784,-0.6311006068953731
2022,22,Abu Dhabi Grand Prix,Yas Marina Circuit,tsunoda,38,2,22.262,alphatauri,0,0,0,24.7085,1,0,202,125,21.87767155467288,22.410866693965698,0.38432844532712096,-0.1488666939656973
2022,22,Abu Dhabi Grand Prix,Yas Marina Circuit,vettel,25,1,23.186,aston_martin,0,0,0,24.7085,1,0,271,125,22.355351295142185,22.454331192268622,0.8306487048578148,0.7316688077313778
2022,22,Abu Dhabi Grand Prix,Yas Marina Circuit,zhou,15,1,22.435,alfa,0,0,0,24.7085,1,0,194,125,22.334266761906534,22.60894071140898,0.1007332380934649,-0.17394071140898149
2022,22,Abu Dhabi Grand Prix,Yas Marina Circuit,zhou,44,2,23.159,alfa,0,0,0,24.7085,1,0,194,125,22.334266761906534,22.800809297262546,0.8247332380934651,0.3581907027374527
2023,1,Bahrain Grand Prix,Bahrain International Circuit,albon,11,1,25.054,williams,0,0,0,35.92039999999999,1,0,271,190,26.83779606192943,25.87478975706907,-1.7837960619294329,-0.8207897570690719
2023,1,Bahrain Grand Prix,Bahrain International Circuit,albon,26,2,24.92,williams,0,0,0,35.92039999999999,1,0,271,190,26.83779606192943,26.05797134632956,-1.9177960619294296,-1.1379713463295573
2023,1,Bahrain Grand Prix,Bahrain International Circuit,albon,40,3,24.458,williams,0,0,0,35.92039999999999,1,0,271,190,26.83779606192943,26.516007876381455,-2.379796061929433,-2.058007876381456
2023,1,Bahrain Grand Prix,Bahrain International Circuit,alonso,14,1,25.8,aston_martin,0,0,0,35.92039999999999,1,0,271,190,25.803827201064184,25.60748685685044,-0.0038272010641833276,0.19251314314956147
2023,1,Bahrain Grand Prix,Bahrain International Circuit,alonso,34,2,24.869,aston_martin,0,0,0,35.92039999999999,1,0,271,190,25.803827201064184,25.79377094489417,-0.9348272010641843,-0.9247709448941706
2023,1,Bahrain Grand Prix,Bahrain International Circuit,bottas,11,1,25.399,alfa,0,0,0,35.92039999999999,1,0,194,190,25.782742667828536,25.76643987428734,-0.3837426678285354,-0.3674398742873386
2023,1,Bahrain Grand Prix,Bahrain International Circuit,bottas,29,2,25.643,alfa,0,0,0,35.92039999999999,1,0,194,190,25.782742667828536,25.951482962817774,-0.13974266782853562,-0.30848296281777365
2023,1,Bahrain Grand Prix,Bahrain International Circuit,devries,11,1,25.018,alphatauri,0,0,0,35.92039999999999,1,0,202,190,25.326147460594886,25.380220269530383,-0.30814746059488485,-0.36222026953038267
2023,1,Bahrain Grand Prix,Bahrain International Circuit,devries,27,2,25.234,alphatauri,0,0,0,35.92039999999999,1,0,202,190,25.326147460594886,25.56402235854752,-0.09214746059488377,-0.3300223585475166
2023,1,Bahrain Grand Prix,Bahrain International Circuit,gasly,9,1,25.885,alpine,0,0,0,35.92039999999999,1,0,249,190,25.808283827243528,25.75905322452319,0.07671617275647336,0.12594677547681243
2023,1,Bahrain Grand Prix,Bahrain International Circuit,gasly,25,2,24.879,alpine,0,0,0,35.92039999999999,1,0,249,190,25.808283827243528,25.942855313540328,-0.9292838272435269,-1.0638553135403264
2023,1,Bahrain Grand Prix,Bahrain International Circuit,gasly,40,3,24.736,alpine,0,0,0,35.92039999999999,1,0,249,190,25.808283827243528,26.401512343348873,-1.0722838272435276,-1.6655123433488725
2023,1,Bahrain Grand Prix,Bahrain International Circuit,hamilton,12,1,24.682,mercedes,0,0,0,35.92039999999999,1,0,278,190,25.986966483424503,25.496180656769095,-1.3049664834245043,-0.8141806567690963
2023,1,Bahrain Grand Prix,Bahrain International Circuit,hamilton,30,2,24.69,mercedes,0,0,0,35.92039999999999,1,0,278,190,25.986966483424503,25.68122374529953,-1.2969664834245016,-0.9912237452995285
2023,1,Bahrain Grand Prix,Bahrain International Circuit,hulkenberg,11,1,26.075,haas,0,0,0,35.92039999999999,1,0,272,190,26.98634579386108,26.47686264877084,-0.9113457938610807,-0.401862648770841
2023,1,Bahrain Grand Prix,Bahrain International Circuit,hulkenberg,26,2,37.769,haas,0,0,0,35.92039999999999,1,0,272,190,26.98634579386108,26.660044238031332,10.782654206138918,11.108955761968666
2023,1,Bahrain Grand Prix,Bahrain International Circuit,hulkenberg,40,3,27.08,haas,0,0,0,35.92039999999999,1,0,272,190,26.98634579386108,27.118080768083225,0.09365420613891828,-0.038080768083226246
2023,1,Bahrain Grand Prix,Bahrain International Circuit,kevinmagnussen,15,1,25.439,haas,0,0,0,35.92039999999999,1,0,272,190,26.98634579386108,26.479344647797433,-1.54734579386108,-1.0403446477974327
2023,1,Bahrain Grand Prix,Bahrain International Circuit,kevinmagnussen,29,2,25.344,haas,0,0,0,35.92039999999999,1,0,272,190,26.98634579386108,26.661905737301275,-1.6423457938610788,-1.317905737301274
2023,1,Bahrain Grand Prix,Bahrain International Circuit,kevinmagnussen,40,3,25.125,haas,0,0,0,35.92039999999999,1,0,272,190,26.98634579386108,27.118080768083225,-1.86134579386108,-1.9930807680832245
2023,1,Bahrain Grand Prix,Bahrain International Circuit,leclerc,13,1,24.345,ferrari,0,0,0,35.92039999999999,1,0,259,190,25.615931411045338,25.246681124989667,-1.2709314110453391,-0.9016811249896683
2023,1,Bahrain Grand Prix,Bahrain International Circuit,leclerc,33,2,24.644,ferrari,0,0,0,35.92039999999999,1,0,259,190,25.615931411045338,25.4329652130334,-0.9719314110453396,-0.7889652130334
2023,1,Bahrain Grand Prix,Bahrain International Circuit,maxverstappen,14,1,24.289,red_bull,0,0,0,35.92039999999999,1,0,292,190,25.53880113273873,24.925639762020687,-1.2498011327387282,-0.6366397620206854
2023,1,Bahrain Grand Prix,Bahrain International Circuit,maxverstappen,36,2,24.91,red_bull,0,0,0,35.92039999999999,1,0,292,190,25.53880113273873,25.113164849577714,-0.6288011327387295,-0.20316484957771408
2023,1,Bahrain Grand Prix,Bahrain International Circuit,norris,10,1,32.766,mclaren,0,0,0,35.92039999999999,1,0,270,190,25.589526790454936,25.343851911162005,7.176473209545062,7.422148088837993
2023,1,Bahrain Grand Prix,Bahrain International Circuit,norris,17,2,33.661,mclaren,0,0,0,35.92039999999999,1,0,270,190,25.589526790454936,25.522069502369312,8.071473209545065,8.138930497630689
2023,1,Bahrain Grand Prix,Bahrain International Circuit,norris,27,3,33.467,mclaren,0,0,0,35.92039999999999,1,0,270,190,25.589526790454936,25.977624033394612,7.877473209545062,7.489375966605387
2023,1,Bahrain Grand Prix,Bahrain International Circuit,norris,37,4,33.236,mclaren,0,0,0,35.92039999999999,1,0,270,190,25.589526790454936,27.46769652434657,7.646473209545061,5.7683034756534255
2023,1,Bahrain Grand Prix,Bahrain International Circuit,norris,47,5,30.71,mclaren,0,0,0,35.92039999999999,1,0,270,190,25.589526790454936,25.991938153924707,5.1204732095450645,4.718061846075294
2023,1,Bahrain Grand Prix,Bahrain International Circuit,norris,54,6,31.494,mclaren,0,0,0,35.92039999999999,1,0,270,190,25.589526790454936,22.3454832125436,5.904473209545063,9.148516787456401
2023,1,Bahrain Grand Prix,Bahrain International Circuit,ocon,12,1,24.966,alpine,0,0,0,35.92039999999999,1,0,249,190,25.808283827243528,25.760914723793135,-0.8422838272435271,-0.7949147237931342
2023,1,Bahrain Grand Prix,Bahrain International Circuit,ocon,15,2,41.462,alpine,0,0,0,35.92039999999999,1,0,249,190,25.808283827243528,25.936650315973846,15.653716172756475,15.525349684026157
2023,1,Bahrain Grand Prix,Bahrain International Circuit,ocon,32,3,44.518,alpine,0,0,0,35.92039999999999,1,0,249,190,25.808283827243528,26.396548345295688,18.709716172756472,18.121451654704313
2023,1,Bahrain Grand Prix,Bahrain International Circuit,perez,17,1,24.264,red_bull,0,0,0,35.92039999999999,1,0,292,190,25.53880113273873,24.927501261290637,-1.2748011327387303,-0.6635012612906372
2023,1,Bahrain Grand Prix,Bahrain International Circuit,perez,34,2,25.091,red_bull,0,0,0,35.92039999999999,1,0,292,190,25.53880113273873,25.11192385006442,-0.44780113273872857,-0.020923850064420435
2023,1,Bahrain Grand Prix,Bahrain International Circuit,russell,13,1,27.062,mercedes,0,0,0,35.92039999999999,1,0,278,190,25.986966483424503,25.496801156525745,1.0750335165754983,1.5651988434742563
2023,1,Bahrain Grand Prix,Bahrain International Circuit,russell,31,2,24.406,mercedes,0,0,0,35.92039999999999,1,0,278,190,25.986966483424503,25.68184424505618,-1.580966483424504,-1.2758442450561809
2023,1,Bahrain Grand Prix,Bahrain International Circuit,sainz,13,1,24.5,ferrari,0,0,0,35.92039999999999,1,0,259,190,25.615931411045338,25.246681124989667,-1.115931411045338,-0.7466811249896672
2023,1,Bahrain Grand Prix,Bahrain International Circuit,sainz,31,2,24.227,ferrari,0,0,0,35.92039999999999,1,0,259,190,25.615931411045338,25.431724213520102,-1.3889314110453377,-1.2047242135201017
2023,1,Bahrain Grand Prix,Bahrain International Circuit,sargeant,12,1,25.6,williams,0,0,0,35.92039999999999,1,0,271,190,26.83779606192943,25.875410256825717,-1.23779606192943,-0.2754102568257153
2023,1,Bahrain Grand Prix,Bahrain International Circuit,sargeant,30,2,25.67,williams,0,0,0,35.92039999999999,1,0,271,190,26.83779606192943,26.06045334535615,-1.1677960619294296,-0.39045334535614984
2023,1,Bahrain Grand Prix,Bahrain International Circuit,sargeant,40,3,25.047,williams,0,0,0,35.92039999999999,1,0,271,190,26.83779606192943,26.516007876381455,-1.7907960619294307,-1.469007876381454
2023,1,Bahrain Grand Prix,Bahrain International Circuit,stroll,15,1,25.449,aston_martin,0,0,0,35.92039999999999,1,0,271,190,25.803827201064184,25.60810735660709,-0.3548272010641824,-0.15910735660708752
2023,1,Bahrain Grand Prix,Bahrain International Circuit,stroll,30,2,24.639,aston_martin,0,0,0,35.92039999999999,1,0,271,190,25.803827201064184,25.791288945867578,-1.1648272010641847,-1.1522889458675785
2023,1,Bahrain Grand Prix,Bahrain International Circuit,tsunoda,10,1,25.267,alphatauri,0,0,0,35.92039999999999,1,0,202,190,25.326147460594886,25.379599769773733,-0.05914746059488607,-0.11259976977373398
2023,1,Bahrain Grand Prix,Bahrain International Circuit,tsunoda,26,2,24.372,alphatauri,0,0,0,35.92039999999999,1,0,202,190,25.326147460594886,25.56340185879087,-0.9541474605948856,-1.1914018587908686
2023,1,Bahrain Grand Prix,Bahrain International Circuit,tsunoda,40,3,25.818,alphatauri,0,0,0,35.92039999999999,1,0,202,190,25.326147460594886,26.021438388842768,0.49185253940511586,-0.20343838884276622
2023,1,Bahrain Grand Prix,Bahrain International Circuit,zhou,12,1,25.787,alfa,0,0,0,35.92039999999999,1,0,194,190,25.782742667828536,25.767060374043986,0.0042573321714627355,0.019939625956013174
2023,1,Bahrain Grand Prix,Bahrain International Circuit,zhou,32,2,25.282,alfa,0,0,0,35.92039999999999,1,0,194,190,25.782742667828536,25.953344462087717,-0.5007426678285363,-0.6713444620877169
2023,1,Bahrain Grand Prix,Bahrain International Circuit,zhou,54,3,30.167,alfa,0,0,0,35.92039999999999,1,0,194,190,25.782742667828536,26.416344990192798,4.384257332171465,3.750655009807204
2023,2,Saudi Arabian Grand Prix,Jeddah Corniche Circuit,albon,17,1,21.397,williams,0,0,0,26.410199999999996,1,0,271,90,16.660258101272543,23.29025466589846,4.736741898727455,-1.8932546658984606
2023,2,Saudi Arabian Grand Prix,Jeddah Corniche Circuit,alonso,18,1,26.879,aston_martin,0,0,0,26.410199999999996,1,0,271,90,15.626289240407297,23.021710766166535,11.252710759592704,3.857289233833466
2023,2,Saudi Arabian Grand Prix,Jeddah Corniche Circuit,bottas,9,1,21.505,alfa,0,0,0,26.410199999999996,1,0,194,90,15.605204707171648,23.176940785063543,5.899795292828351,-1.6719407850635442
2023,2,Saudi Arabian Grand Prix,Jeddah Corniche Circuit,bottas,17,2,22.191,alfa,0,0,0,26.410199999999996,1,0,194,90,15.605204707171648,23.355778876027497,6.585795292828351,-1.1647788760274977
2023,2,Saudi Arabian Grand Prix,Jeddah Corniche Circuit,bottas,35,3,21.808,alfa,0,0,0,26.410199999999996,1,0,194,90,15.605204707171648,23.816297405105985,6.202795292828352,-2.008297405105985
2023,2,Saudi Arabian Grand Prix,Jeddah Corniche Circuit,devries,17,1,21.116,alphatauri,0,0,0,26.410199999999996,1,0,202,90,15.148609499937995,22.79568517835977,5.967390500062004,-1.6796851783597688
2023,2,Saudi Arabian Grand Prix,Jeddah Corniche Circuit,gasly,14,1,20.719,alpine,0,0,0,26.410199999999996,1,0,249,90,15.630745866586638,23.17389763359593,5.088254133413363,-2.4548976335959303
2023,2,Saudi Arabian Grand Prix,Jeddah Corniche Circuit,hamilton,18,1,21.102,mercedes,0,0,0,26.410199999999996,1,0,278,90,15.809428522767613,22.911645565598487,5.2925714772323875,-1.8096455655984869
2023,2,Saudi Arabian Grand Prix,Jeddah Corniche Circuit,hulkenberg,11,1,21.567,haas,0,0,0,26.410199999999996,1,0,272,90,16.80880783320419,23.888604559060344,4.7581921667958085,-2.3216045590603436
2023,2,Saudi Arabian Grand Prix,Jeddah Corniche Circuit,kevinmagnussen,8,1,20.87,haas,0,0,0,26.410199999999996,1,0,272,90,16.80880783320419,23.8867430597904,4.061192166795809,-3.0167430597904
2023,2,Saudi Arabian Grand Prix,Jeddah Corniche Circuit,leclerc,16,1,20.026,ferrari,0,0,0,26.410199999999996,1,0,259,90,15.43839345038845,22.660284534549113,4.58760654961155,-2.6342845345491135
2023,2,Saudi Arabian Grand Prix,Jeddah Corniche Circuit,maxverstappen,18,1,20.824,red_bull,0,0,0,26.410199999999996,1,0,292,90,15.361263172081841,22.339863671336786,5.46273682791816,-1.5158636713367848
2023,2,Saudi Arabian Grand Prix,Jeddah Corniche Circuit,norris,2,1,29.444,mclaren,0,0,0,26.410199999999996,1,0,270,90,15.411988829798048,22.750629823398324,14.032011170201951,6.693370176601675
2023,2,Saudi Arabian Grand Prix,Jeddah Corniche Circuit,norris,19,2,21.352,mclaren,0,0,0,26.410199999999996,1,0,270,90,15.411988829798048,22.93505241217211,5.940011170201952,-1.5830524121721083
2023,2,Saudi Arabian Grand Prix,Jeddah Corniche Circuit,ocon,16,1,20.762,alpine,0,0,0,26.410199999999996,1,0,249,90,15.630745866586638,23.175138633109228,5.131254133413362,-2.4131386331092273
2023,2,Saudi Arabian Grand Prix,Jeddah Corniche Circuit,perez,18,1,20.715,red_bull,0,0,0,26.410199999999996,1,0,292,90,15.361263172081841,22.339863671336786,5.3537368279181585,-1.6248636713367866
2023,2,Saudi Arabian Grand Prix,Jeddah Corniche Circuit,russell,18,1,20.828,mercedes,0,0,0,26.410199999999996,1,0,278,90,15.809428522767613,22.911645565598487,5.018571477232387,-2.083645565598488
2023,2,Saudi Arabian Grand Prix,Jeddah Corniche Circuit,sainz,15,1,20.76,ferrari,0,0,0,26.410199999999996,1,0,259,90,15.43839345038845,22.659664034792467,5.321606549611552,-1.8996640347924654
2023,2,Saudi Arabian Grand Prix,Jeddah Corniche Circuit,sargeant,18,1,21.064,williams,0,0,0,26.410199999999996,1,0,271,90,16.660258101272543,23.29087516565511,4.403741898727457,-2.226875165655109
2023,2,Saudi Arabian Grand Prix,Jeddah Corniche Circuit,stroll,13,1,21.15,aston_martin,0,0,0,26.410199999999996,1,0,271,90,15.626289240407297,23.018608267383293,5.523710759592701,-1.8686082673832942
2023,2,Saudi Arabian Grand Prix,Jeddah Corniche Circuit,tsunoda,17,1,21.414,alphatauri,0,0,0,26.410199999999996,1,0,202,90,15.148609499937995,22.79568517835977,6.265390500062006,-1.381685178359767
2023,2,Saudi Arabian Grand Prix,Jeddah Corniche Circuit,zhou,11,1,21.703,alfa,0,0,0,26.410199999999996,1,0,194,90,15.605204707171648,23.17818178457684,6.097795292828351,-1.47518178457684
2023,2,Saudi Arabian Grand Prix,Jeddah Corniche Circuit,zhou,18,2,21.282,alfa,0,0,0,26.410199999999996,1,0,194,90,15.605204707171648,23.356399375784147,5.676795292828352,-2.0743993757841466
2023,3,Australian Grand Prix,Albert Park Grand Prix Circuit,alonso,57,3,1.8450730000000002,aston_martin,0,0,0,1.8700243000000003,0,0,271,70,15.840080523829258,2.3905250498151527,-13.995007523829258,-0.5454520498151525
2023,3,Australian Grand Prix,Albert Park Grand Prix Circuit,bottas,57,6,1.8671820000000001,alfa,0,0,0,1.8700243000000003,0,0,194,70,15.818995990593608,-1.097554747758524,-13.951813990593608,2.964736747758524
2023,3,Australian Grand Prix,Albert Park Grand Prix Circuit,hamilton,57,3,1.859435,mercedes,0,0,0,1.8700243000000003,0,0,278,70,16.023219806189573,2.2804598492471033,-14.163784806189573,-0.42102484924710337
2023,3,Australian Grand Prix,Albert Park Grand Prix Circuit,hulkenberg,57,3,1.8690550000000001,haas,0,0,0,1.8700243000000003,0,0,272,70,17.022599116626154,3.261762341005498,-15.153544116626154,-1.392707341005498
2023,3,Australian Grand Prix,Albert Park Grand Prix Circuit,maxverstappen,57,3,1.8565019999999999,red_bull,0,0,0,1.8700243000000003,0,0,292,70,15.575054455503802,1.7086779549854012,-13.7185524555038,0.14782404501459867
2023,3,Australian Grand Prix,Albert Park Grand Prix Circuit,norris,57,3,1.864087,mclaren,0,0,0,1.8700243000000003,0,0,270,70,15.62578011322001,2.129372103153311,-13.76169311322001,-0.2652851031533108
2023,3,Australian Grand Prix,Albert Park Grand Prix Circuit,perez,57,5,1.8535679999999999,red_bull,0,0,0,1.8700243000000003,0,0,292,70,15.575054455503802,1.710582080382531,-13.721486455503802,0.14298591961746898
2023,3,Australian Grand Prix,Albert Park Grand Prix Circuit,piastri,57,4,1.8662260000000002,mclaren,0,0,0,1.8700243000000003,0,0,270,70,15.62578011322001,3.613239596538787,-13.759554113220009,-1.7470135965387867
2023,3,Australian Grand Prix,Albert Park Grand Prix Circuit,sainz,57,4,1.8615540000000002,ferrari,0,0,0,1.8700243000000003,0,0,259,70,15.65218473381041,3.514207311096503,-13.79063073381041,-1.652653311096503
2023,3,Australian Grand Prix,Albert Park Grand Prix Circuit,stroll,57,3,1.845925,aston_martin,0,0,0,1.8700243000000003,0,0,271,70,15.840080523829258,2.3905250498151527,-13.994155523829258,-0.5446000498151526
2023,3,Australian Grand Prix,Albert Park Grand Prix Circuit,tsunoda,57,4,1.8712090000000001,alphatauri,0,0,0,1.8700243000000003,1,0,202,70,15.362400783359956,20.249918710480777,-13.491191783359955,-18.378709710480777
2023,3,Australian Grand Prix,Albert Park Grand Prix Circuit,zhou,57,5,1.8649980000000002,alfa,0,0,0,1.8700243000000003,0,0,194,70,15.818995990593608,2.5532436919191244,-13.953997990593608,-0.6882456919191242
2023,4,Azerbaijan Grand Prix,Baku City Circuit,albon,7,1,21.103,williams,0,0,0,24.5893,1,0,271,88,18.841927840022873,20.858022865403363,2.261072159977129,0.24497713459663828
2023,4,Azerbaijan Grand Prix,Baku City Circuit,alonso,11,1,23.148,aston_martin,0,0,0,24.5893,1,0,271,88,17.807958979157625,20.591340464941382,5.340041020842374,2.5566595350586176
2023,4,Azerbaijan Grand Prix,Baku City Circuit,bottas,6,1,20.967,alfa,0,0,0,24.5893,1,0,194,88,17.786874445921978,20.749052482864982,3.180125554078021,0.21794751713501626
2023,4,Azerbaijan Grand Prix,Baku City Circuit,bottas,12,2,22.354,alfa,0,0,0,24.5893,1,0,194,88,17.786874445921978,20.92664957431564,4.567125554078022,1.4273504256843594
2023,4,Azerbaijan Grand Prix,Baku City Circuit,bottas,34,3,21.012,alfa,0,0,0,24.5893,1,0,194,88,17.786874445921978,21.38965010242072,3.225125554078023,-0.37765010242071995
2023,4,Azerbaijan Grand Prix,Baku City Circuit,gasly,5,1,20.235,alpine,0,0,0,24.5893,1,0,249,88,17.812415605336966,20.742286332857482,2.4225843946630334,-0.5072863328574826
2023,4,Azerbaijan Grand Prix,Baku City Circuit,gasly,23,2,21.169,alpine,0,0,0,24.5893,1,0,249,88,17.812415605336966,20.92732942138792,3.3565843946630345,0.24167057861208008
2023,4,Azerbaijan Grand Prix,Baku City Circuit,hamilton,9,1,20.324,mercedes,0,0,0,24.5893,1,0,278,88,17.99109826151794,20.480034264860038,2.332901738482061,-0.15603426486003613
2023,4,Azerbaijan Grand Prix,Baku City Circuit,hulkenberg,49,1,24.748,haas,0,0,0,24.5893,1,0,272,88,18.99047757195452,21.486156746884358,5.75752242804548,3.261843253115643
2023,4,Azerbaijan Grand Prix,Baku City Circuit,kevinmagnussen,10,1,30.951,haas,0,0,0,24.5893,1,0,272,88,18.99047757195452,21.46195725637508,11.96052242804548,9.489042743624921
2023,4,Azerbaijan Grand Prix,Baku City Circuit,leclerc,11,1,21.126,ferrari,0,0,0,24.5893,1,0,259,88,17.62006318913878,20.231155232837256,3.505936810861222,0.8948447671627449
2023,4,Azerbaijan Grand Prix,Baku City Circuit,maxverstappen,10,1,20.707,red_bull,0,0,0,24.5893,1,0,292,88,17.54293291083217,19.908872870354983,3.1640670891678297,0.7981271296450174
2023,4,Azerbaijan Grand Prix,Baku City Circuit,norris,9,1,20.346,mclaren,0,0,0,24.5893,1,0,270,88,17.593658568548378,20.328946518766244,2.7523414314516224,0.01705348123375572
2023,4,Azerbaijan Grand Prix,Baku City Circuit,ocon,50,1,20.367,alpine,0,0,0,24.5893,1,0,249,88,17.812415605336966,20.77020882190665,2.554584394663035,-0.40320882190664875
2023,4,Azerbaijan Grand Prix,Baku City Circuit,perez,11,1,20.389,red_bull,0,0,0,24.5893,1,0,292,88,17.54293291083217,19.909493370111633,2.8460670891678284,0.4795066298883661
2023,4,Azerbaijan Grand Prix,Baku City Circuit,piastri,8,1,20.902,mclaren,0,0,0,24.5893,1,0,270,88,17.593658568548378,20.328326019009594,3.3083414314516233,0.5736739809904066
2023,4,Azerbaijan Grand Prix,Baku City Circuit,russell,11,1,20.459,mercedes,0,0,0,24.5893,1,0,278,88,17.99109826151794,20.481275264373334,2.467901738482059,-0.02227526437333438
2023,4,Azerbaijan Grand Prix,Baku City Circuit,russell,49,2,21.389,mercedes,0,0,0,24.5893,1,0,278,88,17.99109826151794,20.67872834803673,3.3979017384820587,0.7102716519632679
2023,4,Azerbaijan Grand Prix,Baku City Circuit,sainz,11,1,21.97,ferrari,0,0,0,24.5893,1,0,259,88,17.62006318913878,20.231155232837256,4.3499368108612195,1.7388447671627425
2023,4,Azerbaijan Grand Prix,Baku City Circuit,sargeant,8,1,21.015,williams,0,0,0,24.5893,1,0,271,88,18.841927840022873,20.85864336516001,2.173072159977128,0.15635663483999096
2023,4,Azerbaijan Grand Prix,Baku City Circuit,stroll,11,1,23.161,aston_martin,0,0,0,24.5893,1,0,271,88,17.807958979157625,20.591340464941382,5.353041020842376,2.5696595350586193
2023,4,Azerbaijan Grand Prix,Baku City Circuit,tsunoda,8,1,20.497,alphatauri,0,0,0,24.5893,1,0,202,88,17.330279238688323,20.36407387762132,3.1667207613116766,0.13292612237868084
2023,4,Azerbaijan Grand Prix,Baku City Circuit,zhou,11,1,22.247,alfa,0,0,0,24.5893,1,0,194,88,17.786874445921978,20.752154981648225,4.460125554078022,1.494845018351775
2023,5,Miami Grand Prix,Miami International Autodrome,albon,22,1,22.482,williams,0,0,0,25.332400000000018,1,0,271,73,23.05522685397657,22.32299097492299,-0.5732268539765712,0.1590090250770082
2023,5,Miami Grand Prix,Miami International Autodrome,alonso,24,1,22.631,aston_martin,0,0,0,25.332400000000018,1,0,271,73,22.021257993111323,22.055067574947714,0.609742006888677,0.5759324250522866
2023,5,Miami Grand Prix,Miami International Autodrome,bottas,15,1,23.158,alfa,0,0,0,25.332400000000018,1,0,194,73,22.000173459875676,22.210297593844725,1.1578265401243257,0.9477024061552761
2023,5,Miami Grand Prix,Miami International Autodrome,devries,15,1,23.487,alphatauri,0,0,0,25.332400000000018,1,0,202,73,21.54357825264202,21.824077989087765,1.9434217473579771,1.662922010912233
2023,5,Miami Grand Prix,Miami International Autodrome,gasly,15,1,22.417,alpine,0,0,0,25.332400000000018,1,0,249,73,22.025714619290667,22.20415194359387,0.39128538070933416,0.21284805640613058
2023,5,Miami Grand Prix,Miami International Autodrome,hamilton,37,1,22.15,mercedes,0,0,0,25.332400000000018,1,0,278,73,22.20439727547164,21.953068871216093,-0.05439727547163997,0.1969311287839055
2023,5,Miami Grand Prix,Miami International Autodrome,hulkenberg,33,1,23.12,haas,0,0,0,25.332400000000018,1,0,272,73,23.20377658590822,22.931889363947896,-0.08377658590821824,0.1881106360521052
2023,5,Miami Grand Prix,Miami International Autodrome,kevinmagnussen,14,1,22.616,haas,0,0,0,25.332400000000018,1,0,272,73,23.20377658590822,22.92009986857158,-0.5877765859082196,-0.3040998685715799
2023,5,Miami Grand Prix,Miami International Autodrome,leclerc,17,1,22.068,ferrari,0,0,0,25.332400000000018,1,0,259,73,21.833362203092477,21.690538844547053,0.23463779690752418,0.37746115545294856
2023,5,Miami Grand Prix,Miami International Autodrome,maxverstappen,45,1,22.688,red_bull,0,0,0,25.332400000000018,1,0,292,73,21.756231924785865,21.386250975007577,0.9317680752141335,1.3017490249924215
2023,5,Miami Grand Prix,Miami International Autodrome,norris,4,1,24.09,mclaren,0,0,0,25.332400000000018,1,0,270,73,21.806957582502076,21.78150463315291,2.2830424174979242,2.3084953668470902
2023,5,Miami Grand Prix,Miami International Autodrome,ocon,39,1,21.942,alpine,0,0,0,25.332400000000018,1,0,249,73,22.025714619290667,22.219043937753426,-0.08371461929066726,-0.27704393775342595
2023,5,Miami Grand Prix,Miami International Autodrome,perez,20,1,21.884,red_bull,0,0,0,25.332400000000018,1,0,292,73,21.756231924785865,21.370738481091372,0.12776807521413502,0.513261518908628
2023,5,Miami Grand Prix,Miami International Autodrome,piastri,5,1,22.205,mclaren,0,0,0,25.332400000000018,1,0,270,73,21.806957582502076,21.782125132909556,0.3980424174979227,0.4228748670904423
2023,5,Miami Grand Prix,Miami International Autodrome,russell,17,1,22.335,mercedes,0,0,0,25.332400000000018,1,0,278,73,22.20439727547164,21.940658876083127,0.1306027245283623,0.3943411239168739
2023,5,Miami Grand Prix,Miami International Autodrome,sainz,18,1,22.278,ferrari,0,0,0,25.332400000000018,1,0,259,73,21.833362203092477,21.6911593443037,0.4446377969075215,0.5868406556962995
2023,5,Miami Grand Prix,Miami International Autodrome,sargeant,2,1,48.938,williams,0,0,0,25.332400000000018,1,0,271,73,23.05522685397657,22.31058097979003,25.882773146023432,26.627419020209974
2023,5,Miami Grand Prix,Miami International Autodrome,stroll,42,1,22.651,aston_martin,0,0,0,25.332400000000018,1,0,271,73,22.021257993111323,22.06623657056738,0.6297420068886765,0.5847634294326198
2023,5,Miami Grand Prix,Miami International Autodrome,tsunoda,36,1,22.39,alphatauri,0,0,0,25.332400000000018,1,0,202,73,21.54357825264202,21.837108483977374,0.8464217473579794,0.5528915160226262
2023,5,Miami Grand Prix,Miami International Autodrome,zhou,31,1,22.796,alfa,0,0,0,25.332400000000018,1,0,194,73,22.000173459875676,22.220225589951095,0.7958265401243239,0.5757744100489042
2023,6,Monaco Grand Prix,Circuit de Monaco,albon,18,1,24.29,williams,0,0,0,34.06265,1,0,271,71,20.934129268806437,25.871732610961832,3.355870731193562,-1.5817326109618328
2023,6,Monaco Grand Prix,Circuit de Monaco,albon,52,2,26.99,williams,0,0,0,34.06265,1,0,271,71,20.934129268806437,26.06670369559864,6.055870731193561,0.923296304401358
2023,6,Monaco Grand Prix,Circuit de Monaco,alonso,54,1,24.414,aston_martin,0,0,0,34.06265,1,0,271,71,19.90016040794119,25.62490620271259,4.513839592058812,-1.2109062027125894
2023,6,Monaco Grand Prix,Circuit de Monaco,alonso,55,2,25.916,aston_martin,0,0,0,34.06265,1,0,271,71,19.90016040794119,25.79940079538001,6.015839592058811,0.11659920461999107
2023,6,Monaco Grand Prix,Circuit de Monaco,bottas,51,1,30.395,alfa,0,0,0,34.06265,1,0,194,71,19.87907587470554,25.78385922014949,10.515924125294461,4.611140779850508
2023,6,Monaco Grand Prix,Circuit de Monaco,devries,53,1,24.539,alphatauri,0,0,0,34.06265,1,0,202,71,19.422480667471888,25.398880614905828,5.116519332528114,-0.8598806149058262
2023,6,Monaco Grand Prix,Circuit de Monaco,gasly,47,1,23.902,alpine,0,0,0,34.06265,1,0,249,71,19.90461703412053,25.775231570872048,3.9973829658794706,-1.873231570872047
2023,6,Monaco Grand Prix,Circuit de Monaco,gasly,54,2,29.949,alpine,0,0,0,34.06265,1,0,249,71,19.90461703412053,25.95344916207935,10.044382965879471,3.99555083792065
2023,6,Monaco Grand Prix,Circuit de Monaco,hamilton,31,1,24.594,mercedes,0,0,0,34.06265,1,0,278,71,20.083299690301505,25.500569507741638,4.510700309698496,-0.9065695077416365
2023,6,Monaco Grand Prix,Circuit de Monaco,hamilton,54,2,26.685,mercedes,0,0,0,34.06265,1,0,278,71,20.083299690301505,25.68871509505531,6.601700309698494,0.9962849049446874
2023,6,Monaco Grand Prix,Circuit de Monaco,hulkenberg,54,2,34.725,haas,0,0,0,34.06265,1,0,272,71,21.082679000738086,26.670017586813707,13.642320999261916,8.054982413186295
2023,6,Monaco Grand Prix,Circuit de Monaco,hulkenberg,59,3,25.672,haas,0,0,0,34.06265,1,0,272,71,21.082679000738086,27.122469619055767,4.589320999261915,-1.4504696190557667
2023,6,Monaco Grand Prix,Circuit de Monaco,kevinmagnussen,56,1,51.052,haas,0,0,0,34.06265,1,0,272,71,21.082679000738086,26.497384493416238,29.969320999261914,24.55461550658376
2023,6,Monaco Grand Prix,Circuit de Monaco,leclerc,44,1,24.192,ferrari,0,0,0,34.06265,1,0,259,71,19.71226461792234,25.258515973041987,4.47973538207766,-1.0665159730419873
2023,6,Monaco Grand Prix,Circuit de Monaco,leclerc,55,2,25.713,ferrari,0,0,0,34.06265,1,0,259,71,19.71226461792234,25.439215563275884,6.000735382077661,0.27378443672411734
2023,6,Monaco Grand Prix,Circuit de Monaco,maxverstappen,55,1,24.798,red_bull,0,0,0,34.06265,1,0,292,71,19.635134339615732,24.94367960763949,5.162865660384266,-0.14567960763949017
2023,6,Monaco Grand Prix,Circuit de Monaco,norris,50,1,24.663,mclaren,0,0,0,34.06265,1,0,270,71,19.685859997331942,25.36127125702416,4.977140002668058,-0.6982712570241603
2023,6,Monaco Grand Prix,Circuit de Monaco,norris,54,2,33.428,mclaren,0,0,0,34.06265,1,0,270,71,19.685859997331942,25.53762734896152,13.742140002668055,7.890372651038476
2023,6,Monaco Grand Prix,Circuit de Monaco,ocon,32,1,25.833,alpine,0,0,0,34.06265,1,0,249,71,19.90461703412053,25.765924074522324,5.928382965879468,0.06707592547767405
2023,6,Monaco Grand Prix,Circuit de Monaco,ocon,54,2,24.707,alpine,0,0,0,34.06265,1,0,249,71,19.90461703412053,25.95344916207935,4.80238296587947,-1.246449162079351
2023,6,Monaco Grand Prix,Circuit de Monaco,perez,34,2,32.749,red_bull,0,0,0,34.06265,1,0,292,71,19.635134339615732,25.104523205660644,13.11386566038427,7.644476794339358
2023,6,Monaco Grand Prix,Circuit de Monaco,perez,53,3,24.217,red_bull,0,0,0,34.06265,1,0,292,71,19.635134339615732,25.565662234495782,4.581865660384267,-1.3486622344957837
2023,6,Monaco Grand Prix,Circuit de Monaco,perez,57,4,29.337,red_bull,0,0,0,34.06265,1,0,292,71,19.635134339615732,27.05201172690785,9.701865660384268,2.28498827309215
2023,6,Monaco Grand Prix,Circuit de Monaco,perez,70,5,25.466,red_bull,0,0,0,34.06265,1,0,292,71,19.635134339615732,25.578114855755928,5.830865660384269,-0.11211485575592661
2023,6,Monaco Grand Prix,Circuit de Monaco,piastri,54,1,25.851,mclaren,0,0,0,34.06265,1,0,270,71,19.685859997331942,25.363753256050753,6.165140002668057,0.48724674394924605
2023,6,Monaco Grand Prix,Circuit de Monaco,russell,54,1,30.98,mercedes,0,0,0,34.06265,1,0,278,71,20.083299690301505,25.514841002144543,10.896700309698495,5.465158997855458
2023,6,Monaco Grand Prix,Circuit de Monaco,sainz,33,1,24.252,ferrari,0,0,0,34.06265,1,0,259,71,19.71226461792234,25.251690475718856,4.539735382077659,-0.9996904757188574
2023,6,Monaco Grand Prix,Circuit de Monaco,sainz,55,2,29.3,ferrari,0,0,0,34.06265,1,0,259,71,19.71226461792234,25.439215563275884,9.58773538207766,3.860784436724117
2023,6,Monaco Grand Prix,Circuit de Monaco,sargeant,20,1,24.376,williams,0,0,0,34.06265,1,0,271,71,20.934129268806437,25.872973610475128,3.441870731193564,-1.496973610475127
2023,6,Monaco Grand Prix,Circuit de Monaco,sargeant,23,2,27.774,williams,0,0,0,34.06265,1,0,271,71,20.934129268806437,26.048709202655843,6.839870731193564,1.725290797344158
2023,6,Monaco Grand Prix,Circuit de Monaco,sargeant,52,3,25.946,williams,0,0,0,34.06265,1,0,271,71,20.934129268806437,26.51605322905746,5.011870731193564,-0.5700532290574571
2023,6,Monaco Grand Prix,Circuit de Monaco,stroll,51,1,24.656,aston_martin,0,0,0,34.06265,1,0,271,71,19.90016040794119,25.62304470344265,4.755839592058809,-0.9670447034426495
2023,6,Monaco Grand Prix,Circuit de Monaco,tsunoda,53,1,33.706,alphatauri,0,0,0,34.06265,1,0,202,71,19.422480667471888,25.398880614905828,14.283519332528115,8.307119385094175
2023,6,Monaco Grand Prix,Circuit de Monaco,zhou,52,2,25.26,alfa,0,0,0,34.06265,1,0,194,71,19.87907587470554,25.95835381281691,5.380924125294463,-0.698353812816908
2023,7,Spanish Grand Prix,Circuit de Barcelona-Catalunya,albon,16,1,23.319,williams,0,0,0,24.10935,1,0,271,172,23.620141340457206,22.554705820203008,-0.30114134045720675,0.7642941797969911
2023,7,Spanish Grand Prix,Circuit de Barcelona-Catalunya,albon,37,2,23.449,williams,0,0,0,24.10935,1,0,271,172,23.620141340457206,22.74161040800339,-0.1711413404572042,0.7073895919966127
2023,7,Spanish Grand Prix,Circuit de Barcelona-Catalunya,alonso,19,1,22.558,aston_martin,0,0,0,24.10935,1,0,271,172,22.58617247959196,22.28740291998438,-0.028172479591958677,0.27059708001561944
2023,7,Spanish Grand Prix,Circuit de Barcelona-Catalunya,alonso,44,2,22.896,aston_martin,0,0,0,24.10935,1,0,271,172,22.58617247959196,22.47678950681135,0.3098275204080423,0.41921049318865045
2023,7,Spanish Grand Prix,Circuit de Barcelona-Catalunya,bottas,5,1,23.691,alfa,0,0,0,24.10935,1,0,194,172,22.56508794635631,22.43953044009815,1.1259120536436882,1.2514695599018495
2023,7,Spanish Grand Prix,Circuit de Barcelona-Catalunya,bottas,39,2,24.097,alfa,0,0,0,24.10935,1,0,194,172,22.56508794635631,22.634501524734954,1.5319120536436905,1.462498475265047
2023,7,Spanish Grand Prix,Circuit de Barcelona-Catalunya,devries,9,1,22.522,alphatauri,0,0,0,24.10935,1,0,202,172,22.10849273912266,22.055792834367786,0.41350726087733847,0.46620716563221265
2023,7,Spanish Grand Prix,Circuit de Barcelona-Catalunya,devries,38,2,21.976,alphatauri,0,0,0,24.10935,1,0,202,172,22.10849273912266,22.24766142022135,-0.1324927391226609,-0.2716614202213492
2023,7,Spanish Grand Prix,Circuit de Barcelona-Catalunya,gasly,19,1,23.388,alpine,0,0,0,24.10935,1,0,249,172,22.590629105771303,22.44207178644037,0.797370894228699,0.9459282135596325
2023,7,Spanish Grand Prix,Circuit de Barcelona-Catalunya,gasly,39,2,23.61,alpine,0,0,0,24.10935,1,0,249,172,22.590629105771303,22.6283558744841,1.0193708942286968,0.9816441255158992
2023,7,Spanish Grand Prix,Circuit de Barcelona-Catalunya,hamilton,24,1,22.575,mercedes,0,0,0,24.10935,1,0,278,172,22.769311761952277,22.18044021819957,-0.19431176195227806,0.39455978180042806
2023,7,Spanish Grand Prix,Circuit de Barcelona-Catalunya,hamilton,50,2,22.731,mercedes,0,0,0,24.10935,1,0,278,172,22.769311761952277,22.37044730478319,-0.0383117619522757,0.36055269521681055
2023,7,Spanish Grand Prix,Circuit de Barcelona-Catalunya,hulkenberg,8,1,22.298,haas,0,0,0,24.10935,1,0,272,172,23.768691072388854,23.151814713851596,-1.4706910723888562,-0.8538147138515981
2023,7,Spanish Grand Prix,Circuit de Barcelona-Catalunya,hulkenberg,26,2,23.257,haas,0,0,0,24.10935,1,0,272,172,23.768691072388854,23.33685780238203,-0.511691072388853,-0.07985780238202977
2023,7,Spanish Grand Prix,Circuit de Barcelona-Catalunya,hulkenberg,43,3,24.484,haas,0,0,0,24.10935,1,0,272,172,23.768691072388854,23.79675583170387,0.7153089276111473,0.6872441682961323
2023,7,Spanish Grand Prix,Circuit de Barcelona-Catalunya,kevinmagnussen,10,1,22.124,haas,0,0,0,24.10935,1,0,272,172,23.768691072388854,23.153055713364893,-1.6446910723888557,-1.0290557133648939
2023,7,Spanish Grand Prix,Circuit de Barcelona-Catalunya,kevinmagnussen,24,2,24.8,haas,0,0,0,24.10935,1,0,272,172,23.768691072388854,23.335616802868735,1.0313089276111462,1.4643831971312657
2023,7,Spanish Grand Prix,Circuit de Barcelona-Catalunya,kevinmagnussen,42,3,22.291,haas,0,0,0,24.10935,1,0,272,172,23.768691072388854,23.796135331947223,-1.477691072388854,-1.5051353319472227
2023,7,Spanish Grand Prix,Circuit de Barcelona-Catalunya,leclerc,16,1,21.778,ferrari,0,0,0,24.10935,1,0,259,172,22.398276689573112,21.92535618861031,-0.6202766895731138,-0.14735618861030986
2023,7,Spanish Grand Prix,Circuit de Barcelona-Catalunya,leclerc,41,2,23.003,ferrari,0,0,0,24.10935,1,0,259,172,22.398276689573112,22.114742775437282,0.6047233104268877,0.888257224562718
2023,7,Spanish Grand Prix,Circuit de Barcelona-Catalunya,maxverstappen,26,1,22.241,red_bull,0,0,0,24.10935,1,0,292,172,22.321146411266504,21.609899323451167,-0.08014641126650446,0.631100676548833
2023,7,Spanish Grand Prix,Circuit de Barcelona-Catalunya,maxverstappen,52,2,22.357,red_bull,0,0,0,24.10935,1,0,292,172,22.321146411266504,21.799906410034787,0.0358535887334952,0.5570935899652127
2023,7,Spanish Grand Prix,Circuit de Barcelona-Catalunya,norris,22,2,22.85,mclaren,0,0,0,24.10935,1,0,270,172,22.37187206898271,22.20198556550325,0.47812793101729056,0.6480144344967513
2023,7,Spanish Grand Prix,Circuit de Barcelona-Catalunya,norris,50,3,22.062,mclaren,0,0,0,24.10935,1,0,270,172,22.37187206898271,22.66870909214822,-0.3098720689827097,-0.6067090921482183
2023,7,Spanish Grand Prix,Circuit de Barcelona-Catalunya,ocon,13,1,22.112,alpine,0,0,0,24.10935,1,0,249,172,22.590629105771303,22.43834878790048,-0.47862910577130435,-0.32634878790048205
2023,7,Spanish Grand Prix,Circuit de Barcelona-Catalunya,ocon,35,2,24.11,alpine,0,0,0,24.10935,1,0,249,172,22.590629105771303,22.625873875457508,1.5193708942286968,1.4841261245424917
2023,7,Spanish Grand Prix,Circuit de Barcelona-Catalunya,perez,27,1,21.775,red_bull,0,0,0,24.10935,1,0,292,172,22.321146411266504,21.610519823207817,-0.5461464112665055,0.16448017679218196
2023,7,Spanish Grand Prix,Circuit de Barcelona-Catalunya,perez,50,2,21.537,red_bull,0,0,0,24.10935,1,0,292,172,22.321146411266504,21.798665410521487,-0.7841464112665051,-0.26166541052148773
2023,7,Spanish Grand Prix,Circuit de Barcelona-Catalunya,piastri,17,1,22.37,mclaren,0,0,0,24.10935,1,0,270,172,22.37187206898271,22.025008973809243,-0.0018720689827098624,0.3449910261907583
2023,7,Spanish Grand Prix,Circuit de Barcelona-Catalunya,piastri,39,2,22.862,mclaren,0,0,0,24.10935,1,0,270,172,22.37187206898271,22.21253406136627,0.49012793101728747,0.6494659386337283
2023,7,Spanish Grand Prix,Circuit de Barcelona-Catalunya,russell,25,1,22.275,mercedes,0,0,0,24.10935,1,0,278,172,22.769311761952277,22.18106071795622,-0.49431176195227877,0.09393928204377744
2023,7,Spanish Grand Prix,Circuit de Barcelona-Catalunya,russell,45,2,22.054,mercedes,0,0,0,24.10935,1,0,278,172,22.769311761952277,22.367344805999952,-0.7153117619522789,-0.31334480599995373
2023,7,Spanish Grand Prix,Circuit de Barcelona-Catalunya,sainz,15,1,22.321,ferrari,0,0,0,24.10935,1,0,259,172,22.398276689573112,21.924735688853662,-0.07727668957311096,0.3962643111463393
2023,7,Spanish Grand Prix,Circuit de Barcelona-Catalunya,sainz,41,2,22.375,ferrari,0,0,0,24.10935,1,0,259,172,22.398276689573112,22.114742775437282,-0.023276689573112463,0.26025722456271794
2023,7,Spanish Grand Prix,Circuit de Barcelona-Catalunya,sargeant,17,1,22.583,williams,0,0,0,24.10935,1,0,271,172,23.620141340457206,22.555326319959658,-1.0371413404572074,0.027673680040340543
2023,7,Spanish Grand Prix,Circuit de Barcelona-Catalunya,sargeant,36,2,23.827,williams,0,0,0,24.10935,1,0,271,172,23.620141340457206,22.74098990824674,0.20685865954279592,1.0860100917532627
2023,7,Spanish Grand Prix,Circuit de Barcelona-Catalunya,stroll,14,1,22.355,aston_martin,0,0,0,24.10935,1,0,271,172,22.58617247959196,22.284300421201138,-0.23117247959195808,0.07069957879886246
2023,7,Spanish Grand Prix,Circuit de Barcelona-Catalunya,stroll,34,2,23.371,aston_martin,0,0,0,24.10935,1,0,271,172,22.58617247959196,22.47058450924487,0.7848275204080402,0.9004154907551296
2023,7,Spanish Grand Prix,Circuit de Barcelona-Catalunya,tsunoda,10,1,22.176,alphatauri,0,0,0,24.10935,1,0,202,172,22.10849273912266,22.05641333412443,0.06750726087733838,0.11958666587556976
2023,7,Spanish Grand Prix,Circuit de Barcelona-Catalunya,tsunoda,34,2,22.009,alphatauri,0,0,0,24.10935,1,0,202,172,22.10849273912266,22.245179421194756,-0.09949273912265966,-0.23617942119475543
2023,7,Spanish Grand Prix,Circuit de Barcelona-Catalunya,zhou,9,1,23.43,alfa,0,0,0,24.10935,1,0,194,172,22.56508794635631,22.442012439124742,0.864912053643689,0.9879875608752577
2023,7,Spanish Grand Prix,Circuit de Barcelona-Catalunya,zhou,36,2,22.889,alfa,0,0,0,24.10935,1,0,194,172,22.56508794635631,22.632640025465008,0.3239120536436886,0.25635997453499115
2023,8,Canadian Grand Prix,Circuit Gilles Villeneuve,albon,12,1,25.064,williams,0,0,0,27.5186,1,0,271,106,27.11604853619839,26.242397346542145,-2.0520485361983916,-1.1783973465421447
2023,8,Canadian Grand Prix,Circuit Gilles Villeneuve,alonso,12,1,24.031,aston_martin,0,0,0,27.5186,1,0,271,106,26.08207967533314,25.97323294705357,-2.051079675333142,-1.9422329470535722
2023,8,Canadian Grand Prix,Circuit Gilles Villeneuve,alonso,41,2,23.928,aston_martin,0,0,0,27.5186,1,0,271,106,26.08207967533314,26.165101532907137,-2.15407967533314,-2.237101532907136
2023,8,Canadian Grand Prix,Circuit Gilles Villeneuve,bottas,36,1,24.038,alfa,0,0,0,27.5186,1,0,194,106,26.060995142097493,26.14893945791997,-2.0229951420974928,-2.1109394579199687
2023,8,Canadian Grand Prix,Circuit Gilles Villeneuve,devries,11,1,24.96,alphatauri,0,0,0,27.5186,1,0,202,106,25.604399934863842,25.747207359246804,-0.6443999348638414,-0.7872073592468034
2023,8,Canadian Grand Prix,Circuit Gilles Villeneuve,devries,50,2,23.786,alphatauri,0,0,0,27.5186,1,0,202,106,25.604399934863842,25.94528094266685,-1.8183999348638409,-2.1592809426668502
2023,8,Canadian Grand Prix,Circuit Gilles Villeneuve,gasly,10,1,27.515,alpine,0,0,0,27.5186,1,0,249,106,26.086536301512485,26.126660813996263,1.4284636984875156,1.388339186003737
2023,8,Canadian Grand Prix,Circuit Gilles Villeneuve,gasly,33,2,24.117,alpine,0,0,0,27.5186,1,0,249,106,26.086536301512485,26.31480640130994,-1.969536301512484,-2.19780640130994
2023,8,Canadian Grand Prix,Circuit Gilles Villeneuve,hamilton,12,1,24.339,mercedes,0,0,0,27.5186,1,0,278,106,26.265218957693456,25.863167746485523,-1.9262189576934574,-1.5241677464855243
2023,8,Canadian Grand Prix,Circuit Gilles Villeneuve,hamilton,40,2,23.749,mercedes,0,0,0,27.5186,1,0,278,106,26.265218957693456,26.05441583258244,-2.5162189576934573,-2.3054158325824403
2023,8,Canadian Grand Prix,Circuit Gilles Villeneuve,hulkenberg,11,1,24.88,haas,0,0,0,27.5186,1,0,272,106,27.264598268130037,26.84384973848727,-2.3845982681300377,-1.9638497384872693
2023,8,Canadian Grand Prix,Circuit Gilles Villeneuve,hulkenberg,31,2,24.2,haas,0,0,0,27.5186,1,0,272,106,27.264598268130037,27.030133826531,-3.0645982681300374,-2.830133826531
2023,8,Canadian Grand Prix,Circuit Gilles Villeneuve,kevinmagnussen,35,1,24.909,haas,0,0,0,27.5186,1,0,272,106,27.264598268130037,26.858741732646823,-2.355598268130038,-1.9497417326468245
2023,8,Canadian Grand Prix,Circuit Gilles Villeneuve,kevinmagnussen,53,2,24.515,haas,0,0,0,27.5186,1,0,272,106,27.264598268130037,27.043784821177262,-2.749598268130036,-2.5287848211772612
2023,8,Canadian Grand Prix,Circuit Gilles Villeneuve,leclerc,39,1,24.343,ferrari,0,0,0,27.5186,1,0,259,106,25.894183885314295,25.629801208378947,-1.5511838853142947,-1.2868012083789466
2023,8,Canadian Grand Prix,Circuit Gilles Villeneuve,maxverstappen,12,1,23.644,red_bull,0,0,0,27.5186,1,0,292,106,25.817053607007686,25.29138585222382,-2.173053607007688,-1.6473858522238203
2023,8,Canadian Grand Prix,Circuit Gilles Villeneuve,maxverstappen,42,2,23.91,red_bull,0,0,0,27.5186,1,0,292,106,25.817053607007686,25.48387493783403,-1.9070536070076862,-1.5738749378340309
2023,8,Canadian Grand Prix,Circuit Gilles Villeneuve,norris,12,1,25.862,mclaren,0,0,0,27.5186,1,0,270,106,25.867779264723893,25.712080000391726,-0.005779264723894784,0.1499199996082723
2023,8,Canadian Grand Prix,Circuit Gilles Villeneuve,norris,35,2,23.57,mclaren,0,0,0,27.5186,1,0,270,106,25.867779264723893,25.900225587705403,-2.297779264723893,-2.330225587705403
2023,8,Canadian Grand Prix,Circuit Gilles Villeneuve,ocon,12,1,24.402,alpine,0,0,0,27.5186,1,0,249,106,26.086536301512485,26.12790181350956,-1.684536301512484,-1.7259018135095587
2023,8,Canadian Grand Prix,Circuit Gilles Villeneuve,ocon,36,2,23.698,alpine,0,0,0,27.5186,1,0,249,106,26.086536301512485,26.316667900579883,-2.3885363015124845,-2.618667900579883
2023,8,Canadian Grand Prix,Circuit Gilles Villeneuve,perez,37,1,23.281,red_bull,0,0,0,27.5186,1,0,292,106,25.817053607007686,25.306898346140024,-2.5360536070076876,-2.025898346140025
2023,8,Canadian Grand Prix,Circuit Gilles Villeneuve,perez,68,2,23.218,red_bull,0,0,0,27.5186,1,0,292,106,25.817053607007686,25.500007931506882,-2.5990536070076864,-2.2820079315068824
2023,8,Canadian Grand Prix,Circuit Gilles Villeneuve,piastri,12,1,24.828,mclaren,0,0,0,27.5186,1,0,270,106,25.867779264723893,25.712080000391726,-1.0397792647238937,-0.8840800003917266
2023,8,Canadian Grand Prix,Circuit Gilles Villeneuve,piastri,37,2,23.436,mclaren,0,0,0,27.5186,1,0,270,106,25.867779264723893,25.9014665872187,-2.431779264723893,-2.4654665872186996
2023,8,Canadian Grand Prix,Circuit Gilles Villeneuve,russell,12,1,88.943,mercedes,0,0,0,27.5186,1,0,278,106,26.265218957693456,25.863167746485523,62.67778104230654,63.079832253514475
2023,8,Canadian Grand Prix,Circuit Gilles Villeneuve,sainz,38,1,24.133,ferrari,0,0,0,27.5186,1,0,259,106,25.894183885314295,25.629180708622297,-1.7611838853142956,-1.4961807086222976
2023,8,Canadian Grand Prix,Circuit Gilles Villeneuve,stroll,11,1,23.711,aston_martin,0,0,0,27.5186,1,0,271,106,26.08207967533314,25.97261244729692,-2.3710796753331422,-2.2616124472969226
2023,8,Canadian Grand Prix,Circuit Gilles Villeneuve,stroll,27,2,23.839,aston_martin,0,0,0,27.5186,1,0,271,106,26.08207967533314,26.15641453631406,-2.243079675333142,-2.317414536314061
2023,8,Canadian Grand Prix,Circuit Gilles Villeneuve,tsunoda,34,2,27.523,alphatauri,0,0,0,27.5186,1,0,202,106,25.604399934863842,25.93535294656048,1.9186000651361574,1.5876470534395182
2023,8,Canadian Grand Prix,Circuit Gilles Villeneuve,zhou,12,1,24.161,alfa,0,0,0,27.5186,1,0,194,106,26.060995142097493,26.134047463760414,-1.8999951420974917,-1.9730474637604125
2023,8,Canadian Grand Prix,Circuit Gilles Villeneuve,zhou,32,2,27.509,alfa,0,0,0,27.5186,1,0,194,106,26.060995142097493,26.320331551804145,1.4480048579025073,1.1886684481958554
2023,9,Austrian Grand Prix,Red Bull Ring,albon,2,1,16.737,williams,0,0,0,28.583,1,0,271,192,23.098543412353578,22.06486775160415,-6.36154341235358,-5.327867751604153
2023,9,Austrian Grand Prix,Red Bull Ring,albon,14,2,21.562,williams,0,0,0,28.583,1,0,271,192,23.098543412353578,22.246187841594697,-1.536543412353577,-0.6841878415946958
2023,9,Austrian Grand Prix,Red Bull Ring,albon,41,3,27.683,williams,0,0,0,28.583,1,0,271,192,23.098543412353578,22.71229086848302,4.584456587646422,4.97070913151698
2023,9,Austrian Grand Prix,Red Bull Ring,alonso,2,1,16.6,aston_martin,0,0,0,28.583,1,0,271,192,22.06457455148833,21.795703352115577,-5.4645745514883295,-5.195703352115576
2023,9,Austrian Grand Prix,Red Bull Ring,alonso,15,2,22.371,aston_martin,0,0,0,28.583,1,0,271,192,22.06457455148833,21.977643941862773,0.30642544851166775,0.3933560581372255
2023,9,Austrian Grand Prix,Red Bull Ring,alonso,44,3,21.993,aston_martin,0,0,0,28.583,1,0,271,192,22.06457455148833,22.44498796826439,-0.07157455148833236,-0.45198796826439036
2023,9,Austrian Grand Prix,Red Bull Ring,bottas,2,1,17.13,alfa,0,0,0,28.583,1,0,194,192,22.043490018252683,21.95651786882242,-4.913490018252684,-4.826517868822421
2023,9,Austrian Grand Prix,Red Bull Ring,bottas,21,2,31.785,alfa,0,0,0,28.583,1,0,194,192,22.043490018252683,22.142181457109505,9.741509981747317,9.642818542890495
2023,9,Austrian Grand Prix,Red Bull Ring,bottas,40,3,21.975,alfa,0,0,0,28.583,1,0,194,192,22.043490018252683,22.60332048594464,-0.06849001825268175,-0.6283204859446379
2023,9,Austrian Grand Prix,Red Bull Ring,devries,2,1,17.033,alphatauri,0,0,0,28.583,1,0,202,192,21.586894811019032,21.570298264065464,-4.553894811019031,-4.537298264065463
2023,9,Austrian Grand Prix,Red Bull Ring,devries,12,2,21.333,alphatauri,0,0,0,28.583,1,0,202,192,21.586894811019032,21.750377354542714,-0.253894811019034,-0.4173773545427153
2023,9,Austrian Grand Prix,Red Bull Ring,devries,37,3,21.074,alphatauri,0,0,0,28.583,1,0,202,192,21.586894811019032,22.215239381917733,-0.5128948110190308,-1.1412393819177318
2023,9,Austrian Grand Prix,Red Bull Ring,gasly,2,1,16.38,alpine,0,0,0,28.583,1,0,249,192,22.069031177667675,21.95037221857157,-5.689031177667676,-5.5703722185715705
2023,9,Austrian Grand Prix,Red Bull Ring,gasly,14,2,21.814,alpine,0,0,0,28.583,1,0,249,192,22.069031177667675,22.131692308562116,-0.255031177667675,-0.3176923085621155
2023,9,Austrian Grand Prix,Red Bull Ring,gasly,44,3,27.804,alpine,0,0,0,28.583,1,0,249,192,22.069031177667675,22.59965683472038,5.734968822332323,5.204343165279617
2023,9,Austrian Grand Prix,Red Bull Ring,hamilton,2,1,16.415,mercedes,0,0,0,28.583,1,0,278,192,22.24771383384865,21.68563815154753,-5.832713833848651,-5.27063815154753
2023,9,Austrian Grand Prix,Red Bull Ring,hamilton,14,2,21.993,mercedes,0,0,0,28.583,1,0,278,192,22.24771383384865,21.866958241538075,-0.2547138338486512,0.12604175846192334
2023,9,Austrian Grand Prix,Red Bull Ring,hamilton,42,3,27.724,mercedes,0,0,0,28.583,1,0,278,192,22.24771383384865,22.333681768183045,5.4762861661513504,5.390318231816956
2023,9,Austrian Grand Prix,Red Bull Ring,hulkenberg,2,1,16.778,haas,0,0,0,28.583,1,0,272,192,23.247093144285227,22.666940643305924,-6.469093144285228,-5.888940643305926
2023,9,Austrian Grand Prix,Red Bull Ring,hulkenberg,11,2,21.891,haas,0,0,0,28.583,1,0,272,192,23.247093144285227,22.846399234026528,-1.3560931442852286,-0.9553992340265296
2023,9,Austrian Grand Prix,Red Bull Ring,kevinmagnussen,2,2,25.654,haas,0,0,0,28.583,1,0,272,192,23.247093144285227,22.840814736216693,2.406906855714773,2.813185263783307
2023,9,Austrian Grand Prix,Red Bull Ring,kevinmagnussen,34,3,22.25,haas,0,0,0,28.583,1,0,272,192,23.247093144285227,23.310020261888255,-0.9970931442852269,-1.0600202618882548
2023,9,Austrian Grand Prix,Red Bull Ring,leclerc,2,1,16.393,ferrari,0,0,0,28.583,1,0,259,192,21.876678761469485,21.43551812001145,-5.483678761469484,-5.042518120011451
2023,9,Austrian Grand Prix,Red Bull Ring,leclerc,15,2,23.425,ferrari,0,0,0,28.583,1,0,259,192,21.876678761469485,21.617458709758647,1.5483212385305158,1.8075412902413532
2023,9,Austrian Grand Prix,Red Bull Ring,leclerc,47,3,21.47,ferrari,0,0,0,28.583,1,0,259,192,21.876678761469485,22.08666423543021,-0.406678761469486,-0.6166642354302105
2023,9,Austrian Grand Prix,Red Bull Ring,maxverstappen,2,1,16.369,red_bull,0,0,0,28.583,1,0,292,192,21.799548483162877,21.113856257285825,-5.430548483162877,-4.744856257285825
2023,9,Austrian Grand Prix,Red Bull Ring,maxverstappen,24,2,21.365,red_bull,0,0,0,28.583,1,0,292,192,21.799548483162877,21.301381344842852,-0.4345484831628781,0.06361865515714626
2023,9,Austrian Grand Prix,Red Bull Ring,maxverstappen,49,3,21.641,red_bull,0,0,0,28.583,1,0,292,192,21.799548483162877,21.76624337221788,-0.15854848316287828,-0.12524337221788073
2023,9,Austrian Grand Prix,Red Bull Ring,maxverstappen,69,4,21.328,red_bull,0,0,0,28.583,1,0,292,192,21.799548483162877,23.262520860736316,-0.4715484831628771,-1.934520860736317
2023,9,Austrian Grand Prix,Red Bull Ring,norris,2,1,18.076,mclaren,0,0,0,28.583,1,0,270,192,21.850274140879083,21.534550405453736,-3.7742741408790828,-3.4585504054537353
2023,9,Austrian Grand Prix,Red Bull Ring,norris,14,2,21.29,mclaren,0,0,0,28.583,1,0,270,192,21.850274140879083,21.715870495444282,-0.5602741408790841,-0.4258704954442827
2023,9,Austrian Grand Prix,Red Bull Ring,norris,41,3,22.088,mclaren,0,0,0,28.583,1,0,270,192,21.850274140879083,22.181973522332605,0.2377258591209177,-0.09397352233260392
2023,9,Austrian Grand Prix,Red Bull Ring,ocon,2,1,18.143,alpine,0,0,0,28.583,1,0,249,192,22.069031177667675,21.95037221857157,-3.9260311776676744,-3.807372218571569
2023,9,Austrian Grand Prix,Red Bull Ring,ocon,14,2,22.028,alpine,0,0,0,28.583,1,0,249,192,22.069031177667675,22.131692308562116,-0.04103117766767639,-0.10369230856211686
2023,9,Austrian Grand Prix,Red Bull Ring,ocon,40,3,30.427,alpine,0,0,0,28.583,1,0,249,192,22.069031177667675,22.59717483569379,8.357968822332325,7.829825164306211
2023,9,Austrian Grand Prix,Red Bull Ring,perez,2,1,17.428,red_bull,0,0,0,28.583,1,0,292,192,21.799548483162877,21.113856257285825,-4.371548483162876,-3.685856257285824
2023,9,Austrian Grand Prix,Red Bull Ring,perez,25,2,21.655,red_bull,0,0,0,28.583,1,0,292,192,21.799548483162877,21.302001844599502,-0.14454848316287539,0.35299815540049906
2023,9,Austrian Grand Prix,Red Bull Ring,perez,50,3,21.267,red_bull,0,0,0,28.583,1,0,292,192,21.799548483162877,21.76686387197453,-0.5325484831628771,-0.4998638719745294
2023,9,Austrian Grand Prix,Red Bull Ring,piastri,2,1,17.324,mclaren,0,0,0,28.583,1,0,270,192,21.850274140879083,21.534550405453736,-4.526274140879082,-4.210550405453734
2023,9,Austrian Grand Prix,Red Bull Ring,piastri,14,2,22.467,mclaren,0,0,0,28.583,1,0,270,192,21.850274140879083,21.715870495444282,0.6167258591209155,0.7511295045557169
2023,9,Austrian Grand Prix,Red Bull Ring,piastri,22,3,29.912,mclaren,0,0,0,28.583,1,0,270,192,21.850274140879083,22.17018402695629,8.061725859120916,7.74181597304371
2023,9,Austrian Grand Prix,Red Bull Ring,piastri,41,4,22.313,mclaren,0,0,0,28.583,1,0,270,192,21.850274140879083,23.66584101571808,0.4627258591209156,-1.3528410157180808
2023,9,Austrian Grand Prix,Red Bull Ring,russell,2,1,17.946,mercedes,0,0,0,28.583,1,0,278,192,22.24771383384865,21.68563815154753,-4.301713833848648,-3.7396381515475277
2023,9,Austrian Grand Prix,Red Bull Ring,russell,14,2,22.262,mercedes,0,0,0,28.583,1,0,278,192,22.24771383384865,21.866958241538075,0.014286166151350699,0.39504175846192524
2023,9,Austrian Grand Prix,Red Bull Ring,russell,41,3,21.702,mercedes,0,0,0,28.583,1,0,278,192,22.24771383384865,22.3330612684264,-0.545713833848648,-0.6310612684263965
2023,9,Austrian Grand Prix,Red Bull Ring,sainz,2,1,16.38,ferrari,0,0,0,28.583,1,0,259,192,21.876678761469485,21.43551812001145,-5.496678761469486,-5.0555181200114525
2023,9,Austrian Grand Prix,Red Bull Ring,sainz,15,2,26.283,ferrari,0,0,0,28.583,1,0,259,192,21.876678761469485,21.617458709758647,4.406321238530516,4.665541290241354
2023,9,Austrian Grand Prix,Red Bull Ring,sainz,45,3,28.583,ferrari,0,0,0,28.583,1,0,259,192,21.876678761469485,22.085423235916913,6.7063212385305135,6.497576764083085
2023,9,Austrian Grand Prix,Red Bull Ring,sargeant,2,1,17.337,williams,0,0,0,28.583,1,0,271,192,23.098543412353578,22.06486775160415,-5.7615434123535785,-4.727867751604151
2023,9,Austrian Grand Prix,Red Bull Ring,sargeant,14,2,23.194,williams,0,0,0,28.583,1,0,271,192,23.098543412353578,22.246187841594697,0.09545658764642084,0.9478121584053021
2023,9,Austrian Grand Prix,Red Bull Ring,sargeant,43,3,21.543,williams,0,0,0,28.583,1,0,271,192,23.098543412353578,22.713531867996313,-1.555543412353579,-1.1705318679963135
2023,9,Austrian Grand Prix,Red Bull Ring,stroll,2,1,16.646,aston_martin,0,0,0,28.583,1,0,271,192,22.06457455148833,21.795703352115577,-5.41857455148833,-5.149703352115576
2023,9,Austrian Grand Prix,Red Bull Ring,stroll,15,2,24.332,aston_martin,0,0,0,28.583,1,0,271,192,22.06457455148833,21.977643941862773,2.26742544851167,2.3543560581372276
2023,9,Austrian Grand Prix,Red Bull Ring,stroll,36,3,22.05,aston_martin,0,0,0,28.583,1,0,271,192,22.06457455148833,22.440023970211204,-0.0145745514883302,-0.39002397021120316
2023,9,Austrian Grand Prix,Red Bull Ring,stroll,54,4,21.837,aston_martin,0,0,0,28.583,1,0,271,192,22.06457455148833,23.93506045921635,-0.22757455148833117,-2.0980604592163488
2023,9,Austrian Grand Prix,Red Bull Ring,tsunoda,2,2,16.246,alphatauri,0,0,0,28.583,1,0,202,192,21.586894811019032,21.74417235697623,-5.340894811019034,-5.49817235697623
2023,9,Austrian Grand Prix,Red Bull Ring,tsunoda,23,3,27.286,alphatauri,0,0,0,28.583,1,0,202,192,21.586894811019032,22.206552385324663,5.699105188980969,5.079447614675338
2023,9,Austrian Grand Prix,Red Bull Ring,tsunoda,43,4,21.392,alphatauri,0,0,0,28.583,1,0,202,192,21.586894811019032,23.7028298738431,-0.19489481101903294,-2.310829873843101
2023,9,Austrian Grand Prix,Red Bull Ring,zhou,2,1,17.467,alfa,0,0,0,28.583,1,0,194,192,22.043490018252683,21.95651786882242,-4.576490018252684,-4.489517868822421
2023,9,Austrian Grand Prix,Red Bull Ring,zhou,8,2,24.374,alfa,0,0,0,28.583,1,0,194,192,22.043490018252683,22.134114960273077,2.3305099817473156,2.2398850397269214
2023,9,Austrian Grand Prix,Red Bull Ring,zhou,38,3,21.91,alfa,0,0,0,28.583,1,0,194,192,22.043490018252683,22.602079486431343,-0.13349001825268303,-0.6920794864313429
2023,10,British Grand Prix,Silverstone Circuit,albon,32,1,29.634,williams,0,1,0.12770339855818744,33.718349999999994,1,0,271,87,24.259847083384656,27.561616542505533,5.374152916615344,2.0723834574944675
2023,10,British Grand Prix,Silverstone Circuit,alonso,33,1,28.679,aston_martin,0,1,0.12770339855818744,33.718349999999994,1,0,271,87,23.22587822251941,27.293072642773605,5.45312177748059,1.385927357226393
2023,10,British Grand Prix,Silverstone Circuit,bottas,32,1,29.662,alfa,0,1,0.12770339855818744,33.718349999999994,1,0,194,87,23.20479368928376,27.453266659723802,6.457206310716238,2.208733340276197
2023,10,British Grand Prix,Silverstone Circuit,devries,27,1,28.242,alphatauri,0,1,0.12770339855818744,33.718349999999994,1,0,202,87,22.74819848205011,27.0639445561836,5.4938015179498905,1.178055443816401
2023,10,British Grand Prix,Silverstone Circuit,devries,32,2,28.413,alphatauri,0,1,0.12770339855818744,33.718349999999994,1,0,202,87,22.74819848205011,27.240921147877614,5.66480151794989,1.172078852122386
2023,10,British Grand Prix,Silverstone Circuit,gasly,31,1,28.458,alpine,0,1,0.12770339855818744,33.718349999999994,1,0,249,87,23.230334848698753,27.4465005097163,5.227665151301245,1.011499490283697
2023,10,British Grand Prix,Silverstone Circuit,hamilton,33,1,29.169,mercedes,0,1,0.12770339855818744,33.718349999999994,1,0,278,87,23.409017504879728,27.183007442205557,5.759982495120273,1.985992557794443
2023,10,British Grand Prix,Silverstone Circuit,hulkenberg,7,1,41.972,haas,0,1,0.12770339855818744,33.718349999999994,1,0,272,87,24.408396815316305,28.1481769402911,17.563603184683696,13.8238230597089
2023,10,British Grand Prix,Silverstone Circuit,hulkenberg,32,2,30.003,haas,0,1,0.12770339855818744,33.718349999999994,1,0,272,87,24.408396815316305,28.33756352711807,5.594603184683695,1.6654364728819289
2023,10,British Grand Prix,Silverstone Circuit,leclerc,18,1,28.244,ferrari,0,1,0.12770339855818744,33.718349999999994,1,0,259,87,23.037982432500563,26.92357991431976,5.206017567499437,1.3204200856802402
2023,10,British Grand Prix,Silverstone Circuit,leclerc,32,2,28.805,ferrari,0,1,0.12770339855818744,33.718349999999994,1,0,259,87,23.037982432500563,27.106141003823602,5.767017567499437,1.6988589961763978
2023,10,British Grand Prix,Silverstone Circuit,maxverstappen,33,1,29.056,red_bull,0,1,0.12770339855818744,33.718349999999994,1,0,292,87,22.960852154193955,26.611225547943853,6.095147845806046,2.444774452056148
2023,10,British Grand Prix,Silverstone Circuit,norris,33,1,28.438,mclaren,0,1,0.12770339855818744,33.718349999999994,1,0,270,87,23.01157781191016,27.031919696111764,5.426422188089838,1.4060803038882348
2023,10,British Grand Prix,Silverstone Circuit,perez,28,1,28.06,red_bull,0,1,0.12770339855818744,33.718349999999994,1,0,292,87,22.960852154193955,26.608123049160618,5.099147845806044,1.451876950839381
2023,10,British Grand Prix,Silverstone Circuit,piastri,29,1,28.655,mclaren,0,1,0.12770339855818744,33.718349999999994,1,0,270,87,23.01157781191016,27.02943769708517,5.64342218808984,1.6255623029148296
2023,10,British Grand Prix,Silverstone Circuit,russell,28,1,29.455,mercedes,0,1,0.12770339855818744,33.718349999999994,1,0,278,87,23.409017504879728,27.17990494342232,6.0459824951202705,2.2750950565776797
2023,10,British Grand Prix,Silverstone Circuit,sainz,26,1,28.869,ferrari,0,1,0.12770339855818744,33.718349999999994,1,0,259,87,23.037982432500563,26.928543912372945,5.831017567499437,1.9404560876270551
2023,10,British Grand Prix,Silverstone Circuit,sargeant,29,1,28.847,williams,0,1,0.12770339855818744,33.718349999999994,1,0,271,87,24.259847083384656,27.559755043235587,4.587152916615345,1.2872449567644146
2023,10,British Grand Prix,Silverstone Circuit,stroll,31,1,28.561,aston_martin,0,1,0.12770339855818744,33.718349999999994,1,0,271,87,23.22587822251941,27.29183164326031,5.335121777480591,1.2691683567396908
2023,10,British Grand Prix,Silverstone Circuit,tsunoda,14,1,28.353,alphatauri,0,1,0.12770339855818744,33.718349999999994,1,0,202,87,22.74819848205011,27.05587805934718,5.604801517949891,1.297121940652822
2023,10,British Grand Prix,Silverstone Circuit,tsunoda,32,2,28.603,alphatauri,0,1,0.12770339855818744,33.718349999999994,1,0,202,87,22.74819848205011,27.240921147877614,5.854801517949891,1.3620788521223872
2023,10,British Grand Prix,Silverstone Circuit,zhou,24,1,29.177,alfa,0,1,0.12770339855818744,33.718349999999994,1,0,194,87,23.20479368928376,27.448302661670617,5.972206310716238,1.7286973383293827
2023,10,British Grand Prix,Silverstone Circuit,zhou,33,2,28.709,alfa,0,1,0.12770339855818744,33.718349999999994,1,0,194,87,23.20479368928376,27.627761252391217,5.5042063107162384,1.0812387476087828
2023,10,British Grand Prix,Silverstone Circuit,zhou,36,3,34.374,alfa,0,1,0.12770339855818744,33.718349999999994,1,0,194,87,23.20479368928376,28.078972285119985,11.169206310716241,6.2950277148800176
2023,11,Hungarian Grand Prix,Hungaroring,albon,8,1,22.076,williams,0,0,0,26.7285,1,0,271,133,20.774447420369427,22.464319477128843,1.3015525796305738,-0.3883194771288423
2023,11,Hungarian Grand Prix,Hungaroring,albon,31,2,21.762,williams,0,0,0,26.7285,1,0,271,133,20.774447420369427,22.65246506444252,0.9875525796305737,-0.8904650644425196
2023,11,Hungarian Grand Prix,Hungaroring,alonso,20,1,22.916,aston_martin,0,0,0,26.7285,1,0,271,133,19.74047855950418,22.20260107472005,3.175521440495821,0.7133989252799502
2023,11,Hungarian Grand Prix,Hungaroring,alonso,43,2,24.152,aston_martin,0,0,0,26.7285,1,0,271,133,19.74047855950418,22.390746662033724,4.411521440495822,1.7612533379662771
2023,11,Hungarian Grand Prix,Hungaroring,bottas,9,1,22.114,alfa,0,0,0,26.7285,1,0,194,133,19.71939402626853,22.356590094103762,2.394605973731469,-0.2425900941037611
2023,11,Hungarian Grand Prix,Hungaroring,bottas,40,2,23.242,alfa,0,0,0,26.7285,1,0,194,133,19.71939402626853,22.549699679470624,3.522605973731469,0.6923003205293767
2023,11,Hungarian Grand Prix,Hungaroring,hamilton,16,1,21.974,mercedes,0,0,0,26.7285,1,0,278,133,19.923617841864495,22.090053875125406,2.0503821581355055,-0.11605387512540588
2023,11,Hungarian Grand Prix,Hungaroring,hamilton,49,2,21.728,mercedes,0,0,0,26.7285,1,0,278,133,19.923617841864495,22.284404460005565,1.8043821581355068,-0.5564044600055631
2023,11,Hungarian Grand Prix,Hungaroring,hulkenberg,16,1,22.922,haas,0,0,0,26.7285,1,0,272,133,20.922997152301075,23.0713563668838,1.9990028476989252,-0.14935636688380072
2023,11,Hungarian Grand Prix,Hungaroring,hulkenberg,38,2,21.955,haas,0,0,0,26.7285,1,0,272,133,20.922997152301075,23.258881454440832,1.032002847698923,-1.303881454440834
2023,11,Hungarian Grand Prix,Hungaroring,kevinmagnussen,14,1,22.753,haas,0,0,0,26.7285,1,0,272,133,20.922997152301075,23.07011536737051,1.8300028476989247,-0.3171153673705085
2023,11,Hungarian Grand Prix,Hungaroring,kevinmagnussen,41,2,22.152,haas,0,0,0,26.7285,1,0,272,133,20.922997152301075,23.260742953710775,1.2290028476989256,-1.1087429537107738
2023,11,Hungarian Grand Prix,Hungaroring,leclerc,17,1,28.404,ferrari,0,0,0,26.7285,1,0,259,133,19.552582769485333,21.84055434334598,8.851417230514667,6.563445656654022
2023,11,Hungarian Grand Prix,Hungaroring,leclerc,43,2,21.452,ferrari,0,0,0,26.7285,1,0,259,133,19.552582769485333,22.030561429929598,1.8994172305146684,-0.5785614299295965
2023,11,Hungarian Grand Prix,Hungaroring,maxverstappen,23,1,21.407,red_bull,0,0,0,26.7285,1,0,292,133,19.475452491178725,21.522615479160244,1.931547508821275,-0.11561547916024395
2023,11,Hungarian Grand Prix,Hungaroring,maxverstappen,51,2,21.68,red_bull,0,0,0,26.7285,1,0,292,133,19.475452491178725,21.713863565257157,2.2045475088212747,-0.033863565257156836
2023,11,Hungarian Grand Prix,Hungaroring,norris,17,1,21.541,mclaren,0,0,0,26.7285,1,0,270,133,19.52617814889493,21.939586628788263,2.0148218511050686,-0.39858662878826223
2023,11,Hungarian Grand Prix,Hungaroring,norris,44,2,21.43,mclaren,0,0,0,26.7285,1,0,270,133,19.52617814889493,22.130214215128532,1.903821851105068,-0.7002142151285327
2023,11,Hungarian Grand Prix,Hungaroring,perez,24,1,21.862,red_bull,0,0,0,26.7285,1,0,292,133,19.475452491178725,21.523235978916894,2.3865475088212733,0.33876402108310444
2023,11,Hungarian Grand Prix,Hungaroring,perez,42,2,20.88,red_bull,0,0,0,26.7285,1,0,292,133,19.475452491178725,21.708279067447325,1.404547508821274,-0.8282790674473262
2023,11,Hungarian Grand Prix,Hungaroring,piastri,18,1,21.171,mclaren,0,0,0,26.7285,1,0,270,133,19.52617814889493,21.94020712854491,1.6448218511050676,-0.7692071285449096
2023,11,Hungarian Grand Prix,Hungaroring,piastri,42,2,22.03,mclaren,0,0,0,26.7285,1,0,270,133,19.52617814889493,22.128973215615236,2.5038218511050694,-0.09897321561523498
2023,11,Hungarian Grand Prix,Hungaroring,ricciardo,18,1,21.958,alphatauri,0,0,0,26.7285,1,0,202,133,19.262798819034877,21.975954987156637,2.695201180965121,-0.01795498715663868
2023,11,Hungarian Grand Prix,Hungaroring,ricciardo,29,2,22.203,alphatauri,0,0,0,26.7285,1,0,202,133,19.262798819034877,22.156654577390533,2.940201180965122,0.04634542260946617
2023,11,Hungarian Grand Prix,Hungaroring,russell,28,1,21.886,mercedes,0,0,0,26.7285,1,0,278,133,19.923617841864495,22.097499872205187,1.9623821581355045,-0.21149987220518796
2023,11,Hungarian Grand Prix,Hungaroring,russell,46,2,21.675,mercedes,0,0,0,26.7285,1,0,278,133,19.923617841864495,22.282542960735622,1.751382158135506,-0.6075429607356213
2023,11,Hungarian Grand Prix,Hungaroring,sainz,15,1,21.402,ferrari,0,0,0,26.7285,1,0,259,133,19.552582769485333,21.839313343832682,1.8494172305146677,-0.43731334383268106
2023,11,Hungarian Grand Prix,Hungaroring,sainz,44,2,22.051,ferrari,0,0,0,26.7285,1,0,259,133,19.552582769485333,22.031181929686248,2.498417230514665,0.01981807031375027
2023,11,Hungarian Grand Prix,Hungaroring,sargeant,13,1,24.001,williams,0,0,0,26.7285,1,0,271,133,20.774447420369427,22.467421975912085,3.2265525796305745,1.533578024087916
2023,11,Hungarian Grand Prix,Hungaroring,sargeant,34,2,22.197,williams,0,0,0,26.7285,1,0,271,133,20.774447420369427,22.654326563712466,1.4225525796305725,-0.45732656371246705
2023,11,Hungarian Grand Prix,Hungaroring,stroll,9,1,21.91,aston_martin,0,0,0,26.7285,1,0,271,133,19.74047855950418,22.19577557739692,2.1695214404958207,-0.28577557739691883
2023,11,Hungarian Grand Prix,Hungaroring,stroll,34,2,22.403,aston_martin,0,0,0,26.7285,1,0,271,133,19.74047855950418,22.385162164223892,2.6625214404958193,0.017837835776106203
2023,11,Hungarian Grand Prix,Hungaroring,tsunoda,9,1,26.17,alphatauri,0,0,0,26.7285,1,0,202,133,19.262798819034877,21.970370489346802,6.907201180965124,4.1996295106532
2023,11,Hungarian Grand Prix,Hungaroring,tsunoda,44,2,21.181,alphatauri,0,0,0,26.7285,1,0,202,133,19.262798819034877,22.165962073740257,1.9182011809651236,-0.984962073740256
2023,11,Hungarian Grand Prix,Hungaroring,zhou,10,1,29.211,alfa,0,0,0,26.7285,1,0,194,133,19.71939402626853,22.35721059386041,9.491605973731467,6.853789406139587
2023,11,Hungarian Grand Prix,Hungaroring,zhou,38,2,22.853,alfa,0,0,0,26.7285,1,0,194,133,19.71939402626853,22.548458679957328,3.13360597373147,0.30454132004267365
2023,12,Belgian Grand Prix,Circuit de Spa-Francorchamps,albon,7,1,25.015,williams,0,0,0,25.269799999999996,1,0,271,109,24.31014353425072,23.364637731537204,0.7048564657492804,1.6503622684627963
2023,12,Belgian Grand Prix,Circuit de Spa-Francorchamps,albon,23,2,23.596,williams,0,0,0,25.269799999999996,1,0,271,109,24.31014353425072,23.548439820554343,-0.7141435342507201,0.04756017944565727
2023,12,Belgian Grand Prix,Circuit de Spa-Francorchamps,albon,33,3,23.529,williams,0,0,0,25.269799999999996,1,0,271,109,24.31014353425072,24.003994351579642,-0.7811435342507203,-0.4749943515796424
2023,12,Belgian Grand Prix,Circuit de Spa-Francorchamps,alonso,10,1,23.085,aston_martin,0,0,0,25.269799999999996,1,0,271,109,23.276174673385473,23.097334831318573,-0.191174673385472,-0.01233483131857227
2023,12,Belgian Grand Prix,Circuit de Spa-Francorchamps,alonso,29,2,23.798,aston_martin,0,0,0,25.269799999999996,1,0,271,109,23.276174673385473,23.282998419605658,0.5218253266145254,0.5150015803943404
2023,12,Belgian Grand Prix,Circuit de Spa-Francorchamps,bottas,6,1,23.362,alfa,0,0,0,25.269799999999996,1,0,194,109,23.255090140149825,23.255667348998823,0.1069098598501732,0.10633265100117484
2023,12,Belgian Grand Prix,Circuit de Spa-Francorchamps,bottas,24,2,23.786,alfa,0,0,0,25.269799999999996,1,0,194,109,23.255090140149825,23.44071043752926,0.5309098598501762,0.34528956247074305
2023,12,Belgian Grand Prix,Circuit de Spa-Francorchamps,gasly,23,1,25.664,alpine,0,0,0,25.269799999999996,1,0,249,109,23.280631299564817,23.26007019461099,2.3833687004351845,2.403929805389012
2023,12,Belgian Grand Prix,Circuit de Spa-Francorchamps,hamilton,12,1,23.09,mercedes,0,0,0,25.269799999999996,1,0,278,109,23.45931395574579,22.98851063026382,-0.36931395574579184,0.1014893697361785
2023,12,Belgian Grand Prix,Circuit de Spa-Francorchamps,hamilton,27,2,23.023,mercedes,0,0,0,25.269799999999996,1,0,278,109,23.45931395574579,23.171692219524314,-0.436313955745792,-0.14869221952431388
2023,12,Belgian Grand Prix,Circuit de Spa-Francorchamps,hamilton,42,3,23.156,mercedes,0,0,0,25.269799999999996,1,0,278,109,23.45931395574579,23.630349249332856,-0.3033139557457929,-0.4743492493328567
2023,12,Belgian Grand Prix,Circuit de Spa-Francorchamps,hulkenberg,12,1,24.571,haas,0,0,0,25.269799999999996,1,0,272,109,24.45869326618237,23.969813122022217,0.11230673381763268,0.6011868779777849
2023,12,Belgian Grand Prix,Circuit de Spa-Francorchamps,hulkenberg,24,2,25.238,haas,0,0,0,25.269799999999996,1,0,272,109,24.45869326618237,24.15113321201276,0.7793067338176307,1.0868667879872405
2023,12,Belgian Grand Prix,Circuit de Spa-Francorchamps,kevinmagnussen,5,1,23.638,haas,0,0,0,25.269799999999996,1,0,272,109,24.45869326618237,23.96546962372568,-0.8206932661823672,-0.3274696237256798
2023,12,Belgian Grand Prix,Circuit de Spa-Francorchamps,kevinmagnussen,25,2,23.572,haas,0,0,0,25.269799999999996,1,0,272,109,24.45869326618237,24.15175371176941,-0.8866932661823697,-0.5797537117694098
2023,12,Belgian Grand Prix,Circuit de Spa-Francorchamps,leclerc,13,1,23.224,ferrari,0,0,0,25.269799999999996,1,0,259,109,23.088278883366627,22.739011098484394,0.13572111663337338,0.4849889015156066
2023,12,Belgian Grand Prix,Circuit de Spa-Francorchamps,leclerc,28,2,23.148,ferrari,0,0,0,25.269799999999996,1,0,259,109,23.088278883366627,22.922192687744882,0.05972111663337287,0.2258073122551174
2023,12,Belgian Grand Prix,Circuit de Spa-Francorchamps,maxverstappen,14,1,22.887,red_bull,0,0,0,25.269799999999996,1,0,292,109,23.01114860506002,22.417969735515413,-0.12414860506001801,0.4690302644845872
2023,12,Belgian Grand Prix,Circuit de Spa-Francorchamps,maxverstappen,30,2,23.012,red_bull,0,0,0,25.269799999999996,1,0,292,109,23.01114860506002,22.601771824532552,8.513949399819865e-4,0.4102281754674486
2023,12,Belgian Grand Prix,Circuit de Spa-Francorchamps,norris,5,1,25.012,mclaren,0,0,0,25.269799999999996,1,0,270,109,23.061874262776225,22.833079385873493,1.9501257372237752,2.1789206141265076
2023,12,Belgian Grand Prix,Circuit de Spa-Francorchamps,norris,17,2,23.744,mclaren,0,0,0,25.269799999999996,1,0,270,109,23.061874262776225,23.01439947586404,0.6821257372237746,0.7296005241359609
2023,12,Belgian Grand Prix,Circuit de Spa-Francorchamps,ocon,6,1,23.085,alpine,0,0,0,25.269799999999996,1,0,249,109,23.280631299564817,23.249521698747973,-0.19563129956481617,-0.16452169874797207
2023,12,Belgian Grand Prix,Circuit de Spa-Francorchamps,ocon,25,2,23.339,alpine,0,0,0,25.269799999999996,1,0,249,109,23.280631299564817,23.435185287035054,0.05836870043518161,-0.09618528703505547
2023,12,Belgian Grand Prix,Circuit de Spa-Francorchamps,perez,13,1,23.684,red_bull,0,0,0,25.269799999999996,1,0,292,109,23.01114860506002,22.417349235758767,0.6728513949399826,1.2666507642412341
2023,12,Belgian Grand Prix,Circuit de Spa-Francorchamps,perez,29,2,22.71,red_bull,0,0,0,25.269799999999996,1,0,292,109,23.01114860506002,22.601151324775905,-0.3011486050600176,0.10884867522409536
2023,12,Belgian Grand Prix,Circuit de Spa-Francorchamps,ricciardo,5,1,22.843,alphatauri,0,0,0,25.269799999999996,1,0,202,109,22.798494932916174,22.868827244485217,0.04450506708382562,-0.02582724448521745
2023,12,Belgian Grand Prix,Circuit de Spa-Francorchamps,ricciardo,22,2,23.29,alphatauri,0,0,0,25.269799999999996,1,0,202,109,22.798494932916174,23.053249833259002,0.4915050670838248,0.2367501667409968
2023,12,Belgian Grand Prix,Circuit de Spa-Francorchamps,russell,22,1,23.837,mercedes,0,0,0,25.269799999999996,1,0,278,109,23.45931395574579,22.994715627830303,0.37768604425420804,0.8422843721696971
2023,12,Belgian Grand Prix,Circuit de Spa-Francorchamps,sainz,7,1,23.303,ferrari,0,0,0,25.269799999999996,1,0,259,109,23.088278883366627,22.735288099944505,0.214721116633374,0.567711900055496
2023,12,Belgian Grand Prix,Circuit de Spa-Francorchamps,sargeant,8,1,23.57,williams,0,0,0,25.269799999999996,1,0,271,109,24.31014353425072,23.36525823129385,-0.7401435342507199,0.20474176870614968
2023,12,Belgian Grand Prix,Circuit de Spa-Francorchamps,sargeant,24,2,23.938,williams,0,0,0,25.269799999999996,1,0,271,109,24.31014353425072,23.54906032031099,-0.37214353425072133,0.38893967968900967
2023,12,Belgian Grand Prix,Circuit de Spa-Francorchamps,sargeant,34,3,23.109,williams,0,0,0,25.269799999999996,1,0,271,109,24.31014353425072,24.004614851336292,-1.2011435342507184,-0.8956148513362905
2023,12,Belgian Grand Prix,Circuit de Spa-Francorchamps,stroll,20,1,25.397,aston_martin,0,0,0,25.269799999999996,1,0,271,109,23.276174673385473,23.103539828885054,2.1208253266145256,2.293460171114944
2023,12,Belgian Grand Prix,Circuit de Spa-Francorchamps,tsunoda,9,1,22.61,alphatauri,0,0,0,25.269799999999996,1,0,202,109,22.798494932916174,22.87130924351181,-0.18849493291617492,-0.2613092435118105
2023,12,Belgian Grand Prix,Circuit de Spa-Francorchamps,tsunoda,24,2,22.737,alphatauri,0,0,0,25.269799999999996,1,0,202,109,22.798494932916174,23.0544908327723,-0.061494932916176026,-0.3174908327723003
2023,12,Belgian Grand Prix,Circuit de Spa-Francorchamps,zhou,7,1,24.449,alfa,0,0,0,25.269799999999996,1,0,194,109,23.255090140149825,23.256287848755473,1.1939098598501765,1.1927121512445282
2023,12,Belgian Grand Prix,Circuit de Spa-Francorchamps,zhou,25,2,24.045,alfa,0,0,0,25.269799999999996,1,0,194,109,23.255090140149825,23.441330937285908,0.7899098598501766,0.6036690627140935
2023,13,Dutch Grand Prix,Circuit Park Zandvoort,albon,63,3,2.443475,williams,0,0,0,2.465966,0,0,271,144,18.79130054190977,5.154528701438208,-16.34782554190977,-2.711053701438208
2023,13,Dutch Grand Prix,Circuit Park Zandvoort,alonso,64,5,2.455302,aston_martin,0,0,0,2.465966,0,0,271,144,17.757331681044523,4.887888927103413,-15.302029681044523,-2.432586927103413
2023,13,Dutch Grand Prix,Circuit Park Zandvoort,bottas,63,4,2.4051129999999996,alfa,0,0,0,2.465966,0,0,194,144,17.736247147808875,6.530046312041954,-15.331134147808875,-4.124933312041954
2023,13,Dutch Grand Prix,Circuit Park Zandvoort,gasly,64,5,2.4431689999999997,alpine,0,0,0,2.465966,0,0,249,144,17.761788307223867,5.0425577935594035,-15.318619307223868,-2.5993887935594038
2023,13,Dutch Grand Prix,Circuit Park Zandvoort,hamilton,64,5,2.431108,mercedes,0,0,0,2.465966,0,0,278,144,17.940470963404838,4.777823726535364,-15.509362963404838,-2.346715726535364
2023,13,Dutch Grand Prix,Circuit Park Zandvoort,hulkenberg,63,4,2.410704,haas,0,0,0,2.465966,0,0,272,144,18.93985027384142,7.240469086525457,-16.52914627384142,-4.829765086525457
2023,13,Dutch Grand Prix,Circuit Park Zandvoort,kevinmagnussen,63,5,2.394733,haas,0,0,0,2.465966,0,0,272,144,18.93985027384142,5.75850571853711,-16.54511727384142,-3.3637727185371102
2023,13,Dutch Grand Prix,Circuit Park Zandvoort,lawson,63,6,2.3963400000000004,alphatauri,0,0,0,2.465966,0,0,202,144,17.27965194057522,1.0110648996190006,-14.88331194057522,1.3852751003809998
2023,13,Dutch Grand Prix,Circuit Park Zandvoort,maxverstappen,64,6,2.483382,red_bull,0,0,0,2.465966,1,0,292,144,17.49230561271907,17.156174647926274,-15.008923612719068,-14.672792647926274
2023,13,Dutch Grand Prix,Circuit Park Zandvoort,norris,63,5,2.443212,mclaren,0,0,0,2.465966,0,0,270,144,17.543031270435275,4.626115480684923,-15.099819270435276,-2.1829034806849235
2023,13,Dutch Grand Prix,Circuit Park Zandvoort,ocon,63,5,2.432201,alpine,0,0,0,2.465966,0,0,249,144,17.761788307223867,5.041937293802755,-15.329587307223868,-2.6097362938027553
2023,13,Dutch Grand Prix,Circuit Park Zandvoort,perez,63,5,2.461612,red_bull,0,0,0,2.465966,0,0,292,144,17.49230561271907,4.205421332517014,-15.030693612719068,-1.743809332517014
2023,13,Dutch Grand Prix,Circuit Park Zandvoort,piastri,63,4,2.434653,mclaren,0,0,0,2.465966,0,0,270,144,17.543031270435275,6.108078848673269,-15.108378270435274,-3.6734258486732694
2023,13,Dutch Grand Prix,Circuit Park Zandvoort,russell,63,5,2.446251,mercedes,0,0,0,2.465966,0,0,278,144,17.940470963404838,4.777203226778716,-15.494219963404838,-2.3309522267787157
2023,13,Dutch Grand Prix,Circuit Park Zandvoort,sainz,64,5,2.4431469999999997,ferrari,0,0,0,2.465966,0,0,259,144,17.569435891025677,4.527703694999287,-15.126288891025677,-2.0845566949992875
2023,13,Dutch Grand Prix,Circuit Park Zandvoort,stroll,63,6,2.4107339999999997,aston_martin,0,0,0,2.465966,0,0,271,144,17.757331681044523,1.2364699876691168,-15.346597681044523,1.174264012330883
2023,13,Dutch Grand Prix,Circuit Park Zandvoort,tsunoda,63,4,2.414895,alphatauri,0,0,0,2.465966,0,0,202,144,17.27965194057522,6.143826707284996,-14.864756940575221,-3.7289317072849957
2023,14,Italian Grand Prix,Autodromo Nazionale di Monza,albon,15,1,24.538,williams,0,0,0,27.119799999999998,1,0,271,104,26.196787115248917,25.40755787790943,-1.6587871152489164,-0.8695578779094291
2023,14,Italian Grand Prix,Autodromo Nazionale di Monza,alonso,21,1,24.798,aston_martin,0,0,0,27.119799999999998,1,0,271,104,25.162818254383666,25.142116476960744,-0.36481825438366755,-0.3441164769607461
2023,14,Italian Grand Prix,Autodromo Nazionale di Monza,bottas,25,1,24.658,alfa,0,0,0,27.119799999999998,1,0,194,104,25.141733721148018,25.30541299269418,-0.4837337211480168,-0.6474129926941785
2023,14,Italian Grand Prix,Autodromo Nazionale di Monza,gasly,10,1,27.376,alpine,0,0,0,27.119799999999998,1,0,249,104,25.16727488056301,25.289959846093605,2.2087251194369912,2.0860401539063957
2023,14,Italian Grand Prix,Autodromo Nazionale di Monza,gasly,31,2,24.686,alpine,0,0,0,27.119799999999998,1,0,249,104,25.16727488056301,25.476864433893986,-0.48127488056301004,-0.7908644338939865
2023,14,Italian Grand Prix,Autodromo Nazionale di Monza,hamilton,27,1,24.255,mercedes,0,0,0,27.119799999999998,1,0,278,104,25.34595753674398,25.035774274932585,-1.090957536743982,-0.7807742749325861
2023,14,Italian Grand Prix,Autodromo Nazionale di Monza,hulkenberg,14,1,26.095,haas,0,0,0,27.119799999999998,1,0,272,104,26.345336847180562,26.009010269854553,-0.2503368471805629,0.08598973014544598
2023,14,Italian Grand Prix,Autodromo Nazionale di Monza,hulkenberg,39,2,24.328,haas,0,0,0,27.119799999999998,1,0,272,104,26.345336847180562,26.198396856681526,-2.0173368471805624,-1.870396856681527
2023,14,Italian Grand Prix,Autodromo Nazionale di Monza,kevinmagnussen,12,1,24.66,haas,0,0,0,27.119799999999998,1,0,272,104,26.345336847180562,26.007769270341257,-1.6853368471805616,-1.3477692703412565
2023,14,Italian Grand Prix,Autodromo Nazionale di Monza,kevinmagnussen,33,2,24.765,haas,0,0,0,27.119799999999998,1,0,272,104,26.345336847180562,26.194673858141638,-1.5803368471805612,-1.429673858141637
2023,14,Italian Grand Prix,Autodromo Nazionale di Monza,lawson,13,1,24.212,alphatauri,0,0,0,27.119799999999998,1,0,202,104,24.685138513914367,24.911747390857442,-0.47313851391436756,-0.6997473908574428
2023,14,Italian Grand Prix,Autodromo Nazionale di Monza,lawson,33,2,24.281,alphatauri,0,0,0,27.119799999999998,1,0,202,104,24.685138513914367,25.098031478901174,-0.4041385139143685,-0.8170314789011748
2023,14,Italian Grand Prix,Autodromo Nazionale di Monza,leclerc,20,1,23.931,ferrari,0,0,0,27.119799999999998,1,0,259,104,24.97492246436482,24.781310745099972,-1.0439224643648188,-0.8503107450999714
2023,14,Italian Grand Prix,Autodromo Nazionale di Monza,maxverstappen,20,1,24.228,red_bull,0,0,0,27.119799999999998,1,0,292,104,24.89779218605821,24.459648882374346,-0.6697921860582099,-0.2316488823743441
2023,14,Italian Grand Prix,Autodromo Nazionale di Monza,norris,22,1,23.727,mclaren,0,0,0,27.119799999999998,1,0,270,104,24.948517843774418,24.881584030055553,-1.2215178437744179,-1.1545840300555525
2023,14,Italian Grand Prix,Autodromo Nazionale di Monza,ocon,24,1,24.249,alpine,0,0,0,27.119799999999998,1,0,249,104,25.16727488056301,25.29864684268668,-0.9182748805630112,-1.0496468426866805
2023,14,Italian Grand Prix,Autodromo Nazionale di Monza,perez,21,1,23.819,red_bull,0,0,0,27.119799999999998,1,0,292,104,24.89779218605821,24.460269382130996,-1.0787921860582124,-0.6412693821309965
2023,14,Italian Grand Prix,Autodromo Nazionale di Monza,piastri,23,1,24.133,mclaren,0,0,0,27.119799999999998,1,0,270,104,24.948517843774418,24.8822045298122,-0.815517843774419,-0.7492045298122001
2023,14,Italian Grand Prix,Autodromo Nazionale di Monza,piastri,41,2,31.799,mclaren,0,0,0,27.119799999999998,1,0,270,104,24.948517843774418,25.067247618342634,6.850482156225581,6.7317523816573654
2023,14,Italian Grand Prix,Autodromo Nazionale di Monza,russell,19,1,24.215,mercedes,0,0,0,27.119799999999998,1,0,278,104,25.34595753674398,25.0308102768794,-1.1309575367439813,-0.8158102768794002
2023,14,Italian Grand Prix,Autodromo Nazionale di Monza,sainz,19,1,25.183,ferrari,0,0,0,27.119799999999998,1,0,259,104,24.97492246436482,24.780690245343322,0.20807753563518006,0.4023097546566774
2023,14,Italian Grand Prix,Autodromo Nazionale di Monza,sargeant,14,1,24.779,williams,0,0,0,27.119799999999998,1,0,271,104,26.196787115248917,25.40693737815278,-1.4177871152489168,-0.6279373781527795
2023,14,Italian Grand Prix,Autodromo Nazionale di Monza,stroll,20,1,25.667,aston_martin,0,0,0,27.119799999999998,1,0,271,104,25.162818254383666,25.141495977204098,0.5041817456163358,0.5255040227959036
2023,14,Italian Grand Prix,Autodromo Nazionale di Monza,zhou,11,1,24.396,alfa,0,0,0,27.119799999999998,1,0,194,104,25.141733721148018,25.296725996101106,-0.7457337211480173,-0.9007259961011052
2023,14,Italian Grand Prix,Autodromo Nazionale di Monza,zhou,33,2,25.959,alfa,0,0,0,27.119799999999998,1,0,194,104,25.141733721148018,25.484251083658133,0.8172662788519816,0.47474891634186633
2023,15,Singapore Grand Prix,Marina Bay Street Circuit,albon,20,1,30.138,williams,0,0,0,49.26579999999995,1,0,271,69,32.187927899168514,31.670267276829982,-2.0499278991685124,-1.5322672768299803
2023,15,Singapore Grand Prix,Marina Bay Street Circuit,albon,43,2,29.787,williams,0,0,0,49.26579999999995,1,0,271,69,32.187927899168514,31.85841286414366,-2.400927899168515,-2.07141286414366
2023,15,Singapore Grand Prix,Marina Bay Street Circuit,alonso,20,1,30.67,aston_martin,0,0,0,49.26579999999995,1,0,271,69,31.153959038303267,31.40110287734141,-0.48395903830326503,-0.7311028773414066
2023,15,Singapore Grand Prix,Marina Bay Street Circuit,alonso,44,2,52.708,aston_martin,0,0,0,49.26579999999995,1,0,271,69,31.153959038303267,31.589868964411735,21.55404096169673,21.118131035588263
2023,15,Singapore Grand Prix,Marina Bay Street Circuit,bottas,40,1,30.487,alfa,0,0,0,49.26579999999995,1,0,194,69,31.13287450506762,31.574327389181214,-0.6458745050676207,-1.0873273891812154
2023,15,Singapore Grand Prix,Marina Bay Street Circuit,gasly,20,1,31.802,alpine,0,0,0,49.26579999999995,1,0,249,69,31.15841566448261,31.5557717437974,0.6435843355173887,0.24622825620259903
2023,15,Singapore Grand Prix,Marina Bay Street Circuit,hamilton,20,1,32.631,mercedes,0,0,0,49.26579999999995,1,0,278,69,31.337098320663586,31.291037676773364,1.2939016793364146,1.3399623232266364
2023,15,Singapore Grand Prix,Marina Bay Street Circuit,hamilton,44,2,33.581,mercedes,0,0,0,49.26579999999995,1,0,278,69,31.337098320663586,31.479803763843684,2.2439016793364175,2.1011962361563192
2023,15,Singapore Grand Prix,Marina Bay Street Circuit,hulkenberg,20,1,35.497,haas,0,0,0,49.26579999999995,1,0,272,69,32.336477631100166,32.272340168531755,3.1605223688998336,3.2246598314682444
2023,15,Singapore Grand Prix,Marina Bay Street Circuit,kevinmagnussen,20,1,31.475,haas,0,0,0,49.26579999999995,1,0,272,69,32.336477631100166,32.272340168531755,-0.8614776311001648,-0.797340168531754
2023,15,Singapore Grand Prix,Marina Bay Street Circuit,kevinmagnussen,43,2,33.078,haas,0,0,0,49.26579999999995,1,0,272,69,32.336477631100166,32.46048575584543,0.7415223688998367,0.6175142441545702
2023,15,Singapore Grand Prix,Marina Bay Street Circuit,lawson,20,1,32.348,alphatauri,0,0,0,49.26579999999995,1,0,202,69,30.67627929783397,31.175697789291295,1.6717207021660307,1.172302210708704
2023,15,Singapore Grand Prix,Marina Bay Street Circuit,leclerc,20,1,32.888,ferrari,0,0,0,49.26579999999995,1,0,259,69,30.96606324828442,31.040917645237286,1.9219367517155774,1.847082354762712
2023,15,Singapore Grand Prix,Marina Bay Street Circuit,maxverstappen,40,1,29.698,red_bull,0,0,0,49.26579999999995,1,0,292,69,30.888932969977812,30.731665777644622,-1.190932969977812,-1.0336657776446216
2023,15,Singapore Grand Prix,Marina Bay Street Circuit,norris,20,1,29.485,mclaren,0,0,0,49.26579999999995,1,0,270,69,30.93965862769402,31.13994993067957,-1.4546586276940197,-1.654949930679571
2023,15,Singapore Grand Prix,Marina Bay Street Circuit,ocon,20,1,29.755,alpine,0,0,0,49.26579999999995,1,0,249,69,31.15841566448261,31.5557717437974,-1.403415664482612,-1.8007717437974016
2023,15,Singapore Grand Prix,Marina Bay Street Circuit,perez,39,1,28.977,red_bull,0,0,0,49.26579999999995,1,0,292,69,30.888932969977812,30.731045277887976,-1.911932969977812,-1.7540452778879754
2023,15,Singapore Grand Prix,Marina Bay Street Circuit,piastri,20,1,29.369,mclaren,0,0,0,49.26579999999995,1,0,270,69,30.93965862769402,31.13994993067957,-1.5706586276940193,-1.7709499306795706
2023,15,Singapore Grand Prix,Marina Bay Street Circuit,russell,20,1,29.976,mercedes,0,0,0,49.26579999999995,1,0,278,69,31.337098320663586,31.291037676773364,-1.3610983206635865,-1.3150376767733647
2023,15,Singapore Grand Prix,Marina Bay Street Circuit,russell,44,2,30.039,mercedes,0,0,0,49.26579999999995,1,0,278,69,31.337098320663586,31.479803763843684,-1.298098320663584,-1.4408037638436824
2023,15,Singapore Grand Prix,Marina Bay Street Circuit,sainz,20,1,29.499,ferrari,0,0,0,49.26579999999995,1,0,259,69,30.96606324828442,31.040917645237286,-1.467063248284422,-1.5419176452372874
2023,15,Singapore Grand Prix,Marina Bay Street Circuit,sargeant,19,1,63.543,williams,0,0,0,49.26579999999995,1,0,271,69,32.187927899168514,31.66964677707334,31.355072100831485,31.87335322292666
2023,15,Singapore Grand Prix,Marina Bay Street Circuit,sargeant,43,2,31.018,williams,0,0,0,49.26579999999995,1,0,271,69,32.187927899168514,31.85841286414366,-1.1699278991685134,-0.8404128641436586
2023,15,Singapore Grand Prix,Marina Bay Street Circuit,zhou,2,1,30.032,alfa,0,0,0,49.26579999999995,1,0,194,69,31.13287450506762,31.55074839842859,-1.100874505067619,-1.5187483984285883
2023,15,Singapore Grand Prix,Marina Bay Street Circuit,zhou,20,2,30.637,alfa,0,0,0,49.26579999999995,1,0,194,69,31.13287450506762,31.735791486959023,-0.49587450506761854,-1.0987914869590227
2023,16,Japanese Grand Prix,Suzuka Circuit,perez,13,3,2.485913,red_bull,0,0,0,2.485913,1,0,292,24,23.59692417701123,22.501548974907177,-21.11101117701123,-20.015635974907177
2023,17,Qatar Grand Prix,Losail International Circuit,albon,18,1,29.253,williams,0,0,0,33.1974,1,0,271,141,29.231430953309335,28.358104531945543,0.02156904669066506,0.8948954680544574
2023,17,Qatar Grand Prix,Losail International Circuit,albon,31,2,28.747,williams,0,0,0,33.1974,1,0,271,141,29.231430953309335,28.54004512169274,-0.48443095330933517,0.20695487830726123
2023,17,Qatar Grand Prix,Losail International Circuit,albon,44,3,28.981,williams,0,0,0,33.1974,1,0,271,141,29.231430953309335,28.997461151987984,-0.2504309533093334,-0.016461151987982703
2023,17,Qatar Grand Prix,Losail International Circuit,alonso,11,1,28.373,aston_martin,0,0,0,33.1974,1,0,271,141,28.197462092444084,28.08459663416043,0.17553790755591692,0.2884033658395708
2023,17,Qatar Grand Prix,Losail International Circuit,alonso,26,2,28.432,aston_martin,0,0,0,33.1974,1,0,271,141,28.197462092444084,28.267778223420923,0.23453790755591442,0.1642217765790761
2023,17,Qatar Grand Prix,Losail International Circuit,alonso,44,3,28.393,aston_martin,0,0,0,33.1974,1,0,271,141,28.197462092444084,28.72829675249941,0.1955379075559165,-0.33529675249940993
2023,17,Qatar Grand Prix,Losail International Circuit,bottas,3,1,29.977,alfa,0,0,0,33.1974,1,0,194,141,28.176377559208436,28.240447152814088,1.8006224407915639,1.7365528471859122
2023,17,Qatar Grand Prix,Losail International Circuit,bottas,21,2,29.387,alfa,0,0,0,33.1974,1,0,194,141,28.176377559208436,28.425490241344527,1.210622440791564,0.961509758655474
2023,17,Qatar Grand Prix,Losail International Circuit,bottas,39,3,28.946,alfa,0,0,0,33.1974,1,0,194,141,28.176377559208436,28.886008770423015,0.769622440791565,0.05999122957698688
2023,17,Qatar Grand Prix,Losail International Circuit,gasly,11,1,28.429,alpine,0,0,0,33.1974,1,0,249,141,28.20191871862343,28.239265500616423,0.22708128137657013,0.1897344993835759
2023,17,Qatar Grand Prix,Losail International Circuit,gasly,26,2,30.192,alpine,0,0,0,33.1974,1,0,249,141,28.20191871862343,28.42244708987691,1.9900812813765718,1.769552910123089
2023,17,Qatar Grand Prix,Losail International Circuit,gasly,44,3,34.856,alpine,0,0,0,33.1974,1,0,249,141,28.20191871862343,28.8829656189554,6.654081281376573,5.973034381044602
2023,17,Qatar Grand Prix,Losail International Circuit,hulkenberg,13,1,39.879,haas,0,0,0,33.1974,1,0,272,141,29.37998068524098,28.957074924864077,10.499019314759018,10.92192507513592
2023,17,Qatar Grand Prix,Losail International Circuit,hulkenberg,27,2,28.274,haas,0,0,0,33.1974,1,0,272,141,29.37998068524098,29.13963601436792,-1.1059806852409793,-0.8656360143679187
2023,17,Qatar Grand Prix,Losail International Circuit,hulkenberg,39,3,28.591,haas,0,0,0,33.1974,1,0,272,141,29.37998068524098,29.59643154490652,-0.7889806852409791,-1.0054315449065179
2023,17,Qatar Grand Prix,Losail International Circuit,kevinmagnussen,3,1,28.743,haas,0,0,0,33.1974,1,0,272,141,29.37998068524098,28.950869927297592,-0.6369806852409816,-0.2078699272975939
2023,17,Qatar Grand Prix,Losail International Circuit,kevinmagnussen,21,2,28.948,haas,0,0,0,33.1974,1,0,272,141,29.37998068524098,29.13591301582803,-0.43198068524097977,-0.18791301582803044
2023,17,Qatar Grand Prix,Losail International Circuit,kevinmagnussen,39,3,30.331,haas,0,0,0,33.1974,1,0,272,141,29.37998068524098,29.59643154490652,0.9510193147590194,0.7345684550934806
2023,17,Qatar Grand Prix,Losail International Circuit,lawson,3,1,29.33,alphatauri,0,0,0,33.1974,1,0,202,141,27.719782351974786,27.85422754805713,1.6102176480252126,1.4757724519428699
2023,17,Qatar Grand Prix,Losail International Circuit,lawson,21,2,28.665,alphatauri,0,0,0,33.1974,1,0,202,141,27.719782351974786,28.039270636587567,0.9452176480252135,0.6257293634124323
2023,17,Qatar Grand Prix,Losail International Circuit,lawson,39,3,28.171,alphatauri,0,0,0,33.1974,1,0,202,141,27.719782351974786,28.499789165666055,0.4512176480252137,-0.32878916566605554
2023,17,Qatar Grand Prix,Losail International Circuit,leclerc,12,1,28.228,ferrari,0,0,0,33.1974,1,0,259,141,28.009566302425238,27.725031901812955,0.21843369757476339,0.502968098187047
2023,17,Qatar Grand Prix,Losail International Circuit,leclerc,25,2,27.873,ferrari,0,0,0,33.1974,1,0,259,141,28.009566302425238,27.906972491560147,-0.13656630242523704,-0.03397249156014581
2023,17,Qatar Grand Prix,Losail International Circuit,leclerc,43,3,27.513,ferrari,0,0,0,33.1974,1,0,259,141,28.009566302425238,28.367491020638635,-0.49656630242523647,-0.8544910206386334
2023,17,Qatar Grand Prix,Losail International Circuit,maxverstappen,17,1,28.233,red_bull,0,0,0,33.1974,1,0,292,141,27.93243602411863,27.40647253787057,0.30056397588137074,0.8265274621294303
2023,17,Qatar Grand Prix,Losail International Circuit,maxverstappen,34,2,28.103,red_bull,0,0,0,33.1974,1,0,292,141,27.93243602411863,27.59089512664436,0.17056397588137173,0.5121048733556428
2023,17,Qatar Grand Prix,Losail International Circuit,maxverstappen,51,3,29.726,red_bull,0,0,0,33.1974,1,0,292,141,27.93243602411863,28.050793155966197,1.7935639758813693,1.6752068440338022
2023,17,Qatar Grand Prix,Losail International Circuit,norris,13,1,28.134,mclaren,0,0,0,33.1974,1,0,270,141,27.983161681834837,27.824684687011885,0.1508383181651638,0.3093153129881152
2023,17,Qatar Grand Prix,Losail International Circuit,norris,27,2,27.611,mclaren,0,0,0,33.1974,1,0,270,141,27.983161681834837,28.00724577651573,-0.3721616818348359,-0.39624577651573034
2023,17,Qatar Grand Prix,Losail International Circuit,norris,44,3,27.677,mclaren,0,0,0,33.1974,1,0,270,141,27.983161681834837,28.46714380583757,-0.30616168183483694,-0.7901438058375696
2023,17,Qatar Grand Prix,Losail International Circuit,ocon,10,1,28.961,alpine,0,0,0,33.1974,1,0,249,141,28.20191871862343,28.238645000859773,0.7590812813765702,0.7223549991402258
2023,17,Qatar Grand Prix,Losail International Circuit,ocon,25,2,28.969,alpine,0,0,0,33.1974,1,0,249,141,28.20191871862343,28.421826590120265,0.7670812813765728,0.5471734098797363
2023,17,Qatar Grand Prix,Losail International Circuit,ocon,43,3,29.169,alpine,0,0,0,33.1974,1,0,249,141,28.20191871862343,28.882345119198753,0.9670812813765721,0.28665488080124746
2023,17,Qatar Grand Prix,Losail International Circuit,perez,17,1,27.808,red_bull,0,0,0,33.1974,1,0,292,141,27.93243602411863,27.40647253787057,-0.12443602411862997,0.4015274621294296
2023,17,Qatar Grand Prix,Losail International Circuit,perez,31,2,33.246,red_bull,0,0,0,33.1974,1,0,292,141,27.93243602411863,27.589033627374413,5.313563975881372,5.65696637262559
2023,17,Qatar Grand Prix,Losail International Circuit,perez,43,3,33.165,red_bull,0,0,0,33.1974,1,0,292,141,27.93243602411863,28.045829157913012,5.232563975881369,5.119170842086987
2023,17,Qatar Grand Prix,Losail International Circuit,piastri,12,1,28.875,mclaren,0,0,0,33.1974,1,0,270,141,27.983161681834837,27.82406418725524,0.8918383181651635,1.0509358127447612
2023,17,Qatar Grand Prix,Losail International Circuit,piastri,25,2,27.868,mclaren,0,0,0,33.1974,1,0,270,141,27.983161681834837,28.00600477700243,-0.11516168183483799,-0.13800477700243263
2023,17,Qatar Grand Prix,Losail International Circuit,piastri,43,3,27.489,mclaren,0,0,0,33.1974,1,0,270,141,27.983161681834837,28.46652330608092,-0.4941616818348358,-0.9775233060809185
2023,17,Qatar Grand Prix,Losail International Circuit,russell,14,2,28.542,mercedes,0,0,0,33.1974,1,0,278,141,28.3806013748044,28.150267025773097,0.1613986251956021,0.3917329742269047
2023,17,Qatar Grand Prix,Losail International Circuit,russell,32,3,28.314,mercedes,0,0,0,33.1974,1,0,278,141,28.3806013748044,28.610785554851585,-0.06660137480439943,-0.296785554851585
2023,17,Qatar Grand Prix,Losail International Circuit,russell,50,4,28.191,mercedes,0,0,0,33.1974,1,0,278,141,28.3806013748044,30.10582204385673,-0.18960137480440054,-1.9148220438567307
2023,17,Qatar Grand Prix,Losail International Circuit,sargeant,13,1,29.436,williams,0,0,0,33.1974,1,0,271,141,29.231430953309335,28.355002033162304,0.2045690466906649,1.0809979668376961
2023,17,Qatar Grand Prix,Losail International Circuit,sargeant,26,2,29.373,williams,0,0,0,33.1974,1,0,271,141,29.231430953309335,28.536942622909496,0.14156904669066606,0.8360573770905049
2023,17,Qatar Grand Prix,Losail International Circuit,stroll,3,1,28.886,aston_martin,0,0,0,33.1974,1,0,271,141,28.197462092444084,28.079632636107245,0.688537907555915,0.806367363892754
2023,17,Qatar Grand Prix,Losail International Circuit,stroll,21,2,28.156,aston_martin,0,0,0,33.1974,1,0,271,141,28.197462092444084,28.264675724637684,-0.041462092444085386,-0.10867572463768482
2023,17,Qatar Grand Prix,Losail International Circuit,stroll,39,3,29.399,aston_martin,0,0,0,33.1974,1,0,271,141,28.197462092444084,28.72519425371617,1.2015379075559167,0.6738057462838292
2023,17,Qatar Grand Prix,Losail International Circuit,tsunoda,9,1,27.781,alphatauri,0,0,0,33.1974,1,0,202,141,27.719782351974786,27.85795054659702,0.06121764802521312,-0.07695054659702194
2023,17,Qatar Grand Prix,Losail International Circuit,tsunoda,22,2,27.596,alphatauri,0,0,0,33.1974,1,0,202,141,27.719782351974786,28.039891136344213,-0.1237823519747856,-0.44389113634421307
2023,17,Qatar Grand Prix,Losail International Circuit,tsunoda,40,3,27.809,alphatauri,0,0,0,33.1974,1,0,202,141,27.719782351974786,28.5004096654227,0.08921764802521537,-0.6914096654227002
2023,17,Qatar Grand Prix,Losail International Circuit,zhou,18,1,28.984,alfa,0,0,0,33.1974,1,0,194,141,28.176377559208436,28.249754649163812,0.8076224407915653,0.7342453508361899
2023,17,Qatar Grand Prix,Losail International Circuit,zhou,35,2,28.854,alfa,0,0,0,33.1974,1,0,194,141,28.176377559208436,28.4341772379376,0.6776224407915628,0.4198227620623989
2023,17,Qatar Grand Prix,Losail International Circuit,zhou,52,3,28.815,alfa,0,0,0,33.1974,1,0,194,141,28.176377559208436,28.89407526725944,0.6386224407915648,-0.07907526725943725
2023,18,United States Grand Prix,Circuit of the Americas,albon,10,1,24.563,williams,0,0,0,25.85525,1,0,271,135,25.848934425862964,25.02729182085201,-1.2859344258629655,-0.4642918208520115
2023,18,United States Grand Prix,Circuit of the Americas,albon,29,2,24.354,williams,0,0,0,25.85525,1,0,271,135,25.848934425862964,25.212955409139095,-1.494934425862965,-0.8589554091390958
2023,18,United States Grand Prix,Circuit of the Americas,alonso,19,1,25.055,aston_martin,0,0,0,25.85525,1,0,271,135,24.814965564997717,24.76371191917327,0.24003443500228272,0.2912880808267282
2023,18,United States Grand Prix,Circuit of the Americas,alonso,42,2,24.823,aston_martin,0,0,0,25.85525,1,0,271,135,24.814965564997717,24.951857506486945,0.008034435002283402,-0.12885750648694483
2023,18,United States Grand Prix,Circuit of the Americas,bottas,10,1,24.783,alfa,0,0,0,25.85525,1,0,194,135,24.79388103176207,24.91894193807028,-0.010881031762068005,-0.1359419380702782
2023,18,United States Grand Prix,Circuit of the Americas,bottas,28,2,25.02,alfa,0,0,0,25.85525,1,0,194,135,24.79388103176207,25.103985026600714,0.22611896823793032,-0.08398502660071472
2023,18,United States Grand Prix,Circuit of the Americas,gasly,18,1,23.9,alpine,0,0,0,25.85525,1,0,249,135,24.81942219117706,24.917760285872614,-0.9194221911770626,-1.0177602858726154
2023,18,United States Grand Prix,Circuit of the Americas,gasly,37,2,24.88,alpine,0,0,0,25.85525,1,0,249,135,24.81942219117706,25.103423874159695,0.06057780882293784,-0.2234238741596961
2023,18,United States Grand Prix,Circuit of the Americas,hamilton,20,1,24.916,mercedes,0,0,0,25.85525,1,0,278,135,24.998104847358036,24.65426721836187,-0.08210484735803547,0.2617327816381305
2023,18,United States Grand Prix,Circuit of the Americas,hamilton,38,2,24.648,mercedes,0,0,0,25.85525,1,0,278,135,24.998104847358036,24.839310306892305,-0.35010484735803615,-0.191310306892305
2023,18,United States Grand Prix,Circuit of the Americas,hulkenberg,19,1,26.573,haas,0,0,0,25.85525,1,0,272,135,25.997484157794613,25.634949210363615,0.5755158422053874,0.9380507896363852
2023,18,United States Grand Prix,Circuit of the Americas,hulkenberg,34,2,24.308,haas,0,0,0,25.85525,1,0,272,135,25.997484157794613,25.818130799624107,-1.6894841577946131,-1.5101307996241076
2023,18,United States Grand Prix,Circuit of the Americas,kevinmagnussen,10,1,25.067,haas,0,0,0,25.85525,1,0,272,135,25.997484157794613,25.62936471255378,-0.9304841577946128,-0.5623647125537801
2023,18,United States Grand Prix,Circuit of the Americas,kevinmagnussen,29,2,24.745,haas,0,0,0,25.85525,1,0,272,135,25.997484157794613,25.815028300840865,-1.252484157794612,-1.070028300840864
2023,18,United States Grand Prix,Circuit of the Americas,leclerc,23,1,23.963,ferrari,0,0,0,25.85525,1,0,259,135,24.62706977497887,24.40600868609574,-0.66406977497887,-0.4430086860957374
2023,18,United States Grand Prix,Circuit of the Americas,maxverstappen,16,1,23.756,red_bull,0,0,0,25.85525,1,0,292,135,24.549939496672263,24.080003325073577,-0.7939394966722624,-0.3240033250735763
2023,18,United States Grand Prix,Circuit of the Americas,maxverstappen,35,2,24.974,red_bull,0,0,0,25.85525,1,0,292,135,24.549939496672263,24.26566691336066,0.4240605033277376,0.7083330866393389
2023,18,United States Grand Prix,Circuit of the Americas,norris,17,1,24.155,mclaren,0,0,0,25.85525,1,0,270,135,24.60066515438847,24.501317972998134,-0.4456651543884682,-0.3463179729981327
2023,18,United States Grand Prix,Circuit of the Americas,norris,34,2,23.361,mclaren,0,0,0,25.85525,1,0,270,135,24.60066515438847,24.68574056177192,-1.2396651543884687,-1.3247405617719181
2023,18,United States Grand Prix,Circuit of the Americas,perez,17,1,24.245,red_bull,0,0,0,25.85525,1,0,292,135,24.549939496672263,24.080623824830226,-0.3049394966722616,0.16437617516977454
2023,18,United States Grand Prix,Circuit of the Americas,perez,37,2,23.747,red_bull,0,0,0,25.85525,1,0,292,135,24.549939496672263,24.266907912873954,-0.8029394966722627,-0.5199079128739541
2023,18,United States Grand Prix,Circuit of the Americas,ricciardo,22,1,24.364,alphatauri,0,0,0,25.85525,1,0,202,135,24.33728582452842,24.5401683303931,0.02671417547158228,-0.1761683303931001
2023,18,United States Grand Prix,Circuit of the Americas,ricciardo,47,2,26.513,alphatauri,0,0,0,25.85525,1,0,202,135,24.33728582452842,24.72955491722007,2.175714175471583,1.7834450827799309
2023,18,United States Grand Prix,Circuit of the Americas,russell,21,1,24.357,mercedes,0,0,0,25.85525,1,0,278,135,24.998104847358036,24.65488771811852,-0.6411048473580365,-0.29788771811852044
2023,18,United States Grand Prix,Circuit of the Americas,russell,39,2,23.969,mercedes,0,0,0,25.85525,1,0,278,135,24.998104847358036,24.839930806648955,-1.0291048473580346,-0.8709308066489534
2023,18,United States Grand Prix,Circuit of the Americas,sainz,17,1,23.668,ferrari,0,0,0,25.85525,1,0,259,135,24.62706977497887,24.40228568755585,-0.9590697749788717,-0.7342856875558503
2023,18,United States Grand Prix,Circuit of the Americas,sainz,35,2,23.673,ferrari,0,0,0,25.85525,1,0,259,135,24.62706977497887,24.587328776086284,-0.9540697749788727,-0.9143287760862862
2023,18,United States Grand Prix,Circuit of the Americas,sargeant,11,1,24.99,williams,0,0,0,25.85525,1,0,271,135,25.848934425862964,25.02791232060866,-0.8589344258629659,-0.03791232060866179
2023,18,United States Grand Prix,Circuit of the Americas,sargeant,32,2,25.547,williams,0,0,0,25.85525,1,0,271,135,25.848934425862964,25.214816908409038,-0.3019344258629637,0.33218309159096293
2023,18,United States Grand Prix,Circuit of the Americas,stroll,20,1,24.457,aston_martin,0,0,0,25.85525,1,0,271,135,24.814965564997717,24.764332418929918,-0.35796556499771626,-0.30733241892991714
2023,18,United States Grand Prix,Circuit of the Americas,stroll,40,2,23.955,aston_martin,0,0,0,25.85525,1,0,271,135,24.814965564997717,24.95061650697365,-0.8599655649977187,-0.9956165069736507
2023,18,United States Grand Prix,Circuit of the Americas,tsunoda,17,1,24.354,alphatauri,0,0,0,25.85525,1,0,202,135,24.33728582452842,24.53706583160986,0.016714175471580717,-0.18306583160985923
2023,18,United States Grand Prix,Circuit of the Americas,tsunoda,34,2,24.125,alphatauri,0,0,0,25.85525,1,0,202,135,24.33728582452842,24.721488420383643,-0.2122858245284185,-0.5964884203836434
2023,18,United States Grand Prix,Circuit of the Americas,tsunoda,54,3,23.472,alphatauri,0,0,0,25.85525,1,0,202,135,24.33728582452842,25.183247948975428,-0.8652858245284172,-1.7112479489754264
2023,18,United States Grand Prix,Circuit of the Americas,zhou,9,1,25.636,alfa,0,0,0,25.85525,1,0,194,135,24.79388103176207,24.918321438313633,0.84211896823793,0.7176785616863661
2023,18,United States Grand Prix,Circuit of the Americas,zhou,27,2,24.717,alfa,0,0,0,25.85525,1,0,194,135,24.79388103176207,25.103364526844068,-0.0768810317620705,-0.3863645268440692
2023,19,Mexico City Grand Prix,Autódromo Hermanos Rodríguez,albon,34,2,1.22798,williams,0,0,0,1.22970865,0,1,271,85,19.72969907165461,-0.25355739490416934,-18.501719071654612,1.4815373949041695
2023,19,Mexico City Grand Prix,Autódromo Hermanos Rodríguez,alonso,34,2,1.229837,aston_martin,0,0,0,1.22970865,1,1,271,85,18.695730210789364,16.07820946093752,-17.465893210789364,-14.848372460937519
2023,19,Mexico City Grand Prix,Autódromo Hermanos Rodríguez,bottas,34,2,1.229349,alfa,0,0,0,1.22970865,0,1,194,85,18.674645677553716,-0.3619072776859002,-17.445296677553717,1.5912562776859003
2023,19,Mexico City Grand Prix,Autódromo Hermanos Rodríguez,gasly,34,2,1.2256980000000002,alpine,0,0,0,1.22970865,0,1,249,85,18.700186836968708,-0.3680529279367522,-17.474488836968707,1.5937509279367523
2023,19,Mexico City Grand Prix,Autódromo Hermanos Rodríguez,hamilton,34,2,1.2129079999999999,mercedes,0,0,0,1.22970865,0,1,278,85,18.878869493149683,-0.6327869949607912,-17.665961493149684,1.845694994960791
2023,19,Mexico City Grand Prix,Autódromo Hermanos Rodríguez,hulkenberg,34,2,1.219826,haas,0,0,0,1.22970865,0,1,272,85,19.87824880358626,0.34851549679760324,-18.65842280358626,0.8713105032023969
2023,19,Mexico City Grand Prix,Autódromo Hermanos Rodríguez,leclerc,34,2,1.210512,ferrari,0,0,0,1.22970865,0,1,259,85,18.507834420770518,-0.8829070264968681,-17.297322420770517,2.093419026496868
2023,19,Mexico City Grand Prix,Autódromo Hermanos Rodríguez,maxverstappen,34,3,1.209136,red_bull,0,0,0,1.22970865,0,1,292,85,18.43070414246391,-0.7552193557636734,-17.22156814246391,1.9643553557636735
2023,19,Mexico City Grand Prix,Autódromo Hermanos Rodríguez,norris,34,3,1.226386,mclaren,0,0,0,1.22970865,0,1,270,85,18.481429800180116,-0.334525207595764,-17.255043800180115,1.560911207595764
2023,19,Mexico City Grand Prix,Autódromo Hermanos Rodríguez,ocon,34,1,1.226296,alpine,0,0,0,1.22970865,0,1,249,85,18.700186836968708,-0.5419270208475208,-17.473890836968707,1.768223020847521
2023,19,Mexico City Grand Prix,Autódromo Hermanos Rodríguez,piastri,34,2,1.2190640000000001,mclaren,0,0,0,1.22970865,0,1,270,85,18.481429800180116,-0.7838747410545843,-17.262365800180117,2.0029387410545842
2023,19,Mexico City Grand Prix,Autódromo Hermanos Rodríguez,ricciardo,34,2,1.217136,alphatauri,0,0,0,1.22970865,0,1,202,85,18.218050470320065,-0.7481268824428582,-17.000914470320065,1.9652628824428582
2023,19,Mexico City Grand Prix,Autódromo Hermanos Rodríguez,russell,34,2,1.2182,mercedes,0,0,0,1.22970865,0,1,278,85,18.878869493149683,-0.6327869949607912,-17.660669493149683,1.850986994960791
2023,19,Mexico City Grand Prix,Autódromo Hermanos Rodríguez,sainz,34,2,1.215432,ferrari,0,0,0,1.22970865,0,1,259,85,18.507834420770518,-0.8829070264968681,-17.292402420770518,2.098339026496868
2023,19,Mexico City Grand Prix,Autódromo Hermanos Rodríguez,sargeant,34,2,1.227718,williams,0,0,0,1.22970865,0,1,271,85,19.72969907165461,-0.25355739490416934,-18.501981071654612,1.4812753949041695
2023,19,Mexico City Grand Prix,Autódromo Hermanos Rodríguez,stroll,34,2,1.2296859999999998,aston_martin,0,0,0,1.22970865,0,1,271,85,18.695730210789364,-0.5227217943927422,-17.466044210789363,1.752407794392742
2023,19,Mexico City Grand Prix,Autódromo Hermanos Rodríguez,tsunoda,34,2,1.218057,alphatauri,0,0,0,1.22970865,0,1,202,85,18.218050470320065,-0.7481268824428582,-16.999993470320064,1.9661838824428581
2023,19,Mexico City Grand Prix,Autódromo Hermanos Rodríguez,zhou,34,2,1.229539,alfa,0,0,0,1.22970865,0,1,194,85,18.674645677553716,-0.3619072776859002,-17.445106677553717,1.5914462776859002
2023,20,São Paulo Grand Prix,Autódromo José Carlos Pace,alonso,2,2,1.408154,aston_martin,0,0,0,1.4211103999999999,0,1,271,153,17.97241601295051,-1.49409040876139,-16.56426201295051,2.9022444087613897
2023,20,São Paulo Grand Prix,Autódromo José Carlos Pace,bottas,2,2,1.418156,alfa,0,0,0,1.4211103999999999,0,1,194,153,17.951331479714863,-1.333275892054548,-16.533175479714863,2.7514318920545477
2023,20,São Paulo Grand Prix,Autódromo José Carlos Pace,gasly,2,2,1.4167059999999998,alpine,0,0,0,1.4211103999999999,0,1,249,153,17.976872639129855,-1.3394215423054,-16.560166639129854,2.7561275423054
2023,20,São Paulo Grand Prix,Autódromo José Carlos Pace,hamilton,2,2,1.406375,mercedes,0,0,0,1.4211103999999999,0,1,278,153,18.15555529531083,-1.604155609329439,-16.74918029531083,3.0105306093294386
2023,20,São Paulo Grand Prix,Autódromo José Carlos Pace,hulkenberg,2,2,1.421069,haas,0,0,0,1.4211103999999999,0,1,272,153,19.154934605747407,-0.6228531175710444,-17.733865605747408,2.0439221175710443
2023,20,São Paulo Grand Prix,Autódromo José Carlos Pace,maxverstappen,2,2,1.402632,red_bull,0,0,0,1.4211103999999999,0,1,292,153,17.707389944625056,-2.1759375035911415,-16.304757944625056,3.5785695035911416
2023,20,São Paulo Grand Prix,Autódromo José Carlos Pace,norris,2,2,1.404611,mclaren,0,0,0,1.4211103999999999,0,1,270,153,17.758115602341263,-1.755243355423232,-16.353504602341264,3.1598543554232323
2023,20,São Paulo Grand Prix,Autódromo José Carlos Pace,ocon,2,2,1.414725,alpine,0,0,0,1.4211103999999999,0,1,249,153,17.976872639129855,-1.3394215423054,-16.562147639129854,2.7541465423054
2023,20,São Paulo Grand Prix,Autódromo José Carlos Pace,perez,2,2,1.411712,red_bull,0,0,0,1.4211103999999999,0,1,292,153,17.707389944625056,-2.1759375035911415,-16.295677944625055,3.5876495035911415
2023,20,São Paulo Grand Prix,Autódromo José Carlos Pace,russell,2,2,1.410984,mercedes,0,0,0,1.4211103999999999,0,1,278,153,18.15555529531083,-1.604155609329439,-16.74457129531083,3.015139609329439
2023,20,São Paulo Grand Prix,Autódromo José Carlos Pace,sainz,2,2,1.4137039999999998,ferrari,0,0,0,1.4211103999999999,0,1,259,153,17.784520222931665,-1.8542756408655157,-16.370816222931666,3.2679796408655157
2023,20,São Paulo Grand Prix,Autódromo José Carlos Pace,sargeant,2,2,1.421207,williams,0,0,0,1.4211103999999999,1,1,271,153,19.006384873815758,15.376005246057446,-17.58517787381576,-13.954798246057445
2023,20,São Paulo Grand Prix,Autódromo José Carlos Pace,stroll,2,2,1.409984,aston_martin,0,0,0,1.4211103999999999,0,1,271,153,17.97241601295051,-1.49409040876139,-16.56243201295051,2.9040744087613897
2023,20,São Paulo Grand Prix,Autódromo José Carlos Pace,tsunoda,2,2,1.4154200000000001,alphatauri,0,0,0,1.4211103999999999,0,1,202,153,17.494736272481212,-1.719495496811506,-16.07931627248121,3.134915496811506
2023,20,São Paulo Grand Prix,Autódromo José Carlos Pace,zhou,2,2,1.419945,alfa,0,0,0,1.4211103999999999,0,1,194,153,17.951331479714863,-1.333275892054548,-16.531386479714865,2.7532208920545482
2023,21,Las Vegas Grand Prix,Las Vegas Strip Street Circuit,albon,16,1,21.242,williams,0,0,0,25.310899999999997,1,0,271,67,22.553370498730153,21.948032739901517,-1.3113704987301524,-0.7060327399015165
2023,21,Las Vegas Grand Prix,Las Vegas Strip Street Circuit,alonso,26,2,23.214,aston_martin,0,0,0,25.310899999999997,1,0,271,67,21.519401637864906,21.858947430890193,1.6945983621350926,1.3550525691098052
2023,21,Las Vegas Grand Prix,Las Vegas Strip Street Circuit,bottas,24,2,21.575,alfa,0,0,0,25.310899999999997,1,0,194,67,21.49831710462926,22.01852094808374,0.07668289537074102,-0.44352094808374076
2023,21,Las Vegas Grand Prix,Las Vegas Strip Street Circuit,gasly,17,1,22.262,alpine,0,0,0,25.310899999999997,1,0,249,67,21.52385826404425,21.834157706625582,0.7381417359557503,0.42784229337441815
2023,21,Las Vegas Grand Prix,Las Vegas Strip Street Circuit,hamilton,17,1,25.047,mercedes,0,0,0,25.310899999999997,1,0,278,67,21.702540920225225,21.569423639601546,3.3444590797747757,3.477576360398455
2023,21,Las Vegas Grand Prix,Las Vegas Strip Street Circuit,hamilton,26,2,22.508,mercedes,0,0,0,25.310899999999997,1,0,278,67,21.702540920225225,21.748882230322145,0.8054590797747743,0.7591177696778537
2023,21,Las Vegas Grand Prix,Las Vegas Strip Street Circuit,hulkenberg,12,1,22.154,haas,0,0,0,25.310899999999997,1,0,272,67,22.701920230661802,22.5476236325767,-0.5479202306618021,-0.3936236325766984
2023,21,Las Vegas Grand Prix,Las Vegas Strip Street Circuit,hulkenberg,26,2,25.453,haas,0,0,0,25.310899999999997,1,0,272,67,22.701920230661802,22.73018472208054,2.7510797693381974,2.7228152779194588
2023,21,Las Vegas Grand Prix,Las Vegas Strip Street Circuit,kevinmagnussen,14,1,21.611,haas,0,0,0,25.310899999999997,1,0,272,67,22.701920230661802,22.548864632089995,-1.0909202306618013,-0.9378646320899939
2023,21,Las Vegas Grand Prix,Las Vegas Strip Street Circuit,kevinmagnussen,26,2,21.868,haas,0,0,0,25.310899999999997,1,0,272,67,22.701920230661802,22.73018472208054,-0.8339202306618034,-0.8621847220805421
2023,21,Las Vegas Grand Prix,Las Vegas Strip Street Circuit,leclerc,21,1,22.559,ferrari,0,0,0,25.310899999999997,1,0,259,67,21.33150584784606,21.32178560709206,1.227494152153941,1.2372143929079407
2023,21,Las Vegas Grand Prix,Las Vegas Strip Street Circuit,maxverstappen,16,1,26.686,red_bull,0,0,0,25.310899999999997,1,0,292,67,21.25437556953945,20.99702124558319,5.431624430460548,5.688978754416809
2023,21,Las Vegas Grand Prix,Las Vegas Strip Street Circuit,maxverstappen,26,2,21.323,red_bull,0,0,0,25.310899999999997,1,0,292,67,21.25437556953945,21.17710033606044,0.06862443046054878,0.14589966393955933
2023,21,Las Vegas Grand Prix,Las Vegas Strip Street Circuit,ocon,20,1,21.763,alpine,0,0,0,25.310899999999997,1,0,249,67,21.52385826404425,21.83601920589553,0.2391417359557515,-0.0730192058955268
2023,21,Las Vegas Grand Prix,Las Vegas Strip Street Circuit,perez,26,2,21.568,red_bull,0,0,0,25.310899999999997,1,0,292,67,21.25437556953945,21.17710033606044,0.3136244304605498,0.3908996639395603
2023,21,Las Vegas Grand Prix,Las Vegas Strip Street Circuit,piastri,16,1,23.269,mclaren,0,0,0,25.310899999999997,1,0,270,67,21.30510122725566,21.417715393751102,1.96389877274434,1.8512846062488961
2023,21,Las Vegas Grand Prix,Las Vegas Strip Street Circuit,piastri,43,2,20.535,mclaren,0,0,0,25.310899999999997,1,0,270,67,21.30510122725566,21.608342980091372,-0.7701012272556582,-1.0733429800913719
2023,21,Las Vegas Grand Prix,Las Vegas Strip Street Circuit,ricciardo,17,1,22.242,alphatauri,0,0,0,25.310899999999997,1,0,202,67,21.041721897395607,21.45408375211948,1.2002781026043934,0.7879162478805206
2023,21,Las Vegas Grand Prix,Las Vegas Strip Street Circuit,russell,15,1,21.257,mercedes,0,0,0,25.310899999999997,1,0,278,67,21.702540920225225,21.56818264008825,-0.4455409202252234,-0.3111826400882478
2023,21,Las Vegas Grand Prix,Las Vegas Strip Street Circuit,russell,26,2,21.952,mercedes,0,0,0,25.310899999999997,1,0,278,67,21.702540920225225,21.748882230322145,0.24945907977477688,0.20311776967785633
2023,21,Las Vegas Grand Prix,Las Vegas Strip Street Circuit,sainz,3,1,21.261,ferrari,0,0,0,25.310899999999997,1,0,259,67,21.33150584784606,21.310616611472394,-0.07050584784606073,-0.04961661147239482
2023,21,Las Vegas Grand Prix,Las Vegas Strip Street Circuit,sainz,26,2,22.63,ferrari,0,0,0,25.310899999999997,1,0,259,67,21.33150584784606,21.498762198786068,1.298494152153939,1.1312378012139312
2023,21,Las Vegas Grand Prix,Las Vegas Strip Street Circuit,sargeant,15,1,21.367,williams,0,0,0,25.310899999999997,1,0,271,67,22.553370498730153,21.94741224014487,-1.1863704987301524,-0.5804122401448701
2023,21,Las Vegas Grand Prix,Las Vegas Strip Street Circuit,stroll,3,1,22.222,aston_martin,0,0,0,25.310899999999997,1,0,271,67,21.519401637864906,21.67080184357652,0.7025983621350953,0.5511981564234816
2023,21,Las Vegas Grand Prix,Las Vegas Strip Street Circuit,stroll,26,2,22.57,aston_martin,0,0,0,25.310899999999997,1,0,271,67,21.519401637864906,21.858947430890193,1.0505983621350943,0.7110525691098069
2023,21,Las Vegas Grand Prix,Las Vegas Strip Street Circuit,tsunoda,10,1,20.619,alphatauri,0,0,0,25.310899999999997,1,0,202,67,21.041721897395607,21.449740253822938,-0.4227218973956077,-0.8307402538229383
2023,21,Las Vegas Grand Prix,Las Vegas Strip Street Circuit,tsunoda,21,2,20.894,alphatauri,0,0,0,25.310899999999997,1,0,202,67,21.041721897395607,21.630439844056838,-0.14772189739560915,-0.7364398440568394
2023,21,Las Vegas Grand Prix,Las Vegas Strip Street Circuit,zhou,26,1,22.155,alfa,0,0,0,25.310899999999997,1,0,194,67,21.49831710462926,21.845887854686268,0.6566828953707429,0.3091121453137333
2023,22,Abu Dhabi Grand Prix,Yas Marina Circuit,albon,16,1,22.17,williams,0,0,0,23.1684,1,0,271,125,23.38932015600743,22.71791109394736,-1.2193201560074272,-0.5479110939473593
2023,22,Abu Dhabi Grand Prix,Yas Marina Circuit,albon,43,2,21.919,williams,0,0,0,23.1684,1,0,271,125,23.38932015600743,22.90853868028763,-1.4703201560074284,-0.9895386802876303
2023,22,Abu Dhabi Grand Prix,Yas Marina Circuit,alonso,12,1,22.462,aston_martin,0,0,0,23.1684,1,0,271,125,22.355351295142185,22.446264695432195,0.10664870485781464,0.01573530456780503
2023,22,Abu Dhabi Grand Prix,Yas Marina Circuit,alonso,36,2,21.841,aston_martin,0,0,0,23.1684,1,0,271,125,22.355351295142185,22.63503078250252,-0.514351295142184,-0.7940307825025172
2023,22,Abu Dhabi Grand Prix,Yas Marina Circuit,bottas,29,1,22.665,alfa,0,0,0,23.1684,1,0,194,125,22.334266761906534,22.617627708002058,0.33073323809346533,0.047372291997941574
2023,22,Abu Dhabi Grand Prix,Yas Marina Circuit,gasly,17,1,23.091,alpine,0,0,0,23.1684,1,0,249,125,22.359807921321526,22.604036060671426,0.7311920786784754,0.4869639393285752
2023,22,Abu Dhabi Grand Prix,Yas Marina Circuit,gasly,32,2,23.478,alpine,0,0,0,23.1684,1,0,249,125,22.359807921321526,22.787217649931918,1.1181920786784758,0.6907823500680834
2023,22,Abu Dhabi Grand Prix,Yas Marina Circuit,hamilton,15,1,22.195,mercedes,0,0,0,23.1684,1,0,278,125,22.5384905775025,22.33806099413409,-0.3434905775025001,-0.14306099413408901
2023,22,Abu Dhabi Grand Prix,Yas Marina Circuit,hamilton,35,2,22.045,mercedes,0,0,0,23.1684,1,0,278,125,22.5384905775025,22.52434508217782,-0.4934905775024987,-0.4793450821778187
2023,22,Abu Dhabi Grand Prix,Yas Marina Circuit,hulkenberg,13,1,21.861,haas,0,0,0,23.1684,1,0,272,125,23.53786988793908,23.31812248637919,-1.6768698879390804,-1.4571224863791876
2023,22,Abu Dhabi Grand Prix,Yas Marina Circuit,hulkenberg,33,2,22.081,haas,0,0,0,23.1684,1,0,272,125,23.53786988793908,23.504406574422923,-1.4568698879390816,-1.4234065744229234
2023,22,Abu Dhabi Grand Prix,Yas Marina Circuit,kevinmagnussen,5,1,22.764,haas,0,0,0,23.1684,1,0,272,125,23.53786988793908,23.313158488326003,-0.7738698879390817,-0.5491584883260039
2023,22,Abu Dhabi Grand Prix,Yas Marina Circuit,kevinmagnussen,22,2,22.163,haas,0,0,0,23.1684,1,0,272,125,23.53786988793908,23.49758107709979,-1.3748698879390808,-1.3345810770997915
2023,22,Abu Dhabi Grand Prix,Yas Marina Circuit,leclerc,17,1,21.919,ferrari,0,0,0,23.1684,1,0,259,125,22.167455505123336,22.08918196211131,-0.24845550512333503,-0.17018196211131098
2023,22,Abu Dhabi Grand Prix,Yas Marina Circuit,leclerc,35,2,21.246,ferrari,0,0,0,23.1684,1,0,259,125,22.167455505123336,22.274225050641746,-0.9214555051233368,-1.0282250506417476
2023,22,Abu Dhabi Grand Prix,Yas Marina Circuit,maxverstappen,16,1,21.662,red_bull,0,0,0,23.1684,1,0,292,125,22.090325226816727,21.766899599629035,-0.42832522681672813,-0.10489959962903583
2023,22,Abu Dhabi Grand Prix,Yas Marina Circuit,maxverstappen,43,2,21.275,red_bull,0,0,0,23.1684,1,0,292,125,22.090325226816727,21.957527185969305,-0.8153252268167286,-0.6825271859693061
2023,22,Abu Dhabi Grand Prix,Yas Marina Circuit,norris,14,1,24.061,mclaren,0,0,0,23.1684,1,0,270,125,22.141050884532937,22.18635274828365,1.9199491154670625,1.8746472517163504
2023,22,Abu Dhabi Grand Prix,Yas Marina Circuit,norris,33,2,21.432,mclaren,0,0,0,23.1684,1,0,270,125,22.141050884532937,22.372016336570734,-0.7090508845329389,-0.9400163365707357
2023,22,Abu Dhabi Grand Prix,Yas Marina Circuit,ocon,15,1,22.16,alpine,0,0,0,23.1684,1,0,249,125,22.359807921321526,22.60279506115813,-0.19980792132152558,-0.4427950611581295
2023,22,Abu Dhabi Grand Prix,Yas Marina Circuit,perez,17,1,21.446,red_bull,0,0,0,23.1684,1,0,292,125,22.090325226816727,21.767520099385685,-0.6443252268167257,-0.32152009938568327
2023,22,Abu Dhabi Grand Prix,Yas Marina Circuit,perez,42,2,21.274,red_bull,0,0,0,23.1684,1,0,292,125,22.090325226816727,21.956906686212655,-0.8163252268167263,-0.6829066862126538
2023,22,Abu Dhabi Grand Prix,Yas Marina Circuit,piastri,13,1,21.697,mclaren,0,0,0,23.1684,1,0,270,125,22.141050884532937,22.185732248527,-0.4440508845329383,-0.4887322485270005
2023,22,Abu Dhabi Grand Prix,Yas Marina Circuit,piastri,36,2,21.156,mclaren,0,0,0,23.1684,1,0,270,125,22.141050884532937,22.373877835840677,-0.9850508845329387,-1.217877835840678
2023,22,Abu Dhabi Grand Prix,Yas Marina Circuit,ricciardo,7,1,21.692,alphatauri,0,0,0,23.1684,1,0,202,125,21.87767155467288,22.217757108598835,-0.18567155467287932,-0.5257571085988353
2023,22,Abu Dhabi Grand Prix,Yas Marina Circuit,ricciardo,31,2,21.74,alphatauri,0,0,0,23.1684,1,0,202,125,21.87767155467288,22.40652319566916,-0.13767155467288106,-0.6665231956691606
2023,22,Abu Dhabi Grand Prix,Yas Marina Circuit,russell,14,1,21.65,mercedes,0,0,0,23.1684,1,0,278,125,22.5384905775025,22.337440494377443,-0.8884905775025018,-0.6874404943774444
2023,22,Abu Dhabi Grand Prix,Yas Marina Circuit,russell,34,2,22.084,mercedes,0,0,0,23.1684,1,0,278,125,22.5384905775025,22.523724582421174,-0.45449057750250077,-0.4397245824211744
2023,22,Abu Dhabi Grand Prix,Yas Marina Circuit,sainz,23,1,21.229,ferrari,0,0,0,23.1684,1,0,259,125,22.167455505123336,22.0929049606512,-0.9384555051233363,-0.863904960651201
2023,22,Abu Dhabi Grand Prix,Yas Marina Circuit,sainz,56,2,21.564,ferrari,0,0,0,23.1684,1,0,259,125,22.167455505123336,22.28725554553136,-0.6034555051233355,-0.7232555455313587
2023,22,Abu Dhabi Grand Prix,Yas Marina Circuit,sargeant,15,1,22.124,williams,0,0,0,23.1684,1,0,271,125,23.38932015600743,22.71729059419071,-1.26532015600743,-0.5932905941907123
2023,22,Abu Dhabi Grand Prix,Yas Marina Circuit,sargeant,41,2,21.88,williams,0,0,0,23.1684,1,0,271,125,23.38932015600743,22.907297680774334,-1.5093201560074299,-1.0272976807743355
2023,22,Abu Dhabi Grand Prix,Yas Marina Circuit,stroll,22,1,21.866,aston_martin,0,0,0,23.1684,1,0,271,125,22.355351295142185,22.452469692998676,-0.48935129514218545,-0.5864696929986764
2023,22,Abu Dhabi Grand Prix,Yas Marina Circuit,stroll,42,2,21.667,aston_martin,0,0,0,23.1684,1,0,271,125,22.355351295142185,22.638753781042407,-0.6883512951421835,-0.9717537810424055
2023,22,Abu Dhabi Grand Prix,Yas Marina Circuit,tsunoda,22,1,21.486,alphatauri,0,0,0,23.1684,1,0,202,125,21.87767155467288,22.22706460494856,-0.39167155467287884,-0.7410646049485585
2023,22,Abu Dhabi Grand Prix,Yas Marina Circuit,zhou,13,1,22.867,alfa,0,0,0,23.1684,1,0,194,125,22.334266761906534,22.607699711895684,0.5327332380934671,0.25930028810431693
2023,22,Abu Dhabi Grand Prix,Yas Marina Circuit,zhou,37,2,22.345,alfa,0,0,0,23.1684,1,0,194,125,22.334266761906534,22.79646579896601,0.010733238093465047,-0.45146579896601224
2024,1,Bahrain Grand Prix,Bahrain International Circuit,albon,15,1,24.681,williams,0,0,0,29.804099999999988,1,0,271,190,26.83779606192943,25.877271756095663,-2.1567960619294304,-1.196271756095662
2024,1,Bahrain Grand Prix,Bahrain International Circuit,albon,36,2,24.61,williams,0,0,0,29.804099999999988,1,0,271,190,26.83779606192943,26.06417634389604,-2.227796061929432,-1.454176343896041
2024,1,Bahrain Grand Prix,Bahrain International Circuit,alonso,15,1,24.786,aston_martin,0,0,0,29.804099999999988,1,0,271,190,25.803827201064184,25.60810735660709,-1.0178272010641827,-0.8221073566070878
2024,1,Bahrain Grand Prix,Bahrain International Circuit,alonso,41,2,25.109,aston_martin,0,0,0,29.804099999999988,1,0,271,190,25.803827201064184,25.79811444319071,-0.6948272010641823,-0.6891144431907072
2024,1,Bahrain Grand Prix,Bahrain International Circuit,bottas,12,1,26.42,sauber,0,0,0,29.804099999999988,1,0,74,190,29.767487338120947,28.644009130181534,-3.3474873381209456,-2.224009130181532
2024,1,Bahrain Grand Prix,Bahrain International Circuit,bottas,30,2,74.773,sauber,0,0,0,29.804099999999988,1,0,74,190,29.767487338120947,28.829052218711972,45.00551266187905,45.943947781288024
2024,1,Bahrain Grand Prix,Bahrain International Circuit,gasly,12,1,29.98,alpine,0,0,0,29.804099999999988,1,0,249,190,25.808283827243528,25.760914723793135,4.171716172756472,4.219085276206865
2024,1,Bahrain Grand Prix,Bahrain International Circuit,gasly,31,2,26.462,alpine,0,0,0,29.804099999999988,1,0,249,190,25.808283827243528,25.946578312080216,0.6537161727564715,0.5154216879197833
2024,1,Bahrain Grand Prix,Bahrain International Circuit,gasly,43,3,25.24,alpine,0,0,0,29.804099999999988,1,0,249,190,25.808283827243528,26.403373842618816,-0.5682838272435298,-1.1633738426188174
2024,1,Bahrain Grand Prix,Bahrain International Circuit,hamilton,12,1,25.087,mercedes,0,0,0,29.804099999999988,1,0,278,190,25.986966483424503,25.496180656769095,-0.8999664834245031,-0.4091806567690952
2024,1,Bahrain Grand Prix,Bahrain International Circuit,hamilton,33,2,24.094,mercedes,0,0,0,29.804099999999988,1,0,278,190,25.986966483424503,25.683085244569476,-1.8929664834245017,-1.5890852445694748
2024,1,Bahrain Grand Prix,Bahrain International Circuit,hulkenberg,20,2,24.768,haas,0,0,0,29.804099999999988,1,0,272,190,26.98634579386108,26.65632123949144,-2.2183457938610793,-1.8883212394914395
2024,1,Bahrain Grand Prix,Bahrain International Circuit,hulkenberg,41,3,24.387,haas,0,0,0,29.804099999999988,1,0,272,190,26.98634579386108,27.118701267839874,-2.5993457938610796,-2.731701267839874
2024,1,Bahrain Grand Prix,Bahrain International Circuit,kevinmagnussen,11,1,25.951,haas,0,0,0,29.804099999999988,1,0,272,190,26.98634579386108,26.47686264877084,-1.0353457938610795,-0.5258626487708398
2024,1,Bahrain Grand Prix,Bahrain International Circuit,kevinmagnussen,32,2,24.446,haas,0,0,0,29.804099999999988,1,0,272,190,26.98634579386108,26.663767236571218,-2.5403457938610785,-2.217767236571216
2024,1,Bahrain Grand Prix,Bahrain International Circuit,leclerc,11,1,24.069,ferrari,0,0,0,29.804099999999988,1,0,259,190,25.615931411045338,25.24544012547637,-1.546931411045339,-1.176440125476372
2024,1,Bahrain Grand Prix,Bahrain International Circuit,leclerc,34,2,24.136,ferrari,0,0,0,29.804099999999988,1,0,259,190,25.615931411045338,25.433585712790048,-1.4799314110453388,-1.297585712790049
2024,1,Bahrain Grand Prix,Bahrain International Circuit,maxverstappen,17,1,25.064,red_bull,0,0,0,29.804099999999988,1,0,292,190,25.53880113273873,24.927501261290637,-0.4748011327387296,0.13649873870936347
2024,1,Bahrain Grand Prix,Bahrain International Circuit,maxverstappen,37,2,24.209,red_bull,0,0,0,29.804099999999988,1,0,292,190,25.53880113273873,25.113785349334364,-1.32980113273873,-0.9047853493343645
2024,1,Bahrain Grand Prix,Bahrain International Circuit,norris,13,1,24.205,mclaren,0,0,0,29.804099999999988,1,0,270,190,25.589526790454936,25.34571341043195,-1.384526790454938,-1.1407134104319532
2024,1,Bahrain Grand Prix,Bahrain International Circuit,norris,33,2,24.705,mclaren,0,0,0,29.804099999999988,1,0,270,190,25.589526790454936,25.531997498475683,-0.8845267904549381,-0.8269974984756843
2024,1,Bahrain Grand Prix,Bahrain International Circuit,ocon,10,1,24.877,alpine,0,0,0,29.804099999999988,1,0,249,190,25.808283827243528,25.75967372427984,-0.9312838272435293,-0.8826737242798401
2024,1,Bahrain Grand Prix,Bahrain International Circuit,ocon,30,2,25.145,alpine,0,0,0,29.804099999999988,1,0,249,190,25.808283827243528,25.94595781232357,-0.6632838272435286,-0.8009578123235706
2024,1,Bahrain Grand Prix,Bahrain International Circuit,perez,12,1,24.516,red_bull,0,0,0,29.804099999999988,1,0,292,190,25.53880113273873,24.924398762507394,-1.0228011327387314,-0.40839876250739593
2024,1,Bahrain Grand Prix,Bahrain International Circuit,perez,36,2,24.563,red_bull,0,0,0,29.804099999999988,1,0,292,190,25.53880113273873,25.113164849577714,-0.9758011327387308,-0.5501648495777154
2024,1,Bahrain Grand Prix,Bahrain International Circuit,piastri,12,1,25.45,mclaren,0,0,0,29.804099999999988,1,0,270,190,25.589526790454936,25.3450929106753,-0.1395267904549371,0.10490708932469772
2024,1,Bahrain Grand Prix,Bahrain International Circuit,piastri,34,2,24.852,mclaren,0,0,0,29.804099999999988,1,0,270,190,25.589526790454936,25.53261799823233,-0.7375267904549361,-0.6806179982323286
2024,1,Bahrain Grand Prix,Bahrain International Circuit,ricciardo,13,1,24.988,rb,0,0,0,29.804099999999988,1,0,70,190,27.485548554942735,26.618988792900755,-2.4975485549427354,-1.6309887929007552
2024,1,Bahrain Grand Prix,Bahrain International Circuit,ricciardo,35,2,24.856,rb,0,0,0,29.804099999999988,1,0,70,190,27.485548554942735,26.806513880457782,-2.6295485549427333,-1.9505138804577804
2024,1,Bahrain Grand Prix,Bahrain International Circuit,russell,11,1,24.778,mercedes,0,0,0,29.804099999999988,1,0,278,190,25.986966483424503,25.49556015701245,-1.2089664834245042,-0.7175601570124499
2024,1,Bahrain Grand Prix,Bahrain International Circuit,russell,31,2,24.866,mercedes,0,0,0,29.804099999999988,1,0,278,190,25.986966483424503,25.68184424505618,-1.1209664834245032,-0.81584424505618
2024,1,Bahrain Grand Prix,Bahrain International Circuit,sainz,14,1,24.474,ferrari,0,0,0,29.804099999999988,1,0,259,190,25.615931411045338,25.247301624746314,-1.1419314110453378,-0.7733016247463134
2024,1,Bahrain Grand Prix,Bahrain International Circuit,sainz,35,2,23.866,ferrari,0,0,0,29.804099999999988,1,0,259,190,25.615931411045338,25.434206212546695,-1.7499314110453383,-1.568206212546695
2024,1,Bahrain Grand Prix,Bahrain International Circuit,sargeant,10,1,35.729,williams,0,0,0,29.804099999999988,1,0,271,190,26.83779606192943,25.87416925731242,8.891203938070568,9.854830742687579
2024,1,Bahrain Grand Prix,Bahrain International Circuit,sargeant,28,2,25.07,williams,0,0,0,29.804099999999988,1,0,271,190,26.83779606192943,26.059212345842855,-1.767796061929431,-0.989212345842855
2024,1,Bahrain Grand Prix,Bahrain International Circuit,sargeant,40,3,25.346,williams,0,0,0,29.804099999999988,1,0,271,190,26.83779606192943,26.516007876381455,-1.4917960619294313,-1.1700078763814545
2024,1,Bahrain Grand Prix,Bahrain International Circuit,stroll,9,1,24.418,aston_martin,0,0,0,29.804099999999988,1,0,271,190,25.803827201064184,25.6043843580672,-1.3858272010641848,-1.186384358067201
2024,1,Bahrain Grand Prix,Bahrain International Circuit,stroll,27,2,24.545,aston_martin,0,0,0,29.804099999999988,1,0,271,190,25.803827201064184,25.789427446597635,-1.2588272010641823,-1.2444274465976335
2024,1,Bahrain Grand Prix,Bahrain International Circuit,tsunoda,14,1,24.724,rb,0,0,0,29.804099999999988,1,0,70,190,27.485548554942735,26.6196092926574,-2.7615485549427348,-1.8956092926574009
2024,1,Bahrain Grand Prix,Bahrain International Circuit,tsunoda,34,2,24.324,rb,0,0,0,29.804099999999988,1,0,70,190,27.485548554942735,26.805893380701136,-3.1615485549427333,-2.481893380701134
2024,1,Bahrain Grand Prix,Bahrain International Circuit,zhou,9,1,25.208,sauber,0,0,0,29.804099999999988,1,0,74,190,29.767487338120947,28.64214763091159,-4.559487338120949,-3.4341476309115926
2024,1,Bahrain Grand Prix,Bahrain International Circuit,zhou,28,2,25.094,sauber,0,0,0,29.804099999999988,1,0,74,190,29.767487338120947,28.827811219198672,-4.673487338120946,-3.733811219198671
2024,2,Saudi Arabian Grand Prix,Jeddah Corniche Circuit,albon,7,1,21.723,williams,0,0,0,48.07929999999996,1,0,271,90,16.660258101272543,23.284049668331978,5.062741898727456,-1.5610496683319788
2024,2,Saudi Arabian Grand Prix,Jeddah Corniche Circuit,alonso,7,1,22.129,aston_martin,0,0,0,48.07929999999996,1,0,271,90,15.626289240407297,23.014885268843404,6.502710759592704,-0.8858852688434027
2024,2,Saudi Arabian Grand Prix,Jeddah Corniche Circuit,bearman,7,1,22.457,ferrari,0,0,0,48.07929999999996,1,0,259,90,15.43839345038845,22.65470003673928,7.018606549611551,-0.1977000367392776
2024,2,Saudi Arabian Grand Prix,Jeddah Corniche Circuit,bottas,7,1,22.795,sauber,0,0,0,48.07929999999996,1,0,74,90,19.58994937746406,26.052648541687795,3.2050506225359428,-3.257648541687793
2024,2,Saudi Arabian Grand Prix,Jeddah Corniche Circuit,bottas,35,2,23.281,sauber,0,0,0,48.07929999999996,1,0,74,90,19.58994937746406,26.243896627784714,3.69105062253594,-2.9628966277847155
2024,2,Saudi Arabian Grand Prix,Jeddah Corniche Circuit,hamilton,36,1,20.17,mercedes,0,0,0,48.07929999999996,1,0,278,90,15.809428522767613,22.922814561218154,4.360571477232389,-2.752814561218152
2024,2,Saudi Arabian Grand Prix,Jeddah Corniche Circuit,hulkenberg,33,1,21.035,haas,0,0,0,48.07929999999996,1,0,272,90,16.80880783320419,23.902255553706603,4.2261921667958084,-2.8672555537066025
2024,2,Saudi Arabian Grand Prix,Jeddah Corniche Circuit,kevinmagnussen,7,1,21.46,haas,0,0,0,48.07929999999996,1,0,272,90,16.80880783320419,23.88612256003375,4.651192166795809,-2.4261225600337504
2024,2,Saudi Arabian Grand Prix,Jeddah Corniche Circuit,leclerc,7,1,23.419,ferrari,0,0,0,48.07929999999996,1,0,259,90,15.43839345038845,22.65470003673928,7.980606549611551,0.7642999632607221
2024,2,Saudi Arabian Grand Prix,Jeddah Corniche Circuit,maxverstappen,7,1,20.607,red_bull,0,0,0,48.07929999999996,1,0,292,90,15.361263172081841,22.33303817401365,5.245736827918158,-1.7260381740136523
2024,2,Saudi Arabian Grand Prix,Jeddah Corniche Circuit,norris,37,1,22.211,mclaren,0,0,0,48.07929999999996,1,0,270,90,15.411988829798048,22.772347314881006,6.7990111702019504,-0.561347314881008
2024,2,Saudi Arabian Grand Prix,Jeddah Corniche Circuit,ocon,7,1,22.502,alpine,0,0,0,48.07929999999996,1,0,249,90,15.630745866586638,23.169554135299396,6.871254133413361,-0.6675541352993974
2024,2,Saudi Arabian Grand Prix,Jeddah Corniche Circuit,perez,7,1,22.196,red_bull,0,0,0,48.07929999999996,1,0,292,90,15.361263172081841,22.33303817401365,6.83473682791816,-0.13703817401365015
2024,2,Saudi Arabian Grand Prix,Jeddah Corniche Circuit,piastri,7,1,21.427,mclaren,0,0,0,48.07929999999996,1,0,270,90,15.411988829798048,22.753732322181563,6.0150111702019515,-1.326732322181563
2024,2,Saudi Arabian Grand Prix,Jeddah Corniche Circuit,ricciardo,7,1,63.364,rb,0,0,0,48.07929999999996,1,0,70,90,17.308010594285847,24.027007704650366,46.05598940571415,39.33699229534963
2024,2,Saudi Arabian Grand Prix,Jeddah Corniche Circuit,russell,7,1,21.013,mercedes,0,0,0,48.07929999999996,1,0,278,90,15.809428522767613,22.904820068275356,5.203571477232389,-1.8918200682753543
2024,2,Saudi Arabian Grand Prix,Jeddah Corniche Circuit,sargeant,7,1,23.645,williams,0,0,0,48.07929999999996,1,0,271,90,16.660258101272543,23.284049668331978,6.9847418987274565,0.3609503316680218
2024,2,Saudi Arabian Grand Prix,Jeddah Corniche Circuit,tsunoda,7,1,21.694,rb,0,0,0,48.07929999999996,1,0,70,90,17.308010594285847,24.027007704650366,4.385989405714152,-2.3330077046503668
2024,2,Saudi Arabian Grand Prix,Jeddah Corniche Circuit,zhou,41,1,46.381,sauber,0,0,0,48.07929999999996,1,0,74,90,19.58994937746406,26.073745533413835,26.79105062253594,20.307254466586166
2024,3,Australian Grand Prix,Albert Park Grand Prix Circuit,albon,6,1,17.755,williams,0,0,0,32.186,1,0,271,70,16.874049384694505,18.605751590675343,0.880950615305494,-0.850751590675344
2024,3,Australian Grand Prix,Albert Park Grand Prix Circuit,albon,27,2,17.745,williams,0,0,0,32.186,1,0,271,70,16.874049384694505,18.792656178475724,0.870950615305496,-1.047656178475723
2024,3,Australian Grand Prix,Albert Park Grand Prix Circuit,alonso,17,1,18.16,aston_martin,0,0,0,32.186,1,0,271,70,15.840080523829258,18.3434126885099,2.3199194761707425,-0.18341268850990033
2024,3,Australian Grand Prix,Albert Park Grand Prix Circuit,alonso,41,2,17.995,aston_martin,0,0,0,32.186,1,0,271,70,15.840080523829258,18.532178775580224,2.1549194761707433,-0.5371787755802231
2024,3,Australian Grand Prix,Albert Park Grand Prix Circuit,bottas,8,1,46.969,sauber,0,0,0,32.186,1,0,74,70,19.803740660886017,21.375591463544456,27.165259339113984,25.593408536455545
2024,3,Australian Grand Prix,Albert Park Grand Prix Circuit,bottas,36,2,18.938,sauber,0,0,0,32.186,1,0,74,70,19.803740660886017,21.566839549641376,-0.8657406608860185,-2.628839549641377
2024,3,Australian Grand Prix,Albert Park Grand Prix Circuit,gasly,17,1,20.316,alpine,0,0,0,32.186,1,0,249,70,15.8445371500086,18.49808155496589,4.471462849991399,1.8179184450341097
2024,3,Australian Grand Prix,Albert Park Grand Prix Circuit,gasly,41,2,17.682,alpine,0,0,0,32.186,1,0,249,70,15.8445371500086,18.686847642036213,1.8374628499913985,-1.0048476420362142
2024,3,Australian Grand Prix,Albert Park Grand Prix Circuit,hamilton,7,1,17.596,mercedes,0,0,0,32.186,1,0,278,70,16.023219806189573,18.22714249037537,1.572780193810427,-0.6311424903753711
2024,3,Australian Grand Prix,Albert Park Grand Prix Circuit,hulkenberg,17,1,18.32,haas,0,0,0,32.186,1,0,272,70,17.022599116626154,19.214649979700248,1.2974008833738466,-0.8946499797002474
2024,3,Australian Grand Prix,Albert Park Grand Prix Circuit,hulkenberg,35,2,18.145,haas,0,0,0,32.186,1,0,272,70,17.022599116626154,19.399693068230683,1.122400883373846,-1.254693068230683
2024,3,Australian Grand Prix,Albert Park Grand Prix Circuit,kevinmagnussen,7,1,18.301,haas,0,0,0,32.186,1,0,272,70,17.022599116626154,19.208444982133766,1.2784008833738447,-0.907444982133768
2024,3,Australian Grand Prix,Albert Park Grand Prix Circuit,kevinmagnussen,33,2,18.151,haas,0,0,0,32.186,1,0,272,70,17.022599116626154,19.398452068717386,1.1284008833738461,-1.2474520687173865
2024,3,Australian Grand Prix,Albert Park Grand Prix Circuit,leclerc,9,1,17.409,ferrari,0,0,0,32.186,1,0,259,70,15.65218473381041,17.97826345835259,1.756815266189589,-0.5692634583525908
2024,3,Australian Grand Prix,Albert Park Grand Prix Circuit,leclerc,34,2,17.308,ferrari,0,0,0,32.186,1,0,259,70,15.65218473381041,18.167650045179563,1.65581526618959,-0.8596500451795634
2024,3,Australian Grand Prix,Albert Park Grand Prix Circuit,norris,14,1,17.776,mclaren,0,0,0,32.186,1,0,270,70,15.62578011322001,18.080398242578113,2.1502198867799898,-0.3043982425781131
2024,3,Australian Grand Prix,Albert Park Grand Prix Circuit,norris,40,2,17.653,mclaren,0,0,0,32.186,1,0,270,70,15.62578011322001,18.270405329161733,2.0272198867799887,-0.6174053291617341
2024,3,Australian Grand Prix,Albert Park Grand Prix Circuit,ocon,9,1,18.287,alpine,0,0,0,32.186,1,0,249,70,15.8445371500086,18.493117556912704,2.442462849991399,-0.20611755691270517
2024,3,Australian Grand Prix,Albert Park Grand Prix Circuit,ocon,16,2,30.626,alpine,0,0,0,32.186,1,0,249,70,15.8445371500086,18.67133514812001,14.781462849991401,11.95466485187999
2024,3,Australian Grand Prix,Albert Park Grand Prix Circuit,ocon,42,3,18.007,alpine,0,0,0,32.186,1,0,249,70,15.8445371500086,19.136817675251685,2.1624628499914014,-1.129817675251683
2024,3,Australian Grand Prix,Albert Park Grand Prix Circuit,perez,14,1,18.112,red_bull,0,0,0,32.186,1,0,292,70,15.575054455503802,17.659704094410202,2.536945544496197,0.4522959055897964
2024,3,Australian Grand Prix,Albert Park Grand Prix Circuit,perez,35,2,17.222,red_bull,0,0,0,32.186,1,0,292,70,15.575054455503802,17.846608682210583,1.6469455444961998,-0.6246086822105816
2024,3,Australian Grand Prix,Albert Park Grand Prix Circuit,piastri,9,1,17.573,mclaren,0,0,0,32.186,1,0,270,70,15.62578011322001,18.077295743794874,1.9472198867799904,-0.5042957437948736
2024,3,Australian Grand Prix,Albert Park Grand Prix Circuit,piastri,39,2,18.533,mclaren,0,0,0,32.186,1,0,270,70,15.62578011322001,18.269784829405086,2.907219886779991,0.26321517059491484
2024,3,Australian Grand Prix,Albert Park Grand Prix Circuit,ricciardo,5,1,18.265,rb,0,0,0,32.186,1,0,70,70,17.521801877707805,19.348089127237085,0.7431981222921955,-1.0830891272370842
2024,3,Australian Grand Prix,Albert Park Grand Prix Circuit,ricciardo,29,2,17.751,rb,0,0,0,32.186,1,0,70,70,17.521801877707805,19.53685521430741,0.22919812229219616,-1.7858552143074071
2024,3,Australian Grand Prix,Albert Park Grand Prix Circuit,russell,8,1,18.046,mercedes,0,0,0,32.186,1,0,278,70,16.023219806189573,18.227762990132018,2.0227801938104264,-0.18176299013201813
2024,3,Australian Grand Prix,Albert Park Grand Prix Circuit,russell,45,2,17.964,mercedes,0,0,0,32.186,1,0,278,70,16.023219806189573,18.42459557403877,1.9407801938104257,-0.46059557403876994
2024,3,Australian Grand Prix,Albert Park Grand Prix Circuit,sainz,16,1,17.599,ferrari,0,0,0,32.186,1,0,259,70,15.65218473381041,17.982606956649125,1.9468152661895903,-0.3836069566491247
2024,3,Australian Grand Prix,Albert Park Grand Prix Circuit,sainz,41,2,17.74,ferrari,0,0,0,32.186,1,0,259,70,15.65218473381041,18.1719935434761,2.0878152661895886,-0.4319935434761
2024,3,Australian Grand Prix,Albert Park Grand Prix Circuit,stroll,8,1,17.901,aston_martin,0,0,0,32.186,1,0,271,70,15.840080523829258,18.337828190700066,2.060919476170742,-0.43682819070006573
2024,3,Australian Grand Prix,Albert Park Grand Prix Circuit,stroll,37,2,17.977,aston_martin,0,0,0,32.186,1,0,271,70,15.840080523829258,18.52969677655363,2.1369194761707426,-0.5526967765536313
2024,3,Australian Grand Prix,Albert Park Grand Prix Circuit,tsunoda,9,1,18.523,rb,0,0,0,32.186,1,0,70,70,17.521801877707805,19.350571126263677,1.0011981222921946,-0.8275711262636776
2024,3,Australian Grand Prix,Albert Park Grand Prix Circuit,tsunoda,36,2,17.535,rb,0,0,0,32.186,1,0,70,70,17.521801877707805,19.541198712603947,0.01319812229219508,-2.006198712603947
2024,3,Australian Grand Prix,Albert Park Grand Prix Circuit,zhou,6,1,19.032,sauber,0,0,0,32.186,1,0,74,70,19.803740660886017,21.37435046403116,-0.7717406608860173,-2.34235046403116
2024,3,Australian Grand Prix,Albert Park Grand Prix Circuit,zhou,35,2,36.866,sauber,0,0,0,32.186,1,0,74,70,19.803740660886017,21.566219049884726,17.062259339113982,15.299780950115274
2024,5,Chinese Grand Prix,Shanghai International Circuit,albon,9,1,23.273,williams,0,0,0,26.632000000000012,1,0,271,39,24.047794563437495,23.430642712220838,-0.7747945634374958,-0.15764271222083792
2024,5,Chinese Grand Prix,Shanghai International Circuit,albon,23,2,23.6,williams,0,0,0,26.632000000000012,1,0,271,39,24.047794563437495,23.61320380172468,-0.447794563437494,-0.013203801724678499
2024,5,Chinese Grand Prix,Shanghai International Circuit,alonso,11,1,23.049,aston_martin,0,0,0,26.632000000000012,1,0,271,39,23.013825702572248,23.16271931224556,0.035174297427751355,-0.11371931224556064
2024,5,Chinese Grand Prix,Shanghai International Circuit,alonso,23,2,22.687,aston_martin,0,0,0,26.632000000000012,1,0,271,39,23.013825702572248,23.344039402236106,-0.32682570257224697,-0.657039402236105
2024,5,Chinese Grand Prix,Shanghai International Circuit,alonso,43,3,23.179,aston_martin,0,0,0,26.632000000000012,1,0,271,39,23.013825702572248,23.80579893082789,0.16517429742775036,-0.6267989308278921
2024,5,Chinese Grand Prix,Shanghai International Circuit,bottas,9,1,22.949,sauber,0,0,0,26.632000000000012,1,0,74,39,26.97748583962901,26.199241585576655,-4.02848583962901,-3.250241585576653
2024,5,Chinese Grand Prix,Shanghai International Circuit,gasly,11,1,39.712,alpine,0,0,0,26.632000000000012,1,0,249,39,23.01828232875159,23.317388178701552,16.693717671248415,16.39461182129845
2024,5,Chinese Grand Prix,Shanghai International Circuit,gasly,23,2,23.987,alpine,0,0,0,26.632000000000012,1,0,249,39,23.01828232875159,23.4987082686921,0.9687176712484096,0.4882917313078998
2024,5,Chinese Grand Prix,Shanghai International Circuit,gasly,38,3,22.836,alpine,0,0,0,26.632000000000012,1,0,249,39,23.01828232875159,23.95736529850064,-0.18228232875159023,-1.121365298500642
2024,5,Chinese Grand Prix,Shanghai International Circuit,hamilton,9,1,22.518,mercedes,0,0,0,26.632000000000012,1,0,278,39,23.196964984932563,23.051413112164216,-0.6789649849325627,-0.5334131121642152
2024,5,Chinese Grand Prix,Shanghai International Circuit,hamilton,21,2,22.662,mercedes,0,0,0,26.632000000000012,1,0,278,39,23.196964984932563,23.232733202154765,-0.5349649849325644,-0.5707332021547664
2024,5,Chinese Grand Prix,Shanghai International Circuit,hulkenberg,8,1,23.004,haas,0,0,0,26.632000000000012,1,0,272,39,24.196344295369144,24.032095104165965,-1.1923442953691428,-1.0280951041659634
2024,5,Chinese Grand Prix,Shanghai International Circuit,hulkenberg,23,2,23.336,haas,0,0,0,26.632000000000012,1,0,272,39,24.196344295369144,24.215276693426453,-0.8603442953691456,-0.8792766934264549
2024,5,Chinese Grand Prix,Shanghai International Circuit,kevinmagnussen,17,1,22.974,haas,0,0,0,26.632000000000012,1,0,272,39,24.196344295369144,24.0376796019758,-1.222344295369144,-1.0636796019757995
2024,5,Chinese Grand Prix,Shanghai International Circuit,kevinmagnussen,27,2,25.727,haas,0,0,0,26.632000000000012,1,0,272,39,24.196344295369144,24.217758692453046,1.5306557046308562,1.5092413075469544
2024,5,Chinese Grand Prix,Shanghai International Circuit,leclerc,21,1,22.36,ferrari,0,0,0,26.632000000000012,1,0,259,39,22.8259299125534,22.80873907770792,-0.4659299125533991,-0.4487390777079199
2024,5,Chinese Grand Prix,Shanghai International Circuit,maxverstappen,13,1,22.456,red_bull,0,0,0,26.632000000000012,1,0,292,39,22.748799634246794,22.482113216929108,-0.2927996342467942,-0.026113216929108063
2024,5,Chinese Grand Prix,Shanghai International Circuit,maxverstappen,23,2,22.27,red_bull,0,0,0,26.632000000000012,1,0,292,39,22.748799634246794,22.662192307406354,-0.47879963424679417,-0.39219230740635425
2024,5,Chinese Grand Prix,Shanghai International Circuit,norris,22,1,22.161,mclaren,0,0,0,26.632000000000012,1,0,270,39,22.799525291963,22.90839186290685,-0.6385252919629991,-0.7473918629068486
2024,5,Chinese Grand Prix,Shanghai International Circuit,ocon,9,1,23.156,alpine,0,0,0,26.632000000000012,1,0,249,39,23.01828232875159,23.316147179188256,0.13771767124841006,-0.16014717918825738
2024,5,Chinese Grand Prix,Shanghai International Circuit,ocon,23,2,23.208,alpine,0,0,0,26.632000000000012,1,0,249,39,23.01828232875159,23.4987082686921,0.18971767124840966,-0.2907082686921001
2024,5,Chinese Grand Prix,Shanghai International Circuit,perez,13,1,22.027,red_bull,0,0,0,26.632000000000012,1,0,292,39,22.748799634246794,22.482113216929108,-0.7217996342467927,-0.45511321692910656
2024,5,Chinese Grand Prix,Shanghai International Circuit,perez,23,2,22.371,red_bull,0,0,0,26.632000000000012,1,0,292,39,22.748799634246794,22.662192307406354,-0.3777996342467951,-0.29119230740635516
2024,5,Chinese Grand Prix,Shanghai International Circuit,piastri,16,1,22.673,mclaren,0,0,0,26.632000000000012,1,0,270,39,22.799525291963,22.90466886436696,-0.12652529196300222,-0.23166886436696288
2024,5,Chinese Grand Prix,Shanghai International Circuit,piastri,24,2,22.262,mclaren,0,0,0,26.632000000000012,1,0,270,39,22.799525291963,23.083506955330915,-0.537525291963,-0.8215069553309142
2024,5,Chinese Grand Prix,Shanghai International Circuit,ricciardo,14,1,22.598,rb,0,0,0,26.632000000000012,1,0,70,39,24.6955470564508,24.176703247322468,-2.0975470564508,-1.5787032473224691
2024,5,Chinese Grand Prix,Shanghai International Circuit,russell,11,1,22.415,mercedes,0,0,0,26.632000000000012,1,0,278,39,23.196964984932563,23.052654111677512,-0.7819649849325643,-0.637654111677513
2024,5,Chinese Grand Prix,Shanghai International Circuit,russell,23,2,22.707,mercedes,0,0,0,26.632000000000012,1,0,278,39,23.196964984932563,23.233974201668058,-0.4899649849325627,-0.5269742016680574
2024,5,Chinese Grand Prix,Shanghai International Circuit,sainz,17,1,22.629,ferrari,0,0,0,26.632000000000012,1,0,259,39,22.8259299125534,22.806257078681327,-0.1969299125533972,-0.17725707868132545
2024,5,Chinese Grand Prix,Shanghai International Circuit,sargeant,12,1,23.229,williams,0,0,0,26.632000000000012,1,0,271,39,24.047794563437495,23.432504211490784,-0.8187945634374962,-0.20350421149078457
2024,5,Chinese Grand Prix,Shanghai International Circuit,sargeant,24,2,22.684,williams,0,0,0,26.632000000000012,1,0,271,39,24.047794563437495,23.61382430148133,-1.3637945634374944,-0.9298243014813288
2024,5,Chinese Grand Prix,Shanghai International Circuit,stroll,9,1,23.823,aston_martin,0,0,0,26.632000000000012,1,0,271,39,23.013825702572248,23.161478312732264,0.8091742974277523,0.6615216872677365
2024,5,Chinese Grand Prix,Shanghai International Circuit,stroll,21,2,22.911,aston_martin,0,0,0,26.632000000000012,1,0,271,39,23.013825702572248,23.342798402722813,-0.10282570257224677,-0.4317984027228121
2024,5,Chinese Grand Prix,Shanghai International Circuit,stroll,35,4,34.777,aston_martin,0,0,0,26.632000000000012,1,0,271,39,23.013825702572248,25.28470242616018,11.763174297427753,9.49229757383982
2024,5,Chinese Grand Prix,Shanghai International Circuit,tsunoda,8,1,23.16,rb,0,0,0,26.632000000000012,1,0,70,39,24.6955470564508,24.17298024878258,-1.535547056450799,-1.0129802487825792
2024,5,Chinese Grand Prix,Shanghai International Circuit,tsunoda,23,2,22.387,rb,0,0,0,26.632000000000012,1,0,70,39,24.6955470564508,24.35616183804307,-2.3085470564507986,-1.969161838043071
2024,5,Chinese Grand Prix,Shanghai International Circuit,zhou,8,1,23.362,sauber,0,0,0,26.632000000000012,1,0,74,39,26.97748583962901,26.198621085820008,-3.615485839629013,-2.83662108582001
2024,5,Chinese Grand Prix,Shanghai International Circuit,zhou,23,2,25.61,sauber,0,0,0,26.632000000000012,1,0,74,39,26.97748583962901,26.3818026750805,-1.367485839629012,-0.7718026750805009
2024,5,Chinese Grand Prix,Shanghai International Circuit,zhou,40,3,23.252,sauber,0,0,0,26.632000000000012,1,0,74,39,26.97748583962901,26.84170070440234,-3.7254858396290125,-3.5897007044023397
2024,6,Miami Grand Prix,Miami International Autodrome,albon,10,1,22.828,williams,0,0,0,30.170299999999997,1,0,271,73,23.05522685397657,22.315544977843214,-0.22722685397657116,0.5124550221567858
2024,6,Miami Grand Prix,Miami International Autodrome,albon,53,2,22.567,williams,0,0,0,30.170299999999997,1,0,271,73,23.05522685397657,22.516100560289853,-0.4882268539765704,0.050899439710146765
2024,6,Miami Grand Prix,Miami International Autodrome,alonso,22,1,22.374,aston_martin,0,0,0,30.170299999999997,1,0,271,73,22.021257993111323,22.053826575434417,0.3527420068886755,0.3201734245655814
2024,6,Miami Grand Prix,Miami International Autodrome,bottas,11,1,23.73,sauber,0,0,0,30.170299999999997,1,0,74,73,25.984918130168083,25.084764350955677,-2.2549181301680825,-1.3547643509556764
2024,6,Miami Grand Prix,Miami International Autodrome,bottas,29,2,22.765,sauber,0,0,0,30.170299999999997,1,0,74,73,25.984918130168083,25.269807439486115,-3.2199181301680824,-2.5048074394861146
2024,6,Miami Grand Prix,Miami International Autodrome,gasly,12,1,22.466,alpine,0,0,0,30.170299999999997,1,0,249,73,22.025714619290667,22.20229044432393,0.44028538070933365,0.2637095556760727
2024,6,Miami Grand Prix,Miami International Autodrome,hamilton,26,1,22.107,mercedes,0,0,0,30.170299999999997,1,0,278,73,22.20439727547164,21.946243373892962,-0.09739727547163923,0.16075662610703745
2024,6,Miami Grand Prix,Miami International Autodrome,hulkenberg,12,1,23.055,haas,0,0,0,30.170299999999997,1,0,272,73,23.20377658590822,22.918858869058283,-0.14877658590821952,0.13614113094171643
2024,6,Miami Grand Prix,Miami International Autodrome,hulkenberg,28,2,22.487,haas,0,0,0,30.170299999999997,1,0,272,73,23.20377658590822,23.102660958075422,-0.7167765859082209,-0.6156609580754235
2024,6,Miami Grand Prix,Miami International Autodrome,kevinmagnussen,22,1,23.265,haas,0,0,0,30.170299999999997,1,0,272,73,23.20377658590822,22.925063866624765,0.061223414091781336,0.339936133375236
2024,6,Miami Grand Prix,Miami International Autodrome,kevinmagnussen,28,2,29.727,haas,0,0,0,30.170299999999997,1,0,272,73,23.20377658590822,23.102660958075422,6.523223414091781,6.6243390419245785
2024,6,Miami Grand Prix,Miami International Autodrome,kevinmagnussen,31,3,30.732,haas,0,0,0,30.170299999999997,1,0,272,73,23.20377658590822,23.553871990804186,7.52822341409178,7.178128009195813
2024,6,Miami Grand Prix,Miami International Autodrome,leclerc,19,1,21.825,ferrari,0,0,0,30.170299999999997,1,0,259,73,21.833362203092477,21.69177984406035,-0.008362203092477927,0.1332201559396502
2024,6,Miami Grand Prix,Miami International Autodrome,maxverstappen,23,1,22.187,red_bull,0,0,0,30.170299999999997,1,0,292,73,21.756231924785865,21.372599980361315,0.43076807521413585,0.8144000196386862
2024,6,Miami Grand Prix,Miami International Autodrome,norris,29,1,22.041,mclaren,0,0,0,30.170299999999997,1,0,270,73,21.806957582502076,21.797017127069115,0.23404241749792476,0.24398287293088572
2024,6,Miami Grand Prix,Miami International Autodrome,ocon,22,1,22.663,alpine,0,0,0,30.170299999999997,1,0,249,73,22.025714619290667,22.20849544189041,0.6372853807093328,0.45450455810959056
2024,6,Miami Grand Prix,Miami International Autodrome,perez,17,1,21.695,red_bull,0,0,0,30.170299999999997,1,0,292,73,21.756231924785865,21.368876981821423,-0.06123192478586503,0.3261230181785777
2024,6,Miami Grand Prix,Miami International Autodrome,perez,28,2,22.396,red_bull,0,0,0,30.170299999999997,1,0,292,73,21.756231924785865,21.549576572055322,0.6397680752141355,0.8464234279446785
2024,6,Miami Grand Prix,Miami International Autodrome,piastri,27,1,22.216,mclaren,0,0,0,30.170299999999997,1,0,270,73,21.806957582502076,21.79577612755582,0.40904241749792547,0.4202238724441827
2024,6,Miami Grand Prix,Miami International Autodrome,piastri,40,2,30.409,mclaren,0,0,0,30.170299999999997,1,0,270,73,21.806957582502076,21.97771671730301,8.602042417497923,8.431283282696988
2024,6,Miami Grand Prix,Miami International Autodrome,ricciardo,28,1,22.54,rb,0,0,0,30.170299999999997,1,0,70,73,23.70297934698987,23.069672009781268,-1.1629793469898715,-0.5296720097812688
2024,6,Miami Grand Prix,Miami International Autodrome,russell,24,1,22.8,mercedes,0,0,0,30.170299999999997,1,0,278,73,22.20439727547164,21.945002374379666,0.5956027245283622,0.8549976256203351
2024,6,Miami Grand Prix,Miami International Autodrome,sainz,27,1,22.805,ferrari,0,0,0,30.170299999999997,1,0,259,73,21.833362203092477,21.696743842113534,0.9716377969075225,1.1082561578864656
2024,6,Miami Grand Prix,Miami International Autodrome,sargeant,11,1,22.611,williams,0,0,0,30.170299999999997,1,0,271,73,23.05522685397657,22.316165477599863,-0.4442268539765699,0.2948345224001372
2024,6,Miami Grand Prix,Miami International Autodrome,stroll,11,1,23.038,aston_martin,0,0,0,30.170299999999997,1,0,271,73,22.021257993111323,22.04700107811129,1.016742006888677,0.9909989218887105
2024,6,Miami Grand Prix,Miami International Autodrome,stroll,28,2,22.631,aston_martin,0,0,0,30.170299999999997,1,0,271,73,22.021257993111323,22.231423666885075,0.609742006888677,0.3995763331149256
2024,6,Miami Grand Prix,Miami International Autodrome,tsunoda,28,1,22.153,rb,0,0,0,30.170299999999997,1,0,70,73,23.70297934698987,23.069672009781268,-1.549979346989872,-0.9166720097812693
2024,6,Miami Grand Prix,Miami International Autodrome,zhou,28,1,23.017,sauber,0,0,0,30.170299999999997,1,0,74,73,25.984918130168083,25.095312846818697,-2.9679181301680835,-2.0783128468186973
2024,7,Emilia Romagna Grand Prix,Autodromo Enzo e Dino Ferrari,albon,8,1,30.05,williams,0,0,0,32.6357,1,0,271,69,24.574249510831674,29.161316412414664,5.475750489168327,0.8886835875853372
2024,7,Emilia Romagna Grand Prix,Autodromo Enzo e Dino Ferrari,albon,9,2,33.179,williams,0,0,0,32.6357,1,0,271,69,24.574249510831674,29.33581100508208,8.604750489168328,3.8431889949179237
2024,7,Emilia Romagna Grand Prix,Autodromo Enzo e Dino Ferrari,albon,23,3,38.413,williams,0,0,0,32.6357,1,0,271,69,24.574249510831674,29.793847535133974,13.838750489168323,8.619152464866023
2024,7,Emilia Romagna Grand Prix,Autodromo Enzo e Dino Ferrari,albon,28,4,31.131,williams,0,0,0,32.6357,1,0,271,69,24.574249510831674,31.280817527302695,6.556750489168326,-0.1498175273026945
2024,7,Emilia Romagna Grand Prix,Autodromo Enzo e Dino Ferrari,alonso,7,1,31.368,aston_martin,0,0,0,32.6357,1,0,271,69,23.540280649966427,28.891531513169443,7.827719350033572,2.476468486830555
2024,7,Emilia Romagna Grand Prix,Autodromo Enzo e Dino Ferrari,alonso,40,2,30.483,aston_martin,0,0,0,32.6357,1,0,271,69,23.540280649966427,29.085882098049602,6.942719350033574,1.3971179019503985
2024,7,Emilia Romagna Grand Prix,Autodromo Enzo e Dino Ferrari,alonso,59,3,29.931,aston_martin,0,0,0,32.6357,1,0,271,69,23.540280649966427,29.547021126884733,6.390719350033574,0.383978873115268
2024,7,Emilia Romagna Grand Prix,Autodromo Enzo e Dino Ferrari,bottas,8,1,30.24,sauber,0,0,0,32.6357,1,0,74,69,27.50394078702319,31.92991528577048,2.7360592129768087,-1.689915285770482
2024,7,Emilia Romagna Grand Prix,Autodromo Enzo e Dino Ferrari,gasly,8,1,30.081,alpine,0,0,0,32.6357,1,0,249,69,23.544737276145767,29.04682087938208,6.536262723854232,1.034179120617921
2024,7,Emilia Romagna Grand Prix,Autodromo Enzo e Dino Ferrari,gasly,30,2,30.654,alpine,0,0,0,32.6357,1,0,249,69,23.544737276145767,29.23434596693911,7.109262723854233,1.4196540330608904
2024,7,Emilia Romagna Grand Prix,Autodromo Enzo e Dino Ferrari,hamilton,27,1,29.547,mercedes,0,0,0,32.6357,1,0,278,69,23.723419932326742,28.793876307734358,5.823580067673259,0.7531236922656426
2024,7,Emilia Romagna Grand Prix,Autodromo Enzo e Dino Ferrari,hulkenberg,13,1,29.749,haas,0,0,0,32.6357,1,0,272,69,24.722799242763323,29.766491802899676,5.026200757236676,-0.01749180289967711
2024,7,Emilia Romagna Grand Prix,Autodromo Enzo e Dino Ferrari,kevinmagnussen,37,1,31.302,haas,0,0,0,32.6357,1,0,272,69,24.722799242763323,29.781383797059235,6.579200757236677,1.520616202940765
2024,7,Emilia Romagna Grand Prix,Autodromo Enzo e Dino Ferrari,leclerc,25,1,30.149,ferrari,0,0,0,32.6357,1,0,259,69,23.352384859947577,28.542515276684984,6.796615140052424,1.6064847233150168
2024,7,Emilia Romagna Grand Prix,Autodromo Enzo e Dino Ferrari,maxverstappen,24,1,30.416,red_bull,0,0,0,32.6357,1,0,292,69,23.275254581640972,28.22023291420271,7.140745418359028,2.1957670857972893
2024,7,Emilia Romagna Grand Prix,Autodromo Enzo e Dino Ferrari,norris,22,1,29.956,mclaren,0,0,0,32.6357,1,0,270,69,23.32598023935718,28.639686062857322,6.630019760642821,1.3163139371426773
2024,7,Emilia Romagna Grand Prix,Autodromo Enzo e Dino Ferrari,ocon,25,1,30.659,alpine,0,0,0,32.6357,1,0,249,69,23.544737276145767,29.0573693752451,7.114262723854232,1.6016306247549004
2024,7,Emilia Romagna Grand Prix,Autodromo Enzo e Dino Ferrari,perez,37,1,29.669,red_bull,0,0,0,32.6357,1,0,292,69,23.275254581640972,28.22829941103914,6.393745418359028,1.440700588960862
2024,7,Emilia Romagna Grand Prix,Autodromo Enzo e Dino Ferrari,piastri,23,1,29.77,mclaren,0,0,0,32.6357,1,0,270,69,23.32598023935718,28.64030656261397,6.444019760642821,1.129693437386031
2024,7,Emilia Romagna Grand Prix,Autodromo Enzo e Dino Ferrari,ricciardo,11,1,30.068,rb,0,0,0,32.6357,1,0,70,69,25.222002003844977,29.906135948002998,4.845997996155024,0.1618640519970036
2024,7,Emilia Romagna Grand Prix,Autodromo Enzo e Dino Ferrari,russell,21,1,29.664,mercedes,0,0,0,32.6357,1,0,278,69,23.723419932326742,28.790153309194466,5.94058006767326,0.8738466908055358
2024,7,Emilia Romagna Grand Prix,Autodromo Enzo e Dino Ferrari,russell,52,2,29.605,mercedes,0,0,0,32.6357,1,0,278,69,23.723419932326742,28.98326289456133,5.881580067673259,0.6217371054386689
2024,7,Emilia Romagna Grand Prix,Autodromo Enzo e Dino Ferrari,sainz,27,1,30.508,ferrari,0,0,0,32.6357,1,0,259,69,23.352384859947577,28.54375627619828,7.155615140052422,1.9642437238017187
2024,7,Emilia Romagna Grand Prix,Autodromo Enzo e Dino Ferrari,sargeant,31,1,31.085,williams,0,0,0,32.6357,1,0,271,69,24.574249510831674,29.175587906817572,6.510750489168327,1.9094120931824285
2024,7,Emilia Romagna Grand Prix,Autodromo Enzo e Dino Ferrari,stroll,37,1,29.971,aston_martin,0,0,0,32.6357,1,0,271,69,23.540280649966427,28.910146505868887,6.4307193500335735,1.0608534941311127
2024,7,Emilia Romagna Grand Prix,Autodromo Enzo e Dino Ferrari,tsunoda,12,1,29.628,rb,0,0,0,32.6357,1,0,70,69,25.222002003844977,29.906756447759644,4.405997996155023,-0.27875644775964403
2024,7,Emilia Romagna Grand Prix,Autodromo Enzo e Dino Ferrari,zhou,33,1,30.244,sauber,0,0,0,32.6357,1,0,74,69,27.50394078702319,31.945427779686685,2.74005921297681,-1.7014277796866857
2024,9,Canadian Grand Prix,Circuit Gilles Villeneuve,albon,25,1,24.753,williams,0,0,0,33.59749999999999,1,0,271,106,27.11604853619839,26.25046384337857,-2.3630485361983915,-1.4974638433785685
2024,9,Canadian Grand Prix,Circuit Gilles Villeneuve,albon,44,2,24.804,williams,0,0,0,33.59749999999999,1,0,271,106,27.11604853619839,26.436127431665653,-2.312048536198393,-1.6321274316656549
2024,9,Canadian Grand Prix,Circuit Gilles Villeneuve,alonso,25,1,25.788,aston_martin,0,0,0,33.59749999999999,1,0,271,106,26.08207967533314,25.981299443889995,-0.2940796753331405,-0.19329944388999465
2024,9,Canadian Grand Prix,Circuit Gilles Villeneuve,alonso,44,2,24.346,aston_martin,0,0,0,33.59749999999999,1,0,271,106,26.08207967533314,26.16696303217708,-1.7360796753331407,-1.8209630321770796
2024,9,Canadian Grand Prix,Circuit Gilles Villeneuve,bottas,42,1,24.929,sauber,0,0,0,33.59749999999999,1,0,74,106,30.045739812389904,29.029611212597406,-5.1167398123899055,-4.100611212597407
2024,9,Canadian Grand Prix,Circuit Gilles Villeneuve,gasly,25,1,24.911,alpine,0,0,0,33.59749999999999,1,0,249,106,26.086536301512485,26.135968310345987,-1.1755363015124836,-1.2249683103459859
2024,9,Canadian Grand Prix,Circuit Gilles Villeneuve,gasly,40,2,24.408,alpine,0,0,0,33.59749999999999,1,0,249,106,26.086536301512485,26.31914989960648,-1.6785363015124837,-1.9111498996064782
2024,9,Canadian Grand Prix,Circuit Gilles Villeneuve,hamilton,25,1,23.762,mercedes,0,0,0,33.59749999999999,1,0,278,106,26.265218957693456,25.871234243321947,-2.5032189576934556,-2.1092342433219464
2024,9,Canadian Grand Prix,Circuit Gilles Villeneuve,hamilton,43,2,24.226,mercedes,0,0,0,33.59749999999999,1,0,278,106,26.265218957693456,26.05627733185238,-2.039218957693457,-1.8302773318523826
2024,9,Canadian Grand Prix,Circuit Gilles Villeneuve,hamilton,54,3,28.817,mercedes,0,0,0,33.59749999999999,1,0,278,106,26.265218957693456,26.512452362634335,2.551781042306544,2.3045476373656655
2024,9,Canadian Grand Prix,Circuit Gilles Villeneuve,hulkenberg,12,1,24.233,haas,0,0,0,33.59749999999999,1,0,272,106,27.264598268130037,26.844470238243918,-3.031598268130036,-2.6114702382439177
2024,9,Canadian Grand Prix,Circuit Gilles Villeneuve,hulkenberg,25,2,24.668,haas,0,0,0,33.59749999999999,1,0,272,106,27.264598268130037,27.02641082799111,-2.5965982681300375,-2.3584108279911113
2024,9,Canadian Grand Prix,Circuit Gilles Villeneuve,hulkenberg,44,3,24.751,haas,0,0,0,33.59749999999999,1,0,272,106,27.264598268130037,27.487549856826245,-2.5135982681300355,-2.736549856826244
2024,9,Canadian Grand Prix,Circuit Gilles Villeneuve,kevinmagnussen,7,1,30.472,haas,0,0,0,33.59749999999999,1,0,272,106,27.264598268130037,26.841367739460676,3.2074017318699646,3.6306322605393255
2024,9,Canadian Grand Prix,Circuit Gilles Villeneuve,kevinmagnussen,25,2,26.794,haas,0,0,0,33.59749999999999,1,0,272,106,27.264598268130037,27.02641082799111,-0.47059826813003625,-0.23241082799111012
2024,9,Canadian Grand Prix,Circuit Gilles Villeneuve,kevinmagnussen,41,3,24.833,haas,0,0,0,33.59749999999999,1,0,272,106,27.264598268130037,27.485688357556302,-2.4315982681300383,-2.652688357556304
2024,9,Canadian Grand Prix,Circuit Gilles Villeneuve,kevinmagnussen,54,4,26.845,haas,0,0,0,33.59749999999999,1,0,272,106,27.264598268130037,28.977622347778205,-0.41959826813003787,-2.132622347778206
2024,9,Canadian Grand Prix,Circuit Gilles Villeneuve,leclerc,25,1,24.031,ferrari,0,0,0,33.59749999999999,1,0,259,106,25.894183885314295,25.62111421178587,-1.863183885314296,-1.5901142117858704
2024,9,Canadian Grand Prix,Circuit Gilles Villeneuve,leclerc,28,2,47.186,ferrari,0,0,0,33.59749999999999,1,0,259,106,25.894183885314295,25.796849803966584,21.291816114685705,21.389150196033416
2024,9,Canadian Grand Prix,Circuit Gilles Villeneuve,leclerc,31,3,24.629,ferrari,0,0,0,33.59749999999999,1,0,259,106,25.894183885314295,26.24806083669535,-1.2651838853142934,-1.619060836695347
2024,9,Canadian Grand Prix,Circuit Gilles Villeneuve,maxverstappen,25,1,24.306,red_bull,0,0,0,33.59749999999999,1,0,292,106,25.817053607007686,25.299452349060246,-1.5110536070076854,-0.9934523490602452
2024,9,Canadian Grand Prix,Circuit Gilles Villeneuve,maxverstappen,45,2,24.246,red_bull,0,0,0,33.59749999999999,1,0,292,106,25.817053607007686,25.485736437103977,-1.5710536070076877,-1.2397364371039785
2024,9,Canadian Grand Prix,Circuit Gilles Villeneuve,norris,26,1,23.423,mclaren,0,0,0,33.59749999999999,1,0,270,106,25.867779264723893,25.720766996984803,-2.444779264723895,-2.297766996984805
2024,9,Canadian Grand Prix,Circuit Gilles Villeneuve,norris,47,2,23.983,mclaren,0,0,0,33.59749999999999,1,0,270,106,25.867779264723893,25.907671584785184,-1.8847792647238926,-1.9246715847851839
2024,9,Canadian Grand Prix,Circuit Gilles Villeneuve,ocon,44,1,24.495,alpine,0,0,0,33.59749999999999,1,0,249,106,26.086536301512485,26.147757805722303,-1.591536301512484,-1.6527578057223025
2024,9,Canadian Grand Prix,Circuit Gilles Villeneuve,perez,25,1,33.762,red_bull,0,0,0,33.59749999999999,1,0,292,106,25.817053607007686,25.299452349060246,7.944946392992314,8.462547650939754
2024,9,Canadian Grand Prix,Circuit Gilles Villeneuve,perez,43,2,24.423,red_bull,0,0,0,33.59749999999999,1,0,292,106,25.817053607007686,25.484495437590677,-1.394053607007688,-1.061495437590679
2024,9,Canadian Grand Prix,Circuit Gilles Villeneuve,piastri,25,1,23.977,mclaren,0,0,0,33.59749999999999,1,0,270,106,25.867779264723893,25.720146497228153,-1.8907792647238928,-1.7431464972281532
2024,9,Canadian Grand Prix,Circuit Gilles Villeneuve,piastri,44,2,23.476,mclaren,0,0,0,33.59749999999999,1,0,270,106,25.867779264723893,25.90581008551524,-2.391779264723894,-2.429810085515239
2024,9,Canadian Grand Prix,Circuit Gilles Villeneuve,ricciardo,26,1,30.298,rb,0,0,0,33.59749999999999,1,0,70,106,27.76380102921169,26.994042379453607,2.5341989707883066,3.3039576205463916
2024,9,Canadian Grand Prix,Circuit Gilles Villeneuve,ricciardo,43,2,23.86,rb,0,0,0,33.59749999999999,1,0,70,106,27.76380102921169,27.178464968227395,-3.9038010292116923,-3.3184649682273957
2024,9,Canadian Grand Prix,Circuit Gilles Villeneuve,russell,25,1,24.044,mercedes,0,0,0,33.59749999999999,1,0,278,106,26.265218957693456,25.871234243321947,-2.2212189576934556,-1.8272342433219464
2024,9,Canadian Grand Prix,Circuit Gilles Villeneuve,russell,45,2,25.431,mercedes,0,0,0,33.59749999999999,1,0,278,106,26.265218957693456,26.05751833136568,-0.8342189576934551,-0.6265183313656806
2024,9,Canadian Grand Prix,Circuit Gilles Villeneuve,russell,54,3,28.157,mercedes,0,0,0,33.59749999999999,1,0,278,106,26.265218957693456,26.512452362634335,1.891781042306544,1.6445476373656653
2024,9,Canadian Grand Prix,Circuit Gilles Villeneuve,sainz,25,1,27.626,ferrari,0,0,0,33.59749999999999,1,0,259,106,25.894183885314295,25.62111421178587,1.7318161146857065,2.004885788214132
2024,9,Canadian Grand Prix,Circuit Gilles Villeneuve,sainz,43,2,24.125,ferrari,0,0,0,33.59749999999999,1,0,259,106,25.894183885314295,25.806157300316308,-1.7691838853142947,-1.6811573003163076
2024,9,Canadian Grand Prix,Circuit Gilles Villeneuve,stroll,25,1,24.284,aston_martin,0,0,0,33.59749999999999,1,0,271,106,26.08207967533314,25.981299443889995,-1.7980796753331418,-1.697299443889996
2024,9,Canadian Grand Prix,Circuit Gilles Villeneuve,stroll,44,2,25.025,aston_martin,0,0,0,33.59749999999999,1,0,271,106,26.08207967533314,26.16696303217708,-1.0570796753331422,-1.141963032177081
2024,9,Canadian Grand Prix,Circuit Gilles Villeneuve,tsunoda,44,1,25.569,rb,0,0,0,33.59749999999999,1,0,70,106,27.76380102921169,27.005211375073277,-2.1948010292116926,-1.4362113750732775
2024,9,Canadian Grand Prix,Circuit Gilles Villeneuve,zhou,24,1,25.598,sauber,0,0,0,33.59749999999999,1,0,74,106,30.045739812389904,29.01844221697774,-4.447739812389905,-3.42044221697774
2024,9,Canadian Grand Prix,Circuit Gilles Villeneuve,zhou,44,2,65.564,sauber,0,0,0,33.59749999999999,1,0,74,106,30.045739812389904,29.204726305021474,35.51826018761009,36.35927369497852
2024,9,Canadian Grand Prix,Circuit Gilles Villeneuve,zhou,52,3,28.375,sauber,0,0,0,33.59749999999999,1,0,74,106,30.045739812389904,29.659039836533477,-1.670739812389904,-1.284039836533477
2024,10,Spanish Grand Prix,Circuit de Barcelona-Catalunya,albon,18,1,23.248,williams,0,0,0,24.984499999999997,1,0,271,172,23.620141340457206,22.555946819716304,-0.3721413404572047,0.6920531802836969
2024,10,Spanish Grand Prix,Circuit de Barcelona-Catalunya,albon,43,2,21.892,williams,0,0,0,24.984499999999997,1,0,271,172,23.620141340457206,22.745333406543278,-1.7281413404572064,-0.8533334065432783
2024,10,Spanish Grand Prix,Circuit de Barcelona-Catalunya,alonso,19,1,21.957,aston_martin,0,0,0,24.984499999999997,1,0,271,172,22.58617247959196,22.28740291998438,-0.6291724795919578,-0.33040291998437965
2024,10,Spanish Grand Prix,Circuit de Barcelona-Catalunya,alonso,45,2,22.571,aston_martin,0,0,0,24.984499999999997,1,0,271,172,22.58617247959196,22.477410006568,-0.015172479591957,0.09358999343200125
2024,10,Spanish Grand Prix,Circuit de Barcelona-Catalunya,bottas,11,1,22.744,sauber,0,0,0,24.984499999999997,1,0,74,172,26.54983261664872,25.320202194775586,-3.805832616648722,-2.576202194775586
2024,10,Spanish Grand Prix,Circuit de Barcelona-Catalunya,bottas,28,2,22.963,sauber,0,0,0,24.984499999999997,1,0,74,172,26.54983261664872,25.50462478354937,-3.5868326166487208,-2.54162478354937
2024,10,Spanish Grand Prix,Circuit de Barcelona-Catalunya,gasly,14,1,26.097,alpine,0,0,0,24.984499999999997,1,0,249,172,22.590629105771303,22.43896928765713,3.5063708942286986,3.658030712342871
2024,10,Spanish Grand Prix,Circuit de Barcelona-Catalunya,gasly,38,2,21.687,alpine,0,0,0,24.984499999999997,1,0,249,172,22.590629105771303,22.627735374727454,-0.9036291057713015,-0.9407353747274527
2024,10,Spanish Grand Prix,Circuit de Barcelona-Catalunya,hamilton,16,1,21.84,mercedes,0,0,0,24.984499999999997,1,0,278,172,22.769311761952277,22.175476220146386,-0.9293117619522775,-0.33547622014638634
2024,10,Spanish Grand Prix,Circuit de Barcelona-Catalunya,hamilton,43,2,21.603,mercedes,0,0,0,24.984499999999997,1,0,278,172,22.769311761952277,22.366103806486656,-1.1663117619522758,-0.7631038064866544
2024,10,Spanish Grand Prix,Circuit de Barcelona-Catalunya,hulkenberg,12,1,22.722,haas,0,0,0,24.984499999999997,1,0,272,172,23.768691072388854,23.15429671287819,-1.0466910723888532,-0.4322967128781876
2024,10,Spanish Grand Prix,Circuit de Barcelona-Catalunya,hulkenberg,38,2,22.518,haas,0,0,0,24.984499999999997,1,0,272,172,23.768691072388854,23.34430379946181,-1.2506910723888538,-0.8263037994618081
2024,10,Spanish Grand Prix,Circuit de Barcelona-Catalunya,kevinmagnussen,10,1,23.36,haas,0,0,0,24.984499999999997,1,0,272,172,23.768691072388854,23.153055713364893,-0.40869107238885505,0.20694428663510678
2024,10,Spanish Grand Prix,Circuit de Barcelona-Catalunya,kevinmagnussen,29,2,28.967,haas,0,0,0,24.984499999999997,1,0,272,172,23.768691072388854,23.338719301651977,5.198308927611144,5.628280698348021
2024,10,Spanish Grand Prix,Circuit de Barcelona-Catalunya,leclerc,24,1,22.26,ferrari,0,0,0,24.984499999999997,1,0,259,172,22.398276689573112,21.930320186663494,-0.1382766895731109,0.329679813336508
2024,10,Spanish Grand Prix,Circuit de Barcelona-Catalunya,leclerc,47,2,21.624,ferrari,0,0,0,24.984499999999997,1,0,259,172,22.398276689573112,22.11846577397717,-0.7742766895731137,-0.49446577397717206
2024,10,Spanish Grand Prix,Circuit de Barcelona-Catalunya,maxverstappen,17,1,21.544,red_bull,0,0,0,24.984499999999997,1,0,292,172,22.321146411266504,21.60431482564133,-0.7771464112665036,-0.06031482564133128
2024,10,Spanish Grand Prix,Circuit de Barcelona-Catalunya,maxverstappen,44,2,22.34,red_bull,0,0,0,24.984499999999997,1,0,292,172,22.321146411266504,21.7949424119816,0.01885358873349574,0.5450575880183983
2024,10,Spanish Grand Prix,Circuit de Barcelona-Catalunya,norris,23,1,21.618,mclaren,0,0,0,24.984499999999997,1,0,270,172,22.37187206898271,22.02873197234913,-0.7538720689827123,-0.41073197234913295
2024,10,Spanish Grand Prix,Circuit de Barcelona-Catalunya,norris,47,2,22.631,mclaren,0,0,0,24.984499999999997,1,0,270,172,22.37187206898271,22.217498059419455,0.25912793101728937,0.4135019405805451
2024,10,Spanish Grand Prix,Circuit de Barcelona-Catalunya,ocon,13,1,21.834,alpine,0,0,0,24.984499999999997,1,0,249,172,22.590629105771303,22.43834878790048,-0.756629105771303,-0.6043487879004807
2024,10,Spanish Grand Prix,Circuit de Barcelona-Catalunya,ocon,37,2,21.921,alpine,0,0,0,24.984499999999997,1,0,249,172,22.590629105771303,22.627114874970804,-0.6696291057713033,-0.7061148749708046
2024,10,Spanish Grand Prix,Circuit de Barcelona-Catalunya,perez,13,1,22.181,red_bull,0,0,0,24.984499999999997,1,0,292,172,22.321146411266504,21.60183282661474,-0.14014641126650318,0.5791671733852617
2024,10,Spanish Grand Prix,Circuit de Barcelona-Catalunya,perez,31,2,21.464,red_bull,0,0,0,24.984499999999997,1,0,292,172,22.321146411266504,21.786875915145174,-0.8571464112665055,-0.32287591514517544
2024,10,Spanish Grand Prix,Circuit de Barcelona-Catalunya,perez,49,3,21.472,red_bull,0,0,0,24.984499999999997,1,0,292,172,22.321146411266504,22.247394444223666,-0.8491464112665028,-0.7753944442236644
2024,10,Spanish Grand Prix,Circuit de Barcelona-Catalunya,piastri,21,1,22.224,mclaren,0,0,0,24.984499999999997,1,0,270,172,22.37187206898271,22.027490972835835,-0.14787206898271066,0.19650902716416496
2024,10,Spanish Grand Prix,Circuit de Barcelona-Catalunya,piastri,46,2,22.42,mclaren,0,0,0,24.984499999999997,1,0,270,172,22.37187206898271,22.216877559662805,0.04812793101729085,0.2031224403371965
2024,10,Spanish Grand Prix,Circuit de Barcelona-Catalunya,ricciardo,16,1,22.364,rb,0,0,0,24.984499999999997,1,0,70,172,24.26789383347051,23.297663856521396,-1.9038938334705087,-0.9336638565213953
2024,10,Spanish Grand Prix,Circuit de Barcelona-Catalunya,ricciardo,42,2,22.108,rb,0,0,0,24.984499999999997,1,0,70,172,24.26789383347051,23.48767094310502,-2.159893833470509,-1.379670943105019
2024,10,Spanish Grand Prix,Circuit de Barcelona-Catalunya,russell,15,1,25.023,mercedes,0,0,0,24.984499999999997,1,0,278,172,22.769311761952277,22.17485572038974,2.2536882380477223,2.84814427961026
2024,10,Spanish Grand Prix,Circuit de Barcelona-Catalunya,russell,36,2,22.7,mercedes,0,0,0,24.984499999999997,1,0,278,172,22.769311761952277,22.361760308190117,-0.06931176195227806,0.338239691809882
2024,10,Spanish Grand Prix,Circuit de Barcelona-Catalunya,sainz,15,1,22.194,ferrari,0,0,0,24.984499999999997,1,0,259,172,22.398276689573112,21.924735688853662,-0.2042766895731134,0.26926431114633687
2024,10,Spanish Grand Prix,Circuit de Barcelona-Catalunya,sainz,36,2,22.249,ferrari,0,0,0,24.984499999999997,1,0,259,172,22.398276689573112,22.111640276654043,-0.14927668957311369,0.1373597233459556
2024,10,Spanish Grand Prix,Circuit de Barcelona-Catalunya,sargeant,14,1,22.401,williams,0,0,0,24.984499999999997,1,0,271,172,23.620141340457206,22.55346482068971,-1.219141340457206,-0.1524648206897119
2024,10,Spanish Grand Prix,Circuit de Barcelona-Catalunya,sargeant,34,2,22.506,williams,0,0,0,24.984499999999997,1,0,271,172,23.620141340457206,22.739748908733443,-1.1141413404572056,-0.23374890873344256
2024,10,Spanish Grand Prix,Circuit de Barcelona-Catalunya,stroll,17,1,21.88,aston_martin,0,0,0,24.984499999999997,1,0,271,172,22.58617247959196,22.286161920471084,-0.7061724795919595,-0.4061619204710851
2024,10,Spanish Grand Prix,Circuit de Barcelona-Catalunya,stroll,37,2,23.381,aston_martin,0,0,0,24.984499999999997,1,0,271,172,22.58617247959196,22.472446008514815,0.7948275204080417,0.908553991485185
2024,10,Spanish Grand Prix,Circuit de Barcelona-Catalunya,tsunoda,9,1,22.064,rb,0,0,0,24.984499999999997,1,0,70,172,24.26789383347051,23.29332035822486,-2.2038938334705094,-1.2293203582248609
2024,10,Spanish Grand Prix,Circuit de Barcelona-Catalunya,tsunoda,27,2,22.084,rb,0,0,0,24.984499999999997,1,0,70,172,24.26789383347051,23.478363446755296,-2.18389383347051,-1.394363446755296
2024,10,Spanish Grand Prix,Circuit de Barcelona-Catalunya,tsunoda,44,3,22.564,rb,0,0,0,24.984499999999997,1,0,70,172,24.26789383347051,23.938261476077134,-1.7038938334705094,-1.374261476077134
2024,10,Spanish Grand Prix,Circuit de Barcelona-Catalunya,zhou,9,1,22.523,sauber,0,0,0,24.984499999999997,1,0,74,172,26.54983261664872,25.31896119526229,-4.026832616648722,-2.79596119526229
2024,10,Spanish Grand Prix,Circuit de Barcelona-Catalunya,zhou,41,2,24.253,sauber,0,0,0,24.984499999999997,1,0,74,172,26.54983261664872,25.5126912803858,-2.2968326166487216,-1.2596912803857983
2024,11,Austrian Grand Prix,Red Bull Ring,albon,12,1,21.878,williams,0,0,0,27.136999999999993,1,0,271,192,23.098543412353578,22.071072749170632,-1.220543412353578,-0.1930727491706321
2024,11,Austrian Grand Prix,Red Bull Ring,albon,39,2,21.692,williams,0,0,0,27.136999999999993,1,0,271,192,23.098543412353578,22.261700335510902,-1.406543412353578,-0.5697003355109018
2024,11,Austrian Grand Prix,Red Bull Ring,alonso,11,1,21.483,aston_martin,0,0,0,27.136999999999993,1,0,271,192,22.06457455148833,21.801287849925412,-0.5815745514883304,-0.3182878499254116
2024,11,Austrian Grand Prix,Red Bull Ring,alonso,35,2,33.947,aston_martin,0,0,0,27.136999999999993,1,0,271,192,22.06457455148833,21.990053936995736,11.882425448511672,11.956946063004267
2024,11,Austrian Grand Prix,Red Bull Ring,alonso,68,3,22.487,aston_martin,0,0,0,27.136999999999993,1,0,271,192,22.06457455148833,22.459879962423944,0.4224254485116674,0.0271200375760543
2024,11,Austrian Grand Prix,Red Bull Ring,bottas,19,1,21.918,sauber,0,0,0,27.136999999999993,1,0,74,192,26.028234688545094,24.844015120822988,-4.110234688545095,-2.9260151208229885
2024,11,Austrian Grand Prix,Red Bull Ring,bottas,42,2,21.991,sauber,0,0,0,27.136999999999993,1,0,74,192,26.028234688545094,25.032160708136665,-4.0372346885450945,-3.0411607081366654
2024,11,Austrian Grand Prix,Red Bull Ring,gasly,20,1,21.431,alpine,0,0,0,27.136999999999993,1,0,249,192,22.069031177667675,21.961541214191236,-0.6380311776676741,-0.5305412141912349
2024,11,Austrian Grand Prix,Red Bull Ring,gasly,42,2,22.043,alpine,0,0,0,27.136999999999993,1,0,249,192,22.069031177667675,22.149066301748263,-0.02603117766767582,-0.10606630174826392
2024,11,Austrian Grand Prix,Red Bull Ring,hamilton,21,1,21.563,mercedes,0,0,0,27.136999999999993,1,0,278,192,22.24771383384865,21.697427646923845,-0.6847138338486509,-0.13442764692384657
2024,11,Austrian Grand Prix,Red Bull Ring,hamilton,53,2,27.281,mercedes,0,0,0,27.136999999999993,1,0,278,192,22.24771383384865,21.891157732047354,5.033286166151349,5.389842267952645
2024,11,Austrian Grand Prix,Red Bull Ring,hulkenberg,11,1,22.355,haas,0,0,0,27.136999999999993,1,0,272,192,23.247093144285227,22.67252514111576,-0.8920931442852265,-0.3175251411157589
2024,11,Austrian Grand Prix,Red Bull Ring,hulkenberg,39,2,21.814,haas,0,0,0,27.136999999999993,1,0,272,192,23.247093144285227,22.863773227212675,-1.4330931442852268,-1.0497732272126754
2024,11,Austrian Grand Prix,Red Bull Ring,kevinmagnussen,10,1,21.518,haas,0,0,0,27.136999999999993,1,0,272,192,23.247093144285227,22.67190464135911,-1.7290931442852262,-1.1539046413591088
2024,11,Austrian Grand Prix,Red Bull Ring,kevinmagnussen,38,2,21.832,haas,0,0,0,27.136999999999993,1,0,272,192,23.247093144285227,22.863152727456026,-1.4150931442852261,-1.0311527274560248
2024,11,Austrian Grand Prix,Red Bull Ring,leclerc,16,2,21.685,ferrari,0,0,0,27.136999999999993,1,0,259,192,21.876678761469485,21.618079209515294,-0.19167876146948615,0.0669207904847049
2024,11,Austrian Grand Prix,Red Bull Ring,leclerc,33,3,22.243,ferrari,0,0,0,27.136999999999993,1,0,259,192,21.876678761469485,22.077977238837136,0.3663212385305137,0.16502276116286296
2024,11,Austrian Grand Prix,Red Bull Ring,leclerc,51,4,20.903,ferrari,0,0,0,27.136999999999993,1,0,259,192,21.876678761469485,23.573013727842277,-0.9736787614694862,-2.670013727842278
2024,11,Austrian Grand Prix,Red Bull Ring,maxverstappen,23,1,21.899,red_bull,0,0,0,27.136999999999993,1,0,292,192,21.799548483162877,21.126886752175437,0.09945151683712439,0.7721132478245636
2024,11,Austrian Grand Prix,Red Bull Ring,maxverstappen,51,2,25.841,red_bull,0,0,0,27.136999999999993,1,0,292,192,21.799548483162877,21.318134838272357,4.041451516837125,4.522865161727644
2024,11,Austrian Grand Prix,Red Bull Ring,maxverstappen,64,3,22.729,red_bull,0,0,0,27.136999999999993,1,0,292,192,21.799548483162877,21.7755508685676,0.9294515168371227,0.9534491314324001
2024,11,Austrian Grand Prix,Red Bull Ring,norris,23,1,21.617,mclaren,0,0,0,27.136999999999993,1,0,270,192,21.850274140879083,21.54758090034335,-0.23327414087908238,0.0694190996566526
2024,11,Austrian Grand Prix,Red Bull Ring,norris,51,2,21.411,mclaren,0,0,0,27.136999999999993,1,0,270,192,21.850274140879083,21.738828986440264,-0.4392741408790819,-0.32782898644026304
2024,11,Austrian Grand Prix,Red Bull Ring,ocon,19,1,22.291,alpine,0,0,0,27.136999999999993,1,0,249,192,22.069031177667675,21.960920714434586,0.2219688223323253,0.33007928556541444
2024,11,Austrian Grand Prix,Red Bull Ring,ocon,43,2,21.231,alpine,0,0,0,27.136999999999993,1,0,249,192,22.069031177667675,22.149686801504913,-0.8380311776676734,-0.9186868015049114
2024,11,Austrian Grand Prix,Red Bull Ring,perez,21,1,21.291,red_bull,0,0,0,27.136999999999993,1,0,292,192,21.799548483162877,21.125645752662145,-0.5085484831628762,0.16535424733785575
2024,11,Austrian Grand Prix,Red Bull Ring,perez,51,2,27.5,red_bull,0,0,0,27.136999999999993,1,0,292,192,21.799548483162877,21.318134838272357,5.7004515168371235,6.181865161727643
2024,11,Austrian Grand Prix,Red Bull Ring,piastri,25,1,20.978,mclaren,0,0,0,27.136999999999993,1,0,270,192,21.850274140879083,21.548821899856645,-0.8722741408790817,-0.570821899856643
2024,11,Austrian Grand Prix,Red Bull Ring,piastri,51,2,20.775,mclaren,0,0,0,27.136999999999993,1,0,270,192,21.850274140879083,21.738828986440264,-1.0752741408790847,-0.9638289864402658
2024,11,Austrian Grand Prix,Red Bull Ring,ricciardo,10,1,21.502,rb,0,0,0,27.136999999999993,1,0,70,192,23.746295905366882,22.812789785975724,-2.244295905366883,-1.3107897859757252
2024,11,Austrian Grand Prix,Red Bull Ring,ricciardo,37,2,21.093,rb,0,0,0,27.136999999999993,1,0,70,192,23.746295905366882,23.003417372315994,-2.653295905366882,-1.9104173723159938
2024,11,Austrian Grand Prix,Red Bull Ring,russell,22,1,21.673,mercedes,0,0,0,27.136999999999993,1,0,278,192,22.24771383384865,21.69804814668049,-0.5747138338486515,-0.025048146680493488
2024,11,Austrian Grand Prix,Red Bull Ring,russell,46,2,21.229,mercedes,0,0,0,27.136999999999993,1,0,278,192,22.24771383384865,21.886814233750815,-1.0187138338486506,-0.6578142337508162
2024,11,Austrian Grand Prix,Red Bull Ring,sainz,22,1,21.226,ferrari,0,0,0,27.136999999999993,1,0,259,192,21.876678761469485,21.447928115144414,-0.6506787614694858,-0.22192811514441502
2024,11,Austrian Grand Prix,Red Bull Ring,sainz,47,2,21.283,ferrari,0,0,0,27.136999999999993,1,0,259,192,21.876678761469485,21.637314701971388,-0.5936787614694836,-0.35431470197138637
2024,11,Austrian Grand Prix,Red Bull Ring,sargeant,20,2,22.502,williams,0,0,0,27.136999999999993,1,0,271,192,23.098543412353578,22.249910840134586,-0.5965434123535793,0.25208915986541314
2024,11,Austrian Grand Prix,Red Bull Ring,sargeant,49,3,22.093,williams,0,0,0,27.136999999999993,1,0,271,192,23.098543412353578,22.717254866536205,-1.0055434123535782,-0.6242548665362051
2024,11,Austrian Grand Prix,Red Bull Ring,stroll,20,1,21.399,aston_martin,0,0,0,27.136999999999993,1,0,271,192,22.06457455148833,21.806872347735244,-0.66557455148833,-0.4078723477352426
2024,11,Austrian Grand Prix,Red Bull Ring,stroll,43,2,21.302,aston_martin,0,0,0,27.136999999999993,1,0,271,192,22.06457455148833,21.99501793504892,-0.7625745514883313,-0.6930179350489212
2024,11,Austrian Grand Prix,Red Bull Ring,tsunoda,21,1,21.25,rb,0,0,0,27.136999999999993,1,0,70,192,23.746295905366882,22.819615283298855,-2.496295905366882,-1.5696152832988552
2024,11,Austrian Grand Prix,Red Bull Ring,tsunoda,44,2,23.444,rb,0,0,0,27.136999999999993,1,0,70,192,23.746295905366882,23.007760870612532,-0.3022959053668828,0.43623912938746656
2024,11,Austrian Grand Prix,Red Bull Ring,zhou,28,1,23.198,sauber,0,0,0,27.136999999999993,1,0,74,192,26.028234688545094,24.84959961863282,-2.8302346885450937,-1.6515996186328188
2024,11,Austrian Grand Prix,Red Bull Ring,zhou,51,2,21.594,sauber,0,0,0,27.136999999999993,1,0,74,192,26.028234688545094,25.037745205946496,-4.434234688545093,-3.4437452059464952
2024,12,British Grand Prix,Silverstone Circuit,albon,27,1,34.742,williams,0,0,0,32.7278,1,0,271,87,24.259847083384656,26.79637562320197,10.482152916615341,7.945624376798026
2024,12,British Grand Prix,Silverstone Circuit,albon,38,2,29.41,williams,0,0,0,32.7278,1,0,271,87,24.259847083384656,26.977075213435867,5.150152916615344,2.432924786564133
2024,12,British Grand Prix,Silverstone Circuit,alonso,27,1,29.341,aston_martin,0,0,0,32.7278,1,0,271,87,23.22587822251941,26.527211223713397,6.115121777480592,2.8137887762866036
2024,12,British Grand Prix,Silverstone Circuit,alonso,38,2,29.686,aston_martin,0,0,0,32.7278,1,0,271,87,23.22587822251941,26.707910813947294,6.460121777480591,2.9780891860527063
2024,12,British Grand Prix,Silverstone Circuit,bottas,26,1,30.628,sauber,0,0,0,32.7278,1,0,74,87,27.189538359576172,29.56435399680114,3.438461640423828,1.0636460031988584
2024,12,British Grand Prix,Silverstone Circuit,bottas,37,2,31.527,sauber,0,0,0,32.7278,1,0,74,87,27.189538359576172,29.745053587035038,4.337461640423829,1.7819464129649631
2024,12,British Grand Prix,Silverstone Circuit,hamilton,27,1,28.929,mercedes,0,0,0,32.7278,1,0,278,87,23.409017504879728,26.41714602314535,5.519982495120271,2.511853976854649
2024,12,British Grand Prix,Silverstone Circuit,hamilton,38,2,30.038,mercedes,0,0,0,32.7278,1,0,278,87,23.409017504879728,26.597845613379246,6.6289824951202725,3.4401543866207547
2024,12,British Grand Prix,Silverstone Circuit,hulkenberg,26,1,29.412,haas,0,0,0,32.7278,1,0,272,87,24.408396815316305,27.39782801514709,5.003603184683694,2.014171984852908
2024,12,British Grand Prix,Silverstone Circuit,hulkenberg,39,2,30.265,haas,0,0,0,32.7278,1,0,272,87,24.408396815316305,27.57976860489429,5.856603184683696,2.68523139510571
2024,12,British Grand Prix,Silverstone Circuit,kevinmagnussen,27,1,30.308,haas,0,0,0,32.7278,1,0,272,87,24.408396815316305,27.39844851490374,5.899603184683695,2.9095514850962587
2024,12,British Grand Prix,Silverstone Circuit,kevinmagnussen,37,2,29.884,haas,0,0,0,32.7278,1,0,272,87,24.408396815316305,27.57852760538099,5.4756031846836954,2.3054723946190094
2024,12,British Grand Prix,Silverstone Circuit,leclerc,19,1,28.481,ferrari,0,0,0,32.7278,1,0,259,87,23.037982432500563,26.162061993556087,5.443017567499439,2.318938006443915
2024,12,British Grand Prix,Silverstone Circuit,leclerc,27,2,29.233,ferrari,0,0,0,32.7278,1,0,259,87,23.037982432500563,26.34090008452004,6.195017567499438,2.8920999154799603
2024,12,British Grand Prix,Silverstone Circuit,leclerc,37,3,29.166,ferrari,0,0,0,32.7278,1,0,259,87,23.037982432500563,26.796454615545343,6.1280175674994375,2.369545384454657
2024,12,British Grand Prix,Silverstone Circuit,maxverstappen,26,1,28.365,red_bull,0,0,0,32.7278,1,0,292,87,22.960852154193955,25.844743629126995,5.404147845806044,2.5202563708730032
2024,12,British Grand Prix,Silverstone Circuit,maxverstappen,38,2,29.076,red_bull,0,0,0,32.7278,1,0,292,87,22.960852154193955,26.026063719117545,6.115147845806046,3.0499362808824557
2024,12,British Grand Prix,Silverstone Circuit,norris,27,1,28.661,mclaren,0,0,0,32.7278,1,0,270,87,23.01157781191016,26.266058277051556,5.64942218808984,2.3949417229484453
2024,12,British Grand Prix,Silverstone Circuit,norris,39,2,30.387,mclaren,0,0,0,32.7278,1,0,270,87,23.01157781191016,26.447378367042102,7.375422188089839,3.9396216329578984
2024,12,British Grand Prix,Silverstone Circuit,ocon,19,1,28.495,alpine,0,0,0,32.7278,1,0,249,87,23.230334848698753,26.6769160921162,5.264665151301248,1.8180839078837998
2024,12,British Grand Prix,Silverstone Circuit,ocon,21,2,28.276,alpine,0,0,0,32.7278,1,0,249,87,23.230334848698753,26.852031184540266,5.045665151301247,1.4239688154597339
2024,12,British Grand Prix,Silverstone Circuit,ocon,26,3,29.289,alpine,0,0,0,32.7278,1,0,249,87,23.230334848698753,27.304483216782327,6.058665151301248,1.9845167832176749
2024,12,British Grand Prix,Silverstone Circuit,ocon,38,4,29.086,alpine,0,0,0,32.7278,1,0,249,87,23.230334848698753,28.795796707247582,5.855665151301245,0.2902032927524161
2024,12,British Grand Prix,Silverstone Circuit,perez,19,1,28.391,red_bull,0,0,0,32.7278,1,0,292,87,22.960852154193955,25.84040013083046,5.430147845806044,2.550599869169538
2024,12,British Grand Prix,Silverstone Circuit,perez,28,2,32.313,red_bull,0,0,0,32.7278,1,0,292,87,22.960852154193955,26.01985872155106,9.352147845806048,6.2931412784489424
2024,12,British Grand Prix,Silverstone Circuit,perez,37,3,29.3,red_bull,0,0,0,32.7278,1,0,292,87,22.960852154193955,26.474792752819717,6.339147845806046,2.825207247180284
2024,12,British Grand Prix,Silverstone Circuit,perez,47,4,28.871,red_bull,0,0,0,32.7278,1,0,292,87,22.960852154193955,27.964865243771676,5.910147845806044,0.9061347562283224
2024,12,British Grand Prix,Silverstone Circuit,piastri,28,1,29.541,mclaren,0,0,0,32.7278,1,0,270,87,23.01157781191016,26.266678776808202,6.529422188089839,3.274321223191798
2024,12,British Grand Prix,Silverstone Circuit,piastri,38,2,29.2,mclaren,0,0,0,32.7278,1,0,270,87,23.01157781191016,26.446757867285452,6.188422188089838,2.753242132714547
2024,12,British Grand Prix,Silverstone Circuit,ricciardo,26,1,28.875,rb,0,0,0,32.7278,1,0,70,87,24.90759957639796,27.538713159763713,3.96740042360204,1.336286840236287
2024,12,British Grand Prix,Silverstone Circuit,ricciardo,37,2,29.873,rb,0,0,0,32.7278,1,0,70,87,24.90759957639796,27.71941274999761,4.965400423602041,2.153587250002392
2024,12,British Grand Prix,Silverstone Circuit,russell,27,1,32.045,mercedes,0,0,0,32.7278,1,0,278,87,23.409017504879728,26.41714602314535,8.635982495120274,5.627853976854652
2024,12,British Grand Prix,Silverstone Circuit,sainz,26,1,29.199,ferrari,0,0,0,32.7278,1,0,259,87,23.037982432500563,26.166405491852622,6.161017567499439,3.0325945081473797
2024,12,British Grand Prix,Silverstone Circuit,sainz,39,2,29.097,ferrari,0,0,0,32.7278,1,0,259,87,23.037982432500563,26.348346081599818,6.059017567499438,2.7486539184001835
2024,12,British Grand Prix,Silverstone Circuit,sainz,50,3,28.706,ferrari,0,0,0,32.7278,1,0,259,87,23.037982432500563,26.804521112381767,5.668017567499437,1.9014788876182322
2024,12,British Grand Prix,Silverstone Circuit,sargeant,27,1,32.801,williams,0,0,0,32.7278,1,0,271,87,24.259847083384656,26.79637562320197,8.541152916615346,6.004624376798031
2024,12,British Grand Prix,Silverstone Circuit,sargeant,38,2,29.444,williams,0,0,0,32.7278,1,0,271,87,24.259847083384656,26.977075213435867,5.184152916615343,2.4669247865641317
2024,12,British Grand Prix,Silverstone Circuit,stroll,26,1,29.023,aston_martin,0,0,0,32.7278,1,0,271,87,23.22587822251941,26.526590723956748,5.797121777480591,2.496409276043252
2024,12,British Grand Prix,Silverstone Circuit,stroll,39,2,29.469,aston_martin,0,0,0,32.7278,1,0,271,87,23.22587822251941,26.708531313703944,6.243121777480592,2.7604686862960577
2024,12,British Grand Prix,Silverstone Circuit,tsunoda,38,2,29.658,rb,0,0,0,32.7278,1,0,70,87,24.90759957639796,27.72003324975426,4.750400423602041,1.9379667502457423
2024,12,British Grand Prix,Silverstone Circuit,zhou,12,1,29.178,sauber,0,0,0,32.7278,1,0,74,87,27.189538359576172,29.555667000208064,1.9884616404238287,-0.37766700020806354
2024,12,British Grand Prix,Silverstone Circuit,zhou,19,2,29.838,sauber,0,0,0,32.7278,1,0,74,87,27.189538359576172,29.73388459141537,2.648461640423829,0.10411540858462942
2024,12,British Grand Prix,Silverstone Circuit,zhou,26,3,29.125,sauber,0,0,0,32.7278,1,0,74,87,27.189538359576172,30.18757762317073,1.9354616404238278,-1.0625776231707285
2024,12,British Grand Prix,Silverstone Circuit,zhou,37,4,33.083,sauber,0,0,0,32.7278,1,0,74,87,27.189538359576172,31.678270613879334,5.893461640423826,1.404729386120664
2024,13,Hungarian Grand Prix,Hungaroring,albon,6,1,22.091,williams,0,0,0,22.57675,1,0,271,133,20.774447420369427,22.463078477615547,1.3165525796305744,-0.37207847761554547
2024,13,Hungarian Grand Prix,Hungaroring,albon,29,2,23.41,williams,0,0,0,22.57675,1,0,271,133,20.774447420369427,22.651224064929224,2.6355525796305734,0.7587759350707763
2024,13,Hungarian Grand Prix,Hungaroring,alonso,7,1,22.542,aston_martin,0,0,0,22.57675,1,0,271,133,19.74047855950418,22.194534577883623,2.801521440495822,0.3474654221163789
2024,13,Hungarian Grand Prix,Hungaroring,alonso,37,2,21.8,aston_martin,0,0,0,22.57675,1,0,271,133,19.74047855950418,22.387023663493835,2.0595214404958213,-0.5870236634938344
2024,13,Hungarian Grand Prix,Hungaroring,bottas,16,1,22.146,sauber,0,0,0,22.57675,1,0,74,133,23.70413869656094,25.23788234853785,-1.5581386965609383,-3.0918823485378475
2024,13,Hungarian Grand Prix,Hungaroring,bottas,45,2,21.981,sauber,0,0,0,22.57675,1,0,74,133,23.70413869656094,25.429750934391414,-1.7231386965609374,-3.4487509343914127
2024,13,Hungarian Grand Prix,Hungaroring,gasly,28,1,21.405,alpine,0,0,0,22.57675,1,0,249,133,19.744935185683524,22.362233939229224,1.6600648143164776,-0.9572339392292228
2024,13,Hungarian Grand Prix,Hungaroring,hamilton,16,1,21.306,mercedes,0,0,0,22.57675,1,0,278,133,19.923617841864495,22.090053875125406,1.3823821581355062,-0.7840538751254051
2024,13,Hungarian Grand Prix,Hungaroring,hamilton,40,2,21.91,mercedes,0,0,0,22.57675,1,0,278,133,19.923617841864495,22.278819962195733,1.9863821581355054,-0.3688199621957331
2024,13,Hungarian Grand Prix,Hungaroring,hulkenberg,2,1,22.287,haas,0,0,0,22.57675,1,0,272,133,20.922997152301075,23.062669370290727,1.3640028476989237,-0.7756693702907285
2024,13,Hungarian Grand Prix,Hungaroring,hulkenberg,29,2,22.472,haas,0,0,0,22.57675,1,0,272,133,20.922997152301075,23.253296956630997,1.549002847698926,-0.781296956630996
2024,13,Hungarian Grand Prix,Hungaroring,kevinmagnussen,6,1,21.871,haas,0,0,0,22.57675,1,0,272,133,20.922997152301075,23.06515136931732,0.9480028476989233,-1.1941513693173214
2024,13,Hungarian Grand Prix,Hungaroring,kevinmagnussen,34,2,22.531,haas,0,0,0,22.57675,1,0,272,133,20.922997152301075,23.25639945541424,1.6080028476989234,-0.7253994554142409
2024,13,Hungarian Grand Prix,Hungaroring,leclerc,23,1,21.894,ferrari,0,0,0,22.57675,1,0,259,133,19.552582769485333,21.844277341885867,2.341417230514665,0.049722658114131235
2024,13,Hungarian Grand Prix,Hungaroring,leclerc,40,2,21.723,ferrari,0,0,0,22.57675,1,0,259,133,19.552582769485333,22.028699930659656,2.1704172305146656,-0.3056999306596566
2024,13,Hungarian Grand Prix,Hungaroring,maxverstappen,21,1,22.101,red_bull,0,0,0,22.57675,1,0,292,133,19.475452491178725,21.521374479646944,2.625547508821274,0.5796255203530549
2024,13,Hungarian Grand Prix,Hungaroring,maxverstappen,49,2,21.344,red_bull,0,0,0,22.57675,1,0,292,133,19.475452491178725,21.71262256574386,1.8685475088212762,-0.3686225657438591
2024,13,Hungarian Grand Prix,Hungaroring,norris,17,1,21.861,mclaren,0,0,0,22.57675,1,0,270,133,19.52617814889493,21.939586628788263,2.334821851105069,-0.07858662878826195
2024,13,Hungarian Grand Prix,Hungaroring,norris,45,2,21.249,mclaren,0,0,0,22.57675,1,0,270,133,19.52617814889493,22.13083471488518,1.722821851105067,-0.88183471488518
2024,13,Hungarian Grand Prix,Hungaroring,ocon,6,1,21.829,alpine,0,0,0,22.57675,1,0,249,133,19.744935185683524,22.348582944582965,2.084064814316477,-0.5195829445829645
2024,13,Hungarian Grand Prix,Hungaroring,ocon,30,2,21.444,alpine,0,0,0,22.57675,1,0,249,133,19.744935185683524,22.53734903165329,1.6990648143164755,-1.0933490316532897
2024,13,Hungarian Grand Prix,Hungaroring,ocon,64,3,21.33,alpine,0,0,0,22.57675,1,0,249,133,19.744935185683524,23.007795556838147,1.5850648143164747,-1.6777955568381486
2024,13,Hungarian Grand Prix,Hungaroring,perez,28,1,21.395,red_bull,0,0,0,22.57675,1,0,292,133,19.475452491178725,21.525717977943486,1.9195475088212746,-0.13071797794348683
2024,13,Hungarian Grand Prix,Hungaroring,perez,47,2,21.056,red_bull,0,0,0,22.57675,1,0,292,133,19.475452491178725,21.711381566230564,1.580547508821276,-0.6553815662305631
2024,13,Hungarian Grand Prix,Hungaroring,piastri,18,1,21.641,mclaren,0,0,0,22.57675,1,0,270,133,19.52617814889493,21.94020712854491,2.1148218511050665,-0.2992071285449107
2024,13,Hungarian Grand Prix,Hungaroring,piastri,47,2,21.823,mclaren,0,0,0,22.57675,1,0,270,133,19.52617814889493,22.132075714398475,2.2968218511050686,-0.3090757143984746
2024,13,Hungarian Grand Prix,Hungaroring,ricciardo,7,1,21.084,rb,0,0,0,22.57675,1,0,70,133,21.422199913382727,23.206657013690585,-0.33819991338272715,-2.122657013690585
2024,13,Hungarian Grand Prix,Hungaroring,ricciardo,28,2,21.378,rb,0,0,0,22.57675,1,0,70,133,21.422199913382727,23.393561601490966,-0.04419991338272666,-2.0155616014909654
2024,13,Hungarian Grand Prix,Hungaroring,russell,33,1,21.369,mercedes,0,0,0,22.57675,1,0,278,133,19.923617841864495,22.100602370988426,1.445382158135505,-0.7316023709884263
2024,13,Hungarian Grand Prix,Hungaroring,russell,53,2,21.328,mercedes,0,0,0,22.57675,1,0,278,133,19.923617841864495,22.286886459032157,1.4043821581355047,-0.9588864590321577
2024,13,Hungarian Grand Prix,Hungaroring,sainz,21,1,21.655,ferrari,0,0,0,22.57675,1,0,259,133,19.552582769485333,21.84303634237257,2.102417230514668,-0.18803634237256972
2024,13,Hungarian Grand Prix,Hungaroring,sainz,47,2,21.439,ferrari,0,0,0,22.57675,1,0,259,133,19.552582769485333,22.03304342895619,1.8864172305146667,-0.5940434289561907
2024,13,Hungarian Grand Prix,Hungaroring,sargeant,8,1,21.757,williams,0,0,0,22.57675,1,0,271,133,20.774447420369427,22.464319477128843,0.9825525796305747,-0.7073194771288414
2024,13,Hungarian Grand Prix,Hungaroring,sargeant,33,2,21.398,williams,0,0,0,22.57675,1,0,271,133,20.774447420369427,22.653706063955816,0.623552579630573,-1.2557060639558166
2024,13,Hungarian Grand Prix,Hungaroring,sargeant,63,3,21.908,williams,0,0,0,22.57675,1,0,271,133,20.774447420369427,23.121670590114082,1.1335525796305745,-1.2136705901140807
2024,13,Hungarian Grand Prix,Hungaroring,stroll,14,1,23.237,aston_martin,0,0,0,22.57675,1,0,271,133,19.74047855950418,22.19887807618016,3.496521440495819,1.038121923819837
2024,13,Hungarian Grand Prix,Hungaroring,stroll,45,2,22.276,aston_martin,0,0,0,22.57675,1,0,271,133,19.74047855950418,22.39198766154702,2.5355214404958204,-0.11598766154702034
2024,13,Hungarian Grand Prix,Hungaroring,tsunoda,29,1,21.467,rb,0,0,0,22.57675,1,0,70,133,21.422199913382727,23.220308008336847,0.04480008661727197,-1.7533080083368482
2024,13,Hungarian Grand Prix,Hungaroring,zhou,7,1,21.993,sauber,0,0,0,22.57675,1,0,74,133,23.70413869656094,25.232297850728013,-1.7111386965609405,-3.239297850728015
2024,13,Hungarian Grand Prix,Hungaroring,zhou,36,2,22.183,sauber,0,0,0,22.57675,1,0,74,133,23.70413869656094,25.42416643658158,-1.5211386965609393,-3.2411664365815795
2024,14,Belgian Grand Prix,Circuit de Spa-Francorchamps,albon,8,1,23.606,williams,0,0,0,23.644550000000002,1,0,271,109,24.31014353425072,23.36525823129385,-0.7041435342507185,0.24074176870615105
2024,14,Belgian Grand Prix,Circuit de Spa-Francorchamps,albon,23,2,23.146,williams,0,0,0,23.644550000000002,1,0,271,109,24.31014353425072,23.548439820554343,-1.1641435342507194,-0.402439820554342
2024,14,Belgian Grand Prix,Circuit de Spa-Francorchamps,alonso,13,1,23.075,aston_martin,0,0,0,23.644550000000002,1,0,271,109,23.276174673385473,23.09919633058852,-0.20117467338547357,-0.02419633058852
2024,14,Belgian Grand Prix,Circuit de Spa-Francorchamps,bottas,11,1,23.147,sauber,0,0,0,23.644550000000002,1,0,74,109,27.239834810442236,26.135718603919614,-4.092834810442238,-2.988718603919615
2024,14,Belgian Grand Prix,Circuit de Spa-Francorchamps,bottas,35,2,22.949,sauber,0,0,0,23.644550000000002,1,0,74,109,27.239834810442236,26.324484690989937,-4.2908348104422345,-3.3754846909899356
2024,14,Belgian Grand Prix,Circuit de Spa-Francorchamps,gasly,9,1,22.9,alpine,0,0,0,23.644550000000002,1,0,249,109,23.280631299564817,23.251383198017916,-0.38063129956481845,-0.35138319801791695
2024,14,Belgian Grand Prix,Circuit de Spa-Francorchamps,gasly,28,2,22.844,alpine,0,0,0,23.644550000000002,1,0,249,109,23.280631299564817,23.437046786305,-0.43663129956481583,-0.5930467863049991
2024,14,Belgian Grand Prix,Circuit de Spa-Francorchamps,hamilton,11,1,23.188,mercedes,0,0,0,23.644550000000002,1,0,278,109,23.45931395574579,22.987890130507175,-0.27131395574579287,0.20010986949282383
2024,14,Belgian Grand Prix,Circuit de Spa-Francorchamps,hamilton,26,2,22.704,mercedes,0,0,0,23.644550000000002,1,0,278,109,23.45931395574579,23.171071719767664,-0.7553139557457911,-0.46707171976766304
2024,14,Belgian Grand Prix,Circuit de Spa-Francorchamps,hulkenberg,7,1,23.562,haas,0,0,0,23.644550000000002,1,0,272,109,24.45869326618237,23.966710623238974,-0.8966932661823677,-0.404710623238973
2024,14,Belgian Grand Prix,Circuit de Spa-Francorchamps,hulkenberg,20,2,23.268,haas,0,0,0,23.644550000000002,1,0,272,109,24.45869326618237,24.148651212986167,-1.1906932661823681,-0.8806512129861659
2024,14,Belgian Grand Prix,Circuit de Spa-Francorchamps,kevinmagnussen,17,1,23.619,haas,0,0,0,23.644550000000002,1,0,272,109,24.45869326618237,23.97291562080546,-0.8396932661823691,-0.35391562080545924
2024,14,Belgian Grand Prix,Circuit de Spa-Francorchamps,leclerc,12,1,22.942,ferrari,0,0,0,23.644550000000002,1,0,259,109,23.088278883366627,22.738390598727744,-0.14627888336662664,0.20360940127225646
2024,14,Belgian Grand Prix,Circuit de Spa-Francorchamps,leclerc,25,2,23.33,ferrari,0,0,0,23.644550000000002,1,0,259,109,23.088278883366627,22.92033118847494,0.24172111663337148,0.40966881152505863
2024,14,Belgian Grand Prix,Circuit de Spa-Francorchamps,maxverstappen,10,1,23.214,red_bull,0,0,0,23.644550000000002,1,0,292,109,23.01114860506002,22.41548773648882,0.20285139493998017,0.7985122635111779
2024,14,Belgian Grand Prix,Circuit de Spa-Francorchamps,maxverstappen,28,2,22.943,red_bull,0,0,0,23.644550000000002,1,0,292,109,23.01114860506002,22.600530825019256,-0.06814860506001708,0.3424691749807458
2024,14,Belgian Grand Prix,Circuit de Spa-Francorchamps,norris,15,1,22.682,mclaren,0,0,0,23.644550000000002,1,0,270,109,23.061874262776225,22.839284383439974,-0.3798742627762266,-0.15728438343997553
2024,14,Belgian Grand Prix,Circuit de Spa-Francorchamps,norris,29,2,22.61,mclaren,0,0,0,23.644550000000002,1,0,270,109,23.061874262776225,23.021845472943816,-0.4518742627762258,-0.411845472943817
2024,14,Belgian Grand Prix,Circuit de Spa-Francorchamps,ocon,12,1,23.366,alpine,0,0,0,23.644550000000002,1,0,249,109,23.280631299564817,23.25324469728786,0.08536870043518263,0.11275530271213796
2024,14,Belgian Grand Prix,Circuit de Spa-Francorchamps,ocon,30,2,23.546,alpine,0,0,0,23.644550000000002,1,0,249,109,23.280631299564817,23.438287785818297,0.26536870043518235,0.10771221418170285
2024,14,Belgian Grand Prix,Circuit de Spa-Francorchamps,perez,11,1,22.692,red_bull,0,0,0,23.644550000000002,1,0,292,109,23.01114860506002,22.41610823624547,-0.3191486050600183,0.2758917637545295
2024,14,Belgian Grand Prix,Circuit de Spa-Francorchamps,perez,21,2,22.648,red_bull,0,0,0,23.644550000000002,1,0,292,109,23.01114860506002,22.59618732672272,-0.3631486050600188,0.05181267327727923
2024,14,Belgian Grand Prix,Circuit de Spa-Francorchamps,perez,42,3,22.632,red_bull,0,0,0,23.644550000000002,1,0,292,109,23.01114860506002,23.05856735507115,-0.379148605060017,-0.42656735507114973
2024,14,Belgian Grand Prix,Circuit de Spa-Francorchamps,piastri,11,1,22.623,mclaren,0,0,0,23.644550000000002,1,0,270,109,23.061874262776225,22.83680238441338,-0.4388742627762241,-0.2138023844133805
2024,14,Belgian Grand Prix,Circuit de Spa-Francorchamps,piastri,30,2,24.125,mclaren,0,0,0,23.644550000000002,1,0,270,109,23.061874262776225,23.022465972700463,1.0631257372237748,1.1025340272995372
2024,14,Belgian Grand Prix,Circuit de Spa-Francorchamps,ricciardo,8,1,22.643,rb,0,0,0,23.644550000000002,1,0,70,109,24.957896027264024,24.10821626761224,-2.314896027264023,-1.465216267612238
2024,14,Belgian Grand Prix,Circuit de Spa-Francorchamps,ricciardo,21,2,22.328,rb,0,0,0,23.644550000000002,1,0,70,109,24.957896027264024,24.290156857359435,-2.6298960272640244,-1.9621568573594352
2024,14,Belgian Grand Prix,Circuit de Spa-Francorchamps,russell,10,1,22.686,mercedes,0,0,0,23.644550000000002,1,0,278,109,23.45931395574579,22.987269630750525,-0.7733139557457918,-0.30126963075052515
2024,14,Belgian Grand Prix,Circuit de Spa-Francorchamps,sainz,20,1,23.08,ferrari,0,0,0,23.644550000000002,1,0,259,109,23.088278883366627,22.74335459678093,-0.00827888336662852,0.33664540321906955
2024,14,Belgian Grand Prix,Circuit de Spa-Francorchamps,sainz,28,2,23.089,ferrari,0,0,0,23.644550000000002,1,0,259,109,23.088278883366627,22.922192687744882,7.211166333718211e-4,0.16680731225511636
2024,14,Belgian Grand Prix,Circuit de Spa-Francorchamps,sargeant,8,1,23.338,williams,0,0,0,23.644550000000002,1,0,271,109,24.31014353425072,23.36525823129385,-0.9721435342507192,-0.027258231293849633
2024,14,Belgian Grand Prix,Circuit de Spa-Francorchamps,sargeant,24,2,23.692,williams,0,0,0,23.644550000000002,1,0,271,109,24.31014353425072,23.54906032031099,-0.61814353425072,0.142939679689011
2024,14,Belgian Grand Prix,Circuit de Spa-Francorchamps,stroll,12,1,23.01,aston_martin,0,0,0,23.644550000000002,1,0,271,109,23.276174673385473,23.09857583083187,-0.2661746733854713,-0.08857583083186782
2024,14,Belgian Grand Prix,Circuit de Spa-Francorchamps,tsunoda,15,1,23.452,rb,0,0,0,23.644550000000002,1,0,70,109,24.957896027264024,24.112559765908777,-1.505896027264022,-0.6605597659087756
2024,15,Dutch Grand Prix,Circuit Park Zandvoort,albon,12,1,21.258,williams,0,0,0,22.4955,1,0,271,144,18.79130054190977,21.100590842809826,2.466699458090229,0.15740915719017323
2024,15,Dutch Grand Prix,Circuit Park Zandvoort,albon,54,2,21.016,williams,0,0,0,22.4955,1,0,271,144,18.79130054190977,21.300525925499816,2.224699458090228,-0.2845259254998176
2024,15,Dutch Grand Prix,Circuit Park Zandvoort,alonso,31,1,21.348,aston_martin,0,0,0,22.4955,1,0,271,144,17.757331681044523,20.84321593869757,3.5906683189554762,0.5047840613024306
2024,15,Dutch Grand Prix,Circuit Park Zandvoort,bottas,15,1,21.095,sauber,0,0,0,22.4955,1,0,74,144,21.720991818101282,23.87105121543559,-0.6259918181012836,-2.77605121543559
2024,15,Dutch Grand Prix,Circuit Park Zandvoort,bottas,43,2,21.273,sauber,0,0,0,22.4955,1,0,74,144,21.720991818101282,24.062299301532505,-0.44799181810128275,-2.7892993015325054
2024,15,Dutch Grand Prix,Circuit Park Zandvoort,gasly,32,1,22.646,alpine,0,0,0,22.4955,1,0,249,144,17.761788307223867,20.998505304910207,4.884211692776134,1.6474946950897937
2024,15,Dutch Grand Prix,Circuit Park Zandvoort,hamilton,23,1,21.168,mercedes,0,0,0,22.4955,1,0,278,144,17.940470963404838,20.728186740076335,3.227529036595161,0.43981325992366394
2024,15,Dutch Grand Prix,Circuit Park Zandvoort,hamilton,48,2,21.026,mercedes,0,0,0,22.4955,1,0,278,144,17.940470963404838,20.917573326903305,3.0855290365951618,0.10842667309669451
2024,15,Dutch Grand Prix,Circuit Park Zandvoort,hulkenberg,14,1,21.619,haas,0,0,0,22.4955,1,0,272,144,18.93985027384142,21.703904734024896,2.679149726158581,-0.08490473402489584
2024,15,Dutch Grand Prix,Circuit Park Zandvoort,kevinmagnussen,40,1,21.403,haas,0,0,0,22.4955,1,0,272,144,18.93985027384142,21.720037727697747,2.46314972615858,-0.3170377276977483
2024,15,Dutch Grand Prix,Circuit Park Zandvoort,leclerc,24,1,20.841,ferrari,0,0,0,22.4955,1,0,259,144,17.569435891025677,20.478687208296904,3.2715641089743244,0.36231279170309705
2024,15,Dutch Grand Prix,Circuit Park Zandvoort,maxverstappen,27,1,20.785,red_bull,0,0,0,22.4955,1,0,292,144,17.49230561271907,20.158886844841227,3.2926943872809318,0.6261131551587731
2024,15,Dutch Grand Prix,Circuit Park Zandvoort,norris,28,1,21.536,mclaren,0,0,0,22.4955,1,0,270,144,17.543031270435275,20.58020149276578,3.9929687295647263,0.9557985072342206
2024,15,Dutch Grand Prix,Circuit Park Zandvoort,ocon,30,1,21.015,alpine,0,0,0,22.4955,1,0,249,144,17.761788307223867,20.99726430539691,3.2532116927761336,0.01773569460308977
2024,15,Dutch Grand Prix,Circuit Park Zandvoort,perez,29,1,22.934,red_bull,0,0,0,22.4955,1,0,292,144,17.49230561271907,20.16012784435452,5.441694387280933,2.7738721556454813
2024,15,Dutch Grand Prix,Circuit Park Zandvoort,piastri,33,1,20.969,mclaren,0,0,0,22.4955,1,0,270,144,17.543031270435275,20.583303991549023,3.425968729564726,0.38569600845097796
2024,15,Dutch Grand Prix,Circuit Park Zandvoort,ricciardo,29,1,20.942,rb,0,0,0,22.4955,1,0,70,144,19.43905303492307,21.854097374991234,1.50294696507693,-0.9120973749912338
2024,15,Dutch Grand Prix,Circuit Park Zandvoort,russell,25,1,21.846,mercedes,0,0,0,22.4955,1,0,278,144,17.940470963404838,20.72942773958963,3.905529036595162,1.1165722604103685
2024,15,Dutch Grand Prix,Circuit Park Zandvoort,russell,54,2,21.159,mercedes,0,0,0,22.4955,1,0,278,144,17.940470963404838,20.921296325443194,3.218529036595161,0.23770367455680486
2024,15,Dutch Grand Prix,Circuit Park Zandvoort,sainz,30,1,20.84,ferrari,0,0,0,22.4955,1,0,259,144,17.569435891025677,20.482410206836793,3.270564108974323,0.35758979316320705
2024,15,Dutch Grand Prix,Circuit Park Zandvoort,sargeant,22,1,22.03,williams,0,0,0,22.4955,1,0,271,144,18.79130054190977,21.106795840376307,3.238699458090231,0.923204159623694
2024,15,Dutch Grand Prix,Circuit Park Zandvoort,stroll,30,1,21.385,aston_martin,0,0,0,22.4955,1,0,271,144,17.757331681044523,20.84259543894092,3.627668318955479,0.5424045610590831
2024,15,Dutch Grand Prix,Circuit Park Zandvoort,tsunoda,14,1,21.249,rb,0,0,0,22.4955,1,0,70,144,19.43905303492307,21.84478987864151,1.8099469650769286,-0.59578987864151145
2024,15,Dutch Grand Prix,Circuit Park Zandvoort,tsunoda,32,2,20.88,rb,0,0,0,22.4955,1,0,70,144,19.43905303492307,22.02983296717195,1.4409469650769289,-1.1498329671719496
2024,15,Dutch Grand Prix,Circuit Park Zandvoort,zhou,18,1,21.214,sauber,0,0,0,22.4955,1,0,74,144,21.720991818101282,23.87291271470553,-0.5069918181012838,-2.658912714705533
2024,15,Dutch Grand Prix,Circuit Park Zandvoort,zhou,51,2,22.044,sauber,0,0,0,22.4955,1,0,74,144,21.720991818101282,24.06726329958569,0.32300818189871805,-2.0232632995856896
2024,16,Italian Grand Prix,Autodromo Nazionale di Monza,albon,17,1,24.801,williams,0,0,0,34.829999999999984,1,0,271,104,26.196787115248917,25.408798877422726,-1.3957871152489183,-0.6077988774227272
2024,16,Italian Grand Prix,Autodromo Nazionale di Monza,alonso,12,1,24.866,aston_martin,0,0,0,34.829999999999984,1,0,271,104,25.162818254383666,25.13653197915091,-0.29681825438366616,-0.27053197915090976
2024,16,Italian Grand Prix,Autodromo Nazionale di Monza,alonso,35,2,24.501,aston_martin,0,0,0,34.829999999999984,1,0,271,104,25.162818254383666,25.324677566464587,-0.6618182543836646,-0.8236775664645855
2024,16,Italian Grand Prix,Autodromo Nazionale di Monza,bottas,33,1,24.41,sauber,0,0,0,34.829999999999984,1,0,74,104,29.12647839144043,28.187325746884913,-4.716478391440429,-3.7773257468849124
2024,16,Italian Grand Prix,Autodromo Nazionale di Monza,colapinto,16,1,25.147,williams,0,0,0,34.829999999999984,1,0,271,104,26.196787115248917,25.40817837766608,-1.0497871152489182,-0.26117837766608076
2024,16,Italian Grand Prix,Autodromo Nazionale di Monza,gasly,10,1,24.335,alpine,0,0,0,34.829999999999984,1,0,249,104,25.16727488056301,25.289959846093605,-0.8322748805630091,-0.9549598460936046
2024,16,Italian Grand Prix,Autodromo Nazionale di Monza,gasly,30,2,24.203,alpine,0,0,0,34.829999999999984,1,0,249,104,25.16727488056301,25.476243934137337,-0.9642748805630106,-1.2732439341373372
2024,16,Italian Grand Prix,Autodromo Nazionale di Monza,hamilton,15,1,24.469,mercedes,0,0,0,34.829999999999984,1,0,278,104,25.34595753674398,25.028328277852808,-0.8769575367439799,-0.5593282778528064
2024,16,Italian Grand Prix,Autodromo Nazionale di Monza,hamilton,37,2,24.155,mercedes,0,0,0,34.829999999999984,1,0,278,104,25.34595753674398,25.215853365409835,-1.19095753674398,-1.0608533654098338
2024,16,Italian Grand Prix,Autodromo Nazionale di Monza,hulkenberg,5,1,38.875,haas,0,0,0,34.829999999999984,1,0,272,104,26.345336847180562,26.00342577204472,12.529663152819438,12.871574227955279
2024,16,Italian Grand Prix,Autodromo Nazionale di Monza,hulkenberg,32,2,36.576,haas,0,0,0,34.829999999999984,1,0,272,104,26.345336847180562,26.19405335838499,10.230663152819439,10.38194664161501
2024,16,Italian Grand Prix,Autodromo Nazionale di Monza,kevinmagnussen,14,1,25.672,haas,0,0,0,34.829999999999984,1,0,272,104,26.345336847180562,26.009010269854553,-0.6733368471805612,-0.3370102698545523
2024,16,Italian Grand Prix,Autodromo Nazionale di Monza,leclerc,15,1,24.551,ferrari,0,0,0,34.829999999999984,1,0,259,104,24.97492246436482,24.77820824631673,-0.4239224643648214,-0.22720824631673153
2024,16,Italian Grand Prix,Autodromo Nazionale di Monza,maxverstappen,22,1,28.198,red_bull,0,0,0,34.829999999999984,1,0,292,104,24.89779218605821,24.46088988188764,3.300207813941789,3.737110118112362
2024,16,Italian Grand Prix,Autodromo Nazionale di Monza,maxverstappen,41,2,24.15,red_bull,0,0,0,34.829999999999984,1,0,292,104,24.89779218605821,24.646553470174723,-0.7477921860582128,-0.4965534701747245
2024,16,Italian Grand Prix,Autodromo Nazionale di Monza,norris,14,1,24.169,mclaren,0,0,0,34.829999999999984,1,0,270,104,24.948517843774418,24.876620032002368,-0.7795178437744177,-0.7076200320023673
2024,16,Italian Grand Prix,Autodromo Nazionale di Monza,norris,32,2,24.87,mclaren,0,0,0,34.829999999999984,1,0,270,104,24.948517843774418,25.0616631205328,-0.07851784377441717,-0.1916631205327981
2024,16,Italian Grand Prix,Autodromo Nazionale di Monza,ocon,31,1,24.146,alpine,0,0,0,34.829999999999984,1,0,249,104,25.16727488056301,25.302990340983218,-1.0212748805630092,-1.1569903409832172
2024,16,Italian Grand Prix,Autodromo Nazionale di Monza,perez,23,1,24.728,red_bull,0,0,0,34.829999999999984,1,0,292,104,24.89779218605821,24.46151038164429,-0.1697921860582099,0.2664896183557133
2024,16,Italian Grand Prix,Autodromo Nazionale di Monza,perez,35,2,24.03,red_bull,0,0,0,34.829999999999984,1,0,292,104,24.89779218605821,24.642830471634834,-0.8677921860582103,-0.6128304716348332
2024,16,Italian Grand Prix,Autodromo Nazionale di Monza,piastri,16,1,23.793,mclaren,0,0,0,34.829999999999984,1,0,270,104,24.948517843774418,24.87786103151566,-1.155517843774419,-1.0848610315156613
2024,16,Italian Grand Prix,Autodromo Nazionale di Monza,piastri,38,2,24.67,mclaren,0,0,0,34.829999999999984,1,0,270,104,24.948517843774418,25.06538611907269,-0.27851784377441646,-0.3953861190726897
2024,16,Italian Grand Prix,Autodromo Nazionale di Monza,ricciardo,11,1,30.317,rb,0,0,0,34.829999999999984,1,0,70,104,26.844539608262217,26.148033915201225,3.4724603917377834,4.168966084798775
2024,16,Italian Grand Prix,Autodromo Nazionale di Monza,russell,11,1,32.696,mercedes,0,0,0,34.829999999999984,1,0,278,104,25.34595753674398,25.025846278826215,7.350042463256017,7.670153721173783
2024,16,Italian Grand Prix,Autodromo Nazionale di Monza,russell,33,2,26.297,mercedes,0,0,0,34.829999999999984,1,0,278,104,25.34595753674398,25.213371366383242,0.9510424632560195,1.0836286336167582
2024,16,Italian Grand Prix,Autodromo Nazionale di Monza,sainz,19,1,24.313,ferrari,0,0,0,34.829999999999984,1,0,259,104,24.97492246436482,24.780690245343322,-0.6619224643648209,-0.4676902453433236
2024,16,Italian Grand Prix,Autodromo Nazionale di Monza,stroll,19,1,24.98,aston_martin,0,0,0,34.829999999999984,1,0,271,104,25.162818254383666,25.140875477447448,-0.1828182543836654,-0.16087547744744768
2024,16,Italian Grand Prix,Autodromo Nazionale di Monza,stroll,36,2,24.209,aston_martin,0,0,0,34.829999999999984,1,0,271,104,25.162818254383666,25.325298066221237,-0.9538182543836662,-1.116298066221237
2024,16,Italian Grand Prix,Autodromo Nazionale di Monza,stroll,50,3,25.269,aston_martin,0,0,0,34.829999999999984,1,0,271,104,25.162818254383666,25.78333459627313,0.10618174561633253,-0.5143345962731303
2024,16,Italian Grand Prix,Autodromo Nazionale di Monza,zhou,15,1,27.138,sauber,0,0,0,34.829999999999984,1,0,74,104,29.12647839144043,28.176156751265246,-1.9884783914404274,-1.0381567512652445
2024,17,Azerbaijan Grand Prix,Baku City Circuit,albon,31,1,20.287,williams,0,0,0,21.617,1,0,271,88,18.841927840022873,20.87291485956292,1.4450721599771263,-0.5859148595629193
2024,17,Azerbaijan Grand Prix,Baku City Circuit,alonso,11,1,20.073,aston_martin,0,0,0,21.617,1,0,271,88,17.807958979157625,20.591340464941382,2.265041020842375,-0.5183404649413816
2024,17,Azerbaijan Grand Prix,Baku City Circuit,bearman,14,1,21.276,haas,0,0,0,21.617,1,0,272,88,18.99047757195452,21.464439255401672,2.2855224280454784,-0.18843925540167206
2024,17,Azerbaijan Grand Prix,Baku City Circuit,bottas,11,1,20.045,sauber,0,0,0,21.617,1,0,74,88,21.77161911621439,23.629103737785773,-1.726619116214387,-3.584103737785771
2024,17,Azerbaijan Grand Prix,Baku City Circuit,colapinto,10,1,20.596,williams,0,0,0,21.617,1,0,271,88,18.841927840022873,20.859884364673306,1.7540721599771274,-0.2638843646733058
2024,17,Azerbaijan Grand Prix,Baku City Circuit,gasly,50,1,20.257,alpine,0,0,0,21.617,1,0,249,88,17.812415605336966,20.77020882190665,2.4445843946630355,-0.5132088219066482
2024,17,Azerbaijan Grand Prix,Baku City Circuit,hamilton,12,1,21.289,mercedes,0,0,0,21.617,1,0,278,88,17.99109826151794,20.48189576412998,3.297901738482061,0.8071042358700211
2024,17,Azerbaijan Grand Prix,Baku City Circuit,hulkenberg,15,1,21.617,haas,0,0,0,21.617,1,0,272,88,18.99047757195452,21.46505975515832,2.6265224280454795,0.15194024484167912
2024,17,Azerbaijan Grand Prix,Baku City Circuit,leclerc,16,1,20.671,ferrari,0,0,0,21.617,1,0,259,88,17.62006318913878,20.2342577316205,3.05093681086122,0.4367422683795006
2024,17,Azerbaijan Grand Prix,Baku City Circuit,maxverstappen,12,1,21.145,red_bull,0,0,0,21.617,1,0,292,88,17.54293291083217,19.910113869868276,3.6020670891678286,1.2348861301317235
2024,17,Azerbaijan Grand Prix,Baku City Circuit,maxverstappen,49,2,20.725,red_bull,0,0,0,21.617,1,0,292,88,17.54293291083217,20.106946453775027,3.1820670891678304,0.6180535462249743
2024,17,Azerbaijan Grand Prix,Baku City Circuit,norris,37,1,19.712,mclaren,0,0,0,21.617,1,0,270,88,17.593658568548378,20.346320511952392,2.118341431451622,-0.6343205119523923
2024,17,Azerbaijan Grand Prix,Baku City Circuit,ocon,49,1,20.634,alpine,0,0,0,21.617,1,0,249,88,17.812415605336966,20.769588322150003,2.8215843946630343,-0.13558832215000294
2024,17,Azerbaijan Grand Prix,Baku City Circuit,perez,13,1,20.63,red_bull,0,0,0,21.617,1,0,292,88,17.54293291083217,19.910734369624926,3.087067089167828,0.7192656303750731
2024,17,Azerbaijan Grand Prix,Baku City Circuit,piastri,15,1,20.181,mclaren,0,0,0,21.617,1,0,270,88,17.593658568548378,20.332669517306133,2.587341431451623,-0.1516695173061322
2024,17,Azerbaijan Grand Prix,Baku City Circuit,ricciardo,49,1,21.984,rb,0,0,0,21.617,1,0,70,88,19.489680333036173,21.627041891500976,2.494319666963829,0.35695810849902543
2024,17,Azerbaijan Grand Prix,Baku City Circuit,russell,12,1,19.954,mercedes,0,0,0,21.617,1,0,278,88,17.99109826151794,20.48189576412998,1.96290173848206,-0.5278957641299797
2024,17,Azerbaijan Grand Prix,Baku City Circuit,sainz,17,1,21.483,ferrari,0,0,0,21.617,1,0,259,88,17.62006318913878,20.234878231377145,3.862936810861221,1.2481217686228554
2024,17,Azerbaijan Grand Prix,Baku City Circuit,stroll,22,2,20.214,aston_martin,0,0,0,21.617,1,0,271,88,17.807958979157625,20.77204005517528,2.4060410208423733,-0.5580400551752831
2024,17,Azerbaijan Grand Prix,Baku City Circuit,tsunoda,12,1,20.922,rb,0,0,0,21.617,1,0,70,88,19.489680333036173,21.604083400504994,1.4323196669638278,-0.6820834005049932
2024,17,Azerbaijan Grand Prix,Baku City Circuit,zhou,34,1,20.52,sauber,0,0,0,21.617,1,0,74,88,21.77161911621439,23.64337523218868,-1.251619116214389,-3.123375232188682
2024,18,Singapore Grand Prix,Marina Bay Street Circuit,albon,11,1,29.126,williams,0,0,0,31.2042,1,0,271,69,32.187927899168514,31.664682779020154,-3.061927899168513,-2.538682779020153
2024,18,Singapore Grand Prix,Marina Bay Street Circuit,alonso,25,1,29.251,aston_martin,0,0,0,31.2042,1,0,271,69,31.153959038303267,31.40420537612465,-1.9029590383032655,-2.1532053761246495
2024,18,Singapore Grand Prix,Marina Bay Street Circuit,bottas,33,1,30.423,sauber,0,0,0,31.2042,1,0,74,69,35.117619175360026,34.44693264702223,-4.694619175360028,-4.023932647022232
2024,18,Singapore Grand Prix,Marina Bay Street Circuit,colapinto,29,1,29.772,williams,0,0,0,31.2042,1,0,271,69,32.187927899168514,31.675851774639817,-2.4159278991685156,-1.9038517746398185
2024,18,Singapore Grand Prix,Marina Bay Street Circuit,gasly,37,1,31.509,alpine,0,0,0,31.2042,1,0,249,69,31.15841566448261,31.56632023966042,0.35058433551738943,-0.057320239660420214
2024,18,Singapore Grand Prix,Marina Bay Street Circuit,hamilton,17,1,29.272,mercedes,0,0,0,31.2042,1,0,278,69,31.337098320663586,31.28917617750342,-2.065098320663587,-2.0171761775034227
2024,18,Singapore Grand Prix,Marina Bay Street Circuit,hulkenberg,29,1,29.808,haas,0,0,0,31.2042,1,0,272,69,32.336477631100166,32.27792466634159,-2.5284776311001664,-2.4699246663415906
2024,18,Singapore Grand Prix,Marina Bay Street Circuit,kevinmagnussen,28,1,29.707,haas,0,0,0,31.2042,1,0,272,69,32.336477631100166,32.27730416658494,-2.6294776311001655,-2.5703041665849398
2024,18,Singapore Grand Prix,Marina Bay Street Circuit,kevinmagnussen,49,2,31.291,haas,0,0,0,31.2042,1,0,272,69,32.336477631100166,32.464208754385325,-1.045477631100166,-1.1732087543853247
2024,18,Singapore Grand Prix,Marina Bay Street Circuit,leclerc,36,1,29.042,ferrari,0,0,0,31.2042,1,0,259,69,30.96606324828442,31.050845641343656,-1.924063248284419,-2.0088456413436546
2024,18,Singapore Grand Prix,Marina Bay Street Circuit,maxverstappen,29,1,29.655,red_bull,0,0,0,31.2042,1,0,292,69,30.888932969977812,30.724840280321494,-1.2339329699778112,-1.0698402803214933
2024,18,Singapore Grand Prix,Marina Bay Street Circuit,norris,30,1,29.091,mclaren,0,0,0,31.2042,1,0,270,69,30.93965862769402,31.146154928246048,-1.848658627694018,-2.055154928246047
2024,18,Singapore Grand Prix,Marina Bay Street Circuit,ocon,29,1,29.601,alpine,0,0,0,31.2042,1,0,249,69,31.15841566448261,31.561356241607236,-1.5574156644826118,-1.9603562416072364
2024,18,Singapore Grand Prix,Marina Bay Street Circuit,perez,28,1,28.99,red_bull,0,0,0,31.2042,1,0,292,69,30.888932969977812,30.724219780564844,-1.898932969977814,-1.734219780564846
2024,18,Singapore Grand Prix,Marina Bay Street Circuit,piastri,38,1,29.152,mclaren,0,0,0,31.2042,1,0,270,69,30.93965862769402,31.151118926299233,-1.787658627694018,-1.9991189262992322
2024,18,Singapore Grand Prix,Marina Bay Street Circuit,ricciardo,10,1,30.316,rb,0,0,0,31.2042,1,0,70,69,32.835680392181814,32.40702031558189,-2.519680392181815,-2.09102031558189
2024,18,Singapore Grand Prix,Marina Bay Street Circuit,ricciardo,46,2,29.066,rb,0,0,0,31.2042,1,0,70,69,32.835680392181814,32.60323239973199,-3.769680392181815,-3.5372323997319945
2024,18,Singapore Grand Prix,Marina Bay Street Circuit,ricciardo,58,3,29.653,rb,0,0,0,31.2042,1,0,70,69,32.835680392181814,33.06002793027059,-3.1826803921818154,-3.407027930270594
2024,18,Singapore Grand Prix,Marina Bay Street Circuit,russell,27,1,28.739,mercedes,0,0,0,31.2042,1,0,278,69,31.337098320663586,31.2953811750699,-2.598098320663585,-2.556381175069898
2024,18,Singapore Grand Prix,Marina Bay Street Circuit,sainz,13,1,29.385,ferrari,0,0,0,31.2042,1,0,259,69,30.96606324828442,31.03657414694075,-1.5810632482844191,-1.6515741469407494
2024,18,Singapore Grand Prix,Marina Bay Street Circuit,stroll,26,1,29.816,aston_martin,0,0,0,31.2042,1,0,271,69,31.153959038303267,31.4048258758813,-1.3379590383032678,-1.5888258758813016
2024,18,Singapore Grand Prix,Marina Bay Street Circuit,tsunoda,33,1,29.662,rb,0,0,0,31.2042,1,0,70,69,32.835680392181814,32.4212918099848,-3.173680392181815,-2.759291809984802
2024,18,Singapore Grand Prix,Marina Bay Street Circuit,zhou,34,1,29.36,sauber,0,0,0,31.2042,1,0,74,69,35.117619175360026,34.44755314677888,-5.757619175360027,-5.08755314677888
2024,19,United States Grand Prix,Circuit of the Americas,albon,3,1,34.983,williams,0,0,0,29.2171,1,0,271,135,25.848934425862964,25.022948322555475,9.134065574137033,9.960051677444522
2024,19,United States Grand Prix,Circuit of the Americas,albon,33,2,24.391,williams,0,0,0,29.2171,1,0,271,135,25.848934425862964,25.215437408165688,-1.457934425862966,-0.8244374081656893
2024,19,United States Grand Prix,Circuit of the Americas,alonso,26,1,24.247,aston_martin,0,0,0,29.2171,1,0,271,135,24.814965564997717,24.768055417469807,-0.5679655649977171,-0.5210554174698068
2024,19,United States Grand Prix,Circuit of the Americas,bottas,15,1,24.439,sauber,0,0,0,29.2171,1,0,74,135,28.77862570205448,27.79899319299107,-4.33962570205448,-3.3599931929910696
2024,19,United States Grand Prix,Circuit of the Americas,colapinto,39,1,23.971,williams,0,0,0,29.2171,1,0,271,135,25.848934425862964,25.045286313794808,-1.8779344258629642,-1.0742863137948078
2024,19,United States Grand Prix,Circuit of the Americas,gasly,18,1,28.228,alpine,0,0,0,29.2171,1,0,249,135,24.81942219117706,24.917760285872614,3.4085778088229404,3.3102397141273876
2024,19,United States Grand Prix,Circuit of the Americas,hulkenberg,27,1,24.5,haas,0,0,0,29.2171,1,0,272,135,25.997484157794613,25.6399132084168,-1.497484157794613,-1.1399132084168002
2024,19,United States Grand Prix,Circuit of the Americas,kevinmagnussen,17,1,23.966,haas,0,0,0,29.2171,1,0,272,135,25.997484157794613,25.633708210850322,-2.031484157794612,-1.6677082108503214
2024,19,United States Grand Prix,Circuit of the Americas,kevinmagnussen,38,2,24.087,haas,0,0,0,29.2171,1,0,272,135,25.997484157794613,25.8206127986507,-1.9104841577946132,-1.7336127986507002
2024,19,United States Grand Prix,Circuit of the Americas,lawson,36,1,23.839,rb,0,0,0,29.2171,1,0,70,135,26.496686918876268,25.786382850843253,-2.6576869188762693,-1.9473828508432547
2024,19,United States Grand Prix,Circuit of the Americas,leclerc,26,1,23.817,ferrari,0,0,0,29.2171,1,0,259,135,24.62706977497887,24.40787018536568,-0.8100697749788708,-0.5908701853656808
2024,19,United States Grand Prix,Circuit of the Americas,maxverstappen,25,1,24.228,red_bull,0,0,0,29.2171,1,0,292,135,24.549939496672263,24.08558782288341,-0.32193949667226107,0.14241217711659004
2024,19,United States Grand Prix,Circuit of the Americas,norris,31,1,23.731,mclaren,0,0,0,29.2171,1,0,270,135,24.60066515438847,24.510004969591208,-0.8696651543884677,-0.779004969591206
2024,19,United States Grand Prix,Circuit of the Americas,ocon,31,1,24.156,alpine,0,0,0,29.2171,1,0,249,135,24.81942219117706,24.925826782709038,-0.6634221911770624,-0.769826782709039
2024,19,United States Grand Prix,Circuit of the Americas,ocon,51,2,26.175,alpine,0,0,0,29.2171,1,0,249,135,24.81942219117706,25.112110870752772,1.3555778088229395,1.0628891292472282
2024,19,United States Grand Prix,Circuit of the Americas,perez,26,1,23.58,red_bull,0,0,0,29.2171,1,0,292,135,24.549939496672263,24.086208322640054,-0.9699394966722643,-0.506208322640056
2024,19,United States Grand Prix,Circuit of the Americas,piastri,32,1,24.107,mclaren,0,0,0,29.2171,1,0,270,135,24.60066515438847,24.510625469347854,-0.49366515438847003,-0.4036254693478547
2024,19,United States Grand Prix,Circuit of the Americas,russell,40,1,29.327,mercedes,0,0,0,29.2171,1,0,278,135,24.998104847358036,24.666677213494832,4.328895152641966,4.660322786505169
2024,19,United States Grand Prix,Circuit of the Americas,sainz,21,1,23.963,ferrari,0,0,0,29.2171,1,0,259,135,24.62706977497887,24.404767686582442,-0.66406977497887,-0.44176768658244114
2024,19,United States Grand Prix,Circuit of the Americas,stroll,27,1,26.399,aston_martin,0,0,0,29.2171,1,0,271,135,24.814965564997717,24.768675917226457,1.584034435002284,1.6303240827735443
2024,19,United States Grand Prix,Circuit of the Americas,tsunoda,18,1,24.193,rb,0,0,0,29.2171,1,0,70,135,26.496686918876268,25.775213855223587,-2.3036869188762665,-1.5822138552235856
2024,19,United States Grand Prix,Circuit of the Americas,zhou,13,1,24.433,sauber,0,0,0,29.2171,1,0,74,135,28.77862570205448,27.797752193477773,-4.34562570205448,-3.3647521934777735
2024,19,United States Grand Prix,Circuit of the Americas,zhou,35,2,24.89,sauber,0,0,0,29.2171,1,0,74,135,28.77862570205448,27.9852772810348,-3.8886257020544797,-3.0952772810348
2024,20,Mexico City Grand Prix,Autódromo Hermanos Rodríguez,bottas,49,1,22.505,sauber,0,0,0,30.299,1,0,74,85,22.659390347846127,26.380803886948403,-0.15439034784612815,-3.875803886948404
2024,20,Mexico City Grand Prix,Autódromo Hermanos Rodríguez,colapinto,47,1,23.895,williams,0,0,0,30.299,1,0,271,85,19.72969907165461,23.61096401407929,4.165300928345388,0.2840359859207098
2024,20,Mexico City Grand Prix,Autódromo Hermanos Rodríguez,gasly,28,1,23.204,alpine,0,0,0,30.299,1,0,249,85,18.700186836968708,23.484678985670392,4.5038131630312925,-0.2806789856703915
2024,20,Mexico City Grand Prix,Autódromo Hermanos Rodríguez,hamilton,28,1,22.538,mercedes,0,0,0,30.299,1,0,278,85,18.878869493149683,23.219944918646352,3.6591305068503175,-0.6819449186463515
2024,20,Mexico City Grand Prix,Autódromo Hermanos Rodríguez,hulkenberg,29,1,23.077,haas,0,0,0,30.299,1,0,272,85,19.87824880358626,24.201867910161397,3.198751196413742,-1.1248679101613952
2024,20,Mexico City Grand Prix,Autódromo Hermanos Rodríguez,kevinmagnussen,30,1,23.332,haas,0,0,0,30.299,1,0,272,85,19.87824880358626,24.20248840991804,3.453751196413741,-0.870488409918039
2024,20,Mexico City Grand Prix,Autódromo Hermanos Rodríguez,lawson,39,1,22.586,rb,0,0,0,30.299,1,0,70,85,20.377451564667915,24.348958052344493,2.2085484353320837,-1.7629580523444943
2024,20,Mexico City Grand Prix,Autódromo Hermanos Rodríguez,lawson,65,2,30.299,rb,0,0,0,30.299,1,0,70,85,20.377451564667915,24.538965138928113,9.921548435332085,5.760034861071887
2024,20,Mexico City Grand Prix,Autódromo Hermanos Rodríguez,leclerc,31,1,22.86,ferrari,0,0,0,30.299,1,0,259,85,18.507834420770518,22.97168638638022,4.3521655792294816,-0.11168638638022088
2024,20,Mexico City Grand Prix,Autódromo Hermanos Rodríguez,leclerc,69,2,22.69,ferrari,0,0,0,30.299,1,0,259,85,18.507834420770518,23.169139470043618,4.182165579229483,-0.47913947004361646
2024,20,Mexico City Grand Prix,Autódromo Hermanos Rodríguez,maxverstappen,26,1,43.73,red_bull,0,0,0,30.299,1,0,292,85,18.43070414246391,22.64692202487135,25.299295857536087,21.083077975128646
2024,20,Mexico City Grand Prix,Autódromo Hermanos Rodríguez,norris,30,1,22.111,mclaren,0,0,0,30.299,1,0,270,85,18.481429800180116,23.070098172065855,3.6295701998198844,-0.959098172065854
2024,20,Mexico City Grand Prix,Autódromo Hermanos Rodríguez,ocon,48,1,23.245,alpine,0,0,0,30.299,1,0,249,85,18.700186836968708,23.497088980803355,4.544813163031293,-0.25208898080335373
2024,20,Mexico City Grand Prix,Autódromo Hermanos Rodríguez,perez,20,1,27.73,red_bull,0,0,0,30.299,1,0,292,85,18.43070414246391,22.643199026331462,9.299295857536091,5.086800973668538
2024,20,Mexico City Grand Prix,Autódromo Hermanos Rodríguez,perez,43,2,22.174,red_bull,0,0,0,30.299,1,0,292,85,18.43070414246391,22.83134461364514,3.74329585753609,-0.6573446136451402
2024,20,Mexico City Grand Prix,Autódromo Hermanos Rodríguez,perez,68,3,21.92,red_bull,0,0,0,30.299,1,0,292,85,18.43070414246391,23.296206641020163,3.489295857536092,-1.3762066410201612
2024,20,Mexico City Grand Prix,Autódromo Hermanos Rodríguez,piastri,39,1,21.825,mclaren,0,0,0,30.299,1,0,270,85,18.481429800180116,23.07568266987569,3.343570199819883,-1.2506826698756903
2024,20,Mexico City Grand Prix,Autódromo Hermanos Rodríguez,russell,31,1,22.462,mercedes,0,0,0,30.299,1,0,278,85,18.878869493149683,23.221806417916298,3.583130506850317,-0.7598064179162982
2024,20,Mexico City Grand Prix,Autódromo Hermanos Rodríguez,sainz,32,1,22.249,ferrari,0,0,0,30.299,1,0,259,85,18.507834420770518,22.972306886136867,3.741165579229481,-0.7233068861368679
2024,20,Mexico City Grand Prix,Autódromo Hermanos Rodríguez,stroll,26,1,22.592,aston_martin,0,0,0,30.299,1,0,271,85,18.695730210789364,23.328769119701104,3.896269789210635,-0.7367691197011048
2024,20,Mexico City Grand Prix,Autódromo Hermanos Rodríguez,zhou,43,1,22.935,sauber,0,0,0,30.299,1,0,74,85,22.659390347846127,26.377080888408514,0.27560965215387156,-3.4420808884085154
2024,21,São Paulo Grand Prix,Autódromo José Carlos Pace,alonso,32,2,1.4228720000000001,aston_martin,0,0,0,1.4253369999999999,0,1,271,153,17.97241601295051,-1.475475416061945,-16.54954401295051,2.898347416061945
2024,21,São Paulo Grand Prix,Autódromo José Carlos Pace,bearman,32,2,1.4247370000000001,haas,0,0,0,1.4253369999999999,0,1,272,153,19.154934605747407,-0.6042381248715996,-17.730197605747406,2.0289751248715997
2024,21,São Paulo Grand Prix,Autódromo José Carlos Pace,bottas,32,1,1.422094,sauber,0,0,0,1.4253369999999999,0,1,74,153,21.936076150007274,1.388413763871677,-20.513982150007273,0.03368023612832305
2024,21,São Paulo Grand Prix,Autódromo José Carlos Pace,gasly,32,1,1.407586,alpine,0,0,0,1.4253369999999999,0,1,249,153,17.976872639129855,-1.4946806425167236,-16.569286639129857,2.9022666425167234
2024,21,São Paulo Grand Prix,Autódromo José Carlos Pace,hamilton,32,2,1.425703,mercedes,0,0,0,1.4253369999999999,1,1,278,153,18.15555529531083,15.015390638700268,-16.72985229531083,-13.589687638700267
2024,21,São Paulo Grand Prix,Autódromo José Carlos Pace,lawson,32,2,1.422722,rb,0,0,0,1.4253369999999999,0,1,70,153,19.65413736682906,-0.46335298025498284,-18.23141536682906,1.8860749802549828
2024,21,São Paulo Grand Prix,Autódromo José Carlos Pace,leclerc,32,2,1.42026,ferrari,0,0,0,1.4253369999999999,0,1,259,153,17.784520222931665,-1.8356606481660709,-16.364260222931666,3.2559206481660707
2024,21,São Paulo Grand Prix,Autódromo José Carlos Pace,maxverstappen,32,1,1.4093030000000002,red_bull,0,0,0,1.4253369999999999,0,1,292,153,17.707389944625056,-2.331196603802465,-16.298086944625055,3.7404996038024656
2024,21,São Paulo Grand Prix,Autódromo José Carlos Pace,norris,32,2,1.4153630000000001,mclaren,0,0,0,1.4253369999999999,0,1,270,153,17.758115602341263,-1.736628362723787,-16.342752602341264,3.151991362723787
2024,21,São Paulo Grand Prix,Autódromo José Carlos Pace,ocon,32,1,1.408695,alpine,0,0,0,1.4253369999999999,0,1,249,153,17.976872639129855,-1.4946806425167236,-16.568177639129853,2.903375642516724
2024,21,São Paulo Grand Prix,Autódromo José Carlos Pace,perez,32,2,1.425215,red_bull,0,0,0,1.4253369999999999,0,1,292,153,17.707389944625056,-2.1573225108916967,-16.282174944625055,3.5825375108916964
2024,21,São Paulo Grand Prix,Autódromo José Carlos Pace,piastri,32,2,1.42027,mclaren,0,0,0,1.4253369999999999,0,1,270,153,17.758115602341263,-1.736628362723787,-16.337845602341265,3.156898362723787
2024,21,São Paulo Grand Prix,Autódromo José Carlos Pace,russell,32,2,1.415838,mercedes,0,0,0,1.4253369999999999,0,1,278,153,18.15555529531083,-1.585540616629994,-16.73971729531083,3.001378616629994
2024,21,São Paulo Grand Prix,Autódromo José Carlos Pace,sainz,32,2,1.4246590000000001,ferrari,0,0,0,1.4253369999999999,0,1,259,153,17.784520222931665,-1.8356606481660709,-16.359861222931663,3.260319648166071
2024,21,São Paulo Grand Prix,Autódromo José Carlos Pace,tsunoda,32,2,1.41903,rb,0,0,0,1.4253369999999999,0,1,70,153,19.65413736682906,-0.46335298025498284,-18.235107366829062,1.8823829802549827
2024,21,São Paulo Grand Prix,Autódromo José Carlos Pace,zhou,31,3,1.283154,sauber,0,0,0,1.4253369999999999,0,1,74,153,21.936076150007274,2.0110168904846177,-20.652922150007274,-0.7278628904846178
2024,22,Las Vegas Grand Prix,Las Vegas Strip Street Circuit,albon,9,1,22.012,williams,0,0,0,23.437200000000008,1,0,271,67,22.553370498730153,21.943689241604982,-0.5413704987301529,0.06831075839501821
2024,22,Las Vegas Grand Prix,Las Vegas Strip Street Circuit,alonso,4,1,21.407,aston_martin,0,0,0,23.437200000000008,1,0,271,67,21.519401637864906,21.671422343333166,-0.11240163786490598,-0.26442234333316605
2024,22,Las Vegas Grand Prix,Las Vegas Strip Street Circuit,alonso,24,2,21.407,aston_martin,0,0,0,23.437200000000008,1,0,271,67,21.519401637864906,21.857706431376897,-0.11240163786490598,-0.45070643137689714
2024,22,Las Vegas Grand Prix,Las Vegas Strip Street Circuit,bottas,17,1,21.623,sauber,0,0,0,23.437200000000008,1,0,74,67,25.48306177492167,24.717252113013984,-3.860061774921668,-3.094252113013983
2024,22,Las Vegas Grand Prix,Las Vegas Strip Street Circuit,bottas,35,2,22.821,sauber,0,0,0,23.437200000000008,1,0,74,67,25.48306177492167,24.90229520154442,-2.6620617749216677,-2.0812952015444175
2024,22,Las Vegas Grand Prix,Las Vegas Strip Street Circuit,colapinto,16,1,21.17,williams,0,0,0,23.437200000000008,1,0,271,67,22.553370498730153,21.948032739901517,-1.3833704987301516,-0.7780327399015157
2024,22,Las Vegas Grand Prix,Las Vegas Strip Street Circuit,colapinto,26,2,21.221,williams,0,0,0,23.437200000000008,1,0,271,67,22.553370498730153,22.128111830378767,-1.3323704987301532,-0.9071118303787671
2024,22,Las Vegas Grand Prix,Las Vegas Strip Street Circuit,gasly,10,1,22.179,alpine,0,0,0,23.437200000000008,1,0,249,67,21.52385826404425,21.829814208329047,0.6551417359557483,0.3491857916709513
2024,22,Las Vegas Grand Prix,Las Vegas Strip Street Circuit,hamilton,13,1,21.067,mercedes,0,0,0,23.437200000000008,1,0,278,67,21.702540920225225,21.566941640574953,-0.6355409202252247,-0.49994164057495283
2024,22,Las Vegas Grand Prix,Las Vegas Strip Street Circuit,hamilton,27,2,21.355,mercedes,0,0,0,23.437200000000008,1,0,278,67,21.702540920225225,21.749502730078795,-0.3475409202252244,-0.3945027300787949
2024,22,Las Vegas Grand Prix,Las Vegas Strip Street Circuit,hulkenberg,14,1,21.511,haas,0,0,0,23.437200000000008,1,0,272,67,22.701920230661802,22.548864632089995,-1.1909202306618027,-1.0378646320899954
2024,22,Las Vegas Grand Prix,Las Vegas Strip Street Circuit,hulkenberg,33,2,21.702,haas,0,0,0,23.437200000000008,1,0,272,67,22.701920230661802,22.73452822037708,-0.9999202306618002,-1.0325282203770776
2024,22,Las Vegas Grand Prix,Las Vegas Strip Street Circuit,kevinmagnussen,17,1,21.963,haas,0,0,0,23.437200000000008,1,0,272,67,22.701920230661802,22.55072613135994,-0.738920230661801,-0.5877261313599398
2024,22,Las Vegas Grand Prix,Las Vegas Strip Street Circuit,lawson,11,1,21.049,rb,0,0,0,23.437200000000008,1,0,70,67,23.201122991743457,22.687888277436667,-2.1521229917434574,-1.638888277436667
2024,22,Las Vegas Grand Prix,Las Vegas Strip Street Circuit,lawson,38,2,20.642,rb,0,0,0,23.437200000000008,1,0,70,67,23.201122991743457,22.878515863776936,-2.5591229917434575,-2.236515863776937
2024,22,Las Vegas Grand Prix,Las Vegas Strip Street Circuit,leclerc,9,1,21.329,ferrari,0,0,0,23.437200000000008,1,0,259,67,21.33150584784606,21.314339610012283,-0.002505847846059339,0.014660389987717792
2024,22,Las Vegas Grand Prix,Las Vegas Strip Street Circuit,leclerc,31,2,21.585,ferrari,0,0,0,23.437200000000008,1,0,259,67,21.33150584784606,21.50186469756931,0.2534941521539409,0.08313530243069067
2024,22,Las Vegas Grand Prix,Las Vegas Strip Street Circuit,maxverstappen,11,1,20.697,red_bull,0,0,0,23.437200000000008,1,0,292,67,21.25437556953945,20.993918746799956,-0.5573755695394524,-0.2969187467999568
2024,22,Las Vegas Grand Prix,Las Vegas Strip Street Circuit,maxverstappen,27,2,22.254,red_bull,0,0,0,23.437200000000008,1,0,292,67,21.25437556953945,21.17772083581709,0.9996244304605497,1.0762791641829104
2024,22,Las Vegas Grand Prix,Las Vegas Strip Street Circuit,norris,9,1,21.194,mclaren,0,0,0,23.437200000000008,1,0,270,67,21.30510122725566,21.413371895454567,-0.1111012272556593,-0.21937189545456803
2024,22,Las Vegas Grand Prix,Las Vegas Strip Street Circuit,norris,30,2,20.668,mclaren,0,0,0,23.437200000000008,1,0,270,67,21.30510122725566,21.600276483254945,-0.6371012272556591,-0.9322764832549453
2024,22,Las Vegas Grand Prix,Las Vegas Strip Street Circuit,norris,48,3,21.059,mclaren,0,0,0,23.437200000000008,1,0,270,67,21.30510122725566,22.060795012333433,-0.2461012272556573,-1.0017950123334316
2024,22,Las Vegas Grand Prix,Las Vegas Strip Street Circuit,ocon,11,1,15.79,alpine,0,0,0,23.437200000000008,1,0,249,67,21.52385826404425,21.830434708085694,-5.733858264044251,-6.040434708085694
2024,22,Las Vegas Grand Prix,Las Vegas Strip Street Circuit,ocon,12,2,21.142,alpine,0,0,0,23.437200000000008,1,0,249,67,21.52385826404425,22.004929300753112,-0.3818582640442507,-0.8629293007531125
2024,22,Las Vegas Grand Prix,Las Vegas Strip Street Circuit,ocon,45,3,21.858,alpine,0,0,0,23.437200000000008,1,0,249,67,21.52385826404425,22.47475532618132,0.33414173595575036,-0.6167553261813197
2024,22,Las Vegas Grand Prix,Las Vegas Strip Street Circuit,perez,17,1,21.294,red_bull,0,0,0,23.437200000000008,1,0,292,67,21.25437556953945,20.99764174533984,0.039624430460548865,0.2963582546601593
2024,22,Las Vegas Grand Prix,Las Vegas Strip Street Circuit,perez,32,2,21.034,red_bull,0,0,0,23.437200000000008,1,0,292,67,21.25437556953945,21.180823334600333,-0.2203755695394527,-0.14682333460033448
2024,22,Las Vegas Grand Prix,Las Vegas Strip Street Circuit,piastri,10,1,27.732,mclaren,0,0,0,23.437200000000008,1,0,270,67,21.30510122725566,21.413992395211213,6.426898772744341,6.318007604788786
2024,22,Las Vegas Grand Prix,Las Vegas Strip Street Circuit,piastri,25,2,21.082,mclaren,0,0,0,23.437200000000008,1,0,270,67,21.30510122725566,21.597173984471706,-0.22310122725565762,-0.5151739844717049
2024,22,Las Vegas Grand Prix,Las Vegas Strip Street Circuit,russell,12,1,21.072,mercedes,0,0,0,23.437200000000008,1,0,278,67,21.702540920225225,21.566321140818303,-0.6305409202252257,-0.4943211408183039
2024,22,Las Vegas Grand Prix,Las Vegas Strip Street Circuit,russell,32,2,20.975,mercedes,0,0,0,23.437200000000008,1,0,278,67,21.702540920225225,21.752605228862034,-0.7275409202252234,-0.7776052288620328
2024,22,Las Vegas Grand Prix,Las Vegas Strip Street Circuit,sainz,10,1,21.048,ferrari,0,0,0,23.437200000000008,1,0,259,67,21.33150584784606,21.31496010976893,-0.2835058478460617,-0.2669601097689309
2024,22,Las Vegas Grand Prix,Las Vegas Strip Street Circuit,sainz,28,2,20.879,ferrari,0,0,0,23.437200000000008,1,0,259,67,21.33150584784606,21.500003198299364,-0.45250584784605863,-0.6210031982993627
2024,22,Las Vegas Grand Prix,Las Vegas Strip Street Circuit,stroll,9,1,34.863,aston_martin,0,0,0,23.437200000000008,1,0,271,67,21.519401637864906,21.67452484211641,13.343598362135094,13.188475157883591
2024,22,Las Vegas Grand Prix,Las Vegas Strip Street Circuit,stroll,28,2,21.588,aston_martin,0,0,0,23.437200000000008,1,0,271,67,21.519401637864906,21.86018843040349,0.06859836213509496,-0.2721884304034887
2024,22,Las Vegas Grand Prix,Las Vegas Strip Street Circuit,tsunoda,10,1,21.168,rb,0,0,0,23.437200000000008,1,0,70,67,23.201122991743457,22.687267777680017,-2.0331229917434577,-1.5192677776800174
2024,22,Las Vegas Grand Prix,Las Vegas Strip Street Circuit,tsunoda,29,2,21.208,rb,0,0,0,23.437200000000008,1,0,70,67,23.201122991743457,22.8729313659671,-1.9931229917434585,-1.664931365967103
2024,22,Las Vegas Grand Prix,Las Vegas Strip Street Circuit,zhou,11,1,22.96,sauber,0,0,0,23.437200000000008,1,0,74,67,25.48306177492167,24.713529114474095,-2.5230617749216684,-1.7535291144740945
2024,22,Las Vegas Grand Prix,Las Vegas Strip Street Circuit,zhou,34,2,21.761,sauber,0,0,0,23.437200000000008,1,0,74,67,25.48306177492167,24.901674701787773,-3.72206177492167,-3.1406747017877734
2024,23,Qatar Grand Prix,Losail International Circuit,albon,35,1,29.179,williams,0,0,0,38.18079999999999,1,0,271,141,29.231430953309335,28.368653027808563,-0.05243095330933656,0.8103469721914358
2024,23,Qatar Grand Prix,Losail International Circuit,albon,36,2,22.71,williams,0,0,0,38.18079999999999,1,0,271,141,29.231430953309335,28.543147620475978,-6.521430953309334,-5.833147620475977
2024,23,Qatar Grand Prix,Losail International Circuit,albon,37,3,36.548,williams,0,0,0,38.18079999999999,1,0,271,141,29.231430953309335,28.993117653691446,7.316569046690667,7.554882346308556
2024,23,Qatar Grand Prix,Losail International Circuit,albon,55,4,39.687,williams,0,0,0,38.18079999999999,1,0,271,141,29.231430953309335,30.48815414269659,10.455569046690663,9.198845857303407
2024,23,Qatar Grand Prix,Losail International Circuit,alonso,35,1,28.628,aston_martin,0,0,0,38.18079999999999,1,0,271,141,28.197462092444084,28.09948862831999,0.4305379075559159,0.5285113716800112
2024,23,Qatar Grand Prix,Losail International Circuit,alonso,36,2,28.592,aston_martin,0,0,0,38.18079999999999,1,0,271,141,28.197462092444084,28.273983220987404,0.39453790755591456,0.31801677901259495
2024,23,Qatar Grand Prix,Losail International Circuit,alonso,37,3,32.811,aston_martin,0,0,0,38.18079999999999,1,0,271,141,28.197462092444084,28.723953254202872,4.613537907555916,4.087046745797128
2024,23,Qatar Grand Prix,Losail International Circuit,bottas,24,1,29.034,sauber,0,0,0,38.18079999999999,1,0,74,141,32.16112222950085,31.13042640384125,-3.1271222295008485,-2.0964264038412495
2024,23,Qatar Grand Prix,Losail International Circuit,bottas,35,2,28.968,sauber,0,0,0,38.18079999999999,1,0,74,141,32.16112222950085,31.311125994075148,-3.1931222295008475,-2.343125994075148
2024,23,Qatar Grand Prix,Losail International Circuit,bottas,36,3,28.14,sauber,0,0,0,38.18079999999999,1,0,74,141,32.16112222950085,31.761096027290616,-4.021122229500847,-3.6210960272906156
2024,23,Qatar Grand Prix,Losail International Circuit,gasly,35,1,28.792,alpine,0,0,0,38.18079999999999,1,0,249,141,28.20191871862343,28.254157494775978,0.5900812813765732,0.5378425052240239
2024,23,Qatar Grand Prix,Losail International Circuit,gasly,36,2,22.717,alpine,0,0,0,38.18079999999999,1,0,249,141,28.20191871862343,28.428652087443396,-5.48491871862343,-5.711652087443397
2024,23,Qatar Grand Prix,Losail International Circuit,gasly,37,3,30.488,alpine,0,0,0,38.18079999999999,1,0,249,141,28.20191871862343,28.878622120658864,2.286081281376571,1.6093778793411353
2024,23,Qatar Grand Prix,Losail International Circuit,hamilton,34,1,37.915,mercedes,0,0,0,38.18079999999999,1,0,278,141,28.3806013748044,27.988802927995295,9.5343986251956,9.926197072004705
2024,23,Qatar Grand Prix,Losail International Circuit,hamilton,35,2,23.412,mercedes,0,0,0,38.18079999999999,1,0,278,141,28.3806013748044,28.16329752066271,-4.9686013748044005,-4.75129752066271
2024,23,Qatar Grand Prix,Losail International Circuit,hamilton,36,3,26.815,mercedes,0,0,0,38.18079999999999,1,0,278,141,28.3806013748044,28.613267553878178,-1.5656013748043982,-1.7982675538781763
2024,23,Qatar Grand Prix,Losail International Circuit,hamilton,47,4,22.705,mercedes,0,0,0,38.18079999999999,1,0,278,141,28.3806013748044,30.103960544586783,-5.675601374804401,-7.398960544586785
2024,23,Qatar Grand Prix,Losail International Circuit,hulkenberg,31,2,28.343,haas,0,0,0,38.18079999999999,1,0,272,141,29.37998068524098,29.142118013394512,-1.0369806852409802,-0.7991180133945122
2024,23,Qatar Grand Prix,Losail International Circuit,hulkenberg,36,3,23.81,haas,0,0,0,38.18079999999999,1,0,272,141,29.37998068524098,29.594570045636573,-5.5699806852409814,-5.784570045636574
2024,23,Qatar Grand Prix,Losail International Circuit,hulkenberg,37,4,37.692,haas,0,0,0,38.18079999999999,1,0,272,141,29.37998068524098,31.079058038778697,8.31201931475902,6.612941961221303
2024,23,Qatar Grand Prix,Losail International Circuit,kevinmagnussen,27,1,28.543,haas,0,0,0,38.18079999999999,1,0,272,141,29.37998068524098,28.96576192145715,-0.8369806852409809,-0.42276192145715186
2024,23,Qatar Grand Prix,Losail International Circuit,kevinmagnussen,36,2,22.696,haas,0,0,0,38.18079999999999,1,0,272,141,29.37998068524098,29.14522051217775,-6.683980685240979,-6.4492205121777495
2024,23,Qatar Grand Prix,Losail International Circuit,kevinmagnussen,37,3,33.363,haas,0,0,0,38.18079999999999,1,0,272,141,29.37998068524098,29.59519054539322,3.9830193147590194,3.7678094546067804
2024,23,Qatar Grand Prix,Losail International Circuit,lawson,35,1,45.049,rb,0,0,0,38.18079999999999,1,0,70,141,29.879183446322635,29.11161106412695,15.169816553677364,15.937388935873049
2024,23,Qatar Grand Prix,Losail International Circuit,lawson,36,2,22.737,rb,0,0,0,38.18079999999999,1,0,70,141,29.879183446322635,29.28610565679437,-7.142183446322637,-6.549105656794371
2024,23,Qatar Grand Prix,Losail International Circuit,lawson,37,3,26.79,rb,0,0,0,38.18079999999999,1,0,70,141,29.879183446322635,29.736075690009837,-3.089183446322636,-2.946075690009838
2024,23,Qatar Grand Prix,Losail International Circuit,lawson,40,4,34.655,rb,0,0,0,38.18079999999999,1,0,70,141,29.879183446322635,31.221804682665258,4.775816553677366,3.433195317334743
2024,23,Qatar Grand Prix,Losail International Circuit,leclerc,35,1,28.46,ferrari,0,0,0,38.18079999999999,1,0,259,141,28.009566302425238,27.739303396215863,0.4504336975747627,0.7206966037841376
2024,23,Qatar Grand Prix,Losail International Circuit,leclerc,36,2,25.675,ferrari,0,0,0,38.18079999999999,1,0,259,141,28.009566302425238,27.91379798888328,-2.3345663024252374,-2.238797988883281
2024,23,Qatar Grand Prix,Losail International Circuit,leclerc,37,3,28.983,ferrari,0,0,0,38.18079999999999,1,0,259,141,28.009566302425238,28.36376802209875,0.9734336975747624,0.6192319779012507
2024,23,Qatar Grand Prix,Losail International Circuit,maxverstappen,35,1,28.303,red_bull,0,0,0,38.18079999999999,1,0,292,141,27.93243602411863,27.41764153349024,0.370563975881371,0.8853584665097607
2024,23,Qatar Grand Prix,Losail International Circuit,maxverstappen,36,2,23.884,red_bull,0,0,0,38.18079999999999,1,0,292,141,27.93243602411863,27.59213612615765,-4.0484360241186295,-3.708136126157651
2024,23,Qatar Grand Prix,Losail International Circuit,maxverstappen,37,3,22.703,red_bull,0,0,0,38.18079999999999,1,0,292,141,27.93243602411863,28.04210615937312,-5.22943602411863,-5.33910615937312
2024,23,Qatar Grand Prix,Losail International Circuit,norris,35,1,28.024,mclaren,0,0,0,38.18079999999999,1,0,270,141,27.983161681834837,27.838335681658148,0.04083831816516437,0.18566431834185337
2024,23,Qatar Grand Prix,Losail International Circuit,norris,36,2,25.592,mclaren,0,0,0,38.18079999999999,1,0,270,141,27.983161681834837,28.012830274325566,-2.391161681834838,-2.420830274325567
2024,23,Qatar Grand Prix,Losail International Circuit,norris,37,3,28.746,mclaren,0,0,0,38.18079999999999,1,0,270,141,27.983161681834837,28.462800307541034,0.7628383181651621,0.2831996924589646
2024,23,Qatar Grand Prix,Losail International Circuit,norris,45,4,36.069,mclaren,0,0,0,38.18079999999999,1,0,270,141,27.983161681834837,29.951631798979694,8.085838318165166,6.117368201020309
2024,23,Qatar Grand Prix,Losail International Circuit,perez,35,1,28.088,red_bull,0,0,0,38.18079999999999,1,0,292,141,27.93243602411863,27.41764153349024,0.15556397588137116,0.6703584665097608
2024,23,Qatar Grand Prix,Losail International Circuit,perez,36,2,22.705,red_bull,0,0,0,38.18079999999999,1,0,292,141,27.93243602411863,27.59213612615765,-5.2274360241186315,-4.887136126157653
2024,23,Qatar Grand Prix,Losail International Circuit,perez,37,3,29.459,red_bull,0,0,0,38.18079999999999,1,0,292,141,27.93243602411863,28.04210615937312,1.5265639758813698,1.41689384062688
2024,23,Qatar Grand Prix,Losail International Circuit,piastri,34,1,27.818,mclaren,0,0,0,38.18079999999999,1,0,270,141,27.983161681834837,27.837715181901498,-0.16516168183483515,-0.019715181901496237
2024,23,Qatar Grand Prix,Losail International Circuit,piastri,36,2,22.867,mclaren,0,0,0,38.18079999999999,1,0,270,141,27.983161681834837,28.012830274325566,-5.116161681834836,-5.145830274325565
2024,23,Qatar Grand Prix,Losail International Circuit,piastri,37,3,29.326,mclaren,0,0,0,38.18079999999999,1,0,270,141,27.983161681834837,28.462800307541034,1.342838318165164,0.8631996924589664
2024,23,Qatar Grand Prix,Losail International Circuit,russell,23,1,32.309,mercedes,0,0,0,38.18079999999999,1,0,278,141,28.3806013748044,27.98197743067216,3.928398625195598,4.327022569327838
2024,23,Qatar Grand Prix,Losail International Circuit,russell,35,2,27.87,mercedes,0,0,0,38.18079999999999,1,0,278,141,28.3806013748044,28.16329752066271,-0.5106013748043985,-0.2932975206627084
2024,23,Qatar Grand Prix,Losail International Circuit,russell,36,3,22.763,mercedes,0,0,0,38.18079999999999,1,0,278,141,28.3806013748044,28.613267553878178,-5.617601374804398,-5.850267553878176
2024,23,Qatar Grand Prix,Losail International Circuit,russell,37,4,34.037,mercedes,0,0,0,38.18079999999999,1,0,278,141,28.3806013748044,30.097755547020302,5.6563986251955995,3.939244452979697
2024,23,Qatar Grand Prix,Losail International Circuit,sainz,34,1,36.143,ferrari,0,0,0,38.18079999999999,1,0,259,141,28.009566302425238,27.738682896459213,8.133433697574763,8.404317103540787
2024,23,Qatar Grand Prix,Losail International Circuit,sainz,36,2,22.776,ferrari,0,0,0,38.18079999999999,1,0,259,141,28.009566302425238,27.91379798888328,-5.233566302425238,-5.137797988883282
2024,23,Qatar Grand Prix,Losail International Circuit,sainz,37,3,34.356,ferrari,0,0,0,38.18079999999999,1,0,259,141,28.009566302425238,28.36376802209875,6.3464336975747635,5.992231977901252
2024,23,Qatar Grand Prix,Losail International Circuit,stroll,7,2,41.674,aston_martin,0,0,0,38.18079999999999,1,0,271,141,28.197462092444084,28.255988728044606,13.476537907555915,13.418011271955393
2024,23,Qatar Grand Prix,Losail International Circuit,tsunoda,35,1,29.024,rb,0,0,0,38.18079999999999,1,0,70,141,29.879183446322635,29.11161106412695,-0.8551834463226342,-0.08761106412694986
2024,23,Qatar Grand Prix,Losail International Circuit,tsunoda,36,2,22.714,rb,0,0,0,38.18079999999999,1,0,70,141,29.879183446322635,29.28610565679437,-7.1651834463226365,-6.5721056567943705
2024,23,Qatar Grand Prix,Losail International Circuit,tsunoda,37,3,35.849,rb,0,0,0,38.18079999999999,1,0,70,141,29.879183446322635,29.736075690009837,5.9698165536773615,6.112924309990159
2024,23,Qatar Grand Prix,Losail International Circuit,tsunoda,40,4,29.271,rb,0,0,0,38.18079999999999,1,0,70,141,29.879183446322635,31.221804682665258,-0.6081834463226343,-1.9508046826652574
2024,23,Qatar Grand Prix,Losail International Circuit,zhou,35,1,29.085,sauber,0,0,0,38.18079999999999,1,0,74,141,32.16112222950085,31.13725190116438,-3.0761222295008466,-2.0522519011643787
2024,23,Qatar Grand Prix,Losail International Circuit,zhou,36,2,23.228,sauber,0,0,0,38.18079999999999,1,0,74,141,32.16112222950085,31.311746493831798,-8.933122229500846,-8.083746493831796
2024,23,Qatar Grand Prix,Losail International Circuit,zhou,37,3,34.818,sauber,0,0,0,38.18079999999999,1,0,74,141,32.16112222950085,31.761716527047266,2.6568777704991504,3.0562834729527317
2024,24,Abu Dhabi Grand Prix,Yas Marina Circuit,albon,12,1,22.065,williams,0,0,0,32.731300000000005,1,0,271,125,23.38932015600743,22.71542909492077,-1.3243201560074276,-0.6504290949207672
2024,24,Abu Dhabi Grand Prix,Yas Marina Circuit,alonso,13,1,23.326,aston_martin,0,0,0,32.731300000000005,1,0,271,125,22.355351295142185,22.44688519518884,0.9706487048578154,0.8791148048111594
2024,24,Abu Dhabi Grand Prix,Yas Marina Circuit,alonso,37,2,22.437,aston_martin,0,0,0,32.731300000000005,1,0,271,125,22.355351295142185,22.63565128225917,0.08164870485781606,-0.19865128225916706
2024,24,Abu Dhabi Grand Prix,Yas Marina Circuit,bottas,6,1,41.144,sauber,0,0,0,32.731300000000005,1,0,74,125,26.31901143219894,25.480304969736697,14.824988567801057,15.663695030263302
2024,24,Abu Dhabi Grand Prix,Yas Marina Circuit,colapinto,3,1,24.941,williams,0,0,0,32.731300000000005,1,0,271,125,23.38932015600743,22.709844597110934,1.55167984399257,2.2311554028890654
2024,24,Abu Dhabi Grand Prix,Yas Marina Circuit,doohan,22,1,22.08,alpine,0,0,0,32.731300000000005,1,0,249,125,22.359807921321526,22.607138559454665,-0.27980792132152743,-0.5271385594546665
2024,24,Abu Dhabi Grand Prix,Yas Marina Circuit,gasly,14,1,22.059,alpine,0,0,0,32.731300000000005,1,0,249,125,22.359807921321526,22.60217456140148,-0.3008079213215247,-0.5431745614014787
2024,24,Abu Dhabi Grand Prix,Yas Marina Circuit,hamilton,34,1,21.694,mercedes,0,0,0,32.731300000000005,1,0,278,125,22.5384905775025,22.349850489510406,-0.8444905775025013,-0.6558504895104065
2024,24,Abu Dhabi Grand Prix,Yas Marina Circuit,hulkenberg,13,1,21.53,haas,0,0,0,32.731300000000005,1,0,272,125,23.53786988793908,23.31812248637919,-2.00786988793908,-1.7881224863791871
2024,24,Abu Dhabi Grand Prix,Yas Marina Circuit,kevinmagnussen,12,1,26.363,haas,0,0,0,32.731300000000005,1,0,272,125,23.53786988793908,23.317501986622542,2.8251301120609185,3.0454980133774576
2024,24,Abu Dhabi Grand Prix,Yas Marina Circuit,kevinmagnussen,29,2,21.678,haas,0,0,0,32.731300000000005,1,0,272,125,23.53786988793908,23.50192457539633,-1.8598698879390803,-1.8239245753963296
2024,24,Abu Dhabi Grand Prix,Yas Marina Circuit,kevinmagnussen,30,3,22.815,haas,0,0,0,32.731300000000005,1,0,272,125,23.53786988793908,23.9518946086118,-0.7228698879390798,-1.1368946086117973
2024,24,Abu Dhabi Grand Prix,Yas Marina Circuit,kevinmagnussen,55,4,22.09,haas,0,0,0,32.731300000000005,1,0,272,125,23.53786988793908,25.45127459591348,-1.4478698879390812,-3.3612745959134784
2024,24,Abu Dhabi Grand Prix,Yas Marina Circuit,lawson,23,1,23.415,rb,0,0,0,32.731300000000005,1,0,70,125,24.03707264902073,23.465212628562288,-0.6220726490207298,-0.050212628562288586
2024,24,Abu Dhabi Grand Prix,Yas Marina Circuit,lawson,24,2,22.565,rb,0,0,0,32.731300000000005,1,0,70,125,24.03707264902073,23.639707221229703,-1.4720726490207277,-1.0747072212297013
2024,24,Abu Dhabi Grand Prix,Yas Marina Circuit,lawson,29,3,32.317,rb,0,0,0,32.731300000000005,1,0,70,125,24.03707264902073,24.092159253471763,8.279927350979271,8.224840746528237
2024,24,Abu Dhabi Grand Prix,Yas Marina Circuit,leclerc,20,1,21.869,ferrari,0,0,0,32.731300000000005,1,0,259,125,22.167455505123336,22.091043461381254,-0.29845550512333574,-0.2220434613812543
2024,24,Abu Dhabi Grand Prix,Yas Marina Circuit,maxverstappen,29,1,32.652,red_bull,0,0,0,32.731300000000005,1,0,292,125,22.090325226816727,21.774966096465462,10.561674773183274,10.877033903534539
2024,24,Abu Dhabi Grand Prix,Yas Marina Circuit,norris,26,1,21.276,mclaren,0,0,0,32.731300000000005,1,0,270,125,22.141050884532937,22.193798745363427,-0.8650508845329377,-0.9177987453634273
2024,24,Abu Dhabi Grand Prix,Yas Marina Circuit,piastri,4,1,23.582,mclaren,0,0,0,32.731300000000005,1,0,270,125,22.141050884532937,22.18014775071717,1.4409491154670633,1.4018522492828325
2024,24,Abu Dhabi Grand Prix,Yas Marina Circuit,piastri,32,2,32.774,mclaren,0,0,0,32.731300000000005,1,0,270,125,22.141050884532937,22.371395836814084,10.632949115467063,10.402604163185917
2024,24,Abu Dhabi Grand Prix,Yas Marina Circuit,russell,26,1,21.656,mercedes,0,0,0,32.731300000000005,1,0,278,125,22.5384905775025,22.34488649145722,-0.8824905775025016,-0.6888864914572217
2024,24,Abu Dhabi Grand Prix,Yas Marina Circuit,sainz,25,1,21.28,ferrari,0,0,0,32.731300000000005,1,0,259,125,22.167455505123336,22.094145960164497,-0.8874555051233344,-0.8141459601644954
2024,24,Abu Dhabi Grand Prix,Yas Marina Circuit,stroll,11,1,23.266,aston_martin,0,0,0,32.731300000000005,1,0,271,125,22.355351295142185,22.445644195675545,0.9106487048578131,0.8203558043244534
2024,24,Abu Dhabi Grand Prix,Yas Marina Circuit,stroll,32,2,22.053,aston_martin,0,0,0,32.731300000000005,1,0,271,125,22.355351295142185,22.632548783475926,-0.3023512951421843,-0.579548783475925
2024,24,Abu Dhabi Grand Prix,Yas Marina Circuit,tsunoda,22,1,21.869,rb,0,0,0,32.731300000000005,1,0,70,125,24.03707264902073,23.464592128805638,-2.168072649020729,-1.595592128805638
2024,24,Abu Dhabi Grand Prix,Yas Marina Circuit,zhou,12,1,23.024,sauber,0,0,0,32.731300000000005,1,0,74,125,26.31901143219894,25.484027968276585,-3.2950114321989403,-2.4600279682765844
2024,24,Abu Dhabi Grand Prix,Yas Marina Circuit,zhou,39,2,28.765,sauber,0,0,0,32.731300000000005,1,0,74,125,26.31901143219894,25.674655554616855,2.4459885678010593,3.0903444453831455
