season,round,race_name,circuit,driver_join_id,pit_lap,stop_number,pit_stop_time_s,constructor,safety_car_pit_lap,race_has_safety_car,race_safety_car_lap_share,race_q95_stop,abnormal_stop_proxy,constructor_n,circuit_n,pred_simple,pred_adjusted,residual_simple,residual_adjusted
2022,1,Bahrain Grand Prix,Bahrain International Circuit,albon,13,1,24.874,williams,0,1,0.14844444444444443,27.365299999999998,1,209,150,26.85431370373255,26.35910997196166,-1.980313703732552,-1.4851099719616627
2022,1,Bahrain Grand Prix,Bahrain International Circuit,albon,35,2,25.57,williams,0,1,0.14844444444444443,27.365299999999998,1,209,150,26.85431370373255,26.29920496641553,-1.2843137037325505,-0.72920496641553
2022,1,Bahrain Grand Prix,Bahrain International Circuit,albon,46,3,25.055,williams,0,1,0.14844444444444443,27.365299999999998,1,209,150,26.85431370373255,26.87411282422882,-1.799313703732551,-1.8191128242288208
2022,1,Bahrain Grand Prix,Bahrain International Circuit,alonso,11,1,25.365,alpine,0,1,0.14844444444444443,27.365299999999998,1,193,150,26.23395465064989,26.1445793500324,-0.86895465064989,-0.7795793500324031
2022,1,Bahrain Grand Prix,Bahrain International Circuit,alonso,25,2,24.909,alpine,0,1,0.14844444444444443,27.365299999999998,1,193,150,26.23395465064989,26.042338050596832,-1.3249546506498895,-1.1333380505968336
2022,1,Bahrain Grand Prix,Bahrain International Circuit,alonso,42,3,24.508,alpine,0,1,0.14844444444444443,27.365299999999998,1,193,150,26.23395465064989,26.648998128827202,-1.7259546506498893,-2.140998128827203
2022,1,Bahrain Grand Prix,Bahrain International Circuit,bottas,14,1,25.893,alfa,0,1,0.14844444444444443,27.365299999999998,1,133,150,26.129176257499463,26.34366952489083,-0.23617625749946214,-0.4506695248908308
2022,1,Bahrain Grand Prix,Bahrain International Circuit,bottas,36,2,25.156,alfa,0,1,0.14844444444444443,27.365299999999998,1,133,150,26.129176257499463,26.283764519344707,-0.973176257499464,-1.1277645193447086
2022,1,Bahrain Grand Prix,Bahrain International Circuit,bottas,45,3,25.188,alfa,0,1,0.14844444444444443,27.365299999999998,1,133,150,26.129176257499463,26.848088303685632,-0.941176257499464,-1.660088303685633
2022,1,Bahrain Grand Prix,Bahrain International Circuit,gasly,14,1,24.575,alphatauri,0,1,0.14844444444444443,27.365299999999998,1,138,150,25.885934263936267,25.75594438995365,-1.310934263936268,-1.1809443899536518
2022,1,Bahrain Grand Prix,Bahrain International Circuit,gasly,32,2,25.875,alphatauri,0,1,0.14844444444444443,27.365299999999998,1,138,150,25.885934263936267,25.674871237462806,-0.010934263936267286,0.2001287625371937
2022,1,Bahrain Grand Prix,Bahrain International Circuit,hamilton,11,1,25.201,mercedes,0,1,0.14844444444444443,27.365299999999998,1,210,150,26.01055604392041,25.930424276089003,-0.8095560439204093,-0.7294242760890022
2022,1,Bahrain Grand Prix,Bahrain International Circuit,hamilton,27,2,25.796,mercedes,0,1,0.14844444444444443,27.365299999999998,1,210,150,26.01055604392041,25.838767050125796,-0.2145560439204104,-0.0427670501257964
2022,1,Bahrain Grand Prix,Bahrain International Circuit,hamilton,44,3,25.579,mercedes,0,1,0.14844444444444443,27.365299999999998,1,210,150,26.01055604392041,26.445427128356165,-0.43155604392040914,-0.8664271283561646
2022,1,Bahrain Grand Prix,Bahrain International Circuit,hulkenberg,19,1,27.365,aston_martin,0,1,0.14844444444444443,27.365299999999998,1,206,150,25.97393317266695,26.046550709953046,1.3910668273330486,1.3184492900469529
2022,1,Bahrain Grand Prix,Bahrain International Circuit,hulkenberg,37,2,26.712,aston_martin,0,1,0.14844444444444443,27.365299999999998,1,206,150,25.97393317266695,25.9654775574622,0.73806682733305,0.746522442537799
2022,1,Bahrain Grand Prix,Bahrain International Circuit,hulkenberg,44,3,25.748,aston_martin,0,1,0.14844444444444443,27.365299999999998,1,206,150,25.97393317266695,26.51921726833077,-0.22593317266694868,-0.7712172683307692
2022,1,Bahrain Grand Prix,Bahrain International Circuit,kevinmagnussen,14,1,25.478,haas,0,1,0.14844444444444443,27.365299999999998,1,212,150,27.102952394699578,26.97377440226544,-1.6249523946995765,-1.4957744022654396
2022,1,Bahrain Grand Prix,Bahrain International Circuit,kevinmagnussen,34,2,25.876,haas,0,1,0.14844444444444443,27.365299999999998,1,212,150,27.102952394699578,26.903285323246955,-1.2269523946995768,-1.0272853232469537
2022,1,Bahrain Grand Prix,Bahrain International Circuit,kevinmagnussen,46,3,26.051,haas,0,1,0.14844444444444443,27.365299999999998,1,212,150,27.102952394699578,27.48348521779642,-1.0519523946995797,-1.4324852177964225
2022,1,Bahrain Grand Prix,Bahrain International Circuit,latifi,14,1,24.457,williams,0,1,0.14844444444444443,27.365299999999998,1,209,150,26.85431370373255,26.36440200869784,-2.39731370373255,-1.90740200869784
2022,1,Bahrain Grand Prix,Bahrain International Circuit,latifi,32,2,24.778,williams,0,1,0.14844444444444443,27.365299999999998,1,209,150,26.85431370373255,26.283328856206992,-2.076313703732552,-1.5053288562069937
2022,1,Bahrain Grand Prix,Bahrain International Circuit,latifi,45,3,24.658,williams,0,1,0.14844444444444443,27.365299999999998,1,209,150,26.85431370373255,26.86882078749264,-2.1963137037325495,-2.21082078749264
2022,1,Bahrain Grand Prix,Bahrain International Circuit,leclerc,15,1,25.012,ferrari,0,1,0.14844444444444443,27.365299999999998,1,198,150,25.85211568128442,25.673511560865602,-0.8401156812844199,-0.6615115608656019
2022,1,Bahrain Grand Prix,Bahrain International Circuit,leclerc,31,2,24.527,ferrari,0,1,0.14844444444444443,27.365299999999998,1,198,150,25.85211568128442,25.581854334902395,-1.3251156812844194,-1.0548543349023944
2022,1,Bahrain Grand Prix,Bahrain International Circuit,leclerc,46,3,24.613,ferrari,0,1,0.14844444444444443,27.365299999999998,1,198,150,25.85211568128442,26.177930339660406,-1.2391156812844208,-1.5649303396604068
2022,1,Bahrain Grand Prix,Bahrain International Circuit,maxverstappen,14,1,24.897,red_bull,0,1,0.14844444444444443,27.365299999999998,1,220,150,25.456154178396133,25.365253768690287,-0.5591541783961347,-0.468253768690289
2022,1,Bahrain Grand Prix,Bahrain International Circuit,maxverstappen,30,2,24.937,red_bull,0,1,0.14844444444444443,27.365299999999998,1,220,150,25.456154178396133,25.27359654272708,-0.519154178396132,-0.3365965427270794
2022,1,Bahrain Grand Prix,Bahrain International Circuit,maxverstappen,43,3,24.402,red_bull,0,1,0.14844444444444443,27.365299999999998,1,220,150,25.456154178396133,25.85908847401273,-1.0541541783961321,-1.4570884740127283
2022,1,Bahrain Grand Prix,Bahrain International Circuit,mickschumacher,12,1,25.214,haas,0,1,0.14844444444444443,27.365299999999998,1,212,150,27.102952394699578,26.963190328793083,-1.8889523946995794,-1.749190328793084
2022,1,Bahrain Grand Prix,Bahrain International Circuit,mickschumacher,35,2,25.586,haas,0,1,0.14844444444444443,27.365299999999998,1,212,150,27.102952394699578,26.908577359983134,-1.5169523946995795,-1.3225773599831356
2022,1,Bahrain Grand Prix,Bahrain International Circuit,norris,24,1,24.568,mclaren,0,1,0.14844444444444443,27.365299999999998,1,208,150,25.756162867662603,25.907138309712007,-1.1881628676626015,-1.3391383097120055
2022,1,Bahrain Grand Prix,Bahrain International Circuit,norris,41,2,27.367,mclaren,0,1,0.14844444444444443,27.365299999999998,1,208,150,25.756162867662603,25.82077312048498,1.610837132337398,1.5462268795150216
2022,1,Bahrain Grand Prix,Bahrain International Circuit,norris,45,3,24.975,mclaren,0,1,0.14844444444444443,27.365299999999998,1,208,150,25.756162867662603,26.358636721145007,-0.7811628676626015,-1.383636721145006
2022,1,Bahrain Grand Prix,Bahrain International Circuit,ocon,14,1,30.484,alpine,0,1,0.14844444444444443,27.365299999999998,1,193,150,26.23395465064989,26.160455460240943,4.250045349350113,4.323544539759059
2022,1,Bahrain Grand Prix,Bahrain International Circuit,ocon,30,2,25.393,alpine,0,1,0.14844444444444443,27.365299999999998,1,193,150,26.23395465064989,26.068798234277736,-0.8409546506498877,-0.6757982342777353
2022,1,Bahrain Grand Prix,Bahrain International Circuit,ocon,43,3,24.233,alpine,0,1,0.14844444444444443,27.365299999999998,1,193,150,26.23395465064989,26.654290165563385,-2.000954650649888,-2.4212901655633843
2022,1,Bahrain Grand Prix,Bahrain International Circuit,perez,15,1,25.046,red_bull,0,1,0.14844444444444443,27.365299999999998,1,220,150,25.456154178396133,25.370545805426467,-0.4101541783961338,-0.3245458054264674
2022,1,Bahrain Grand Prix,Bahrain International Circuit,perez,33,2,24.173,red_bull,0,1,0.14844444444444443,27.365299999999998,1,220,150,25.456154178396133,25.289472652935622,-1.2831541783961349,-1.1164726529356237
2022,1,Bahrain Grand Prix,Bahrain International Circuit,perez,43,3,24.947,red_bull,0,1,0.14844444444444443,27.365299999999998,1,220,150,25.456154178396133,25.85908847401273,-0.509154178396134,-0.9120884740127302
2022,1,Bahrain Grand Prix,Bahrain International Circuit,ricciardo,17,1,24.915,mclaren,0,1,0.14844444444444443,27.365299999999998,1,208,150,25.756162867662603,25.870094052558745,-0.8411628676626037,-0.9550940525587457
2022,1,Bahrain Grand Prix,Bahrain International Circuit,ricciardo,33,2,24.885,mclaren,0,1,0.14844444444444443,27.365299999999998,1,208,150,25.756162867662603,25.778436826595538,-0.8711628676626013,-0.8934368265955364
2022,1,Bahrain Grand Prix,Bahrain International Circuit,ricciardo,44,3,25.139,mclaren,0,1,0.14844444444444443,27.365299999999998,1,208,150,25.756162867662603,26.353344684408828,-0.6171628676626035,-1.2143446844088288
2022,1,Bahrain Grand Prix,Bahrain International Circuit,russell,15,1,25.888,mercedes,0,1,0.14844444444444443,27.365299999999998,1,210,150,26.01055604392041,25.951592423033723,-0.12255604392040809,-0.0635924230337217
2022,1,Bahrain Grand Prix,Bahrain International Circuit,russell,33,2,25.334,mercedes,0,1,0.14844444444444443,27.365299999999998,1,210,150,26.01055604392041,25.87051927054288,-0.6765560439204101,-0.536519270542879
2022,1,Bahrain Grand Prix,Bahrain International Circuit,russell,45,3,25.574,mercedes,0,1,0.14844444444444443,27.365299999999998,1,210,150,26.01055604392041,26.450719165092345,-0.43655604392040814,-0.8767191650923429
2022,1,Bahrain Grand Prix,Bahrain International Circuit,sainz,14,1,24.666,ferrari,0,1,0.14844444444444443,27.365299999999998,1,198,150,25.85211568128442,25.668219524129423,-1.18611568128442,-1.0022195241294227
2022,1,Bahrain Grand Prix,Bahrain International Circuit,sainz,33,2,24.438,ferrari,0,1,0.14844444444444443,27.365299999999998,1,198,150,25.85211568128442,25.592438408374754,-1.4141156812844216,-1.1544384083747552
2022,1,Bahrain Grand Prix,Bahrain International Circuit,sainz,44,3,24.287,ferrari,0,1,0.14844444444444443,27.365299999999998,1,198,150,25.85211568128442,26.167346266188044,-1.5651156812844214,-1.8803462661880452
2022,1,Bahrain Grand Prix,Bahrain International Circuit,stroll,18,1,25.739,aston_martin,0,1,0.14844444444444443,27.365299999999998,1,206,150,25.97393317266695,26.041258673216866,-0.23493317266694902,-0.3022586732168655
2022,1,Bahrain Grand Prix,Bahrain International Circuit,stroll,38,2,26.957,aston_martin,0,1,0.14844444444444443,27.365299999999998,1,206,150,25.97393317266695,25.97076959419838,0.983066827333051,0.9862304058016207
2022,1,Bahrain Grand Prix,Bahrain International Circuit,stroll,45,3,25.039,aston_martin,0,1,0.14844444444444443,27.365299999999998,1,206,150,25.97393317266695,26.52450930506695,-0.9349331726669483,-1.4855093050669481
2022,1,Bahrain Grand Prix,Bahrain International Circuit,tsunoda,15,1,26.095,alphatauri,0,1,0.14844444444444443,27.365299999999998,1,138,150,25.885934263936267,25.76123642668983,0.20906573606373158,0.3337635733101685
2022,1,Bahrain Grand Prix,Bahrain International Circuit,tsunoda,29,2,24.35,alphatauri,0,1,0.14844444444444443,27.365299999999998,1,138,150,25.885934263936267,25.658995127254265,-1.5359342639362659,-1.3089951272542635
2022,1,Bahrain Grand Prix,Bahrain International Circuit,tsunoda,44,3,24.188,alphatauri,0,1,0.14844444444444443,27.365299999999998,1,138,150,25.885934263936267,26.255071132012272,-1.6979342639362685,-2.0670711320122734
2022,1,Bahrain Grand Prix,Bahrain International Circuit,zhou,15,1,25.428,alfa,0,1,0.14844444444444443,27.365299999999998,1,133,150,26.129176257499463,26.34896156162701,-0.701176257499462,-0.9209615616270099
2022,1,Bahrain Grand Prix,Bahrain International Circuit,zhou,37,2,25.291,alfa,0,1,0.14844444444444443,27.365299999999998,1,133,150,26.129176257499463,26.289056556080887,-0.8381762574994625,-0.9980565560808863
2022,1,Bahrain Grand Prix,Bahrain International Circuit,zhou,45,3,28.647,alfa,0,1,0.14844444444444443,27.365299999999998,1,133,150,26.129176257499463,26.848088303685632,2.5178237425005356,1.7989116963143665
2022,2,Saudi Arabian Grand Prix,Jeddah Corniche Circuit,albon,13,1,20.683,williams,0,1,0.23170731707317074,23.91139999999998,1,209,61,23.515008293514683,22.3840568203204,-2.832008293514683,-1.7010568203203995
2022,2,Saudi Arabian Grand Prix,Jeddah Corniche Circuit,alonso,16,1,21.543,alpine,0,1,0.23170731707317074,23.91139999999998,1,193,61,22.89464924043202,22.19598638207204,-1.351649240432021,-0.6529863820720401
2022,2,Saudi Arabian Grand Prix,Jeddah Corniche Circuit,bottas,16,1,22.561,alfa,0,1,0.23170731707317074,23.91139999999998,1,133,61,22.789870847281595,22.379200446721928,-0.2288708472815948,0.18179955327807207
2022,2,Saudi Arabian Grand Prix,Jeddah Corniche Circuit,bottas,35,2,22.71,alfa,0,1,0.23170731707317074,23.91139999999998,1,133,61,22.789870847281595,22.303419330967262,-0.07987084728159388,0.4065806690327385
2022,2,Saudi Arabian Grand Prix,Jeddah Corniche Circuit,gasly,15,1,22.82,alphatauri,0,1,0.23170731707317074,23.91139999999998,1,138,61,22.5466288537184,21.786183275048568,0.2733711462816011,1.033816724951432
2022,2,Saudi Arabian Grand Prix,Jeddah Corniche Circuit,hamilton,40,1,21.788,mercedes,0,1,0.23170731707317074,23.91139999999998,1,210,61,22.671250633702538,22.10884018979697,-0.8832506337025379,-0.3208401897969715
2022,2,Saudi Arabian Grand Prix,Jeddah Corniche Circuit,hulkenberg,37,1,21.425,aston_martin,0,1,0.23170731707317074,23.91139999999998,1,206,61,22.63462776244908,22.166754219563032,-1.209627762449081,-0.7417542195630311
2022,2,Saudi Arabian Grand Prix,Jeddah Corniche Circuit,kevinmagnussen,37,1,22.374,haas,0,1,0.23170731707317074,23.91139999999998,1,212,61,23.763646984481706,23.120438095556327,-1.3896469844817076,-0.7464380955563286
2022,2,Saudi Arabian Grand Prix,Jeddah Corniche Circuit,leclerc,16,1,21.038,ferrari,0,1,0.23170731707317074,23.91139999999998,1,198,61,22.512810271066552,21.70375044596052,-1.474810271066552,-0.6657504459605192
2022,2,Saudi Arabian Grand Prix,Jeddah Corniche Circuit,maxverstappen,16,1,20.731,red_bull,0,1,0.23170731707317074,23.91139999999998,1,220,61,22.11684876817826,21.400784690521387,-1.3858487681782599,-0.6697846905213858
2022,2,Saudi Arabian Grand Prix,Jeddah Corniche Circuit,norris,16,1,20.383,mclaren,0,1,0.23170731707317074,23.91139999999998,1,208,61,22.416857457444735,21.8897488641813,-2.0338574574447357,-1.5067488641813007
2022,2,Saudi Arabian Grand Prix,Jeddah Corniche Circuit,ocon,16,1,21.141,alpine,0,1,0.23170731707317074,23.91139999999998,1,193,61,22.89464924043202,22.19598638207204,-1.753649240432022,-1.054986382072041
2022,2,Saudi Arabian Grand Prix,Jeddah Corniche Circuit,perez,15,1,20.481,red_bull,0,1,0.23170731707317074,23.91139999999998,1,220,61,22.11684876817826,21.395492653785208,-1.6358487681782599,-0.9144926537852065
2022,2,Saudi Arabian Grand Prix,Jeddah Corniche Circuit,ricciardo,8,1,20.65,mclaren,0,1,0.23170731707317074,23.91139999999998,1,208,61,22.416857457444735,21.84741257029186,-1.7668574574447362,-1.1974125702918599
2022,2,Saudi Arabian Grand Prix,Jeddah Corniche Circuit,russell,16,1,21.415,mercedes,0,1,0.23170731707317074,23.91139999999998,1,210,61,22.671250633702538,21.981831308128644,-1.256250633702539,-0.5668313081286449
2022,2,Saudi Arabian Grand Prix,Jeddah Corniche Circuit,sainz,16,1,21.521,ferrari,0,1,0.23170731707317074,23.91139999999998,1,198,61,22.512810271066552,21.70375044596052,-0.9918102710665515,-0.1827504459605187
2022,2,Saudi Arabian Grand Prix,Jeddah Corniche Circuit,stroll,13,1,22.339,aston_martin,0,1,0.23170731707317074,23.91139999999998,1,206,61,22.63462776244908,22.039745337894708,-0.29562776244908306,0.29925466210529095
2022,2,Saudi Arabian Grand Prix,Jeddah Corniche Circuit,zhou,16,1,33.734,alfa,0,1,0.23170731707317074,23.91139999999998,1,133,61,22.789870847281595,22.379200446721928,10.944129152718407,11.354799553278074
2022,2,Saudi Arabian Grand Prix,Jeddah Corniche Circuit,zhou,27,2,15.103,alfa,0,1,0.23170731707317074,23.91139999999998,1,133,61,22.789870847281595,22.26108303707782,-7.686870847281595,-7.158083037077821
2022,3,Australian Grand Prix,Albert Park Grand Prix Circuit,albon,57,1,19.845,williams,0,1,0.1923444976076555,19.80915,1,209,70,16.822729977185798,19.160675468357905,3.022270022814201,0.6843245316420941
2022,3,Australian Grand Prix,Albert Park Grand Prix Circuit,alonso,39,1,18.796,alpine,0,1,0.1923444976076555,19.80915,1,193,70,16.202370924103136,18.861472258649766,2.593629075896864,-0.06547225864976625
2022,3,Australian Grand Prix,Albert Park Grand Prix Circuit,alonso,53,2,18.394,alpine,0,1,0.1923444976076555,19.80915,1,193,70,16.202370924103136,18.759230959214197,2.191629075896863,-0.36523095921419824
2022,3,Australian Grand Prix,Albert Park Grand Prix Circuit,bottas,22,1,18.413,alfa,0,1,0.1923444976076555,19.80915,1,133,70,16.09759253095271,18.95472169878459,2.3154074690472903,-0.5417216987845883
2022,3,Australian Grand Prix,Albert Park Grand Prix Circuit,gasly,21,1,18.926,alphatauri,0,1,0.1923444976076555,19.80915,1,138,70,15.854350537389514,18.36170452711123,3.071649462610484,0.5642954728887695
2022,3,Australian Grand Prix,Albert Park Grand Prix Circuit,hamilton,22,1,17.877,mercedes,0,1,0.1923444976076555,19.80915,1,210,70,15.978972317373655,18.5573525601913,1.8980276826263438,-0.6803525601913023
2022,3,Australian Grand Prix,Albert Park Grand Prix Circuit,kevinmagnussen,39,1,19.111,haas,0,1,0.1923444976076555,19.80915,1,212,70,17.07136866815282,19.674791200674267,2.039631331847179,-0.5637912006742667
2022,3,Australian Grand Prix,Albert Park Grand Prix Circuit,latifi,13,1,18.552,williams,0,1,0.1923444976076555,19.80915,1,209,70,16.822729977185798,18.927825851965977,1.7292700228142017,-0.3758258519659776
2022,3,Australian Grand Prix,Albert Park Grand Prix Circuit,latifi,23,2,17.936,williams,0,1,0.1923444976076555,19.80915,1,209,70,16.822729977185798,18.804416405585687,1.113270022814202,-0.8684164055856876
2022,3,Australian Grand Prix,Albert Park Grand Prix Circuit,leclerc,22,1,17.973,ferrari,0,1,0.1923444976076555,19.80915,1,198,70,15.820531954737667,18.27927169802318,2.1524680452623315,-0.3062716980231812
2022,3,Australian Grand Prix,Albert Park Grand Prix Circuit,maxverstappen,18,1,18.281,red_bull,0,1,0.1923444976076555,19.80915,1,220,70,15.424570451849378,17.955137795639324,2.8564295481506203,0.3258622043606749
2022,3,Australian Grand Prix,Albert Park Grand Prix Circuit,mickschumacher,14,1,19.039,haas,0,1,0.1923444976076555,19.80915,1,212,70,17.07136866815282,19.54249028226976,1.9676313318471799,-0.5034902822697589
2022,3,Australian Grand Prix,Albert Park Grand Prix Circuit,norris,20,1,17.556,mclaren,0,1,0.1923444976076555,19.80915,1,208,70,15.72457914111585,18.4546860427716,1.831420858884151,-0.8986860427715975
2022,3,Australian Grand Prix,Albert Park Grand Prix Circuit,ocon,17,1,19.128,alpine,0,1,0.1923444976076555,19.80915,1,193,70,16.202370924103136,18.7450474504538,2.9256290758968646,0.38295254954620006
2022,3,Australian Grand Prix,Albert Park Grand Prix Circuit,perez,20,1,17.434,red_bull,0,1,0.1923444976076555,19.80915,1,220,70,15.424570451849378,17.965721869111682,2.0094295481506226,-0.5317218691116814
2022,3,Australian Grand Prix,Albert Park Grand Prix Circuit,ricciardo,21,1,18.15,mclaren,0,1,0.1923444976076555,19.80915,1,208,70,15.72457914111585,18.45997807950778,2.4254208588841486,-0.30997807950778267
2022,3,Australian Grand Prix,Albert Park Grand Prix Circuit,russell,23,1,18.479,mercedes,0,1,0.1923444976076555,19.80915,1,210,70,15.978972317373655,18.56264459692748,2.500027682626344,-0.08364459692748127
2022,3,Australian Grand Prix,Albert Park Grand Prix Circuit,stroll,3,1,18.242,aston_martin,0,1,0.1923444976076555,19.80915,1,206,70,15.942349446120197,18.530594002178482,2.299650553879804,-0.2885940021784812
2022,3,Australian Grand Prix,Albert Park Grand Prix Circuit,stroll,4,2,18.56,aston_martin,0,1,0.1923444976076555,19.80915,1,206,70,15.942349446120197,18.35955622517257,2.617650553879802,0.20044377482742703
2022,3,Australian Grand Prix,Albert Park Grand Prix Circuit,stroll,23,3,20.402,aston_martin,0,1,0.1923444976076555,19.80915,1,206,70,15.942349446120197,18.9768003768753,4.459650553879804,1.4251996231247013
2022,3,Australian Grand Prix,Albert Park Grand Prix Circuit,tsunoda,18,1,18.443,alphatauri,0,1,0.1923444976076555,19.80915,1,138,70,15.854350537389514,18.345828416902688,2.588649462610487,0.097171583097313885
2022,3,Australian Grand Prix,Albert Park Grand Prix Circuit,zhou,21,1,18.38,alfa,0,1,0.1923444976076555,19.80915,1,133,70,16.09759253095271,18.94942966204841,2.282407469047289,-0.5694296620484103
2022,4,Emilia Romagna Grand Prix,Autodromo Enzo e Dino Ferrari,albon,17,1,30.793,williams,0,1,0.1068904593639576,36.00099999999999,1,209,52,31.720464159504107,31.492706133168635,-0.9274641595041082,-0.6997061331686361
2022,4,Emilia Romagna Grand Prix,Autodromo Enzo e Dino Ferrari,bottas,18,1,40.957,alfa,0,1,0.1068904593639576,36.00099999999999,1,133,52,30.99532671327102,31.4772656860978,9.961673286728981,9.479734313902199
2022,4,Emilia Romagna Grand Prix,Autodromo Enzo e Dino Ferrari,gasly,17,1,30.405,alphatauri,0,1,0.1068904593639576,36.00099999999999,1,138,52,30.752084719707824,30.884248514424446,-0.34708471970782284,-0.4792485144244445
2022,4,Emilia Romagna Grand Prix,Autodromo Enzo e Dino Ferrari,hamilton,18,1,32.74,mercedes,0,1,0.1068904593639576,36.00099999999999,1,210,52,30.876706499691966,31.079896547504518,1.8632935003080355,1.660103452495484
2022,4,Emilia Romagna Grand Prix,Autodromo Enzo e Dino Ferrari,kevinmagnussen,18,1,33.765,haas,0,1,0.1068904593639576,36.00099999999999,1,212,52,31.969102850471135,32.107370563472415,1.7958971495288658,1.6576294365275857
2022,4,Emilia Romagna Grand Prix,Autodromo Enzo e Dino Ferrari,latifi,18,1,31.125,williams,0,1,0.1068904593639576,36.00099999999999,1,209,52,31.720464159504107,31.497998169904815,-0.5954641595041075,-0.3729981699048146
2022,4,Emilia Romagna Grand Prix,Autodromo Enzo e Dino Ferrari,leclerc,19,1,31.794,ferrari,0,1,0.1068904593639576,36.00099999999999,1,198,52,30.718266137055977,30.807107722072573,1.0757338629440234,0.9868922779274278
2022,4,Emilia Romagna Grand Prix,Autodromo Enzo e Dino Ferrari,leclerc,49,2,30.042,ferrari,0,1,0.1068904593639576,36.00099999999999,1,198,52,30.718266137055977,30.789539010415893,-0.6762661370559755,-0.7475390104158919
2022,4,Emilia Romagna Grand Prix,Autodromo Enzo e Dino Ferrari,leclerc,53,3,36.56,ferrari,0,1,0.1068904593639576,36.00099999999999,1,198,52,30.718266137055977,31.327402611075918,5.841733862944025,5.232597388924084
2022,4,Emilia Romagna Grand Prix,Autodromo Enzo e Dino Ferrari,maxverstappen,19,1,30.001,red_bull,0,1,0.1068904593639576,36.00099999999999,1,220,52,30.32230463416769,30.50414196663344,-0.3213046341676886,-0.5031419666334394
2022,4,Emilia Romagna Grand Prix,Autodromo Enzo e Dino Ferrari,maxverstappen,51,2,29.942,red_bull,0,1,0.1068904593639576,36.00099999999999,1,220,52,30.32230463416769,30.49715732844912,-0.38030463416768967,-0.5551573284491198
2022,4,Emilia Romagna Grand Prix,Autodromo Enzo e Dino Ferrari,mickschumacher,18,1,31.32,haas,0,1,0.1068904593639576,36.00099999999999,1,212,52,31.969102850471135,32.107370563472415,-0.6491028504711345,-0.7873705634724146
2022,4,Emilia Romagna Grand Prix,Autodromo Enzo e Dino Ferrari,mickschumacher,52,2,30.984,haas,0,1,0.1068904593639576,36.00099999999999,1,212,52,31.969102850471135,32.11096999876045,-0.985102850471133,-1.1269699987604511
2022,4,Emilia Romagna Grand Prix,Autodromo Enzo e Dino Ferrari,norris,19,1,30.07,mclaren,0,1,0.1068904593639576,36.00099999999999,1,208,52,30.622313323434163,30.993106140293357,-0.5523133234341628,-0.9231061402933562
2022,4,Emilia Romagna Grand Prix,Autodromo Enzo e Dino Ferrari,ocon,18,1,31.409,alpine,0,1,0.1068904593639576,36.00099999999999,1,193,52,31.100105106421445,31.294051621447913,0.3088948935785538,0.11494837855208573
2022,4,Emilia Romagna Grand Prix,Autodromo Enzo e Dino Ferrari,perez,18,1,30.366,red_bull,0,1,0.1068904593639576,36.00099999999999,1,220,52,30.32230463416769,30.49884992989726,0.04369536583230982,-0.13284992989726163
2022,4,Emilia Romagna Grand Prix,Autodromo Enzo e Dino Ferrari,perez,50,2,29.627,red_bull,0,1,0.1068904593639576,36.00099999999999,1,220,52,30.32230463416769,30.491865291712937,-0.695304634167691,-0.8648652917129382
2022,4,Emilia Romagna Grand Prix,Autodromo Enzo e Dino Ferrari,ricciardo,2,1,32.362,mclaren,0,1,0.1068904593639576,36.00099999999999,1,208,52,30.622313323434163,30.903141515778294,1.7396866765658388,1.4588584842217074
2022,4,Emilia Romagna Grand Prix,Autodromo Enzo e Dino Ferrari,ricciardo,16,2,30.422,mclaren,0,1,0.1068904593639576,36.00099999999999,1,208,52,30.622313323434163,30.800900216342725,-0.20031332343416253,-0.37890021634272486
2022,4,Emilia Romagna Grand Prix,Autodromo Enzo e Dino Ferrari,ricciardo,30,3,30.155,mclaren,0,1,0.1068904593639576,36.00099999999999,1,208,52,30.622313323434163,31.391684184364557,-0.467313323434162,-1.236684184364556
2022,4,Emilia Romagna Grand Prix,Autodromo Enzo e Dino Ferrari,russell,18,1,31.079,mercedes,0,1,0.1068904593639576,36.00099999999999,1,210,52,30.876706499691966,31.079896547504518,0.20229350030803417,-8.965475045172866e-4
2022,4,Emilia Romagna Grand Prix,Autodromo Enzo e Dino Ferrari,stroll,18,1,32.667,aston_martin,0,1,0.1068904593639576,36.00099999999999,1,206,52,30.840083628438506,31.153686687479123,1.8269163715614951,1.5133133125208786
2022,4,Emilia Romagna Grand Prix,Autodromo Enzo e Dino Ferrari,tsunoda,18,1,30.372,alphatauri,0,1,0.1068904593639576,36.00099999999999,1,138,52,30.752084719707824,30.889540551160625,-0.3800847197078241,-0.517540551160625
2022,4,Emilia Romagna Grand Prix,Autodromo Enzo e Dino Ferrari,vettel,17,1,30.484,aston_martin,0,1,0.1068904593639576,36.00099999999999,1,206,52,30.840083628438506,31.148394650742944,-0.3560836284385047,-0.6643946507429419
2022,4,Emilia Romagna Grand Prix,Autodromo Enzo e Dino Ferrari,zhou,18,1,32.203,alfa,0,1,0.1068904593639576,36.00099999999999,1,133,52,30.99532671327102,31.4772656860978,1.2076732867289834,0.7257343139022012
2022,5,Miami Grand Prix,Miami International Autodrome,albon,16,1,20.059,williams,0,1,0.18826868495742669,21.977999999999998,1,209,73,22.9686401128577,22.23220875181802,-2.909640112857698,-2.17320875181802
2022,5,Miami Grand Prix,Miami International Autodrome,alonso,15,1,21.638,alpine,0,1,0.18826868495742669,21.977999999999998,1,193,73,22.34828105977504,22.022970166624944,-0.7102810597750384,-0.3849701666249423
2022,5,Miami Grand Prix,Miami International Autodrome,bottas,26,1,19.614,alfa,0,1,0.18826868495742669,21.977999999999998,1,133,73,22.243502666624615,22.264396635372815,-2.6295026666246137,-2.6503966353728146
2022,5,Miami Grand Prix,Miami International Autodrome,gasly,16,1,19.543,alphatauri,0,1,0.18826868495742669,21.977999999999998,1,138,73,22.00026067306142,21.62375113307383,-2.4572606730614197,-2.080751133073832
2022,5,Miami Grand Prix,Miami International Autodrome,gasly,40,2,19.007,alphatauri,0,1,0.18826868495742669,21.977999999999998,1,138,73,22.00026067306142,21.57443020100007,-2.9932606730614175,-2.567430201000068
2022,5,Miami Grand Prix,Miami International Autodrome,hamilton,22,1,18.82,mercedes,0,1,0.18826868495742669,21.977999999999998,1,210,73,22.124882453045558,21.845859349834807,-3.3048824530455576,-3.025859349834807
2022,5,Miami Grand Prix,Miami International Autodrome,kevinmagnussen,12,1,19.76,haas,0,1,0.18826868495742669,21.977999999999998,1,212,73,23.217278803824726,22.8204129984409,-3.4572788038247246,-3.060412998440899
2022,5,Miami Grand Prix,Miami International Autodrome,kevinmagnussen,42,2,20.673,haas,0,1,0.18826868495742669,21.977999999999998,1,212,73,23.217278803824726,22.802844286784218,-2.544278803824728,-2.1298442867842198
2022,5,Miami Grand Prix,Miami International Autodrome,latifi,34,1,19.185,williams,0,1,0.18826868495742669,21.977999999999998,1,209,73,22.9686401128577,22.327465413069266,-3.7836401128577,-3.1424654130692673
2022,5,Miami Grand Prix,Miami International Autodrome,leclerc,24,1,19.697,ferrari,0,1,0.18826868495742669,21.977999999999998,1,198,73,21.966442090409572,21.57836256113905,-2.269442090409573,-1.8813625611390492
2022,5,Miami Grand Prix,Miami International Autodrome,maxverstappen,26,1,18.798,red_bull,0,1,0.18826868495742669,21.977999999999998,1,220,73,21.57048058752128,21.28598087917227,-2.772480587521283,-2.487980879172273
2022,5,Miami Grand Prix,Miami International Autodrome,mickschumacher,14,1,20.413,haas,0,1,0.18826868495742669,21.977999999999998,1,212,73,23.217278803824726,22.830997071913263,-2.804278803824726,-2.4179970719132626
2022,5,Miami Grand Prix,Miami International Autodrome,mickschumacher,54,2,32.381,haas,0,1,0.18826868495742669,21.977999999999998,1,212,73,23.217278803824726,22.866348727618384,9.163721196175274,9.514651272381617
2022,5,Miami Grand Prix,Miami International Autodrome,norris,18,1,19.986,mclaren,0,1,0.18826868495742669,21.977999999999998,1,208,73,21.87048927678775,21.732608758942746,-1.8844892767877504,-1.7466087589427453
2022,5,Miami Grand Prix,Miami International Autodrome,ocon,41,1,19.019,alpine,0,1,0.18826868495742669,21.977999999999998,1,193,73,22.34828105977504,22.16056312176563,-3.3292810597750417,-3.141563121765632
2022,5,Miami Grand Prix,Miami International Autodrome,perez,27,1,18.519,red_bull,0,1,0.18826868495742669,21.977999999999998,1,220,73,21.57048058752128,21.29127291590845,-3.051480587521283,-2.7722729159084523
2022,5,Miami Grand Prix,Miami International Autodrome,perez,41,2,18.433,red_bull,0,1,0.18826868495742669,21.977999999999998,1,220,73,21.57048058752128,21.189031616472885,-3.1374805875212814,-2.7560316164728853
2022,5,Miami Grand Prix,Miami International Autodrome,ricciardo,30,1,19.484,mclaren,0,1,0.18826868495742669,21.977999999999998,1,208,73,21.87048927678775,21.796113199776908,-2.3864892767877492,-2.312113199776906
2022,5,Miami Grand Prix,Miami International Autodrome,ricciardo,41,2,19.28,mclaren,0,1,0.18826868495742669,21.977999999999998,1,208,73,21.87048927678775,21.677995790132798,-2.59048927678775,-2.3979957901327964
2022,5,Miami Grand Prix,Miami International Autodrome,russell,40,1,19.035,mercedes,0,1,0.18826868495742669,21.977999999999998,1,210,73,22.124882453045558,21.941116011086052,-3.0898824530455578,-2.906116011086052
2022,5,Miami Grand Prix,Miami International Autodrome,sainz,27,1,22.063,ferrari,0,1,0.18826868495742669,21.977999999999998,1,198,73,21.966442090409572,21.594238671347586,0.09655790959042676,0.4687613286524126
2022,5,Miami Grand Prix,Miami International Autodrome,stroll,40,1,19.074,aston_martin,0,1,0.18826868495742669,21.977999999999998,1,206,73,22.0882595817921,22.014906151060654,-3.0142595817921,-2.940906151060652
2022,5,Miami Grand Prix,Miami International Autodrome,tsunoda,11,1,18.87,alphatauri,0,1,0.18826868495742669,21.977999999999998,1,138,73,22.00026067306142,21.59729094939293,-3.130260673061418,-2.7272909493929305
2022,5,Miami Grand Prix,Miami International Autodrome,tsunoda,41,2,19.618,alphatauri,0,1,0.18826868495742669,21.977999999999998,1,138,73,22.00026067306142,21.57972223773625,-2.3822606730614204,-1.9617222377362502
2022,5,Miami Grand Prix,Miami International Autodrome,vettel,41,1,19.861,aston_martin,0,1,0.18826868495742669,21.977999999999998,1,206,73,22.0882595817921,22.020198187796833,-2.227259581792101,-2.1591981877968323
2022,6,Spanish Grand Prix,Circuit de Barcelona-Catalunya,albon,11,1,23.419,williams,0,1,0.05203252032520325,23.845,1,209,135,23.314862250161873,23.548328961206142,0.10413774983812729,-0.12932896120614146
2022,6,Spanish Grand Prix,Circuit de Barcelona-Catalunya,albon,25,2,22.657,williams,0,1,0.05203252032520325,23.845,1,209,135,23.314862250161873,23.446087661770576,-0.6578622501618732,-0.7890876617705764
2022,6,Spanish Grand Prix,Circuit de Barcelona-Catalunya,albon,45,3,23.328,williams,0,1,0.05203252032520325,23.845,1,209,135,23.314862250161873,24.068623850209484,0.013137749838126211,-0.7406238502094844
2022,6,Spanish Grand Prix,Circuit de Barcelona-Catalunya,albon,54,4,23.404,williams,0,1,0.05203252032520325,23.845,1,209,135,23.314862250161873,27.362009964960222,0.08913774983812672,-3.9580099649602225
2022,6,Spanish Grand Prix,Circuit de Barcelona-Catalunya,alonso,10,1,22.375,alpine,0,1,0.05203252032520325,23.845,1,193,135,22.694503197079214,23.339090376013065,-0.3195031970792144,-0.9640903760130648
2022,6,Spanish Grand Prix,Circuit de Barcelona-Catalunya,alonso,31,2,21.914,alpine,0,1,0.05203252032520325,23.845,1,193,135,22.694503197079214,23.273893333730758,-0.7805031970792129,-1.3598933337307564
2022,6,Spanish Grand Prix,Circuit de Barcelona-Catalunya,alonso,53,3,25.407,alpine,0,1,0.05203252032520325,23.845,1,193,135,22.694503197079214,23.907013595642027,2.7124968029207857,1.4999864043579727
2022,6,Spanish Grand Prix,Circuit de Barcelona-Catalunya,bottas,14,1,22.987,alfa,0,1,0.05203252032520325,23.845,1,133,135,22.58972480392879,23.543472587607674,0.39727519607120954,-0.5564725876076757
2022,6,Spanish Grand Prix,Circuit de Barcelona-Catalunya,bottas,34,2,22.541,alfa,0,1,0.05203252032520325,23.845,1,133,135,22.58972480392879,23.472983508589188,-0.04872480392878842,-0.9319835085891874
2022,6,Spanish Grand Prix,Circuit de Barcelona-Catalunya,gasly,10,1,22.008,alphatauri,0,1,0.05203252032520325,23.845,1,138,135,22.346482810365593,22.934579305725777,-0.33848281036559413,-0.9265793057257774
2022,6,Spanish Grand Prix,Circuit de Barcelona-Catalunya,gasly,29,2,27.947,alphatauri,0,1,0.05203252032520325,23.845,1,138,135,22.346482810365593,22.85879818997111,5.600517189634406,5.088201810028888
2022,6,Spanish Grand Prix,Circuit de Barcelona-Catalunya,gasly,46,3,21.838,alphatauri,0,1,0.05203252032520325,23.845,1,138,135,22.346482810365593,23.465458268201477,-0.5084828103655923,-1.627458268201476
2022,6,Spanish Grand Prix,Circuit de Barcelona-Catalunya,hamilton,22,2,22.105,mercedes,0,1,0.05203252032520325,23.845,1,210,135,22.471104590349732,23.012109929161742,-0.36610459034973175,-0.9071099291617415
2022,6,Spanish Grand Prix,Circuit de Barcelona-Catalunya,hamilton,48,3,22.241,mercedes,0,1,0.05203252032520325,23.845,1,210,135,22.471104590349732,23.666398338017732,-0.23010459034973252,-1.4253983380177324
2022,6,Spanish Grand Prix,Circuit de Barcelona-Catalunya,kevinmagnussen,29,2,23.878,haas,0,1,0.05203252032520325,23.845,1,212,135,23.5635009411289,24.0766282022829,0.31449905887109963,-0.1986282022829009
2022,6,Spanish Grand Prix,Circuit de Barcelona-Catalunya,latifi,12,1,23.189,williams,0,1,0.05203252032520325,23.845,1,209,135,23.314862250161873,23.55362099794232,-0.12586225016187313,-0.36462099794232117
2022,6,Spanish Grand Prix,Circuit de Barcelona-Catalunya,latifi,26,2,22.311,williams,0,1,0.05203252032520325,23.845,1,209,135,23.314862250161873,23.451379698506756,-1.0038622501618732,-1.1403796985067558
2022,6,Spanish Grand Prix,Circuit de Barcelona-Catalunya,latifi,50,3,22.761,williams,0,1,0.05203252032520325,23.845,1,209,135,23.314862250161873,24.095084033890384,-0.553862250161874,-1.3340840338903845
2022,6,Spanish Grand Prix,Circuit de Barcelona-Catalunya,leclerc,21,1,21.794,ferrari,0,1,0.05203252032520325,23.845,1,198,135,22.312664227713746,22.905066843999528,-0.5186642277137459,-1.1110668439995273
2022,6,Spanish Grand Prix,Circuit de Barcelona-Catalunya,maxverstappen,13,1,22.173,red_bull,0,1,0.05203252032520325,23.845,1,220,135,21.916702724825456,22.559764794670954,0.2562972751745427,-0.38676479467095604
2022,6,Spanish Grand Prix,Circuit de Barcelona-Catalunya,maxverstappen,28,2,21.966,red_bull,0,1,0.05203252032520325,23.845,1,220,135,21.916702724825456,22.462815531971568,0.04929727517454552,-0.496815531971567
2022,6,Spanish Grand Prix,Circuit de Barcelona-Catalunya,maxverstappen,44,3,21.941,red_bull,0,1,0.05203252032520325,23.845,1,220,135,21.916702724825456,23.064183573465755,0.024297275174543387,-1.1231835734657558
2022,6,Spanish Grand Prix,Circuit de Barcelona-Catalunya,mickschumacher,12,1,23.582,haas,0,1,0.05203252032520325,23.845,1,212,135,23.5635009411289,24.162993391509925,0.01849905887110026,-0.5809933915099244
2022,6,Spanish Grand Prix,Circuit de Barcelona-Catalunya,mickschumacher,30,2,23.127,haas,0,1,0.05203252032520325,23.845,1,212,135,23.5635009411289,24.08192023901908,-0.4365009411289016,-0.9549202390190814
2022,6,Spanish Grand Prix,Circuit de Barcelona-Catalunya,norris,12,1,21.916,mclaren,0,1,0.05203252032520325,23.845,1,208,135,22.21671141409193,23.043436931594684,-0.3007114140919285,-1.1274369315946835
2022,6,Spanish Grand Prix,Circuit de Barcelona-Catalunya,norris,33,2,23.341,mclaren,0,1,0.05203252032520325,23.845,1,208,135,22.21671141409193,22.97823988931238,1.1242885859080722,0.3627601106876206
2022,6,Spanish Grand Prix,Circuit de Barcelona-Catalunya,norris,51,3,22.165,mclaren,0,1,0.05203252032520325,23.845,1,208,135,22.21671141409193,23.590192004278933,-0.0517114140919297,-1.4251920042789337
2022,6,Spanish Grand Prix,Circuit de Barcelona-Catalunya,ocon,13,1,22.137,alpine,0,1,0.05203252032520325,23.845,1,193,135,22.694503197079214,23.354966486221606,-0.5575031970792139,-1.2179664862216057
2022,6,Spanish Grand Prix,Circuit de Barcelona-Catalunya,ocon,35,2,22.953,alpine,0,1,0.05203252032520325,23.845,1,193,135,22.694503197079214,23.29506148067548,0.25849680292078503,-0.34206148067547915
2022,6,Spanish Grand Prix,Circuit de Barcelona-Catalunya,ocon,52,3,22.033,alpine,0,1,0.05203252032520325,23.845,1,193,135,22.694503197079214,23.901721558905848,-0.6615031970792131,-1.8687215589058468
2022,6,Spanish Grand Prix,Circuit de Barcelona-Catalunya,perez,17,1,22.032,red_bull,0,1,0.05203252032520325,23.845,1,220,135,21.916702724825456,22.580932941615675,0.11529727517454447,-0.548932941615675
2022,6,Spanish Grand Prix,Circuit de Barcelona-Catalunya,perez,37,2,21.619,red_bull,0,1,0.05203252032520325,23.845,1,220,135,21.916702724825456,22.51044386259719,-0.2977027248254558,-0.891443862597189
2022,6,Spanish Grand Prix,Circuit de Barcelona-Catalunya,perez,53,3,21.694,red_bull,0,1,0.05203252032520325,23.845,1,220,135,21.916702724825456,23.111811904091375,-0.2227027248254565,-1.4178119040913764
2022,6,Spanish Grand Prix,Circuit de Barcelona-Catalunya,ricciardo,11,1,22.124,mclaren,0,1,0.05203252032520325,23.845,1,208,135,22.21671141409193,23.038144894858505,-0.09271141409193007,-0.9141448948585058
2022,6,Spanish Grand Prix,Circuit de Barcelona-Catalunya,ricciardo,31,2,22.399,mclaren,0,1,0.05203252032520325,23.845,1,208,135,22.21671141409193,22.96765581584002,0.18228858590807206,-0.5686558158400175
2022,6,Spanish Grand Prix,Circuit de Barcelona-Catalunya,ricciardo,48,3,22.154,mclaren,0,1,0.05203252032520325,23.845,1,208,135,22.21671141409193,23.574315894070388,-0.06271141409192893,-1.420315894070388
2022,6,Spanish Grand Prix,Circuit de Barcelona-Catalunya,russell,13,1,22.154,mercedes,0,1,0.05203252032520325,23.845,1,210,135,22.471104590349732,23.14081141227821,-0.31710459034973226,-0.986811412278211
2022,6,Spanish Grand Prix,Circuit de Barcelona-Catalunya,russell,36,2,22.039,mercedes,0,1,0.05203252032520325,23.845,1,210,135,22.471104590349732,23.086198443468266,-0.4321045903497307,-1.0471984434682646
2022,6,Spanish Grand Prix,Circuit de Barcelona-Catalunya,russell,51,3,22.815,mercedes,0,1,0.05203252032520325,23.845,1,210,135,22.471104590349732,23.682274448226273,0.3438954096502691,-0.8672744482262722
2022,6,Spanish Grand Prix,Circuit de Barcelona-Catalunya,sainz,10,1,22.341,ferrari,0,1,0.05203252032520325,23.845,1,198,135,22.312664227713746,22.846854439901545,0.028335772286254723,-0.5058544399015439
2022,6,Spanish Grand Prix,Circuit de Barcelona-Catalunya,sainz,31,2,21.867,ferrari,0,1,0.05203252032520325,23.845,1,198,135,22.312664227713746,22.781657397619238,-0.4456642277137455,-0.9146573976192371
2022,6,Spanish Grand Prix,Circuit de Barcelona-Catalunya,sainz,45,3,22.302,ferrari,0,1,0.05203252032520325,23.845,1,198,135,22.312664227713746,23.372441365641066,-0.010664227713746754,-1.0704413656410665
2022,6,Spanish Grand Prix,Circuit de Barcelona-Catalunya,stroll,14,1,22.833,aston_martin,0,1,0.05203252032520325,23.845,1,206,135,22.434481719096276,23.21989358898899,0.39851828090372265,-0.3868935889889933
2022,6,Spanish Grand Prix,Circuit de Barcelona-Catalunya,stroll,27,2,23.394,aston_martin,0,1,0.05203252032520325,23.845,1,206,135,22.434481719096276,23.112360252817243,0.9595182809037226,0.281639747182755
2022,6,Spanish Grand Prix,Circuit de Barcelona-Catalunya,stroll,46,3,23.812,aston_martin,0,1,0.05203252032520325,23.845,1,206,135,22.434481719096276,23.72960440451997,1.3775182809037254,0.08239559548002973
2022,6,Spanish Grand Prix,Circuit de Barcelona-Catalunya,tsunoda,11,1,23.083,alphatauri,0,1,0.05203252032520325,23.845,1,138,135,22.346482810365593,22.939871342461956,0.7365171896344052,0.1431286575380426
2022,6,Spanish Grand Prix,Circuit de Barcelona-Catalunya,tsunoda,32,2,22.802,alphatauri,0,1,0.05203252032520325,23.845,1,138,135,22.346482810365593,22.87467430017965,0.45551718963440635,-0.07267430017964926
2022,6,Spanish Grand Prix,Circuit de Barcelona-Catalunya,tsunoda,52,3,22.316,alphatauri,0,1,0.05203252032520325,23.845,1,138,135,22.346482810365593,23.49721048861856,-0.030482810365594304,-1.1812104886185608
2022,6,Spanish Grand Prix,Circuit de Barcelona-Catalunya,vettel,21,1,22.536,aston_martin,0,1,0.05203252032520325,23.845,1,206,135,22.434481719096276,23.256937846142254,0.10151828090372561,-0.7209378461422524
2022,6,Spanish Grand Prix,Circuit de Barcelona-Catalunya,vettel,42,2,22.456,aston_martin,0,1,0.05203252032520325,23.845,1,206,135,22.434481719096276,23.191740803859947,0.021518280903723763,-0.7357408038599473
2022,6,Spanish Grand Prix,Circuit de Barcelona-Catalunya,zhou,10,1,23.109,alfa,0,1,0.05203252032520325,23.845,1,133,135,22.58972480392879,23.522304440662953,0.519275196071213,-0.4133044406629516
2022,7,Monaco Grand Prix,Circuit de Monaco,albon,29,3,1.185676,williams,0,1,0.22815945716709077,1.1865170999999997,0,209,52,19.253638302624886,4.877175029528424,-18.067962302624885,-3.6914990295284245
2022,7,Monaco Grand Prix,Circuit de Monaco,alonso,30,2,1.182058,alpine,0,1,0.22815945716709077,1.1865170999999997,0,193,52,18.633279249542223,4.161825064092401,-17.451221249542222,-2.979767064092401
2022,7,Monaco Grand Prix,Circuit de Monaco,bottas,30,2,1.1866990000000002,alfa,0,1,0.22815945716709077,1.1865170999999997,1,133,52,18.528500856391798,24.196115524859234,-17.341801856391797,-23.009416524859233
2022,7,Monaco Grand Prix,Circuit de Monaco,gasly,30,3,1.16946,alphatauri,0,1,0.22815945716709077,1.1865170999999997,0,138,52,18.285258862828602,4.274009447520417,-17.1157988628286,-3.1045494475204167
2022,7,Monaco Grand Prix,Circuit de Monaco,hamilton,30,3,1.186281,mercedes,0,1,0.22815945716709077,1.1865170999999997,0,210,52,18.409880642812745,4.46436544386431,-17.223599642812744,-3.2780844438643095
2022,7,Monaco Grand Prix,Circuit de Monaco,latifi,29,4,1.1818389999999999,williams,0,1,0.22815945716709077,1.1865170999999997,0,209,52,19.253638302624886,8.12293281365354,-18.071799302624886,-6.94109381365354
2022,7,Monaco Grand Prix,Circuit de Monaco,leclerc,30,3,1.176822,ferrari,0,1,0.22815945716709077,1.1865170999999997,0,198,52,18.251440280176755,4.186284581696187,-17.074618280176754,-3.009462581696187
2022,7,Monaco Grand Prix,Circuit de Monaco,maxverstappen,30,3,1.175575,red_bull,0,1,0.22815945716709077,1.1865170999999997,0,220,52,17.855478777288468,3.8833188262570535,-16.67990377728847,-2.7077438262570537
2022,7,Monaco Grand Prix,Circuit de Monaco,norris,30,3,1.1830289999999999,mclaren,0,1,0.22815945716709077,1.1865170999999997,0,208,52,18.155487466554938,4.372282999916968,-16.972458466554937,-3.1892539999169682
2022,7,Monaco Grand Prix,Circuit de Monaco,ocon,30,2,1.1864849999999998,alpine,0,1,0.22815945716709077,1.1865170999999997,0,193,52,18.633279249542223,4.161825064092401,-17.446794249542222,-2.9753400640924013
2022,7,Monaco Grand Prix,Circuit de Monaco,perez,30,3,1.172062,red_bull,0,1,0.22815945716709077,1.1865170999999997,0,220,52,17.855478777288468,3.8833188262570535,-16.683416777288468,-2.7112568262570536
2022,7,Monaco Grand Prix,Circuit de Monaco,ricciardo,30,2,1.168673,mclaren,0,1,0.22815945716709077,1.1865170999999997,0,208,52,18.155487466554938,3.8555875462016638,-16.98681446655494,-2.6869145462016637
2022,7,Monaco Grand Prix,Circuit de Monaco,russell,30,2,1.177545,mercedes,0,1,0.22815945716709077,1.1865170999999997,0,210,52,18.409880642812745,3.9476699901490053,-17.232335642812746,-2.7701249901490055
2022,7,Monaco Grand Prix,Circuit de Monaco,sainz,30,2,1.174793,ferrari,0,1,0.22815945716709077,1.1865170999999997,0,198,52,18.251440280176755,3.6695891279808825,-17.076647280176754,-2.494796127980883
2022,7,Monaco Grand Prix,Circuit de Monaco,stroll,29,4,1.1749649999999998,aston_martin,0,1,0.22815945716709077,1.1865170999999997,0,206,52,18.373257771559285,7.778621331227846,-17.198292771559284,-6.603656331227846
2022,7,Monaco Grand Prix,Circuit de Monaco,tsunoda,29,3,1.174444,alphatauri,0,1,0.22815945716709077,1.1865170999999997,0,138,52,18.285258862828602,4.268717410784236,-17.1108148628286,-3.0942734107842353
2022,7,Monaco Grand Prix,Circuit de Monaco,vettel,30,3,1.169495,aston_martin,0,1,0.22815945716709077,1.1865170999999997,0,206,52,18.373257771559285,4.538155583838912,-17.203762771559283,-3.368660583838912
2022,7,Monaco Grand Prix,Circuit de Monaco,zhou,29,2,1.174235,alfa,0,1,0.22815945716709077,1.1865170999999997,0,133,52,18.528500856391798,4.33974709200611,-17.354265856391798,-3.1655120920061104
2022,8,Azerbaijan Grand Prix,Baku City Circuit,albon,9,1,25.577,williams,0,1,0.12570145903479238,28.6684,1,209,71,22.57355991480724,22.309199329547237,3.0034400851927607,3.2678006704527647
2022,8,Azerbaijan Grand Prix,Baku City Circuit,albon,29,2,21.54,williams,0,1,0.12570145903479238,28.6684,1,209,71,22.57355991480724,22.238710250528754,-1.0335599148072419,-0.6987102505287552
2022,8,Azerbaijan Grand Prix,Baku City Circuit,alonso,18,1,20.571,alpine,0,1,0.12570145903479238,28.6684,1,193,71,21.953200861724582,22.152881111715963,-1.3822008617245807,-1.581881111715962
2022,8,Azerbaijan Grand Prix,Baku City Circuit,bottas,33,1,20.979,alfa,0,1,0.12570145903479238,28.6684,1,133,71,21.848422468574153,22.415475727408555,-0.8694224685741538,-1.4364757274085562
2022,8,Azerbaijan Grand Prix,Baku City Circuit,gasly,9,1,22.698,alphatauri,0,1,0.12570145903479238,28.6684,1,138,71,21.605180475010958,21.700741710803047,1.092819524989043,0.997258289196953
2022,8,Azerbaijan Grand Prix,Baku City Circuit,hamilton,9,1,21.47,mercedes,0,1,0.12570145903479238,28.6684,1,210,71,21.7298022549951,21.89109770714694,-0.2598022549951011,-0.4210977071469415
2022,8,Azerbaijan Grand Prix,Baku City Circuit,hamilton,33,2,20.831,mercedes,0,1,0.12570145903479238,28.6684,1,210,71,21.7298022549951,21.84177677507318,-0.8988022549951005,-1.0107767750731789
2022,8,Azerbaijan Grand Prix,Baku City Circuit,kevinmagnussen,9,1,21.555,haas,0,1,0.12570145903479238,28.6684,1,212,71,22.822198605774265,22.91857172311484,-1.267198605774265,-1.3635717231148412
2022,8,Azerbaijan Grand Prix,Baku City Circuit,latifi,3,1,29.395,williams,0,1,0.12570145903479238,28.6684,1,209,71,22.57355991480724,22.277447109130158,6.821440085192759,7.117552890869842
2022,8,Azerbaijan Grand Prix,Baku City Circuit,latifi,17,2,22.069,williams,0,1,0.12570145903479238,28.6684,1,209,71,22.57355991480724,22.175205809694592,-0.5045599148072419,-0.10620580969459326
2022,8,Azerbaijan Grand Prix,Baku City Circuit,leclerc,9,1,23.212,ferrari,0,1,0.12570145903479238,28.6684,1,198,71,21.57136189235911,21.613016844978823,1.6406381076408891,1.5989831550211768
2022,8,Azerbaijan Grand Prix,Baku City Circuit,maxverstappen,18,1,21.468,red_bull,0,1,0.12570145903479238,28.6684,1,220,71,21.175400389470823,21.35767942016531,0.2925996105291766,0.11032057983468846
2022,8,Azerbaijan Grand Prix,Baku City Circuit,maxverstappen,33,2,20.722,red_bull,0,1,0.12570145903479238,28.6684,1,220,71,21.175400389470823,21.26073015746592,-0.45340038947082206,-0.5387301574659205
2022,8,Azerbaijan Grand Prix,Baku City Circuit,mickschumacher,9,1,26.973,haas,0,1,0.12570145903479238,28.6684,1,212,71,22.822198605774265,22.91857172311484,4.150801394225734,4.054428276885158
2022,8,Azerbaijan Grand Prix,Baku City Circuit,mickschumacher,23,2,22.231,haas,0,1,0.12570145903479238,28.6684,1,212,71,22.822198605774265,22.816330423679272,-0.5911986057742631,-0.5853304236792702
2022,8,Azerbaijan Grand Prix,Baku City Circuit,norris,20,1,21.443,mclaren,0,1,0.12570145903479238,28.6684,1,208,71,21.475409078737293,21.857227667297582,-0.03240907873729171,-0.4142276672975811
2022,8,Azerbaijan Grand Prix,Baku City Circuit,ocon,33,1,22.638,alpine,0,1,0.12570145903479238,28.6684,1,193,71,21.953200861724582,22.232261662758667,0.6847991382754195,0.4057383372413348
2022,8,Azerbaijan Grand Prix,Baku City Circuit,perez,16,1,23.379,red_bull,0,1,0.12570145903479238,28.6684,1,220,71,21.175400389470823,21.347095346692946,2.203599610529178,2.0319046533070555
2022,8,Azerbaijan Grand Prix,Baku City Circuit,perez,33,2,22.349,red_bull,0,1,0.12570145903479238,28.6684,1,220,71,21.175400389470823,21.26073015746592,1.1735996105291768,1.0882698425340784
2022,8,Azerbaijan Grand Prix,Baku City Circuit,ricciardo,33,1,21.794,mclaren,0,1,0.12570145903479238,28.6684,1,208,71,21.475409078737293,21.926024144867927,0.3185909212627074,-0.1320241448679269
2022,8,Azerbaijan Grand Prix,Baku City Circuit,russell,9,1,20.538,mercedes,0,1,0.12570145903479238,28.6684,1,210,71,21.7298022549951,21.89109770714694,-1.1918022549950997,-1.35309770714694
2022,8,Azerbaijan Grand Prix,Baku City Circuit,russell,33,2,20.527,mercedes,0,1,0.12570145903479238,28.6684,1,210,71,21.7298022549951,21.84177677507318,-1.202802254995099,-1.3147767750731774
2022,8,Azerbaijan Grand Prix,Baku City Circuit,stroll,30,1,22.059,aston_martin,0,1,0.12570145903479238,28.6684,1,206,71,21.69317938374164,22.07602061858133,0.36582061625836104,-0.017020618581330638
2022,8,Azerbaijan Grand Prix,Baku City Circuit,tsunoda,9,1,23.083,alphatauri,0,1,0.12570145903479238,28.6684,1,138,71,21.605180475010958,21.700741710803047,1.477819524989041,1.382258289196951
2022,8,Azerbaijan Grand Prix,Baku City Circuit,tsunoda,38,2,41.5,alphatauri,0,1,0.12570145903479238,28.6684,1,138,71,21.605180475010958,21.677880962410185,19.894819524989042,19.822119037589815
2022,8,Azerbaijan Grand Prix,Baku City Circuit,vettel,9,1,20.249,aston_martin,0,1,0.12570145903479238,28.6684,1,206,71,21.69317938374164,21.964887847121545,-1.4441793837416412,-1.7158878471215466
2022,8,Azerbaijan Grand Prix,Baku City Circuit,zhou,9,1,23.001,alfa,0,1,0.12570145903479238,28.6684,1,133,71,21.848422468574153,22.288466845740228,1.1525775314258482,0.7125331542597735
2022,9,Canadian Grand Prix,Circuit Gilles Villeneuve,albon,18,1,23.804,williams,0,1,0.16930379746835442,33.736599999999996,1,209,106,27.01911966809913,26.372987323672408,-3.215119668099131,-2.5689873236724097
2022,9,Canadian Grand Prix,Circuit Gilles Villeneuve,albon,48,2,23.53,williams,0,1,0.16930379746835442,33.736599999999996,1,209,106,27.01911966809913,26.355418612015725,-3.4891196680991285,-2.8254186120157243
2022,9,Canadian Grand Prix,Circuit Gilles Villeneuve,alonso,28,1,23.779,alpine,0,1,0.16930379746835442,33.736599999999996,1,193,106,26.39876061501647,26.22196114257731,-2.619760615016471,-2.4429611425773103
2022,9,Canadian Grand Prix,Circuit Gilles Villeneuve,alonso,49,2,25.139,alpine,0,1,0.16930379746835442,33.736599999999996,1,193,106,26.39876061501647,26.156764100295007,-1.2597606150164715,-1.0177641002950075
2022,9,Canadian Grand Prix,Circuit Gilles Villeneuve,bottas,49,1,26.089,alfa,0,1,0.16930379746835442,33.736599999999996,1,133,106,26.29398222186604,26.516307978686985,-0.2049822218660431,-0.42730797868698644
2022,9,Canadian Grand Prix,Circuit Gilles Villeneuve,gasly,5,1,23.557,alphatauri,0,1,0.16930379746835442,33.736599999999996,1,138,106,26.050740228302846,25.695733227357877,-2.4937402283028476,-2.1387332273578785
2022,9,Canadian Grand Prix,Circuit Gilles Villeneuve,gasly,36,2,23.613,alphatauri,0,1,0.16930379746835442,33.736599999999996,1,138,106,26.050740228302846,25.683456552437374,-2.4377402283028466,-2.070456552437374
2022,9,Canadian Grand Prix,Circuit Gilles Villeneuve,hamilton,9,1,23.845,mercedes,0,1,0.16930379746835442,33.736599999999996,1,210,106,26.17536200828699,25.90725737064649,-2.33036200828699,-2.062257370646492
2022,9,Canadian Grand Prix,Circuit Gilles Villeneuve,hamilton,44,2,23.841,mercedes,0,1,0.16930379746835442,33.736599999999996,1,210,106,26.17536200828699,25.916148842670708,-2.3343620082869876,-2.075148842670707
2022,9,Canadian Grand Prix,Circuit Gilles Villeneuve,kevinmagnussen,7,1,38.262,haas,0,1,0.16930379746835442,33.736599999999996,1,212,106,27.267758359066153,26.92414731314203,10.994241640933847,11.337852686857971
2022,9,Canadian Grand Prix,Circuit Gilles Villeneuve,latifi,9,1,24.02,williams,0,1,0.16930379746835442,33.736599999999996,1,209,106,27.01911966809913,26.325358993046784,-2.99911966809913,-2.3053589930467844
2022,9,Canadian Grand Prix,Circuit Gilles Villeneuve,latifi,37,2,30.034,williams,0,1,0.16930379746835442,33.736599999999996,1,209,106,27.01911966809913,26.297206207917743,3.0148803319008692,3.7367937920822563
2022,9,Canadian Grand Prix,Circuit Gilles Villeneuve,leclerc,41,1,26.199,ferrari,0,1,0.16930379746835442,33.736599999999996,1,198,106,26.016921645651,25.798521684036135,0.18207835434900232,0.4004783159638663
2022,9,Canadian Grand Prix,Circuit Gilles Villeneuve,maxverstappen,9,1,24.217,red_bull,0,1,0.16930379746835442,33.736599999999996,1,220,106,25.620960142762712,25.326210753039234,-1.4039601427627133,-1.1092107530392354
2022,9,Canadian Grand Prix,Circuit Gilles Villeneuve,maxverstappen,43,2,23.704,red_bull,0,1,0.16930379746835442,33.736599999999996,1,220,106,25.620960142762712,25.329810188327272,-1.9169601427627114,-1.6258101883272715
2022,9,Canadian Grand Prix,Circuit Gilles Villeneuve,norris,19,1,43.032,mclaren,0,1,0.16930379746835442,33.736599999999996,1,208,106,25.920968832029182,25.86809529406095,17.111031167970815,17.163904705939046
2022,9,Canadian Grand Prix,Circuit Gilles Villeneuve,norris,42,2,24.134,mclaren,0,1,0.16930379746835442,33.736599999999996,1,208,106,25.920968832029182,25.813482325251005,-1.7869688320291814,-1.679482325251005
2022,9,Canadian Grand Prix,Circuit Gilles Villeneuve,ocon,19,1,25.684,alpine,0,1,0.16930379746835442,33.736599999999996,1,193,106,26.39876061501647,26.17433281195169,-0.7147606150164698,-0.49033281195168854
2022,9,Canadian Grand Prix,Circuit Gilles Villeneuve,ocon,49,2,23.945,alpine,0,1,0.16930379746835442,33.736599999999996,1,193,106,26.39876061501647,26.156764100295007,-2.4537606150164706,-2.2117641002950066
2022,9,Canadian Grand Prix,Circuit Gilles Villeneuve,ricciardo,19,1,27.937,mclaren,0,1,0.16930379746835442,33.736599999999996,1,208,106,25.920968832029182,25.86809529406095,2.0160311679708194,2.068904705939051
2022,9,Canadian Grand Prix,Circuit Gilles Villeneuve,ricciardo,49,2,24.833,mclaren,0,1,0.16930379746835442,33.736599999999996,1,208,106,25.920968832029182,25.850526582404267,-1.0879688320291834,-1.017526582404269
2022,9,Canadian Grand Prix,Circuit Gilles Villeneuve,russell,19,1,23.951,mercedes,0,1,0.16930379746835442,33.736599999999996,1,210,106,26.17536200828699,25.960177738008294,-2.224362008286988,-2.009177738008294
2022,9,Canadian Grand Prix,Circuit Gilles Villeneuve,russell,45,2,24.069,mercedes,0,1,0.16930379746835442,33.736599999999996,1,210,106,26.17536200828699,25.921440879406887,-2.1063620082869896,-1.8524408794068883
2022,9,Canadian Grand Prix,Circuit Gilles Villeneuve,sainz,20,1,24.215,ferrari,0,1,0.16930379746835442,33.736599999999996,1,198,106,26.016921645651,25.68738891257635,-1.8019216456509994,-1.4723889125763492
2022,9,Canadian Grand Prix,Circuit Gilles Villeneuve,sainz,49,2,24.881,ferrari,0,1,0.16930379746835442,33.736599999999996,1,198,106,26.016921645651,25.664528164183487,-1.135921645650999,-0.7835281641834868
2022,9,Canadian Grand Prix,Circuit Gilles Villeneuve,stroll,47,1,25.252,aston_martin,0,1,0.16930379746835442,33.736599999999996,1,206,106,26.13873913703353,26.182144906595944,-0.8867391370335298,-0.9301449065959453
2022,9,Canadian Grand Prix,Circuit Gilles Villeneuve,tsunoda,9,1,23.248,alphatauri,0,1,0.16930379746835442,33.736599999999996,1,138,106,26.050740228302846,25.716901374302594,-2.802740228302845,-2.468901374302593
2022,9,Canadian Grand Prix,Circuit Gilles Villeneuve,tsunoda,47,2,23.45,alphatauri,0,1,0.16930379746835442,33.736599999999996,1,138,106,26.050740228302846,25.741668956535356,-2.600740228302847,-2.291668956535357
2022,9,Canadian Grand Prix,Circuit Gilles Villeneuve,vettel,5,1,23.406,aston_martin,0,1,0.16930379746835442,33.736599999999996,1,206,106,26.13873913703353,25.95987936367637,-2.73273913703353,-2.553879363676373
2022,9,Canadian Grand Prix,Circuit Gilles Villeneuve,vettel,19,2,23.681,aston_martin,0,1,0.16930379746835442,33.736599999999996,1,206,106,26.13873913703353,25.857638064240806,-2.4577391370335278,-2.176638064240805
2022,9,Canadian Grand Prix,Circuit Gilles Villeneuve,zhou,19,1,24.281,alfa,0,1,0.16930379746835442,33.736599999999996,1,133,106,26.29398222186604,26.357546876601578,-2.012982221866043,-2.0765468766015793
2022,9,Canadian Grand Prix,Circuit Gilles Villeneuve,zhou,49,2,23.98,alfa,0,1,0.16930379746835442,33.736599999999996,1,133,106,26.29398222186604,26.339978164944895,-2.3139822218660413,-2.359978164944895
2022,11,Austrian Grand Prix,Red Bull Ring,albon,11,1,22.301,williams,0,1,0.0649546827794562,27.61,1,209,145,22.805615737080544,22.91066661086641,-0.5046157370805453,-0.6096666108664124
2022,11,Austrian Grand Prix,Red Bull Ring,albon,41,2,22.122,williams,0,1,0.0649546827794562,27.61,1,209,145,22.805615737080544,22.893097899209728,-0.6836157370805438,-0.7710978992097282
2022,11,Austrian Grand Prix,Red Bull Ring,alonso,27,1,21.552,alpine,0,1,0.0649546827794562,27.61,1,193,145,22.18525668399788,22.791392650188396,-0.6332566839978817,-1.239392650188396
2022,11,Austrian Grand Prix,Red Bull Ring,alonso,57,2,21.827,alpine,0,1,0.0649546827794562,27.61,1,193,145,22.18525668399788,22.773823938531716,-0.3582566839978796,-0.9468239385317148
2022,11,Austrian Grand Prix,Red Bull Ring,alonso,58,3,24.252,alpine,0,1,0.0649546827794562,27.61,1,193,145,22.18525668399788,23.2958114289832,2.0667433160021176,0.9561885710167992
2022,11,Austrian Grand Prix,Red Bull Ring,bottas,6,1,24.677,alfa,0,1,0.0649546827794562,27.61,1,133,145,22.080478290847456,22.8634739433785,2.596521709152544,1.8135260566214981
2022,11,Austrian Grand Prix,Red Bull Ring,bottas,39,2,22.278,alfa,0,1,0.0649546827794562,27.61,1,133,145,22.080478290847456,22.86178134193036,0.19752170915254297,-0.5837813419303615
2022,11,Austrian Grand Prix,Red Bull Ring,gasly,12,1,22.724,alphatauri,0,1,0.0649546827794562,27.61,1,138,145,21.83723629728426,22.307501028858404,0.88676370271574,0.4164989711415963
2022,11,Austrian Grand Prix,Red Bull Ring,gasly,40,2,27.61,alphatauri,0,1,0.0649546827794562,27.61,1,138,145,21.83723629728426,22.27934824372936,5.772763702715739,5.33065175627064
2022,11,Austrian Grand Prix,Red Bull Ring,hamilton,28,1,23.026,mercedes,0,1,0.0649546827794562,27.61,1,210,145,21.961858077268403,22.582529612981183,1.0641419227315971,0.4434703870188166
2022,11,Austrian Grand Prix,Red Bull Ring,hamilton,51,2,22.697,mercedes,0,1,0.0649546827794562,27.61,1,210,145,21.961858077268403,22.52791664417124,0.7351419227315965,0.16908335582876077
2022,11,Austrian Grand Prix,Red Bull Ring,kevinmagnussen,15,1,22.205,haas,0,1,0.0649546827794562,27.61,1,212,145,23.054254428047567,23.541207151378735,-0.8492544280475691,-1.336207151378737
2022,11,Austrian Grand Prix,Red Bull Ring,kevinmagnussen,41,2,22.088,haas,0,1,0.0649546827794562,27.61,1,212,145,23.054254428047567,23.502470292777332,-0.9662544280475664,-1.414470292777331
2022,11,Austrian Grand Prix,Red Bull Ring,latifi,12,1,21.722,williams,0,1,0.0649546827794562,27.61,1,209,145,22.805615737080544,22.91595864760259,-1.0836157370805424,-1.1939586476025887
2022,11,Austrian Grand Prix,Red Bull Ring,latifi,35,2,21.206,williams,0,1,0.0649546827794562,27.61,1,209,145,22.805615737080544,22.86134567879265,-1.5996157370805442,-1.6553456787926493
2022,11,Austrian Grand Prix,Red Bull Ring,leclerc,26,1,21.532,ferrari,0,1,0.0649546827794562,27.61,1,198,145,21.803417714632413,22.293864677340697,-0.27141771463241327,-0.7618646773406965
2022,11,Austrian Grand Prix,Red Bull Ring,leclerc,49,2,21.319,ferrari,0,1,0.0649546827794562,27.61,1,198,145,21.803417714632413,22.23925170853075,-0.48441771463241423,-0.9202517085307527
2022,11,Austrian Grand Prix,Red Bull Ring,leclerc,58,3,21.65,ferrari,0,1,0.0649546827794562,27.61,1,198,145,21.803417714632413,22.80357549287168,-0.15341771463241471,-1.1535754928716813
2022,11,Austrian Grand Prix,Red Bull Ring,maxverstappen,13,1,22.022,red_bull,0,1,0.0649546827794562,27.61,1,220,145,21.407456211744126,21.922102444331223,0.6145437882558724,0.09989755566877534
2022,11,Austrian Grand Prix,Red Bull Ring,maxverstappen,36,2,21.444,red_bull,0,1,0.0649546827794562,27.61,1,220,145,21.407456211744126,21.86748947552128,0.03654378825587301,-0.42348947552127925
2022,11,Austrian Grand Prix,Red Bull Ring,maxverstappen,58,3,21.319,red_bull,0,1,0.0649546827794562,27.61,1,220,145,21.407456211744126,22.500609737432548,-0.08845621174412699,-1.1816097374325487
2022,11,Austrian Grand Prix,Red Bull Ring,mickschumacher,16,1,22.12,haas,0,1,0.0649546827794562,27.61,1,212,145,23.054254428047567,23.546499188114918,-0.9342544280475664,-1.4264991881149172
2022,11,Austrian Grand Prix,Red Bull Ring,mickschumacher,43,2,22.88,haas,0,1,0.0649546827794562,27.61,1,212,145,23.054254428047567,23.513054366249694,-0.1742544280475684,-0.633054366249695
2022,11,Austrian Grand Prix,Red Bull Ring,norris,14,1,22.684,mclaren,0,1,0.0649546827794562,27.61,1,208,145,21.707464901010596,22.416358654727315,0.9765350989894053,0.26764134527268624
2022,11,Austrian Grand Prix,Red Bull Ring,norris,43,2,27.324,mclaren,0,1,0.0649546827794562,27.61,1,208,145,21.707464901010596,22.393497906334453,5.616535098989406,4.930502093665549
2022,11,Austrian Grand Prix,Red Bull Ring,ocon,16,1,21.755,alpine,0,1,0.0649546827794562,27.61,1,193,145,22.18525668399788,22.733180246090416,-0.4302566839978823,-0.9781802460904174
2022,11,Austrian Grand Prix,Red Bull Ring,ocon,44,2,22.109,alpine,0,1,0.0649546827794562,27.61,1,193,145,22.18525668399788,22.70502746096137,-0.07625668399787955,-0.5960274609613698
2022,11,Austrian Grand Prix,Red Bull Ring,ricciardo,12,1,21.356,mclaren,0,1,0.0649546827794562,27.61,1,208,145,21.707464901010596,22.405774581254953,-0.35146490101059413,-1.049774581254951
2022,11,Austrian Grand Prix,Red Bull Ring,ricciardo,44,2,21.889,mclaren,0,1,0.0649546827794562,27.61,1,208,145,21.707464901010596,22.398789943070632,0.18153509898940356,-0.5097899430706327
2022,11,Austrian Grand Prix,Red Bull Ring,russell,11,1,38.201,mercedes,0,1,0.0649546827794562,27.61,1,210,145,21.961858077268403,22.492564988466118,16.239141922731598,15.708435011533883
2022,11,Austrian Grand Prix,Red Bull Ring,russell,40,2,21.731,mercedes,0,1,0.0649546827794562,27.61,1,210,145,21.961858077268403,22.469704240073256,-0.23085807726840102,-0.738704240073254
2022,11,Austrian Grand Prix,Red Bull Ring,sainz,27,1,21.212,ferrari,0,1,0.0649546827794562,27.61,1,198,145,21.803417714632413,22.29915671407688,-0.5914177146324135,-1.0871567140768796
2022,11,Austrian Grand Prix,Red Bull Ring,sainz,50,2,21.492,ferrari,0,1,0.0649546827794562,27.61,1,198,145,21.803417714632413,22.244543745266935,-0.3114177146324124,-0.7525437452669337
2022,11,Austrian Grand Prix,Red Bull Ring,stroll,29,1,21.431,aston_martin,0,1,0.0649546827794562,27.61,1,206,145,21.925235206014943,22.661611789691964,-0.49423520601494175,-1.230611789691963
2022,11,Austrian Grand Prix,Red Bull Ring,stroll,48,2,21.952,aston_martin,0,1,0.0649546827794562,27.61,1,206,145,21.925235206014943,22.5858306739373,0.026764793985059043,-0.6338306739372968
2022,11,Austrian Grand Prix,Red Bull Ring,tsunoda,26,1,21.749,alphatauri,0,1,0.0649546827794562,27.61,1,138,145,21.83723629728426,22.381589543164928,-0.08823629728426141,-0.6325895431649293
2022,11,Austrian Grand Prix,Red Bull Ring,tsunoda,46,2,21.519,alphatauri,0,1,0.0649546827794562,27.61,1,138,145,21.83723629728426,22.311100464146442,-0.31823629728426184,-0.7921004641464435
2022,11,Austrian Grand Prix,Red Bull Ring,vettel,20,1,22.112,aston_martin,0,1,0.0649546827794562,27.61,1,206,145,21.925235206014943,22.613983459066343,0.18676479398505563,-0.501983459066345
2022,11,Austrian Grand Prix,Red Bull Ring,vettel,44,2,21.583,aston_martin,0,1,0.0649546827794562,27.61,1,206,145,21.925235206014943,22.564662526992578,-0.3422352060149443,-0.9816625269925794
2022,11,Austrian Grand Prix,Red Bull Ring,zhou,24,1,22.704,alfa,0,1,0.0649546827794562,27.61,1,133,145,22.080478290847456,22.958730604629746,0.6235217091525449,-0.2547306046297457
2022,11,Austrian Grand Prix,Red Bull Ring,zhou,46,2,28.86,alfa,0,1,0.0649546827794562,27.61,1,133,145,22.080478290847456,22.898825599083622,6.779521709152544,5.961174400916377
2022,12,French Grand Prix,Circuit Paul Ricard,albon,18,1,37.38,williams,0,1,0.15762004175365343,44.25599999999999,1,209,25,38.943790606251184,38.56664120921931,-1.5637906062511817,-1.1866412092193102
2022,12,French Grand Prix,Circuit Paul Ricard,alonso,18,1,36.524,alpine,0,1,0.15762004175365343,44.25599999999999,1,193,25,38.32343155316852,38.362694660762415,-1.7994315531685174,-1.838694660762414
2022,12,French Grand Prix,Circuit Paul Ricard,bottas,18,1,37.855,alfa,0,1,0.15762004175365343,44.25599999999999,1,133,25,38.21865316001809,38.5459087254123,-0.3636531600180959,-0.6909087254123065
2022,12,French Grand Prix,Circuit Paul Ricard,bottas,36,2,36.52,alfa,0,1,0.15762004175365343,44.25599999999999,1,133,25,38.21865316001809,38.46483557292146,-1.6986531600180896,-1.9448355729214555
2022,12,French Grand Prix,Circuit Paul Ricard,gasly,18,1,35.969,alphatauri,0,1,0.15762004175365343,44.25599999999999,1,138,25,37.975411166454904,37.95818359047512,-2.006411166454903,-1.9891835904751218
2022,12,French Grand Prix,Circuit Paul Ricard,hamilton,18,1,37.189,mercedes,0,1,0.15762004175365343,44.25599999999999,1,210,25,38.10003294643904,38.14853958681901,-0.9110329464390432,-0.9595395868190124
2022,12,French Grand Prix,Circuit Paul Ricard,kevinmagnussen,8,1,36.779,haas,0,1,0.15762004175365343,44.25599999999999,1,212,25,39.19242929721821,39.12309323542512,-2.413429297218208,-2.344093235425113
2022,12,French Grand Prix,Circuit Paul Ricard,kevinmagnussen,18,2,36.403,haas,0,1,0.15762004175365343,44.25599999999999,1,212,25,39.19242929721821,38.99968378904482,-2.789429297218213,-2.5966837890448247
2022,12,French Grand Prix,Circuit Paul Ricard,latifi,19,1,37.497,williams,0,1,0.15762004175365343,44.25599999999999,1,209,25,38.943790606251184,38.57193324595549,-1.4467906062511844,-1.0749332459554921
2022,12,French Grand Prix,Circuit Paul Ricard,latifi,38,2,36.942,williams,0,1,0.15762004175365343,44.25599999999999,1,209,25,38.943790606251184,38.49615213020083,-2.001790606251184,-1.5541521302008263
2022,12,French Grand Prix,Circuit Paul Ricard,maxverstappen,16,1,35.266,red_bull,0,1,0.15762004175365343,44.25599999999999,1,220,25,37.54563108091477,37.5569088957394,-2.2796310809147684,-2.290908895739399
2022,12,French Grand Prix,Circuit Paul Ricard,mickschumacher,9,1,36.704,haas,0,1,0.15762004175365343,44.25599999999999,1,212,25,39.19242929721821,39.128385272161296,-2.488429297218211,-2.4243852721612953
2022,12,French Grand Prix,Circuit Paul Ricard,mickschumacher,18,2,37.003,haas,0,1,0.15762004175365343,44.25599999999999,1,212,25,39.19242929721821,38.99968378904482,-2.1894292972182114,-1.9966837890448232
2022,12,French Grand Prix,Circuit Paul Ricard,norris,18,1,37.539,mclaren,0,1,0.15762004175365343,44.25599999999999,1,208,25,37.845639770181236,38.05645714287168,-0.3066397701812349,-0.5174571428716774
2022,12,French Grand Prix,Circuit Paul Ricard,ocon,18,1,44.747,alpine,0,1,0.15762004175365343,44.25599999999999,1,193,25,38.32343155316852,38.362694660762415,6.4235684468314815,6.384305339237585
2022,12,French Grand Prix,Circuit Paul Ricard,perez,18,1,38.061,red_bull,0,1,0.15762004175365343,44.25599999999999,1,220,25,37.54563108091477,37.56749296921176,0.5153689190852333,0.493507030788237
2022,12,French Grand Prix,Circuit Paul Ricard,ricciardo,18,1,36.264,mclaren,0,1,0.15762004175365343,44.25599999999999,1,208,25,37.845639770181236,38.05645714287168,-1.5816397701812335,-1.792457142871676
2022,12,French Grand Prix,Circuit Paul Ricard,russell,18,1,38.277,mercedes,0,1,0.15762004175365343,44.25599999999999,1,210,25,38.10003294643904,38.14853958681901,0.17696705356095777,0.12846041318098855
2022,12,French Grand Prix,Circuit Paul Ricard,sainz,18,1,41.458,ferrari,0,1,0.15762004175365343,44.25599999999999,1,198,25,37.94159258380306,37.870458724650895,3.516407416196941,3.5875412753491034
2022,12,French Grand Prix,Circuit Paul Ricard,sainz,42,2,42.292,ferrari,0,1,0.15762004175365343,44.25599999999999,1,198,25,37.94159258380306,37.82113779257713,4.350407416196944,4.4708622074228686
2022,12,French Grand Prix,Circuit Paul Ricard,stroll,18,1,39.844,aston_martin,0,1,0.15762004175365343,44.25599999999999,1,206,25,38.06341007518559,38.22232972679362,1.7805899248144144,1.6216702732063837
2022,12,French Grand Prix,Circuit Paul Ricard,tsunoda,11,1,37.648,alphatauri,0,1,0.15762004175365343,44.25599999999999,1,138,25,37.975411166454904,37.92113933332186,-0.3274111664549011,-0.2731393333218577
2022,12,French Grand Prix,Circuit Paul Ricard,vettel,19,1,36.671,aston_martin,0,1,0.15762004175365343,44.25599999999999,1,206,25,38.06341007518559,38.2276217635298,-1.3924100751855875,-1.5566217635297974
2022,12,French Grand Prix,Circuit Paul Ricard,zhou,9,1,36.444,alfa,0,1,0.15762004175365343,44.25599999999999,1,133,25,38.21865316001809,38.498280394786676,-1.7746531600180901,-2.054280394786673
2022,12,French Grand Prix,Circuit Paul Ricard,zhou,22,2,50.79,alfa,0,1,0.15762004175365343,44.25599999999999,1,133,25,38.21865316001809,38.390747058614934,12.571346839981906,12.399252941385065
2022,13,Hungarian Grand Prix,Hungaroring,albon,2,1,31.224,williams,0,1,0.128705712219812,28.749049999999997,1,209,118,23.03623460319688,22.71218012459192,8.187765396803119,8.51181987540808
2022,13,Hungarian Grand Prix,Hungaroring,albon,21,2,21.816,williams,0,1,0.128705712219812,28.749049999999997,1,209,118,23.03623460319688,22.63639900883726,-1.2202346031968823,-0.8203990088372599
2022,13,Hungarian Grand Prix,Hungaroring,albon,40,3,24.298,williams,0,1,0.128705712219812,28.749049999999997,1,209,118,23.03623460319688,23.253643160539987,1.261765396803117,1.0443568394600113
2022,13,Hungarian Grand Prix,Hungaroring,alonso,21,1,22.083,alpine,0,1,0.128705712219812,28.749049999999997,1,193,118,22.415875550114222,22.608782274122447,-0.332875550114224,-0.5257822741224487
2022,13,Hungarian Grand Prix,Hungaroring,bottas,26,1,22.272,alfa,0,1,0.128705712219812,28.749049999999997,1,133,118,22.311097156963793,22.818456522453236,-0.03909715696379479,-0.5464565224532372
2022,13,Hungarian Grand Prix,Hungaroring,gasly,16,1,21.675,alphatauri,0,1,0.128705712219812,28.749049999999997,1,138,118,22.067855163400598,22.177811020154255,-0.392855163400597,-0.5028110201542546
2022,13,Hungarian Grand Prix,Hungaroring,gasly,46,2,21.489,alphatauri,0,1,0.128705712219812,28.749049999999997,1,138,118,22.067855163400598,22.160242308497573,-0.578855163400597,-0.6712423084975718
2022,13,Hungarian Grand Prix,Hungaroring,hamilton,19,1,21.699,mercedes,0,1,0.128705712219812,28.749049999999997,1,210,118,22.19247694338474,22.384043126706686,-0.4934769433847386,-0.6850431267066845
2022,13,Hungarian Grand Prix,Hungaroring,hamilton,51,2,22.095,mercedes,0,1,0.128705712219812,28.749049999999997,1,210,118,22.19247694338474,22.37705848852237,-0.09747694338474133,-0.28205848852237025
2022,13,Hungarian Grand Prix,Hungaroring,kevinmagnussen,6,1,29.641,haas,0,1,0.128705712219812,28.749049999999997,1,212,118,23.284873294163905,23.342720665104245,6.356126705836093,6.298279334895753
2022,13,Hungarian Grand Prix,Hungaroring,kevinmagnussen,35,2,23.21,haas,0,1,0.128705712219812,28.749049999999997,1,212,118,23.284873294163905,23.319859916711376,-0.07487329416390409,-0.1098599167113754
2022,13,Hungarian Grand Prix,Hungaroring,kevinmagnussen,67,3,23.147,haas,0,1,0.128705712219812,28.749049999999997,1,212,118,23.284873294163905,24.005900545984453,-0.13787329416390648,-0.8589005459844543
2022,13,Hungarian Grand Prix,Hungaroring,latifi,18,1,21.865,williams,0,1,0.128705712219812,28.749049999999997,1,209,118,23.03623460319688,22.796852712370804,-1.1712346031968828,-0.9318527123708051
2022,13,Hungarian Grand Prix,Hungaroring,latifi,39,2,22.452,williams,0,1,0.128705712219812,28.749049999999997,1,209,118,23.03623460319688,22.7316556700885,-0.5842346031968795,-0.27965567008849845
2022,13,Hungarian Grand Prix,Hungaroring,latifi,56,3,28.777,williams,0,1,0.128705712219812,28.749049999999997,1,209,118,23.03623460319688,23.33831574831887,5.74076539680312,5.438684251681131
2022,13,Hungarian Grand Prix,Hungaroring,leclerc,21,1,21.775,ferrari,0,1,0.128705712219812,28.749049999999997,1,198,118,22.03403658074875,22.11654633801093,-0.25903658074875224,-0.34154633801093226
2022,13,Hungarian Grand Prix,Hungaroring,leclerc,39,2,21.972,ferrari,0,1,0.128705712219812,28.749049999999997,1,198,118,22.03403658074875,22.035473185520082,-0.062036580748749515,-0.06347318552008119
2022,13,Hungarian Grand Prix,Hungaroring,leclerc,54,3,21.544,ferrari,0,1,0.128705712219812,28.749049999999997,1,198,118,22.03403658074875,22.631549190278093,-0.49003658074875034,-1.087549190278093
2022,13,Hungarian Grand Prix,Hungaroring,maxverstappen,16,1,21.351,red_bull,0,1,0.128705712219812,28.749049999999997,1,220,118,21.638075077860464,21.78712039889089,-0.2870750778604645,-0.4361203988908926
2022,13,Hungarian Grand Prix,Hungaroring,maxverstappen,38,2,21.228,red_bull,0,1,0.128705712219812,28.749049999999997,1,220,118,21.638075077860464,21.727215393344768,-0.41007507786046205,-0.49921539334476606
2022,13,Hungarian Grand Prix,Hungaroring,mickschumacher,21,1,22.953,haas,0,1,0.128705712219812,28.749049999999997,1,212,118,23.284873294163905,23.42210121614695,-0.33187329416390554,-0.46910121614694944
2022,13,Hungarian Grand Prix,Hungaroring,mickschumacher,41,2,22.566,haas,0,1,0.128705712219812,28.749049999999997,1,212,118,23.284873294163905,23.35161213712846,-0.718873294163906,-0.7856121371284601
2022,13,Hungarian Grand Prix,Hungaroring,norris,14,1,23.567,mclaren,0,1,0.128705712219812,28.749049999999997,1,208,118,21.938083767126933,22.26550049907845,1.6289162328730669,1.301499500921551
2022,13,Hungarian Grand Prix,Hungaroring,norris,42,2,21.855,mclaren,0,1,0.128705712219812,28.749049999999997,1,208,118,21.938083767126933,22.237347713949404,-0.08308376712693288,-0.3823477139494038
2022,13,Hungarian Grand Prix,Hungaroring,ocon,23,1,23.581,alpine,0,1,0.128705712219812,28.749049999999997,1,193,118,22.415875550114222,22.619366347594806,1.1651244498857771,0.9616336524051938
2022,13,Hungarian Grand Prix,Hungaroring,perez,18,1,21.118,red_bull,0,1,0.128705712219812,28.749049999999997,1,220,118,21.638075077860464,21.79770447236325,-0.520075077860465,-0.6797044723632517
2022,13,Hungarian Grand Prix,Hungaroring,perez,42,2,21.167,red_bull,0,1,0.128705712219812,28.749049999999997,1,220,118,21.638075077860464,21.748383540289485,-0.471075077860462,-0.5813835402894831
2022,13,Hungarian Grand Prix,Hungaroring,ricciardo,15,1,21.558,mclaren,0,1,0.128705712219812,28.749049999999997,1,208,118,21.938083767126933,22.27079253581463,-0.3800837671269335,-0.7127925358146285
2022,13,Hungarian Grand Prix,Hungaroring,ricciardo,46,2,21.521,mclaren,0,1,0.128705712219812,28.749049999999997,1,208,118,21.938083767126933,22.258515860894125,-0.4170837671269325,-0.7375158608941241
2022,13,Hungarian Grand Prix,Hungaroring,russell,16,1,22.763,mercedes,0,1,0.128705712219812,28.749049999999997,1,210,118,22.19247694338474,22.36816701649815,0.5705230566152615,0.39483298350185336
2022,13,Hungarian Grand Prix,Hungaroring,russell,39,2,21.743,mercedes,0,1,0.128705712219812,28.749049999999997,1,210,118,22.19247694338474,22.313554047688203,-0.44947694338474165,-0.570554047688205
2022,13,Hungarian Grand Prix,Hungaroring,sainz,17,1,22.82,ferrari,0,1,0.128705712219812,28.749049999999997,1,198,118,22.03403658074875,22.095378191066207,0.7859634192512495,0.7246218089337937
2022,13,Hungarian Grand Prix,Hungaroring,sainz,47,2,23.456,ferrari,0,1,0.128705712219812,28.749049999999997,1,198,118,22.03403658074875,22.077809479409524,1.4219634192512487,1.3781905205904756
2022,13,Hungarian Grand Prix,Hungaroring,stroll,14,1,21.779,aston_martin,0,1,0.128705712219812,28.749049999999997,1,206,118,22.15585407213128,22.431373083000395,-0.3768540721312803,-0.6523730830003949
2022,13,Hungarian Grand Prix,Hungaroring,stroll,46,2,21.615,aston_martin,0,1,0.128705712219812,28.749049999999997,1,206,118,22.15585407213128,22.424388444816067,-0.5408540721312818,-0.8093884448160686
2022,13,Hungarian Grand Prix,Hungaroring,tsunoda,13,1,21.577,alphatauri,0,1,0.128705712219812,28.749049999999997,1,138,118,22.067855163400598,22.161934909945717,-0.490855163400596,-0.5849349099457157
2022,13,Hungarian Grand Prix,Hungaroring,tsunoda,33,2,22.016,alphatauri,0,1,0.128705712219812,28.749049999999997,1,138,118,22.067855163400598,22.091445830927228,-0.05185516340059948,-0.07544583092722945
2022,13,Hungarian Grand Prix,Hungaroring,tsunoda,51,3,22.128,alphatauri,0,1,0.128705712219812,28.749049999999997,1,138,118,22.067855163400598,22.70339794589378,0.060144836599402396,-0.5753979458937799
2022,13,Hungarian Grand Prix,Hungaroring,vettel,15,1,21.402,aston_martin,0,1,0.128705712219812,28.749049999999997,1,206,118,22.15585407213128,22.436665119736574,-0.7538540721312792,-1.034665119736573
2022,13,Hungarian Grand Prix,Hungaroring,vettel,46,2,25.03,aston_martin,0,1,0.128705712219812,28.749049999999997,1,206,118,22.15585407213128,22.424388444816067,2.874145927868721,2.605611555183934
2022,13,Hungarian Grand Prix,Hungaroring,zhou,27,1,22.321,alfa,0,1,0.128705712219812,28.749049999999997,1,133,118,22.311097156963793,22.823748559189415,0.009902843036208253,-0.5027485591894134
2022,13,Hungarian Grand Prix,Hungaroring,zhou,51,2,28.218,alfa,0,1,0.128705712219812,28.749049999999997,1,133,118,22.311097156963793,22.774427627115656,5.906902843036207,5.4435723728843435
2022,14,Belgian Grand Prix,Circuit de Spa-Francorchamps,albon,10,1,23.334,williams,0,1,0.1148989898989899,27.301,1,209,109,24.19822290377727,24.084790507968908,-0.8642229037772715,-0.7507905079689081
2022,14,Belgian Grand Prix,Circuit de Spa-Francorchamps,albon,26,2,24.415,williams,0,1,0.1148989898989899,27.301,1,209,109,24.19822290377727,23.9931332820057,0.216777096222728,0.4218667179942983
2022,14,Belgian Grand Prix,Circuit de Spa-Francorchamps,alonso,11,1,22.641,alpine,0,1,0.1148989898989899,27.301,1,193,109,23.577863850694612,23.88613599624819,-0.9368638506946141,-1.245135996248191
2022,14,Belgian Grand Prix,Circuit de Spa-Francorchamps,alonso,25,2,23.954,alpine,0,1,0.1148989898989899,27.301,1,193,109,23.577863850694612,23.783894696812624,0.3761361493053883,0.17010530318737693
2022,14,Belgian Grand Prix,Circuit de Spa-Francorchamps,gasly,10,1,22.857,alphatauri,0,1,0.1148989898989899,27.301,1,138,109,23.22984346398099,23.476332889224718,-0.3728434639809919,-0.6193328892247187
2022,14,Belgian Grand Prix,Circuit de Spa-Francorchamps,gasly,22,2,22.542,alphatauri,0,1,0.1148989898989899,27.301,1,138,109,23.22984346398099,23.36350751631679,-0.6878434639809896,-0.8215075163167889
2022,14,Belgian Grand Prix,Circuit de Spa-Francorchamps,kevinmagnussen,11,1,26.815,haas,0,1,0.1148989898989899,27.301,1,212,109,24.4468615947443,24.69945493827269,2.368138405255703,2.1155450617273104
2022,14,Belgian Grand Prix,Circuit de Spa-Francorchamps,kevinmagnussen,27,2,23.396,haas,0,1,0.1148989898989899,27.301,1,212,109,24.4468615947443,24.607797712309484,-1.0508615947442976,-1.2117977123094832
2022,14,Belgian Grand Prix,Circuit de Spa-Francorchamps,latifi,3,1,35.825,williams,0,1,0.1148989898989899,27.301,1,209,109,24.19822290377727,24.047746250815646,11.626777096222732,11.777253749184357
2022,14,Belgian Grand Prix,Circuit de Spa-Francorchamps,latifi,15,2,24.168,williams,0,1,0.1148989898989899,27.301,1,209,109,24.19822290377727,23.934920877907718,-0.03022290377727188,0.2330791220922812
2022,14,Belgian Grand Prix,Circuit de Spa-Francorchamps,latifi,34,3,23.414,williams,0,1,0.1148989898989899,27.301,1,209,109,24.19822290377727,24.552165029610446,-0.7842229037772697,-1.1381650296104446
2022,14,Belgian Grand Prix,Circuit de Spa-Francorchamps,leclerc,3,1,24.198,ferrari,0,1,0.1148989898989899,27.301,1,198,109,23.196024881329144,23.351563766247228,1.001975118670856,0.8464362337527724
2022,14,Belgian Grand Prix,Circuit de Spa-Francorchamps,leclerc,25,2,23.189,ferrari,0,1,0.1148989898989899,27.301,1,198,109,23.196024881329144,23.291658760701104,-0.00702488132914425,-0.1026587607011038
2022,14,Belgian Grand Prix,Circuit de Spa-Francorchamps,leclerc,42,3,23.334,ferrari,0,1,0.1148989898989899,27.301,1,198,109,23.196024881329144,23.89831883893147,0.13797511867085532,-0.5643188389314702
2022,14,Belgian Grand Prix,Circuit de Spa-Francorchamps,maxverstappen,15,1,22.882,red_bull,0,1,0.1148989898989899,27.301,1,220,109,22.800063378440854,23.112102451642258,0.08193662155914794,-0.2301024516422565
2022,14,Belgian Grand Prix,Circuit de Spa-Francorchamps,maxverstappen,30,2,22.322,red_bull,0,1,0.1148989898989899,27.301,1,220,109,22.800063378440854,23.015153188942868,-0.47806337844085434,-0.693153188942869
2022,14,Belgian Grand Prix,Circuit de Spa-Francorchamps,mickschumacher,14,1,24.158,haas,0,1,0.1148989898989899,27.301,1,212,109,24.4468615947443,24.715331048481232,-0.2888615947442972,-0.557331048481231
2022,14,Belgian Grand Prix,Circuit de Spa-Francorchamps,mickschumacher,30,2,24.982,haas,0,1,0.1148989898989899,27.301,1,212,109,24.4468615947443,24.623673822518022,0.5351384052557009,0.3583261774819775
2022,14,Belgian Grand Prix,Circuit de Spa-Francorchamps,norris,13,1,23.036,mclaren,0,1,0.1148989898989899,27.301,1,208,109,23.100072067707323,23.590482551829812,-0.06407206770732188,-0.5544825518298104
2022,14,Belgian Grand Prix,Circuit de Spa-Francorchamps,norris,29,2,23.56,mclaren,0,1,0.1148989898989899,27.301,1,208,109,23.100072067707323,23.498825325866605,0.4599279322926755,0.061174674133393836
2022,14,Belgian Grand Prix,Circuit de Spa-Francorchamps,ocon,12,1,23.511,alpine,0,1,0.1148989898989899,27.301,1,193,109,23.577863850694612,23.89142803298437,-0.06686385069461309,-0.3804280329843692
2022,14,Belgian Grand Prix,Circuit de Spa-Francorchamps,ocon,32,2,23.491,alpine,0,1,0.1148989898989899,27.301,1,193,109,23.577863850694612,23.820938953965886,-0.08686385069461267,-0.32993895396588613
2022,14,Belgian Grand Prix,Circuit de Spa-Francorchamps,perez,14,1,22.349,red_bull,0,1,0.1148989898989899,27.301,1,220,109,22.800063378440854,23.10681041490608,-0.4510633784408533,-0.7578104149060785
2022,14,Belgian Grand Prix,Circuit de Spa-Francorchamps,perez,27,2,22.65,red_bull,0,1,0.1148989898989899,27.301,1,220,109,22.800063378440854,22.99927707873433,-0.15006337844085493,-0.3492770787343318
2022,14,Belgian Grand Prix,Circuit de Spa-Francorchamps,ricciardo,12,1,23.085,mclaren,0,1,0.1148989898989899,27.301,1,208,109,23.100072067707323,23.58519051509363,-0.01507206770732239,-0.5001905150936281
2022,14,Belgian Grand Prix,Circuit de Spa-Francorchamps,ricciardo,32,2,23.146,mclaren,0,1,0.1148989898989899,27.301,1,208,109,23.100072067707323,23.514701436075146,0.045927932292677554,-0.3687014360751455
2022,14,Belgian Grand Prix,Circuit de Spa-Francorchamps,russell,13,1,22.825,mercedes,0,1,0.1148989898989899,27.301,1,210,109,23.35446524396513,23.682564995777156,-0.5294652439651308,-0.8575649957771567
2022,14,Belgian Grand Prix,Circuit de Spa-Francorchamps,russell,29,2,22.977,mercedes,0,1,0.1148989898989899,27.301,1,210,109,23.35446524396513,23.590907769813946,-0.3774652439651298,-0.6139077698139452
2022,14,Belgian Grand Prix,Circuit de Spa-Francorchamps,sainz,11,1,22.543,ferrari,0,1,0.1148989898989899,27.301,1,198,109,23.196024881329144,23.39390006013667,-0.653024881329145,-0.8509000601366701
2022,14,Belgian Grand Prix,Circuit de Spa-Francorchamps,sainz,25,2,22.75,ferrari,0,1,0.1148989898989899,27.301,1,198,109,23.196024881329144,23.291658760701104,-0.4460248813291443,-0.5416587607011039
2022,14,Belgian Grand Prix,Circuit de Spa-Francorchamps,stroll,15,1,23.555,aston_martin,0,1,0.1148989898989899,27.301,1,206,109,23.317842372711674,23.766939209224116,0.237157627288326,-0.21193920922411635
2022,14,Belgian Grand Prix,Circuit de Spa-Francorchamps,stroll,26,2,23.349,aston_martin,0,1,0.1148989898989899,27.301,1,206,109,23.317842372711674,23.648821799580006,0.031157627288326495,-0.29982179958000543
2022,14,Belgian Grand Prix,Circuit de Spa-Francorchamps,tsunoda,18,1,30.055,alphatauri,0,1,0.1148989898989899,27.301,1,138,109,23.22984346398099,23.51866918311416,6.8251565360190085,6.53633081688584
2022,14,Belgian Grand Prix,Circuit de Spa-Francorchamps,tsunoda,30,2,24.253,alphatauri,0,1,0.1148989898989899,27.301,1,138,109,23.22984346398099,23.405843810206232,1.023156536019009,0.8471561897937683
2022,14,Belgian Grand Prix,Circuit de Spa-Francorchamps,vettel,14,1,23.222,aston_martin,0,1,0.1148989898989899,27.301,1,206,109,23.317842372711674,23.761647172487937,-0.0958423727116724,-0.5396471724879355
2022,14,Belgian Grand Prix,Circuit de Spa-Francorchamps,vettel,33,2,22.833,aston_martin,0,1,0.1148989898989899,27.301,1,206,109,23.317842372711674,23.685866056733268,-0.4848423727116753,-0.8528660567332693
2022,14,Belgian Grand Prix,Circuit de Spa-Francorchamps,zhou,14,1,23.744,alfa,0,1,0.1148989898989899,27.301,1,133,109,23.473085457544187,24.08522617110662,0.27091454245581303,-0.34122617110661935
2022,14,Belgian Grand Prix,Circuit de Spa-Francorchamps,zhou,28,2,23.364,alfa,0,1,0.1148989898989899,27.301,1,133,109,23.473085457544187,23.982984871671054,-0.10908545754418597,-0.6189848716710529
2022,15,Dutch Grand Prix,Circuit Park Zandvoort,albon,21,1,19.325,williams,0,1,0.1853448275862069,24.485350000000004,1,209,115,18.069053869679816,21.978779038156325,1.2559461303201829,-2.653779038156326
2022,15,Dutch Grand Prix,Circuit Park Zandvoort,albon,42,2,19.911,williams,0,1,0.1853448275862069,24.485350000000004,1,209,115,18.069053869679816,21.91358199587402,1.841946130320185,-2.002581995874017
2022,15,Dutch Grand Prix,Circuit Park Zandvoort,albon,55,3,20.508,williams,0,1,0.1853448275862069,24.485350000000004,1,209,115,18.069053869679816,22.499073927159667,2.4389461303201827,-1.9910739271596682
2022,15,Dutch Grand Prix,Circuit Park Zandvoort,albon,56,4,14.114,williams,0,1,0.1853448275862069,24.485350000000004,0,209,115,18.069053869679816,5.899047351904018,-3.9550538696798156,8.214952648095982
2022,15,Dutch Grand Prix,Circuit Park Zandvoort,alonso,12,1,19.578,alpine,0,1,0.1853448275862069,24.485350000000004,1,193,115,17.448694816597154,21.727204159073803,2.1293051834028454,-2.149204159073804
2022,15,Dutch Grand Prix,Circuit Park Zandvoort,alonso,47,2,21.501,alpine,0,1,0.1853448275862069,24.485350000000004,1,193,115,17.448694816597154,21.736095631098024,4.052305183402847,-0.235095631098023
2022,15,Dutch Grand Prix,Circuit Park Zandvoort,alonso,57,3,15.762,alpine,0,1,0.1853448275862069,24.485350000000004,1,193,115,17.448694816597154,22.30571145217513,-1.6866948165971536,-6.543711452175131
2022,15,Dutch Grand Prix,Circuit Park Zandvoort,bottas,16,1,19.741,alfa,0,1,0.1853448275862069,24.485350000000004,1,133,115,17.34391642344673,21.931586370668416,2.397083576553271,-2.1905863706684165
2022,15,Dutch Grand Prix,Circuit Park Zandvoort,bottas,34,2,21.049,alfa,0,1,0.1853448275862069,24.485350000000004,1,133,115,17.34391642344673,21.850513218177568,3.705083576553271,-0.8015132181775684
2022,15,Dutch Grand Prix,Circuit Park Zandvoort,gasly,11,1,18.789,alphatauri,0,1,0.1853448275862069,24.485350000000004,1,138,115,17.100674429883533,21.317401052050332,1.6883255701164686,-2.528401052050331
2022,15,Dutch Grand Prix,Circuit Park Zandvoort,gasly,32,2,18.7,alphatauri,0,1,0.1853448275862069,24.485350000000004,1,138,115,17.100674429883533,21.25220400976803,1.5993255701164664,-2.5522040097680296
2022,15,Dutch Grand Prix,Circuit Park Zandvoort,gasly,56,3,18.572,alphatauri,0,1,0.1853448275862069,24.485350000000004,1,138,115,17.100674429883533,21.895908345151657,1.4713255701164663,-3.323908345151658
2022,15,Dutch Grand Prix,Circuit Park Zandvoort,gasly,57,4,13.973,alphatauri,0,1,0.1853448275862069,24.485350000000004,0,138,115,17.100674429883533,5.29588176989601,-3.127674429883532,8.677118230103991
2022,15,Dutch Grand Prix,Circuit Park Zandvoort,hamilton,29,1,19.046,mercedes,0,1,0.1853448275862069,24.485350000000004,1,210,115,17.225296209867675,21.603013709645474,1.820703790132324,-2.5570137096454744
2022,15,Dutch Grand Prix,Circuit Park Zandvoort,hamilton,48,2,19.164,mercedes,0,1,0.1853448275862069,24.485350000000004,1,210,115,17.225296209867675,21.527232593890805,1.938703790132326,-2.363232593890803
2022,15,Dutch Grand Prix,Circuit Park Zandvoort,hamilton,57,3,14.155,mercedes,0,1,0.1853448275862069,24.485350000000004,0,210,115,17.225296209867675,2.24047998211479,-3.070296209867676,11.91452001788521
2022,15,Dutch Grand Prix,Circuit Park Zandvoort,kevinmagnussen,14,1,20.785,haas,0,1,0.1853448275862069,24.485350000000004,1,212,115,18.31769256064684,22.551107174570667,2.46730743935316,-1.7661071745706671
2022,15,Dutch Grand Prix,Circuit Park Zandvoort,kevinmagnussen,34,2,23.71,haas,0,1,0.1853448275862069,24.485350000000004,1,212,115,18.31769256064684,22.48061809555218,5.392307439353161,1.2293819044478198
2022,15,Dutch Grand Prix,Circuit Park Zandvoort,kevinmagnussen,47,3,23.663,haas,0,1,0.1853448275862069,24.485350000000004,1,212,115,18.31769256064684,23.06611002683783,5.34530743935316,0.5968899731621704
2022,15,Dutch Grand Prix,Circuit Park Zandvoort,kevinmagnussen,56,4,14.175,haas,0,1,0.1853448275862069,24.485350000000004,0,212,115,18.31769256064684,6.508419745471621,-4.142692560646839,7.666580254528379
2022,15,Dutch Grand Prix,Circuit Park Zandvoort,latifi,13,1,20.284,williams,0,1,0.1853448275862069,24.485350000000004,1,209,115,18.069053869679816,21.936442744266884,2.2149461303201825,-1.6524427442668852
2022,15,Dutch Grand Prix,Circuit Park Zandvoort,latifi,26,2,20.733,williams,0,1,0.1853448275862069,24.485350000000004,1,209,115,18.069053869679816,21.828909408095136,2.663946130320184,-1.0959094080951353
2022,15,Dutch Grand Prix,Circuit Park Zandvoort,latifi,54,3,20.051,williams,0,1,0.1853448275862069,24.485350000000004,1,209,115,18.069053869679816,22.493781890423488,1.981946130320182,-2.4427818904234897
2022,15,Dutch Grand Prix,Circuit Park Zandvoort,latifi,55,4,14.459,williams,0,1,0.1853448275862069,24.485350000000004,0,209,115,18.069053869679816,5.893755315167839,-3.610053869679817,8.56524468483216
2022,15,Dutch Grand Prix,Circuit Park Zandvoort,leclerc,17,1,19.08,ferrari,0,1,0.1853448275862069,24.485350000000004,1,198,115,17.066855847231686,21.261428406643187,2.0131441527683123,-2.181428406643189
2022,15,Dutch Grand Prix,Circuit Park Zandvoort,leclerc,45,2,19.084,ferrari,0,1,0.1853448275862069,24.485350000000004,1,198,115,17.066855847231686,21.233275621514142,2.0171441527683136,-2.1492756215141426
2022,15,Dutch Grand Prix,Circuit Park Zandvoort,leclerc,56,3,19.576,ferrari,0,1,0.1853448275862069,24.485350000000004,1,198,115,17.066855847231686,21.80818347932743,2.5091441527683145,-2.2321834793274284
2022,15,Dutch Grand Prix,Circuit Park Zandvoort,leclerc,57,4,14.008,ferrari,0,1,0.1853448275862069,24.485350000000004,0,198,115,17.066855847231686,5.208156904071781,-3.058855847231687,8.799843095928217
2022,15,Dutch Grand Prix,Circuit Park Zandvoort,maxverstappen,18,1,19.634,red_bull,0,1,0.1853448275862069,24.485350000000004,1,220,115,16.6708943443434,20.963754687940234,2.9631056556566016,-1.329754687940234
2022,15,Dutch Grand Prix,Circuit Park Zandvoort,maxverstappen,48,2,19.61,red_bull,0,1,0.1853448275862069,24.485350000000004,1,220,115,16.6708943443434,20.94618597628355,2.9391056556566006,-1.3361859762835522
2022,15,Dutch Grand Prix,Circuit Park Zandvoort,maxverstappen,56,3,19.655,red_bull,0,1,0.1853448275862069,24.485350000000004,1,220,115,16.6708943443434,21.505217723888297,2.9841056556566024,-1.8502177238882958
2022,15,Dutch Grand Prix,Circuit Park Zandvoort,maxverstappen,57,4,14.113,red_bull,0,1,0.1853448275862069,24.485350000000004,0,220,115,16.6708943443434,4.905191148632647,-2.5578943443433992,9.207808851367353
2022,15,Dutch Grand Prix,Circuit Park Zandvoort,mickschumacher,13,1,26.813,haas,0,1,0.1853448275862069,24.485350000000004,1,212,115,18.31769256064684,22.545815137834488,8.495307439353159,4.267184862165511
2022,15,Dutch Grand Prix,Circuit Park Zandvoort,mickschumacher,33,2,21.814,haas,0,1,0.1853448275862069,24.485350000000004,1,212,115,18.31769256064684,22.475326058816,3.49630743935316,-0.6613260588160017
2022,15,Dutch Grand Prix,Circuit Park Zandvoort,mickschumacher,47,3,20.283,haas,0,1,0.1853448275862069,24.485350000000004,1,212,115,18.31769256064684,23.06611002683783,1.965307439353161,-2.7831100268378286
2022,15,Dutch Grand Prix,Circuit Park Zandvoort,mickschumacher,56,4,14.144,haas,0,1,0.1853448275862069,24.485350000000004,0,212,115,18.31769256064684,6.508419745471621,-4.17369256064684,7.635580254528379
2022,15,Dutch Grand Prix,Circuit Park Zandvoort,norris,17,1,19.303,mclaren,0,1,0.1853448275862069,24.485350000000004,1,208,115,16.97090303360987,21.447426824863967,2.3320969663901323,-2.1444268248639666
2022,15,Dutch Grand Prix,Circuit Park Zandvoort,norris,47,2,21.117,mclaren,0,1,0.1853448275862069,24.485350000000004,1,208,115,16.97090303360987,21.429858113207285,4.146096966390132,-0.31285811320728385
2022,15,Dutch Grand Prix,Circuit Park Zandvoort,norris,57,3,21.264,mclaren,0,1,0.1853448275862069,24.485350000000004,1,208,115,16.97090303360987,21.999473934284396,4.293096966390131,-0.7354739342843963
2022,15,Dutch Grand Prix,Circuit Park Zandvoort,ocon,18,1,19.455,alpine,0,1,0.1853448275862069,24.485350000000004,1,193,115,17.448694816597154,21.758956379490886,2.0063051834028442,-2.303956379490888
2022,15,Dutch Grand Prix,Circuit Park Zandvoort,ocon,56,2,21.602,alpine,0,1,0.1853448275862069,24.485350000000004,1,193,115,17.448694816597154,21.783723961723645,4.153305183402846,-0.18172396172364458
2022,15,Dutch Grand Prix,Circuit Park Zandvoort,ocon,57,3,14.041,alpine,0,1,0.1853448275862069,24.485350000000004,0,193,115,17.448694816597154,2.4546350560581853,-3.4076948165971537,11.586364943941815
2022,15,Dutch Grand Prix,Circuit Park Zandvoort,perez,14,1,18.835,red_bull,0,1,0.1853448275862069,24.485350000000004,1,220,115,16.6708943443434,20.942586540995514,2.164105655656602,-2.107586540995513
2022,15,Dutch Grand Prix,Circuit Park Zandvoort,perez,40,2,18.738,red_bull,0,1,0.1853448275862069,24.485350000000004,1,220,115,16.6708943443434,20.90384968239411,2.0671056556566008,-2.1658496823941107
2022,15,Dutch Grand Prix,Circuit Park Zandvoort,perez,56,3,19.25,red_bull,0,1,0.1853448275862069,24.485350000000004,1,220,115,16.6708943443434,21.505217723888297,2.579105655656601,-2.255217723888297
2022,15,Dutch Grand Prix,Circuit Park Zandvoort,perez,57,4,14.113,red_bull,0,1,0.1853448275862069,24.485350000000004,0,220,115,16.6708943443434,4.905191148632647,-2.5578943443433992,9.207808851367353
2022,15,Dutch Grand Prix,Circuit Park Zandvoort,ricciardo,11,1,19.546,mclaren,0,1,0.1853448275862069,24.485350000000004,1,208,115,16.97090303360987,21.415674604446885,2.575096966390131,-1.8696746044468853
2022,15,Dutch Grand Prix,Circuit Park Zandvoort,ricciardo,27,2,19.567,mclaren,0,1,0.1853448275862069,24.485350000000004,1,208,115,16.97090303360987,21.324017378483678,2.5960969663901317,-1.7570173784836776
2022,15,Dutch Grand Prix,Circuit Park Zandvoort,ricciardo,47,3,19.718,mclaren,0,1,0.1853448275862069,24.485350000000004,1,208,115,16.97090303360987,21.94655356692259,2.7470969663901315,-2.2285535669225887
2022,15,Dutch Grand Prix,Circuit Park Zandvoort,ricciardo,55,4,20.295,mclaren,0,1,0.1853448275862069,24.485350000000004,1,208,115,16.97090303360987,25.234647644937144,3.324096966390133,-4.939647644937143
2022,15,Dutch Grand Prix,Circuit Park Zandvoort,ricciardo,56,5,14.493,mclaren,0,1,0.1853448275862069,24.485350000000004,0,208,115,16.97090303360987,3.4407113370360163,-2.477903033609868,11.052288662963985
2022,15,Dutch Grand Prix,Circuit Park Zandvoort,russell,31,1,19.359,mercedes,0,1,0.1853448275862069,24.485350000000004,1,210,115,17.225296209867675,21.613597783117832,2.1337037901323264,-2.2545977831178305
2022,15,Dutch Grand Prix,Circuit Park Zandvoort,russell,48,2,20.742,mercedes,0,1,0.1853448275862069,24.485350000000004,1,210,115,17.225296209867675,21.527232593890805,3.5167037901323255,-0.7852325938908038
2022,15,Dutch Grand Prix,Circuit Park Zandvoort,russell,57,3,21.363,mercedes,0,1,0.1853448275862069,24.485350000000004,1,210,115,17.225296209867675,22.091556378231736,4.137703790132324,-0.7285563782317368
2022,15,Dutch Grand Prix,Circuit Park Zandvoort,sainz,14,1,29.705,ferrari,0,1,0.1853448275862069,24.485350000000004,1,198,115,17.066855847231686,21.245552296434646,12.638144152768312,8.459447703565353
2022,15,Dutch Grand Prix,Circuit Park Zandvoort,sainz,43,2,19.493,ferrari,0,1,0.1853448275862069,24.485350000000004,1,198,115,17.066855847231686,21.222691548041784,2.4261441527683125,-1.7296915480417852
2022,15,Dutch Grand Prix,Circuit Park Zandvoort,sainz,57,3,21.164,ferrari,0,1,0.1853448275862069,24.485350000000004,1,198,115,17.066855847231686,21.813475516063612,4.0971441527683155,-0.6494755160636103
2022,15,Dutch Grand Prix,Circuit Park Zandvoort,stroll,16,1,20.205,aston_martin,0,1,0.1853448275862069,24.485350000000004,1,206,115,17.188673338614215,21.608007372049734,3.016326661385783,-1.4030073720497356
2022,15,Dutch Grand Prix,Circuit Park Zandvoort,stroll,38,2,20.214,aston_martin,0,1,0.1853448275862069,24.485350000000004,1,206,115,17.188673338614215,21.54810236650361,3.025326661385783,-1.3341023665036111
2022,15,Dutch Grand Prix,Circuit Park Zandvoort,stroll,56,3,19.141,aston_martin,0,1,0.1853448275862069,24.485350000000004,1,206,115,17.188673338614215,22.160054481470155,1.9523266613857828,-3.0190544814701568
2022,15,Dutch Grand Prix,Circuit Park Zandvoort,stroll,57,4,14.118,aston_martin,0,1,0.1853448275862069,24.485350000000004,0,206,115,17.188673338614215,5.560027906214506,-3.070673338614215,8.557972093785494
2022,15,Dutch Grand Prix,Circuit Park Zandvoort,tsunoda,13,1,18.774,alphatauri,0,1,0.1853448275862069,24.485350000000004,1,138,115,17.100674429883533,21.327985125522694,1.673325570116468,-2.5539851255226935
2022,15,Dutch Grand Prix,Circuit Park Zandvoort,tsunoda,42,2,19.293,alphatauri,0,1,0.1853448275862069,24.485350000000004,1,138,115,17.100674429883533,21.30512437712983,2.1923255701164663,-2.0121243771298296
2022,15,Dutch Grand Prix,Circuit Park Zandvoort,tsunoda,43,3,52.684,alphatauri,0,1,0.1853448275862069,24.485350000000004,1,138,115,17.100674429883533,21.827111867581316,35.583325570116465,30.856888132418682
2022,15,Dutch Grand Prix,Circuit Park Zandvoort,vettel,9,1,22.391,aston_martin,0,1,0.1853448275862069,24.485350000000004,1,206,115,17.188673338614215,21.570963114896472,5.202326661385783,0.8200368851035265
2022,15,Dutch Grand Prix,Circuit Park Zandvoort,vettel,35,2,19.156,aston_martin,0,1,0.1853448275862069,24.485350000000004,1,206,115,17.188673338614215,21.53222625629507,1.9673266613857834,-2.3762262562950696
2022,15,Dutch Grand Prix,Circuit Park Zandvoort,vettel,48,3,18.709,aston_martin,0,1,0.1853448275862069,24.485350000000004,1,206,115,17.188673338614215,22.117718187580714,1.5203266613857842,-3.408718187580714
2022,15,Dutch Grand Prix,Circuit Park Zandvoort,vettel,56,4,14.349,aston_martin,0,1,0.1853448275862069,24.485350000000004,0,206,115,17.188673338614215,5.554735869478326,-2.8396733386142152,8.794264130521675
2022,15,Dutch Grand Prix,Circuit Park Zandvoort,zhou,12,1,19.548,alfa,0,1,0.1853448275862069,24.485350000000004,1,133,115,17.34391642344673,21.910418223723692,2.20408357655327,-2.3624182237236937
2022,15,Dutch Grand Prix,Circuit Park Zandvoort,zhou,37,2,25.433,alfa,0,1,0.1853448275862069,24.485350000000004,1,133,115,17.34391642344673,21.86638932838611,8.089083576553271,3.5666106716138906
2022,15,Dutch Grand Prix,Circuit Park Zandvoort,zhou,55,3,20.188,alfa,0,1,0.1853448275862069,24.485350000000004,1,133,115,17.34391642344673,22.478341443352658,2.8440835765532704,-2.290341443352659
2022,15,Dutch Grand Prix,Circuit Park Zandvoort,zhou,56,4,14.128,alfa,0,1,0.1853448275862069,24.485350000000004,0,133,115,17.34391642344673,5.878314868097009,-3.2159164234467283,8.249685131902991
2022,16,Italian Grand Prix,Autodromo Nazionale di Monza,bottas,35,1,24.758,alfa,0,1,0.16580844490216273,26.7582,1,133,83,25.254224261438296,25.4966611408544,-0.49622426143829657,-0.7386611408544006
2022,16,Italian Grand Prix,Autodromo Nazionale di Monza,devries,19,1,24.628,williams,0,1,0.16580844490216273,26.7582,1,209,83,25.979361707671384,25.432721036882523,-1.3513617076713835,-0.8047210368825226
2022,16,Italian Grand Prix,Autodromo Nazionale di Monza,gasly,18,1,25.376,alphatauri,0,1,0.16580844490216273,26.7582,1,138,83,25.0109822678751,24.818971381402154,0.3650177321249011,0.5570286185978475
2022,16,Italian Grand Prix,Autodromo Nazionale di Monza,hamilton,33,1,24.282,mercedes,0,1,0.16580844490216273,26.7582,1,210,83,25.135604047859243,25.08870792878875,-0.8536040478592426,-0.8067079287887502
2022,16,Italian Grand Prix,Autodromo Nazionale di Monza,kevinmagnussen,24,1,30.164,haas,0,1,0.16580844490216273,26.7582,1,212,83,26.228000398638407,26.068553614131023,3.935999601361594,4.0954463858689785
2022,16,Italian Grand Prix,Autodromo Nazionale di Monza,kevinmagnussen,46,2,24.846,haas,0,1,0.16580844490216273,26.7582,1,212,83,26.228000398638407,26.0086486085849,-1.3820003986384073,-1.1626486085848988
2022,16,Italian Grand Prix,Autodromo Nazionale di Monza,latifi,15,1,26.782,williams,0,1,0.16580844490216273,26.7582,1,209,83,25.979361707671384,25.411552889937802,0.8026382923286164,1.370447110062198
2022,16,Italian Grand Prix,Autodromo Nazionale di Monza,latifi,47,2,24.263,williams,0,1,0.16580844490216273,26.7582,1,209,83,25.979361707671384,25.404568251753478,-1.716361707671382,-1.1415682517534762
2022,16,Italian Grand Prix,Autodromo Nazionale di Monza,leclerc,12,1,23.531,ferrari,0,1,0.16580844490216273,26.7582,1,198,83,24.977163685223253,24.69949429516084,-1.4461636852232544,-1.1684942951608406
2022,16,Italian Grand Prix,Autodromo Nazionale di Monza,leclerc,33,2,23.904,ferrari,0,1,0.16580844490216273,26.7582,1,198,83,24.977163685223253,24.634297252878536,-1.0731636852232533,-0.7302972528785361
2022,16,Italian Grand Prix,Autodromo Nazionale di Monza,leclerc,48,3,23.719,ferrari,0,1,0.16580844490216273,26.7582,1,198,83,24.977163685223253,25.230373257636543,-1.258163685223252,-1.5113732576365422
2022,16,Italian Grand Prix,Autodromo Nazionale di Monza,maxverstappen,25,1,23.791,red_bull,0,1,0.16580844490216273,26.7582,1,220,83,24.581202182334966,24.465325017292052,-0.7902021823349656,-0.6743250172920519
2022,16,Italian Grand Prix,Autodromo Nazionale di Monza,maxverstappen,48,2,24.091,red_bull,0,1,0.16580844490216273,26.7582,1,220,83,24.581202182334966,24.410712048482107,-0.49020218233496493,-0.3197120484821063
2022,16,Italian Grand Prix,Autodromo Nazionale di Monza,mickschumacher,33,1,24.817,haas,0,1,0.16580844490216273,26.7582,1,212,83,26.228000398638407,26.116181944756647,-1.4110003986384072,-1.299181944756647
2022,16,Italian Grand Prix,Autodromo Nazionale di Monza,norris,35,1,26.714,mclaren,0,1,0.16580844490216273,26.7582,1,208,83,24.881210871601436,25.007209558313768,1.832789128398563,1.7067904416862305
2022,16,Italian Grand Prix,Autodromo Nazionale di Monza,norris,47,2,24.784,mclaren,0,1,0.16580844490216273,26.7582,1,208,83,24.881210871601436,24.89438418540584,-0.09721087160143682,-0.1103841854058416
2022,16,Italian Grand Prix,Autodromo Nazionale di Monza,ocon,19,1,24.336,alpine,0,1,0.16580844490216273,26.7582,1,193,83,25.35900265458872,25.22877448842562,-1.0230026545887227,-0.8927744884256228
2022,16,Italian Grand Prix,Autodromo Nazionale di Monza,perez,7,1,23.698,red_bull,0,1,0.16580844490216273,26.7582,1,220,83,24.581202182334966,24.370068356040807,-0.8832021823349656,-0.672068356040807
2022,16,Italian Grand Prix,Autodromo Nazionale di Monza,perez,42,2,23.299,red_bull,0,1,0.16580844490216273,26.7582,1,220,83,24.581202182334966,24.378959828065025,-1.2822021823349665,-1.079959828065025
2022,16,Italian Grand Prix,Autodromo Nazionale di Monza,ricciardo,19,1,25.164,mclaren,0,1,0.16580844490216273,26.7582,1,208,83,24.881210871601436,24.922536970534885,0.28278912839856574,0.2414630294651161
2022,16,Italian Grand Prix,Autodromo Nazionale di Monza,russell,23,1,25.075,mercedes,0,1,0.16580844490216273,26.7582,1,210,83,25.135604047859243,25.035787561426947,-0.06060404785924334,0.039212438573052566
2022,16,Italian Grand Prix,Autodromo Nazionale di Monza,russell,47,2,24.114,mercedes,0,1,0.16580844490216273,26.7582,1,210,83,25.135604047859243,24.986466629353185,-1.0216040478592419,-0.872466629353184
2022,16,Italian Grand Prix,Autodromo Nazionale di Monza,sainz,30,1,23.728,ferrari,0,1,0.16580844490216273,26.7582,1,198,83,24.977163685223253,24.794750956412088,-1.2491636852232517,-1.0667509564120863
2022,16,Italian Grand Prix,Autodromo Nazionale di Monza,sainz,47,2,24.525,ferrari,0,1,0.16580844490216273,26.7582,1,198,83,24.977163685223253,24.70838576718506,-0.4521636852232547,-0.1833857671850616
2022,16,Italian Grand Prix,Autodromo Nazionale di Monza,stroll,18,1,24.254,aston_martin,0,1,0.16580844490216273,26.7582,1,206,83,25.098981176605783,25.08311751772065,-0.8449811766057813,-0.8291175177206469
2022,16,Italian Grand Prix,Autodromo Nazionale di Monza,tsunoda,19,1,24.009,alphatauri,0,1,0.16580844490216273,26.7582,1,138,83,25.0109822678751,24.824263418138333,-1.0019822678750998,-0.8152634181383327
2022,16,Italian Grand Prix,Autodromo Nazionale di Monza,tsunoda,47,2,23.904,alphatauri,0,1,0.16580844490216273,26.7582,1,138,83,25.0109822678751,24.79611063300929,-1.1069822678751002,-0.8921106330092918
2022,16,Italian Grand Prix,Autodromo Nazionale di Monza,zhou,18,1,25.366,alfa,0,1,0.16580844490216273,26.7582,1,133,83,25.254224261438296,25.40669651633933,0.11177573856170397,-0.04069651633933091
2022,17,Singapore Grand Prix,Marina Bay Street Circuit,bottas,33,1,32.167,alfa,0,1,0.32063492063492066,39.247,1,133,69,31.413416886982706,30.260400148167445,0.7535831130172959,1.9065998518325564
2022,17,Singapore Grand Prix,Marina Bay Street Circuit,gasly,33,1,29.867,alphatauri,0,1,0.32063492063492066,39.247,1,138,69,31.17017489341951,29.67267501323027,-1.3031748934195093,0.19432498676973253
2022,17,Singapore Grand Prix,Marina Bay Street Circuit,hamilton,34,1,41.019,mercedes,0,1,0.32063492063492066,39.247,1,210,69,31.294796673403653,29.868323046310337,9.724203326596346,11.150676953689661
2022,17,Singapore Grand Prix,Marina Bay Street Circuit,kevinmagnussen,7,1,39.247,haas,0,1,0.32063492063492066,39.247,1,212,69,32.38719302418282,30.752912070401376,6.859806975817179,8.494087929598624
2022,17,Singapore Grand Prix,Marina Bay Street Circuit,kevinmagnussen,33,2,32.603,haas,0,1,0.32063492063492066,39.247,1,212,69,32.38719302418282,30.71417521179997,0.21580697581718056,1.8888247882000329
2022,17,Singapore Grand Prix,Marina Bay Street Circuit,leclerc,34,1,32.058,ferrari,0,1,0.32063492063492066,39.247,1,198,69,31.136356310767663,29.590242184142216,0.9216436892323365,2.4677578158577838
2022,17,Singapore Grand Prix,Marina Bay Street Circuit,maxverstappen,35,1,29.407,red_bull,0,1,0.32063492063492066,39.247,1,220,69,30.740394807879376,29.292568465439263,-1.333394807879376,0.11443153456073674
2022,17,Singapore Grand Prix,Marina Bay Street Circuit,maxverstappen,40,2,29.775,red_bull,0,1,0.32063492063492066,39.247,1,220,69,30.740394807879376,29.142698835378077,-0.9653948078793775,0.6323011646219214
2022,17,Singapore Grand Prix,Marina Bay Street Circuit,mickschumacher,34,1,31.201,haas,0,1,0.32063492063492066,39.247,1,212,69,32.38719302418282,30.895797062278238,-1.1861930241828205,0.3052029377217629
2022,17,Singapore Grand Prix,Marina Bay Street Circuit,mickschumacher,41,2,34.722,haas,0,1,0.32063492063492066,39.247,1,212,69,32.38719302418282,30.75651150568941,2.3348069758171803,3.9654884943105912
2022,17,Singapore Grand Prix,Marina Bay Street Circuit,norris,36,1,30.528,mclaren,0,1,0.32063492063492066,39.247,1,208,69,31.040403497145846,29.78682467583536,-0.5124034971458471,0.7411753241646402
2022,17,Singapore Grand Prix,Marina Bay Street Circuit,perez,35,1,29.55,red_bull,0,1,0.32063492063492066,39.247,1,220,69,30.740394807879376,29.292568465439263,-1.1903948078793753,0.2574315345607374
2022,17,Singapore Grand Prix,Marina Bay Street Circuit,ricciardo,36,1,30.946,mclaren,0,1,0.32063492063492066,39.247,1,208,69,31.040403497145846,29.78682467583536,-0.09440349714584428,1.159175324164643
2022,17,Singapore Grand Prix,Marina Bay Street Circuit,russell,21,1,30.378,mercedes,0,1,0.32063492063492066,39.247,1,210,69,31.294796673403653,29.79952656874,-0.9167966734036526,0.5784734312600008
2022,17,Singapore Grand Prix,Marina Bay Street Circuit,russell,35,2,29.713,mercedes,0,1,0.32063492063492066,39.247,1,210,69,31.294796673403653,29.697285269304427,-1.5817966734036517,0.015714730695574275
2022,17,Singapore Grand Prix,Marina Bay Street Circuit,russell,41,3,33.211,mercedes,0,1,0.32063492063492066,39.247,1,210,69,31.294796673403653,30.245732943436813,1.9162033265963458,2.965267056563185
2022,17,Singapore Grand Prix,Marina Bay Street Circuit,russell,51,4,29.893,mercedes,0,1,0.32063492063492066,39.247,1,210,69,31.294796673403653,33.54441109492374,-1.401796673403652,-3.6514110949237377
2022,17,Singapore Grand Prix,Marina Bay Street Circuit,sainz,35,1,30.603,ferrari,0,1,0.32063492063492066,39.247,1,198,69,31.136356310767663,29.595534220878402,-0.5333563107676618,1.007465779121599
2022,17,Singapore Grand Prix,Marina Bay Street Circuit,stroll,35,1,29.863,aston_martin,0,1,0.32063492063492066,39.247,1,206,69,31.258173802150193,29.94740522302112,-1.3951738021501932,-0.08440522302112186
2022,17,Singapore Grand Prix,Marina Bay Street Circuit,tsunoda,33,1,31.293,alphatauri,0,1,0.32063492063492066,39.247,1,138,69,31.17017489341951,29.67267501323027,0.12282510658048906,1.620324986769731
2022,17,Singapore Grand Prix,Marina Bay Street Circuit,vettel,34,1,29.704,aston_martin,0,1,0.32063492063492066,39.247,1,206,69,31.258173802150193,29.942113186284942,-1.554173802150192,-0.2381131862849415
2022,18,Japanese Grand Prix,Suzuka Circuit,alonso,8,2,24.106,alpine,0,1,0.07495069033530571,25.8685,1,193,24,24.055235866026383,23.76677697624905,0.0507641339736189,0.33922302375095015
2022,18,Japanese Grand Prix,Suzuka Circuit,alonso,22,3,24.123,alpine,0,1,0.07495069033530571,25.8685,1,193,24,24.055235866026383,24.35756094427088,0.06776413397361836,-0.23456094427087848
2022,18,Japanese Grand Prix,Suzuka Circuit,bottas,6,2,24.869,alfa,0,1,0.07495069033530571,25.8685,1,133,24,23.950457472875957,23.93940696742658,0.9185425271240426,0.9295930325734183
2022,18,Japanese Grand Prix,Suzuka Circuit,gasly,7,3,24.966,alphatauri,0,1,0.07495069033530571,25.8685,1,138,24,23.70721547931276,23.873669322940884,1.2587845206872394,1.0923306770591168
2022,18,Japanese Grand Prix,Suzuka Circuit,gasly,19,4,23.966,alphatauri,0,1,0.07495069033530571,25.8685,1,138,24,23.70721547931276,27.18293154790016,0.25878452068723945,-3.2169315479001597
2022,18,Japanese Grand Prix,Suzuka Circuit,hamilton,7,2,25.059,mercedes,0,1,0.07495069033530571,25.8685,1,210,24,23.8318372592969,23.547329865569473,1.2271627407031005,1.5116701344305277
2022,18,Japanese Grand Prix,Suzuka Circuit,kevinmagnussen,7,2,25.594,haas,0,1,0.07495069033530571,25.8685,1,212,24,24.92423361007607,24.57480388153737,0.6697663899239323,1.0191961184626308
2022,18,Japanese Grand Prix,Suzuka Circuit,latifi,5,2,24.785,williams,0,1,0.07495069033530571,25.8685,1,209,24,24.675594919109045,23.954847414497408,0.10940508089095502,0.8301525855025922
2022,18,Japanese Grand Prix,Suzuka Circuit,leclerc,7,2,25.899,ferrari,0,1,0.07495069033530571,25.8685,1,198,24,23.673396896660915,23.269249003401352,2.225603103339086,2.6297509965986485
2022,18,Japanese Grand Prix,Suzuka Circuit,maxverstappen,7,2,24.308,red_bull,0,1,0.07495069033530571,25.8685,1,220,24,23.277435393772624,22.966283247962217,1.030564606227376,1.341716752037783
2022,18,Japanese Grand Prix,Suzuka Circuit,mickschumacher,11,2,24.608,haas,0,1,0.07495069033530571,25.8685,1,212,24,24.92423361007607,24.595972028482095,-0.3162336100760683,0.012027971517905911
2022,18,Japanese Grand Prix,Suzuka Circuit,norris,6,2,24.595,mclaren,0,1,0.07495069033530571,25.8685,1,208,24,23.577444083039097,23.449955384885953,1.0175559169609016,1.1450446151140454
2022,18,Japanese Grand Prix,Suzuka Circuit,ocon,7,2,25.172,alpine,0,1,0.07495069033530571,25.8685,1,193,24,24.055235866026383,23.761484939512872,1.1167641339736178,1.4105150604871284
2022,18,Japanese Grand Prix,Suzuka Circuit,perez,7,2,25.322,red_bull,0,1,0.07495069033530571,25.8685,1,220,24,23.277435393772624,22.966283247962217,2.0445646062273752,2.3557167520377824
2022,18,Japanese Grand Prix,Suzuka Circuit,ricciardo,8,2,25.377,mclaren,0,1,0.07495069033530571,25.8685,1,208,24,23.577444083039097,23.460539458358312,1.7995559169609017,1.9164605416416869
2022,18,Japanese Grand Prix,Suzuka Circuit,russell,7,2,28.728,mercedes,0,1,0.07495069033530571,25.8685,1,210,24,23.8318372592969,23.547329865569473,4.896162740703101,5.180670134430528
2022,18,Japanese Grand Prix,Suzuka Circuit,stroll,7,2,24.005,aston_martin,0,1,0.07495069033530571,25.8685,1,206,24,23.795214388043444,23.62112000554408,0.20978561195655487,0.3838799944559206
2022,18,Japanese Grand Prix,Suzuka Circuit,stroll,19,3,23.87,aston_martin,0,1,0.07495069033530571,25.8685,1,206,24,23.795214388043444,24.201319900093544,0.07478561195655686,-0.3313199000935434
2022,18,Japanese Grand Prix,Suzuka Circuit,tsunoda,7,2,24.439,alphatauri,0,1,0.07495069033530571,25.8685,1,138,24,23.70721547931276,23.35697386922558,0.7317845206872384,1.0820261307744197
2022,18,Japanese Grand Prix,Suzuka Circuit,tsunoda,20,3,23.756,alphatauri,0,1,0.07495069033530571,25.8685,1,138,24,23.70721547931276,23.942465800511226,0.0487845206872386,-0.1864658005112254
2022,18,Japanese Grand Prix,Suzuka Circuit,vettel,5,2,24.218,aston_martin,0,1,0.07495069033530571,25.8685,1,206,24,23.795214388043444,23.610535932071713,0.42278561195655584,0.6074640679282872
2022,18,Japanese Grand Prix,Suzuka Circuit,zhou,9,2,24.563,alfa,0,1,0.07495069033530571,25.8685,1,133,24,23.950457472875957,23.95528307763512,0.6125425271240417,0.6077169223648795
2022,18,Japanese Grand Prix,Suzuka Circuit,zhou,18,3,24.266,alfa,0,1,0.07495069033530571,25.8685,1,133,24,23.950457472875957,24.519606861976047,0.31554252712404107,-0.2536068619760492
2022,19,United States Grand Prix,Circuit of the Americas,albon,9,1,24.624,williams,0,1,0.1693548387096774,33.729749999999996,1,209,95,25.826499378606847,25.24603613399375,-1.2024993786068485,-0.6220361339937526
2022,19,United States Grand Prix,Circuit of the Americas,albon,18,2,24.311,williams,0,1,0.1693548387096774,33.729749999999996,1,209,95,25.826499378606847,25.117334650877286,-1.5154993786068474,-0.806334650877286
2022,19,United States Grand Prix,Circuit of the Americas,alonso,18,1,23.87,alpine,0,1,0.1693548387096774,33.729749999999996,1,193,95,25.20614032552419,25.089717916162478,-1.3361403255241875,-1.2197179161624767
2022,19,United States Grand Prix,Circuit of the Americas,alonso,22,2,39.707,alpine,0,1,0.1693548387096774,33.729749999999996,1,193,95,25.20614032552419,24.93455624936511,14.500859674475812,14.772443750634892
2022,19,United States Grand Prix,Circuit of the Americas,bottas,10,1,25.013,alfa,0,1,0.1693548387096774,33.729749999999996,1,133,95,25.101361932373763,25.230595686922925,-0.08836193237376122,-0.2175956869229232
2022,19,United States Grand Prix,Circuit of the Americas,gasly,11,1,23.67,alphatauri,0,1,0.1693548387096774,33.729749999999996,1,138,95,24.858119938810567,24.648162588721927,-1.1881199388105657,-0.9781625887219256
2022,19,United States Grand Prix,Circuit of the Americas,gasly,32,2,28.918,alphatauri,0,1,0.1693548387096774,33.729749999999996,1,138,95,24.858119938810567,24.582965546439624,4.059880061189432,4.335034453560375
2022,19,United States Grand Prix,Circuit of the Americas,hamilton,12,1,24.362,mercedes,0,1,0.1693548387096774,33.729749999999996,1,210,95,24.982741718794706,24.843810621802,-0.620741718794708,-0.4818106218020013
2022,19,United States Grand Prix,Circuit of the Americas,hamilton,34,2,24.135,mercedes,0,1,0.1693548387096774,33.729749999999996,1,210,95,24.982741718794706,24.783905616255872,-0.8477417187947047,-0.6489056162558704
2022,19,United States Grand Prix,Circuit of the Americas,kevinmagnussen,18,1,29.039,haas,0,1,0.1693548387096774,33.729749999999996,1,212,95,26.075138069573875,25.90303685818698,2.963861930426127,3.135963141813022
2022,19,United States Grand Prix,Circuit of the Americas,latifi,5,1,25.321,williams,0,1,0.1693548387096774,33.729749999999996,1,209,95,25.826499378606847,25.22486798704903,-0.5054993786068458,0.09613201295097085
2022,19,United States Grand Prix,Circuit of the Americas,latifi,18,2,24.195,williams,0,1,0.1693548387096774,33.729749999999996,1,209,95,25.826499378606847,25.117334650877286,-1.631499378606847,-0.9223346508772856
2022,19,United States Grand Prix,Circuit of the Americas,leclerc,18,1,24.314,ferrari,0,1,0.1693548387096774,33.729749999999996,1,198,95,24.82430135615872,24.597481980050958,-0.5103013561587204,-0.2834819800509578
2022,19,United States Grand Prix,Circuit of the Americas,leclerc,35,2,23.755,ferrari,0,1,0.1693548387096774,33.729749999999996,1,198,95,24.82430135615872,24.511116790823934,-1.0693013561587215,-0.7561167908239348
2022,19,United States Grand Prix,Circuit of the Americas,maxverstappen,13,1,23.866,red_bull,0,1,0.1693548387096774,33.729749999999996,1,220,95,24.42833985327043,24.268056040930926,-0.56233985327043,-0.4020560409309262
2022,19,United States Grand Prix,Circuit of the Americas,maxverstappen,35,2,32.254,red_bull,0,1,0.1693548387096774,33.729749999999996,1,220,95,24.42833985327043,24.208151035384798,7.825660146729568,8.0458489646152
2022,19,United States Grand Prix,Circuit of the Americas,mickschumacher,18,1,25.209,haas,0,1,0.1693548387096774,33.729749999999996,1,212,95,26.075138069573875,25.90303685818698,-0.866138069573875,-0.6940368581869798
2022,19,United States Grand Prix,Circuit of the Americas,mickschumacher,33,2,24.651,haas,0,1,0.1693548387096774,33.729749999999996,1,212,95,26.075138069573875,25.806087595487593,-1.4241380695738748,-1.1550875954875934
2022,19,United States Grand Prix,Circuit of the Americas,norris,14,1,24.026,mclaren,0,1,0.1693548387096774,33.729749999999996,1,208,95,24.7283485425369,24.762312251327018,-0.7023485425368996,-0.7363122513270177
2022,19,United States Grand Prix,Circuit of the Americas,norris,34,2,23.702,mclaren,0,1,0.1693548387096774,33.729749999999996,1,208,95,24.7283485425369,24.69182317230853,-1.0263485425368977,-0.9898231723085296
2022,19,United States Grand Prix,Circuit of the Americas,ocon,18,1,24.816,alpine,0,1,0.1693548387096774,33.729749999999996,1,193,95,25.20614032552419,25.089717916162478,-0.39014032552418954,-0.27371791616247876
2022,19,United States Grand Prix,Circuit of the Americas,ocon,45,2,24.711,alpine,0,1,0.1693548387096774,33.729749999999996,1,193,95,25.20614032552419,25.056273094297254,-0.49514032552418996,-0.34527309429725506
2022,19,United States Grand Prix,Circuit of the Americas,perez,14,1,23.403,red_bull,0,1,0.1693548387096774,33.729749999999996,1,220,95,24.42833985327043,24.273348077667105,-1.025339853270431,-0.8703480776671064
2022,19,United States Grand Prix,Circuit of the Americas,perez,38,2,24.801,red_bull,0,1,0.1693548387096774,33.729749999999996,1,220,95,24.42833985327043,24.22402714559334,0.3726601467295687,0.5769728544066588
2022,19,United States Grand Prix,Circuit of the Americas,ricciardo,10,1,26.206,mclaren,0,1,0.1693548387096774,33.729749999999996,1,208,95,24.7283485425369,24.741144104382297,1.4776514574631001,1.4648558956177027
2022,19,United States Grand Prix,Circuit of the Americas,ricciardo,35,2,24.436,mclaren,0,1,0.1693548387096774,33.729749999999996,1,208,95,24.7283485425369,24.69711520904471,-0.29234854253689946,-0.26111520904471064
2022,19,United States Grand Prix,Circuit of the Americas,russell,13,1,30.038,mercedes,0,1,0.1693548387096774,33.729749999999996,1,210,95,24.982741718794706,24.849102658538182,5.055258281205294,5.188897341461818
2022,19,United States Grand Prix,Circuit of the Americas,russell,36,2,24.509,mercedes,0,1,0.1693548387096774,33.729749999999996,1,210,95,24.982741718794706,24.794489689728238,-0.47374171879470595,-0.2854896897282373
2022,19,United States Grand Prix,Circuit of the Americas,russell,54,3,23.947,mercedes,0,1,0.1693548387096774,33.729749999999996,1,210,95,24.982741718794706,25.406441804694786,-1.0357417187947071,-1.4594418046947872
2022,19,United States Grand Prix,Circuit of the Americas,stroll,15,1,25.417,aston_martin,0,1,0.1693548387096774,33.729749999999996,1,206,95,24.94611884754125,24.933476871985143,0.47088115245875173,0.4835231280148591
2022,19,United States Grand Prix,Circuit of the Americas,tsunoda,10,1,23.688,alphatauri,0,1,0.1693548387096774,33.729749999999996,1,138,95,24.858119938810567,24.642870551985748,-1.1701199388105685,-0.9548705519857492
2022,19,United States Grand Prix,Circuit of the Americas,tsunoda,33,2,23.241,alphatauri,0,1,0.1693548387096774,33.729749999999996,1,138,95,24.858119938810567,24.588257583175803,-1.6171199388105677,-1.3472575831758036
2022,19,United States Grand Prix,Circuit of the Americas,vettel,18,1,24.307,aston_martin,0,1,0.1693548387096774,33.729749999999996,1,206,95,24.94611884754125,24.949352982193684,-0.6391188475412513,-0.6423529821936853
2022,19,United States Grand Prix,Circuit of the Americas,vettel,41,2,38.157,aston_martin,0,1,0.1693548387096774,33.729749999999996,1,206,95,24.94611884754125,24.89474001338374,13.210881152458747,13.262259986616257
2022,19,United States Grand Prix,Circuit of the Americas,zhou,9,1,27.326,alfa,0,1,0.1693548387096774,33.729749999999996,1,133,95,25.101361932373763,25.225303650186742,2.2246380676262376,2.1006963498132585
2022,19,United States Grand Prix,Circuit of the Americas,zhou,23,2,25.015,alfa,0,1,0.1693548387096774,33.729749999999996,1,133,95,25.101361932373763,25.123062350751177,-0.08636193237376233,-0.10806235075117598
2022,20,Mexico City Grand Prix,Autódromo Hermanos Rodríguez,albon,38,1,23.182,williams,0,1,0.024655547498187092,24.824599999999997,1,209,62,17.932447081649986,23.962415264150568,5.2495529183500125,-0.7804152641505695
2022,20,Mexico City Grand Prix,Autódromo Hermanos Rodríguez,alonso,40,1,23.159,alpine,0,1,0.024655547498187092,24.824599999999997,1,193,62,17.312088028567324,23.769052789166032,5.846911971432675,-0.6100527891660334
2022,20,Mexico City Grand Prix,Autódromo Hermanos Rodríguez,bottas,39,1,23.863,alfa,0,1,0.024655547498187092,24.824599999999997,1,133,62,17.207309635416898,23.946974817079745,6.655690364583101,-0.08397481707974563
2022,20,Mexico City Grand Prix,Autódromo Hermanos Rodríguez,gasly,40,1,29.168,alphatauri,0,1,0.024655547498187092,24.824599999999997,1,138,62,16.964067641853703,23.364541718878744,12.203932358146297,5.803458281121255
2022,20,Mexico City Grand Prix,Autódromo Hermanos Rodríguez,hamilton,29,1,23.194,mercedes,0,1,0.024655547498187092,24.824599999999997,1,210,62,17.088689421837845,23.49668531112465,6.105310578162154,-0.3026853111246517
2022,20,Mexico City Grand Prix,Autódromo Hermanos Rodríguez,kevinmagnussen,38,1,23.722,haas,0,1,0.024655547498187092,24.824599999999997,1,212,62,18.18108577261701,24.571787657718172,5.540914227382991,-0.8497876577181707
2022,20,Mexico City Grand Prix,Autódromo Hermanos Rodríguez,latifi,23,1,23.826,williams,0,1,0.024655547498187092,24.824599999999997,1,209,62,17.932447081649986,23.883034713107865,5.893552918350014,-0.05703471310786412
2022,20,Mexico City Grand Prix,Autódromo Hermanos Rodríguez,latifi,52,2,24.039,williams,0,1,0.024655547498187092,24.824599999999997,1,209,62,17.932447081649986,23.860173964715003,6.106552918350015,0.17882603528499885
2022,20,Mexico City Grand Prix,Autódromo Hermanos Rodríguez,leclerc,28,1,22.193,ferrari,0,1,0.024655547498187092,24.824599999999997,1,198,62,16.930249059201856,23.21331241222035,5.262750940798146,-1.020312412220349
2022,20,Mexico City Grand Prix,Autódromo Hermanos Rodríguez,maxverstappen,25,1,22.487,red_bull,0,1,0.024655547498187092,24.824599999999997,1,220,62,16.53428755631357,22.894470546572677,5.95271244368643,-0.40747054657267867
2022,20,Mexico City Grand Prix,Autódromo Hermanos Rodríguez,mickschumacher,24,1,23.679,haas,0,1,0.024655547498187092,24.824599999999997,1,212,62,18.18108577261701,24.497699143411655,5.497914227382989,-0.8186991434116564
2022,20,Mexico City Grand Prix,Autódromo Hermanos Rodríguez,norris,31,1,22.585,mclaren,0,1,0.024655547498187092,24.824599999999997,1,208,62,16.83429624558004,23.415186940649672,5.750703754419963,-0.8301869406496714
2022,20,Mexico City Grand Prix,Autódromo Hermanos Rodríguez,ocon,33,1,22.343,alpine,0,1,0.024655547498187092,24.824599999999997,1,193,62,17.312088028567324,23.73200853201277,5.030911971432676,-1.3890085320127703
2022,20,Mexico City Grand Prix,Autódromo Hermanos Rodríguez,perez,23,1,24.892,red_bull,0,1,0.024655547498187092,24.824599999999997,1,220,62,16.53428755631357,22.88388647310031,8.357712443686431,2.008113526899688
2022,20,Mexico City Grand Prix,Autódromo Hermanos Rodríguez,ricciardo,44,1,22.28,mclaren,0,1,0.024655547498187092,24.824599999999997,1,208,62,16.83429624558004,23.483983418220017,5.445703754419963,-1.203983418220016
2022,20,Mexico City Grand Prix,Autódromo Hermanos Rodríguez,russell,34,1,22.795,mercedes,0,1,0.024655547498187092,24.824599999999997,1,210,62,17.088689421837845,23.523145494805554,5.706310578162157,-0.7281454948055526
2022,20,Mexico City Grand Prix,Autódromo Hermanos Rodríguez,russell,69,2,23.118,mercedes,0,1,0.024655547498187092,24.824599999999997,1,210,62,17.088689421837845,23.532036966829775,6.029310578162153,-0.41403696682977653
2022,20,Mexico City Grand Prix,Autódromo Hermanos Rodríguez,sainz,29,1,23.469,ferrari,0,1,0.024655547498187092,24.824599999999997,1,198,62,16.930249059201856,23.21860444895653,6.5387509407981455,0.25039555104347144
2022,20,Mexico City Grand Prix,Autódromo Hermanos Rodríguez,stroll,17,1,23.509,aston_martin,0,1,0.024655547498187092,24.824599999999997,1,206,62,17.052066550584385,23.506971010265097,6.456933449415615,0.002028989734903064
2022,20,Mexico City Grand Prix,Autódromo Hermanos Rodríguez,stroll,40,2,23.119,aston_martin,0,1,0.024655547498187092,24.824599999999997,1,206,62,17.052066550584385,23.45235804145515,6.066933449415615,-0.33335804145514913
2022,20,Mexico City Grand Prix,Autódromo Hermanos Rodríguez,tsunoda,29,1,22.468,alphatauri,0,1,0.024655547498187092,24.824599999999997,1,138,62,16.964067641853703,23.306329314780758,5.503932358146297,-0.8383293147807578
2022,20,Mexico City Grand Prix,Autódromo Hermanos Rodríguez,vettel,38,1,22.534,aston_martin,0,1,0.024655547498187092,24.824599999999997,1,206,62,17.052066550584385,23.618103781724876,5.481933449415614,-1.0841037817248775
2022,20,Mexico City Grand Prix,Autódromo Hermanos Rodríguez,zhou,45,1,24.218,alfa,0,1,0.024655547498187092,24.824599999999997,1,133,62,17.207309635416898,23.97872703749682,7.010690364583102,0.2392729625031791
2022,21,São Paulo Grand Prix,Autódromo José Carlos Pace,albon,4,1,24.361,williams,0,0,0,29.9687,1,209,75,15.753302340996635,22.98405910701169,8.607697659003366,1.376940892988312
2022,21,São Paulo Grand Prix,Autódromo José Carlos Pace,albon,25,2,23.352,williams,0,0,0,29.9687,1,209,75,15.753302340996635,22.918862064729385,7.598697659003365,0.43313793527061506
2022,21,São Paulo Grand Prix,Autódromo José Carlos Pace,albon,47,3,23.322,williams,0,0,0,29.9687,1,209,75,15.753302340996635,23.551982326640655,7.568697659003364,-0.22998232664065554
2022,21,São Paulo Grand Prix,Autódromo José Carlos Pace,alonso,14,1,23.478,alpine,0,0,0,29.9687,1,193,75,15.132943287913974,22.83303292591659,8.345056712086027,0.6449670740834108
2022,21,São Paulo Grand Prix,Autódromo José Carlos Pace,alonso,35,2,28.855,alpine,0,0,0,29.9687,1,193,75,15.132943287913974,22.767835883634284,13.722056712086026,6.087164116365717
2022,21,São Paulo Grand Prix,Autódromo José Carlos Pace,alonso,52,3,23.79,alpine,0,0,0,29.9687,1,193,75,15.132943287913974,23.374495961864657,8.657056712086025,0.4155040381353423
2022,21,São Paulo Grand Prix,Autódromo José Carlos Pace,bottas,24,1,23.908,alfa,0,0,0,29.9687,1,133,75,15.028164894763549,23.069167357928286,8.879835105236452,0.8388326420717149
2022,21,São Paulo Grand Prix,Autódromo José Carlos Pace,bottas,45,2,24.616,alfa,0,0,0,29.9687,1,133,75,15.028164894763549,23.00397031564598,9.58783510523645,1.6120296843540203
2022,21,São Paulo Grand Prix,Autódromo José Carlos Pace,gasly,19,1,23.46,alphatauri,0,0,0,29.9687,1,138,75,14.784922901200353,22.454982039310202,8.675077098799648,1.0050179606897984
2022,21,São Paulo Grand Prix,Autódromo José Carlos Pace,gasly,35,2,23.328,alphatauri,0,0,0,29.9687,1,138,75,14.784922901200353,22.363324813346996,8.543077098799646,0.9646751866530039
2022,21,São Paulo Grand Prix,Autódromo José Carlos Pace,gasly,52,3,23.009,alphatauri,0,0,0,29.9687,1,138,75,14.784922901200353,22.96998489157737,8.224077098799647,0.039015108422631783
2022,21,São Paulo Grand Prix,Autódromo José Carlos Pace,hamilton,29,1,24.081,mercedes,0,0,0,29.9687,1,210,75,14.909544681184494,22.698258403015902,9.171455318815505,1.382741596984097
2022,21,São Paulo Grand Prix,Autódromo José Carlos Pace,hamilton,48,2,23.415,mercedes,0,0,0,29.9687,1,210,75,14.909544681184494,22.622477287261233,8.505455318815505,0.7925227127387657
2022,21,São Paulo Grand Prix,Autódromo José Carlos Pace,latifi,20,1,28.807,williams,0,0,0,29.9687,1,209,75,15.753302340996635,23.06873169479057,13.053697659003364,5.738268305209427
2022,21,São Paulo Grand Prix,Autódromo José Carlos Pace,latifi,32,2,24.292,williams,0,0,0,29.9687,1,209,75,15.753302340996635,22.955906321882647,8.538697659003367,1.3360936781173542
2022,21,São Paulo Grand Prix,Autódromo José Carlos Pace,latifi,52,3,23.64,williams,0,0,0,29.9687,1,209,75,15.753302340996635,23.578442510321555,7.8866976590033655,0.061557489678445876
2022,21,São Paulo Grand Prix,Autódromo José Carlos Pace,leclerc,7,1,30.08,ferrari,0,0,0,29.9687,1,198,75,14.751104318548506,22.303752732651812,15.328895681451492,7.776247267348186
2022,21,São Paulo Grand Prix,Autódromo José Carlos Pace,leclerc,21,2,23.172,ferrari,0,0,0,29.9687,1,198,75,14.751104318548506,22.201511433216247,8.420895681451494,0.9704885667837537
2022,21,São Paulo Grand Prix,Autódromo José Carlos Pace,leclerc,44,3,23.124,ferrari,0,0,0,29.9687,1,198,75,14.751104318548506,22.839923731863696,8.372895681451492,0.28407626813630316
2022,21,São Paulo Grand Prix,Autódromo José Carlos Pace,maxverstappen,7,1,30.942,red_bull,0,0,0,29.9687,1,220,75,14.355142815660217,22.00078697721268,16.586857184339785,8.94121302278732
2022,21,São Paulo Grand Prix,Autódromo José Carlos Pace,maxverstappen,23,2,31.682,red_bull,0,0,0,29.9687,1,220,75,14.355142815660217,21.909129751249473,17.32685718433978,9.772870248750525
2022,21,São Paulo Grand Prix,Autódromo José Carlos Pace,maxverstappen,48,3,24.102,red_bull,0,0,0,29.9687,1,220,75,14.355142815660217,22.558126123369284,9.746857184339783,1.543873876630716
2022,21,São Paulo Grand Prix,Autódromo José Carlos Pace,mickschumacher,24,1,24.487,haas,0,0,0,29.9687,1,212,75,16.00194103196366,23.6992722353029,8.485058968036338,0.7877277646970988
2022,21,São Paulo Grand Prix,Autódromo José Carlos Pace,mickschumacher,46,2,25.156,haas,0,0,0,29.9687,1,212,75,16.00194103196366,23.639367229756772,9.154058968036338,1.516632770243227
2022,21,São Paulo Grand Prix,Autódromo José Carlos Pace,norris,24,1,29.338,mclaren,0,0,0,29.9687,1,208,75,14.655151504926689,22.57971577538766,14.682848495073312,6.758284224612343
2022,21,São Paulo Grand Prix,Autódromo José Carlos Pace,norris,45,2,24.669,mclaren,0,0,0,29.9687,1,208,75,14.655151504926689,22.51451873310535,10.013848495073312,2.154481266894649
2022,21,São Paulo Grand Prix,Autódromo José Carlos Pace,ocon,24,1,23.868,alpine,0,0,0,29.9687,1,193,75,15.132943287913974,22.885953293278394,8.735056712086024,0.9820467067216043
2022,21,São Paulo Grand Prix,Autódromo José Carlos Pace,ocon,47,2,24.445,alpine,0,0,0,29.9687,1,193,75,15.132943287913974,22.83134032446845,9.312056712086026,1.6136596755315509
2022,21,São Paulo Grand Prix,Autódromo José Carlos Pace,perez,23,1,22.869,red_bull,0,0,0,29.9687,1,220,75,14.355142815660217,22.085459564991563,8.513857184339782,0.7835404350084367
2022,21,São Paulo Grand Prix,Autódromo José Carlos Pace,perez,47,2,23.152,red_bull,0,0,0,29.9687,1,220,75,14.355142815660217,22.036138632917798,8.796857184339784,1.1158613670822035
2022,21,São Paulo Grand Prix,Autódromo José Carlos Pace,russell,24,1,23.521,mercedes,0,0,0,29.9687,1,210,75,14.909544681184494,22.671798219335002,8.611455318815507,0.8492017806649983
2022,21,São Paulo Grand Prix,Autódromo José Carlos Pace,russell,49,2,23.48,mercedes,0,0,0,29.9687,1,210,75,14.909544681184494,22.627769323997413,8.570455318815506,0.8522306760025877
2022,21,São Paulo Grand Prix,Autódromo José Carlos Pace,sainz,17,1,25.206,ferrari,0,0,0,29.9687,1,198,75,14.751104318548506,22.356673100013616,10.454895681451493,2.8493268999863837
2022,21,São Paulo Grand Prix,Autódromo José Carlos Pace,sainz,36,2,23.483,ferrari,0,0,0,29.9687,1,198,75,14.751104318548506,22.28089198425895,8.731895681451494,1.2021080157410502
2022,21,São Paulo Grand Prix,Autódromo José Carlos Pace,sainz,53,3,23.816,ferrari,0,0,0,29.9687,1,198,75,14.751104318548506,22.887552062489316,9.064895681451492,0.9284479375106827
2022,21,São Paulo Grand Prix,Autódromo José Carlos Pace,stroll,29,1,23.469,aston_martin,0,0,0,29.9687,1,206,75,14.872921809931036,22.772048542990504,8.596078190068965,0.6969514570094972
2022,21,São Paulo Grand Prix,Autódromo José Carlos Pace,stroll,48,2,23.764,aston_martin,0,0,0,29.9687,1,206,75,14.872921809931036,22.69626742723584,8.891078190068963,1.067732572764161
2022,21,São Paulo Grand Prix,Autódromo José Carlos Pace,tsunoda,20,1,23.287,alphatauri,0,0,0,29.9687,1,138,75,14.784922901200353,22.46027407604638,8.502077098799646,0.8267259239536173
2022,21,São Paulo Grand Prix,Autódromo José Carlos Pace,tsunoda,40,2,23.645,alphatauri,0,0,0,29.9687,1,138,75,14.784922901200353,22.3897849970279,8.860077098799646,1.2552150029721005
2022,21,São Paulo Grand Prix,Autódromo José Carlos Pace,tsunoda,54,3,23.635,alphatauri,0,0,0,29.9687,1,138,75,14.784922901200353,22.980568965049727,8.850077098799648,0.6544310349502744
2022,21,São Paulo Grand Prix,Autódromo José Carlos Pace,vettel,26,1,24.248,aston_martin,0,0,0,29.9687,1,206,75,14.872921809931036,22.756172432781963,9.375078190068965,1.4918275672180386
2022,21,São Paulo Grand Prix,Autódromo José Carlos Pace,vettel,45,2,24.028,aston_martin,0,0,0,29.9687,1,206,75,14.872921809931036,22.680391317027297,9.155078190068963,1.3476086829727016
2022,21,São Paulo Grand Prix,Autódromo José Carlos Pace,zhou,16,1,24.332,alfa,0,0,0,29.9687,1,133,75,15.028164894763549,23.02683106403884,9.303835105236452,1.3051689359611593
2022,21,São Paulo Grand Prix,Autódromo José Carlos Pace,zhou,37,2,25.111,alfa,0,0,0,29.9687,1,133,75,15.028164894763549,22.961634021756538,10.082835105236452,2.1493659782434626
2022,22,Abu Dhabi Grand Prix,Yas Marina Circuit,albon,12,1,21.793,williams,0,0,0,24.7085,1,209,96,23.453048532804985,23.020954803634183,-1.6600485328049857,-1.2279548036341836
2022,22,Abu Dhabi Grand Prix,Yas Marina Circuit,albon,35,2,21.798,williams,0,0,0,24.7085,1,209,96,23.453048532804985,22.966341834824238,-1.6550485328049866,-1.1683418348242398
2022,22,Abu Dhabi Grand Prix,Yas Marina Circuit,alonso,19,1,21.74,alpine,0,0,0,24.7085,1,193,96,22.832689479722323,22.85405251233054,-1.092689479722324,-1.1140525123305416
2022,22,Abu Dhabi Grand Prix,Yas Marina Circuit,bottas,30,1,22.573,alfa,0,0,0,24.7085,1,133,96,22.727911086571897,23.095478981078415,-0.15491108657189656,-0.5224789810784145
2022,22,Abu Dhabi Grand Prix,Yas Marina Circuit,gasly,14,1,21.855,alphatauri,0,0,0,24.7085,1,138,96,22.4846690930087,22.423081258362352,-0.629669093008701,-0.5680812583623513
2022,22,Abu Dhabi Grand Prix,Yas Marina Circuit,hamilton,18,1,21.27,mercedes,0,0,0,24.7085,1,210,96,22.609290872992844,22.634605401650965,-1.3392908729928443,-1.3646054016509659
2022,22,Abu Dhabi Grand Prix,Yas Marina Circuit,kevinmagnussen,28,1,22.387,haas,0,0,0,24.7085,1,212,96,23.70168722377201,23.71499978498067,-1.3146872237720082,-1.327999784980669
2022,22,Abu Dhabi Grand Prix,Yas Marina Circuit,latifi,15,1,22.423,williams,0,0,0,24.7085,1,209,96,23.453048532804985,23.03683091384272,-1.0300485328049866,-0.6138309138427225
2022,22,Abu Dhabi Grand Prix,Yas Marina Circuit,latifi,38,2,25.174,williams,0,0,0,24.7085,1,209,96,23.453048532804985,22.982217945032776,1.7209514671950146,2.1917820549672236
2022,22,Abu Dhabi Grand Prix,Yas Marina Circuit,leclerc,21,1,22.21,ferrari,0,0,0,24.7085,1,198,96,22.450850510356855,22.372400649691386,-0.24085051035685368,-0.162400649691385
2022,22,Abu Dhabi Grand Prix,Yas Marina Circuit,maxverstappen,20,1,22.735,red_bull,0,0,0,24.7085,1,220,96,22.054889007468567,22.064142857516075,0.6801109925314321,0.6708571424839249
2022,22,Abu Dhabi Grand Prix,Yas Marina Circuit,mickschumacher,14,1,22.276,haas,0,0,0,24.7085,1,212,96,23.70168722377201,23.640911270674145,-1.4256872237720088,-1.3649112706741455
2022,22,Abu Dhabi Grand Prix,Yas Marina Circuit,mickschumacher,34,2,23.53,haas,0,0,0,24.7085,1,212,96,23.70168722377201,23.57042219165566,-0.1716872237720075,-0.04042219165565797
2022,22,Abu Dhabi Grand Prix,Yas Marina Circuit,norris,15,1,22.234,mclaren,0,0,0,24.7085,1,208,96,22.354897696735037,22.526646847495083,-0.12089769673503525,-0.29264684749508163
2022,22,Abu Dhabi Grand Prix,Yas Marina Circuit,norris,42,2,21.559,mclaren,0,0,0,24.7085,1,208,96,22.354897696735037,22.493202025629863,-0.795897696735036,-0.9342020256298618
2022,22,Abu Dhabi Grand Prix,Yas Marina Circuit,ocon,14,1,21.895,alpine,0,0,0,24.7085,1,193,96,22.832689479722323,22.82759232864964,-0.937689479722323,-0.9325923286496405
2022,22,Abu Dhabi Grand Prix,Yas Marina Circuit,ocon,41,2,21.734,alpine,0,0,0,24.7085,1,193,96,22.832689479722323,22.794147506784416,-1.0986894797223208,-1.0601475067844142
2022,22,Abu Dhabi Grand Prix,Yas Marina Circuit,perez,15,1,21.36,red_bull,0,0,0,24.7085,1,220,96,22.054889007468567,22.03768267383517,-0.6948890074685679,-0.6776826738351716
2022,22,Abu Dhabi Grand Prix,Yas Marina Circuit,perez,33,2,21.367,red_bull,0,0,0,24.7085,1,220,96,22.054889007468567,21.956609521344323,-0.6878890074685664,-0.5896095213443218
2022,22,Abu Dhabi Grand Prix,Yas Marina Circuit,ricciardo,19,1,21.893,mclaren,0,0,0,24.7085,1,208,96,22.354897696735037,22.547814994439804,-0.46189769673503633,-0.6548149944398034
2022,22,Abu Dhabi Grand Prix,Yas Marina Circuit,russell,15,1,24.243,mercedes,0,0,0,24.7085,1,210,96,22.609290872992844,22.618729291442428,1.6337091270071546,1.624270708557571
2022,22,Abu Dhabi Grand Prix,Yas Marina Circuit,russell,39,2,27.931,mercedes,0,0,0,24.7085,1,210,96,22.609290872992844,22.569408359368662,5.321709127007157,5.361591640631339
2022,22,Abu Dhabi Grand Prix,Yas Marina Circuit,sainz,17,1,21.93,ferrari,0,0,0,24.7085,1,198,96,22.450850510356855,22.351232502746665,-0.5208505103568548,-0.42123250274666546
2022,22,Abu Dhabi Grand Prix,Yas Marina Circuit,sainz,39,2,21.575,ferrari,0,0,0,24.7085,1,198,96,22.450850510356855,22.29132749720054,-0.8758505103568552,-0.7163274972005418
2022,22,Abu Dhabi Grand Prix,Yas Marina Circuit,stroll,13,1,21.814,aston_martin,0,0,0,24.7085,1,206,96,22.572668001739384,22.68193535794467,-0.7586680017393839,-0.8679353579446705
2022,22,Abu Dhabi Grand Prix,Yas Marina Circuit,stroll,40,2,21.802,aston_martin,0,0,0,24.7085,1,206,96,22.572668001739384,22.648490536079446,-0.7706680017393843,-0.8464905360794468
2022,22,Abu Dhabi Grand Prix,Yas Marina Circuit,tsunoda,14,1,21.591,alphatauri,0,0,0,24.7085,1,138,96,22.4846690930087,22.423081258362352,-0.8936690930087003,-0.8320812583623507
2022,22,Abu Dhabi Grand Prix,Yas Marina Circuit,tsunoda,38,2,22.262,alphatauri,0,0,0,24.7085,1,138,96,22.4846690930087,22.373760326288586,-0.22266909300870097,-0.11176032628858579
2022,22,Abu Dhabi Grand Prix,Yas Marina Circuit,vettel,25,1,23.186,aston_martin,0,0,0,24.7085,1,206,96,22.572668001739384,22.745439798778833,0.613331998260616,0.44056020122116735
2022,22,Abu Dhabi Grand Prix,Yas Marina Circuit,zhou,15,1,22.435,alfa,0,0,0,24.7085,1,133,96,22.727911086571897,23.01609843003571,-0.29291108657189824,-0.5810984300357127
2022,22,Abu Dhabi Grand Prix,Yas Marina Circuit,zhou,44,2,23.159,alfa,0,0,0,24.7085,1,133,96,22.727911086571897,22.99323768164285,0.43108891342810196,0.1657623183571495
2023,1,Bahrain Grand Prix,Bahrain International Circuit,albon,11,1,25.054,williams,0,0,0,35.92039999999999,1,209,150,26.85431370373255,26.376853959232044,-1.8003137037325523,-1.3228539592320452
2023,1,Bahrain Grand Prix,Bahrain International Circuit,albon,26,2,24.92,williams,0,0,0,35.92039999999999,1,209,150,26.85431370373255,26.279904696532657,-1.934313703732549,-1.3599046965326558
2023,1,Bahrain Grand Prix,Bahrain International Circuit,albon,40,3,24.458,williams,0,0,0,35.92039999999999,1,209,150,26.85431370373255,26.870688664554486,-2.3963137037325524,-2.412688664554487
2023,1,Bahrain Grand Prix,Bahrain International Circuit,alonso,14,1,25.8,aston_martin,0,0,0,35.92039999999999,1,206,150,25.97393317266695,26.048418587014893,-0.17393317266694908,-0.24841858701489272
2023,1,Bahrain Grand Prix,Bahrain International Circuit,alonso,34,2,24.869,aston_martin,0,0,0,35.92039999999999,1,206,150,25.97393317266695,25.977929507996407,-1.10493317266695,-1.1089295079964074
2023,1,Bahrain Grand Prix,Bahrain International Circuit,bottas,11,1,25.399,alfa,0,0,0,35.92039999999999,1,133,150,26.129176257499463,26.356121475425034,-0.7301762574994619,-0.9571214754250335
2023,1,Bahrain Grand Prix,Bahrain International Circuit,bottas,29,2,25.643,alfa,0,0,0,35.92039999999999,1,133,150,26.129176257499463,26.27504832293419,-0.48617625749946214,-0.6320483229341889
2023,1,Bahrain Grand Prix,Bahrain International Circuit,devries,11,1,25.018,alphatauri,0,0,0,35.92039999999999,1,138,150,25.885934263936267,25.768396340487854,-0.8679342639362666,-0.7503963404878533
2023,1,Bahrain Grand Prix,Bahrain International Circuit,devries,27,2,25.234,alphatauri,0,0,0,35.92039999999999,1,138,150,25.885934263936267,25.676739114524647,-0.6519342639362655,-0.4427391145246453
2023,1,Bahrain Grand Prix,Bahrain International Circuit,gasly,9,1,25.885,alpine,0,0,0,35.92039999999999,1,193,150,26.23395465064989,26.16232333730278,-0.34895465064988684,-0.2773233373027786
2023,1,Bahrain Grand Prix,Bahrain International Circuit,gasly,25,2,24.879,alpine,0,0,0,35.92039999999999,1,193,150,26.23395465064989,26.070666111339577,-1.354954650649887,-1.1916661113395755
2023,1,Bahrain Grand Prix,Bahrain International Circuit,gasly,40,3,24.736,alpine,0,0,0,35.92039999999999,1,193,150,26.23395465064989,26.666742116097588,-1.4979546506498878,-1.930742116097587
2023,1,Bahrain Grand Prix,Bahrain International Circuit,hamilton,12,1,24.682,mercedes,0,0,0,35.92039999999999,1,210,150,26.01055604392041,25.96404437356793,-1.3285560439204112,-1.2820443735679312
2023,1,Bahrain Grand Prix,Bahrain International Circuit,hamilton,30,2,24.69,mercedes,0,0,0,35.92039999999999,1,210,150,26.01055604392041,25.882971221077085,-1.3205560439204085,-1.1929712210770838
2023,1,Bahrain Grand Prix,Bahrain International Circuit,hulkenberg,11,1,26.075,haas,0,0,0,35.92039999999999,1,212,150,27.102952394699578,26.986226352799648,-1.0279523946995788,-0.9112263527996483
2023,1,Bahrain Grand Prix,Bahrain International Circuit,hulkenberg,26,2,37.769,haas,0,0,0,35.92039999999999,1,212,150,27.102952394699578,26.88927709010026,10.66604760530042,10.879722909899737
2023,1,Bahrain Grand Prix,Bahrain International Circuit,hulkenberg,40,3,27.08,haas,0,0,0,35.92039999999999,1,212,150,27.102952394699578,27.48006105812209,-0.02295239469957977,-0.40006105812209114
2023,1,Bahrain Grand Prix,Bahrain International Circuit,kevinmagnussen,15,1,25.439,haas,0,0,0,35.92039999999999,1,212,150,27.102952394699578,27.00739449974437,-1.663952394699578,-1.5683944997443682
2023,1,Bahrain Grand Prix,Bahrain International Circuit,kevinmagnussen,29,2,25.344,haas,0,0,0,35.92039999999999,1,212,150,27.102952394699578,26.905153200308803,-1.7589523946995769,-1.5611532003088016
2023,1,Bahrain Grand Prix,Bahrain International Circuit,kevinmagnussen,40,3,25.125,haas,0,0,0,35.92039999999999,1,212,150,27.102952394699578,27.48006105812209,-1.977952394699578,-2.3550610581220894
2023,1,Bahrain Grand Prix,Bahrain International Circuit,leclerc,13,1,24.345,ferrari,0,0,0,35.92039999999999,1,198,150,25.85211568128442,25.691255548135988,-1.5071156812844215,-1.3462555481359892
2023,1,Bahrain Grand Prix,Bahrain International Circuit,leclerc,33,2,24.644,ferrari,0,0,0,35.92039999999999,1,198,150,25.85211568128442,25.620766469117502,-1.208115681284422,-0.9767664691175035
2023,1,Bahrain Grand Prix,Bahrain International Circuit,maxverstappen,14,1,24.289,red_bull,0,0,0,35.92039999999999,1,220,150,25.456154178396133,25.393581829433035,-1.1671541783961317,-1.1045818294330338
2023,1,Bahrain Grand Prix,Bahrain International Circuit,maxverstappen,36,2,24.91,red_bull,0,0,0,35.92039999999999,1,220,150,25.456154178396133,25.33367682388691,-0.546154178396133,-0.4236768238869111
2023,1,Bahrain Grand Prix,Bahrain International Circuit,norris,10,1,32.766,mclaren,0,0,0,35.92039999999999,1,208,150,25.756162867662603,25.861377856148227,7.009837132337395,6.904622143851771
2023,1,Bahrain Grand Prix,Bahrain International Circuit,norris,17,2,33.661,mclaren,0,0,0,35.92039999999999,1,208,150,25.756162867662603,25.7220922995594,7.9048371323373985,7.938907700440602
2023,1,Bahrain Grand Prix,Bahrain International Circuit,norris,27,3,33.467,mclaren,0,0,0,35.92039999999999,1,208,150,25.756162867662603,26.291708120636503,7.710837132337396,7.175291879363495
2023,1,Bahrain Grand Prix,Bahrain International Circuit,norris,37,4,33.236,mclaren,0,0,0,35.92039999999999,1,208,150,25.756162867662603,29.59038627212342,7.479837132337394,3.645613727876576
2023,1,Bahrain Grand Prix,Bahrain International Circuit,norris,47,5,30.71,mclaren,0,0,0,35.92039999999999,1,208,150,25.756162867662603,27.69515469096486,4.953837132337398,3.0148453090351417
2023,1,Bahrain Grand Prix,Bahrain International Circuit,norris,54,6,31.494,mclaren,0,0,0,35.92039999999999,1,208,150,25.756162867662603,23.76211847357352,5.737837132337397,7.731881526426481
2023,1,Bahrain Grand Prix,Bahrain International Circuit,ocon,12,1,24.966,alpine,0,0,0,35.92039999999999,1,193,150,26.23395465064989,26.17819944751132,-1.2679546506498873,-1.2121994475113205
2023,1,Bahrain Grand Prix,Bahrain International Circuit,ocon,15,2,41.462,alpine,0,0,0,35.92039999999999,1,193,150,26.23395465064989,26.017745743977773,15.228045349350115,15.44425425602223
2023,1,Bahrain Grand Prix,Bahrain International Circuit,ocon,32,3,44.518,alpine,0,0,0,35.92039999999999,1,193,150,26.23395465064989,26.624405822208146,18.284045349350112,17.893594177791854
2023,1,Bahrain Grand Prix,Bahrain International Circuit,perez,17,1,24.264,red_bull,0,0,0,35.92039999999999,1,220,150,25.456154178396133,25.409457939641577,-1.1921541783961338,-1.1454579396415774
2023,1,Bahrain Grand Prix,Bahrain International Circuit,perez,34,2,25.091,red_bull,0,0,0,35.92039999999999,1,220,150,25.456154178396133,25.323092750414546,-0.36515417839613207,-0.23209275041454447
2023,1,Bahrain Grand Prix,Bahrain International Circuit,russell,13,1,27.062,mercedes,0,0,0,35.92039999999999,1,210,150,26.01055604392041,25.969336410304113,1.0514439560795914,1.0926635896958885
2023,1,Bahrain Grand Prix,Bahrain International Circuit,russell,31,2,24.406,mercedes,0,0,0,35.92039999999999,1,210,150,26.01055604392041,25.888263257813264,-1.604556043920411,-1.4822632578132655
2023,1,Bahrain Grand Prix,Bahrain International Circuit,sainz,13,1,24.5,ferrari,0,0,0,35.92039999999999,1,198,150,25.85211568128442,25.691255548135988,-1.3521156812844204,-1.191255548135988
2023,1,Bahrain Grand Prix,Bahrain International Circuit,sainz,31,2,24.227,ferrari,0,0,0,35.92039999999999,1,198,150,25.85211568128442,25.61018239564514,-1.62511568128442,-1.3831823956451395
2023,1,Bahrain Grand Prix,Bahrain International Circuit,sargeant,12,1,25.6,williams,0,0,0,35.92039999999999,1,209,150,26.85431370373255,26.382145995968223,-1.2543137037325494,-0.7821459959682215
2023,1,Bahrain Grand Prix,Bahrain International Circuit,sargeant,30,2,25.67,williams,0,0,0,35.92039999999999,1,209,150,26.85431370373255,26.301072843477378,-1.184313703732549,-0.6310728434773765
2023,1,Bahrain Grand Prix,Bahrain International Circuit,sargeant,40,3,25.047,williams,0,0,0,35.92039999999999,1,209,150,26.85431370373255,26.870688664554486,-1.8073137037325502,-1.823688664554485
2023,1,Bahrain Grand Prix,Bahrain International Circuit,stroll,15,1,25.449,aston_martin,0,0,0,35.92039999999999,1,206,150,25.97393317266695,26.053710623751073,-0.5249331726669482,-0.6047106237510711
2023,1,Bahrain Grand Prix,Bahrain International Circuit,stroll,30,2,24.639,aston_martin,0,0,0,35.92039999999999,1,206,150,25.97393317266695,25.956761361051687,-1.3349331726669504,-1.3177613610516872
2023,1,Bahrain Grand Prix,Bahrain International Circuit,tsunoda,10,1,25.267,alphatauri,0,0,0,35.92039999999999,1,138,150,25.885934263936267,25.763104303751675,-0.6189342639362678,-0.49610430375167525
2023,1,Bahrain Grand Prix,Bahrain International Circuit,tsunoda,26,2,24.372,alphatauri,0,0,0,35.92039999999999,1,138,150,25.885934263936267,25.671447077788468,-1.5139342639362674,-1.299447077788468
2023,1,Bahrain Grand Prix,Bahrain International Circuit,tsunoda,40,3,25.818,alphatauri,0,0,0,35.92039999999999,1,138,150,25.885934263936267,26.262231045810296,-0.06793426393626589,-0.4442310458102945
2023,1,Bahrain Grand Prix,Bahrain International Circuit,zhou,12,1,25.787,alfa,0,0,0,35.92039999999999,1,133,150,26.129176257499463,26.361413512161214,-0.3421762574994638,-0.5744135121612146
2023,1,Bahrain Grand Prix,Bahrain International Circuit,zhou,32,2,25.282,alfa,0,0,0,35.92039999999999,1,133,150,26.129176257499463,26.29092443314273,-0.8471762574994628,-1.008924433142731
2023,1,Bahrain Grand Prix,Bahrain International Circuit,zhou,54,3,30.167,alfa,0,0,0,35.92039999999999,1,133,150,26.129176257499463,26.924044695054,4.037823742500539,3.242955304946001
2023,2,Saudi Arabian Grand Prix,Jeddah Corniche Circuit,albon,17,1,21.397,williams,0,0,0,26.410199999999996,1,209,61,23.515008293514683,23.436050167279458,-2.1180082935146842,-2.039050167279459
2023,2,Saudi Arabian Grand Prix,Jeddah Corniche Circuit,alonso,18,1,26.879,aston_martin,0,0,0,26.410199999999996,1,206,61,22.63462776244908,23.097030721589945,4.24437223755092,3.781969278410056
2023,2,Saudi Arabian Grand Prix,Jeddah Corniche Circuit,bottas,9,1,21.505,alfa,0,0,0,26.410199999999996,1,133,61,22.789870847281595,23.372981389583003,-1.2848708472815957,-1.8679813895830044
2023,2,Saudi Arabian Grand Prix,Jeddah Corniche Circuit,bottas,17,2,22.191,alfa,0,0,0,26.410199999999996,1,133,61,22.789870847281595,23.23898786973036,-0.5988708472815958,-1.0479878697303597
2023,2,Saudi Arabian Grand Prix,Jeddah Corniche Circuit,bottas,35,3,21.808,alfa,0,0,0,26.410199999999996,1,133,61,22.789870847281595,23.850939984696904,-0.9818708472815949,-2.042939984696904
2023,2,Saudi Arabian Grand Prix,Jeddah Corniche Circuit,devries,17,1,21.116,alphatauri,0,0,0,26.410199999999996,1,138,61,22.5466288537184,22.827592548535268,-1.4306288537183995,-1.7115925485352683
2023,2,Saudi Arabian Grand Prix,Jeddah Corniche Circuit,gasly,14,1,20.719,alpine,0,0,0,26.410199999999996,1,193,61,22.89464924043202,23.216227508614015,-2.175649240432019,-2.4972275086140137
2023,2,Saudi Arabian Grand Prix,Jeddah Corniche Circuit,hamilton,18,1,21.102,mercedes,0,0,0,26.410199999999996,1,210,61,22.671250633702538,23.02324058161534,-1.5692506337025378,-1.92124058161534
2023,2,Saudi Arabian Grand Prix,Jeddah Corniche Circuit,hulkenberg,11,1,21.567,haas,0,0,0,26.410199999999996,1,212,61,23.763646984481706,24.013670340429975,-2.1966469844817063,-2.446670340429975
2023,2,Saudi Arabian Grand Prix,Jeddah Corniche Circuit,kevinmagnussen,8,1,20.87,haas,0,0,0,26.410199999999996,1,212,61,23.763646984481706,23.997794230221437,-2.8936469844817054,-3.1277942302214363
2023,2,Saudi Arabian Grand Prix,Jeddah Corniche Circuit,leclerc,16,1,20.026,ferrari,0,0,0,26.410199999999996,1,198,61,22.512810271066552,22.734575645974857,-2.4868102710665525,-2.7085756459748573
2023,2,Saudi Arabian Grand Prix,Jeddah Corniche Circuit,maxverstappen,18,1,20.824,red_bull,0,0,0,26.410199999999996,1,220,61,22.11684876817826,22.442193964008084,-1.2928487681782599,-1.618193964008082
2023,2,Saudi Arabian Grand Prix,Jeddah Corniche Circuit,norris,2,1,29.444,mclaren,0,0,0,26.410199999999996,1,208,61,22.416857457444735,22.846485549889117,7.027142542555264,6.597514450110882
2023,2,Saudi Arabian Grand Prix,Jeddah Corniche Circuit,norris,19,2,21.352,mclaren,0,0,0,26.410199999999996,1,208,61,22.416857457444735,22.76012036066209,-1.0648574574447345,-1.408120360662089
2023,2,Saudi Arabian Grand Prix,Jeddah Corniche Circuit,ocon,16,1,20.762,alpine,0,0,0,26.410199999999996,1,193,61,22.89464924043202,23.226811582086373,-2.13264924043202,-2.464811582086373
2023,2,Saudi Arabian Grand Prix,Jeddah Corniche Circuit,perez,18,1,20.715,red_bull,0,0,0,26.410199999999996,1,220,61,22.11684876817826,22.442193964008084,-1.4018487681782617,-1.7271939640080838
2023,2,Saudi Arabian Grand Prix,Jeddah Corniche Circuit,russell,18,1,20.828,mercedes,0,0,0,26.410199999999996,1,210,61,22.671250633702538,23.02324058161534,-1.8432506337025387,-2.195240581615341
2023,2,Saudi Arabian Grand Prix,Jeddah Corniche Circuit,sainz,15,1,20.76,ferrari,0,0,0,26.410199999999996,1,198,61,22.512810271066552,22.729283609238678,-1.7528102710665507,-1.9692836092386763
2023,2,Saudi Arabian Grand Prix,Jeddah Corniche Circuit,sargeant,18,1,21.064,williams,0,0,0,26.410199999999996,1,209,61,23.515008293514683,23.441342204015637,-2.4510082935146826,-2.377342204015637
2023,2,Saudi Arabian Grand Prix,Jeddah Corniche Circuit,stroll,13,1,21.15,aston_martin,0,0,0,26.410199999999996,1,206,61,22.63462776244908,23.070570537909042,-1.4846277624490831,-1.9205705379090432
2023,2,Saudi Arabian Grand Prix,Jeddah Corniche Circuit,tsunoda,17,1,21.414,alphatauri,0,0,0,26.410199999999996,1,138,61,22.5466288537184,22.827592548535268,-1.1326288537183977,-1.4135925485352665
2023,2,Saudi Arabian Grand Prix,Jeddah Corniche Circuit,zhou,11,1,21.703,alfa,0,0,0,26.410199999999996,1,133,61,22.789870847281595,23.383565463055366,-1.0868708472815953,-1.6805654630553661
2023,2,Saudi Arabian Grand Prix,Jeddah Corniche Circuit,zhou,18,2,21.282,alfa,0,0,0,26.410199999999996,1,133,61,22.789870847281595,23.244279906466538,-1.5078708472815947,-1.962279906466538
2023,3,Australian Grand Prix,Albert Park Grand Prix Circuit,alonso,57,3,1.8450730000000002,aston_martin,0,0,0,1.8700243000000003,0,206,70,15.942349446120197,-0.13745566185172023,-14.097276446120198,1.9825286618517204
2023,3,Australian Grand Prix,Albert Park Grand Prix Circuit,bottas,57,6,1.8671820000000001,alfa,0,0,0,1.8700243000000003,0,133,70,16.09759253095271,-2.4863513021728916,-14.23041053095271,4.353533302172892
2023,3,Australian Grand Prix,Albert Park Grand Prix Circuit,hamilton,57,3,1.859435,mercedes,0,0,0,1.8700243000000003,0,210,70,15.978972317373655,-0.21124580182632266,-14.119537317373656,2.0706808018263225
2023,3,Australian Grand Prix,Albert Park Grand Prix Circuit,hulkenberg,57,3,1.8690550000000001,haas,0,0,0,1.8700243000000003,0,212,70,17.07136866815282,0.816228214141575,-15.202313668152822,1.052826785858425
2023,3,Australian Grand Prix,Albert Park Grand Prix Circuit,maxverstappen,57,3,1.8565019999999999,red_bull,0,0,0,1.8700243000000003,0,220,70,15.424570451849378,-0.792292419433579,-13.568068451849378,2.648794419433579
2023,3,Australian Grand Prix,Albert Park Grand Prix Circuit,norris,57,3,1.864087,mclaren,0,0,0,1.8700243000000003,0,208,70,15.72457914111585,-0.30332824577366424,-13.86049214111585,2.167415245773664
2023,3,Australian Grand Prix,Albert Park Grand Prix Circuit,perez,57,5,1.8535679999999999,red_bull,0,0,0,1.8700243000000003,0,220,70,15.424570451849378,0.5053134161711695,-13.57100245184938,1.3482545838288305
2023,3,Australian Grand Prix,Albert Park Grand Prix Circuit,piastri,57,4,1.8662260000000002,mclaren,0,0,0,1.8700243000000003,0,208,70,15.72457914111585,2.94242953835145,-13.858353141115849,-1.0762035383514497
2023,3,Australian Grand Prix,Albert Park Grand Prix Circuit,sainz,57,4,1.8615540000000002,ferrari,0,0,0,1.8700243000000003,0,198,70,15.820531954737667,2.756431120130669,-13.958977954737668,-0.8948771201306689
2023,3,Australian Grand Prix,Albert Park Grand Prix Circuit,stroll,57,3,1.845925,aston_martin,0,0,0,1.8700243000000003,0,206,70,15.942349446120197,-0.13745566185172023,-14.096424446120198,1.9833806618517202
2023,3,Australian Grand Prix,Albert Park Grand Prix Circuit,tsunoda,57,4,1.8712090000000001,alphatauri,0,0,0,1.8700243000000003,1,138,70,15.854350537389514,22.69523238207184,-13.983141537389514,-20.82402338207184
2023,3,Australian Grand Prix,Albert Park Grand Prix Circuit,zhou,57,5,1.8649980000000002,alfa,0,0,0,1.8700243000000003,0,133,70,16.09759253095271,1.4837291723717114,-14.23259453095271,0.38126882762828873
2023,4,Azerbaijan Grand Prix,Baku City Circuit,albon,7,1,21.103,williams,0,0,0,24.5893,1,209,71,22.57355991480724,22.053114452981312,-1.4705599148072395,-0.9501144529813104
2023,4,Azerbaijan Grand Prix,Baku City Circuit,alonso,11,1,23.148,aston_martin,0,0,0,24.5893,1,206,71,21.69317938374164,21.72997111750034,1.4548206162583597,1.4180288824996587
2023,4,Azerbaijan Grand Prix,Baku City Circuit,bottas,6,1,20.967,alfa,0,0,0,24.5893,1,133,71,21.848422468574153,22.027089932438123,-0.8814224685741543,-1.0600899324381245
2023,4,Azerbaijan Grand Prix,Baku City Circuit,bottas,12,2,22.354,alfa,0,0,0,24.5893,1,133,71,21.848422468574153,21.882512339113113,0.5055775314258462,0.4714876608868863
2023,4,Azerbaijan Grand Prix,Baku City Circuit,bottas,34,3,21.012,alfa,0,0,0,24.5893,1,133,71,21.848422468574153,22.515632601024382,-0.8364224685741526,-1.503632601024382
2023,4,Azerbaijan Grand Prix,Baku City Circuit,gasly,5,1,20.235,alpine,0,0,0,24.5893,1,193,71,21.953200861724582,21.83858383105205,-1.7182008617245828,-1.603583831052049
2023,4,Azerbaijan Grand Prix,Baku City Circuit,gasly,23,2,21.169,alpine,0,0,0,24.5893,1,193,71,21.953200861724582,21.757510678561204,-0.7842008617245817,-0.5885106785612031
2023,4,Azerbaijan Grand Prix,Baku City Circuit,hamilton,9,1,20.324,mercedes,0,0,0,24.5893,1,210,71,21.7298022549951,21.645596904053377,-1.4058022549950984,-1.3215969040533757
2023,4,Azerbaijan Grand Prix,Baku City Circuit,hulkenberg,49,1,24.748,haas,0,0,0,24.5893,1,212,71,22.822198605774265,22.884752389468485,1.9258013942257364,1.8632476105315163
2023,4,Azerbaijan Grand Prix,Baku City Circuit,kevinmagnussen,10,1,30.951,haas,0,0,0,24.5893,1,212,71,22.822198605774265,22.678362956757457,8.128801394225736,8.272637043242543
2023,4,Azerbaijan Grand Prix,Baku City Circuit,leclerc,11,1,21.126,ferrari,0,0,0,24.5893,1,198,71,21.57136189235911,21.378100115357615,-0.4453618923591094,-0.2521001153576137
2023,4,Azerbaijan Grand Prix,Baku City Circuit,maxverstappen,10,1,20.707,red_bull,0,0,0,24.5893,1,220,71,21.175400389470823,21.069842323182304,-0.46840038947082263,-0.3628423231823028
2023,4,Azerbaijan Grand Prix,Baku City Circuit,norris,9,1,20.346,mclaren,0,0,0,24.5893,1,208,71,21.475409078737293,21.553514460106033,-1.129409078737293,-1.207514460106033
2023,4,Azerbaijan Grand Prix,Baku City Circuit,ocon,50,1,20.367,alpine,0,0,0,24.5893,1,193,71,21.953200861724582,22.07672548418016,-1.5862008617245813,-1.709725484180158
2023,4,Azerbaijan Grand Prix,Baku City Circuit,perez,11,1,20.389,red_bull,0,0,0,24.5893,1,220,71,21.175400389470823,21.075134359918483,-0.786400389470824,-0.6861343599184835
2023,4,Azerbaijan Grand Prix,Baku City Circuit,piastri,8,1,20.902,mclaren,0,0,0,24.5893,1,208,71,21.475409078737293,21.548222423369854,-0.5734090787372921,-0.6462224233698528
2023,4,Azerbaijan Grand Prix,Baku City Circuit,russell,11,1,20.459,mercedes,0,0,0,24.5893,1,210,71,21.7298022549951,21.656180977525736,-1.2708022549951004,-1.1971809775257363
2023,4,Azerbaijan Grand Prix,Baku City Circuit,russell,49,2,21.389,mercedes,0,0,0,24.5893,1,210,71,21.7298022549951,21.680948559758495,-0.34080225499510064,-0.2919485597584952
2023,4,Azerbaijan Grand Prix,Baku City Circuit,sainz,11,1,21.97,ferrari,0,0,0,24.5893,1,198,71,21.57136189235911,21.378100115357615,0.39863810764088825,0.591899884642384
2023,4,Azerbaijan Grand Prix,Baku City Circuit,sargeant,8,1,21.015,williams,0,0,0,24.5893,1,209,71,22.57355991480724,22.05840648971749,-1.5585599148072404,-1.0434064897174906
2023,4,Azerbaijan Grand Prix,Baku City Circuit,stroll,11,1,23.161,aston_martin,0,0,0,24.5893,1,206,71,21.69317938374164,21.72997111750034,1.4678206162583614,1.4310288824996604
2023,4,Azerbaijan Grand Prix,Baku City Circuit,tsunoda,8,1,20.497,alphatauri,0,0,0,24.5893,1,138,71,21.605180475010958,21.4499488709733,-1.1081804750109576,-0.9529488709733016
2023,4,Azerbaijan Grand Prix,Baku City Circuit,zhou,11,1,22.247,alfa,0,0,0,24.5893,1,133,71,21.848422468574153,22.053550116119023,0.39857753142584684,0.19344988388097661
2023,5,Miami Grand Prix,Miami International Autodrome,albon,22,1,22.482,williams,0,0,0,25.332400000000018,1,209,73,22.9686401128577,22.77177870139165,-0.4866401128576996,-0.28977870139165063
2023,5,Miami Grand Prix,Miami International Autodrome,alonso,24,1,22.631,aston_martin,0,0,0,25.332400000000018,1,206,73,22.0882595817921,22.438051292438317,0.5427404182078988,0.19294870756168336
2023,5,Miami Grand Prix,Miami International Autodrome,bottas,15,1,23.158,alfa,0,0,0,25.332400000000018,1,133,73,22.243502666624615,22.71400196043138,0.9144973333753867,0.4439980395686227
2023,5,Miami Grand Prix,Miami International Autodrome,devries,15,1,23.487,alphatauri,0,0,0,25.332400000000018,1,138,73,22.00026067306142,22.126276825494198,1.4867393269385794,1.3607231745058002
2023,5,Miami Grand Prix,Miami International Autodrome,gasly,15,1,22.417,alpine,0,0,0,25.332400000000018,1,193,73,22.34828105977504,22.530787895781486,0.0687189402249615,-0.11378789578148485
2023,5,Miami Grand Prix,Miami International Autodrome,hamilton,37,1,22.15,mercedes,0,0,0,25.332400000000018,1,210,73,22.124882453045558,22.433057630034057,0.025117546954440684,-0.28305763003405815
2023,5,Miami Grand Prix,Miami International Autodrome,hulkenberg,33,1,23.12,haas,0,0,0,25.332400000000018,1,212,73,23.217278803824726,23.439363499057237,-0.0972788038247252,-0.3193634990572356
2023,5,Miami Grand Prix,Miami International Autodrome,kevinmagnussen,14,1,22.616,haas,0,0,0,25.332400000000018,1,212,73,23.217278803824726,23.33881480106981,-0.6012788038247265,-0.7228148010698092
2023,5,Miami Grand Prix,Miami International Autodrome,leclerc,17,1,22.068,ferrari,0,0,0,25.332400000000018,1,198,73,21.966442090409572,22.049136033142332,0.10155790959042932,0.018863966857669112
2023,5,Miami Grand Prix,Miami International Autodrome,maxverstappen,45,1,22.688,red_bull,0,0,0,25.332400000000018,1,220,73,21.57048058752128,21.89434730631624,1.1175194124787176,0.7936526936837573
2023,5,Miami Grand Prix,Miami International Autodrome,norris,4,1,24.09,mclaren,0,0,0,25.332400000000018,1,208,73,21.87048927678775,22.166337973792768,2.219510723212249,1.9236620262072321
2023,5,Miami Grand Prix,Miami International Autodrome,ocon,39,1,21.942,alpine,0,0,0,25.332400000000018,1,193,73,22.34828105977504,22.657796777449814,-0.4062810597750399,-0.715796777449814
2023,5,Miami Grand Prix,Miami International Autodrome,perez,20,1,21.884,red_bull,0,0,0,25.332400000000018,1,220,73,21.57048058752128,21.762046387911735,0.31351941247871906,0.12195361208826583
2023,5,Miami Grand Prix,Miami International Autodrome,piastri,5,1,22.205,mclaren,0,0,0,25.332400000000018,1,208,73,21.87048927678775,22.171630010528947,0.3345107232122473,0.0333699894710513
2023,5,Miami Grand Prix,Miami International Autodrome,russell,17,1,22.335,mercedes,0,0,0,25.332400000000018,1,210,73,22.124882453045558,22.327216895310453,0.21011754695444296,0.007783104689547571
2023,5,Miami Grand Prix,Miami International Autodrome,sainz,18,1,22.278,ferrari,0,0,0,25.332400000000018,1,198,73,21.966442090409572,22.05442806987851,0.3115579095904266,0.22357193012148713
2023,5,Miami Grand Prix,Miami International Autodrome,sargeant,2,1,48.938,williams,0,0,0,25.332400000000018,1,209,73,22.9686401128577,22.665937966668046,25.969359887142303,26.272062033331956
2023,5,Miami Grand Prix,Miami International Autodrome,stroll,42,1,22.651,aston_martin,0,0,0,25.332400000000018,1,206,73,22.0882595817921,22.533307953689558,0.5627404182078983,0.11769204631044161
2023,5,Miami Grand Prix,Miami International Autodrome,tsunoda,36,1,22.39,alphatauri,0,0,0,25.332400000000018,1,138,73,22.00026067306142,22.237409596953984,0.3897393269385816,0.15259040304601612
2023,5,Miami Grand Prix,Miami International Autodrome,zhou,31,1,22.796,alfa,0,0,0,25.332400000000018,1,133,73,22.243502666624615,22.79867454821026,0.5524973333753849,-0.002674548210261918
2023,6,Monaco Grand Prix,Circuit de Monaco,albon,18,1,24.29,williams,0,0,0,34.06265,1,209,52,19.253638302624886,25.31778183048335,5.0363616973751135,-1.0277818304833524
2023,6,Monaco Grand Prix,Circuit de Monaco,albon,52,2,26.99,williams,0,0,0,34.06265,1,209,52,19.253638302624886,25.32138126577139,7.736361697375113,1.668618734228609
2023,6,Monaco Grand Prix,Circuit de Monaco,alonso,54,1,24.414,aston_martin,0,0,0,34.06265,1,206,52,18.373257771559285,25.16398367056015,6.040742228440717,-0.7499836705601481
2023,6,Monaco Grand Prix,Circuit de Monaco,alonso,55,2,25.916,aston_martin,0,0,0,34.06265,1,206,52,18.373257771559285,24.99294589355424,7.542742228440716,0.9230541064457611
2023,6,Monaco Grand Prix,Circuit de Monaco,bottas,51,1,30.395,alfa,0,0,0,34.06265,1,133,52,18.528500856391798,25.47168655897029,11.866499143608202,4.923313441029709
2023,6,Monaco Grand Prix,Circuit de Monaco,devries,53,1,24.539,alphatauri,0,0,0,34.06265,1,138,52,18.285258862828602,24.894545497505472,6.253741137171399,-0.3555454975054708
2023,6,Monaco Grand Prix,Circuit de Monaco,gasly,47,1,23.902,alpine,0,0,0,34.06265,1,193,52,18.633279249542223,25.267304347375678,5.268720750457778,-1.3653043473756767
2023,6,Monaco Grand Prix,Circuit de Monaco,gasly,54,2,29.949,alpine,0,0,0,34.06265,1,193,52,18.633279249542223,25.12801879078685,11.315720750457778,4.820981209213151
2023,6,Monaco Grand Prix,Circuit de Monaco,hamilton,31,1,24.594,mercedes,0,0,0,34.06265,1,210,52,18.409880642812745,24.9684766856534,6.184119357187257,-0.37447668565339853
2023,6,Monaco Grand Prix,Circuit de Monaco,hamilton,54,2,26.685,mercedes,0,0,0,34.06265,1,210,52,18.409880642812745,24.913863716843455,8.275119357187254,1.7711362831565438
2023,6,Monaco Grand Prix,Circuit de Monaco,hulkenberg,54,2,34.725,haas,0,0,0,34.06265,1,212,52,19.50227699359191,25.941337732811355,15.222723006408092,8.783662267188646
2023,6,Monaco Grand Prix,Circuit de Monaco,hulkenberg,59,3,25.672,haas,0,0,0,34.06265,1,212,52,19.50227699359191,26.48449337020756,6.169723006408091,-0.8124933702075587
2023,6,Monaco Grand Prix,Circuit de Monaco,kevinmagnussen,56,1,51.052,haas,0,0,0,34.06265,1,212,52,19.50227699359191,26.128251620025807,31.54972300640809,24.923748379974192
2023,6,Monaco Grand Prix,Circuit de Monaco,leclerc,44,1,24.192,ferrari,0,0,0,34.06265,1,198,52,18.251440280176755,24.75919230105562,5.940559719823245,-0.5671923010556199
2023,6,Monaco Grand Prix,Circuit de Monaco,leclerc,55,2,25.713,ferrari,0,0,0,34.06265,1,198,52,18.251440280176755,24.641074891411513,7.461559719823246,1.0719251085884878
2023,6,Monaco Grand Prix,Circuit de Monaco,maxverstappen,55,1,24.798,red_bull,0,0,0,34.06265,1,220,52,17.855478777288468,24.51443894971447,6.94252122271153,0.28356105028552747
2023,6,Monaco Grand Prix,Circuit de Monaco,norris,50,1,24.663,mclaren,0,0,0,34.06265,1,208,52,18.155487466554938,24.976942939693483,6.5075125334450625,-0.31394293969348297
2023,6,Monaco Grand Prix,Circuit de Monaco,norris,54,2,33.428,mclaren,0,0,0,34.06265,1,208,52,18.155487466554938,24.821781272896114,15.27251253344506,8.606218727103883
2023,6,Monaco Grand Prix,Circuit de Monaco,ocon,32,1,25.833,alpine,0,0,0,34.06265,1,193,52,18.633279249542223,25.187923796332974,7.199720750457775,0.6450762036670241
2023,6,Monaco Grand Prix,Circuit de Monaco,ocon,54,2,24.707,alpine,0,0,0,34.06265,1,193,52,18.633279249542223,25.12801879078685,6.0737207504577775,-0.42101879078684945
2023,6,Monaco Grand Prix,Circuit de Monaco,perez,34,2,32.749,red_bull,0,0,0,34.06265,1,220,52,17.855478777288468,24.226976364512595,14.893521222711534,8.522023635487407
2023,6,Monaco Grand Prix,Circuit de Monaco,perez,53,3,24.217,red_bull,0,0,0,34.06265,1,220,52,17.855478777288468,24.844220516215326,6.361521222711531,-0.6272205162153277
2023,6,Monaco Grand Prix,Circuit de Monaco,perez,57,4,29.337,red_bull,0,0,0,34.06265,1,220,52,17.855478777288468,28.11114644728516,11.481521222711532,1.2258535527148382
2023,6,Monaco Grand Prix,Circuit de Monaco,perez,70,5,25.466,red_bull,0,0,0,34.06265,1,220,52,17.855478777288468,26.231790976335137,7.610521222711533,-0.7657909763351363
2023,6,Monaco Grand Prix,Circuit de Monaco,piastri,54,1,25.851,mclaren,0,0,0,34.06265,1,208,52,18.155487466554938,24.998111086638204,7.695512533445061,0.8528889133617952
2023,6,Monaco Grand Prix,Circuit de Monaco,russell,54,1,30.98,mercedes,0,0,0,34.06265,1,210,52,18.409880642812745,25.090193530585545,12.570119357187256,5.889806469414456
2023,6,Monaco Grand Prix,Circuit de Monaco,sainz,33,1,24.252,ferrari,0,0,0,34.06265,1,198,52,18.251440280176755,24.700979896957637,6.000559719823244,-0.4489798969576384
2023,6,Monaco Grand Prix,Circuit de Monaco,sainz,55,2,29.3,ferrari,0,0,0,34.06265,1,198,52,18.251440280176755,24.641074891411513,11.048559719823245,4.6589251085884875
2023,6,Monaco Grand Prix,Circuit de Monaco,sargeant,20,1,24.376,williams,0,0,0,34.06265,1,209,52,19.253638302624886,25.328365903955714,5.122361697375116,-0.9523659039557124
2023,6,Monaco Grand Prix,Circuit de Monaco,sargeant,23,2,27.774,williams,0,0,0,34.06265,1,209,52,19.253638302624886,25.167912200422165,8.520361697375115,2.6060877995778355
2023,6,Monaco Grand Prix,Circuit de Monaco,sargeant,52,3,25.946,williams,0,0,0,34.06265,1,209,52,19.253638302624886,25.838076719486693,6.692361697375116,0.10792328051330813
2023,6,Monaco Grand Prix,Circuit de Monaco,stroll,51,1,24.656,aston_martin,0,0,0,34.06265,1,206,52,18.373257771559285,25.148107560351608,6.282742228440714,-0.4921075603516094
2023,6,Monaco Grand Prix,Circuit de Monaco,tsunoda,53,1,33.706,alphatauri,0,0,0,34.06265,1,138,52,18.285258862828602,24.894545497505472,15.420741137171401,8.81145450249453
2023,6,Monaco Grand Prix,Circuit de Monaco,zhou,52,2,25.26,alfa,0,0,0,34.06265,1,133,52,18.528500856391798,25.30064878196438,6.731499143608204,-0.0406487819643786
2023,7,Spanish Grand Prix,Circuit de Barcelona-Catalunya,albon,16,1,23.319,williams,0,0,0,24.10935,1,209,135,23.314862250161873,22.44230356721272,0.00413774983812587,0.8766964327872806
2023,7,Spanish Grand Prix,Circuit de Barcelona-Catalunya,albon,37,2,23.449,williams,0,0,0,24.10935,1,209,135,23.314862250161873,22.377106524930415,0.13413774983812843,1.0718934750695865
2023,7,Spanish Grand Prix,Circuit de Barcelona-Catalunya,alonso,19,1,22.558,aston_martin,0,0,0,24.10935,1,206,135,22.434481719096276,22.113868194995568,0.12351828090372408,0.4441318050044316
2023,7,Spanish Grand Prix,Circuit de Barcelona-Catalunya,alonso,44,2,22.896,aston_martin,0,0,0,24.10935,1,206,135,22.434481719096276,22.069839299657982,0.46151828090372504,0.8261607003420188
2023,7,Spanish Grand Prix,Circuit de Barcelona-Catalunya,bottas,5,1,23.691,alfa,0,0,0,24.10935,1,133,135,22.58972480392879,22.363358679307726,1.1012751960712102,1.3276413206922726
2023,7,Spanish Grand Prix,Circuit de Barcelona-Catalunya,bottas,39,2,24.097,alfa,0,0,0,24.10935,1,133,135,22.58972480392879,22.366958114595768,1.5072751960712125,1.7300418854042334
2023,7,Spanish Grand Prix,Circuit de Barcelona-Catalunya,devries,9,1,22.522,alphatauri,0,0,0,24.10935,1,138,135,22.346482810365593,21.796801691315267,0.1755171896344052,0.7251983086847318
2023,7,Spanish Grand Prix,Circuit de Barcelona-Catalunya,devries,38,2,21.976,alphatauri,0,0,0,24.10935,1,138,135,22.346482810365593,21.773940942922405,-0.37048281036559416,0.20205905707759442
2023,7,Spanish Grand Prix,Circuit de Barcelona-Catalunya,gasly,19,1,23.388,alpine,0,0,0,24.10935,1,193,135,22.694503197079214,22.25423312896436,0.6934968029207873,1.1337668710356432
2023,7,Spanish Grand Prix,Circuit de Barcelona-Catalunya,gasly,39,2,23.61,alpine,0,0,0,24.10935,1,193,135,22.694503197079214,22.183744049945876,0.9154968029207851,1.4262559500541236
2023,7,Spanish Grand Prix,Circuit de Barcelona-Catalunya,hamilton,24,1,22.575,mercedes,0,0,0,24.10935,1,210,135,22.471104590349732,22.066538238701867,0.10389540965026711,0.5084617612981326
2023,7,Spanish Grand Prix,Circuit de Barcelona-Catalunya,hamilton,50,2,22.731,mercedes,0,0,0,24.10935,1,210,135,22.471104590349732,22.02780138010046,0.25989540965026947,0.7031986198995419
2023,7,Spanish Grand Prix,Circuit de Barcelona-Catalunya,hulkenberg,8,1,22.298,haas,0,0,0,24.10935,1,212,135,23.5635009411289,23.00933966689088,-1.2655009411289022,-0.7113396668908827
2023,7,Spanish Grand Prix,Circuit de Barcelona-Catalunya,hulkenberg,26,2,23.257,haas,0,0,0,24.10935,1,212,135,23.5635009411289,22.928266514400033,-0.30650094112889903,0.32873348559996884
2023,7,Spanish Grand Prix,Circuit de Barcelona-Catalunya,hulkenberg,43,3,24.484,haas,0,0,0,24.10935,1,212,135,23.5635009411289,23.534926592630406,0.9204990588711013,0.9490734073695961
2023,7,Spanish Grand Prix,Circuit de Barcelona-Catalunya,kevinmagnussen,10,1,22.124,haas,0,0,0,24.10935,1,212,135,23.5635009411289,23.01992374036324,-1.4395009411289017,-0.8959237403632407
2023,7,Spanish Grand Prix,Circuit de Barcelona-Catalunya,kevinmagnussen,24,2,24.8,haas,0,0,0,24.10935,1,212,135,23.5635009411289,22.917682440927674,1.2364990588711002,1.8823175590723267
2023,7,Spanish Grand Prix,Circuit de Barcelona-Catalunya,kevinmagnussen,42,3,22.291,haas,0,0,0,24.10935,1,212,135,23.5635009411289,23.52963455589422,-1.2725009411289,-1.238634555894219
2023,7,Spanish Grand Prix,Circuit de Barcelona-Catalunya,leclerc,16,1,21.778,ferrari,0,0,0,24.10935,1,198,135,22.312664227713746,21.7461210826443,-0.5346642277137477,0.03187891735569792
2023,7,Spanish Grand Prix,Circuit de Barcelona-Catalunya,leclerc,41,2,23.003,ferrari,0,0,0,24.10935,1,198,135,22.312664227713746,21.702092187306718,0.6903357722862538,1.300907812693282
2023,7,Spanish Grand Prix,Circuit de Barcelona-Catalunya,maxverstappen,26,1,22.241,red_bull,0,0,0,24.10935,1,220,135,21.916702724825456,21.49607569456697,0.3242972751745441,0.744924305433031
2023,7,Spanish Grand Prix,Circuit de Barcelona-Catalunya,maxverstappen,52,2,22.357,red_bull,0,0,0,24.10935,1,220,135,21.916702724825456,21.457338835965565,0.44029727517454376,0.8996611640344341
2023,7,Spanish Grand Prix,Circuit de Barcelona-Catalunya,norris,22,2,22.85,mclaren,0,0,0,24.10935,1,208,135,22.21671141409193,21.787541907540074,0.6332885859080726,1.0624580924599272
2023,7,Spanish Grand Prix,Circuit de Barcelona-Catalunya,norris,50,3,22.062,mclaren,0,0,0,24.10935,1,208,135,22.21671141409193,22.452414389868423,-0.15471141409192768,-0.3904143898684218
2023,7,Spanish Grand Prix,Circuit de Barcelona-Catalunya,ocon,13,1,22.112,alpine,0,0,0,24.10935,1,193,135,22.694503197079214,22.22248090854728,-0.582503197079216,-0.11048090854728088
2023,7,Spanish Grand Prix,Circuit de Barcelona-Catalunya,ocon,35,2,24.11,alpine,0,0,0,24.10935,1,193,135,22.694503197079214,22.16257590300115,1.415496802920785,1.9474240969988479
2023,7,Spanish Grand Prix,Circuit de Barcelona-Catalunya,perez,27,1,21.775,red_bull,0,0,0,24.10935,1,220,135,21.916702724825456,21.501367731303148,-0.14170272482545698,0.27363226869685064
2023,7,Spanish Grand Prix,Circuit de Barcelona-Catalunya,perez,50,2,21.537,red_bull,0,0,0,24.10935,1,220,135,21.916702724825456,21.446754762493203,-0.37970272482545653,0.09024523750679592
2023,7,Spanish Grand Prix,Circuit de Barcelona-Catalunya,piastri,17,1,22.37,mclaren,0,0,0,24.10935,1,208,135,22.21671141409193,21.937411537601264,0.15328858590807215,0.43258846239873705
2023,7,Spanish Grand Prix,Circuit de Barcelona-Catalunya,piastri,39,2,22.862,mclaren,0,0,0,24.10935,1,208,135,22.21671141409193,21.87750653205514,0.6452885859080695,0.9844934679448585
2023,7,Spanish Grand Prix,Circuit de Barcelona-Catalunya,russell,25,1,22.275,mercedes,0,0,0,24.10935,1,210,135,22.471104590349732,22.071830275438046,-0.1961045903497336,0.2031697245619526
2023,7,Spanish Grand Prix,Circuit de Barcelona-Catalunya,russell,45,2,22.054,mercedes,0,0,0,24.10935,1,210,135,22.471104590349732,22.00134119641956,-0.4171045903497337,0.05265880358043873
2023,7,Spanish Grand Prix,Circuit de Barcelona-Catalunya,sainz,15,1,22.321,ferrari,0,0,0,24.10935,1,198,135,22.312664227713746,21.74082904590812,0.00833577228625515,0.58017095409188
2023,7,Spanish Grand Prix,Circuit de Barcelona-Catalunya,sainz,41,2,22.375,ferrari,0,0,0,24.10935,1,198,135,22.312664227713746,21.702092187306718,0.06233577228625364,0.6729078126932819
2023,7,Spanish Grand Prix,Circuit de Barcelona-Catalunya,sargeant,17,1,22.583,williams,0,0,0,24.10935,1,209,135,23.314862250161873,22.4475956039489,-0.7318622501618748,0.1354043960510971
2023,7,Spanish Grand Prix,Circuit de Barcelona-Catalunya,sargeant,36,2,23.827,williams,0,0,0,24.10935,1,209,135,23.314862250161873,22.371814488194236,0.5121377498381285,1.455185511805766
2023,7,Spanish Grand Prix,Circuit de Barcelona-Catalunya,stroll,14,1,22.355,aston_martin,0,0,0,24.10935,1,206,135,22.434481719096276,22.087408011314665,-0.07948171909627533,0.26759198868533574
2023,7,Spanish Grand Prix,Circuit de Barcelona-Catalunya,stroll,34,2,23.371,aston_martin,0,0,0,24.10935,1,206,135,22.434481719096276,22.01691893229618,0.9365182809037229,1.3540810677038202
2023,7,Spanish Grand Prix,Circuit de Barcelona-Catalunya,tsunoda,10,1,22.176,alphatauri,0,0,0,24.10935,1,138,135,22.346482810365593,21.80209372805145,-0.17048281036559487,0.37390627194854886
2023,7,Spanish Grand Prix,Circuit de Barcelona-Catalunya,tsunoda,34,2,22.009,alphatauri,0,0,0,24.10935,1,138,135,22.346482810365593,21.752772795977684,-0.3374828103655929,0.25622720402231636
2023,7,Spanish Grand Prix,Circuit de Barcelona-Catalunya,zhou,9,1,23.43,alfa,0,0,0,24.10935,1,133,135,22.58972480392879,22.384526826252447,0.8402751960712109,1.0454731737475527
2023,7,Spanish Grand Prix,Circuit de Barcelona-Catalunya,zhou,36,2,22.889,alfa,0,0,0,24.10935,1,133,135,22.58972480392879,22.351082004387226,0.29927519607121056,0.5379179956127729
2023,8,Canadian Grand Prix,Circuit Gilles Villeneuve,albon,12,1,25.064,williams,0,0,0,27.5186,1,209,106,27.01911966809913,26.620712818980206,-1.9551196680991296,-1.5567128189802055
2023,8,Canadian Grand Prix,Circuit Gilles Villeneuve,alonso,12,1,24.031,aston_martin,0,0,0,27.5186,1,206,106,26.13873913703353,26.276401336554514,-2.10773913703353,-2.245401336554515
2023,8,Canadian Grand Prix,Circuit Gilles Villeneuve,alonso,41,2,23.928,aston_martin,0,0,0,27.5186,1,206,106,26.13873913703353,26.253540588161652,-2.210739137033528,-2.325540588161651
2023,8,Canadian Grand Prix,Circuit Gilles Villeneuve,bottas,36,1,24.038,alfa,0,0,0,27.5186,1,133,106,26.29398222186604,26.726989216841524,-2.2559822218660415,-2.6889892168415237
2023,8,Canadian Grand Prix,Circuit Gilles Villeneuve,devries,11,1,24.96,alphatauri,0,0,0,27.5186,1,138,106,26.050740228302846,26.006963163499837,-1.0907402283028453,-1.0469631634998358
2023,8,Canadian Grand Prix,Circuit Gilles Villeneuve,devries,50,2,23.786,alphatauri,0,0,0,27.5186,1,138,106,26.050740228302846,26.037022782468775,-2.264740228302845,-2.251022782468773
2023,8,Canadian Grand Prix,Circuit Gilles Villeneuve,gasly,10,1,27.515,alpine,0,0,0,27.5186,1,193,106,26.39876061501647,26.406182197050946,1.1162393849835297,1.108817802949055
2023,8,Canadian Grand Prix,Circuit Gilles Villeneuve,gasly,33,2,24.117,alpine,0,0,0,27.5186,1,193,106,26.39876061501647,26.351569228241,-2.28176061501647,-2.234569228241
2023,8,Canadian Grand Prix,Circuit Gilles Villeneuve,hamilton,12,1,24.339,mercedes,0,0,0,27.5186,1,210,106,26.17536200828699,26.20261119657991,-1.83636200828699,-1.8636111965799103
2023,8,Canadian Grand Prix,Circuit Gilles Villeneuve,hamilton,40,2,23.749,mercedes,0,0,0,27.5186,1,210,106,26.17536200828699,26.174458411450868,-2.42636200828699,-2.425458411450869
2023,8,Canadian Grand Prix,Circuit Gilles Villeneuve,hulkenberg,11,1,24.88,haas,0,0,0,27.5186,1,212,106,27.267758359066153,27.22479317581163,-2.3877583590661544,-2.344793175811631
2023,8,Canadian Grand Prix,Circuit Gilles Villeneuve,hulkenberg,31,2,24.2,haas,0,0,0,27.5186,1,212,106,27.267758359066153,27.154304096793144,-3.067758359066154,-2.9543040967931447
2023,8,Canadian Grand Prix,Circuit Gilles Villeneuve,kevinmagnussen,35,1,24.909,haas,0,0,0,27.5186,1,212,106,27.267758359066153,27.351802057479954,-2.3587583590661545,-2.4428020574799554
2023,8,Canadian Grand Prix,Circuit Gilles Villeneuve,kevinmagnussen,53,2,24.515,haas,0,0,0,27.5186,1,212,106,27.267758359066153,27.27072890498911,-2.752758359066153,-2.755728904989109
2023,8,Canadian Grand Prix,Circuit Gilles Villeneuve,leclerc,39,1,24.343,ferrari,0,0,0,27.5186,1,198,106,26.016921645651,26.067415326288657,-1.6739216456509993,-1.724415326288657
2023,8,Canadian Grand Prix,Circuit Gilles Villeneuve,maxverstappen,12,1,23.644,red_bull,0,0,0,27.5186,1,220,106,25.620960142762712,25.621564578972656,-1.9769601427627137,-1.9775645789726575
2023,8,Canadian Grand Prix,Circuit Gilles Villeneuve,maxverstappen,42,2,23.91,red_bull,0,0,0,27.5186,1,220,106,25.620960142762712,25.60399586731597,-1.710960142762712,-1.6939958673159694
2023,8,Canadian Grand Prix,Circuit Gilles Villeneuve,norris,12,1,25.862,mclaren,0,0,0,27.5186,1,208,106,25.920968832029182,26.11052875263257,-0.05896883202918346,-0.2485287526325699
2023,8,Canadian Grand Prix,Circuit Gilles Villeneuve,norris,35,2,23.57,mclaren,0,0,0,27.5186,1,208,106,25.920968832029182,26.055915783822623,-2.3509688320291815,-2.485915783822623
2023,8,Canadian Grand Prix,Circuit Gilles Villeneuve,ocon,12,1,24.402,alpine,0,0,0,27.5186,1,193,106,26.39876061501647,26.416766270523304,-1.9967606150164698,-2.014766270523303
2023,8,Canadian Grand Prix,Circuit Gilles Villeneuve,ocon,36,2,23.698,alpine,0,0,0,27.5186,1,193,106,26.39876061501647,26.367445338449542,-2.7007606150164705,-2.669445338449542
2023,8,Canadian Grand Prix,Circuit Gilles Villeneuve,perez,37,1,23.281,red_bull,0,0,0,27.5186,1,220,106,25.620960142762712,25.753865497377163,-2.3399601427627132,-2.472865497377164
2023,8,Canadian Grand Prix,Circuit Gilles Villeneuve,perez,68,2,23.218,red_bull,0,0,0,27.5186,1,220,106,25.620960142762712,25.741588822456656,-2.402960142762712,-2.523588822456656
2023,8,Canadian Grand Prix,Circuit Gilles Villeneuve,piastri,12,1,24.828,mclaren,0,0,0,27.5186,1,208,106,25.920968832029182,26.11052875263257,-1.0929688320291824,-1.2825287526325688
2023,8,Canadian Grand Prix,Circuit Gilles Villeneuve,piastri,37,2,23.436,mclaren,0,0,0,27.5186,1,208,106,25.920968832029182,26.066499857294986,-2.484968832029182,-2.6304998572949856
2023,8,Canadian Grand Prix,Circuit Gilles Villeneuve,russell,12,1,88.943,mercedes,0,0,0,27.5186,1,210,106,26.17536200828699,26.20261119657991,62.76763799171301,62.74038880342009
2023,8,Canadian Grand Prix,Circuit Gilles Villeneuve,sainz,38,1,24.133,ferrari,0,0,0,27.5186,1,198,106,26.016921645651,26.062123289552474,-1.8839216456510002,-1.929123289552475
2023,8,Canadian Grand Prix,Circuit Gilles Villeneuve,stroll,11,1,23.711,aston_martin,0,0,0,27.5186,1,206,106,26.13873913703353,26.271109299818335,-2.42773913703353,-2.560109299818336
2023,8,Canadian Grand Prix,Circuit Gilles Villeneuve,stroll,27,2,23.839,aston_martin,0,0,0,27.5186,1,206,106,26.13873913703353,26.179452073855128,-2.29973913703353,-2.340452073855129
2023,8,Canadian Grand Prix,Circuit Gilles Villeneuve,tsunoda,34,2,27.523,alphatauri,0,0,0,27.5186,1,138,106,26.050740228302846,25.952350194689892,1.4722597716971535,1.570649805310108
2023,8,Canadian Grand Prix,Circuit Gilles Villeneuve,zhou,12,1,24.161,alfa,0,0,0,27.5186,1,133,106,26.29398222186604,26.599980335173196,-2.1329822218660404,-2.438980335173195
2023,8,Canadian Grand Prix,Circuit Gilles Villeneuve,zhou,32,2,27.509,alfa,0,0,0,27.5186,1,133,106,26.29398222186604,26.529491256154714,1.2150177781339586,0.9795087438452867
2023,9,Austrian Grand Prix,Red Bull Ring,albon,2,1,16.737,williams,0,0,0,28.583,1,209,145,22.805615737080544,21.886137424599248,-6.068615737080545,-5.14913742459925
2023,9,Austrian Grand Prix,Red Bull Ring,albon,14,2,21.562,williams,0,0,0,28.583,1,209,145,22.805615737080544,21.77331205169132,-1.2436157370805425,-0.21131205169131917
2023,9,Austrian Grand Prix,Red Bull Ring,albon,41,3,27.683,williams,0,0,0,28.583,1,209,145,22.805615737080544,22.43289249728349,4.877384262919456,5.25010750271651
2023,9,Austrian Grand Prix,Red Bull Ring,alonso,2,1,16.6,aston_martin,0,0,0,28.583,1,206,145,21.925235206014943,21.541825942173556,-5.325235206014941,-4.941825942173555
2023,9,Austrian Grand Prix,Red Bull Ring,alonso,15,2,22.371,aston_martin,0,0,0,28.583,1,206,145,21.925235206014943,21.434292606001808,0.445764793985056,0.9367073939981907
2023,9,Austrian Grand Prix,Red Bull Ring,alonso,44,3,21.993,aston_martin,0,0,0,28.583,1,206,145,21.925235206014943,22.10445712506634,0.06776479398505586,-0.11145712506634098
2023,9,Austrian Grand Prix,Red Bull Ring,bottas,2,1,17.13,alfa,0,0,0,28.583,1,133,145,22.080478290847456,21.86540494079224,-4.950478290847457,-4.73540494079224
2023,9,Austrian Grand Prix,Red Bull Ring,bottas,21,2,31.785,alfa,0,0,0,28.583,1,133,145,22.080478290847456,21.789623825037573,9.704521709152544,9.995376174962427
2023,9,Austrian Grand Prix,Red Bull Ring,bottas,40,3,21.975,alfa,0,0,0,28.583,1,133,145,22.080478290847456,22.4068679767403,-0.1054782908474543,-0.43186797674029975
2023,9,Austrian Grand Prix,Red Bull Ring,devries,2,1,17.033,alphatauri,0,0,0,28.583,1,138,145,21.83723629728426,21.27767980585506,-4.804236297284259,-4.244679805855057
2023,9,Austrian Grand Prix,Red Bull Ring,devries,12,2,21.333,alphatauri,0,0,0,28.583,1,138,145,21.83723629728426,21.15427035947477,-0.5042362972842618,0.17872964052522988
2023,9,Austrian Grand Prix,Red Bull Ring,devries,37,3,21.074,alphatauri,0,0,0,28.583,1,138,145,21.83723629728426,21.80326673159458,-0.7632362972842586,-0.7292667315945778
2023,9,Austrian Grand Prix,Red Bull Ring,gasly,2,1,16.38,alpine,0,0,0,28.583,1,193,145,22.18525668399788,21.682190876142347,-5.805256683997882,-5.3021908761423475
2023,9,Austrian Grand Prix,Red Bull Ring,gasly,14,2,21.814,alpine,0,0,0,28.583,1,193,145,22.18525668399788,21.56936550323442,-0.37125668399788125,0.24463449676558113
2023,9,Austrian Grand Prix,Red Bull Ring,gasly,44,3,27.804,alpine,0,0,0,28.583,1,193,145,22.18525668399788,22.244822059035133,5.618743316002117,5.559177940964865
2023,9,Austrian Grand Prix,Red Bull Ring,hamilton,2,1,16.415,mercedes,0,0,0,28.583,1,210,145,21.961858077268403,21.468035802198955,-5.5468580772684035,-5.053035802198956
2023,9,Austrian Grand Prix,Red Bull Ring,hamilton,14,2,21.993,mercedes,0,0,0,28.583,1,210,145,21.961858077268403,21.355210429291024,0.031141922731595884,0.6377895707089749
2023,9,Austrian Grand Prix,Red Bull Ring,hamilton,42,3,27.724,mercedes,0,0,0,28.583,1,210,145,21.961858077268403,22.020082911619376,5.7621419227315975,5.703917088380624
2023,9,Austrian Grand Prix,Red Bull Ring,hulkenberg,2,1,16.778,haas,0,0,0,28.583,1,212,145,23.054254428047567,22.495509818166852,-6.276254428047569,-5.717509818166853
2023,9,Austrian Grand Prix,Red Bull Ring,hulkenberg,11,2,21.891,haas,0,0,0,28.583,1,212,145,23.054254428047567,22.366808335050383,-1.1632544280475692,-0.47580833505038456
2023,9,Austrian Grand Prix,Red Bull Ring,kevinmagnussen,2,2,25.654,haas,0,0,0,28.583,1,212,145,23.054254428047567,22.319180004424762,2.5997455719524325,3.334819995575238
2023,9,Austrian Grand Prix,Red Bull Ring,kevinmagnussen,34,3,22.25,haas,0,0,0,28.583,1,212,145,23.054254428047567,23.00522063369783,-0.8042544280475674,-0.7552206336978315
2023,9,Austrian Grand Prix,Red Bull Ring,leclerc,2,1,16.393,ferrari,0,0,0,28.583,1,198,145,21.803417714632413,21.18995494003083,-5.410417714632413,-4.79695494003083
2023,9,Austrian Grand Prix,Red Bull Ring,leclerc,15,2,23.425,ferrari,0,0,0,28.583,1,198,145,21.803417714632413,21.082421603859082,1.6215822853675874,2.342578396140919
2023,9,Austrian Grand Prix,Red Bull Ring,leclerc,47,3,21.47,ferrari,0,0,0,28.583,1,198,145,21.803417714632413,21.768462233132155,-0.33341771463241443,-0.29846223313215603
2023,9,Austrian Grand Prix,Red Bull Ring,maxverstappen,2,1,16.369,red_bull,0,0,0,28.583,1,220,145,21.407456211744126,20.886989184591698,-5.038456211744126,-4.517989184591698
2023,9,Austrian Grand Prix,Red Bull Ring,maxverstappen,24,2,21.365,red_bull,0,0,0,28.583,1,220,145,21.407456211744126,20.82708417904557,-0.042456211744127614,0.5379158209544279
2023,9,Austrian Grand Prix,Red Bull Ring,maxverstappen,49,3,21.641,red_bull,0,0,0,28.583,1,220,145,21.407456211744126,21.47608055116538,0.2335437882558722,0.16491944883461684
2023,9,Austrian Grand Prix,Red Bull Ring,maxverstappen,69,4,21.328,red_bull,0,0,0,28.583,1,220,145,21.407456211744126,24.827679070014103,-0.07945621174412665,-3.4996790700141034
2023,9,Austrian Grand Prix,Red Bull Ring,norris,2,1,18.076,mclaren,0,0,0,28.583,1,208,145,21.707464901010596,21.37595335825161,-3.6314649010105953,-3.29995335825161
2023,9,Austrian Grand Prix,Red Bull Ring,norris,14,2,21.29,mclaren,0,0,0,28.583,1,208,145,21.707464901010596,21.263127985343683,-0.41746490101059663,0.026872014656316168
2023,9,Austrian Grand Prix,Red Bull Ring,norris,41,3,22.088,mclaren,0,0,0,28.583,1,208,145,21.707464901010596,21.922708430935852,0.3805350989894052,0.16529156906414855
2023,9,Austrian Grand Prix,Red Bull Ring,ocon,2,1,18.143,alpine,0,0,0,28.583,1,193,145,22.18525668399788,21.682190876142347,-4.042256683997881,-3.539190876142346
2023,9,Austrian Grand Prix,Red Bull Ring,ocon,14,2,22.028,alpine,0,0,0,28.583,1,193,145,22.18525668399788,21.56936550323442,-0.15725668399788262,0.45863449676557977
2023,9,Austrian Grand Prix,Red Bull Ring,ocon,40,3,30.427,alpine,0,0,0,28.583,1,193,145,22.18525668399788,22.223653912090413,8.241743316002118,8.203346087909587
2023,9,Austrian Grand Prix,Red Bull Ring,perez,2,1,17.428,red_bull,0,0,0,28.583,1,220,145,21.407456211744126,20.886989184591698,-3.9794562117441252,-3.4589891845916974
2023,9,Austrian Grand Prix,Red Bull Ring,perez,25,2,21.655,red_bull,0,0,0,28.583,1,220,145,21.407456211744126,20.83237621578175,0.24754378825587509,0.8226237842182513
2023,9,Austrian Grand Prix,Red Bull Ring,perez,50,3,21.267,red_bull,0,0,0,28.583,1,220,145,21.407456211744126,21.481372587901564,-0.1404562117441266,-0.21437258790156477
2023,9,Austrian Grand Prix,Red Bull Ring,piastri,2,1,17.324,mclaren,0,0,0,28.583,1,208,145,21.707464901010596,21.37595335825161,-4.383464901010594,-4.051953358251609
2023,9,Austrian Grand Prix,Red Bull Ring,piastri,14,2,22.467,mclaren,0,0,0,28.583,1,208,145,21.707464901010596,21.263127985343683,0.759535098989403,1.2038720146563158
2023,9,Austrian Grand Prix,Red Bull Ring,piastri,22,3,29.912,mclaren,0,0,0,28.583,1,208,145,21.707464901010596,21.82215973294843,8.204535098989403,8.08984026705157
2023,9,Austrian Grand Prix,Red Bull Ring,piastri,41,4,22.313,mclaren,0,0,0,28.583,1,208,145,21.707464901010596,25.168466215060967,0.605535098989403,-2.855466215060968
2023,9,Austrian Grand Prix,Red Bull Ring,russell,2,1,17.946,mercedes,0,0,0,28.583,1,210,145,21.961858077268403,21.468035802198955,-4.015858077268401,-3.5220358021989533
2023,9,Austrian Grand Prix,Red Bull Ring,russell,14,2,22.262,mercedes,0,0,0,28.583,1,210,145,21.961858077268403,21.355210429291024,0.3001419227315978,0.9067895707089768
2023,9,Austrian Grand Prix,Red Bull Ring,russell,41,3,21.702,mercedes,0,0,0,28.583,1,210,145,21.961858077268403,22.014790874883197,-0.25985807726840093,-0.3127908748831949
2023,9,Austrian Grand Prix,Red Bull Ring,sainz,2,1,16.38,ferrari,0,0,0,28.583,1,198,145,21.803417714632413,21.18995494003083,-5.423417714632414,-4.809954940030831
2023,9,Austrian Grand Prix,Red Bull Ring,sainz,15,2,26.283,ferrari,0,0,0,28.583,1,198,145,21.803417714632413,21.082421603859082,4.479582285367588,5.200578396140919
2023,9,Austrian Grand Prix,Red Bull Ring,sainz,45,3,28.583,ferrari,0,0,0,28.583,1,198,145,21.803417714632413,21.757878159659793,6.779582285367585,6.825121840340206
2023,9,Austrian Grand Prix,Red Bull Ring,sargeant,2,1,17.337,williams,0,0,0,28.583,1,209,145,22.805615737080544,21.886137424599248,-5.468615737080544,-4.549137424599248
2023,9,Austrian Grand Prix,Red Bull Ring,sargeant,14,2,23.194,williams,0,0,0,28.583,1,209,145,22.805615737080544,21.77331205169132,0.3883842629194554,1.4206879483086787
2023,9,Austrian Grand Prix,Red Bull Ring,sargeant,43,3,21.543,williams,0,0,0,28.583,1,209,145,22.805615737080544,22.443476570755852,-1.2626157370805444,-0.9004765707558526
2023,9,Austrian Grand Prix,Red Bull Ring,stroll,2,1,16.646,aston_martin,0,0,0,28.583,1,206,145,21.925235206014943,21.541825942173556,-5.279235206014942,-4.8958259421735555
2023,9,Austrian Grand Prix,Red Bull Ring,stroll,15,2,24.332,aston_martin,0,0,0,28.583,1,206,145,21.925235206014943,21.434292606001808,2.406764793985058,2.8977073939981928
2023,9,Austrian Grand Prix,Red Bull Ring,stroll,36,3,22.05,aston_martin,0,0,0,28.583,1,206,145,21.925235206014943,22.062120831176898,0.12476479398505802,-0.01212083117689744
2023,9,Austrian Grand Prix,Red Bull Ring,stroll,54,4,21.837,aston_martin,0,0,0,28.583,1,206,145,21.925235206014943,25.403135276553257,-0.08823520601494295,-3.5661352765532577
2023,9,Austrian Grand Prix,Red Bull Ring,tsunoda,2,2,16.246,alphatauri,0,0,0,28.583,1,138,145,21.83723629728426,21.10134999211297,-5.5912362972842615,-4.85534999211297
2023,9,Austrian Grand Prix,Red Bull Ring,tsunoda,23,3,27.286,alphatauri,0,0,0,28.583,1,138,145,21.83723629728426,21.729178217288055,5.448763702715741,5.556821782711946
2023,9,Austrian Grand Prix,Red Bull Ring,tsunoda,43,4,21.392,alphatauri,0,0,0,28.583,1,138,145,21.83723629728426,25.080776736136777,-0.44523629728426073,-3.688776736136777
2023,9,Austrian Grand Prix,Red Bull Ring,zhou,2,1,17.467,alfa,0,0,0,28.583,1,133,145,22.080478290847456,21.86540494079224,-4.613478290847457,-4.39840494079224
2023,9,Austrian Grand Prix,Red Bull Ring,zhou,8,2,24.374,alfa,0,0,0,28.583,1,133,145,22.080478290847456,21.720827347467228,2.293521709152543,2.6531726525327706
2023,9,Austrian Grand Prix,Red Bull Ring,zhou,38,3,21.91,alfa,0,0,0,28.583,1,133,145,22.080478290847456,22.396283903267943,-0.17047829084745558,-0.48628390326794246
2023,10,British Grand Prix,Silverstone Circuit,albon,32,1,29.634,williams,0,1,0.12770339855818744,33.718349999999994,1,209,68,30.195349280816774,29.853522724231027,-0.5613492808167742,-0.2195227242310267
2023,10,British Grand Prix,Silverstone Circuit,alonso,33,1,28.679,aston_martin,0,1,0.12770339855818744,33.718349999999994,1,206,68,29.314968749751174,29.514503278541515,-0.635968749751175,-0.8355032785415162
2023,10,British Grand Prix,Silverstone Circuit,bottas,32,1,29.662,alfa,0,1,0.12770339855818744,33.718349999999994,1,133,68,29.470211834583687,29.832790240424018,0.1917881654163125,-0.1707902404240187
2023,10,British Grand Prix,Silverstone Circuit,devries,27,1,28.242,alphatauri,0,1,0.12770339855818744,33.718349999999994,1,138,68,29.22696984102049,29.218604921805937,-0.9849698410204901,-0.9766049218059365
2023,10,British Grand Prix,Silverstone Circuit,devries,32,2,28.413,alphatauri,0,1,0.12770339855818744,33.718349999999994,1,138,68,29.22696984102049,29.06873529174475,-0.8139698410204907,-0.655735291744751
2023,10,British Grand Prix,Silverstone Circuit,gasly,31,1,28.458,alpine,0,1,0.12770339855818744,33.718349999999994,1,193,68,29.574990227734112,29.644284139037943,-1.1169902277341137,-1.1862841390379444
2023,10,British Grand Prix,Silverstone Circuit,hamilton,33,1,29.169,mercedes,0,1,0.12770339855818744,33.718349999999994,1,210,68,29.351591621004633,29.440713138566913,-0.182591621004633,-0.2717131385669127
2023,10,British Grand Prix,Silverstone Circuit,hulkenberg,7,1,41.972,haas,0,1,0.12770339855818744,33.718349999999994,1,212,68,30.4439879717838,30.33059419939412,11.528012028216203,11.641405800605881
2023,10,British Grand Prix,Silverstone Circuit,hulkenberg,32,2,30.003,haas,0,1,0.12770339855818744,33.718349999999994,1,212,68,30.4439879717838,30.28656530405654,-0.4409879717837981,-0.2835653040565411
2023,10,British Grand Prix,Silverstone Circuit,leclerc,18,1,28.244,ferrari,0,1,0.12770339855818744,33.718349999999994,1,198,68,29.193151258368644,29.083251725356085,-0.9491512583686443,-0.8392517253560854
2023,10,British Grand Prix,Silverstone Circuit,leclerc,32,2,28.805,ferrari,0,1,0.12770339855818744,33.718349999999994,1,198,68,29.193151258368644,28.98101042592052,-0.3881512583686444,-0.17601042592051996
2023,10,British Grand Prix,Silverstone Circuit,maxverstappen,33,1,29.056,red_bull,0,1,0.12770339855818744,33.718349999999994,1,220,68,28.797189755480357,28.859666520959657,0.2588102445196441,0.19633347904034437
2023,10,British Grand Prix,Silverstone Circuit,norris,33,1,28.438,mclaren,0,1,0.12770339855818744,33.718349999999994,1,208,68,29.097198444746823,29.348630694619565,-0.6591984447468242,-0.9106306946195666
2023,10,British Grand Prix,Silverstone Circuit,perez,28,1,28.06,red_bull,0,1,0.12770339855818744,33.718349999999994,1,220,68,28.797189755480357,28.833206337278753,-0.7371897554803581,-0.7732063372787543
2023,10,British Grand Prix,Silverstone Circuit,piastri,29,1,28.655,mclaren,0,1,0.12770339855818744,33.718349999999994,1,208,68,29.097198444746823,29.32746254767485,-0.4421984447468219,-0.6724625476748471
2023,10,British Grand Prix,Silverstone Circuit,russell,28,1,29.455,mercedes,0,1,0.12770339855818744,33.718349999999994,1,210,68,29.351591621004633,29.41425295488601,0.10340837899536481,0.040747045113988634
2023,10,British Grand Prix,Silverstone Circuit,sainz,26,1,28.869,ferrari,0,1,0.12770339855818744,33.718349999999994,1,198,68,29.193151258368644,29.125588019245527,-0.32415125836864433,-0.25658801924552677
2023,10,British Grand Prix,Silverstone Circuit,sargeant,29,1,28.847,williams,0,1,0.12770339855818744,33.718349999999994,1,209,68,30.195349280816774,29.837646614022482,-1.3483492808167732,-0.9906466140224808
2023,10,British Grand Prix,Silverstone Circuit,stroll,31,1,28.561,aston_martin,0,1,0.12770339855818744,33.718349999999994,1,206,68,29.314968749751174,29.50391920506915,-0.7539687497511736,-0.9429192050691491
2023,10,British Grand Prix,Silverstone Circuit,tsunoda,14,1,28.353,alphatauri,0,1,0.12770339855818744,33.718349999999994,1,138,68,29.22696984102049,29.149808444235592,-0.8739698410204895,-0.7968084442355909
2023,10,British Grand Prix,Silverstone Circuit,tsunoda,32,2,28.603,alphatauri,0,1,0.12770339855818744,33.718349999999994,1,138,68,29.22696984102049,29.06873529174475,-0.6239698410204895,-0.4657352917447497
2023,10,British Grand Prix,Silverstone Circuit,zhou,24,1,29.177,alfa,0,1,0.12770339855818744,33.718349999999994,1,133,68,29.470211834583687,29.790453946534576,-0.29321183458368694,-0.6134539465345767
2023,10,British Grand Prix,Silverstone Circuit,zhou,33,2,28.709,alfa,0,1,0.12770339855818744,33.718349999999994,1,133,68,29.470211834583687,29.661752463418107,-0.7612118345836869,-0.9527524634181077
2023,10,British Grand Prix,Silverstone Circuit,zhou,36,3,34.374,alfa,0,1,0.12770339855818744,33.718349999999994,1,133,68,29.470211834583687,30.19432402734195,4.903788165416316,4.179675972658053
2023,11,Hungarian Grand Prix,Hungaroring,albon,8,1,22.076,williams,0,0,0,26.7285,1,209,118,23.03623460319688,22.534603188755668,-0.9602346031968807,-0.4586031887556672
2023,11,Hungarian Grand Prix,Hungaroring,albon,31,2,21.762,williams,0,0,0,26.7285,1,209,118,23.03623460319688,22.479990219945723,-1.2742346031968808,-0.7179902199457224
2023,11,Hungarian Grand Prix,Hungaroring,alonso,20,1,22.916,aston_martin,0,0,0,26.7285,1,206,118,22.15585407213128,22.253796147164138,0.7601459278687202,0.66220385283586225
2023,11,Hungarian Grand Prix,Hungaroring,alonso,43,2,24.152,aston_martin,0,0,0,26.7285,1,206,118,22.15585407213128,22.199183178354197,1.9961459278687208,1.9528168216458042
2023,11,Hungarian Grand Prix,Hungaroring,bottas,9,1,22.114,alfa,0,0,0,26.7285,1,133,118,22.311097156963793,22.519162741684838,-0.19709715696379249,-0.4051627416848369
2023,11,Hungarian Grand Prix,Hungaroring,bottas,40,2,23.242,alfa,0,0,0,26.7285,1,133,118,22.311097156963793,22.506886066764338,0.9309028430362076,0.7351139332356631
2023,11,Hungarian Grand Prix,Hungaroring,hamilton,16,1,21.974,mercedes,0,0,0,26.7285,1,210,118,22.19247694338474,22.158837860244816,-0.21847694338474,-0.18483786024481574
2023,11,Hungarian Grand Prix,Hungaroring,hamilton,49,2,21.728,mercedes,0,0,0,26.7285,1,210,118,22.19247694338474,22.15714525879667,-0.46447694338473866,-0.42914525879666954
2023,11,Hungarian Grand Prix,Hungaroring,hulkenberg,16,1,22.922,haas,0,0,0,26.7285,1,212,118,23.284873294163905,23.186311876212713,-0.36287329416390435,-0.26431187621271235
2023,11,Hungarian Grand Prix,Hungaroring,hulkenberg,38,2,21.955,haas,0,0,0,26.7285,1,212,118,23.284873294163905,23.12640687066659,-1.3298732941639066,-1.1714068706665905
2023,11,Hungarian Grand Prix,Hungaroring,kevinmagnussen,14,1,22.753,haas,0,0,0,26.7285,1,212,118,23.284873294163905,23.175727802740354,-0.5318732941639048,-0.42272780274035426
2023,11,Hungarian Grand Prix,Hungaroring,kevinmagnussen,41,2,22.152,haas,0,0,0,26.7285,1,212,118,23.284873294163905,23.14228298087513,-1.132873294163904,-0.9902829808751292
2023,11,Hungarian Grand Prix,Hungaroring,leclerc,17,1,28.404,ferrari,0,0,0,26.7285,1,198,118,22.03403658074875,21.886049034812874,6.369963419251249,6.517950965187126
2023,11,Hungarian Grand Prix,Hungaroring,leclerc,43,2,21.452,ferrari,0,0,0,26.7285,1,198,118,22.03403658074875,21.84731217621147,-0.5820365807487491,-0.3953121762114691
2023,11,Hungarian Grand Prix,Hungaroring,maxverstappen,23,1,21.407,red_bull,0,0,0,26.7285,1,220,118,21.638075077860464,21.61483549979082,-0.23107507786046355,-0.2078354997908214
2023,11,Hungarian Grand Prix,Hungaroring,maxverstappen,51,2,21.68,red_bull,0,0,0,26.7285,1,220,118,21.638075077860464,21.586682714661777,0.041924922139536136,0.09331728533822314
2023,11,Hungarian Grand Prix,Hungaroring,norris,17,1,21.541,mclaren,0,0,0,26.7285,1,208,118,21.938083767126933,22.072047453033658,-0.39708376712693294,-0.5310474530336577
2023,11,Hungarian Grand Prix,Hungaroring,norris,44,2,21.43,mclaren,0,0,0,26.7285,1,208,118,21.938083767126933,22.038602631168434,-0.5080837671269336,-0.6086026311684343
2023,11,Hungarian Grand Prix,Hungaroring,perez,24,1,21.862,red_bull,0,0,0,26.7285,1,220,118,21.638075077860464,21.620127536527004,0.22392492213953474,0.24187246347299407
2023,11,Hungarian Grand Prix,Hungaroring,perez,42,2,20.88,red_bull,0,0,0,26.7285,1,220,118,21.638075077860464,21.539054384036152,-0.7580750778604646,-0.6590543840361534
2023,11,Hungarian Grand Prix,Hungaroring,piastri,18,1,21.171,mclaren,0,0,0,26.7285,1,208,118,21.938083767126933,22.077339489769837,-0.7670837671269339,-0.906339489769838
2023,11,Hungarian Grand Prix,Hungaroring,piastri,42,2,22.03,mclaren,0,0,0,26.7285,1,208,118,21.938083767126933,22.028018557696072,0.09191623287306783,0.0019814423039292706
2023,11,Hungarian Grand Prix,Hungaroring,ricciardo,18,1,21.958,alphatauri,0,0,0,26.7285,1,138,118,22.067855163400598,21.97906593737328,-0.10985516340059931,-0.021065937373283106
2023,11,Hungarian Grand Prix,Hungaroring,ricciardo,29,2,22.203,alphatauri,0,0,0,26.7285,1,138,118,22.067855163400598,21.860948527729175,0.13514483659940169,0.3420514722708248
2023,11,Hungarian Grand Prix,Hungaroring,russell,28,1,21.886,mercedes,0,0,0,26.7285,1,210,118,22.19247694338474,22.22234230107898,-0.30647694338474096,-0.33634230107898233
2023,11,Hungarian Grand Prix,Hungaroring,russell,46,2,21.675,mercedes,0,0,0,26.7285,1,210,118,22.19247694338474,22.14126914858813,-0.5174769433847395,-0.46626914858812896
2023,11,Hungarian Grand Prix,Hungaroring,sainz,15,1,21.402,ferrari,0,0,0,26.7285,1,198,118,22.03403658074875,21.875464961340512,-0.6320365807487498,-0.4734649613405111
2023,11,Hungarian Grand Prix,Hungaroring,sainz,44,2,22.051,ferrari,0,0,0,26.7285,1,198,118,22.03403658074875,21.85260421294765,0.016963419251247558,0.19839578705234828
2023,11,Hungarian Grand Prix,Hungaroring,sargeant,13,1,24.001,williams,0,0,0,26.7285,1,209,118,23.03623460319688,22.56106337243657,0.96476539680312,1.43993662756343
2023,11,Hungarian Grand Prix,Hungaroring,sargeant,34,2,22.197,williams,0,0,0,26.7285,1,209,118,23.03623460319688,22.495866330154264,-0.839234603196882,-0.2988663301542651
2023,11,Hungarian Grand Prix,Hungaroring,stroll,9,1,21.91,aston_martin,0,0,0,26.7285,1,206,118,22.15585407213128,22.195583743066155,-0.24585407213128008,-0.2855837430661552
2023,11,Hungarian Grand Prix,Hungaroring,stroll,34,2,22.403,aston_martin,0,0,0,26.7285,1,206,118,22.15585407213128,22.151554847728573,0.24714592786871847,0.25144515227142605
2023,11,Hungarian Grand Prix,Hungaroring,tsunoda,9,1,26.17,alphatauri,0,0,0,26.7285,1,138,118,22.067855163400598,21.931437606747657,4.102144836599404,4.238562393252344
2023,11,Hungarian Grand Prix,Hungaroring,tsunoda,44,2,21.181,alphatauri,0,0,0,26.7285,1,138,118,22.067855163400598,21.940329078771878,-0.8868551634005968,-0.7593290787718772
2023,11,Hungarian Grand Prix,Hungaroring,zhou,10,1,29.211,alfa,0,0,0,26.7285,1,133,118,22.311097156963793,22.52445477842102,6.899902843036205,6.686545221578978
2023,11,Hungarian Grand Prix,Hungaroring,zhou,38,2,22.853,alfa,0,0,0,26.7285,1,133,118,22.311097156963793,22.496301993291976,0.5419028430362083,0.35669800670802587
2023,12,Belgian Grand Prix,Circuit de Spa-Francorchamps,albon,7,1,25.015,williams,0,0,0,25.269799999999996,1,209,109,24.19822290377727,23.693350289572816,0.8167770962227294,1.3216497104271845
2023,12,Belgian Grand Prix,Circuit de Spa-Francorchamps,albon,23,2,23.596,williams,0,0,0,25.269799999999996,1,209,109,24.19822290377727,23.60169306360961,-0.6022229037772711,-0.005693063609609084
2023,12,Belgian Grand Prix,Circuit de Spa-Francorchamps,albon,33,3,23.529,williams,0,0,0,25.269799999999996,1,209,109,24.19822290377727,24.171308884686717,-0.6692229037772712,-0.6423088846867167
2023,12,Belgian Grand Prix,Circuit de Spa-Francorchamps,alonso,10,1,23.085,aston_martin,0,0,0,25.269799999999996,1,206,109,23.317842372711674,23.364914917355662,-0.23284237271167285,-0.27991491735566143
2023,12,Belgian Grand Prix,Circuit de Spa-Francorchamps,alonso,29,2,23.798,aston_martin,0,0,0,25.269799999999996,1,206,109,23.317842372711674,23.289133801600997,0.48015762728832456,0.5088661983990015
2023,12,Belgian Grand Prix,Circuit de Spa-Francorchamps,bottas,6,1,23.362,alfa,0,0,0,25.269799999999996,1,133,109,23.473085457544187,23.667325769029627,-0.11108545754418842,-0.30532576902962916
2023,12,Belgian Grand Prix,Circuit de Spa-Francorchamps,bottas,24,2,23.786,alfa,0,0,0,25.269799999999996,1,133,109,23.473085457544187,23.58625261653878,0.3129145424558146,0.19974738346122223
2023,12,Belgian Grand Prix,Circuit de Spa-Francorchamps,gasly,23,1,25.664,alpine,0,0,0,25.269799999999996,1,193,109,23.577863850694612,23.574076328894797,2.086136149305389,2.089923671105204
2023,12,Belgian Grand Prix,Circuit de Spa-Francorchamps,hamilton,12,1,23.09,mercedes,0,0,0,25.269799999999996,1,210,109,23.35446524396513,23.30170885085342,-0.26446524396513027,-0.2117088508534195
2023,12,Belgian Grand Prix,Circuit de Spa-Francorchamps,hamilton,27,2,23.023,mercedes,0,0,0,25.269799999999996,1,210,109,23.35446524396513,23.204759588154033,-0.33146524396513044,-0.18175958815403348
2023,12,Belgian Grand Prix,Circuit de Spa-Francorchamps,hamilton,42,3,23.156,mercedes,0,0,0,25.269799999999996,1,210,109,23.35446524396513,23.80083559291204,-0.19846524396513132,-0.6448355929120417
2023,12,Belgian Grand Prix,Circuit de Spa-Francorchamps,hulkenberg,12,1,24.571,haas,0,0,0,25.269799999999996,1,212,109,24.4468615947443,24.32918286682132,0.12413840525570308,0.2418171331786816
2023,12,Belgian Grand Prix,Circuit de Spa-Francorchamps,hulkenberg,24,2,25.238,haas,0,0,0,25.269799999999996,1,212,109,24.4468615947443,24.216357493913392,0.7911384052557011,1.0216425060866072
2023,12,Belgian Grand Prix,Circuit de Spa-Francorchamps,kevinmagnussen,5,1,23.638,haas,0,0,0,25.269799999999996,1,212,109,24.4468615947443,24.292138609668058,-0.8088615947442968,-0.6541386096680561
2023,12,Belgian Grand Prix,Circuit de Spa-Francorchamps,kevinmagnussen,25,2,23.572,haas,0,0,0,25.269799999999996,1,212,109,24.4468615947443,24.22164953064957,-0.8748615947442993,-0.6496495306495724
2023,12,Belgian Grand Prix,Circuit de Spa-Francorchamps,leclerc,13,1,23.224,ferrari,0,0,0,25.269799999999996,1,198,109,23.196024881329144,23.02892002542148,0.027975118670855892,0.195079974578519
2023,12,Belgian Grand Prix,Circuit de Spa-Francorchamps,leclerc,28,2,23.148,ferrari,0,0,0,25.269799999999996,1,198,109,23.196024881329144,22.931970762722095,-0.04802488132914462,0.21602923727790468
2023,12,Belgian Grand Prix,Circuit de Spa-Francorchamps,maxverstappen,14,1,22.887,red_bull,0,0,0,25.269799999999996,1,220,109,22.800063378440854,22.731246306718525,0.08693662155914694,0.1557536932814756
2023,12,Belgian Grand Prix,Circuit de Spa-Francorchamps,maxverstappen,30,2,23.012,red_bull,0,0,0,25.269799999999996,1,220,109,22.800063378440854,22.639589080755318,0.21193662155914694,0.3724109192446825
2023,12,Belgian Grand Prix,Circuit de Spa-Francorchamps,norris,5,1,25.012,mclaren,0,0,0,25.269799999999996,1,208,109,23.100072067707323,23.172582149752817,1.9119279322926772,1.8394178502471838
2023,12,Belgian Grand Prix,Circuit de Spa-Francorchamps,norris,17,2,23.744,mclaren,0,0,0,25.269799999999996,1,208,109,23.100072067707323,23.059756776844893,0.6439279322926765,0.6842432231551072
2023,12,Belgian Grand Prix,Circuit de Spa-Francorchamps,ocon,6,1,23.085,alpine,0,0,0,25.269799999999996,1,193,109,23.577863850694612,23.484111704379735,-0.49286385069461147,-0.39911170437973453
2023,12,Belgian Grand Prix,Circuit de Spa-Francorchamps,ocon,25,2,23.339,alpine,0,0,0,25.269799999999996,1,193,109,23.577863850694612,23.40833058862507,-0.2388638506946137,-0.06933058862507124
2023,12,Belgian Grand Prix,Circuit de Spa-Francorchamps,perez,13,1,23.684,red_bull,0,0,0,25.269799999999996,1,220,109,22.800063378440854,22.725954269982346,0.8839366215591475,0.9580457300176555
2023,12,Belgian Grand Prix,Circuit de Spa-Francorchamps,perez,29,2,22.71,red_bull,0,0,0,25.269799999999996,1,220,109,22.800063378440854,22.63429704401914,-0.09006337844085266,0.07570295598086219
2023,12,Belgian Grand Prix,Circuit de Spa-Francorchamps,ricciardo,5,1,22.843,alphatauri,0,0,0,25.269799999999996,1,138,109,23.22984346398099,23.074308597356264,-0.38684346398099123,-0.2313085973562643
2023,12,Belgian Grand Prix,Circuit de Spa-Francorchamps,ricciardo,22,2,23.29,alphatauri,0,0,0,25.269799999999996,1,138,109,23.22984346398099,22.98794340812924,0.060156536019007945,0.30205659187075895
2023,12,Belgian Grand Prix,Circuit de Spa-Francorchamps,russell,22,1,23.837,mercedes,0,0,0,25.269799999999996,1,210,109,23.35446524396513,23.354629218215223,0.4825347560348696,0.4823707817847769
2023,12,Belgian Grand Prix,Circuit de Spa-Francorchamps,sainz,7,1,23.303,ferrari,0,0,0,25.269799999999996,1,198,109,23.196024881329144,22.9971678050044,0.10697511867085652,0.30583219499560244
2023,12,Belgian Grand Prix,Circuit de Spa-Francorchamps,sargeant,8,1,23.57,williams,0,0,0,25.269799999999996,1,209,109,24.19822290377727,23.698642326308995,-0.6282229037772709,-0.12864232630899508
2023,12,Belgian Grand Prix,Circuit de Spa-Francorchamps,sargeant,24,2,23.938,williams,0,0,0,25.269799999999996,1,209,109,24.19822290377727,23.60698510034579,-0.2602229037772723,0.3310148996542104
2023,12,Belgian Grand Prix,Circuit de Spa-Francorchamps,sargeant,34,3,23.109,williams,0,0,0,25.269799999999996,1,209,109,24.19822290377727,24.176600921422896,-1.0892229037772694,-1.067600921422894
2023,12,Belgian Grand Prix,Circuit de Spa-Francorchamps,stroll,20,1,25.397,aston_martin,0,0,0,25.269799999999996,1,206,109,23.317842372711674,23.417835284717462,2.0791576272883248,1.9791647152825362
2023,12,Belgian Grand Prix,Circuit de Spa-Francorchamps,tsunoda,9,1,22.61,alphatauri,0,0,0,25.269799999999996,1,138,109,23.22984346398099,23.095476744300985,-0.6198434639809918,-0.48547674430098553
2023,12,Belgian Grand Prix,Circuit de Spa-Francorchamps,tsunoda,24,2,22.737,alphatauri,0,0,0,25.269799999999996,1,138,109,23.22984346398099,22.998527481601602,-0.4928434639809929,-0.261527481601604
2023,12,Belgian Grand Prix,Circuit de Spa-Francorchamps,zhou,7,1,24.449,alfa,0,0,0,25.269799999999996,1,133,109,23.473085457544187,23.672617805765807,0.9759145424558149,0.7763821942341949
2023,12,Belgian Grand Prix,Circuit de Spa-Francorchamps,zhou,25,2,24.045,alfa,0,0,0,25.269799999999996,1,133,109,23.473085457544187,23.59154465327496,0.571914542455815,0.4534553467250433
2023,13,Dutch Grand Prix,Circuit Park Zandvoort,albon,63,3,2.443475,williams,0,0,0,2.465966,0,209,115,18.069053869679816,3.1629478845809813,-15.625578869679817,-0.7194728845809815
2023,13,Dutch Grand Prix,Circuit Park Zandvoort,alonso,64,5,2.455302,aston_martin,0,0,0,2.465966,0,206,115,17.188673338614215,4.121534274496217,-14.733371338614216,-1.6662322744962172
2023,13,Dutch Grand Prix,Circuit Park Zandvoort,bottas,63,4,2.4051129999999996,alfa,0,0,0,2.465966,0,133,115,17.34391642344673,6.387973184899085,-14.938803423446728,-3.9828601848990854
2023,13,Dutch Grand Prix,Circuit Park Zandvoort,gasly,64,5,2.4431689999999997,alpine,0,0,0,2.465966,0,193,115,17.448694816597154,4.26189920846501,-15.005525816597155,-1.8187302084650105
2023,13,Dutch Grand Prix,Circuit Park Zandvoort,hamilton,64,5,2.431108,mercedes,0,0,0,2.465966,0,210,115,17.225296209867675,4.047744134521615,-14.794188209867675,-1.616636134521615
2023,13,Dutch Grand Prix,Circuit Park Zandvoort,hulkenberg,63,4,2.410704,haas,0,0,0,2.465966,0,212,115,18.31769256064684,7.018078062273698,-15.906988560646841,-4.607374062273698
2023,13,Dutch Grand Prix,Circuit Park Zandvoort,kevinmagnussen,63,5,2.394733,haas,0,0,0,2.465966,0,212,115,18.31769256064684,5.069926113753332,-15.92295956064684,-2.675193113753332
2023,13,Dutch Grand Prix,Circuit Park Zandvoort,lawson,63,6,2.3963400000000004,alphatauri,0,0,0,2.465966,0,138,115,17.100674429883533,-0.11798437310306209,-14.704334429883533,2.5143243731030624
2023,13,Dutch Grand Prix,Circuit Park Zandvoort,maxverstappen,64,6,2.483382,red_bull,0,0,0,2.465966,1,220,115,16.6708943443434,19.347693438486697,-14.187512344343398,-16.8643114384867
2023,13,Dutch Grand Prix,Circuit Park Zandvoort,norris,63,5,2.443212,mclaren,0,0,0,2.465966,0,208,115,16.97090303360987,3.9503696538380924,-14.52769103360987,-1.5071576538380924
2023,13,Dutch Grand Prix,Circuit Park Zandvoort,ocon,63,5,2.432201,alpine,0,0,0,2.465966,0,193,115,17.448694816597154,4.256607171728829,-15.016493816597155,-1.8244061717288291
2023,13,Dutch Grand Prix,Circuit Park Zandvoort,perez,63,5,2.461612,red_bull,0,0,0,2.465966,0,220,115,16.6708943443434,3.4614054801781777,-14.209282344343398,-0.9997934801781776
2023,13,Dutch Grand Prix,Circuit Park Zandvoort,piastri,63,4,2.434653,mclaren,0,0,0,2.465966,0,208,115,16.97090303360987,5.898521602358459,-14.536250033609868,-3.463868602358459
2023,13,Dutch Grand Prix,Circuit Park Zandvoort,russell,63,5,2.446251,mercedes,0,0,0,2.465966,0,210,115,17.225296209867675,4.042452097785434,-14.779045209867675,-1.5962010977854337
2023,13,Dutch Grand Prix,Circuit Park Zandvoort,sainz,64,5,2.4431469999999997,ferrari,0,0,0,2.465966,0,198,115,17.066855847231686,3.769663272353492,-14.623708847231686,-1.3265162723534925
2023,13,Dutch Grand Prix,Circuit Park Zandvoort,stroll,63,6,2.4107339999999997,aston_martin,0,0,0,2.465966,0,206,115,17.188673338614215,0.14616176321543373,-14.777939338614216,2.264572236784566
2023,13,Dutch Grand Prix,Circuit Park Zandvoort,tsunoda,63,4,2.414895,alphatauri,0,0,0,2.465966,0,138,115,17.100674429883533,5.8002480499619065,-14.685779429883533,-3.3853530499619064
2023,14,Italian Grand Prix,Autodromo Nazionale di Monza,albon,15,1,24.538,williams,0,0,0,27.119799999999998,1,209,83,25.979361707671384,25.648946050593608,-1.4413617076713834,-1.1109460505936077
2023,14,Italian Grand Prix,Autodromo Nazionale di Monza,alonso,21,1,24.798,aston_martin,0,0,0,27.119799999999998,1,206,83,25.098981176605783,25.336386788585,-0.3009811766057844,-0.5383867885850009
2023,14,Italian Grand Prix,Autodromo Nazionale di Monza,bottas,25,1,24.658,alfa,0,0,0,27.119799999999998,1,133,83,25.254224261438296,25.681133934148402,-0.5962242614382944,-1.023133934148401
2023,14,Italian Grand Prix,Autodromo Nazionale di Monza,gasly,10,1,27.376,alpine,0,0,0,27.119799999999998,1,193,83,25.35900265458872,25.418539318455807,2.01699734541128,1.9574606815441946
2023,14,Italian Grand Prix,Autodromo Nazionale di Monza,gasly,31,2,24.686,alpine,0,0,0,27.119799999999998,1,193,83,25.35900265458872,25.3533422761735,-0.6730026545887213,-0.6673422761734997
2023,14,Italian Grand Prix,Autodromo Nazionale di Monza,hamilton,27,1,24.255,mercedes,0,0,0,27.119799999999998,1,210,83,25.135604047859243,25.294348869027473,-0.8806040478592436,-1.0393488690274744
2023,14,Italian Grand Prix,Autodromo Nazionale di Monza,hulkenberg,14,1,26.095,haas,0,0,0,27.119799999999998,1,212,83,26.228000398638407,26.253026407425033,-0.1330003986384085,-0.1580264074250337
2023,14,Italian Grand Prix,Autodromo Nazionale di Monza,hulkenberg,39,2,24.328,haas,0,0,0,27.119799999999998,1,212,83,26.228000398638407,26.208997512087446,-1.900000398638408,-1.880997512087447
2023,14,Italian Grand Prix,Autodromo Nazionale di Monza,kevinmagnussen,12,1,24.66,haas,0,0,0,27.119799999999998,1,212,83,26.228000398638407,26.24244233395267,-1.5680003986384072,-1.5824423339526703
2023,14,Italian Grand Prix,Autodromo Nazionale di Monza,kevinmagnussen,33,2,24.765,haas,0,0,0,27.119799999999998,1,212,83,26.228000398638407,26.177245291670367,-1.4630003986384068,-1.4122452916703665
2023,14,Italian Grand Prix,Autodromo Nazionale di Monza,lawson,13,1,24.212,alphatauri,0,0,0,27.119799999999998,1,138,83,25.0109822678751,25.02990435837706,-0.7989822678751004,-0.81790435837706
2023,14,Italian Grand Prix,Autodromo Nazionale di Monza,lawson,33,2,24.281,alphatauri,0,0,0,27.119799999999998,1,138,83,25.0109822678751,24.959415279358574,-0.7299822678751013,-0.6784152793585747
2023,14,Italian Grand Prix,Autodromo Nazionale di Monza,leclerc,20,1,23.931,ferrari,0,0,0,27.119799999999998,1,198,83,24.977163685223253,24.979223749706094,-1.0461636852232523,-1.0482237497060929
2023,14,Italian Grand Prix,Autodromo Nazionale di Monza,maxverstappen,20,1,24.228,red_bull,0,0,0,27.119799999999998,1,220,83,24.581202182334966,24.67625799426696,-0.3532021823349645,-0.4482579942669602
2023,14,Italian Grand Prix,Autodromo Nazionale di Monza,norris,22,1,23.727,mclaren,0,0,0,27.119799999999998,1,208,83,24.881210871601436,25.175806241399233,-1.1542108716014354,-1.4488062413992324
2023,14,Italian Grand Prix,Autodromo Nazionale di Monza,ocon,24,1,24.249,alpine,0,0,0,27.119799999999998,1,193,83,25.35900265458872,25.492627832762327,-1.1100026545887225,-1.2436278327623285
2023,14,Italian Grand Prix,Autodromo Nazionale di Monza,perez,21,1,23.819,red_bull,0,0,0,27.119799999999998,1,220,83,24.581202182334966,24.68155003100314,-0.762202182334967,-0.862550031003142
2023,14,Italian Grand Prix,Autodromo Nazionale di Monza,piastri,23,1,24.133,mclaren,0,0,0,27.119799999999998,1,208,83,24.881210871601436,25.181098278135412,-0.7482108716014366,-1.048098278135413
2023,14,Italian Grand Prix,Autodromo Nazionale di Monza,piastri,41,2,31.799,mclaren,0,0,0,27.119799999999998,1,208,83,24.881210871601436,25.100025125644567,6.917789128398564,6.698974874355432
2023,14,Italian Grand Prix,Autodromo Nazionale di Monza,russell,19,1,24.215,mercedes,0,0,0,27.119799999999998,1,210,83,25.135604047859243,25.252012575138032,-0.9206040478592428,-1.0370125751380321
2023,14,Italian Grand Prix,Autodromo Nazionale di Monza,sainz,19,1,25.183,ferrari,0,0,0,27.119799999999998,1,198,83,24.977163685223253,24.97393171296991,0.20583631477674658,0.20906828703008884
2023,14,Italian Grand Prix,Autodromo Nazionale di Monza,sargeant,14,1,24.779,williams,0,0,0,27.119799999999998,1,209,83,25.979361707671384,25.64365401385743,-1.2003617076713837,-0.8646540138574288
2023,14,Italian Grand Prix,Autodromo Nazionale di Monza,stroll,20,1,25.667,aston_martin,0,0,0,27.119799999999998,1,206,83,25.098981176605783,25.33109475184882,0.5680188233942189,0.3359052481511817
2023,14,Italian Grand Prix,Autodromo Nazionale di Monza,zhou,11,1,24.396,alfa,0,0,0,27.119799999999998,1,133,83,25.254224261438296,25.607045419841878,-0.8582242614382949,-1.2110454198418772
2023,14,Italian Grand Prix,Autodromo Nazionale di Monza,zhou,33,2,25.959,alfa,0,0,0,27.119799999999998,1,133,83,25.254224261438296,25.547140414295754,0.704775738561704,0.41185958570424575
2023,15,Singapore Grand Prix,Marina Bay Street Circuit,albon,20,1,30.138,williams,0,0,0,49.26579999999995,1,209,69,32.138554333215794,32.31386268093232,-2.000554333215792,-2.1758626809323154
2023,15,Singapore Grand Prix,Marina Bay Street Circuit,albon,43,2,29.787,williams,0,0,0,49.26579999999995,1,209,69,32.138554333215794,32.25924971212237,-2.3515543332157947,-2.4722497121223697
2023,15,Singapore Grand Prix,Marina Bay Street Circuit,alonso,20,1,30.67,aston_martin,0,0,0,49.26579999999995,1,206,69,31.258173802150193,31.969551198506625,-0.588173802150191,-1.2995511985066237
2023,15,Singapore Grand Prix,Marina Bay Street Circuit,alonso,44,2,52.708,aston_martin,0,0,0,49.26579999999995,1,206,69,31.258173802150193,31.92023026643286,21.449826197849806,20.78776973356714
2023,15,Singapore Grand Prix,Marina Bay Street Circuit,bottas,40,1,30.487,alfa,0,0,0,49.26579999999995,1,133,69,31.413416886982706,32.398970931848915,-0.9264168869827074,-1.9119709318489164
2023,15,Singapore Grand Prix,Marina Bay Street Circuit,gasly,20,1,31.802,alpine,0,0,0,49.26579999999995,1,193,69,31.518195280133135,32.10991613247542,0.28380471986686473,-0.3079161324754196
2023,15,Singapore Grand Prix,Marina Bay Street Circuit,hamilton,20,1,32.631,mercedes,0,0,0,49.26579999999995,1,210,69,31.294796673403653,31.895761058532024,1.3362033265963476,0.7352389414679763
2023,15,Singapore Grand Prix,Marina Bay Street Circuit,hamilton,44,2,33.581,mercedes,0,0,0,49.26579999999995,1,210,69,31.294796673403653,31.846440126458255,2.2862033265963504,1.7345598735417482
2023,15,Singapore Grand Prix,Marina Bay Street Circuit,hulkenberg,20,1,35.497,haas,0,0,0,49.26579999999995,1,212,69,32.38719302418282,32.92323507449992,3.109806975817179,2.573764925500079
2023,15,Singapore Grand Prix,Marina Bay Street Circuit,kevinmagnussen,20,1,31.475,haas,0,0,0,49.26579999999995,1,212,69,32.38719302418282,32.92323507449992,-0.9121930241828196,-1.4482350744999195
2023,15,Singapore Grand Prix,Marina Bay Street Circuit,kevinmagnussen,43,2,33.078,haas,0,0,0,49.26579999999995,1,212,69,32.38719302418282,32.86862210568997,0.690806975817182,0.2093778943100304
2023,15,Singapore Grand Prix,Marina Bay Street Circuit,lawson,20,1,32.348,alphatauri,0,0,0,49.26579999999995,1,138,69,31.17017489341951,31.705405062188127,1.1778251065804888,0.6425949378118716
2023,15,Singapore Grand Prix,Marina Bay Street Circuit,leclerc,20,1,32.888,ferrari,0,0,0,49.26579999999995,1,198,69,31.136356310767663,31.6176801963639,1.7516436892323348,1.2703198036360988
2023,15,Singapore Grand Prix,Marina Bay Street Circuit,maxverstappen,40,1,29.698,red_bull,0,0,0,49.26579999999995,1,220,69,30.740394807879376,31.420555175648374,-1.0423948078793757,-1.722555175648374
2023,15,Singapore Grand Prix,Marina Bay Street Circuit,norris,20,1,29.485,mclaren,0,0,0,49.26579999999995,1,208,69,31.040403497145846,31.803678614584676,-1.5554034971458464,-2.3186786145846767
2023,15,Singapore Grand Prix,Marina Bay Street Circuit,ocon,20,1,29.755,alpine,0,0,0,49.26579999999995,1,193,69,31.518195280133135,32.10991613247542,-1.7631952801331359,-2.35491613247542
2023,15,Singapore Grand Prix,Marina Bay Street Circuit,perez,39,1,28.977,red_bull,0,0,0,49.26579999999995,1,220,69,30.740394807879376,31.415263138912195,-1.7633948078793757,-2.4382631389121947
2023,15,Singapore Grand Prix,Marina Bay Street Circuit,piastri,20,1,29.369,mclaren,0,0,0,49.26579999999995,1,208,69,31.040403497145846,31.803678614584676,-1.671403497145846,-2.4346786145846764
2023,15,Singapore Grand Prix,Marina Bay Street Circuit,russell,20,1,29.976,mercedes,0,0,0,49.26579999999995,1,210,69,31.294796673403653,31.895761058532024,-1.3187966734036536,-1.9197610585320248
2023,15,Singapore Grand Prix,Marina Bay Street Circuit,russell,44,2,30.039,mercedes,0,0,0,49.26579999999995,1,210,69,31.294796673403653,31.846440126458255,-1.2557966734036512,-1.8074401264582534
2023,15,Singapore Grand Prix,Marina Bay Street Circuit,sainz,20,1,29.499,ferrari,0,0,0,49.26579999999995,1,198,69,31.136356310767663,31.6176801963639,-1.6373563107676645,-2.1186801963639006
2023,15,Singapore Grand Prix,Marina Bay Street Circuit,sargeant,19,1,63.543,williams,0,0,0,49.26579999999995,1,209,69,32.138554333215794,32.30857064419614,31.404445666784206,31.23442935580386
2023,15,Singapore Grand Prix,Marina Bay Street Circuit,sargeant,43,2,31.018,williams,0,0,0,49.26579999999995,1,209,69,32.138554333215794,32.25924971212237,-1.120554333215793,-1.241249712122368
2023,15,Singapore Grand Prix,Marina Bay Street Circuit,zhou,2,1,30.032,alfa,0,0,0,49.26579999999995,1,133,69,31.413416886982706,32.197873535874066,-1.3814168869827057,-2.1658735358740664
2023,15,Singapore Grand Prix,Marina Bay Street Circuit,zhou,20,2,30.637,alfa,0,0,0,49.26579999999995,1,133,69,31.413416886982706,32.116800383383215,-0.7764168869827053,-1.479800383383214
2023,16,Japanese Grand Prix,Suzuka Circuit,perez,13,3,2.485913,red_bull,0,0,0,2.485913,1,220,24,23.277435393772624,22.658183456415482,-20.791522393772624,-20.172270456415482
2023,17,Qatar Grand Prix,Losail International Circuit,albon,18,1,29.253,williams,0,0,0,33.1974,1,209,111,29.699666862658262,28.943834901373275,-0.4466668626582617,0.3091650986267247
2023,17,Qatar Grand Prix,Losail International Circuit,albon,31,2,28.747,williams,0,0,0,33.1974,1,209,111,29.699666862658262,28.836301565201527,-0.952666862658262,-0.08930156520152721
2023,17,Qatar Grand Prix,Losail International Circuit,albon,44,3,28.981,williams,0,0,0,33.1974,1,209,111,29.699666862658262,29.421793496487176,-0.7186668626582602,-0.44079349648717425
2023,17,Qatar Grand Prix,Losail International Circuit,alonso,11,1,28.373,aston_martin,0,0,0,33.1974,1,206,111,28.819286331592664,28.56247916179432,-0.4462863315926633,-0.18947916179432056
2023,17,Qatar Grand Prix,Losail International Circuit,alonso,26,2,28.432,aston_martin,0,0,0,33.1974,1,206,111,28.819286331592664,28.465529899094935,-0.3872863315926658,-0.033529899094936866
2023,17,Qatar Grand Prix,Losail International Circuit,alonso,44,3,28.393,aston_martin,0,0,0,33.1974,1,206,111,28.819286331592664,29.077482014061484,-0.4262863315926637,-0.6844820140614836
2023,17,Qatar Grand Prix,Losail International Circuit,bottas,3,1,29.977,alfa,0,0,0,33.1974,1,133,111,28.974529416425177,28.843721866523563,1.0024705835748229,1.1332781334764377
2023,17,Qatar Grand Prix,Losail International Circuit,bottas,21,2,29.387,alfa,0,0,0,33.1974,1,133,111,28.974529416425177,28.762648714032718,0.412470583574823,0.6243512859672826
2023,17,Qatar Grand Prix,Losail International Circuit,bottas,39,3,28.946,alfa,0,0,0,33.1974,1,133,111,28.974529416425177,29.374600828999267,-0.028529416425175924,-0.4286008289992651
2023,17,Qatar Grand Prix,Losail International Circuit,gasly,11,1,28.429,alpine,0,0,0,33.1974,1,193,111,29.079307809575603,28.702844095763112,-0.6503078095756045,-0.2738440957631134
2023,17,Qatar Grand Prix,Losail International Circuit,gasly,26,2,30.192,alpine,0,0,0,33.1974,1,193,111,29.079307809575603,28.605894833063726,1.1126921904243972,1.5861051669362745
2023,17,Qatar Grand Prix,Losail International Circuit,gasly,44,3,34.856,alpine,0,0,0,33.1974,1,193,111,29.079307809575603,29.217846948030278,5.776692190424399,5.638153051969724
2023,17,Qatar Grand Prix,Losail International Circuit,hulkenberg,13,1,39.879,haas,0,0,0,33.1974,1,212,111,29.94830555362529,29.52674711125998,9.930694446374709,10.352252888740018
2023,17,Qatar Grand Prix,Losail International Circuit,hulkenberg,27,2,28.274,haas,0,0,0,33.1974,1,212,111,29.94830555362529,29.42450581182441,-1.6743055536252882,-1.1505058118244094
2023,17,Qatar Grand Prix,Losail International Circuit,hulkenberg,39,3,28.591,haas,0,0,0,33.1974,1,212,111,29.94830555362529,30.004705706373876,-1.357305553625288,-1.4137057063738752
2023,17,Qatar Grand Prix,Losail International Circuit,kevinmagnussen,3,1,28.743,haas,0,0,0,33.1974,1,212,111,29.94830555362529,29.473826743898172,-1.2053055536252906,-0.7308267438981737
2023,17,Qatar Grand Prix,Losail International Circuit,kevinmagnussen,21,2,28.948,haas,0,0,0,33.1974,1,212,111,29.94830555362529,29.392753591407327,-1.0003055536252887,-0.44475359140732706
2023,17,Qatar Grand Prix,Losail International Circuit,kevinmagnussen,39,3,30.331,haas,0,0,0,33.1974,1,212,111,29.94830555362529,30.004705706373876,0.3826944463747104,0.3262942936261233
2023,17,Qatar Grand Prix,Losail International Circuit,lawson,3,1,29.33,alphatauri,0,0,0,33.1974,1,138,111,28.731287422861982,28.255996731586386,0.5987125771380164,1.0740032684136125
2023,17,Qatar Grand Prix,Losail International Circuit,lawson,21,2,28.665,alphatauri,0,0,0,33.1974,1,138,111,28.731287422861982,28.17492357909554,-0.06628742286198275,0.49007642090445813
2023,17,Qatar Grand Prix,Losail International Circuit,lawson,39,3,28.171,alphatauri,0,0,0,33.1974,1,138,111,28.731287422861982,28.78687569406209,-0.5602874228619825,-0.6158756940620904
2023,17,Qatar Grand Prix,Losail International Circuit,leclerc,12,1,28.228,ferrari,0,0,0,33.1974,1,198,111,28.697468840210135,28.215900196387775,-0.46946884021013346,0.012099803612226623
2023,17,Qatar Grand Prix,Losail International Circuit,leclerc,25,2,27.873,ferrari,0,0,0,33.1974,1,198,111,28.697468840210135,28.10836686021603,-0.8244688402101339,-0.23536686021602904
2023,17,Qatar Grand Prix,Losail International Circuit,leclerc,43,3,27.513,ferrari,0,0,0,33.1974,1,198,111,28.697468840210135,28.72031897518258,-1.1844688402101333,-1.2073189751825772
2023,17,Qatar Grand Prix,Losail International Circuit,maxverstappen,17,1,28.233,red_bull,0,0,0,33.1974,1,220,111,28.301507337321844,27.939394624629543,-0.06850733732184366,0.2936053753704577
2023,17,Qatar Grand Prix,Losail International Circuit,maxverstappen,34,2,28.103,red_bull,0,0,0,33.1974,1,220,111,28.301507337321844,27.85302943540252,-0.19850733732184267,0.2499705645974828
2023,17,Qatar Grand Prix,Losail International Circuit,maxverstappen,51,3,29.726,red_bull,0,0,0,33.1974,1,220,111,28.301507337321844,28.45968951363289,1.4244926626781549,1.2663104863671109
2023,17,Qatar Grand Prix,Losail International Circuit,norris,13,1,28.134,mclaren,0,0,0,33.1974,1,208,111,28.601516026588317,28.407190651344738,-0.46751602658831715,-0.27319065134473774
2023,17,Qatar Grand Prix,Losail International Circuit,norris,27,2,27.611,mclaren,0,0,0,33.1974,1,208,111,28.601516026588317,28.30494935190917,-0.9905160265883168,-0.6939493519091684
2023,17,Qatar Grand Prix,Losail International Circuit,norris,44,3,27.677,mclaren,0,0,0,33.1974,1,208,111,28.601516026588317,28.91160943013954,-0.9245160265883179,-1.234609430139539
2023,17,Qatar Grand Prix,Losail International Circuit,ocon,10,1,28.961,alpine,0,0,0,33.1974,1,193,111,29.079307809575603,28.697552059026933,-0.1183078095756045,0.2634479409730659
2023,17,Qatar Grand Prix,Losail International Circuit,ocon,25,2,28.969,alpine,0,0,0,33.1974,1,193,111,29.079307809575603,28.600602796327546,-0.11030780957560182,0.36839720367245476
2023,17,Qatar Grand Prix,Losail International Circuit,ocon,43,3,29.169,alpine,0,0,0,33.1974,1,193,111,29.079307809575603,29.2125549112941,0.08969219042439747,-0.043554911294098275
2023,17,Qatar Grand Prix,Losail International Circuit,perez,17,1,27.808,red_bull,0,0,0,33.1974,1,220,111,28.301507337321844,27.939394624629543,-0.4935073373218444,-0.131394624629543
2023,17,Qatar Grand Prix,Losail International Circuit,perez,31,2,33.246,red_bull,0,0,0,33.1974,1,220,111,28.301507337321844,27.837153325193974,4.944492662678158,5.408846674806028
2023,17,Qatar Grand Prix,Losail International Circuit,perez,43,3,33.165,red_bull,0,0,0,33.1974,1,220,111,28.301507337321844,28.417353219743447,4.863492662678155,4.747646780256552
2023,17,Qatar Grand Prix,Losail International Circuit,piastri,12,1,28.875,mclaren,0,0,0,33.1974,1,208,111,28.601516026588317,28.401898614608555,0.2734839734116825,0.47310138539144475
2023,17,Qatar Grand Prix,Losail International Circuit,piastri,25,2,27.868,mclaren,0,0,0,33.1974,1,208,111,28.601516026588317,28.29436527843681,-0.7335160265883189,-0.42636527843681193
2023,17,Qatar Grand Prix,Losail International Circuit,piastri,43,3,27.489,mclaren,0,0,0,33.1974,1,208,111,28.601516026588317,28.90631739340336,-1.1125160265883167,-1.4173173934033585
2023,17,Qatar Grand Prix,Losail International Circuit,russell,14,2,28.542,mercedes,0,0,0,33.1974,1,210,111,28.85590920284612,28.32823531828617,-0.31390920284611923,0.21376468171383323
2023,17,Qatar Grand Prix,Losail International Circuit,russell,32,3,28.314,mercedes,0,0,0,33.1974,1,210,111,28.85590920284612,28.940187433252717,-0.5419092028461208,-0.6261874332527171
2023,17,Qatar Grand Prix,Losail International Circuit,russell,50,4,28.191,mercedes,0,0,0,33.1974,1,210,111,28.85590920284612,32.281201878629076,-0.6649092028461219,-4.0902018786290775
2023,17,Qatar Grand Prix,Losail International Circuit,sargeant,13,1,29.436,williams,0,0,0,33.1974,1,209,111,29.699666862658262,28.917374717692375,-0.2636668626582619,0.5186252823076245
2023,17,Qatar Grand Prix,Losail International Circuit,sargeant,26,2,29.373,williams,0,0,0,33.1974,1,209,111,29.699666862658262,28.809841381520627,-0.3266668626582607,0.563158618479374
2023,17,Qatar Grand Prix,Losail International Circuit,stroll,3,1,28.886,aston_martin,0,0,0,33.1974,1,206,111,28.819286331592664,28.52014286790488,0.06671366840733484,0.36585713209511894
2023,17,Qatar Grand Prix,Losail International Circuit,stroll,21,2,28.156,aston_martin,0,0,0,33.1974,1,206,111,28.819286331592664,28.439069715414035,-0.6632863315926656,-0.2830697154140367
2023,17,Qatar Grand Prix,Losail International Circuit,stroll,39,3,29.399,aston_martin,0,0,0,33.1974,1,206,111,28.819286331592664,29.051021830380584,0.5797136684073365,0.34797816961941663
2023,17,Qatar Grand Prix,Losail International Circuit,tsunoda,9,1,27.781,alphatauri,0,0,0,33.1974,1,138,111,28.731287422861982,28.28774895200346,-0.9502874228619831,-0.5067489520034627
2023,17,Qatar Grand Prix,Losail International Circuit,tsunoda,22,2,27.596,alphatauri,0,0,0,33.1974,1,138,111,28.731287422861982,28.18021561583172,-1.1352874228619818,-0.5842156158317202
2023,17,Qatar Grand Prix,Losail International Circuit,tsunoda,40,3,27.809,alphatauri,0,0,0,33.1974,1,138,111,28.731287422861982,28.79216773079827,-0.9222874228619808,-0.983167730798268
2023,17,Qatar Grand Prix,Losail International Circuit,zhou,18,1,28.984,alfa,0,0,0,33.1974,1,133,111,28.974529416425177,28.923102417566266,0.009470583574824332,0.060897582433735664
2023,17,Qatar Grand Prix,Losail International Circuit,zhou,35,2,28.854,alfa,0,0,0,33.1974,1,133,111,28.974529416425177,28.83673722833924,-0.12052941642517823,0.017262771660760734
2023,17,Qatar Grand Prix,Losail International Circuit,zhou,52,3,28.815,alfa,0,0,0,33.1974,1,133,111,28.974529416425177,29.443397306569608,-0.15952941642517615,-0.6283973065696067
2023,18,United States Grand Prix,Circuit of the Americas,albon,10,1,24.563,williams,0,0,0,25.85525,1,209,95,25.826499378606847,25.531420430450183,-1.2634993786068485,-0.968420430450184
2023,18,United States Grand Prix,Circuit of the Americas,albon,29,2,24.354,williams,0,0,0,25.85525,1,209,95,25.826499378606847,25.455639314695517,-1.472499378606848,-1.1016393146955181
2023,18,United States Grand Prix,Circuit of the Americas,alonso,19,1,25.055,aston_martin,0,0,0,25.85525,1,206,95,24.94611884754125,25.234737278650112,0.10888115245874985,-0.17973727865011213
2023,18,United States Grand Prix,Circuit of the Americas,alonso,42,2,24.823,aston_martin,0,0,0,25.85525,1,206,95,24.94611884754125,25.180124309840167,-0.12311884754124947,-0.35712430984016663
2023,18,United States Grand Prix,Circuit of the Americas,bottas,10,1,24.783,alfa,0,0,0,25.85525,1,133,95,25.101361932373763,25.510687946643174,-0.31836193237376165,-0.7276879466431723
2023,18,United States Grand Prix,Circuit of the Americas,bottas,28,2,25.02,alfa,0,0,0,25.85525,1,133,95,25.101361932373763,25.42961479415233,-0.08136193237376332,-0.40961479415232915
2023,18,United States Grand Prix,Circuit of the Americas,gasly,18,1,23.9,alpine,0,0,0,25.85525,1,193,95,25.20614032552419,25.369810175882723,-1.30614032552419,-1.4698101758827242
2023,18,United States Grand Prix,Circuit of the Americas,gasly,37,2,24.88,alpine,0,0,0,25.85525,1,193,95,25.20614032552419,25.294029060128057,-0.3261403255241895,-0.4140290601280583
2023,18,United States Grand Prix,Circuit of the Americas,hamilton,20,1,24.916,mercedes,0,0,0,25.85525,1,210,95,24.982741718794706,25.16623917541169,-0.06674171879470592,-0.2502391754116893
2023,18,United States Grand Prix,Circuit of the Americas,hamilton,38,2,24.648,mercedes,0,0,0,25.85525,1,210,95,24.982741718794706,25.085166022920845,-0.3347417187947066,-0.43716602292084517
2023,18,United States Grand Prix,Circuit of the Americas,hulkenberg,19,1,26.573,haas,0,0,0,25.85525,1,212,95,26.075138069573875,26.188421154643407,0.4978619304261258,0.38457884535659304
2023,18,United States Grand Prix,Circuit of the Americas,hulkenberg,34,2,24.308,haas,0,0,0,25.85525,1,212,95,26.075138069573875,26.09147189194402,-1.7671380695738748,-1.7834718919440213
2023,18,United States Grand Prix,Circuit of the Americas,kevinmagnussen,10,1,25.067,haas,0,0,0,25.85525,1,212,95,26.075138069573875,26.140792824017787,-1.0081380695738744,-1.0737928240177865
2023,18,United States Grand Prix,Circuit of the Americas,kevinmagnussen,29,2,24.745,haas,0,0,0,25.85525,1,212,95,26.075138069573875,26.06501170826312,-1.3301380695738736,-1.3200117082631202
2023,18,United States Grand Prix,Circuit of the Americas,leclerc,23,1,23.963,ferrari,0,0,0,25.85525,1,198,95,24.82430135615872,24.904034423452106,-0.8613013561587195,-0.9410344234521055
2023,18,United States Grand Prix,Circuit of the Americas,maxverstappen,16,1,23.756,red_bull,0,0,0,25.85525,1,220,95,24.42833985327043,24.564024410859712,-0.6723398532704294,-0.8080244108597121
2023,18,United States Grand Prix,Circuit of the Americas,maxverstappen,35,2,24.974,red_bull,0,0,0,25.85525,1,220,95,24.42833985327043,24.488243295105047,0.5456601467295705,0.4857567048949534
2023,18,United States Grand Prix,Circuit of the Americas,norris,17,1,24.155,mclaren,0,0,0,25.85525,1,208,95,24.7283485425369,25.058280621255808,-0.5733485425368983,-0.9032806212558064
2023,18,United States Grand Prix,Circuit of the Americas,norris,34,2,23.361,mclaren,0,0,0,25.85525,1,208,95,24.7283485425369,24.97191543202878,-1.3673485425368987,-1.6109154320287793
2023,18,United States Grand Prix,Circuit of the Americas,perez,17,1,24.245,red_bull,0,0,0,25.85525,1,220,95,24.42833985327043,24.569316447595895,-0.18333985327042868,-0.3243164475958942
2023,18,United States Grand Prix,Circuit of the Americas,perez,37,2,23.747,red_bull,0,0,0,25.85525,1,220,95,24.42833985327043,24.49882736857741,-0.6813398532704298,-0.7518273685774091
2023,18,United States Grand Prix,Circuit of the Americas,ricciardo,22,1,24.364,alphatauri,0,0,0,25.85525,1,138,95,24.858119938810567,24.98646725254016,-0.4941199388105666,-0.622467252540158
2023,18,United States Grand Prix,Circuit of the Americas,ricciardo,47,2,26.513,alphatauri,0,0,0,25.85525,1,138,95,24.858119938810567,24.942438357202576,1.6548800611894343,1.5705616427974256
2023,18,United States Grand Prix,Circuit of the Americas,russell,21,1,24.357,mercedes,0,0,0,25.85525,1,210,95,24.982741718794706,25.171531212147872,-0.625741718794707,-0.8145312121478732
2023,18,United States Grand Prix,Circuit of the Americas,russell,39,2,23.969,mercedes,0,0,0,25.85525,1,210,95,24.982741718794706,25.090458059657024,-1.013741718794705,-1.121458059657023
2023,18,United States Grand Prix,Circuit of the Americas,sainz,17,1,23.668,ferrari,0,0,0,25.85525,1,198,95,24.82430135615872,24.872282203035027,-1.1563013561587212,-1.204282203035028
2023,18,United States Grand Prix,Circuit of the Americas,sainz,35,2,23.673,ferrari,0,0,0,25.85525,1,198,95,24.82430135615872,24.791209050544182,-1.1513013561587222,-1.1182090505441842
2023,18,United States Grand Prix,Circuit of the Americas,sargeant,11,1,24.99,williams,0,0,0,25.85525,1,209,95,25.826499378606847,25.536712467186362,-0.8364993786068489,-0.5467124671863637
2023,18,United States Grand Prix,Circuit of the Americas,sargeant,32,2,25.547,williams,0,0,0,25.85525,1,209,95,25.826499378606847,25.47151542490406,-0.2794993786068467,0.07548457509594186
2023,18,United States Grand Prix,Circuit of the Americas,stroll,20,1,24.457,aston_martin,0,0,0,25.85525,1,206,95,24.94611884754125,25.24002931538629,-0.4891188475412491,-0.7830293153862904
2023,18,United States Grand Prix,Circuit of the Americas,stroll,40,2,23.955,aston_martin,0,0,0,25.85525,1,206,95,24.94611884754125,25.16954023636781,-0.9911188475412516,-1.2145402363678102
2023,18,United States Grand Prix,Circuit of the Americas,tsunoda,17,1,24.354,alphatauri,0,0,0,25.85525,1,138,95,24.858119938810567,24.960007068859255,-0.5041199388105682,-0.606007068859256
2023,18,United States Grand Prix,Circuit of the Americas,tsunoda,34,2,24.125,alphatauri,0,0,0,25.85525,1,138,95,24.858119938810567,24.87364187963223,-0.7331199388105674,-0.7486418796322312
2023,18,United States Grand Prix,Circuit of the Americas,tsunoda,54,3,23.472,alphatauri,0,0,0,25.85525,1,138,95,24.858119938810567,25.49617806807114,-1.386119938810566,-2.024178068071137
2023,18,United States Grand Prix,Circuit of the Americas,zhou,9,1,25.636,alfa,0,0,0,25.85525,1,133,95,25.101361932373763,25.50539590990699,0.5346380676262363,0.13060409009300855
2023,18,United States Grand Prix,Circuit of the Americas,zhou,27,2,24.717,alfa,0,0,0,25.85525,1,133,95,25.101361932373763,25.424322757416146,-0.38436193237376415,-0.7073227574161471
2023,19,Mexico City Grand Prix,Autódromo Hermanos Rodríguez,albon,34,2,1.22798,williams,0,0,0,1.22970865,0,209,62,17.932447081649986,2.4517325809669526,-16.704467081649987,-1.2237525809669525
2023,19,Mexico City Grand Prix,Autódromo Hermanos Rodríguez,alonso,34,2,1.229837,aston_martin,0,0,0,1.22970865,1,206,62,17.052066550584385,21.958497494658204,-15.822229550584385,-20.728660494658204
2023,19,Mexico City Grand Prix,Autódromo Hermanos Rodríguez,bottas,34,2,1.229349,alfa,0,0,0,1.22970865,0,133,62,17.207309635416898,2.431000097159943,-15.977960635416899,-1.2016510971599428
2023,19,Mexico City Grand Prix,Autódromo Hermanos Rodríguez,gasly,34,2,1.2256980000000002,alpine,0,0,0,1.22970865,0,193,62,17.312088028567324,2.2477860325100525,-16.086390028567322,-1.0220880325100523
2023,19,Mexico City Grand Prix,Autódromo Hermanos Rodríguez,hamilton,34,2,1.2129079999999999,mercedes,0,0,0,1.22970865,0,210,62,17.088689421837845,2.033630958566657,-15.875781421837845,-0.8207229585666573
2023,19,Mexico City Grand Prix,Autódromo Hermanos Rodríguez,hulkenberg,34,2,1.219826,haas,0,0,0,1.22970865,0,212,62,18.18108577261701,3.0611049745345547,-16.96125977261701,-1.8412789745345546
2023,19,Mexico City Grand Prix,Autódromo Hermanos Rodríguez,leclerc,34,2,1.210512,ferrari,0,0,0,1.22970865,0,198,62,16.930249059201856,1.7555500963985344,-15.719737059201856,-0.5450380963985344
2023,19,Mexico City Grand Prix,Autódromo Hermanos Rodríguez,maxverstappen,34,3,1.209136,red_bull,0,0,0,1.22970865,0,220,62,16.53428755631357,1.9692797946747058,-15.325151556313568,-0.7601437946747058
2023,19,Mexico City Grand Prix,Autódromo Hermanos Rodríguez,norris,34,3,1.226386,mclaren,0,0,0,1.22970865,0,208,62,16.83429624558004,2.4582439683346204,-15.607910245580038,-1.2318579683346205
2023,19,Mexico City Grand Prix,Autódromo Hermanos Rodríguez,ocon,34,1,1.226296,alpine,0,0,0,1.22970865,0,193,62,17.312088028567324,2.4241158462521426,-16.085792028567322,-1.1978198462521426
2023,19,Mexico City Grand Prix,Autódromo Hermanos Rodríguez,piastri,34,2,1.2190640000000001,mclaren,0,0,0,1.22970865,0,208,62,16.83429624558004,1.9415485146193157,-15.615232245580039,-0.7224845146193155
2023,19,Mexico City Grand Prix,Autódromo Hermanos Rodríguez,ricciardo,34,2,1.217136,alphatauri,0,0,0,1.22970865,0,138,62,16.964067641853703,1.8432749622227638,-15.746931641853703,-0.6261389622227638
2023,19,Mexico City Grand Prix,Autódromo Hermanos Rodríguez,russell,34,2,1.2182,mercedes,0,0,0,1.22970865,0,210,62,17.088689421837845,2.033630958566657,-15.870489421837846,-0.8154309585666573
2023,19,Mexico City Grand Prix,Autódromo Hermanos Rodríguez,sainz,34,2,1.215432,ferrari,0,0,0,1.22970865,0,198,62,16.930249059201856,1.7555500963985344,-15.714817059201856,-0.5401180963985344
2023,19,Mexico City Grand Prix,Autódromo Hermanos Rodríguez,sargeant,34,2,1.227718,williams,0,0,0,1.22970865,0,209,62,17.932447081649986,2.4517325809669526,-16.704729081649987,-1.2240145809669525
2023,19,Mexico City Grand Prix,Autódromo Hermanos Rodríguez,stroll,34,2,1.2296859999999998,aston_martin,0,0,0,1.22970865,0,206,62,17.052066550584385,2.1074210985412596,-15.822380550584386,-0.8777350985412598
2023,19,Mexico City Grand Prix,Autódromo Hermanos Rodríguez,tsunoda,34,2,1.218057,alphatauri,0,0,0,1.22970865,0,138,62,16.964067641853703,1.8432749622227638,-15.746010641853703,-0.6252179622227638
2023,19,Mexico City Grand Prix,Autódromo Hermanos Rodríguez,zhou,34,2,1.229539,alfa,0,0,0,1.22970865,0,133,62,17.207309635416898,2.431000097159943,-15.9777706354169,-1.2014610971599429
2023,20,São Paulo Grand Prix,Autódromo José Carlos Pace,alonso,2,2,1.408154,aston_martin,0,0,0,1.4211103999999999,0,206,75,14.872921809931036,2.601757341254602,-13.464767809931036,-1.193603341254602
2023,20,São Paulo Grand Prix,Autódromo José Carlos Pace,bottas,2,2,1.418156,alfa,0,0,0,1.4211103999999999,0,133,75,15.028164894763549,2.9253363398732852,-13.61000889476355,-1.5071803398732853
2023,20,São Paulo Grand Prix,Autódromo José Carlos Pace,gasly,2,2,1.4167059999999998,alpine,0,0,0,1.4211103999999999,0,193,75,15.132943287913974,2.7421222752233945,-13.716237287913975,-1.3254162752233947
2023,20,São Paulo Grand Prix,Autódromo José Carlos Pace,hamilton,2,2,1.406375,mercedes,0,0,0,1.4211103999999999,0,210,75,14.909544681184494,2.5279672012799996,-13.503169681184493,-1.1215922012799997
2023,20,São Paulo Grand Prix,Autódromo José Carlos Pace,hulkenberg,2,2,1.421069,haas,0,0,0,1.4211103999999999,0,212,75,16.00194103196366,3.5554412172478975,-14.580872031963661,-2.134372217247898
2023,20,São Paulo Grand Prix,Autódromo José Carlos Pace,maxverstappen,2,2,1.402632,red_bull,0,0,0,1.4211103999999999,0,220,75,14.355142815660217,1.946920583672743,-12.952510815660217,-0.5442885836727429
2023,20,São Paulo Grand Prix,Autódromo José Carlos Pace,norris,2,2,1.404611,mclaren,0,0,0,1.4211103999999999,0,208,75,14.655151504926689,2.4358847573326576,-13.25054050492669,-1.0312737573326576
2023,20,São Paulo Grand Prix,Autódromo José Carlos Pace,ocon,2,2,1.414725,alpine,0,0,0,1.4211103999999999,0,193,75,15.132943287913974,2.7421222752233945,-13.718218287913974,-1.3273972752233945
2023,20,São Paulo Grand Prix,Autódromo José Carlos Pace,perez,2,2,1.411712,red_bull,0,0,0,1.4211103999999999,0,220,75,14.355142815660217,1.946920583672743,-12.943430815660218,-0.5352085836727429
2023,20,São Paulo Grand Prix,Autódromo José Carlos Pace,russell,2,2,1.410984,mercedes,0,0,0,1.4211103999999999,0,210,75,14.909544681184494,2.5279672012799996,-13.498560681184493,-1.1169832012799996
2023,20,São Paulo Grand Prix,Autódromo José Carlos Pace,sainz,2,2,1.4137039999999998,ferrari,0,0,0,1.4211103999999999,0,198,75,14.751104318548506,2.2498863391118773,-13.337400318548507,-0.8361823391118774
2023,20,São Paulo Grand Prix,Autódromo José Carlos Pace,sargeant,2,2,1.421207,williams,0,0,0,1.4211103999999999,1,209,75,15.753302340996635,22.79714521979724,-14.332095340996634,-21.37593821979724
2023,20,São Paulo Grand Prix,Autódromo José Carlos Pace,stroll,2,2,1.409984,aston_martin,0,0,0,1.4211103999999999,0,206,75,14.872921809931036,2.601757341254602,-13.462937809931036,-1.191773341254602
2023,20,São Paulo Grand Prix,Autódromo José Carlos Pace,tsunoda,2,2,1.4154200000000001,alphatauri,0,0,0,1.4211103999999999,0,138,75,14.784922901200353,2.337611204936106,-13.369502901200352,-0.9221912049361061
2023,20,São Paulo Grand Prix,Autódromo José Carlos Pace,zhou,2,2,1.419945,alfa,0,0,0,1.4211103999999999,0,133,75,15.028164894763549,2.9253363398732852,-13.608219894763549,-1.5053913398732852
2023,21,Las Vegas Grand Prix,Las Vegas Strip Street Circuit,albon,16,1,21.242,williams,0,0,0,25.310899999999997,1,209,67,22.526630632441538,22.19386700910104,-1.2846306324415373,-0.9518670091010399
2023,21,Las Vegas Grand Prix,Las Vegas Strip Street Circuit,alonso,26,2,23.214,aston_martin,0,0,0,25.310899999999997,1,206,67,21.646250101375937,21.726146080295063,1.5677498986240614,1.4878539197049356
2023,21,Las Vegas Grand Prix,Las Vegas Strip Street Circuit,bottas,24,2,21.575,alfa,0,0,0,25.310899999999997,1,133,67,21.80149318620845,22.039141005441383,-0.22649318620845094,-0.4641410054413839
2023,21,Las Vegas Grand Prix,Las Vegas Strip Street Circuit,gasly,17,1,22.262,alpine,0,0,0,25.310899999999997,1,193,67,21.906271579358876,21.99521249738032,0.35572842064112464,0.26678750261968176
2023,21,Las Vegas Grand Prix,Las Vegas Strip Street Circuit,hamilton,17,1,25.047,mercedes,0,0,0,25.310899999999997,1,210,67,21.682872972629397,21.781057423436927,3.3641270273706034,3.2659425765630736
2023,21,Las Vegas Grand Prix,Las Vegas Strip Street Circuit,hamilton,26,2,22.508,mercedes,0,0,0,25.310899999999997,1,210,67,21.682872972629397,21.652355940320458,0.825127027370602,0.8556440596795412
2023,21,Las Vegas Grand Prix,Las Vegas Strip Street Circuit,hulkenberg,12,1,22.154,haas,0,0,0,25.310899999999997,1,212,67,22.775269323408562,22.782071255723924,-0.621269323408562,-0.6280712557239241
2023,21,Las Vegas Grand Prix,Las Vegas Strip Street Circuit,hulkenberg,26,2,25.453,haas,0,0,0,25.310899999999997,1,212,67,22.775269323408562,22.67982995628836,2.6777306765914375,2.773170043711641
2023,21,Las Vegas Grand Prix,Las Vegas Strip Street Circuit,kevinmagnussen,14,1,21.611,haas,0,0,0,25.310899999999997,1,212,67,22.775269323408562,22.792655329196286,-1.1642693234085613,-1.1816553291962855
2023,21,Las Vegas Grand Prix,Las Vegas Strip Street Circuit,kevinmagnussen,26,2,21.868,haas,0,0,0,25.310899999999997,1,212,67,22.775269323408562,22.67982995628836,-0.9072693234085634,-0.81182995628836
2023,21,Las Vegas Grand Prix,Las Vegas Strip Street Circuit,leclerc,21,1,22.559,ferrari,0,0,0,25.310899999999997,1,198,67,21.524432609993408,21.524144708213523,1.0345673900065933,1.034855291786478
2023,21,Las Vegas Grand Prix,Las Vegas Strip Street Circuit,maxverstappen,16,1,26.686,red_bull,0,0,0,25.310899999999997,1,220,67,21.12847110710512,21.19471876909349,5.557528892894879,5.491281230906509
2023,21,Las Vegas Grand Prix,Las Vegas Strip Street Circuit,maxverstappen,26,2,21.323,red_bull,0,0,0,25.310899999999997,1,220,67,21.12847110710512,21.0713093227132,0.19452889289487985,0.25169067728679906
2023,21,Las Vegas Grand Prix,Las Vegas Strip Street Circuit,ocon,20,1,21.763,alpine,0,0,0,25.310899999999997,1,193,67,21.906271579358876,22.01108860758886,-0.14327157935887413,-0.24808860758885842
2023,21,Las Vegas Grand Prix,Las Vegas Strip Street Circuit,perez,26,2,21.568,red_bull,0,0,0,25.310899999999997,1,220,67,21.12847110710512,21.0713093227132,0.43952889289488084,0.49669067728680005
2023,21,Las Vegas Grand Prix,Las Vegas Strip Street Circuit,piastri,16,1,23.269,mclaren,0,0,0,25.310899999999997,1,208,67,21.42847979637159,21.683682942753403,1.840520203628408,1.5853170572465949
2023,21,Las Vegas Grand Prix,Las Vegas Strip Street Circuit,piastri,43,2,20.535,mclaren,0,0,0,25.310899999999997,1,208,67,21.42847979637159,21.65023812088818,-0.8934797963715901,-1.1152381208881792
2023,21,Las Vegas Grand Prix,Las Vegas Strip Street Circuit,ricciardo,17,1,22.242,alphatauri,0,0,0,25.310899999999997,1,138,67,21.558251192645255,21.59070142709303,0.6837488073547462,0.6512985729069705
2023,21,Las Vegas Grand Prix,Las Vegas Strip Street Circuit,russell,15,1,21.257,mercedes,0,0,0,25.310899999999997,1,210,67,21.682872972629397,21.77047334996457,-0.4258729726293957,-0.513473349964567
2023,21,Las Vegas Grand Prix,Las Vegas Strip Street Circuit,russell,26,2,21.952,mercedes,0,0,0,25.310899999999997,1,210,67,21.682872972629397,21.652355940320458,0.26912702737060457,0.2996440596795438
2023,21,Las Vegas Grand Prix,Las Vegas Strip Street Circuit,sainz,3,1,21.261,ferrari,0,0,0,25.310899999999997,1,198,67,21.524432609993408,21.428888046962282,-0.26343260999340856,-0.16788804696228254
2023,21,Las Vegas Grand Prix,Las Vegas Strip Street Circuit,sainz,26,2,22.63,ferrari,0,0,0,25.310899999999997,1,198,67,21.524432609993408,21.374275078152337,1.1055673900065912,1.255724921847662
2023,21,Las Vegas Grand Prix,Las Vegas Strip Street Circuit,sargeant,15,1,21.367,williams,0,0,0,25.310899999999997,1,209,67,22.526630632441538,22.18857497236486,-1.1596306324415373,-0.8215749723648607
2023,21,Las Vegas Grand Prix,Las Vegas Strip Street Circuit,stroll,3,1,22.222,aston_martin,0,0,0,25.310899999999997,1,206,67,21.646250101375937,21.780759049105004,0.5757498986240641,0.44124095089499704
2023,21,Las Vegas Grand Prix,Las Vegas Strip Street Circuit,stroll,26,2,22.57,aston_martin,0,0,0,25.310899999999997,1,206,67,21.646250101375937,21.726146080295063,0.9237498986240631,0.8438539197049373
2023,21,Las Vegas Grand Prix,Las Vegas Strip Street Circuit,tsunoda,10,1,20.619,alphatauri,0,0,0,25.310899999999997,1,138,67,21.558251192645255,21.55365716993977,-0.9392511926452549,-0.9346571699397686
2023,21,Las Vegas Grand Prix,Las Vegas Strip Street Circuit,tsunoda,21,2,20.894,alphatauri,0,0,0,25.310899999999997,1,138,67,21.558251192645255,21.43553976029566,-0.6642511926452563,-0.5415397602956631
2023,21,Las Vegas Grand Prix,Las Vegas Strip Street Circuit,zhou,26,1,22.155,alfa,0,0,0,25.310899999999997,1,133,67,21.80149318620845,22.226054892655835,0.3535068137915509,-0.07105489265583387
2023,22,Abu Dhabi Grand Prix,Yas Marina Circuit,albon,16,1,22.17,williams,0,0,0,23.1684,1,209,96,23.453048532804985,23.0421229505789,-1.2830485328049832,-0.8721229505788983
2023,22,Abu Dhabi Grand Prix,Yas Marina Circuit,albon,43,2,21.919,williams,0,0,0,23.1684,1,209,96,23.453048532804985,23.00867812871368,-1.5340485328049844,-1.089678128713679
2023,22,Abu Dhabi Grand Prix,Yas Marina Circuit,alonso,12,1,22.462,aston_martin,0,0,0,23.1684,1,206,96,22.572668001739384,22.67664332120849,-0.11066800173938418,-0.2146433212084915
2023,22,Abu Dhabi Grand Prix,Yas Marina Circuit,alonso,36,2,21.841,aston_martin,0,0,0,23.1684,1,206,96,22.572668001739384,22.627322389134726,-0.7316680017393828,-0.7863223891347246
2023,22,Abu Dhabi Grand Prix,Yas Marina Circuit,bottas,29,1,22.665,alfa,0,0,0,23.1684,1,133,96,22.727911086571897,23.090186944342236,-0.06291108657189781,-0.4251869443422365
2023,22,Abu Dhabi Grand Prix,Yas Marina Circuit,gasly,17,1,23.091,alpine,0,0,0,23.1684,1,193,96,22.832689479722323,22.84346843885818,0.25831052027767853,0.24753156114181962
2023,22,Abu Dhabi Grand Prix,Yas Marina Circuit,gasly,32,2,23.478,alpine,0,0,0,23.1684,1,193,96,22.832689479722323,22.746519176158795,0.645310520277679,0.7314808238412063
2023,22,Abu Dhabi Grand Prix,Yas Marina Circuit,hamilton,15,1,22.195,mercedes,0,0,0,23.1684,1,210,96,22.609290872992844,22.618729291442428,-0.4142908729928436,-0.4237292914424273
2023,22,Abu Dhabi Grand Prix,Yas Marina Circuit,hamilton,35,2,22.045,mercedes,0,0,0,23.1684,1,210,96,22.609290872992844,22.54824021242394,-0.5642908729928422,-0.5032402124239397
2023,22,Abu Dhabi Grand Prix,Yas Marina Circuit,hulkenberg,13,1,21.861,haas,0,0,0,23.1684,1,212,96,23.70168722377201,23.635619233937966,-1.840687223772008,-1.7746192339379654
2023,22,Abu Dhabi Grand Prix,Yas Marina Circuit,hulkenberg,33,2,22.081,haas,0,0,0,23.1684,1,212,96,23.70168722377201,23.56513015491948,-1.6206872237720091,-1.4841301549194803
2023,22,Abu Dhabi Grand Prix,Yas Marina Circuit,kevinmagnussen,5,1,22.764,haas,0,0,0,23.1684,1,212,96,23.70168722377201,23.593282940048525,-0.9376872237720093,-0.8292829400485253
2023,22,Abu Dhabi Grand Prix,Yas Marina Circuit,kevinmagnussen,22,2,22.163,haas,0,0,0,23.1684,1,212,96,23.70168722377201,23.506917750821497,-1.5386872237720084,-1.3439177508214968
2023,22,Abu Dhabi Grand Prix,Yas Marina Circuit,leclerc,17,1,21.919,ferrari,0,0,0,23.1684,1,198,96,22.450850510356855,22.351232502746665,-0.531850510356854,-0.4322325027466647
2023,22,Abu Dhabi Grand Prix,Yas Marina Circuit,leclerc,35,2,21.246,ferrari,0,0,0,23.1684,1,198,96,22.450850510356855,22.27015935025582,-1.2048505103568559,-1.0241593502558217
2023,22,Abu Dhabi Grand Prix,Yas Marina Circuit,maxverstappen,16,1,21.662,red_bull,0,0,0,23.1684,1,220,96,22.054889007468567,22.04297471057135,-0.39288900746856825,-0.38097471057135124
2023,22,Abu Dhabi Grand Prix,Yas Marina Circuit,maxverstappen,43,2,21.275,red_bull,0,0,0,23.1684,1,220,96,22.054889007468567,22.009529888706126,-0.7798890074685687,-0.7345298887061276
2023,22,Abu Dhabi Grand Prix,Yas Marina Circuit,norris,14,1,24.061,mclaren,0,0,0,23.1684,1,208,96,22.354897696735037,22.521354810758904,1.706102303264963,1.5396451892410958
2023,22,Abu Dhabi Grand Prix,Yas Marina Circuit,norris,33,2,21.432,mclaren,0,0,0,23.1684,1,208,96,22.354897696735037,22.44557369500424,-0.9228976967350384,-1.01357369500424
2023,22,Abu Dhabi Grand Prix,Yas Marina Circuit,ocon,15,1,22.16,alpine,0,0,0,23.1684,1,193,96,22.832689479722323,22.83288436538582,-0.6726894797223224,-0.6728843653858192
2023,22,Abu Dhabi Grand Prix,Yas Marina Circuit,perez,17,1,21.446,red_bull,0,0,0,23.1684,1,220,96,22.054889007468567,22.048266747307533,-0.6088890074685658,-0.6022667473075316
2023,22,Abu Dhabi Grand Prix,Yas Marina Circuit,perez,42,2,21.274,red_bull,0,0,0,23.1684,1,220,96,22.054889007468567,22.004237851969947,-0.7808890074685664,-0.730237851969946
2023,22,Abu Dhabi Grand Prix,Yas Marina Circuit,piastri,13,1,21.697,mclaren,0,0,0,23.1684,1,208,96,22.354897696735037,22.516062774022725,-0.6578976967350378,-0.8190627740227256
2023,22,Abu Dhabi Grand Prix,Yas Marina Circuit,piastri,36,2,21.156,mclaren,0,0,0,23.1684,1,208,96,22.354897696735037,22.46144980521278,-1.1988976967350382,-1.3054498052127812
2023,22,Abu Dhabi Grand Prix,Yas Marina Circuit,ricciardo,7,1,21.692,alphatauri,0,0,0,23.1684,1,138,96,22.4846690930087,22.38603700120909,-0.7926690930087013,-0.6940370012090895
2023,22,Abu Dhabi Grand Prix,Yas Marina Circuit,ricciardo,31,2,21.74,alphatauri,0,0,0,23.1684,1,138,96,22.4846690930087,22.336716069135328,-0.744669093008703,-0.5967160691353293
2023,22,Abu Dhabi Grand Prix,Yas Marina Circuit,russell,14,1,21.65,mercedes,0,0,0,23.1684,1,210,96,22.609290872992844,22.61343725470625,-0.9592908729928453,-0.9634372547062497
2023,22,Abu Dhabi Grand Prix,Yas Marina Circuit,russell,34,2,22.084,mercedes,0,0,0,23.1684,1,210,96,22.609290872992844,22.54294817568776,-0.5252908729928443,-0.4589481756877589
2023,22,Abu Dhabi Grand Prix,Yas Marina Circuit,sainz,23,1,21.229,ferrari,0,0,0,23.1684,1,198,96,22.450850510356855,22.382984723163744,-1.2218505103568553,-1.1539847231637452
2023,22,Abu Dhabi Grand Prix,Yas Marina Circuit,sainz,56,2,21.564,ferrari,0,0,0,23.1684,1,198,96,22.450850510356855,22.381292121715603,-0.8868505103568545,-0.8172921217156031
2023,22,Abu Dhabi Grand Prix,Yas Marina Circuit,sargeant,15,1,22.124,williams,0,0,0,23.1684,1,209,96,23.453048532804985,23.03683091384272,-1.3290485328049861,-0.912830913842722
2023,22,Abu Dhabi Grand Prix,Yas Marina Circuit,sargeant,41,2,21.88,williams,0,0,0,23.1684,1,209,96,23.453048532804985,22.998094055241317,-1.573048532804986,-1.1180940552413183
2023,22,Abu Dhabi Grand Prix,Yas Marina Circuit,stroll,22,1,21.866,aston_martin,0,0,0,23.1684,1,206,96,22.572668001739384,22.72956368857029,-0.7066680017393843,-0.8635636885702915
2023,22,Abu Dhabi Grand Prix,Yas Marina Circuit,stroll,42,2,21.667,aston_martin,0,0,0,23.1684,1,206,96,22.572668001739384,22.65907460955181,-0.9056680017393823,-0.9920746095518069
2023,22,Abu Dhabi Grand Prix,Yas Marina Circuit,tsunoda,22,1,21.486,alphatauri,0,0,0,23.1684,1,138,96,22.4846690930087,22.465417552251793,-0.9986690930087008,-0.9794175522517925
2023,22,Abu Dhabi Grand Prix,Yas Marina Circuit,zhou,13,1,22.867,alfa,0,0,0,23.1684,1,133,96,22.727911086571897,23.005514356563353,0.13908891342810392,-0.13851435656335198
2023,22,Abu Dhabi Grand Prix,Yas Marina Circuit,zhou,37,2,22.345,alfa,0,0,0,23.1684,1,133,96,22.727911086571897,22.956193424489587,-0.3829110865718981,-0.6111934244895885
2024,1,Bahrain Grand Prix,Bahrain International Circuit,albon,15,1,24.681,williams,0,0,0,29.804099999999988,1,209,150,26.85431370373255,26.398022106176764,-2.17331370373255,-1.7170221061767634
2024,1,Bahrain Grand Prix,Bahrain International Circuit,albon,36,2,24.61,williams,0,0,0,29.804099999999988,1,209,150,26.85431370373255,26.33282506389446,-2.2443137037325513,-1.7228250638944616
2024,1,Bahrain Grand Prix,Bahrain International Circuit,alonso,15,1,24.786,aston_martin,0,0,0,29.804099999999988,1,206,150,25.97393317266695,26.053710623751073,-1.1879331726669484,-1.2677106237510714
2024,1,Bahrain Grand Prix,Bahrain International Circuit,alonso,41,2,25.109,aston_martin,0,0,0,29.804099999999988,1,206,150,25.97393317266695,26.01497376514967,-0.864933172666948,-0.9059737651496675
2024,1,Bahrain Grand Prix,Bahrain International Circuit,bottas,12,1,26.42,sauber,0,0,0,29.804099999999988,1,74,150,28.79621986126052,28.494862145677175,-2.3762198612605197,-2.074862145677173
2024,1,Bahrain Grand Prix,Bahrain International Circuit,bottas,30,2,74.773,sauber,0,0,0,29.804099999999988,1,74,150,28.79621986126052,28.41378899318633,45.97678013873947,46.359211006813666
2024,1,Bahrain Grand Prix,Bahrain International Circuit,gasly,12,1,29.98,alpine,0,0,0,29.804099999999988,1,193,150,26.23395465064989,26.17819944751132,3.746045349350112,3.801800552488679
2024,1,Bahrain Grand Prix,Bahrain International Circuit,gasly,31,2,26.462,alpine,0,0,0,29.804099999999988,1,193,150,26.23395465064989,26.102418331756656,0.22804534935011134,0.3595816682433437
2024,1,Bahrain Grand Prix,Bahrain International Circuit,gasly,43,3,25.24,alpine,0,0,0,29.804099999999988,1,193,150,26.23395465064989,26.68261822630613,-0.99395465064989,-1.4426182263061307
2024,1,Bahrain Grand Prix,Bahrain International Circuit,hamilton,12,1,25.087,mercedes,0,0,0,29.804099999999988,1,210,150,26.01055604392041,25.96404437356793,-0.92355604392041,-0.8770443735679301
2024,1,Bahrain Grand Prix,Bahrain International Circuit,hamilton,33,2,24.094,mercedes,0,0,0,29.804099999999988,1,210,150,26.01055604392041,25.898847331285623,-1.9165560439204086,-1.8048473312856217
2024,1,Bahrain Grand Prix,Bahrain International Circuit,hulkenberg,20,2,24.768,haas,0,0,0,29.804099999999988,1,212,150,27.102952394699578,26.85752486968318,-2.3349523946995774,-2.089524869683178
2024,1,Bahrain Grand Prix,Bahrain International Circuit,hulkenberg,41,3,24.387,haas,0,0,0,29.804099999999988,1,212,150,27.102952394699578,27.48535309485827,-2.7159523946995776,-3.0983530948582683
2024,1,Bahrain Grand Prix,Bahrain International Circuit,kevinmagnussen,11,1,25.951,haas,0,0,0,29.804099999999988,1,212,150,27.102952394699578,26.986226352799648,-1.1519523946995776,-1.035226352799647
2024,1,Bahrain Grand Prix,Bahrain International Circuit,kevinmagnussen,32,2,24.446,haas,0,0,0,29.804099999999988,1,212,150,27.102952394699578,26.921029310517344,-2.6569523946995766,-2.4750293105173427
2024,1,Bahrain Grand Prix,Bahrain International Circuit,leclerc,11,1,24.069,ferrari,0,0,0,29.804099999999988,1,198,150,25.85211568128442,25.680671474663626,-1.7831156812844213,-1.611671474663627
2024,1,Bahrain Grand Prix,Bahrain International Circuit,leclerc,34,2,24.136,ferrari,0,0,0,29.804099999999988,1,198,150,25.85211568128442,25.62605850585368,-1.7161156812844212,-1.490058505853682
2024,1,Bahrain Grand Prix,Bahrain International Circuit,maxverstappen,17,1,25.064,red_bull,0,0,0,29.804099999999988,1,220,150,25.456154178396133,25.409457939641577,-0.3921541783961331,-0.3454579396415767
2024,1,Bahrain Grand Prix,Bahrain International Circuit,maxverstappen,37,2,24.209,red_bull,0,0,0,29.804099999999988,1,220,150,25.456154178396133,25.33896886062309,-1.2471541783961335,-1.1299688606230909
2024,1,Bahrain Grand Prix,Bahrain International Circuit,norris,13,1,24.205,mclaren,0,0,0,29.804099999999988,1,208,150,25.756162867662603,25.87725396635677,-1.5511628676626046,-1.6722539663567701
2024,1,Bahrain Grand Prix,Bahrain International Circuit,norris,33,2,24.705,mclaren,0,0,0,29.804099999999988,1,208,150,25.756162867662603,25.806764887338282,-1.0511628676626046,-1.101764887338284
2024,1,Bahrain Grand Prix,Bahrain International Circuit,ocon,10,1,24.877,alpine,0,0,0,29.804099999999988,1,193,150,26.23395465064989,26.167615374038963,-1.3569546506498895,-1.290615374038964
2024,1,Bahrain Grand Prix,Bahrain International Circuit,ocon,30,2,25.145,alpine,0,0,0,29.804099999999988,1,193,150,26.23395465064989,26.097126295020477,-1.0889546506498888,-0.9521262950204772
2024,1,Bahrain Grand Prix,Bahrain International Circuit,perez,12,1,24.516,red_bull,0,0,0,29.804099999999988,1,220,150,25.456154178396133,25.382997755960673,-0.9401541783961349,-0.866997755960675
2024,1,Bahrain Grand Prix,Bahrain International Circuit,perez,36,2,24.563,red_bull,0,0,0,29.804099999999988,1,220,150,25.456154178396133,25.33367682388691,-0.8931541783961343,-0.7706768238869124
2024,1,Bahrain Grand Prix,Bahrain International Circuit,piastri,12,1,25.45,mclaren,0,0,0,29.804099999999988,1,208,150,25.756162867662603,25.871961929620586,-0.3061628676626036,-0.4219619296205863
2024,1,Bahrain Grand Prix,Bahrain International Circuit,piastri,34,2,24.852,mclaren,0,0,0,29.804099999999988,1,208,150,25.756162867662603,25.81205692407446,-0.9041628676626026,-0.9600569240744612
2024,1,Bahrain Grand Prix,Bahrain International Circuit,ricciardo,13,1,24.988,rb,0,0,0,29.804099999999988,1,70,150,26.819939546938937,26.53448584967985,-1.831939546938937,-1.5464858496798506
2024,1,Bahrain Grand Prix,Bahrain International Circuit,ricciardo,35,2,24.856,rb,0,0,0,29.804099999999988,1,70,150,26.819939546938937,26.474580844133726,-1.963939546938935,-1.6185808441337244
2024,1,Bahrain Grand Prix,Bahrain International Circuit,russell,11,1,24.778,mercedes,0,0,0,29.804099999999988,1,210,150,26.01055604392041,25.95875233683175,-1.232556043920411,-1.1807523368317518
2024,1,Bahrain Grand Prix,Bahrain International Circuit,russell,31,2,24.866,mercedes,0,0,0,29.804099999999988,1,210,150,26.01055604392041,25.888263257813264,-1.14455604392041,-1.0222632578132647
2024,1,Bahrain Grand Prix,Bahrain International Circuit,sainz,14,1,24.474,ferrari,0,0,0,29.804099999999988,1,198,150,25.85211568128442,25.696547584872167,-1.3781156812844202,-1.2225475848721672
2024,1,Bahrain Grand Prix,Bahrain International Circuit,sainz,35,2,23.866,ferrari,0,0,0,29.804099999999988,1,198,150,25.85211568128442,25.631350542589864,-1.9861156812844207,-1.7653505425898643
2024,1,Bahrain Grand Prix,Bahrain International Circuit,sargeant,10,1,35.729,williams,0,0,0,29.804099999999988,1,209,150,26.85431370373255,26.371561922495864,8.874686296267448,9.357438077504135
2024,1,Bahrain Grand Prix,Bahrain International Circuit,sargeant,28,2,25.07,williams,0,0,0,29.804099999999988,1,209,150,26.85431370373255,26.29048877000502,-1.7843137037325505,-1.2204887700050193
2024,1,Bahrain Grand Prix,Bahrain International Circuit,sargeant,40,3,25.346,williams,0,0,0,29.804099999999988,1,209,150,26.85431370373255,26.870688664554486,-1.5083137037325507,-1.5246886645544855
2024,1,Bahrain Grand Prix,Bahrain International Circuit,stroll,9,1,24.418,aston_martin,0,0,0,29.804099999999988,1,206,150,25.97393317266695,26.02195840333399,-1.5559331726669505,-1.6039584033339906
2024,1,Bahrain Grand Prix,Bahrain International Circuit,stroll,27,2,24.545,aston_martin,0,0,0,29.804099999999988,1,206,150,25.97393317266695,25.940885250843145,-1.428933172666948,-1.3958852508431434
2024,1,Bahrain Grand Prix,Bahrain International Circuit,tsunoda,14,1,24.724,rb,0,0,0,29.804099999999988,1,70,150,26.819939546938937,26.53977788641603,-2.0959395469389364,-1.8157778864160292
2024,1,Bahrain Grand Prix,Bahrain International Circuit,tsunoda,34,2,24.324,rb,0,0,0,29.804099999999988,1,70,150,26.819939546938937,26.469288807397543,-2.495939546938935,-2.1452888073975416
2024,1,Bahrain Grand Prix,Bahrain International Circuit,zhou,9,1,25.208,sauber,0,0,0,29.804099999999988,1,74,150,28.79621986126052,28.478986035468633,-3.588219861260523,-3.270986035468635
2024,1,Bahrain Grand Prix,Bahrain International Circuit,zhou,28,2,25.094,sauber,0,0,0,29.804099999999988,1,74,150,28.79621986126052,28.40320491971397,-3.70221986126052,-3.30920491971397
2024,2,Saudi Arabian Grand Prix,Jeddah Corniche Circuit,albon,7,1,21.723,williams,0,0,0,48.07929999999996,1,209,61,23.515008293514683,23.383129799917654,-1.7920082935146837,-1.6601297999176552
2024,2,Saudi Arabian Grand Prix,Jeddah Corniche Circuit,alonso,7,1,22.129,aston_martin,0,0,0,48.07929999999996,1,206,61,22.63462776244908,23.03881831749196,-0.5056277624490804,-0.9098183174919576
2024,2,Saudi Arabian Grand Prix,Jeddah Corniche Circuit,bearman,7,1,22.457,ferrari,0,0,0,48.07929999999996,1,198,61,22.512810271066552,22.686947315349236,-0.055810271066551564,-0.22994731534923574
2024,2,Saudi Arabian Grand Prix,Jeddah Corniche Circuit,bottas,7,1,22.795,sauber,0,0,0,48.07929999999996,1,74,61,25.456914451042653,25.495845949626606,-2.6619144510426516,-2.700845949626604
2024,2,Saudi Arabian Grand Prix,Jeddah Corniche Circuit,bottas,35,2,23.281,sauber,0,0,0,48.07929999999996,1,74,61,25.456914451042653,25.46769316449756,-2.1759144510426545,-2.1866931644975622
2024,2,Saudi Arabian Grand Prix,Jeddah Corniche Circuit,hamilton,36,1,20.17,mercedes,0,0,0,48.07929999999996,1,210,61,22.671250633702538,23.118497242866585,-2.5012506337025364,-2.9484972428665834
2024,2,Saudi Arabian Grand Prix,Jeddah Corniche Circuit,hulkenberg,33,1,21.035,haas,0,0,0,48.07929999999996,1,212,61,23.763646984481706,24.13009514862594,-2.7286469844817063,-3.0950951486259406
2024,2,Saudi Arabian Grand Prix,Jeddah Corniche Circuit,kevinmagnussen,7,1,21.46,haas,0,0,0,48.07929999999996,1,212,61,23.763646984481706,23.992502193485258,-2.3036469844817056,-2.532502193485257
2024,2,Saudi Arabian Grand Prix,Jeddah Corniche Circuit,leclerc,7,1,23.419,ferrari,0,0,0,48.07929999999996,1,198,61,22.512810271066552,22.686947315349236,0.9061897289334482,0.732052684650764
2024,2,Saudi Arabian Grand Prix,Jeddah Corniche Circuit,maxverstappen,7,1,20.607,red_bull,0,0,0,48.07929999999996,1,220,61,22.11684876817826,22.3839815599101,-1.5098487681782622,-1.7769815599101015
2024,2,Saudi Arabian Grand Prix,Jeddah Corniche Circuit,norris,37,1,22.211,mclaren,0,0,0,48.07929999999996,1,208,61,22.416857457444735,23.031706835655424,-0.20585745744473627,-0.8207068356554252
2024,2,Saudi Arabian Grand Prix,Jeddah Corniche Circuit,ocon,7,1,22.502,alpine,0,0,0,48.07929999999996,1,193,61,22.89464924043202,23.179183251460753,-0.39264924043202143,-0.6771832514607539
2024,2,Saudi Arabian Grand Prix,Jeddah Corniche Circuit,perez,7,1,22.196,red_bull,0,0,0,48.07929999999996,1,220,61,22.11684876817826,22.3839815599101,0.07915123182174,-0.18798155991009935
2024,2,Saudi Arabian Grand Prix,Jeddah Corniche Circuit,piastri,7,1,21.427,mclaren,0,0,0,48.07929999999996,1,208,61,22.416857457444735,22.872945733570017,-0.9898574574447352,-1.4459457335700172
2024,2,Saudi Arabian Grand Prix,Jeddah Corniche Circuit,ricciardo,7,1,63.364,rb,0,0,0,48.07929999999996,1,70,61,23.48063413672107,23.5301776168931,39.883365863278925,39.8338223831069
2024,2,Saudi Arabian Grand Prix,Jeddah Corniche Circuit,russell,7,1,21.013,mercedes,0,0,0,48.07929999999996,1,210,61,22.671250633702538,22.965028177517357,-1.6582506337025364,-1.9520281775173558
2024,2,Saudi Arabian Grand Prix,Jeddah Corniche Circuit,sargeant,7,1,23.645,williams,0,0,0,48.07929999999996,1,209,61,23.515008293514683,23.383129799917654,0.12999170648531688,0.2618702000823454
2024,2,Saudi Arabian Grand Prix,Jeddah Corniche Circuit,tsunoda,7,1,21.694,rb,0,0,0,48.07929999999996,1,70,61,23.48063413672107,23.5301776168931,-1.7866341367210694,-1.8361776168930994
2024,2,Saudi Arabian Grand Prix,Jeddah Corniche Circuit,zhou,41,1,46.381,sauber,0,0,0,48.07929999999996,1,74,61,25.456914451042653,25.675775198656734,20.924085548957347,20.705224801343267
2024,3,Australian Grand Prix,Albert Park Grand Prix Circuit,albon,6,1,17.755,williams,0,0,0,32.186,1,209,70,16.822729977185798,19.44767270317251,0.9322700228142011,-1.6926727031725122
2024,3,Australian Grand Prix,Albert Park Grand Prix Circuit,albon,27,2,17.745,williams,0,0,0,32.186,1,209,70,16.822729977185798,19.382475660890204,0.9222700228142031,-1.6374756608902032
2024,3,Australian Grand Prix,Albert Park Grand Prix Circuit,alonso,17,1,18.16,aston_martin,0,0,0,32.186,1,206,70,15.942349446120197,19.161573624844802,2.2176505538798033,-1.0015736248448022
2024,3,Australian Grand Prix,Albert Park Grand Prix Circuit,alonso,41,2,17.995,aston_martin,0,0,0,32.186,1,206,70,15.942349446120197,19.112252692771037,2.052650553879804,-1.1172526927710358
2024,3,Australian Grand Prix,Albert Park Grand Prix Circuit,bottas,8,1,46.969,sauber,0,0,0,32.186,1,74,70,18.76463613471377,21.57097292635382,28.204363865286233,25.39802707364618
2024,3,Australian Grand Prix,Albert Park Grand Prix Circuit,bottas,36,2,18.938,sauber,0,0,0,32.186,1,74,70,18.76463613471377,21.54282014122478,0.17336386528623038,-2.6048201412247813
2024,3,Australian Grand Prix,Albert Park Grand Prix Circuit,gasly,17,1,20.316,alpine,0,0,0,32.186,1,193,70,16.202370924103136,19.301938558813593,4.113629075896863,1.0140614411864064
2024,3,Australian Grand Prix,Albert Park Grand Prix Circuit,gasly,41,2,17.682,alpine,0,0,0,32.186,1,193,70,16.202370924103136,19.252617626739827,1.479629075896863,-1.5706176267398284
2024,3,Australian Grand Prix,Albert Park Grand Prix Circuit,hamilton,7,1,17.596,mercedes,0,0,0,32.186,1,210,70,15.978972317373655,19.034863117508394,1.617027682626345,-1.4388631175083937
2024,3,Australian Grand Prix,Albert Park Grand Prix Circuit,hulkenberg,17,1,18.32,haas,0,0,0,32.186,1,212,70,17.07136866815282,20.115257500838098,1.2486313318471787,-1.7952575008380975
2024,3,Australian Grand Prix,Albert Park Grand Prix Circuit,hulkenberg,35,2,18.145,haas,0,0,0,32.186,1,212,70,17.07136866815282,20.03418434834725,1.073631331847178,-1.88918434834725
2024,3,Australian Grand Prix,Albert Park Grand Prix Circuit,kevinmagnussen,7,1,18.301,haas,0,0,0,32.186,1,212,70,17.07136866815282,20.062337133476294,1.2296313318471768,-1.761337133476296
2024,3,Australian Grand Prix,Albert Park Grand Prix Circuit,kevinmagnussen,33,2,18.151,haas,0,0,0,32.186,1,212,70,17.07136866815282,20.02360027487489,1.0796313318471782,-1.8726002748748911
2024,3,Australian Grand Prix,Albert Park Grand Prix Circuit,leclerc,9,1,17.409,ferrari,0,0,0,32.186,1,198,70,15.820531954737667,18.767366328812635,1.5884680452623314,-1.358366328812636
2024,3,Australian Grand Prix,Albert Park Grand Prix Circuit,leclerc,34,2,17.308,ferrari,0,0,0,32.186,1,198,70,15.820531954737667,18.72333743347505,1.4874680452623323,-1.4153374334750488
2024,3,Australian Grand Prix,Albert Park Grand Prix Circuit,norris,14,1,17.776,mclaren,0,0,0,32.186,1,208,70,15.72457914111585,18.979824930714315,2.05142085888415,-1.2038249307143154
2024,3,Australian Grand Prix,Albert Park Grand Prix Circuit,norris,40,2,17.653,mclaren,0,0,0,32.186,1,208,70,15.72457914111585,18.941088072112912,1.9284208588841487,-1.288088072112913
2024,3,Australian Grand Prix,Albert Park Grand Prix Circuit,ocon,9,1,18.287,alpine,0,0,0,32.186,1,193,70,16.202370924103136,19.259602264924148,2.0846290758968635,-0.9726022649241486
2024,3,Australian Grand Prix,Albert Park Grand Prix Circuit,ocon,16,2,30.626,alpine,0,0,0,32.186,1,193,70,16.202370924103136,19.12031670833532,14.423629075896866,11.505683291664681
2024,3,Australian Grand Prix,Albert Park Grand Prix Circuit,ocon,42,3,18.007,alpine,0,0,0,32.186,1,193,70,16.202370924103136,19.774605117191314,1.804629075896866,-1.7676051171913123
2024,3,Australian Grand Prix,Albert Park Grand Prix Circuit,perez,14,1,18.112,red_bull,0,0,0,32.186,1,220,70,15.424570451849378,18.490860757054403,2.68742954815062,-0.3788607570544045
2024,3,Australian Grand Prix,Albert Park Grand Prix Circuit,perez,35,2,17.222,red_bull,0,0,0,32.186,1,220,70,15.424570451849378,18.425663714772092,1.7974295481506228,-1.203663714772091
2024,3,Australian Grand Prix,Albert Park Grand Prix Circuit,piastri,9,1,17.573,mclaren,0,0,0,32.186,1,208,70,15.72457914111585,18.95336474703341,1.8484208588841504,-1.3803647470334113
2024,3,Australian Grand Prix,Albert Park Grand Prix Circuit,piastri,39,2,18.533,mclaren,0,0,0,32.186,1,208,70,15.72457914111585,18.935796035376733,2.8084208588841513,-0.40279603537673125
2024,3,Australian Grand Prix,Albert Park Grand Prix Circuit,ricciardo,5,1,18.265,rb,0,0,0,32.186,1,70,70,16.788355820392184,19.589428483411776,1.476644179607817,-1.3244284834117757
2024,3,Australian Grand Prix,Albert Park Grand Prix Circuit,ricciardo,29,2,17.751,rb,0,0,0,32.186,1,70,70,16.788355820392184,19.54010755133801,0.9626441796078176,-1.7891075513380095
2024,3,Australian Grand Prix,Albert Park Grand Prix Circuit,russell,8,1,18.046,mercedes,0,0,0,32.186,1,210,70,15.978972317373655,19.040155154244573,2.0670276826263443,-0.9941551542445737
2024,3,Australian Grand Prix,Albert Park Grand Prix Circuit,russell,45,2,17.964,mercedes,0,0,0,32.186,1,210,70,15.978972317373655,19.059630699741152,1.9850276826263435,-1.0956306997411538
2024,3,Australian Grand Prix,Albert Park Grand Prix Circuit,sainz,16,1,17.599,ferrari,0,0,0,32.186,1,198,70,15.820531954737667,18.804410585965893,1.7784680452623327,-1.2054105859658932
2024,3,Australian Grand Prix,Albert Park Grand Prix Circuit,sainz,41,2,17.74,ferrari,0,0,0,32.186,1,198,70,15.820531954737667,18.76038169062831,1.919468045262331,-1.0203816906283123
2024,3,Australian Grand Prix,Albert Park Grand Prix Circuit,stroll,8,1,17.901,aston_martin,0,0,0,32.186,1,206,70,15.942349446120197,19.113945294219178,1.958650553879803,-1.2129452942191783
2024,3,Australian Grand Prix,Albert Park Grand Prix Circuit,stroll,37,2,17.977,aston_martin,0,0,0,32.186,1,206,70,15.942349446120197,19.091084545826316,2.0346505538798034,-1.1140845458263158
2024,3,Australian Grand Prix,Albert Park Grand Prix Circuit,tsunoda,9,1,18.523,rb,0,0,0,32.186,1,70,70,16.788355820392184,19.610596630356497,1.734644179607816,-1.0875966303564972
2024,3,Australian Grand Prix,Albert Park Grand Prix Circuit,tsunoda,36,2,17.535,rb,0,0,0,32.186,1,70,70,16.788355820392184,19.577151808491273,0.7466441796078165,-2.0421518084912726
2024,3,Australian Grand Prix,Albert Park Grand Prix Circuit,zhou,6,1,19.032,sauber,0,0,0,32.186,1,74,70,18.76463613471377,21.560388852881463,0.2673638652862316,-2.528388852881463
2024,3,Australian Grand Prix,Albert Park Grand Prix Circuit,zhou,35,2,36.866,sauber,0,0,0,32.186,1,74,70,18.76463613471377,21.537528104488597,18.10136386528623,15.328471895511402
2024,5,Chinese Grand Prix,Shanghai International Circuit,albon,9,1,23.273,williams,0,0,0,26.632000000000012,1,209,39,24.101859969792514,23.647569867563917,-0.8288599697925143,-0.37456986756391686
2024,5,Chinese Grand Prix,Shanghai International Circuit,albon,23,2,23.6,williams,0,0,0,26.632000000000012,1,209,39,24.101859969792514,23.54532856812835,-0.5018599697925126,0.054671431871650356
2024,5,Chinese Grand Prix,Shanghai International Circuit,alonso,11,1,23.049,aston_martin,0,0,0,26.632000000000012,1,206,39,23.221479438726913,23.313842458610587,-0.17247943872691351,-0.26484245861058753
2024,5,Chinese Grand Prix,Shanghai International Circuit,alonso,23,2,22.687,aston_martin,0,0,0,26.632000000000012,1,206,39,23.221479438726913,23.20101708570266,-0.5344794387269118,-0.5140170857026582
2024,5,Chinese Grand Prix,Shanghai International Circuit,alonso,43,3,23.179,aston_martin,0,0,0,26.632000000000012,1,206,39,23.221479438726913,23.82355327414157,-0.04247943872691451,-0.6445532741415718
2024,5,Chinese Grand Prix,Shanghai International Circuit,bottas,9,1,22.949,sauber,0,0,0,26.632000000000012,1,74,39,26.043766127320485,25.76028601727287,-3.094766127320483,-2.8112860172728666
2024,5,Chinese Grand Prix,Shanghai International Circuit,gasly,11,1,39.712,alpine,0,0,0,26.632000000000012,1,193,39,23.48150091670985,23.454207392579377,16.23049908329015,16.257792607420626
2024,5,Chinese Grand Prix,Shanghai International Circuit,gasly,23,2,23.987,alpine,0,0,0,26.632000000000012,1,193,39,23.48150091670985,23.34138201967145,0.5054990832901467,0.6456179803285487
2024,5,Chinese Grand Prix,Shanghai International Circuit,gasly,38,3,22.836,alpine,0,0,0,26.632000000000012,1,193,39,23.48150091670985,23.93745802442946,-0.6455009167098531,-1.101458024429462
2024,5,Chinese Grand Prix,Shanghai International Circuit,hamilton,9,1,22.518,mercedes,0,0,0,26.632000000000012,1,210,39,23.25810230998037,23.229468245163623,-0.7401023099803687,-0.7114682451636227
2024,5,Chinese Grand Prix,Shanghai International Circuit,hamilton,21,2,22.662,mercedes,0,0,0,26.632000000000012,1,210,39,23.25810230998037,23.116642872255696,-0.5961023099803704,-0.4546428722556968
2024,5,Chinese Grand Prix,Shanghai International Circuit,hulkenberg,8,1,23.004,haas,0,0,0,26.632000000000012,1,212,39,24.350498660759538,24.25165022439534,-1.3464986607595364,-1.2476502243953398
2024,5,Chinese Grand Prix,Shanghai International Circuit,hulkenberg,23,2,23.336,haas,0,0,0,26.632000000000012,1,212,39,24.350498660759538,24.154700961695955,-1.0144986607595392,-0.8187009616959564
2024,5,Chinese Grand Prix,Shanghai International Circuit,kevinmagnussen,17,1,22.974,haas,0,0,0,26.632000000000012,1,212,39,24.350498660759538,24.299278555020965,-1.3764986607595375,-1.3252785550209651
2024,5,Chinese Grand Prix,Shanghai International Circuit,kevinmagnussen,27,2,25.727,haas,0,0,0,26.632000000000012,1,212,39,24.350498660759538,24.175869108640676,1.3765013392404626,1.5511308913593247
2024,5,Chinese Grand Prix,Shanghai International Circuit,leclerc,21,1,22.36,ferrari,0,0,0,26.632000000000012,1,198,39,23.099661947344384,23.014891823829664,-0.7396619473443842,-0.654891823829665
2024,5,Chinese Grand Prix,Shanghai International Circuit,maxverstappen,13,1,22.456,red_bull,0,0,0,26.632000000000012,1,220,39,22.703700444456093,22.66958977450109,-0.2477004444560933,-0.2135897745010915
2024,5,Chinese Grand Prix,Shanghai International Circuit,maxverstappen,23,2,22.27,red_bull,0,0,0,26.632000000000012,1,220,39,22.703700444456093,22.5461803281208,-0.43370044445609324,-0.27618032812080173
2024,5,Chinese Grand Prix,Shanghai International Circuit,norris,22,1,22.161,mclaren,0,0,0,26.632000000000012,1,208,39,23.003709133722566,23.206182278786624,-0.8427091337225647,-1.0451822787866227
2024,5,Chinese Grand Prix,Shanghai International Circuit,ocon,9,1,23.156,alpine,0,0,0,26.632000000000012,1,193,39,23.48150091670985,23.443623319107015,-0.3255009167098528,-0.28762331910701633
2024,5,Chinese Grand Prix,Shanghai International Circuit,ocon,23,2,23.208,alpine,0,0,0,26.632000000000012,1,193,39,23.48150091670985,23.34138201967145,-0.2735009167098532,-0.13338201967145125
2024,5,Chinese Grand Prix,Shanghai International Circuit,perez,13,1,22.027,red_bull,0,0,0,26.632000000000012,1,220,39,22.703700444456093,22.66958977450109,-0.6767004444560918,-0.64258977450109
2024,5,Chinese Grand Prix,Shanghai International Circuit,perez,23,2,22.371,red_bull,0,0,0,26.632000000000012,1,220,39,22.703700444456093,22.5461803281208,-0.33270044445609415,-0.17518032812080264
2024,5,Chinese Grand Prix,Shanghai International Circuit,piastri,16,1,22.673,mclaren,0,0,0,26.632000000000012,1,208,39,23.003709133722566,23.17443005836954,-0.3307091337225678,-0.501430058369543
2024,5,Chinese Grand Prix,Shanghai International Circuit,piastri,24,2,22.262,mclaren,0,0,0,26.632000000000012,1,208,39,23.003709133722566,23.040436538516897,-0.7417091337225656,-0.7784365385168961
2024,5,Chinese Grand Prix,Shanghai International Circuit,ricciardo,14,1,22.598,rb,0,0,0,26.632000000000012,1,70,39,24.0674858129989,23.821077868220264,-1.4694858129989008,-1.2230778682202654
2024,5,Chinese Grand Prix,Shanghai International Circuit,russell,11,1,22.415,mercedes,0,0,0,26.632000000000012,1,210,39,23.25810230998037,23.240052318635986,-0.8431023099803703,-0.8250523186359864
2024,5,Chinese Grand Prix,Shanghai International Circuit,russell,23,2,22.707,mercedes,0,0,0,26.632000000000012,1,210,39,23.25810230998037,23.127226945728054,-0.5511023099803687,-0.42022694572805364
2024,5,Chinese Grand Prix,Shanghai International Circuit,sainz,17,1,22.629,ferrari,0,0,0,26.632000000000012,1,198,39,23.099661947344384,22.993723676884944,-0.47066194734438227,-0.36472367688494245
2024,5,Chinese Grand Prix,Shanghai International Circuit,sargeant,12,1,23.229,williams,0,0,0,26.632000000000012,1,209,39,24.101859969792514,23.663445977772458,-0.8728599697925148,-0.43444597777245875
2024,5,Chinese Grand Prix,Shanghai International Circuit,sargeant,24,2,22.684,williams,0,0,0,26.632000000000012,1,209,39,24.101859969792514,23.550620604864534,-1.417859969792513,-0.8666206048645329
2024,5,Chinese Grand Prix,Shanghai International Circuit,stroll,9,1,23.823,aston_martin,0,0,0,26.632000000000012,1,206,39,23.221479438726913,23.303258385138225,0.6015205612730874,0.5197416148617755
2024,5,Chinese Grand Prix,Shanghai International Circuit,stroll,21,2,22.911,aston_martin,0,0,0,26.632000000000012,1,206,39,23.221479438726913,23.1904330122303,-0.31047943872691164,-0.2794330122302995
2024,5,Chinese Grand Prix,Shanghai International Circuit,stroll,35,4,34.777,aston_martin,0,0,0,26.632000000000012,1,206,39,23.221479438726913,27.02697476437724,11.555520561273088,7.750025235622761
2024,5,Chinese Grand Prix,Shanghai International Circuit,tsunoda,8,1,23.16,rb,0,0,0,26.632000000000012,1,70,39,24.0674858129989,23.78932564780318,-0.9074858129988996,-0.6293256478031815
2024,5,Chinese Grand Prix,Shanghai International Circuit,tsunoda,23,2,22.387,rb,0,0,0,26.632000000000012,1,70,39,24.0674858129989,23.692376385103795,-1.6804858129988993,-1.305376385103795
2024,5,Chinese Grand Prix,Shanghai International Circuit,zhou,8,1,23.362,sauber,0,0,0,26.632000000000012,1,74,39,26.043766127320485,25.75499398053669,-2.6817661273204862,-2.3929939805366907
2024,5,Chinese Grand Prix,Shanghai International Circuit,zhou,23,2,25.61,sauber,0,0,0,26.632000000000012,1,74,39,26.043766127320485,25.658044717837303,-0.43376612732048514,-0.04804471783730335
2024,5,Chinese Grand Prix,Shanghai International Circuit,zhou,40,3,23.252,sauber,0,0,0,26.632000000000012,1,74,39,26.043766127320485,26.264704796067672,-2.7917661273204857,-3.0127047960676734
2024,6,Miami Grand Prix,Miami International Autodrome,albon,10,1,22.828,williams,0,0,0,30.170299999999997,1,209,73,22.9686401128577,22.708274260557488,-0.1406401128576995,0.11972573944251153
2024,6,Miami Grand Prix,Miami International Autodrome,albon,53,2,22.567,williams,0,0,0,30.170299999999997,1,209,73,22.9686401128577,22.759502026471147,-0.40164011285769874,-0.19250202647114634
2024,6,Miami Grand Prix,Miami International Autodrome,alonso,22,1,22.374,aston_martin,0,0,0,30.170299999999997,1,206,73,22.0882595817921,22.42746721896596,0.2857404182078973,-0.05346721896595952
2024,6,Miami Grand Prix,Miami International Autodrome,bottas,11,1,23.73,sauber,0,0,0,30.170299999999997,1,74,73,24.910546270385673,24.82628244700262,-1.1805462703856726,-1.0962824470026185
2024,6,Miami Grand Prix,Miami International Autodrome,bottas,29,2,22.765,sauber,0,0,0,30.170299999999997,1,74,73,24.910546270385673,24.745209294511774,-2.1455462703856725,-1.9802092945117735
2024,6,Miami Grand Prix,Miami International Autodrome,gasly,12,1,22.466,alpine,0,0,0,30.170299999999997,1,193,73,22.34828105977504,22.514911785572945,0.11771894022496099,-0.048911785572943955
2024,6,Miami Grand Prix,Miami International Autodrome,hamilton,26,1,22.107,mercedes,0,0,0,30.170299999999997,1,210,73,22.124882453045558,22.374845225936074,-0.017882453045558577,-0.2678452259360746
2024,6,Miami Grand Prix,Miami International Autodrome,hulkenberg,12,1,23.055,haas,0,0,0,30.170299999999997,1,212,73,23.217278803824726,23.32823072759745,-0.16227880382472648,-0.2732307275974506
2024,6,Miami Grand Prix,Miami International Autodrome,hulkenberg,28,2,22.487,haas,0,0,0,30.170299999999997,1,212,73,23.217278803824726,23.236573501634243,-0.7302788038247279,-0.7495735016342451
2024,6,Miami Grand Prix,Miami International Autodrome,kevinmagnussen,22,1,23.265,haas,0,0,0,30.170299999999997,1,212,73,23.217278803824726,23.38115109495925,0.04772119617527437,-0.11615109495924969
2024,6,Miami Grand Prix,Miami International Autodrome,kevinmagnussen,28,2,29.727,haas,0,0,0,30.170299999999997,1,212,73,23.217278803824726,23.236573501634243,6.509721196175274,6.490426498365757
2024,6,Miami Grand Prix,Miami International Autodrome,kevinmagnussen,31,3,30.732,haas,0,0,0,30.170299999999997,1,212,73,23.217278803824726,23.769145065558085,7.514721196175273,6.962854934441914
2024,6,Miami Grand Prix,Miami International Autodrome,leclerc,19,1,21.825,ferrari,0,0,0,30.170299999999997,1,198,73,21.966442090409572,22.05972010661469,-0.14144209040957278,-0.23472010661469156
2024,6,Miami Grand Prix,Miami International Autodrome,maxverstappen,23,1,22.187,red_bull,0,0,0,30.170299999999997,1,220,73,21.57048058752128,21.777922498120276,0.6165194124787199,0.40907750187972525
2024,6,Miami Grand Prix,Miami International Autodrome,norris,29,1,22.041,mclaren,0,0,0,30.170299999999997,1,208,73,21.87048927678775,22.298638892197275,0.17051072321224936,-0.2576388921972743
2024,6,Miami Grand Prix,Miami International Autodrome,ocon,22,1,22.663,alpine,0,0,0,30.170299999999997,1,193,73,22.34828105977504,22.56783215293475,0.31471894022496016,0.09516784706525172
2024,6,Miami Grand Prix,Miami International Autodrome,perez,17,1,21.695,red_bull,0,0,0,30.170299999999997,1,220,73,21.57048058752128,21.746170277703197,0.124519412478719,-0.051170277703196376
2024,6,Miami Grand Prix,Miami International Autodrome,perez,28,2,22.396,red_bull,0,0,0,30.170299999999997,1,220,73,21.57048058752128,21.62805286805909,0.8255194124787195,0.767947131940911
2024,6,Miami Grand Prix,Miami International Autodrome,piastri,27,1,22.216,mclaren,0,0,0,30.170299999999997,1,208,73,21.87048927678775,22.288054818724913,0.34551072321225007,-0.07205481872491148
2024,6,Miami Grand Prix,Miami International Autodrome,piastri,40,2,30.409,mclaren,0,0,0,30.170299999999997,1,208,73,21.87048927678775,22.180521482553168,8.538510723212248,8.228478517446831
2024,6,Miami Grand Prix,Miami International Autodrome,ricciardo,28,1,22.54,rb,0,0,0,30.170299999999997,1,70,73,22.93426595606409,22.950578738784177,-0.3942659560640891,-0.41057873878417794
2024,6,Miami Grand Prix,Miami International Autodrome,russell,24,1,22.8,mercedes,0,0,0,30.170299999999997,1,210,73,22.124882453045558,22.364261152463715,0.6751175469544428,0.43573884753628533
2024,6,Miami Grand Prix,Miami International Autodrome,sainz,27,1,22.805,ferrari,0,0,0,30.170299999999997,1,198,73,21.966442090409572,22.102056400504132,0.8385579095904276,0.7029435994958675
2024,6,Miami Grand Prix,Miami International Autodrome,sargeant,11,1,22.611,williams,0,0,0,30.170299999999997,1,209,73,22.9686401128577,22.713566297293667,-0.35764011285769826,-0.10256629729366651
2024,6,Miami Grand Prix,Miami International Autodrome,stroll,11,1,23.038,aston_martin,0,0,0,30.170299999999997,1,206,73,22.0882595817921,22.369254814867972,0.9497404182078988,0.6687451851320283
2024,6,Miami Grand Prix,Miami International Autodrome,stroll,28,2,22.631,aston_martin,0,0,0,30.170299999999997,1,206,73,22.0882595817921,22.282889625640948,0.5427404182078988,0.34811037435905234
2024,6,Miami Grand Prix,Miami International Autodrome,tsunoda,28,1,22.153,rb,0,0,0,30.170299999999997,1,70,73,22.93426595606409,22.950578738784177,-0.7812659560640896,-0.7975787387841784
2024,6,Miami Grand Prix,Miami International Autodrome,zhou,28,1,23.017,sauber,0,0,0,30.170299999999997,1,74,73,24.910546270385673,24.916247071517684,-1.8935462703856736,-1.899247071517685
2024,7,Emilia Romagna Grand Prix,Autodromo Enzo e Dino Ferrari,albon,8,1,30.05,williams,0,0,0,32.6357,1,209,52,31.720464159504107,30.973089817810404,-1.6704641595041068,-0.9230898178104034
2024,7,Emilia Romagna Grand Prix,Autodromo Enzo e Dino Ferrari,albon,9,2,33.179,williams,0,0,0,32.6357,1,209,52,31.720464159504107,30.80205204080449,1.4585358404958946,2.376947959195512
2024,7,Emilia Romagna Grand Prix,Autodromo Enzo e Dino Ferrari,albon,23,3,38.413,williams,0,0,0,32.6357,1,209,52,31.720464159504107,31.392836008826322,6.692535840495889,7.020163991173675
2024,7,Emilia Romagna Grand Prix,Autodromo Enzo e Dino Ferrari,albon,28,4,31.131,williams,0,0,0,32.6357,1,209,52,31.720464159504107,34.665053976632336,-0.5894641595041072,-3.534053976632336
2024,7,Emilia Romagna Grand Prix,Autodromo Enzo e Dino Ferrari,alonso,7,1,31.368,aston_martin,0,0,0,32.6357,1,206,52,30.840083628438506,30.62348629864853,0.5279163715614921,0.7445137013514689
2024,7,Emilia Romagna Grand Prix,Autodromo Enzo e Dino Ferrari,alonso,40,2,30.483,aston_martin,0,0,0,32.6357,1,206,52,30.840083628438506,30.62179369720039,-0.35708362843850594,-0.1387936972003878
2024,7,Emilia Romagna Grand Prix,Autodromo Enzo e Dino Ferrari,alonso,59,3,29.931,aston_martin,0,0,0,32.6357,1,206,52,30.840083628438506,31.239037848903116,-0.9090836284385055,-1.3080378489031155
2024,7,Emilia Romagna Grand Prix,Autodromo Enzo e Dino Ferrari,bottas,8,1,30.24,sauber,0,0,0,32.6357,1,74,52,33.66237031703208,33.085805967519356,-3.4223703170320796,-2.8458059675193574
2024,7,Emilia Romagna Grand Prix,Autodromo Enzo e Dino Ferrari,gasly,8,1,30.081,alpine,0,0,0,32.6357,1,193,52,31.100105106421445,30.7691432693535,-1.0191051064214456,-0.6881432693534997
2024,7,Emilia Romagna Grand Prix,Autodromo Enzo e Dino Ferrari,gasly,30,2,30.654,alpine,0,0,0,32.6357,1,193,52,31.100105106421445,30.70923826380738,-0.4461051064214452,-0.05523826380737873
2024,7,Emilia Romagna Grand Prix,Autodromo Enzo e Dino Ferrari,hamilton,27,1,29.547,mercedes,0,0,0,32.6357,1,210,52,30.876706499691966,30.65553689339753,-1.3297064996919659,-1.108536893397531
2024,7,Emilia Romagna Grand Prix,Autodromo Enzo e Dino Ferrari,hulkenberg,13,1,29.749,haas,0,0,0,32.6357,1,212,52,31.969102850471135,31.608922395058908,-2.220102850471136,-1.8599223950589092
2024,7,Emilia Romagna Grand Prix,Autodromo Enzo e Dino Ferrari,kevinmagnussen,37,1,31.302,haas,0,0,0,32.6357,1,212,52,31.969102850471135,31.735931276727232,-0.6671028504711352,-0.43393127672723253
2024,7,Emilia Romagna Grand Prix,Autodromo Enzo e Dino Ferrari,leclerc,25,1,30.149,ferrari,0,0,0,32.6357,1,198,52,30.718266137055977,30.36687195775705,-0.5692661370559762,-0.2178719577570476
2024,7,Emilia Romagna Grand Prix,Autodromo Enzo e Dino Ferrari,maxverstappen,24,1,30.416,red_bull,0,0,0,32.6357,1,220,52,30.32230463416769,30.058614165581737,0.09369536583231053,0.3573858344182632
2024,7,Emilia Romagna Grand Prix,Autodromo Enzo e Dino Ferrari,norris,22,1,29.956,mclaren,0,0,0,32.6357,1,208,52,30.622313323434163,30.536994265769287,-0.6663133234341636,-0.5809942657692879
2024,7,Emilia Romagna Grand Prix,Autodromo Enzo e Dino Ferrari,ocon,25,1,30.659,alpine,0,0,0,32.6357,1,193,52,31.100105106421445,30.85910789386857,-0.4411051064214462,-0.20010789386856942
2024,7,Emilia Romagna Grand Prix,Autodromo Enzo e Dino Ferrari,perez,37,1,29.669,red_bull,0,0,0,32.6357,1,220,52,30.32230463416769,30.12741064315208,-0.6533046341676894,-0.458410643152078
2024,7,Emilia Romagna Grand Prix,Autodromo Enzo e Dino Ferrari,piastri,23,1,29.77,mclaren,0,0,0,32.6357,1,208,52,30.622313323434163,30.542286302505467,-0.85231332343416355,-0.7722863025054671
2024,7,Emilia Romagna Grand Prix,Autodromo Enzo e Dino Ferrari,ricciardo,11,1,30.068,rb,0,0,0,32.6357,1,70,52,31.686090002710493,31.136013744994386,-1.6180900027104919,-1.068013744994385
2024,7,Emilia Romagna Grand Prix,Autodromo Enzo e Dino Ferrari,russell,21,1,29.664,mercedes,0,0,0,32.6357,1,210,52,30.876706499691966,30.623784672980452,-1.212706499691965,-0.9597846729804509
2024,7,Emilia Romagna Grand Prix,Autodromo Enzo e Dino Ferrari,russell,52,2,29.605,mercedes,0,0,0,32.6357,1,210,52,30.876706499691966,30.61150799805995,-1.271706499691966,-1.0065079980599485
2024,7,Emilia Romagna Grand Prix,Autodromo Enzo e Dino Ferrari,sainz,27,1,30.508,ferrari,0,0,0,32.6357,1,198,52,30.718266137055977,30.377456031229407,-0.21026613705597796,0.13054396877059204
2024,7,Emilia Romagna Grand Prix,Autodromo Enzo e Dino Ferrari,sargeant,31,1,31.085,williams,0,0,0,32.6357,1,209,52,31.720464159504107,31.09480666274255,-0.6354641595041066,-0.009806662742548156
2024,7,Emilia Romagna Grand Prix,Autodromo Enzo e Dino Ferrari,stroll,37,1,29.971,aston_martin,0,0,0,32.6357,1,206,52,30.840083628438506,30.782247400733937,-0.8690836284385064,-0.8112474007339365
2024,7,Emilia Romagna Grand Prix,Autodromo Enzo e Dino Ferrari,tsunoda,12,1,29.628,rb,0,0,0,32.6357,1,70,52,31.686090002710493,31.141305781730566,-2.058090002710493,-1.5133057817305655
2024,7,Emilia Romagna Grand Prix,Autodromo Enzo e Dino Ferrari,zhou,33,1,30.244,sauber,0,0,0,32.6357,1,74,52,33.66237031703208,33.21810688592386,-3.4183703170320783,-2.9741068859238595
2024,9,Canadian Grand Prix,Circuit Gilles Villeneuve,albon,25,1,24.753,williams,0,0,0,33.59749999999999,1,209,106,27.01911966809913,26.68950929655055,-2.2661196680991296,-1.9365092965505504
2024,9,Canadian Grand Prix,Circuit Gilles Villeneuve,albon,44,2,24.804,williams,0,0,0,33.59749999999999,1,209,106,27.01911966809913,26.613728180795885,-2.215119668099131,-1.8097281807958865
2024,9,Canadian Grand Prix,Circuit Gilles Villeneuve,alonso,25,1,25.788,aston_martin,0,0,0,33.59749999999999,1,206,106,26.13873913703353,26.34519781412486,-0.35073913703352844,-0.5571978141248586
2024,9,Canadian Grand Prix,Circuit Gilles Villeneuve,alonso,44,2,24.346,aston_martin,0,0,0,33.59749999999999,1,206,106,26.13873913703353,26.269416698370193,-1.7927391370335286,-1.9234166983701932
2024,9,Canadian Grand Prix,Circuit Gilles Villeneuve,bottas,42,1,24.929,sauber,0,0,0,33.59749999999999,1,74,106,28.961025825627104,28.89219007077456,-4.032025825627105,-3.963190070774562
2024,9,Canadian Grand Prix,Circuit Gilles Villeneuve,gasly,25,1,24.911,alpine,0,0,0,33.59749999999999,1,193,106,26.39876061501647,26.48556274809365,-1.4877606150164695,-1.5745627480936477
2024,9,Canadian Grand Prix,Circuit Gilles Villeneuve,gasly,40,2,24.408,alpine,0,0,0,33.59749999999999,1,193,106,26.39876061501647,26.388613485394263,-1.9907606150164696,-1.9806134853942616
2024,9,Canadian Grand Prix,Circuit Gilles Villeneuve,hamilton,25,1,23.762,mercedes,0,0,0,33.59749999999999,1,210,106,26.17536200828699,26.271407674150254,-2.413362008286988,-2.5094076741502533
2024,9,Canadian Grand Prix,Circuit Gilles Villeneuve,hamilton,43,2,24.226,mercedes,0,0,0,33.59749999999999,1,210,106,26.17536200828699,26.19033452165941,-1.9493620082869896,-1.96433452165941
2024,9,Canadian Grand Prix,Circuit Gilles Villeneuve,hamilton,54,3,28.817,mercedes,0,0,0,33.59749999999999,1,210,106,26.17536200828699,26.765242379472696,2.6416379917130115,2.0517576205273045
2024,9,Canadian Grand Prix,Circuit Gilles Villeneuve,hulkenberg,12,1,24.233,haas,0,0,0,33.59749999999999,1,212,106,27.267758359066153,27.23008521254781,-3.034758359066153,-2.997085212547809
2024,9,Canadian Grand Prix,Circuit Gilles Villeneuve,hulkenberg,25,2,24.668,haas,0,0,0,33.59749999999999,1,212,106,27.267758359066153,27.122551876376065,-2.599758359066154,-2.4545518763760654
2024,9,Canadian Grand Prix,Circuit Gilles Villeneuve,hulkenberg,44,3,24.751,haas,0,0,0,33.59749999999999,1,212,106,27.267758359066153,27.739796028078793,-2.516758359066152,-2.9887960280787915
2024,9,Canadian Grand Prix,Circuit Gilles Villeneuve,kevinmagnussen,7,1,30.472,haas,0,0,0,33.59749999999999,1,212,106,27.267758359066153,27.20362502886691,3.204241640933848,3.268374971133092
2024,9,Canadian Grand Prix,Circuit Gilles Villeneuve,kevinmagnussen,25,2,26.794,haas,0,0,0,33.59749999999999,1,212,106,27.267758359066153,27.122551876376065,-0.47375835906615293,-0.3285518763760642
2024,9,Canadian Grand Prix,Circuit Gilles Villeneuve,kevinmagnussen,41,3,24.833,haas,0,0,0,33.59749999999999,1,212,106,27.267758359066153,27.72391991787025,-2.434758359066155,-2.890919917870253
2024,9,Canadian Grand Prix,Circuit Gilles Villeneuve,kevinmagnussen,54,4,26.845,haas,0,0,0,33.59749999999999,1,212,106,27.267758359066153,31.03847417956571,-0.42275835906615455,-4.193474179565712
2024,9,Canadian Grand Prix,Circuit Gilles Villeneuve,leclerc,25,1,24.031,ferrari,0,0,0,33.59749999999999,1,198,106,26.016921645651,25.993326811982133,-1.9859216456510005,-1.962326811982134
2024,9,Canadian Grand Prix,Circuit Gilles Villeneuve,leclerc,28,2,47.186,ferrari,0,0,0,33.59749999999999,1,198,106,26.016921645651,25.832873108448585,21.169078354349,21.353126891551415
2024,9,Canadian Grand Prix,Circuit Gilles Villeneuve,leclerc,31,3,24.629,ferrari,0,0,0,33.59749999999999,1,198,106,26.016921645651,26.365444672372426,-1.387921645650998,-1.736444672372425
2024,9,Canadian Grand Prix,Circuit Gilles Villeneuve,maxverstappen,25,1,24.306,red_bull,0,0,0,33.59749999999999,1,220,106,25.620960142762712,25.690361056543,-1.3149601427627111,-1.3843610565429998
2024,9,Canadian Grand Prix,Circuit Gilles Villeneuve,maxverstappen,45,2,24.246,red_bull,0,0,0,33.59749999999999,1,220,106,25.620960142762712,25.61987197752451,-1.3749601427627134,-1.3738719775245123
2024,9,Canadian Grand Prix,Circuit Gilles Villeneuve,norris,26,1,23.423,mclaren,0,0,0,33.59749999999999,1,208,106,25.920968832029182,26.184617266939092,-2.4979688320291835,-2.761617266939094
2024,9,Canadian Grand Prix,Circuit Gilles Villeneuve,norris,47,2,23.983,mclaren,0,0,0,33.59749999999999,1,208,106,25.920968832029182,26.11942022465679,-1.9379688320291812,-2.1364202246567885
2024,9,Canadian Grand Prix,Circuit Gilles Villeneuve,ocon,44,1,24.495,alpine,0,0,0,33.59749999999999,1,193,106,26.39876061501647,26.586111446081073,-1.9037606150164699,-2.0911114460810722
2024,9,Canadian Grand Prix,Circuit Gilles Villeneuve,perez,25,1,33.762,red_bull,0,0,0,33.59749999999999,1,220,106,25.620960142762712,25.690361056543,8.141039857237288,8.071638943457
2024,9,Canadian Grand Prix,Circuit Gilles Villeneuve,perez,43,2,24.423,red_bull,0,0,0,33.59749999999999,1,220,106,25.620960142762712,25.609287904052152,-1.1979601427627138,-1.1862879040521541
2024,9,Canadian Grand Prix,Circuit Gilles Villeneuve,piastri,25,1,23.977,mclaren,0,0,0,33.59749999999999,1,208,106,25.920968832029182,26.179325230202913,-1.9439688320291815,-2.202325230202913
2024,9,Canadian Grand Prix,Circuit Gilles Villeneuve,piastri,44,2,23.476,mclaren,0,0,0,33.59749999999999,1,208,106,25.920968832029182,26.103544114448248,-2.4449688320291827,-2.6275441144482485
2024,9,Canadian Grand Prix,Circuit Gilles Villeneuve,ricciardo,26,1,30.298,rb,0,0,0,33.59749999999999,1,70,106,26.984745511305515,26.841849150262174,3.313254488694483,3.456150849737824
2024,9,Canadian Grand Prix,Circuit Gilles Villeneuve,ricciardo,43,2,23.86,rb,0,0,0,33.59749999999999,1,70,106,26.984745511305515,26.75548396103515,-3.124745511305516,-2.8954839610351506
2024,9,Canadian Grand Prix,Circuit Gilles Villeneuve,russell,25,1,24.044,mercedes,0,0,0,33.59749999999999,1,210,106,26.17536200828699,26.271407674150254,-2.131362008286988,-2.2274076741502533
2024,9,Canadian Grand Prix,Circuit Gilles Villeneuve,russell,45,2,25.431,mercedes,0,0,0,33.59749999999999,1,210,106,26.17536200828699,26.200918595131768,-0.7443620082869877,-0.7699185951317666
2024,9,Canadian Grand Prix,Circuit Gilles Villeneuve,russell,54,3,28.157,mercedes,0,0,0,33.59749999999999,1,210,106,26.17536200828699,26.765242379472696,1.9816379917130114,1.3917576205273043
2024,9,Canadian Grand Prix,Circuit Gilles Villeneuve,sainz,25,1,27.626,ferrari,0,0,0,33.59749999999999,1,198,106,26.016921645651,25.993326811982133,1.609078354349002,1.6326731880178684
2024,9,Canadian Grand Prix,Circuit Gilles Villeneuve,sainz,43,2,24.125,ferrari,0,0,0,33.59749999999999,1,198,106,26.016921645651,25.912253659491288,-1.8919216456509993,-1.787253659491288
2024,9,Canadian Grand Prix,Circuit Gilles Villeneuve,stroll,25,1,24.284,aston_martin,0,0,0,33.59749999999999,1,206,106,26.13873913703353,26.34519781412486,-1.8547391370335298,-2.06119781412486
2024,9,Canadian Grand Prix,Circuit Gilles Villeneuve,stroll,44,2,25.025,aston_martin,0,0,0,33.59749999999999,1,206,106,26.13873913703353,26.269416698370193,-1.1137391370335301,-1.2444166983701948
2024,9,Canadian Grand Prix,Circuit Gilles Villeneuve,tsunoda,44,1,25.569,rb,0,0,0,33.59749999999999,1,70,106,26.984745511305515,26.93710581151342,-1.4157455113055164,-1.36810581151342
2024,9,Canadian Grand Prix,Circuit Gilles Villeneuve,zhou,24,1,25.598,sauber,0,0,0,33.59749999999999,1,74,106,28.961025825627104,28.79693340952332,-3.363025825627105,-3.1989334095233204
2024,9,Canadian Grand Prix,Circuit Gilles Villeneuve,zhou,44,2,65.564,sauber,0,0,0,33.59749999999999,1,74,106,28.961025825627104,28.726444330504837,36.60297417437289,36.83755566949516
2024,9,Canadian Grand Prix,Circuit Gilles Villeneuve,zhou,52,3,28.375,sauber,0,0,0,33.59749999999999,1,74,106,28.961025825627104,29.285476078109582,-0.5860258256271038,-0.910476078109582
2024,10,Spanish Grand Prix,Circuit de Barcelona-Catalunya,albon,18,1,23.248,williams,0,0,0,24.984499999999997,1,209,135,23.314862250161873,22.45288764068508,-0.06686225016187208,0.7951123593149205
2024,10,Spanish Grand Prix,Circuit de Barcelona-Catalunya,albon,43,2,21.892,williams,0,0,0,24.984499999999997,1,209,135,23.314862250161873,22.408858745347498,-1.4228622501618737,-0.5168587453474984
2024,10,Spanish Grand Prix,Circuit de Barcelona-Catalunya,alonso,19,1,21.957,aston_martin,0,0,0,24.984499999999997,1,206,135,22.434481719096276,22.113868194995568,-0.477481719096275,-0.15686819499556748
2024,10,Spanish Grand Prix,Circuit de Barcelona-Catalunya,alonso,45,2,22.571,aston_martin,0,0,0,24.984499999999997,1,206,135,22.434481719096276,22.07513133639416,0.13651828090372575,0.49586866360584025
2024,10,Spanish Grand Prix,Circuit de Barcelona-Catalunya,bottas,11,1,22.744,sauber,0,0,0,24.984499999999997,1,74,135,25.256768407689847,24.52855953324077,-2.5127684076898475,-1.7845595332407704
2024,10,Spanish Grand Prix,Circuit de Barcelona-Catalunya,bottas,28,2,22.963,sauber,0,0,0,24.984499999999997,1,74,135,25.256768407689847,24.442194344013746,-2.2937684076898464,-1.4791943440137452
2024,10,Spanish Grand Prix,Circuit de Barcelona-Catalunya,gasly,14,1,26.097,alpine,0,0,0,24.984499999999997,1,193,135,22.694503197079214,22.22777294528346,3.402496802920787,3.869227054716543
2024,10,Spanish Grand Prix,Circuit de Barcelona-Catalunya,gasly,38,2,21.687,alpine,0,0,0,24.984499999999997,1,193,135,22.694503197079214,22.178452013209693,-1.0075031970792132,-0.4914520132096918
2024,10,Spanish Grand Prix,Circuit de Barcelona-Catalunya,hamilton,16,1,21.84,mercedes,0,0,0,24.984499999999997,1,210,135,22.471104590349732,22.024201944812422,-0.6311045903497323,-0.18420194481242191
2024,10,Spanish Grand Prix,Circuit de Barcelona-Catalunya,hamilton,43,2,21.603,mercedes,0,0,0,24.984499999999997,1,210,135,22.471104590349732,21.9907571229472,-0.8681045903497306,-0.38775712294719966
2024,10,Spanish Grand Prix,Circuit de Barcelona-Catalunya,hulkenberg,12,1,22.722,haas,0,0,0,24.984499999999997,1,212,135,23.5635009411289,23.030507813835598,-0.8415009411288992,-0.3085078138355968
2024,10,Spanish Grand Prix,Circuit de Barcelona-Catalunya,hulkenberg,38,2,22.518,haas,0,0,0,24.984499999999997,1,212,135,23.5635009411289,22.991770955234195,-1.0455009411288998,-0.473770955234194
2024,10,Spanish Grand Prix,Circuit de Barcelona-Catalunya,kevinmagnussen,10,1,23.36,haas,0,0,0,24.984499999999997,1,212,135,23.5635009411289,23.01992374036324,-0.20350094112890105,0.3400762596367599
2024,10,Spanish Grand Prix,Circuit de Barcelona-Catalunya,kevinmagnussen,29,2,28.967,haas,0,0,0,24.984499999999997,1,212,135,23.5635009411289,22.944142624608574,5.403499058871098,6.022857375391425
2024,10,Spanish Grand Prix,Circuit de Barcelona-Catalunya,leclerc,24,1,22.26,ferrari,0,0,0,24.984499999999997,1,198,135,22.312664227713746,21.788457376533746,-0.05266422771374479,0.47154262346625586
2024,10,Spanish Grand Prix,Circuit de Barcelona-Catalunya,leclerc,47,2,21.624,ferrari,0,0,0,24.984499999999997,1,198,135,22.312664227713746,21.7338444077238,-0.6886642277137476,-0.1098444077238021
2024,10,Spanish Grand Prix,Circuit de Barcelona-Catalunya,maxverstappen,17,1,21.544,red_bull,0,0,0,24.984499999999997,1,220,135,21.916702724825456,21.448447363941348,-0.3727027248254551,0.0955526360586525
2024,10,Spanish Grand Prix,Circuit de Barcelona-Catalunya,maxverstappen,44,2,22.34,red_bull,0,0,0,24.984499999999997,1,220,135,21.916702724825456,21.415002542076124,0.4232972751745443,0.924997457923876
2024,10,Spanish Grand Prix,Circuit de Barcelona-Catalunya,norris,23,1,21.618,mclaren,0,0,0,24.984499999999997,1,208,135,22.21671141409193,21.969163758018343,-0.5987114140919303,-0.35116375801834465
2024,10,Spanish Grand Prix,Circuit de Barcelona-Catalunya,norris,47,2,22.631,mclaren,0,0,0,24.984499999999997,1,208,135,22.21671141409193,21.91984282594458,0.4142885859080714,0.711157174055419
2024,10,Spanish Grand Prix,Circuit de Barcelona-Catalunya,ocon,13,1,21.834,alpine,0,0,0,24.984499999999997,1,193,135,22.694503197079214,22.22248090854728,-0.8605031970792147,-0.38848090854727957
2024,10,Spanish Grand Prix,Circuit de Barcelona-Catalunya,ocon,37,2,21.921,alpine,0,0,0,24.984499999999997,1,193,135,22.694503197079214,22.173159976473514,-0.773503197079215,-0.2521599764735143
2024,10,Spanish Grand Prix,Circuit de Barcelona-Catalunya,perez,13,1,22.181,red_bull,0,0,0,24.984499999999997,1,220,135,21.916702724825456,21.427279216996627,0.2642972751745454,0.7537207830033736
2024,10,Spanish Grand Prix,Circuit de Barcelona-Catalunya,perez,31,2,21.464,red_bull,0,0,0,24.984499999999997,1,220,135,21.916702724825456,21.34620606450578,-0.4527027248254569,0.11779393549421968
2024,10,Spanish Grand Prix,Circuit de Barcelona-Catalunya,perez,49,3,21.472,red_bull,0,0,0,24.984499999999997,1,220,135,21.916702724825456,21.958158179472328,-0.44470272482545425,-0.4861581794723264
2024,10,Spanish Grand Prix,Circuit de Barcelona-Catalunya,piastri,21,1,22.224,mclaren,0,0,0,24.984499999999997,1,208,135,22.21671141409193,21.958579684545985,0.007288585908071354,0.26542031545401557
2024,10,Spanish Grand Prix,Circuit de Barcelona-Catalunya,piastri,46,2,22.42,mclaren,0,0,0,24.984499999999997,1,208,135,22.21671141409193,21.9145507892084,0.20328858590807286,0.5054492107916033
2024,10,Spanish Grand Prix,Circuit de Barcelona-Catalunya,ricciardo,16,1,22.364,rb,0,0,0,24.984499999999997,1,70,135,23.280488093368263,22.589351384188166,-0.9164880933682618,-0.22535138418816558
2024,10,Spanish Grand Prix,Circuit de Barcelona-Catalunya,ricciardo,42,2,22.108,rb,0,0,0,24.984499999999997,1,70,135,23.280488093368263,22.550614525586763,-1.172488093368262,-0.4426145255867624
2024,10,Spanish Grand Prix,Circuit de Barcelona-Catalunya,russell,15,1,25.023,mercedes,0,0,0,24.984499999999997,1,210,135,22.471104590349732,22.018909908076242,2.5518954096502675,3.004090091923757
2024,10,Spanish Grand Prix,Circuit de Barcelona-Catalunya,russell,36,2,22.7,mercedes,0,0,0,24.984499999999997,1,210,135,22.471104590349732,21.95371286579394,0.2288954096502671,0.7462871342060602
2024,10,Spanish Grand Prix,Circuit de Barcelona-Catalunya,sainz,15,1,22.194,ferrari,0,0,0,24.984499999999997,1,198,135,22.312664227713746,21.74082904590812,-0.1186642277137473,0.4531709540918776
2024,10,Spanish Grand Prix,Circuit de Barcelona-Catalunya,sainz,36,2,22.249,ferrari,0,0,0,24.984499999999997,1,198,135,22.312664227713746,21.675632003625818,-0.06366422771374758,0.5733679963741807
2024,10,Spanish Grand Prix,Circuit de Barcelona-Catalunya,sargeant,14,1,22.401,williams,0,0,0,24.984499999999997,1,209,135,23.314862250161873,22.43171949374036,-0.9138622501618734,-0.030719493740360093
2024,10,Spanish Grand Prix,Circuit de Barcelona-Catalunya,sargeant,34,2,22.506,williams,0,0,0,24.984499999999997,1,209,135,23.314862250161873,22.361230414721874,-0.808862250161873,0.14476958527812656
2024,10,Spanish Grand Prix,Circuit de Barcelona-Catalunya,stroll,17,1,21.88,aston_martin,0,0,0,24.984499999999997,1,206,135,22.434481719096276,22.10328412152321,-0.5544817190962767,-0.22328412152321064
2024,10,Spanish Grand Prix,Circuit de Barcelona-Catalunya,stroll,37,2,23.381,aston_martin,0,0,0,24.984499999999997,1,206,135,22.434481719096276,22.03279504250472,0.9465182809037245,1.3482049574952804
2024,10,Spanish Grand Prix,Circuit de Barcelona-Catalunya,tsunoda,9,1,22.064,rb,0,0,0,24.984499999999997,1,70,135,23.280488093368263,22.552307127034904,-1.2164880933682625,-0.4883071270349042
2024,10,Spanish Grand Prix,Circuit de Barcelona-Catalunya,tsunoda,27,2,22.084,rb,0,0,0,24.984499999999997,1,70,135,23.280488093368263,22.471233974544056,-1.196488093368263,-0.3872339745440563
2024,10,Spanish Grand Prix,Circuit de Barcelona-Catalunya,tsunoda,44,3,22.564,rb,0,0,0,24.984499999999997,1,70,135,23.280488093368263,23.077894052774425,-0.7164880933682625,-0.5138940527744253
2024,10,Spanish Grand Prix,Circuit de Barcelona-Catalunya,zhou,9,1,22.523,sauber,0,0,0,24.984499999999997,1,74,135,25.256768407689847,24.517975459768408,-2.7337684076898476,-1.9949754597684084
2024,10,Spanish Grand Prix,Circuit de Barcelona-Catalunya,zhou,41,2,24.253,sauber,0,0,0,24.984499999999997,1,74,135,25.256768407689847,24.510990821584087,-1.0037684076898472,-0.25799082158408737
2024,11,Austrian Grand Prix,Red Bull Ring,albon,12,1,21.878,williams,0,0,0,27.136999999999993,1,209,145,22.805615737080544,21.939057791961048,-0.9276157370805436,-0.06105779196104777
2024,11,Austrian Grand Prix,Red Bull Ring,albon,39,2,21.692,williams,0,0,0,27.136999999999993,1,209,145,22.805615737080544,21.905612970095827,-1.1136157370805435,-0.21361297009582714
2024,11,Austrian Grand Prix,Red Bull Ring,alonso,11,1,21.483,aston_martin,0,0,0,27.136999999999993,1,206,145,21.925235206014943,21.589454272799177,-0.44223520601494215,-0.10645427279917641
2024,11,Austrian Grand Prix,Red Bull Ring,alonso,35,2,33.947,aston_martin,0,0,0,27.136999999999993,1,206,145,21.925235206014943,21.540133340725415,12.02176479398506,12.406866659274588
2024,11,Austrian Grand Prix,Red Bull Ring,alonso,68,3,22.487,aston_martin,0,0,0,27.136999999999993,1,206,145,21.925235206014943,22.231466006734667,0.5617647939850556,0.2555339932653311
2024,11,Austrian Grand Prix,Red Bull Ring,bottas,19,1,21.918,sauber,0,0,0,27.136999999999993,1,74,145,24.747521894608518,24.08881819882326,-2.8295218946085186,-2.1708181988232624
2024,11,Austrian Grand Prix,Red Bull Ring,bottas,42,2,21.991,sauber,0,0,0,27.136999999999993,1,74,145,24.747521894608518,24.034205230013317,-2.756521894608518,-2.043205230013317
2024,11,Austrian Grand Prix,Red Bull Ring,gasly,20,1,21.431,alpine,0,0,0,27.136999999999993,1,193,145,22.18525668399788,21.77744753739359,-0.7542566839978804,-0.34644753739359047
2024,11,Austrian Grand Prix,Red Bull Ring,gasly,42,2,22.043,alpine,0,0,0,27.136999999999993,1,193,145,22.18525668399788,21.717542531847464,-0.14225668399788205,0.3254574681525355
2024,11,Austrian Grand Prix,Red Bull Ring,hamilton,21,1,21.563,mercedes,0,0,0,27.136999999999993,1,210,145,21.961858077268403,21.568584500186375,-0.39885807726840383,-0.005584500186376573
2024,11,Austrian Grand Prix,Red Bull Ring,hamilton,53,2,27.281,mercedes,0,0,0,27.136999999999993,1,210,145,21.961858077268403,21.561599862002055,5.319141922731596,5.719400137997944
2024,11,Austrian Grand Prix,Red Bull Ring,hulkenberg,11,1,22.355,haas,0,0,0,27.136999999999993,1,212,145,23.054254428047567,22.543138148792472,-0.699254428047567,-0.18813814879247204
2024,11,Austrian Grand Prix,Red Bull Ring,hulkenberg,39,2,21.814,haas,0,0,0,27.136999999999993,1,212,145,23.054254428047567,22.51498536366343,-1.2402544280475674,-0.7009853636634311
2024,11,Austrian Grand Prix,Red Bull Ring,kevinmagnussen,10,1,21.518,haas,0,0,0,27.136999999999993,1,212,145,23.054254428047567,22.537846112056293,-1.5362544280475667,-1.0198461120562925
2024,11,Austrian Grand Prix,Red Bull Ring,kevinmagnussen,38,2,21.832,haas,0,0,0,27.136999999999993,1,212,145,23.054254428047567,22.509693326927252,-1.2222544280475667,-0.6776933269272511
2024,11,Austrian Grand Prix,Red Bull Ring,leclerc,16,2,21.685,ferrari,0,0,0,27.136999999999993,1,198,145,21.803417714632413,21.087713640595265,-0.11841771463241457,0.597286359404734
2024,11,Austrian Grand Prix,Red Bull Ring,leclerc,33,3,22.243,ferrari,0,0,0,27.136999999999993,1,198,145,21.803417714632413,21.69437371882563,0.43958228536758526,0.5486262811743678
2024,11,Austrian Grand Prix,Red Bull Ring,leclerc,51,4,20.903,ferrari,0,0,0,27.136999999999993,1,198,145,21.803417714632413,25.03538816420199,-0.9004177146324146,-4.132388164201991
2024,11,Austrian Grand Prix,Red Bull Ring,maxverstappen,23,1,21.899,red_bull,0,0,0,27.136999999999993,1,220,145,21.407456211744126,20.99812195605148,0.49154378825587486,0.90087804394852
2024,11,Austrian Grand Prix,Red Bull Ring,maxverstappen,51,2,25.841,red_bull,0,0,0,27.136999999999993,1,220,145,21.407456211744126,20.969969170922436,4.433543788255875,4.871030829077565
2024,11,Austrian Grand Prix,Red Bull Ring,maxverstappen,64,3,22.729,red_bull,0,0,0,27.136999999999993,1,220,145,21.407456211744126,21.555461102208085,1.3215437882558732,1.1735388977919143
2024,11,Austrian Grand Prix,Red Bull Ring,norris,23,1,21.617,mclaren,0,0,0,27.136999999999993,1,208,145,21.707464901010596,21.487086129711393,-0.0904649010105949,0.12991387028860757
2024,11,Austrian Grand Prix,Red Bull Ring,norris,51,2,21.411,mclaren,0,0,0,27.136999999999993,1,208,145,21.707464901010596,21.458933344582352,-0.2964649010105944,-0.04793334458235066
2024,11,Austrian Grand Prix,Red Bull Ring,ocon,19,1,22.291,alpine,0,0,0,27.136999999999993,1,193,145,22.18525668399788,21.77215550065741,0.10574331600211906,0.5188444993425918
2024,11,Austrian Grand Prix,Red Bull Ring,ocon,43,2,21.231,alpine,0,0,0,27.136999999999993,1,193,145,22.18525668399788,21.722834568583647,-0.9542566839978797,-0.49183456858364494
2024,11,Austrian Grand Prix,Red Bull Ring,perez,21,1,21.291,red_bull,0,0,0,27.136999999999993,1,220,145,21.407456211744126,20.987537882579122,-0.11645621174412568,0.30346211742087803
2024,11,Austrian Grand Prix,Red Bull Ring,perez,51,2,27.5,red_bull,0,0,0,27.136999999999993,1,220,145,21.407456211744126,20.969969170922436,6.092543788255874,6.530030829077564
2024,11,Austrian Grand Prix,Red Bull Ring,piastri,25,1,20.978,mclaren,0,0,0,27.136999999999993,1,208,145,21.707464901010596,21.497670203183755,-0.7294649010105942,-0.5196702031837539
2024,11,Austrian Grand Prix,Red Bull Ring,piastri,51,2,20.775,mclaren,0,0,0,27.136999999999993,1,208,145,21.707464901010596,21.458933344582352,-0.9324649010105972,-0.6839333445823534
2024,11,Austrian Grand Prix,Red Bull Ring,ricciardo,10,1,21.502,rb,0,0,0,27.136999999999993,1,70,145,22.77124158028693,22.075521535464134,-1.2692415802869306,-0.5735215354641348
2024,11,Austrian Grand Prix,Red Bull Ring,ricciardo,37,2,21.093,rb,0,0,0,27.136999999999993,1,70,145,22.77124158028693,22.04207671359891,-1.6782415802869295,-0.9490767135989095
2024,11,Austrian Grand Prix,Red Bull Ring,russell,22,1,21.673,mercedes,0,0,0,27.136999999999993,1,210,145,21.961858077268403,21.573876536922555,-0.2888580772684044,0.09912346307744357
2024,11,Austrian Grand Prix,Red Bull Ring,russell,46,2,21.229,mercedes,0,0,0,27.136999999999993,1,210,145,21.961858077268403,21.524555604848793,-0.7328580772684035,-0.2955556048487935
2024,11,Austrian Grand Prix,Red Bull Ring,sainz,22,1,21.226,ferrari,0,0,0,27.136999999999993,1,198,145,21.803417714632413,21.295795674754434,-0.5774177146324142,-0.0697956747544346
2024,11,Austrian Grand Prix,Red Bull Ring,sainz,47,2,21.283,ferrari,0,0,0,27.136999999999993,1,198,145,21.803417714632413,21.25176677941685,-0.520417714632412,0.031233220583150256
2024,11,Austrian Grand Prix,Red Bull Ring,sargeant,20,2,22.502,williams,0,0,0,27.136999999999993,1,209,145,22.805615737080544,21.805064272108403,-0.3036157370805448,0.6969357278915957
2024,11,Austrian Grand Prix,Red Bull Ring,sargeant,49,3,22.093,williams,0,0,0,27.136999999999993,1,209,145,22.805615737080544,22.47522879117293,-0.7126157370805437,-0.3822287911729312
2024,11,Austrian Grand Prix,Red Bull Ring,stroll,20,1,21.399,aston_martin,0,0,0,27.136999999999993,1,206,145,21.925235206014943,21.6370826034248,-0.5262352060149418,-0.23808260342480025
2024,11,Austrian Grand Prix,Red Bull Ring,stroll,43,2,21.302,aston_martin,0,0,0,27.136999999999993,1,206,145,21.925235206014943,21.582469634614856,-0.6232352060149431,-0.28046963461485674
2024,11,Austrian Grand Prix,Red Bull Ring,tsunoda,21,1,21.25,rb,0,0,0,27.136999999999993,1,70,145,22.77124158028693,22.133733939562116,-1.5212415802869295,-0.8837339395621164
2024,11,Austrian Grand Prix,Red Bull Ring,tsunoda,44,2,23.444,rb,0,0,0,27.136999999999993,1,70,145,22.77124158028693,22.07912097075217,0.6727584197130696,1.3648790292478274
2024,11,Austrian Grand Prix,Red Bull Ring,zhou,28,1,23.198,sauber,0,0,0,27.136999999999993,1,74,145,24.747521894608518,24.136446529448886,-1.5495218946085174,-0.9384465294488855
2024,11,Austrian Grand Prix,Red Bull Ring,zhou,51,2,21.594,sauber,0,0,0,27.136999999999993,1,74,145,24.747521894608518,24.08183356063894,-3.1535218946085166,-2.48783356063894
2024,12,British Grand Prix,Silverstone Circuit,albon,27,1,34.742,williams,0,0,0,32.7278,1,209,68,30.195349280816774,29.605665381515863,4.546650719183223,5.136334618484135
2024,12,British Grand Prix,Silverstone Circuit,albon,38,2,29.41,williams,0,0,0,32.7278,1,209,68,30.195349280816774,29.48754797187176,-0.7853492808167744,-0.0775479718717591
2024,12,British Grand Prix,Silverstone Circuit,alonso,27,1,29.341,aston_martin,0,0,0,32.7278,1,206,68,29.314968749751174,29.26135389909017,0.026031250248827575,0.07964610090983015
2024,12,British Grand Prix,Silverstone Circuit,alonso,38,2,29.686,aston_martin,0,0,0,32.7278,1,206,68,29.314968749751174,29.143236489446068,0.37103125024882644,0.5427635105539323
2024,12,British Grand Prix,Silverstone Circuit,bottas,26,1,30.628,sauber,0,0,0,32.7278,1,74,68,32.137255438344745,31.713089494488635,-1.509255438344745,-1.085089494488635
2024,12,British Grand Prix,Silverstone Circuit,bottas,37,2,31.527,sauber,0,0,0,32.7278,1,74,68,32.137255438344745,31.594972084844528,-0.610255438344744,-0.0679720848445271
2024,12,British Grand Prix,Silverstone Circuit,hamilton,27,1,28.929,mercedes,0,0,0,32.7278,1,210,68,29.351591621004633,29.18756375911557,-0.422591621004635,-0.25856375911557095
2024,12,British Grand Prix,Silverstone Circuit,hamilton,38,2,30.038,mercedes,0,0,0,32.7278,1,210,68,29.351591621004633,29.069446349471463,0.6864083789953668,0.9685536505285377
2024,12,British Grand Prix,Silverstone Circuit,hulkenberg,26,1,29.412,haas,0,0,0,32.7278,1,212,68,30.4439879717838,30.209745738347287,-1.0319879717837992,-0.7977457383472881
2024,12,British Grand Prix,Silverstone Circuit,hulkenberg,39,2,30.265,haas,0,0,0,32.7278,1,212,68,30.4439879717838,30.102212402175542,-0.17898797178379766,0.16278759782445817
2024,12,British Grand Prix,Silverstone Circuit,kevinmagnussen,27,1,30.308,haas,0,0,0,32.7278,1,212,68,30.4439879717838,30.215037775083466,-0.1359879717837984,0.09296222491653339
2024,12,British Grand Prix,Silverstone Circuit,kevinmagnussen,37,2,29.884,haas,0,0,0,32.7278,1,212,68,30.4439879717838,30.091628328703184,-0.5599879717837979,-0.20762832870318348
2024,12,British Grand Prix,Silverstone Circuit,leclerc,19,1,28.481,ferrari,0,0,0,32.7278,1,198,68,29.193151258368644,28.867146603058004,-0.7121512583686425,-0.38614660305800186
2024,12,British Grand Prix,Silverstone Circuit,leclerc,27,2,29.233,ferrari,0,0,0,32.7278,1,198,68,29.193151258368644,28.733153083205355,0.03984874163135643,0.4998469167946453
2024,12,British Grand Prix,Silverstone Circuit,leclerc,37,3,29.166,ferrari,0,0,0,32.7278,1,198,68,29.193151258368644,29.302768904282466,-0.027151258368643738,-0.1367689042824658
2024,12,British Grand Prix,Silverstone Circuit,maxverstappen,26,1,28.365,red_bull,0,0,0,32.7278,1,220,68,28.797189755480357,28.601225104772134,-0.43218975548035843,-0.2362251047721351
2024,12,British Grand Prix,Silverstone Circuit,maxverstappen,38,2,29.076,red_bull,0,0,0,32.7278,1,220,68,28.797189755480357,28.488399731864206,0.27881024451964365,0.5876002681357946
2024,12,British Grand Prix,Silverstone Circuit,norris,27,1,28.661,mclaren,0,0,0,32.7278,1,208,68,29.097198444746823,29.09548131516823,-0.4361984447468217,-0.4344813151682274
2024,12,British Grand Prix,Silverstone Circuit,norris,39,2,30.387,mclaren,0,0,0,32.7278,1,208,68,29.097198444746823,28.982655942260305,1.2898015552531774,1.4043440577396957
2024,12,British Grand Prix,Silverstone Circuit,ocon,19,1,28.495,alpine,0,0,0,32.7278,1,193,68,29.574990227734112,29.359382539169523,-1.0799902277341111,-0.8643825391695223
2024,12,British Grand Prix,Silverstone Circuit,ocon,21,2,28.276,alpine,0,0,0,32.7278,1,193,68,29.574990227734112,29.193636798899796,-1.2989902277341123,-0.917636798899796
2024,12,British Grand Prix,Silverstone Circuit,ocon,26,3,29.289,alpine,0,0,0,32.7278,1,193,68,29.574990227734112,29.736792436296,-0.28599022773411065,-0.4477924362959982
2024,12,British Grand Prix,Silverstone Circuit,ocon,38,4,29.086,alpine,0,0,0,32.7278,1,193,68,29.574990227734112,33.046054661255276,-0.4889902277341136,-3.9600546612552776
2024,12,British Grand Prix,Silverstone Circuit,perez,19,1,28.391,red_bull,0,0,0,32.7278,1,220,68,28.797189755480357,28.56418084761887,-0.4061897554803586,-0.1731808476188732
2024,12,British Grand Prix,Silverstone Circuit,perez,28,2,32.313,red_bull,0,0,0,32.7278,1,220,68,28.797189755480357,28.435479364502406,3.5158102445196455,3.8775206354975964
2024,12,British Grand Prix,Silverstone Circuit,perez,37,3,29.3,red_bull,0,0,0,32.7278,1,220,68,28.797189755480357,28.999803148843334,0.5028102445196438,0.3001968511566666
2024,12,British Grand Prix,Silverstone Circuit,perez,47,4,28.871,red_bull,0,0,0,32.7278,1,220,68,28.797189755480357,32.298481300330245,0.0738102445196418,-3.4274813003302462
2024,12,British Grand Prix,Silverstone Circuit,piastri,28,1,29.541,mclaren,0,0,0,32.7278,1,208,68,29.097198444746823,29.100773351904408,0.4438015552531773,0.4402266480955923
2024,12,British Grand Prix,Silverstone Circuit,piastri,38,2,29.2,mclaren,0,0,0,32.7278,1,208,68,29.097198444746823,28.97736390552412,0.10280155525317625,0.22263609447588095
2024,12,British Grand Prix,Silverstone Circuit,ricciardo,26,1,28.875,rb,0,0,0,32.7278,1,70,68,30.16097512402316,29.747421161755128,-1.2859751240231603,-0.8724211617551276
2024,12,British Grand Prix,Silverstone Circuit,ricciardo,37,2,29.873,rb,0,0,0,32.7278,1,70,68,30.16097512402316,29.629303752111024,-0.28797512402315917,0.2436962478889768
2024,12,British Grand Prix,Silverstone Circuit,russell,27,1,32.045,mercedes,0,0,0,32.7278,1,210,68,29.351591621004633,29.18756375911557,2.6934083789953682,2.8574362408844323
2024,12,British Grand Prix,Silverstone Circuit,sainz,26,1,29.199,ferrari,0,0,0,32.7278,1,198,68,29.193151258368644,28.904190860211266,0.0058487416313575125,0.294809139788736
2024,12,British Grand Prix,Silverstone Circuit,sainz,39,2,29.097,ferrari,0,0,0,32.7278,1,198,68,29.193151258368644,28.79665752403952,-0.0961512583686428,0.30034247596048047
2024,12,British Grand Prix,Silverstone Circuit,sainz,50,3,28.706,ferrari,0,0,0,32.7278,1,198,68,29.193151258368644,29.37156538185281,-0.4871512583686446,-0.6655653818528116
2024,12,British Grand Prix,Silverstone Circuit,sargeant,27,1,32.801,williams,0,0,0,32.7278,1,209,68,30.195349280816774,29.605665381515863,2.6056507191832274,3.1953346184841394
2024,12,British Grand Prix,Silverstone Circuit,sargeant,38,2,29.444,williams,0,0,0,32.7278,1,209,68,30.195349280816774,29.48754797187176,-0.7513492808167754,-0.04354797187176018
2024,12,British Grand Prix,Silverstone Circuit,stroll,26,1,29.023,aston_martin,0,0,0,32.7278,1,206,68,29.314968749751174,29.25606186235399,-0.2919687497511738,-0.23306186235399196
2024,12,British Grand Prix,Silverstone Circuit,stroll,39,2,29.469,aston_martin,0,0,0,32.7278,1,206,68,29.314968749751174,29.148528526182247,0.1540312502488277,0.3204714738177543
2024,12,British Grand Prix,Silverstone Circuit,tsunoda,38,2,29.658,rb,0,0,0,32.7278,1,70,68,30.16097512402316,29.634595788847204,-0.502975124023159,0.02340421115279767
2024,12,British Grand Prix,Silverstone Circuit,zhou,12,1,29.178,sauber,0,0,0,32.7278,1,74,68,32.137255438344745,31.63900098018211,-2.9592554383447442,-2.46100098018211
2024,12,British Grand Prix,Silverstone Circuit,zhou,19,2,29.838,sauber,0,0,0,32.7278,1,74,68,32.137255438344745,31.499715423593283,-2.299255438344744,-1.6617154235932823
2024,12,British Grand Prix,Silverstone Circuit,zhou,26,3,29.125,sauber,0,0,0,32.7278,1,74,68,32.137255438344745,32.05345513446185,-3.012255438344745,-2.9284551344618492
2024,12,British Grand Prix,Silverstone Circuit,zhou,37,4,33.083,sauber,0,0,0,32.7278,1,74,68,32.137255438344745,35.357425322684946,0.9457445616552533,-2.274425322684948
2024,13,Hungarian Grand Prix,Hungaroring,albon,6,1,22.091,williams,0,0,0,22.57675,1,209,118,23.03623460319688,22.52401911528331,-0.9452346031968801,-0.43301911528330805
2024,13,Hungarian Grand Prix,Hungaroring,albon,29,2,23.41,williams,0,0,0,22.57675,1,209,118,23.03623460319688,22.469406146473364,0.37376539680311893,0.9405938535266358
2024,13,Hungarian Grand Prix,Hungaroring,alonso,7,1,22.542,aston_martin,0,0,0,22.57675,1,206,118,22.15585407213128,22.184999669593797,0.3861459278687214,0.3570003304062048
2024,13,Hungarian Grand Prix,Hungaroring,alonso,37,2,21.8,aston_martin,0,0,0,22.57675,1,206,118,22.15585407213128,22.167430957937114,-0.3558540721312795,-0.36743095793711333
2024,13,Hungarian Grand Prix,Hungaroring,bottas,16,1,22.146,sauber,0,0,0,22.57675,1,74,118,24.978140760724855,24.68965563235406,-2.8321407607248545,-2.54365563235406
2024,13,Hungarian Grand Prix,Hungaroring,bottas,45,2,21.981,sauber,0,0,0,22.57675,1,74,118,24.978140760724855,24.6667948839612,-2.9971407607248537,-2.685794883961197
2024,13,Hungarian Grand Prix,Hungaroring,gasly,28,1,21.405,alpine,0,0,0,22.57675,1,193,118,22.415875550114222,22.436497375022377,-1.0108755501142213,-1.0314973750223757
2024,13,Hungarian Grand Prix,Hungaroring,hamilton,16,1,21.306,mercedes,0,0,0,22.57675,1,210,118,22.19247694338474,22.158837860244816,-0.8864769433847393,-0.852837860244815
2024,13,Hungarian Grand Prix,Hungaroring,hamilton,40,2,21.91,mercedes,0,0,0,22.57675,1,210,118,22.19247694338474,22.10951692817105,-0.28247694338474005,-0.19951692817105027
2024,13,Hungarian Grand Prix,Hungaroring,hulkenberg,2,1,22.287,haas,0,0,0,22.57675,1,212,118,23.284873294163905,23.112223361906192,-0.9978732941639059,-0.8252233619061933
2024,13,Hungarian Grand Prix,Hungaroring,hulkenberg,29,2,22.472,haas,0,0,0,22.57675,1,212,118,23.284873294163905,23.078778540040968,-0.8128732941639036,-0.6067785400409669
2024,13,Hungarian Grand Prix,Hungaroring,kevinmagnussen,6,1,21.871,haas,0,0,0,22.57675,1,212,118,23.284873294163905,23.133391508850913,-1.4138732941639063,-1.2623915088509143
2024,13,Hungarian Grand Prix,Hungaroring,kevinmagnussen,34,2,22.531,haas,0,0,0,22.57675,1,212,118,23.284873294163905,23.105238723721868,-0.7538732941639061,-0.5742387237218693
2024,13,Hungarian Grand Prix,Hungaroring,leclerc,23,1,21.894,ferrari,0,0,0,22.57675,1,198,118,22.03403658074875,21.917801255229953,-0.14003658074875247,-0.02380125522995513
2024,13,Hungarian Grand Prix,Hungaroring,leclerc,40,2,21.723,ferrari,0,0,0,22.57675,1,198,118,22.03403658074875,21.83143606600293,-0.31103658074875185,-0.10843606600293043
2024,13,Hungarian Grand Prix,Hungaroring,maxverstappen,21,1,22.101,red_bull,0,0,0,22.57675,1,220,118,21.638075077860464,21.604251426318463,0.4629249221395355,0.49674857368153624
2024,13,Hungarian Grand Prix,Hungaroring,maxverstappen,49,2,21.344,red_bull,0,0,0,22.57675,1,220,118,21.638075077860464,21.576098641189414,-0.2940750778604624,-0.23209864118941326
2024,13,Hungarian Grand Prix,Hungaroring,norris,17,1,21.861,mclaren,0,0,0,22.57675,1,208,118,21.938083767126933,22.072047453033658,-0.07708376712693266,-0.21104745303365746
2024,13,Hungarian Grand Prix,Hungaroring,norris,45,2,21.249,mclaren,0,0,0,22.57675,1,208,118,21.938083767126933,22.043894667904613,-0.6890837671269345,-0.7948946679046145
2024,13,Hungarian Grand Prix,Hungaroring,ocon,6,1,21.829,alpine,0,0,0,22.57675,1,193,118,22.415875550114222,22.32007256682641,-0.5868755501142218,-0.49107256682641065
2024,13,Hungarian Grand Prix,Hungaroring,ocon,30,2,21.444,alpine,0,0,0,22.57675,1,193,118,22.415875550114222,22.270751634752646,-0.9718755501142233,-0.8267516347526467
2024,13,Hungarian Grand Prix,Hungaroring,ocon,64,3,21.33,alpine,0,0,0,22.57675,1,193,118,22.415875550114222,22.967376337498077,-1.085875550114224,-1.637376337498079
2024,13,Hungarian Grand Prix,Hungaroring,perez,28,1,21.395,red_bull,0,0,0,22.57675,1,220,118,21.638075077860464,21.641295683471725,-0.243075077860464,-0.24629568347172537
2024,13,Hungarian Grand Prix,Hungaroring,perez,47,2,21.056,red_bull,0,0,0,22.57675,1,220,118,21.638075077860464,21.565514567717056,-0.5820750778604626,-0.509514567717055
2024,13,Hungarian Grand Prix,Hungaroring,piastri,18,1,21.641,mclaren,0,0,0,22.57675,1,208,118,21.938083767126933,22.077339489769837,-0.29708376712693507,-0.43633948976983916
2024,13,Hungarian Grand Prix,Hungaroring,piastri,47,2,21.823,mclaren,0,0,0,22.57675,1,208,118,21.938083767126933,22.054478741376975,-0.11508376712693291,-0.231478741376975
2024,13,Hungarian Grand Prix,Hungaroring,ricciardo,7,1,21.084,rb,0,0,0,22.57675,1,70,118,23.001860446403267,22.676358968994933,-1.9178604464032674,-1.5923589689949331
2024,13,Hungarian Grand Prix,Hungaroring,ricciardo,28,2,21.378,rb,0,0,0,22.57675,1,70,118,23.001860446403267,22.61116192671263,-1.6238604464032669,-1.2331619267126293
2024,13,Hungarian Grand Prix,Hungaroring,russell,33,1,21.369,mercedes,0,0,0,22.57675,1,210,118,22.19247694338474,22.248802484759878,-0.8234769433847404,-0.8798024847598782
2024,13,Hungarian Grand Prix,Hungaroring,russell,53,2,21.328,mercedes,0,0,0,22.57675,1,210,118,22.19247694338474,22.17831340574139,-0.8644769433847408,-0.8503134057413924
2024,13,Hungarian Grand Prix,Hungaroring,sainz,21,1,21.655,ferrari,0,0,0,22.57675,1,198,118,22.03403658074875,21.907217181757595,-0.3790365807487497,-0.2522171817575938
2024,13,Hungarian Grand Prix,Hungaroring,sainz,47,2,21.439,ferrari,0,0,0,22.57675,1,198,118,22.03403658074875,21.86848032315619,-0.5950365807487508,-0.42948032315619145
2024,13,Hungarian Grand Prix,Hungaroring,sargeant,8,1,21.757,williams,0,0,0,22.57675,1,209,118,23.03623460319688,22.534603188755668,-1.2792346031968798,-0.7776031887556663
2024,13,Hungarian Grand Prix,Hungaroring,sargeant,33,2,21.398,williams,0,0,0,22.57675,1,209,118,23.03623460319688,22.490574293418085,-1.6382346031968815,-1.0925742934180853
2024,13,Hungarian Grand Prix,Hungaroring,sargeant,63,3,21.908,williams,0,0,0,22.57675,1,209,118,23.03623460319688,23.1660308492188,-1.12823460319688,-1.2580308492187982
2024,13,Hungarian Grand Prix,Hungaroring,stroll,14,1,23.237,aston_martin,0,0,0,22.57675,1,206,118,22.15585407213128,22.22204392674706,1.081145927868718,1.0149560732529395
2024,13,Hungarian Grand Prix,Hungaroring,stroll,45,2,22.276,aston_martin,0,0,0,22.57675,1,206,118,22.15585407213128,22.209767251826555,0.12014592786871958,0.06623274817344438
2024,13,Hungarian Grand Prix,Hungaroring,tsunoda,29,1,21.467,rb,0,0,0,22.57675,1,70,118,23.001860446403267,22.7927837771909,-1.5348604464032682,-1.3257837771908996
2024,13,Hungarian Grand Prix,Hungaroring,zhou,7,1,21.993,sauber,0,0,0,22.57675,1,74,118,24.978140760724855,24.64202730172844,-2.985140760724857,-2.6490273017284416
2024,13,Hungarian Grand Prix,Hungaroring,zhou,36,2,22.183,sauber,0,0,0,22.57675,1,74,118,24.978140760724855,24.619166553335578,-2.7951407607248555,-2.4361665533355783
2024,14,Belgian Grand Prix,Circuit de Spa-Francorchamps,albon,8,1,23.606,williams,0,0,0,23.644550000000002,1,209,109,24.19822290377727,23.698642326308995,-0.5922229037772695,-0.09264232630899372
2024,14,Belgian Grand Prix,Circuit de Spa-Francorchamps,albon,23,2,23.146,williams,0,0,0,23.644550000000002,1,209,109,24.19822290377727,23.60169306360961,-1.0522229037772703,-0.4556930636096084
2024,14,Belgian Grand Prix,Circuit de Spa-Francorchamps,alonso,13,1,23.075,aston_martin,0,0,0,23.644550000000002,1,206,109,23.317842372711674,23.380791027564207,-0.24284237271167441,-0.30579102756420795
2024,14,Belgian Grand Prix,Circuit de Spa-Francorchamps,bottas,11,1,23.147,sauber,0,0,0,23.644550000000002,1,74,109,26.140129061305245,25.82723458622649,-2.993129061305247,-2.68023458622649
2024,14,Belgian Grand Prix,Circuit de Spa-Francorchamps,bottas,35,2,22.949,sauber,0,0,0,23.644550000000002,1,74,109,26.140129061305245,25.77791365415272,-3.1911290613052437,-2.828913654152718
2024,14,Belgian Grand Prix,Circuit de Spa-Francorchamps,gasly,9,1,22.9,alpine,0,0,0,23.644550000000002,1,193,109,23.577863850694612,23.499987814588273,-0.6778638506946137,-0.5999878145882747
2024,14,Belgian Grand Prix,Circuit de Spa-Francorchamps,gasly,28,2,22.844,alpine,0,0,0,23.644550000000002,1,193,109,23.577863850694612,23.424206698833608,-0.7338638506946111,-0.5802066988336065
2024,14,Belgian Grand Prix,Circuit de Spa-Francorchamps,hamilton,11,1,23.188,mercedes,0,0,0,23.644550000000002,1,210,109,23.35446524396513,23.29641681411724,-0.1664652439651313,-0.10841681411724124
2024,14,Belgian Grand Prix,Circuit de Spa-Francorchamps,hamilton,26,2,22.704,mercedes,0,0,0,23.644550000000002,1,210,109,23.35446524396513,23.199467551417854,-0.6504652439651295,-0.49546755141785326
2024,14,Belgian Grand Prix,Circuit de Spa-Francorchamps,hulkenberg,7,1,23.562,haas,0,0,0,23.644550000000002,1,212,109,24.4468615947443,24.302722683140416,-0.8848615947442973,-0.7407226831404152
2024,14,Belgian Grand Prix,Circuit de Spa-Francorchamps,hulkenberg,20,2,23.268,haas,0,0,0,23.644550000000002,1,212,109,24.4468615947443,24.195189346968668,-1.1788615947442977,-0.9271893469686674
2024,14,Belgian Grand Prix,Circuit de Spa-Francorchamps,kevinmagnussen,17,1,23.619,haas,0,0,0,23.644550000000002,1,212,109,24.4468615947443,24.355643050502223,-0.8278615947442987,-0.7366430505022237
2024,14,Belgian Grand Prix,Circuit de Spa-Francorchamps,leclerc,12,1,22.942,ferrari,0,0,0,23.644550000000002,1,198,109,23.196024881329144,23.0236279886853,-0.25402488132914414,-0.08162798868529819
2024,14,Belgian Grand Prix,Circuit de Spa-Francorchamps,leclerc,25,2,23.33,ferrari,0,0,0,23.644550000000002,1,198,109,23.196024881329144,22.91609465251355,0.133975118670854,0.41390534748644825
2024,14,Belgian Grand Prix,Circuit de Spa-Francorchamps,maxverstappen,10,1,23.214,red_bull,0,0,0,23.644550000000002,1,220,109,22.800063378440854,22.710078159773804,0.4139366215591451,0.5039218402261945
2024,14,Belgian Grand Prix,Circuit de Spa-Francorchamps,maxverstappen,28,2,22.943,red_bull,0,0,0,23.644550000000002,1,220,109,22.800063378440854,22.62900500728296,0.14293662155914788,0.313994992717042
2024,14,Belgian Grand Prix,Circuit de Spa-Francorchamps,norris,15,1,22.682,mclaren,0,0,0,23.644550000000002,1,208,109,23.100072067707323,23.22550251711462,-0.41807206770732463,-0.5435025171146215
2024,14,Belgian Grand Prix,Circuit de Spa-Francorchamps,norris,29,2,22.61,mclaren,0,0,0,23.644550000000002,1,208,109,23.100072067707323,23.12326121767905,-0.4900720677073238,-0.5132612176790516
2024,14,Belgian Grand Prix,Circuit de Spa-Francorchamps,ocon,12,1,23.366,alpine,0,0,0,23.644550000000002,1,193,109,23.577863850694612,23.515863924796815,-0.21186385069461267,-0.14986392479681498
2024,14,Belgian Grand Prix,Circuit de Spa-Francorchamps,ocon,30,2,23.546,alpine,0,0,0,23.644550000000002,1,193,109,23.577863850694612,23.434790772305966,-0.03186385069461295,0.11120922769403307
2024,14,Belgian Grand Prix,Circuit de Spa-Francorchamps,perez,11,1,22.692,red_bull,0,0,0,23.644550000000002,1,220,109,22.800063378440854,22.715370196509983,-0.10806337844085334,-0.023370196509983288
2024,14,Belgian Grand Prix,Circuit de Spa-Francorchamps,perez,21,2,22.648,red_bull,0,0,0,23.644550000000002,1,220,109,22.800063378440854,22.591960750129697,-0.15206337844085382,0.0560392498703024
2024,14,Belgian Grand Prix,Circuit de Spa-Francorchamps,perez,42,3,22.632,red_bull,0,0,0,23.644550000000002,1,220,109,22.800063378440854,23.219788975304784,-0.16806337844085206,-0.5877889753047825
2024,14,Belgian Grand Prix,Circuit de Spa-Francorchamps,piastri,11,1,22.623,mclaren,0,0,0,23.644550000000002,1,208,109,23.100072067707323,23.2043343701699,-0.47707206770732213,-0.5813343701698983
2024,14,Belgian Grand Prix,Circuit de Spa-Francorchamps,piastri,30,2,24.125,mclaren,0,0,0,23.644550000000002,1,208,109,23.100072067707323,23.12855325441523,1.0249279322926768,0.9964467455847696
2024,14,Belgian Grand Prix,Circuit de Spa-Francorchamps,ricciardo,8,1,22.643,rb,0,0,0,23.644550000000002,1,70,109,24.16384874698366,23.84569014328444,-1.5208487469836598,-1.202690143284439
2024,14,Belgian Grand Prix,Circuit de Spa-Francorchamps,ricciardo,21,2,22.328,rb,0,0,0,23.644550000000002,1,70,109,24.16384874698366,23.738156807112695,-1.835848746983661,-1.4101568071126955
2024,14,Belgian Grand Prix,Circuit de Spa-Francorchamps,russell,10,1,22.686,mercedes,0,0,0,23.644550000000002,1,210,109,23.35446524396513,23.29112477738106,-0.6684652439651302,-0.6051247773810609
2024,14,Belgian Grand Prix,Circuit de Spa-Francorchamps,sainz,20,1,23.08,ferrari,0,0,0,23.644550000000002,1,198,109,23.196024881329144,23.06596428257474,-0.11602488132914601,0.014035717425258554
2024,14,Belgian Grand Prix,Circuit de Spa-Francorchamps,sainz,28,2,23.089,ferrari,0,0,0,23.644550000000002,1,198,109,23.196024881329144,22.931970762722095,-0.10702488132914567,0.15702923727790363
2024,14,Belgian Grand Prix,Circuit de Spa-Francorchamps,sargeant,8,1,23.338,williams,0,0,0,23.644550000000002,1,209,109,24.19822290377727,23.698642326308995,-0.8602229037772702,-0.3606423263089944
2024,14,Belgian Grand Prix,Circuit de Spa-Francorchamps,sargeant,24,2,23.692,williams,0,0,0,23.644550000000002,1,209,109,24.19822290377727,23.60698510034579,-0.506222903777271,0.08501489965421172
2024,14,Belgian Grand Prix,Circuit de Spa-Francorchamps,stroll,12,1,23.01,aston_martin,0,0,0,23.644550000000002,1,206,109,23.317842372711674,23.37549899082802,-0.30784237271167214,-0.3654989908280193
2024,14,Belgian Grand Prix,Circuit de Spa-Francorchamps,tsunoda,15,1,23.452,rb,0,0,0,23.644550000000002,1,70,109,24.16384874698366,23.882734400437702,-0.7118487469836587,-0.43073440043770006
2024,15,Dutch Grand Prix,Circuit Park Zandvoort,albon,12,1,21.258,williams,0,0,0,22.4955,1,209,115,18.069053869679816,22.403764767179517,3.1889461303201827,-1.145764767179518
2024,15,Dutch Grand Prix,Circuit Park Zandvoort,albon,54,2,21.016,williams,0,0,0,22.4955,1,209,115,18.069053869679816,22.449700496357,2.946946130320182,-1.4337004963570017
2024,15,Dutch Grand Prix,Circuit Park Zandvoort,alonso,31,1,21.348,aston_martin,0,0,0,22.4955,1,206,115,17.188673338614215,22.160001982741253,4.1593266613857836,-0.8120019827412541
2024,15,Dutch Grand Prix,Circuit Park Zandvoort,bottas,15,1,21.095,sauber,0,0,0,22.4955,1,74,115,20.010960027207787,24.53235702709701,1.0840399727922119,-3.4373570270970113
2024,15,Dutch Grand Prix,Circuit Park Zandvoort,bottas,43,2,21.273,sauber,0,0,0,22.4955,1,74,115,20.010960027207787,24.50420424196797,1.2620399727922127,-3.231204241967969
2024,15,Dutch Grand Prix,Circuit Park Zandvoort,gasly,32,1,22.646,alpine,0,0,0,22.4955,1,193,115,17.448694816597154,22.305658953446223,5.197305183402847,0.34034104655377817
2024,15,Dutch Grand Prix,Circuit Park Zandvoort,hamilton,23,1,21.168,mercedes,0,0,0,22.4955,1,210,115,17.225296209867675,22.043875548877203,3.942703790132324,-0.8758755488772039
2024,15,Dutch Grand Prix,Circuit Park Zandvoort,hamilton,48,2,21.026,mercedes,0,0,0,22.4955,1,210,115,17.225296209867675,21.99984665353962,3.8007037901323244,-0.9738466535396206
2024,15,Dutch Grand Prix,Circuit Park Zandvoort,hulkenberg,14,1,21.619,haas,0,0,0,22.4955,1,212,115,18.31769256064684,23.023721234219483,3.3013074393531596,-1.4047212342194833
2024,15,Dutch Grand Prix,Circuit Park Zandvoort,kevinmagnussen,40,1,21.403,haas,0,0,0,22.4955,1,212,115,18.31769256064684,23.16131418936017,3.0853074393531585,-1.7583141893601706
2024,15,Dutch Grand Prix,Circuit Park Zandvoort,leclerc,24,1,20.841,ferrari,0,0,0,22.4955,1,198,115,17.066855847231686,21.771086723445265,3.774144152768315,-0.9300867234452639
2024,15,Dutch Grand Prix,Circuit Park Zandvoort,maxverstappen,27,1,20.785,red_bull,0,0,0,22.4955,1,220,115,16.6708943443434,21.48399707821467,4.114105655656601,-0.6989970782146706
2024,15,Dutch Grand Prix,Circuit Park Zandvoort,norris,28,1,21.536,mclaren,0,0,0,22.4955,1,208,115,16.97090303360987,21.978253288610766,4.565096966390133,-0.44225328861076463
2024,15,Dutch Grand Prix,Circuit Park Zandvoort,ocon,30,1,21.015,alpine,0,0,0,22.4955,1,193,115,17.448694816597154,22.29507487997386,3.5663051834028465,-1.28007487997386
2024,15,Dutch Grand Prix,Circuit Park Zandvoort,perez,29,1,22.934,red_bull,0,0,0,22.4955,1,220,115,16.6708943443434,21.494581151687033,6.263105655656602,1.4394188483129682
2024,15,Dutch Grand Prix,Circuit Park Zandvoort,piastri,33,1,20.969,mclaren,0,0,0,22.4955,1,208,115,16.97090303360987,22.004713472291666,3.9980969663901327,-1.0357134722916648
2024,15,Dutch Grand Prix,Circuit Park Zandvoort,ricciardo,29,1,20.942,rb,0,0,0,22.4955,1,70,115,18.034679712886202,22.640777208670027,2.907320287113798,-1.6987772086700268
2024,15,Dutch Grand Prix,Circuit Park Zandvoort,russell,25,1,21.846,mercedes,0,0,0,22.4955,1,210,115,17.225296209867675,22.05445962234957,4.620703790132325,-0.20845962234956872
2024,15,Dutch Grand Prix,Circuit Park Zandvoort,russell,54,2,21.159,mercedes,0,0,0,22.4955,1,210,115,17.225296209867675,22.031598873956703,3.9337037901323235,-0.8725988739567043
2024,15,Dutch Grand Prix,Circuit Park Zandvoort,sainz,30,1,20.84,ferrari,0,0,0,22.4955,1,198,115,17.066855847231686,21.802838943862344,3.773144152768314,-0.9628389438623444
2024,15,Dutch Grand Prix,Circuit Park Zandvoort,sargeant,22,1,22.03,williams,0,0,0,22.4955,1,209,115,18.069053869679816,22.45668513454132,3.9609461303201847,-0.4266851345413194
2024,15,Dutch Grand Prix,Circuit Park Zandvoort,stroll,30,1,21.385,aston_martin,0,0,0,22.4955,1,206,115,17.188673338614215,22.15470994600507,4.196326661385786,-0.7697099460050687
2024,15,Dutch Grand Prix,Circuit Park Zandvoort,tsunoda,14,1,21.249,rb,0,0,0,22.4955,1,70,115,18.034679712886202,22.561396657627323,3.2143202871137966,-1.3123966576273247
2024,15,Dutch Grand Prix,Circuit Park Zandvoort,tsunoda,32,2,20.88,rb,0,0,0,22.4955,1,70,115,18.034679712886202,22.48032350513648,2.845320287113797,-1.6003235051364797
2024,15,Dutch Grand Prix,Circuit Park Zandvoort,zhou,18,1,21.214,sauber,0,0,0,22.4955,1,74,115,20.010960027207787,24.54823313730555,1.2030399727922116,-3.334233137305553
2024,15,Dutch Grand Prix,Circuit Park Zandvoort,zhou,51,2,22.044,sauber,0,0,0,22.4955,1,74,115,20.010960027207787,24.54654053585741,2.0330399727922135,-2.5025405358574098
2024,16,Italian Grand Prix,Autodromo Nazionale di Monza,albon,17,1,24.801,williams,0,0,0,34.829999999999984,1,209,83,25.979361707671384,25.659530124065967,-1.1783617076713853,-0.8585301240659682
2024,16,Italian Grand Prix,Autodromo Nazionale di Monza,alonso,12,1,24.866,aston_martin,0,0,0,34.829999999999984,1,206,83,25.098981176605783,25.288758457959375,-0.232981176605783,-0.4227584579593753
2024,16,Italian Grand Prix,Autodromo Nazionale di Monza,alonso,35,2,24.501,aston_martin,0,0,0,34.829999999999984,1,206,83,25.098981176605783,25.234145489149434,-0.5979811766057814,-0.73314548914943245
2024,16,Italian Grand Prix,Autodromo Nazionale di Monza,bottas,33,1,24.41,sauber,0,0,0,34.829999999999984,1,74,83,27.921267865199354,27.856918861553805,-3.511267865199354,-3.4469188615538044
2024,16,Italian Grand Prix,Autodromo Nazionale di Monza,colapinto,16,1,25.147,williams,0,0,0,34.829999999999984,1,209,83,25.979361707671384,25.654238087329787,-0.8323617076713852,-0.5072380873297888
2024,16,Italian Grand Prix,Autodromo Nazionale di Monza,gasly,10,1,24.335,alpine,0,0,0,34.829999999999984,1,193,83,25.35900265458872,25.418539318455807,-1.0240026545887204,-1.0835393184558058
2024,16,Italian Grand Prix,Autodromo Nazionale di Monza,gasly,30,2,24.203,alpine,0,0,0,34.829999999999984,1,193,83,25.35900265458872,25.34805023943732,-1.1560026545887219,-1.145050239437321
2024,16,Italian Grand Prix,Autodromo Nazionale di Monza,hamilton,15,1,24.469,mercedes,0,0,0,34.829999999999984,1,210,83,25.135604047859243,25.230844428193315,-0.6666040478592414,-0.7618444281933137
2024,16,Italian Grand Prix,Autodromo Nazionale di Monza,hamilton,37,2,24.155,mercedes,0,0,0,34.829999999999984,1,210,83,25.135604047859243,25.170939422647187,-0.9806040478592415,-1.015939422647186
2024,16,Italian Grand Prix,Autodromo Nazionale di Monza,hulkenberg,5,1,38.875,haas,0,0,0,34.829999999999984,1,212,83,26.228000398638407,26.20539807679941,12.646999601361593,12.669601923200592
2024,16,Italian Grand Prix,Autodromo Nazionale di Monza,hulkenberg,32,2,36.576,haas,0,0,0,34.829999999999984,1,212,83,26.228000398638407,26.171953254934184,10.347999601361593,10.404046745065816
2024,16,Italian Grand Prix,Autodromo Nazionale di Monza,kevinmagnussen,14,1,25.672,haas,0,0,0,34.829999999999984,1,212,83,26.228000398638407,26.253026407425033,-0.5560003986384068,-0.581026407425032
2024,16,Italian Grand Prix,Autodromo Nazionale di Monza,leclerc,15,1,24.551,ferrari,0,0,0,34.829999999999984,1,198,83,24.977163685223253,24.95276356602519,-0.4261636852232549,-0.4017635660251919
2024,16,Italian Grand Prix,Autodromo Nazionale di Monza,maxverstappen,22,1,28.198,red_bull,0,0,0,34.829999999999984,1,220,83,24.581202182334966,24.68684206773932,3.6167978176650344,3.51115793226068
2024,16,Italian Grand Prix,Autodromo Nazionale di Monza,maxverstappen,41,2,24.15,red_bull,0,0,0,34.829999999999984,1,220,83,24.581202182334966,24.61106095198465,-0.43120218233496743,-0.4610609519846527
2024,16,Italian Grand Prix,Autodromo Nazionale di Monza,norris,14,1,24.169,mclaren,0,0,0,34.829999999999984,1,208,83,24.881210871601436,25.13346994750979,-0.7122108716014353,-0.9644699475097909
2024,16,Italian Grand Prix,Autodromo Nazionale di Monza,norris,32,2,24.87,mclaren,0,0,0,34.829999999999984,1,208,83,24.881210871601436,25.052396795018943,-0.011210871601434746,-0.18239679501894202
2024,16,Italian Grand Prix,Autodromo Nazionale di Monza,ocon,31,1,24.146,alpine,0,0,0,34.829999999999984,1,193,83,25.35900265458872,25.52967208991559,-1.2130026545887205,-1.3836720899155885
2024,16,Italian Grand Prix,Autodromo Nazionale di Monza,perez,23,1,24.728,red_bull,0,0,0,34.829999999999984,1,220,83,24.581202182334966,24.6921341044755,0.14679781766503552,0.03586589552450192
2024,16,Italian Grand Prix,Autodromo Nazionale di Monza,perez,35,2,24.03,red_bull,0,0,0,34.829999999999984,1,220,83,24.581202182334966,24.579308731567572,-0.5512021823349649,-0.5493087315675709
2024,16,Italian Grand Prix,Autodromo Nazionale di Monza,piastri,16,1,23.793,mclaren,0,0,0,34.829999999999984,1,208,83,24.881210871601436,25.14405402098215,-1.0882108716014365,-1.3510540209821507
2024,16,Italian Grand Prix,Autodromo Nazionale di Monza,piastri,38,2,24.67,mclaren,0,0,0,34.829999999999984,1,208,83,24.881210871601436,25.084149015436026,-0.21121087160143404,-0.4141490154360241
2024,16,Italian Grand Prix,Autodromo Nazionale di Monza,ricciardo,11,1,30.317,rb,0,0,0,34.829999999999984,1,70,83,25.94498755087777,25.77482572062433,4.372012449122231,4.5421742793756685
2024,16,Italian Grand Prix,Autodromo Nazionale di Monza,russell,11,1,32.696,mercedes,0,0,0,34.829999999999984,1,210,83,25.135604047859243,25.20967628124859,7.560395952140755,7.486323718751407
2024,16,Italian Grand Prix,Autodromo Nazionale di Monza,russell,33,2,26.297,mercedes,0,0,0,34.829999999999984,1,210,83,25.135604047859243,25.149771275702467,1.161395952140758,1.147228724297534
2024,16,Italian Grand Prix,Autodromo Nazionale di Monza,sainz,19,1,24.313,ferrari,0,0,0,34.829999999999984,1,198,83,24.977163685223253,24.97393171296991,-0.6641636852232544,-0.6609317129699122
2024,16,Italian Grand Prix,Autodromo Nazionale di Monza,stroll,19,1,24.98,aston_martin,0,0,0,34.829999999999984,1,206,83,25.098981176605783,25.325802715112637,-0.11898117660578222,-0.3458027151126366
2024,16,Italian Grand Prix,Autodromo Nazionale di Monza,stroll,36,2,24.209,aston_martin,0,0,0,34.829999999999984,1,206,83,25.098981176605783,25.239437525885613,-0.889981176605783,-1.0304375258856133
2024,16,Italian Grand Prix,Autodromo Nazionale di Monza,stroll,50,3,25.269,aston_martin,0,0,0,34.829999999999984,1,206,83,25.098981176605783,25.83022149390744,0.1700188233942157,-0.5612214939074427
2024,16,Italian Grand Prix,Autodromo Nazionale di Monza,zhou,15,1,27.138,sauber,0,0,0,34.829999999999984,1,74,83,27.921267865199354,27.76166220030256,-0.7832678651993525,-0.623662200302558
2024,17,Azerbaijan Grand Prix,Baku City Circuit,albon,31,1,20.287,williams,0,0,0,21.617,1,209,71,22.57355991480724,22.180123334649636,-2.286559914807242,-1.893123334649637
2024,17,Azerbaijan Grand Prix,Baku City Circuit,alonso,11,1,20.073,aston_martin,0,0,0,21.617,1,206,71,21.69317938374164,21.72997111750034,-1.6201793837416396,-1.6569711175003405
2024,17,Azerbaijan Grand Prix,Baku City Circuit,bearman,14,1,21.276,haas,0,0,0,21.617,1,212,71,22.822198605774265,22.699531103702178,-1.546198605774265,-1.423531103702178
2024,17,Azerbaijan Grand Prix,Baku City Circuit,bottas,11,1,20.045,sauber,0,0,0,21.617,1,74,71,24.515466072335215,24.18699874963498,-4.470466072335213,-4.141998749634979
2024,17,Azerbaijan Grand Prix,Baku City Circuit,colapinto,10,1,20.596,williams,0,0,0,21.617,1,209,71,22.57355991480724,22.068990563189853,-1.977559914807241,-1.4729905631898532
2024,17,Azerbaijan Grand Prix,Baku City Circuit,gasly,50,1,20.257,alpine,0,0,0,21.617,1,193,71,21.953200861724582,22.07672548418016,-1.6962008617245807,-1.8197254841801573
2024,17,Azerbaijan Grand Prix,Baku City Circuit,hamilton,12,1,21.289,mercedes,0,0,0,21.617,1,210,71,21.7298022549951,21.661473014261915,-0.4408022549950985,-0.3724730142619137
2024,17,Azerbaijan Grand Prix,Baku City Circuit,hulkenberg,15,1,21.617,haas,0,0,0,21.617,1,212,71,22.822198605774265,22.704823140438357,-1.2051986057742639,-1.0878231404383563
2024,17,Azerbaijan Grand Prix,Baku City Circuit,leclerc,16,1,20.671,ferrari,0,0,0,21.617,1,198,71,21.57136189235911,21.404560299038515,-0.9003618923591112,-0.7335602990385155
2024,17,Azerbaijan Grand Prix,Baku City Circuit,maxverstappen,12,1,21.145,red_bull,0,0,0,21.617,1,220,71,21.175400389470823,21.080426396654662,-0.030400389470823797,0.06457360334533746
2024,17,Azerbaijan Grand Prix,Baku City Circuit,maxverstappen,49,2,20.725,red_bull,0,0,0,21.617,1,220,71,21.175400389470823,21.099901942151238,-0.45040038947082195,-0.3749019421512365
2024,17,Azerbaijan Grand Prix,Baku City Circuit,norris,37,1,19.712,mclaren,0,0,0,21.617,1,208,71,21.475409078737293,21.70169148871908,-1.7634090787372934,-1.9896914887190817
2024,17,Azerbaijan Grand Prix,Baku City Circuit,ocon,49,1,20.634,alpine,0,0,0,21.617,1,193,71,21.953200861724582,22.07143344744398,-1.3192008617245818,-1.4374334474439792
2024,17,Azerbaijan Grand Prix,Baku City Circuit,perez,13,1,20.63,red_bull,0,0,0,21.617,1,220,71,21.175400389470823,21.085718433390845,-0.5454003894708244,-0.45571843339084595
2024,17,Azerbaijan Grand Prix,Baku City Circuit,piastri,15,1,20.181,mclaren,0,0,0,21.617,1,208,71,21.475409078737293,21.585266680523116,-1.2944090787372922,-1.404266680523115
2024,17,Azerbaijan Grand Prix,Baku City Circuit,ricciardo,49,1,21.984,rb,0,0,0,21.617,1,70,71,22.539185758013627,22.422427812876325,-0.555185758013625,-0.4384278128763235
2024,17,Azerbaijan Grand Prix,Baku City Circuit,russell,12,1,19.954,mercedes,0,0,0,21.617,1,210,71,21.7298022549951,21.661473014261915,-1.7758022549950994,-1.7074730142619146
2024,17,Azerbaijan Grand Prix,Baku City Circuit,sainz,17,1,21.483,ferrari,0,0,0,21.617,1,198,71,21.57136189235911,21.409852335774698,-0.08836189235911007,0.07314766422530283
2024,17,Azerbaijan Grand Prix,Baku City Circuit,stroll,22,2,20.214,aston_martin,0,0,0,21.617,1,206,71,21.69317938374164,21.611853707856234,-1.4791793837416414,-1.3978537078562354
2024,17,Azerbaijan Grand Prix,Baku City Circuit,tsunoda,12,1,20.922,rb,0,0,0,21.617,1,70,71,22.539185758013627,22.226622453637656,-1.6171857580136262,-1.3046224536376556
2024,17,Azerbaijan Grand Prix,Baku City Circuit,zhou,34,1,20.52,sauber,0,0,0,21.617,1,74,71,24.515466072335215,24.308715594567126,-3.9954660723352156,-3.788715594567126
2024,18,Singapore Grand Prix,Marina Bay Street Circuit,albon,11,1,29.126,williams,0,0,0,31.2042,1,209,69,32.138554333215794,32.266234350306696,-3.0125543332157925,-3.140234350306695
2024,18,Singapore Grand Prix,Marina Bay Street Circuit,alonso,25,1,29.251,aston_martin,0,0,0,31.2042,1,206,69,31.258173802150193,31.99601138218753,-2.0071738021501915,-2.7450113821875277
2024,18,Singapore Grand Prix,Marina Bay Street Circuit,bottas,33,1,30.423,sauber,0,0,0,31.2042,1,74,69,34.08046049074377,34.49537530821161,-3.6574604907437696,-4.072375308211608
2024,18,Singapore Grand Prix,Marina Bay Street Circuit,colapinto,29,1,29.772,williams,0,0,0,31.2042,1,209,69,32.138554333215794,32.36149101155794,-2.3665543332157952,-2.5894910115579393
2024,18,Singapore Grand Prix,Marina Bay Street Circuit,gasly,37,1,31.509,alpine,0,0,0,31.2042,1,193,69,31.518195280133135,32.19988075699048,-0.009195280133134531,-0.6908807569904809
2024,18,Singapore Grand Prix,Marina Bay Street Circuit,hamilton,17,1,29.272,mercedes,0,0,0,31.2042,1,210,69,31.294796673403653,31.879884948323486,-2.022796673403654,-2.6078849483234876
2024,18,Singapore Grand Prix,Marina Bay Street Circuit,hulkenberg,29,1,29.808,haas,0,0,0,31.2042,1,212,69,32.38719302418282,32.97086340512554,-2.579193024182821,-3.1628634051255418
2024,18,Singapore Grand Prix,Marina Bay Street Circuit,kevinmagnussen,28,1,29.707,haas,0,0,0,31.2042,1,212,69,32.38719302418282,32.96557136838936,-2.6801930241828202,-3.2585713683893616
2024,18,Singapore Grand Prix,Marina Bay Street Circuit,kevinmagnussen,49,2,31.291,haas,0,0,0,31.2042,1,212,69,32.38719302418282,32.900374326107055,-1.0961930241828206,-1.609374326107055
2024,18,Singapore Grand Prix,Marina Bay Street Circuit,leclerc,36,1,29.042,ferrari,0,0,0,31.2042,1,198,69,31.136356310767663,31.702352784142782,-2.0943563107676617,-2.6603527841427805
2024,18,Singapore Grand Prix,Marina Bay Street Circuit,maxverstappen,29,1,29.655,red_bull,0,0,0,31.2042,1,220,69,30.740394807879376,31.362342771550388,-1.085394807879375,-1.7073427715503868
2024,18,Singapore Grand Prix,Marina Bay Street Circuit,norris,30,1,29.091,mclaren,0,0,0,31.2042,1,208,69,31.040403497145846,31.856598981946483,-1.9494034971458447,-2.765598981946482
2024,18,Singapore Grand Prix,Marina Bay Street Circuit,ocon,29,1,29.601,alpine,0,0,0,31.2042,1,193,69,31.518195280133135,32.15754446310104,-1.9171952801331358,-2.5565444631010408
2024,18,Singapore Grand Prix,Marina Bay Street Circuit,perez,28,1,28.99,red_bull,0,0,0,31.2042,1,220,69,30.740394807879376,31.35705073481421,-1.7503948078793776,-2.3670507348142102
2024,18,Singapore Grand Prix,Marina Bay Street Circuit,piastri,38,1,29.152,mclaren,0,0,0,31.2042,1,208,69,31.040403497145846,31.898935275835925,-1.8884034971458448,-2.7469352758359236
2024,18,Singapore Grand Prix,Marina Bay Street Circuit,ricciardo,10,1,30.316,rb,0,0,0,31.2042,1,70,69,32.104180176422176,32.40799013054596,-1.788180176422177,-2.0919901305459625
2024,18,Singapore Grand Prix,Marina Bay Street Circuit,ricciardo,46,2,29.066,rb,0,0,0,31.2042,1,70,69,32.104180176422176,32.42217363930636,-3.038180176422177,-3.356173639306359
2024,18,Singapore Grand Prix,Marina Bay Street Circuit,ricciardo,58,3,29.653,rb,0,0,0,31.2042,1,70,69,32.104180176422176,33.002373533855824,-2.4511801764221772,-3.3493735338558253
2024,18,Singapore Grand Prix,Marina Bay Street Circuit,russell,27,1,28.739,mercedes,0,0,0,31.2042,1,210,69,31.294796673403653,31.932805315685286,-2.555796673403652,-3.1938053156852853
2024,18,Singapore Grand Prix,Marina Bay Street Circuit,sainz,13,1,29.385,ferrari,0,0,0,31.2042,1,198,69,31.136356310767663,31.580635939210637,-1.7513563107676617,-2.1956359392106357
2024,18,Singapore Grand Prix,Marina Bay Street Circuit,stroll,26,1,29.816,aston_martin,0,0,0,31.2042,1,206,69,31.258173802150193,32.001303418923705,-1.4421738021501938,-2.1853034189237057
2024,18,Singapore Grand Prix,Marina Bay Street Circuit,tsunoda,33,1,29.662,rb,0,0,0,31.2042,1,70,69,32.104180176422176,32.529706975478106,-2.442180176422177,-2.8677069754781073
2024,18,Singapore Grand Prix,Marina Bay Street Circuit,zhou,34,1,29.36,sauber,0,0,0,31.2042,1,74,69,34.08046049074377,34.500667344947786,-4.720460490743768,-5.140667344947786
2024,19,United States Grand Prix,Circuit of the Americas,albon,3,1,34.983,williams,0,0,0,29.2171,1,209,95,25.826499378606847,25.49437617329692,9.15650062139315,9.488623826703076
2024,19,United States Grand Prix,Circuit of the Americas,albon,33,2,24.391,williams,0,0,0,29.2171,1,209,95,25.826499378606847,25.476807461640238,-1.435499378606849,-1.0858074616402398
2024,19,United States Grand Prix,Circuit of the Americas,alonso,26,1,24.247,aston_martin,0,0,0,29.2171,1,206,95,24.94611884754125,25.271781535803374,-0.69911884754125,-1.024781535803374
2024,19,United States Grand Prix,Circuit of the Americas,bottas,15,1,24.439,sauber,0,0,0,29.2171,1,74,95,27.76840553613482,27.670596763840035,-3.3294055361348214,-3.2315967638400345
2024,19,United States Grand Prix,Circuit of the Americas,colapinto,39,1,23.971,williams,0,0,0,29.2171,1,209,95,25.826499378606847,25.68488949579941,-1.8554993786068472,-1.7138894957994104
2024,19,United States Grand Prix,Circuit of the Americas,gasly,18,1,28.228,alpine,0,0,0,29.2171,1,193,95,25.20614032552419,25.369810175882723,3.021859674475813,2.8581898241172787
2024,19,United States Grand Prix,Circuit of the Americas,hulkenberg,27,1,24.5,haas,0,0,0,29.2171,1,212,95,26.075138069573875,26.23075744853285,-1.5751380695738746,-1.7307574485328487
2024,19,United States Grand Prix,Circuit of the Americas,kevinmagnussen,17,1,23.966,haas,0,0,0,29.2171,1,212,95,26.075138069573875,26.17783708117105,-2.1091380695738735,-2.2118370811710477
2024,19,United States Grand Prix,Circuit of the Americas,kevinmagnussen,38,2,24.087,haas,0,0,0,29.2171,1,212,95,26.075138069573875,26.112640038888742,-1.9881380695738748,-2.025640038888742
2024,19,United States Grand Prix,Circuit of the Americas,lawson,36,1,23.839,rb,0,0,0,29.2171,1,70,95,25.792125221813237,25.816061202566313,-1.953125221813238,-1.9770612025663148
2024,19,United States Grand Prix,Circuit of the Americas,leclerc,26,1,23.817,ferrari,0,0,0,29.2171,1,198,95,24.82430135615872,24.919910533660648,-1.0073013561587203,-1.1029105336606477
2024,19,United States Grand Prix,Circuit of the Americas,maxverstappen,25,1,24.228,red_bull,0,0,0,29.2171,1,220,95,24.42833985327043,24.611652741485337,-0.20033985327042814,-0.383652741485335
2024,19,United States Grand Prix,Circuit of the Americas,norris,31,1,23.731,mclaren,0,0,0,29.2171,1,208,95,24.7283485425369,25.132369135562328,-0.9973485425368978,-1.4013691355623266
2024,19,United States Grand Prix,Circuit of the Americas,ocon,31,1,24.156,alpine,0,0,0,29.2171,1,193,95,25.20614032552419,25.438606653453064,-1.0501403255241897,-1.2826066534530653
2024,19,United States Grand Prix,Circuit of the Americas,ocon,51,2,26.175,alpine,0,0,0,29.2171,1,193,95,25.20614032552419,25.36811757443458,0.9688596744758122,0.8068824255654192
2024,19,United States Grand Prix,Circuit of the Americas,perez,26,1,23.58,red_bull,0,0,0,29.2171,1,220,95,24.42833985327043,24.616944778221516,-0.8483398532704314,-1.0369447782215175
2024,19,United States Grand Prix,Circuit of the Americas,piastri,32,1,24.107,mclaren,0,0,0,29.2171,1,208,95,24.7283485425369,25.13766117229851,-0.6213485425369001,-1.0306611722985117
2024,19,United States Grand Prix,Circuit of the Americas,russell,40,1,29.327,mercedes,0,0,0,29.2171,1,210,95,24.982741718794706,25.272079910135297,4.3442582812052954,4.054920089864705
2024,19,United States Grand Prix,Circuit of the Americas,sainz,21,1,23.963,ferrari,0,0,0,29.2171,1,198,95,24.82430135615872,24.893450349979748,-0.8613013561587195,-0.930450349979747
2024,19,United States Grand Prix,Circuit of the Americas,stroll,27,1,26.399,aston_martin,0,0,0,29.2171,1,206,95,24.94611884754125,25.277073572539553,1.452881152458751,1.1219264274604477
2024,19,United States Grand Prix,Circuit of the Americas,tsunoda,18,1,24.193,rb,0,0,0,29.2171,1,70,95,25.792125221813237,25.72080454131507,-1.5991252218132352,-1.5278045413150672
2024,19,United States Grand Prix,Circuit of the Americas,zhou,13,1,24.433,sauber,0,0,0,29.2171,1,74,95,27.76840553613482,27.660012690367676,-3.3354055361348216,-3.227012690367676
2024,19,United States Grand Prix,Circuit of the Americas,zhou,35,2,24.89,sauber,0,0,0,29.2171,1,74,95,27.76840553613482,27.60010768482155,-2.878405536134821,-2.7101076848215477
2024,20,Mexico City Grand Prix,Autódromo Hermanos Rodríguez,bottas,49,1,22.505,sauber,0,0,0,30.299,1,74,62,19.874353239177957,24.67123549157764,2.6306467608220423,-2.166235491577641
2024,20,Mexico City Grand Prix,Autódromo Hermanos Rodríguez,colapinto,47,1,23.895,williams,0,0,0,30.299,1,209,62,17.932447081649986,22.54793526839633,5.9625529183500134,1.3470647316036697
2024,20,Mexico City Grand Prix,Autódromo Hermanos Rodríguez,gasly,28,1,23.204,alpine,0,0,0,30.299,1,193,62,17.312088028567324,22.243440021952008,5.891911971432677,0.9605599780479928
2024,20,Mexico City Grand Prix,Autódromo Hermanos Rodríguez,hamilton,28,1,22.538,mercedes,0,0,0,30.299,1,210,62,17.088689421837845,22.02928494800861,5.449310578162155,0.5087150519913912
2024,20,Mexico City Grand Prix,Autódromo Hermanos Rodríguez,hulkenberg,29,1,23.077,haas,0,0,0,30.299,1,212,62,18.18108577261701,23.06205100071269,4.895914227382992,0.014948999287312859
2024,20,Mexico City Grand Prix,Autódromo Hermanos Rodríguez,kevinmagnussen,30,1,23.332,haas,0,0,0,30.299,1,212,62,18.18108577261701,23.067343037448868,5.150914227382991,0.2646569625511326
2024,20,Mexico City Grand Prix,Autódromo Hermanos Rodríguez,lawson,39,1,22.586,rb,0,0,0,30.299,1,70,62,17.898072924856372,22.652646791482333,4.687927075143627,-0.06664679148233432
2024,20,Mexico City Grand Prix,Autódromo Hermanos Rodríguez,lawson,65,2,30.299,rb,0,0,0,30.299,1,70,62,17.898072924856372,22.61390993288093,12.400927075143628,7.68509006711907
2024,20,Mexico City Grand Prix,Autódromo Hermanos Rodríguez,leclerc,31,1,22.86,ferrari,0,0,0,30.299,1,198,62,16.930249059201856,21.767080196049026,5.929750940798144,1.0929198039509735
2024,20,Mexico City Grand Prix,Autódromo Hermanos Rodríguez,leclerc,69,2,22.69,ferrari,0,0,0,30.299,1,198,62,16.930249059201856,21.791847778281788,5.7597509407981455,0.8981522217182132
2024,20,Mexico City Grand Prix,Autódromo Hermanos Rodríguez,maxverstappen,26,1,43.73,red_bull,0,0,0,30.299,1,220,62,16.53428755631357,21.437654256928994,27.19571244368643,22.292345743071003
2024,20,Mexico City Grand Prix,Autódromo Hermanos Rodríguez,norris,30,1,22.111,mclaren,0,0,0,30.299,1,208,62,16.83429624558004,21.947786577533627,5.276703754419962,0.16321342246637371
2024,20,Mexico City Grand Prix,Autódromo Hermanos Rodríguez,ocon,48,1,23.245,alpine,0,0,0,30.299,1,193,62,17.312088028567324,22.34928075667561,5.932911971432677,0.8957192433243897
2024,20,Mexico City Grand Prix,Autódromo Hermanos Rodríguez,perez,20,1,27.73,red_bull,0,0,0,30.299,1,220,62,16.53428755631357,21.40590203651191,11.195712443686432,6.324097963488089
2024,20,Mexico City Grand Prix,Autódromo Hermanos Rodríguez,perez,43,2,22.174,red_bull,0,0,0,30.299,1,220,62,16.53428755631357,21.351289067701966,5.639712443686431,0.8227109322980333
2024,20,Mexico City Grand Prix,Autódromo Hermanos Rodríguez,perez,68,3,21.92,red_bull,0,0,0,30.299,1,220,62,16.53428755631357,22.000285439821777,5.385712443686433,-0.08028543982177538
2024,20,Mexico City Grand Prix,Autódromo Hermanos Rodríguez,piastri,39,1,21.825,mclaren,0,0,0,30.299,1,208,62,16.83429624558004,21.995414908159255,4.990703754419961,-0.17041490815925542
2024,20,Mexico City Grand Prix,Autódromo Hermanos Rodríguez,russell,31,1,22.462,mercedes,0,0,0,30.299,1,210,62,17.088689421837845,22.045161058217147,5.373310578162155,0.41683894178285286
2024,20,Mexico City Grand Prix,Autódromo Hermanos Rodríguez,sainz,32,1,22.249,ferrari,0,0,0,30.299,1,198,62,16.930249059201856,21.77237223278521,5.318750940798143,0.47662776721479005
2024,20,Mexico City Grand Prix,Autódromo Hermanos Rodríguez,stroll,26,1,22.592,aston_martin,0,0,0,30.299,1,206,62,17.052066550584385,22.092491014510852,5.539933449415614,0.4995089854891468
2024,20,Mexico City Grand Prix,Autódromo Hermanos Rodríguez,zhou,43,1,22.935,sauber,0,0,0,30.299,1,74,62,19.874353239177957,24.63948327116056,3.060646760822042,-1.7044832711605622
2024,21,São Paulo Grand Prix,Autódromo José Carlos Pace,alonso,32,2,1.4228720000000001,aston_martin,0,0,0,1.4253369999999999,0,206,75,14.872921809931036,2.760518443340009,-13.450049809931036,-1.3376464433400088
2024,21,São Paulo Grand Prix,Autódromo José Carlos Pace,bearman,32,2,1.4247370000000001,haas,0,0,0,1.4253369999999999,0,212,75,16.00194103196366,3.7142023193333045,-14.57720403196366,-2.2894653193333045
2024,21,São Paulo Grand Prix,Autódromo José Carlos Pace,bottas,32,1,1.422094,sauber,0,0,0,1.4253369999999999,0,74,75,17.695208498524607,5.393875889216742,-16.273114498524606,-3.9717818892167425
2024,21,São Paulo Grand Prix,Autódromo José Carlos Pace,gasly,32,1,1.407586,alpine,0,0,0,1.4253369999999999,0,193,75,15.132943287913974,3.077213191050892,-13.725357287913974,-1.669627191050892
2024,21,São Paulo Grand Prix,Autódromo José Carlos Pace,hamilton,32,2,1.425703,mercedes,0,0,0,1.4253369999999999,1,210,75,14.909544681184494,22.53780469948235,-13.483841681184494,-21.112101699482352
2024,21,São Paulo Grand Prix,Autódromo José Carlos Pace,lawson,32,2,1.422722,rb,0,0,0,1.4253369999999999,0,70,75,15.718928184203023,3.2518777427411467,-14.296206184203022,-1.8291557427411467
2024,21,São Paulo Grand Prix,Autódromo José Carlos Pace,leclerc,32,2,1.42026,ferrari,0,0,0,1.4253369999999999,0,198,75,14.751104318548506,2.4086474411972842,-13.330844318548506,-0.9883874411972842
2024,21,São Paulo Grand Prix,Autódromo José Carlos Pace,maxverstappen,32,1,1.4093030000000002,red_bull,0,0,0,1.4253369999999999,0,220,75,14.355142815660217,2.2820114995002405,-12.945839815660218,-0.8727084995002403
2024,21,São Paulo Grand Prix,Autódromo José Carlos Pace,norris,32,2,1.4153630000000001,mclaren,0,0,0,1.4253369999999999,0,208,75,14.655151504926689,2.594645859418065,-13.23978850492669,-1.1792828594180649
2024,21,São Paulo Grand Prix,Autódromo José Carlos Pace,ocon,32,1,1.408695,alpine,0,0,0,1.4253369999999999,0,193,75,15.132943287913974,3.077213191050892,-13.724248287913975,-1.668518191050892
2024,21,São Paulo Grand Prix,Autódromo José Carlos Pace,perez,32,2,1.425215,red_bull,0,0,0,1.4253369999999999,0,220,75,14.355142815660217,2.10568168575815,-12.929927815660218,-0.6804666857581501
2024,21,São Paulo Grand Prix,Autódromo José Carlos Pace,piastri,32,2,1.42027,mclaren,0,0,0,1.4253369999999999,0,208,75,14.655151504926689,2.594645859418065,-13.234881504926689,-1.174375859418065
2024,21,São Paulo Grand Prix,Autódromo José Carlos Pace,russell,32,2,1.415838,mercedes,0,0,0,1.4253369999999999,0,210,75,14.909544681184494,2.6867283033654066,-13.493706681184495,-1.2708903033654066
2024,21,São Paulo Grand Prix,Autódromo José Carlos Pace,sainz,32,2,1.4246590000000001,ferrari,0,0,0,1.4253369999999999,0,198,75,14.751104318548506,2.4086474411972842,-13.326445318548506,-0.9839884411972841
2024,21,São Paulo Grand Prix,Autódromo José Carlos Pace,tsunoda,32,2,1.41903,rb,0,0,0,1.4253369999999999,0,70,75,15.718928184203023,3.2518777427411467,-14.299898184203023,-1.8328477427411467
2024,21,São Paulo Grand Prix,Autódromo José Carlos Pace,zhou,31,3,1.283154,sauber,0,0,0,1.4253369999999999,0,74,75,17.695208498524607,5.728949492453777,-16.412054498524608,-4.445795492453778
2024,22,Las Vegas Grand Prix,Las Vegas Strip Street Circuit,albon,9,1,22.012,williams,0,0,0,23.437200000000008,1,209,67,22.526630632441538,22.15682275194778,-0.5146306324415377,-0.14482275194777827
2024,22,Las Vegas Grand Prix,Las Vegas Strip Street Circuit,alonso,4,1,21.407,aston_martin,0,0,0,23.437200000000008,1,206,67,21.646250101375937,21.786051085841187,-0.23925010137593716,-0.3790510858411871
2024,22,Las Vegas Grand Prix,Las Vegas Strip Street Circuit,alonso,24,2,21.407,aston_martin,0,0,0,23.437200000000008,1,206,67,21.646250101375937,21.7155620068227,-0.23925010137593716,-0.30856200682270085
2024,22,Las Vegas Grand Prix,Las Vegas Strip Street Circuit,bottas,17,1,21.623,sauber,0,0,0,23.437200000000008,1,74,67,24.468536789969512,24.311875195546172,-2.845536789969511,-2.6888751955461707
2024,22,Las Vegas Grand Prix,Las Vegas Strip Street Circuit,bottas,35,2,22.821,sauber,0,0,0,23.437200000000008,1,74,67,24.468536789969512,24.230802043055327,-1.6475367899695108,-1.4098020430553255
2024,22,Las Vegas Grand Prix,Las Vegas Strip Street Circuit,colapinto,16,1,21.17,williams,0,0,0,23.437200000000008,1,209,67,22.526630632441538,22.19386700910104,-1.3566306324415365,-1.0238670091010391
2024,22,Las Vegas Grand Prix,Las Vegas Strip Street Circuit,colapinto,26,2,21.221,williams,0,0,0,23.437200000000008,1,209,67,22.526630632441538,22.070457562720755,-1.305630632441538,-0.8494575627207546
2024,22,Las Vegas Grand Prix,Las Vegas Strip Street Circuit,gasly,10,1,22.179,alpine,0,0,0,23.437200000000008,1,193,67,21.906271579358876,21.958168240227057,0.2727284206411227,0.2208317597729419
2024,22,Las Vegas Grand Prix,Las Vegas Strip Street Circuit,hamilton,13,1,21.067,mercedes,0,0,0,23.437200000000008,1,210,67,21.682872972629397,21.759889276492203,-0.615872972629397,-0.6928892764922026
2024,22,Las Vegas Grand Prix,Las Vegas Strip Street Circuit,hamilton,27,2,21.355,mercedes,0,0,0,23.437200000000008,1,210,67,21.682872972629397,21.657647977056637,-0.32787297262939674,-0.3026479770566368
2024,22,Las Vegas Grand Prix,Las Vegas Strip Street Circuit,hulkenberg,14,1,21.511,haas,0,0,0,23.437200000000008,1,212,67,22.775269323408562,22.792655329196286,-1.2642693234085627,-1.2816553291962869
2024,22,Las Vegas Grand Prix,Las Vegas Strip Street Circuit,hulkenberg,33,2,21.702,haas,0,0,0,23.437200000000008,1,212,67,22.775269323408562,22.71687421344162,-1.0732693234085602,-1.0148742134416189
2024,22,Las Vegas Grand Prix,Las Vegas Strip Street Circuit,kevinmagnussen,17,1,21.963,haas,0,0,0,23.437200000000008,1,212,67,22.775269323408562,22.808531439404824,-0.812269323408561,-0.845531439404823
2024,22,Las Vegas Grand Prix,Las Vegas Strip Street Circuit,lawson,11,1,21.049,rb,0,0,0,23.437200000000008,1,70,67,22.492256475647924,22.314454642395585,-1.4432564756479245,-1.2654546423955857
2024,22,Las Vegas Grand Prix,Las Vegas Strip Street Circuit,lawson,38,2,20.642,rb,0,0,0,23.437200000000008,1,70,67,22.492256475647924,22.28100982053036,-1.8502564756479245,-1.6390098205303616
2024,22,Las Vegas Grand Prix,Las Vegas Strip Street Circuit,leclerc,9,1,21.329,ferrari,0,0,0,23.437200000000008,1,198,67,21.524432609993408,21.46064026737936,-0.19543260999340717,-0.1316402673793604
2024,22,Las Vegas Grand Prix,Las Vegas Strip Street Circuit,leclerc,31,2,21.585,ferrari,0,0,0,23.437200000000008,1,198,67,21.524432609993408,21.400735261833237,0.06056739000659306,0.18426473816676392
2024,22,Las Vegas Grand Prix,Las Vegas Strip Street Circuit,maxverstappen,11,1,20.697,red_bull,0,0,0,23.437200000000008,1,220,67,21.12847110710512,21.16825858541259,-0.4314711071051214,-0.4712585854125919
2024,22,Las Vegas Grand Prix,Las Vegas Strip Street Circuit,maxverstappen,27,2,22.254,red_bull,0,0,0,23.437200000000008,1,220,67,21.12847110710512,21.07660135944938,1.1255288928948808,1.1773986405506207
2024,22,Las Vegas Grand Prix,Las Vegas Strip Street Circuit,norris,9,1,21.194,mclaren,0,0,0,23.437200000000008,1,208,67,21.42847979637159,21.64663868560014,-0.23447979637159122,-0.4526386856001423
2024,22,Las Vegas Grand Prix,Las Vegas Strip Street Circuit,norris,30,2,20.668,mclaren,0,0,0,23.437200000000008,1,208,67,21.42847979637159,21.581441643317838,-0.760479796371591,-0.9134416433178387
2024,22,Las Vegas Grand Prix,Las Vegas Strip Street Circuit,norris,48,3,21.059,mclaren,0,0,0,23.437200000000008,1,208,67,21.42847979637159,22.193393758284387,-0.36947979637158923,-1.1343937582843857
2024,22,Las Vegas Grand Prix,Las Vegas Strip Street Circuit,ocon,11,1,15.79,alpine,0,0,0,23.437200000000008,1,193,67,21.906271579358876,21.96346027696324,-6.116271579358877,-6.17346027696324
2024,22,Las Vegas Grand Prix,Las Vegas Strip Street Circuit,ocon,12,2,21.142,alpine,0,0,0,23.437200000000008,1,193,67,21.906271579358876,21.79242249995733,-0.7642715793588764,-0.6504224999573296
2024,22,Las Vegas Grand Prix,Las Vegas Strip Street Circuit,ocon,45,3,21.858,alpine,0,0,0,23.437200000000008,1,193,67,21.906271579358876,22.483755165966585,-0.04827157935887527,-0.6257551659665843
2024,22,Las Vegas Grand Prix,Las Vegas Strip Street Circuit,perez,17,1,21.294,red_bull,0,0,0,23.437200000000008,1,220,67,21.12847110710512,21.20001080582967,0.16552889289487993,0.09398919417033014
2024,22,Las Vegas Grand Prix,Las Vegas Strip Street Circuit,perez,32,2,21.034,red_bull,0,0,0,23.437200000000008,1,220,67,21.12847110710512,21.10306154313028,-0.09447110710512163,-0.06906154313028168
2024,22,Las Vegas Grand Prix,Las Vegas Strip Street Circuit,piastri,10,1,27.732,mclaren,0,0,0,23.437200000000008,1,208,67,21.42847979637159,21.65193072233632,6.303520203628409,6.080069277663679
2024,22,Las Vegas Grand Prix,Las Vegas Strip Street Circuit,piastri,25,2,21.082,mclaren,0,0,0,23.437200000000008,1,208,67,21.42847979637159,21.554981459636934,-0.34647979637158954,-0.4729814596369337
2024,22,Las Vegas Grand Prix,Las Vegas Strip Street Circuit,russell,12,1,21.072,mercedes,0,0,0,23.437200000000008,1,210,67,21.682872972629397,21.754597239756023,-0.610872972629398,-0.6825972397560243
2024,22,Las Vegas Grand Prix,Las Vegas Strip Street Circuit,russell,32,2,20.975,mercedes,0,0,0,23.437200000000008,1,210,67,21.682872972629397,21.684108160737537,-0.7078729726293957,-0.7091081607375358
2024,22,Las Vegas Grand Prix,Las Vegas Strip Street Circuit,sainz,10,1,21.048,ferrari,0,0,0,23.437200000000008,1,198,67,21.524432609993408,21.46593230411554,-0.47643260999340953,-0.41793230411554205
2024,22,Las Vegas Grand Prix,Las Vegas Strip Street Circuit,sainz,28,2,20.879,ferrari,0,0,0,23.437200000000008,1,198,67,21.524432609993408,21.384859151624696,-0.6454326099934065,-0.5058591516246942
2024,22,Las Vegas Grand Prix,Las Vegas Strip Street Circuit,stroll,9,1,34.863,aston_martin,0,0,0,23.437200000000008,1,206,67,21.646250101375937,21.812511269522087,13.216749898624062,13.050488730477912
2024,22,Las Vegas Grand Prix,Las Vegas Strip Street Circuit,stroll,28,2,21.588,aston_martin,0,0,0,23.437200000000008,1,206,67,21.646250101375937,21.73673015376742,-0.058250101375936225,-0.1487301537674206
2024,22,Las Vegas Grand Prix,Las Vegas Strip Street Circuit,tsunoda,10,1,21.168,rb,0,0,0,23.437200000000008,1,70,67,22.492256475647924,22.309162605659406,-1.3242564756479247,-1.1411626056594066
2024,22,Las Vegas Grand Prix,Las Vegas Strip Street Circuit,tsunoda,29,2,21.208,rb,0,0,0,23.437200000000008,1,70,67,22.492256475647924,22.23338148990474,-1.2842564756479256,-1.025381489904742
2024,22,Las Vegas Grand Prix,Las Vegas Strip Street Circuit,zhou,11,1,22.96,sauber,0,0,0,23.437200000000008,1,74,67,24.468536789969512,24.280122975129093,-1.5085367899695115,-1.3201229751290917
2024,22,Las Vegas Grand Prix,Las Vegas Strip Street Circuit,zhou,34,2,21.761,sauber,0,0,0,23.437200000000008,1,74,67,24.468536789969512,24.225510006319148,-2.707536789969513,-2.4645100063191485
2024,23,Qatar Grand Prix,Losail International Circuit,albon,35,1,29.179,williams,0,0,0,38.18079999999999,1,209,111,29.699666862658262,29.033799525888337,-0.5206668626582633,0.14520047411166104
2024,23,Qatar Grand Prix,Losail International Circuit,albon,36,2,22.71,williams,0,0,0,38.18079999999999,1,209,111,29.699666862658262,28.86276174888243,-6.989666862658261,-6.15276174888243
2024,23,Qatar Grand Prix,Losail International Circuit,albon,37,3,36.548,williams,0,0,0,38.18079999999999,1,209,111,29.699666862658262,29.384749239333914,6.84833313734174,7.163250760666088
2024,23,Qatar Grand Prix,Losail International Circuit,albon,55,4,39.687,williams,0,0,0,38.18079999999999,1,209,111,29.699666862658262,32.72576368471027,9.987333137341736,6.9612363152897245
2024,23,Qatar Grand Prix,Losail International Circuit,alonso,35,1,28.628,aston_martin,0,0,0,38.18079999999999,1,206,111,28.819286331592664,28.689488043462646,-0.19128633159266428,-0.06148804346264569
2024,23,Qatar Grand Prix,Losail International Circuit,alonso,36,2,28.592,aston_martin,0,0,0,38.18079999999999,1,206,111,28.819286331592664,28.51845026645674,-0.22728633159266565,0.07354973354325978
2024,23,Qatar Grand Prix,Losail International Circuit,alonso,37,3,32.811,aston_martin,0,0,0,38.18079999999999,1,206,111,28.819286331592664,29.040437756908222,3.9917136684073355,3.770562243091778
2024,23,Qatar Grand Prix,Losail International Circuit,bottas,24,1,29.034,sauber,0,0,0,38.18079999999999,1,74,111,31.641573020186236,31.08830327149931,-2.607573020186237,-2.054303271499311
2024,23,Qatar Grand Prix,Losail International Circuit,bottas,35,2,28.968,sauber,0,0,0,38.18079999999999,1,74,111,31.641573020186236,30.9701858618552,-2.673573020186236,-2.0021858618551995
2024,23,Qatar Grand Prix,Losail International Circuit,bottas,36,3,28.14,sauber,0,0,0,38.18079999999999,1,74,111,31.641573020186236,31.492173352306686,-3.5015730201862354,-3.3521733523066857
2024,23,Qatar Grand Prix,Losail International Circuit,gasly,35,1,28.792,alpine,0,0,0,38.18079999999999,1,193,111,29.079307809575603,28.829852977431436,-0.2873078095756014,-0.037852977431434454
2024,23,Qatar Grand Prix,Losail International Circuit,gasly,36,2,22.717,alpine,0,0,0,38.18079999999999,1,193,111,29.079307809575603,28.65881520042553,-6.362307809575604,-5.9418152004255305
2024,23,Qatar Grand Prix,Losail International Circuit,gasly,37,3,30.488,alpine,0,0,0,38.18079999999999,1,193,111,29.079307809575603,29.180802690877016,1.4086921904243965,1.3071973091229836
2024,23,Qatar Grand Prix,Losail International Circuit,hamilton,34,1,37.915,mercedes,0,0,0,38.18079999999999,1,210,111,28.85590920284612,28.61040586675186,9.059090797153878,9.304594133248138
2024,23,Qatar Grand Prix,Losail International Circuit,hamilton,35,2,23.412,mercedes,0,0,0,38.18079999999999,1,210,111,28.85590920284612,28.439368089745955,-5.443909202846122,-5.027368089745956
2024,23,Qatar Grand Prix,Losail International Circuit,hamilton,36,3,26.815,mercedes,0,0,0,38.18079999999999,1,210,111,28.85590920284612,28.96135558019744,-2.0409092028461195,-2.14635558019744
2024,23,Qatar Grand Prix,Losail International Circuit,hamilton,47,4,22.705,mercedes,0,0,0,38.18079999999999,1,210,111,28.85590920284612,32.26532576842054,-6.1509092028461225,-9.56032576842054
2024,23,Qatar Grand Prix,Losail International Circuit,hulkenberg,31,2,28.343,haas,0,0,0,38.18079999999999,1,212,111,29.94830555362529,29.445673958769127,-1.6053055536252891,-1.1026739587691274
2024,23,Qatar Grand Prix,Losail International Circuit,hulkenberg,36,3,23.81,haas,0,0,0,38.18079999999999,1,212,111,29.94830555362529,29.98882959616534,-6.13830555362529,-6.17882959616534
2024,23,Qatar Grand Prix,Losail International Circuit,hulkenberg,37,4,37.692,haas,0,0,0,38.18079999999999,1,212,111,29.94830555362529,33.23987941702663,7.743694446374711,4.452120582973372
2024,23,Qatar Grand Prix,Losail International Circuit,kevinmagnussen,27,1,28.543,haas,0,0,0,38.18079999999999,1,212,111,29.94830555362529,29.600835625566496,-1.4053055536252899,-1.0578356255664971
2024,23,Qatar Grand Prix,Losail International Circuit,kevinmagnussen,36,2,22.696,haas,0,0,0,38.18079999999999,1,212,111,29.94830555362529,29.47213414245003,-7.252305553625288,-6.776134142450029
2024,23,Qatar Grand Prix,Losail International Circuit,kevinmagnussen,37,3,33.363,haas,0,0,0,38.18079999999999,1,212,111,29.94830555362529,29.994121632901518,3.4146944463747104,3.368878367098482
2024,23,Qatar Grand Prix,Losail International Circuit,lawson,35,1,45.049,rb,0,0,0,38.18079999999999,1,70,111,29.66529270586465,29.180847342863785,15.383707294135348,15.868152657136214
2024,23,Qatar Grand Prix,Losail International Circuit,lawson,36,2,22.737,rb,0,0,0,38.18079999999999,1,70,111,29.66529270586465,29.009809565857875,-6.928292705864653,-6.272809565857877
2024,23,Qatar Grand Prix,Losail International Circuit,lawson,37,3,26.79,rb,0,0,0,38.18079999999999,1,70,111,29.66529270586465,29.531797056309358,-2.875292705864652,-2.741797056309359
2024,23,Qatar Grand Prix,Losail International Circuit,lawson,40,4,34.655,rb,0,0,0,38.18079999999999,1,70,111,29.66529270586465,32.793430950643014,4.98970729413535,1.8615690493569872
2024,23,Qatar Grand Prix,Losail International Circuit,leclerc,35,1,28.46,ferrari,0,0,0,38.18079999999999,1,198,111,28.697468840210135,28.337617041319923,-0.23746884021013415,0.12238295868007754
2024,23,Qatar Grand Prix,Losail International Circuit,leclerc,36,2,25.675,ferrari,0,0,0,38.18079999999999,1,198,111,28.697468840210135,28.166579264314013,-3.0224688402101343,-2.491579264314012
2024,23,Qatar Grand Prix,Losail International Circuit,leclerc,37,3,28.983,ferrari,0,0,0,38.18079999999999,1,198,111,28.697468840210135,28.688566754765496,0.28553115978986554,0.2944332452345044
2024,23,Qatar Grand Prix,Losail International Circuit,maxverstappen,35,1,28.303,red_bull,0,0,0,38.18079999999999,1,220,111,28.301507337321844,28.034651285880784,0.00149266267815662,0.2683487141192167
2024,23,Qatar Grand Prix,Losail International Circuit,maxverstappen,36,2,23.884,red_bull,0,0,0,38.18079999999999,1,220,111,28.301507337321844,27.863613508874877,-4.417507337321844,-3.979613508874877
2024,23,Qatar Grand Prix,Losail International Circuit,maxverstappen,37,3,22.703,red_bull,0,0,0,38.18079999999999,1,220,111,28.301507337321844,28.385600999326364,-5.598507337321845,-5.682600999326365
2024,23,Qatar Grand Prix,Losail International Circuit,norris,35,1,28.024,mclaren,0,0,0,38.18079999999999,1,208,111,28.601516026588317,28.5236154595407,-0.5775160265883166,-0.4996154595406992
2024,23,Qatar Grand Prix,Losail International Circuit,norris,36,2,25.592,mclaren,0,0,0,38.18079999999999,1,208,111,28.601516026588317,28.352577682534793,-3.0095160265883187,-2.7605776825347945
2024,23,Qatar Grand Prix,Losail International Circuit,norris,37,3,28.746,mclaren,0,0,0,38.18079999999999,1,208,111,28.601516026588317,28.874565172986276,0.14448397341168118,-0.1285651729862778
2024,23,Qatar Grand Prix,Losail International Circuit,norris,45,4,36.069,mclaren,0,0,0,38.18079999999999,1,208,111,28.601516026588317,32.16265925100083,7.467483973411685,3.9063407489991704
2024,23,Qatar Grand Prix,Losail International Circuit,perez,35,1,28.088,red_bull,0,0,0,38.18079999999999,1,220,111,28.301507337321844,28.034651285880784,-0.21350733732184324,0.05334871411921682
2024,23,Qatar Grand Prix,Losail International Circuit,perez,36,2,22.705,red_bull,0,0,0,38.18079999999999,1,220,111,28.301507337321844,27.863613508874877,-5.596507337321846,-5.158613508874879
2024,23,Qatar Grand Prix,Losail International Circuit,perez,37,3,29.459,red_bull,0,0,0,38.18079999999999,1,220,111,28.301507337321844,28.385600999326364,1.1574926626781554,1.0733990006736356
2024,23,Qatar Grand Prix,Losail International Circuit,piastri,34,1,27.818,mclaren,0,0,0,38.18079999999999,1,208,111,28.601516026588317,28.51832342280452,-0.7835160265883161,-0.7003234228045194
2024,23,Qatar Grand Prix,Losail International Circuit,piastri,36,2,22.867,mclaren,0,0,0,38.18079999999999,1,208,111,28.601516026588317,28.352577682534793,-5.734516026588317,-5.485577682534792
2024,23,Qatar Grand Prix,Losail International Circuit,piastri,37,3,29.326,mclaren,0,0,0,38.18079999999999,1,208,111,28.601516026588317,28.874565172986276,0.724483973411683,0.45143482701372406
2024,23,Qatar Grand Prix,Losail International Circuit,russell,23,1,32.309,mercedes,0,0,0,38.18079999999999,1,210,111,28.85590920284612,28.552193462653882,3.4530907971538767,3.7568065373461152
2024,23,Qatar Grand Prix,Losail International Circuit,russell,35,2,27.87,mercedes,0,0,0,38.18079999999999,1,210,111,28.85590920284612,28.439368089745955,-0.9859092028461198,-0.5693680897459537
2024,23,Qatar Grand Prix,Losail International Circuit,russell,36,3,22.763,mercedes,0,0,0,38.18079999999999,1,210,111,28.85590920284612,28.96135558019744,-6.092909202846119,-6.19835558019744
2024,23,Qatar Grand Prix,Losail International Circuit,russell,37,4,34.037,mercedes,0,0,0,38.18079999999999,1,210,111,28.85590920284612,32.21240540105873,5.181090797153878,1.8245945989412675
2024,23,Qatar Grand Prix,Losail International Circuit,sainz,34,1,36.143,ferrari,0,0,0,38.18079999999999,1,198,111,28.697468840210135,28.33232500458374,7.445531159789866,7.81067499541626
2024,23,Qatar Grand Prix,Losail International Circuit,sainz,36,2,22.776,ferrari,0,0,0,38.18079999999999,1,198,111,28.697468840210135,28.166579264314013,-5.921468840210135,-5.390579264314013
2024,23,Qatar Grand Prix,Losail International Circuit,sainz,37,3,34.356,ferrari,0,0,0,38.18079999999999,1,198,111,28.697468840210135,28.688566754765496,5.658531159789867,5.6674332452345055
2024,23,Qatar Grand Prix,Losail International Circuit,stroll,7,2,41.674,aston_martin,0,0,0,38.18079999999999,1,206,111,28.819286331592664,28.36498120110751,12.854713668407335,13.309018798892488
2024,23,Qatar Grand Prix,Losail International Circuit,tsunoda,35,1,29.024,rb,0,0,0,38.18079999999999,1,70,111,29.66529270586465,29.180847342863785,-0.6412927058646503,-0.15684734286378443
2024,23,Qatar Grand Prix,Losail International Circuit,tsunoda,36,2,22.714,rb,0,0,0,38.18079999999999,1,70,111,29.66529270586465,29.009809565857875,-6.9512927058646525,-6.295809565857876
2024,23,Qatar Grand Prix,Losail International Circuit,tsunoda,37,3,35.849,rb,0,0,0,38.18079999999999,1,70,111,29.66529270586465,29.531797056309358,6.1837072941353455,6.3172029436906385
2024,23,Qatar Grand Prix,Losail International Circuit,tsunoda,40,4,29.271,rb,0,0,0,38.18079999999999,1,70,111,29.66529270586465,32.793430950643014,-0.3942927058646504,-3.522430950643013
2024,23,Qatar Grand Prix,Losail International Circuit,zhou,35,1,29.085,sauber,0,0,0,38.18079999999999,1,74,111,31.641573020186236,31.14651567559729,-2.556573020186235,-2.0615156755972883
2024,23,Qatar Grand Prix,Losail International Circuit,zhou,36,2,23.228,sauber,0,0,0,38.18079999999999,1,74,111,31.641573020186236,30.975477898591382,-8.413573020186234,-7.747477898591381
2024,23,Qatar Grand Prix,Losail International Circuit,zhou,37,3,34.818,sauber,0,0,0,38.18079999999999,1,74,111,31.641573020186236,31.497465389042866,3.176426979813762,3.3205346109571323
2024,24,Abu Dhabi Grand Prix,Yas Marina Circuit,albon,12,1,22.065,williams,0,0,0,32.731300000000005,1,209,96,23.453048532804985,23.020954803634183,-1.3880485328049836,-0.9559548036341816
2024,24,Abu Dhabi Grand Prix,Yas Marina Circuit,alonso,13,1,23.326,aston_martin,0,0,0,32.731300000000005,1,206,96,22.572668001739384,22.68193535794467,0.7533319982606166,0.64406464205533
2024,24,Abu Dhabi Grand Prix,Yas Marina Circuit,alonso,37,2,22.437,aston_martin,0,0,0,32.731300000000005,1,206,96,22.572668001739384,22.632614425870905,-0.13566800173938276,-0.19561442587090383
2024,24,Abu Dhabi Grand Prix,Yas Marina Circuit,bottas,6,1,41.144,sauber,0,0,0,32.731300000000005,1,74,96,25.39495469033296,25.101918732926052,15.74904530966704,16.042081267073947
2024,24,Abu Dhabi Grand Prix,Yas Marina Circuit,colapinto,3,1,24.941,williams,0,0,0,32.731300000000005,1,209,96,23.453048532804985,22.97332647300856,1.487951467195014,1.9676735269914403
2024,24,Abu Dhabi Grand Prix,Yas Marina Circuit,doohan,22,1,22.08,alpine,0,0,0,32.731300000000005,1,193,96,22.832689479722323,22.86992862253908,-0.7526894797223243,-0.7899286225390831
2024,24,Abu Dhabi Grand Prix,Yas Marina Circuit,gasly,14,1,22.059,alpine,0,0,0,32.731300000000005,1,193,96,22.832689479722323,22.82759232864964,-0.7736894797223215,-0.768592328649639
2024,24,Abu Dhabi Grand Prix,Yas Marina Circuit,hamilton,34,1,21.694,mercedes,0,0,0,32.731300000000005,1,210,96,22.609290872992844,22.719277989429848,-0.9152908729928448,-1.0252779894298492
2024,24,Abu Dhabi Grand Prix,Yas Marina Circuit,hulkenberg,13,1,21.53,haas,0,0,0,32.731300000000005,1,212,96,23.70168722377201,23.635619233937966,-2.1716872237720075,-2.105619233937965
2024,24,Abu Dhabi Grand Prix,Yas Marina Circuit,kevinmagnussen,12,1,26.363,haas,0,0,0,32.731300000000005,1,212,96,23.70168722377201,23.630327197201787,2.661312776227991,2.732672802798213
2024,24,Abu Dhabi Grand Prix,Yas Marina Circuit,kevinmagnussen,29,2,21.678,haas,0,0,0,32.731300000000005,1,212,96,23.70168722377201,23.54396200797476,-2.023687223772008,-1.8659620079747583
2024,24,Abu Dhabi Grand Prix,Yas Marina Circuit,kevinmagnussen,30,3,22.815,haas,0,0,0,32.731300000000005,1,212,96,23.70168722377201,24.065949498426242,-0.8866872237720074,-1.250949498426241
2024,24,Abu Dhabi Grand Prix,Yas Marina Circuit,kevinmagnussen,55,4,22.09,haas,0,0,0,32.731300000000005,1,212,96,23.70168722377201,27.444008200955864,-1.6116872237720088,-5.354008200955864
2024,24,Abu Dhabi Grand Prix,Yas Marina Circuit,lawson,23,1,23.415,rb,0,0,0,32.731300000000005,1,70,96,23.41867437601137,23.226215024707606,-0.0036743760113715496,0.1887849752923927
2024,24,Abu Dhabi Grand Prix,Yas Marina Circuit,lawson,24,2,22.565,rb,0,0,0,32.731300000000005,1,70,96,23.41867437601137,23.0551772477017,-0.8536743760113694,-0.49017724770169835
2024,24,Abu Dhabi Grand Prix,Yas Marina Circuit,lawson,29,3,32.317,rb,0,0,0,32.731300000000005,1,70,96,23.41867437601137,23.598332885097903,8.89832562398863,8.718667114902097
2024,24,Abu Dhabi Grand Prix,Yas Marina Circuit,leclerc,20,1,21.869,ferrari,0,0,0,32.731300000000005,1,198,96,22.450850510356855,22.367108612955207,-0.5818505103568548,-0.4981086129552068
2024,24,Abu Dhabi Grand Prix,Yas Marina Circuit,maxverstappen,29,1,32.652,red_bull,0,0,0,32.731300000000005,1,220,96,22.054889007468567,22.111771188141695,10.597110992531434,10.540228811858306
2024,24,Abu Dhabi Grand Prix,Yas Marina Circuit,norris,26,1,21.276,mclaren,0,0,0,32.731300000000005,1,208,96,22.354897696735037,22.584859251593066,-1.0788976967350372,-1.3088592515930664
2024,24,Abu Dhabi Grand Prix,Yas Marina Circuit,piastri,4,1,23.582,mclaren,0,0,0,32.731300000000005,1,208,96,22.354897696735037,22.4684344433971,1.2271023032649637,1.1135655566029001
2024,24,Abu Dhabi Grand Prix,Yas Marina Circuit,piastri,32,2,32.774,mclaren,0,0,0,32.731300000000005,1,208,96,22.354897696735037,22.44028165826806,10.419102303264964,10.333718341731942
2024,24,Abu Dhabi Grand Prix,Yas Marina Circuit,russell,26,1,21.656,mercedes,0,0,0,32.731300000000005,1,210,96,22.609290872992844,22.676941695540407,-0.9532908729928451,-1.020941695540408
2024,24,Abu Dhabi Grand Prix,Yas Marina Circuit,sainz,25,1,21.28,ferrari,0,0,0,32.731300000000005,1,198,96,22.450850510356855,22.393568796636107,-1.1708505103568534,-1.1135687966361054
2024,24,Abu Dhabi Grand Prix,Yas Marina Circuit,stroll,11,1,23.266,aston_martin,0,0,0,32.731300000000005,1,206,96,22.572668001739384,22.67135128447231,0.6933319982606143,0.5946487155276898
2024,24,Abu Dhabi Grand Prix,Yas Marina Circuit,stroll,32,2,22.053,aston_martin,0,0,0,32.731300000000005,1,206,96,22.572668001739384,22.606154242190005,-0.5196680017393831,-0.5531542421900042
2024,24,Abu Dhabi Grand Prix,Yas Marina Circuit,tsunoda,22,1,21.869,rb,0,0,0,32.731300000000005,1,70,96,23.41867437601137,23.220922987971427,-1.549674376011371,-1.3519229879714274
2024,24,Abu Dhabi Grand Prix,Yas Marina Circuit,zhou,12,1,23.024,sauber,0,0,0,32.731300000000005,1,74,96,25.39495469033296,25.133670953343135,-2.370954690332958,-2.1096709533431337
2024,24,Abu Dhabi Grand Prix,Yas Marina Circuit,zhou,39,2,28.765,sauber,0,0,0,32.731300000000005,1,74,96,25.39495469033296,25.10022613147791,3.3700453096670415,3.66477386852209
