driver,team,strategy,start_compound,second_compound,pit_lap,pit_loss_s,predicted_total_time_s,seconds_slower_than_best_for_strategy
ALB,Williams,HARD -> MEDIUM,HARD,MEDIUM,5,21,5416.97516915321,0
ALB,Williams,HARD -> MEDIUM,HARD,MEDIUM,6,21,5422.145087526609,5.169918373399014
ALB,Williams,HARD -> MEDIUM,HARD,MEDIUM,7,21,5427.295468048657,10.320298895447195
ALB,Williams,HARD -> MEDIUM,HARD,MEDIUM,8,21,5432.426310719351,15.451141566140905
ALB,Williams,HARD -> MEDIUM,HARD,MEDIUM,9,21,5437.53761553869,20.562446385480143
ALB,Williams,HARD -> MEDIUM,HARD,MEDIUM,10,21,5442.629382506678,25.65421335346764
ALB,Williams,HARD -> MEDIUM,HARD,MEDIUM,11,21,5447.701611623312,30.726442470101574
ALB,Williams,HARD -> MEDIUM,HARD,MEDIUM,12,21,5452.754302888592,35.77913373538195
ALB,Williams,HARD -> MEDIUM,HARD,MEDIUM,13,21,5457.78745630252,40.81228714930967
ALB,Williams,HARD -> MEDIUM,HARD,MEDIUM,14,21,5462.801071865095,45.82590271188474
ALB,Williams,HARD -> MEDIUM,HARD,MEDIUM,15,21,5467.795149576317,50.819980423107154
ALB,Williams,HARD -> MEDIUM,HARD,MEDIUM,16,21,5472.769689436185,55.7945202829751
ALB,Williams,HARD -> MEDIUM,HARD,MEDIUM,17,21,5477.7246914447005,60.74952229149039
ALB,Williams,HARD -> MEDIUM,HARD,MEDIUM,18,21,5482.660155601864,65.68498644865394
ALB,Williams,HARD -> MEDIUM,HARD,MEDIUM,19,21,5487.576081907673,70.60091275446302
ALB,Williams,HARD -> MEDIUM,HARD,MEDIUM,20,21,5492.4724703621305,75.49730120892036
ALB,Williams,HARD -> MEDIUM,HARD,MEDIUM,21,21,5497.349320965232,80.37415181202232
ALB,Williams,HARD -> MEDIUM,HARD,MEDIUM,22,21,5502.206633716984,85.23146456377344
ALB,Williams,HARD -> MEDIUM,HARD,MEDIUM,23,21,5507.044408617381,90.069239464171
ALB,Williams,HARD -> MEDIUM,HARD,MEDIUM,24,21,5511.862645666424,94.8874765132141
ALB,Williams,HARD -> MEDIUM,HARD,MEDIUM,25,21,5516.661344864116,99.68617571090545
ALB,Williams,HARD -> MEDIUM,HARD,MEDIUM,26,21,5521.440506210453,104.46533705724323
ALB,Williams,HARD -> MEDIUM,HARD,MEDIUM,27,21,5526.200129705438,109.22496055222746
ALB,Williams,HARD -> MEDIUM,HARD,MEDIUM,28,21,5530.94021534907,113.96504619585994
ALB,Williams,HARD -> MEDIUM,HARD,MEDIUM,29,21,5535.660763141348,118.68559398813795
ALB,Williams,HARD -> MEDIUM,HARD,MEDIUM,30,21,5540.361773082273,123.38660392906331
ALB,Williams,HARD -> MEDIUM,HARD,MEDIUM,31,21,5545.043245171846,128.06807601863602
ALB,Williams,HARD -> MEDIUM,HARD,MEDIUM,32,21,5549.705179410065,132.73001025685517
ALB,Williams,HARD -> MEDIUM,HARD,MEDIUM,33,21,5554.347575796932,137.37240664372166
ALB,Williams,HARD -> MEDIUM,HARD,MEDIUM,34,21,5558.970434332445,141.9952651792346
ALB,Williams,HARD -> MEDIUM,HARD,MEDIUM,35,21,5563.573755016605,146.59858586339487
ALB,Williams,HARD -> MEDIUM,HARD,MEDIUM,36,21,5568.1575378494135,151.1823686962034
ALB,Williams,HARD -> MEDIUM,HARD,MEDIUM,37,21,5572.721782830868,155.74661367765748
ALB,Williams,HARD -> MEDIUM,HARD,MEDIUM,38,21,5577.266489960968,160.29132080775798
ALB,Williams,HARD -> MEDIUM,HARD,MEDIUM,39,21,5581.791659239716,164.81649008650584
ALB,Williams,HARD -> MEDIUM,HARD,MEDIUM,40,21,5586.297290667111,169.32212151390104
ALB,Williams,HARD -> MEDIUM,HARD,MEDIUM,41,21,5590.783384243154,173.8082150899436
ALB,Williams,HARD -> MEDIUM,HARD,MEDIUM,42,21,5595.249939967842,178.27477081463167
ALB,Williams,HARD -> MEDIUM,HARD,MEDIUM,43,21,5599.696957841177,182.7217886879671
ALB,Williams,HARD -> MEDIUM,HARD,MEDIUM,44,21,5604.12443786316,187.14926870994987
ALB,Williams,HARD -> MEDIUM,HARD,MEDIUM,45,21,5608.532380033789,191.55721088057908
ALB,Williams,HARD -> MEDIUM,HARD,MEDIUM,46,21,5612.920784353066,195.94561519985564
ALB,Williams,HARD -> MEDIUM,HARD,MEDIUM,47,21,5617.28965082099,200.31448166777955
ALB,Williams,HARD -> SOFT,HARD,SOFT,5,21,12512.421436012577,7806.093097835364
ALB,Williams,HARD -> SOFT,HARD,SOFT,6,21,12071.833165598207,7365.504827420994
ALB,Williams,HARD -> SOFT,HARD,SOFT,7,21,11644.042368069002,6937.714029891788
ALB,Williams,HARD -> SOFT,HARD,SOFT,8,21,11229.049043424948,6522.720705247734
ALB,Williams,HARD -> SOFT,HARD,SOFT,9,21,10826.853191666045,6120.5248534888315
ALB,Williams,HARD -> SOFT,HARD,SOFT,10,21,10437.454812792303,5731.126474615089
ALB,Williams,HARD -> SOFT,HARD,SOFT,11,21,10060.853906803719,5354.525568626505
ALB,Williams,HARD -> SOFT,HARD,SOFT,12,21,9697.050473700283,4990.7221355230695
ALB,Williams,HARD -> SOFT,HARD,SOFT,13,21,9346.044513482006,4639.716175304792
ALB,Williams,HARD -> SOFT,HARD,SOFT,14,21,9007.836026148885,4301.507687971672
ALB,Williams,HARD -> SOFT,HARD,SOFT,15,21,8682.42501170092,3976.096673523706
ALB,Williams,HARD -> SOFT,HARD,SOFT,16,21,8369.811470138106,3663.483131960892
ALB,Williams,HARD -> SOFT,HARD,SOFT,17,21,8069.99540146045,3363.6670632832365
ALB,Williams,HARD -> SOFT,HARD,SOFT,18,21,7782.976805667948,3076.648467490734
ALB,Williams,HARD -> SOFT,HARD,SOFT,19,21,7508.755682760602,2802.4273445833887
ALB,Williams,HARD -> SOFT,HARD,SOFT,20,21,7247.332032738412,2541.0036945611982
ALB,Williams,HARD -> SOFT,HARD,SOFT,21,21,6998.705855601376,2292.3775174241628
ALB,Williams,HARD -> SOFT,HARD,SOFT,22,21,6762.8771513494985,2056.548813172285
ALB,Williams,HARD -> SOFT,HARD,SOFT,23,21,6539.845919982772,1833.5175818055586
ALB,Williams,HARD -> SOFT,HARD,SOFT,24,21,6329.612161501203,1623.28382332399
ALB,Williams,HARD -> SOFT,HARD,SOFT,25,21,6132.175875904788,1425.8475377275745
ALB,Williams,HARD -> SOFT,HARD,SOFT,26,21,5947.53706319353,1241.2087250163167
ALB,Williams,HARD -> SOFT,HARD,SOFT,27,21,5775.6957233674275,1069.367385190214
ALB,Williams,HARD -> SOFT,HARD,SOFT,28,21,5616.651856426479,910.3235182492654
ALB,Williams,HARD -> SOFT,HARD,SOFT,29,21,5470.405462370686,764.0771241934726
ALB,Williams,HARD -> SOFT,HARD,SOFT,30,21,5336.956541200048,630.6282030228349
ALB,Williams,HARD -> SOFT,HARD,SOFT,31,21,5216.305092914566,509.97675473735217
ALB,Williams,HARD -> SOFT,HARD,SOFT,32,21,5108.451117514239,402.12277933702535
ALB,Williams,HARD -> SOFT,HARD,SOFT,33,21,5013.394614999066,307.0662768218526
ALB,Williams,HARD -> SOFT,HARD,SOFT,34,21,4931.135585369051,224.80724719183763
ALB,Williams,HARD -> SOFT,HARD,SOFT,35,21,4861.674028624189,155.34569044697582
ALB,Williams,HARD -> SOFT,HARD,SOFT,36,21,4805.009944764483,98.68160658726993
ALB,Williams,HARD -> SOFT,HARD,SOFT,37,21,4761.143333789933,54.81499561271994
ALB,Williams,HARD -> SOFT,HARD,SOFT,38,21,4730.0741957005375,23.745857523324048
ALB,Williams,HARD -> SOFT,HARD,SOFT,39,21,4711.802530496298,5.474192319084068
ALB,Williams,HARD -> SOFT,HARD,SOFT,40,21,4706.3283381772135,0
ALB,Williams,HARD -> SOFT,HARD,SOFT,41,21,4713.651618743284,7.323280566070935
ALB,Williams,HARD -> SOFT,HARD,SOFT,42,21,4733.77237219451,27.44403401729687
ALB,Williams,HARD -> SOFT,HARD,SOFT,43,21,4766.690598530891,60.36226035367781
ALB,Williams,HARD -> SOFT,HARD,SOFT,44,21,4812.406297752428,106.07795957521466
ALB,Williams,HARD -> SOFT,HARD,SOFT,45,21,4870.91946985912,164.59113168190652
ALB,Williams,HARD -> SOFT,HARD,SOFT,46,21,4942.230114850967,235.90177667375337
ALB,Williams,HARD -> SOFT,HARD,SOFT,47,21,5026.33823272797,320.00989455075614
ALB,Williams,MEDIUM -> HARD,MEDIUM,HARD,5,21,5612.698255753017,200.31448166777864
ALB,Williams,MEDIUM -> HARD,MEDIUM,HARD,6,21,5607.528337379617,195.1445632943787
ALB,Williams,MEDIUM -> HARD,MEDIUM,HARD,7,21,5602.377956857571,189.99418277233235
ALB,Williams,MEDIUM -> HARD,MEDIUM,HARD,8,21,5597.247114186877,184.86334010163864
ALB,Williams,MEDIUM -> HARD,MEDIUM,HARD,9,21,5592.135809367537,179.7520352822985
ALB,Williams,MEDIUM -> HARD,MEDIUM,HARD,10,21,5587.044042399551,174.6602683143119
ALB,Williams,MEDIUM -> HARD,MEDIUM,HARD,11,21,5581.971813282917,169.58803919767797
ALB,Williams,MEDIUM -> HARD,MEDIUM,HARD,12,21,5576.919122017636,164.5353479323976
ALB,Williams,MEDIUM -> HARD,MEDIUM,HARD,13,21,5571.8859686037085,159.50219451846988
ALB,Williams,MEDIUM -> HARD,MEDIUM,HARD,14,21,5566.872353041133,154.4885789558939
ALB,Williams,MEDIUM -> HARD,MEDIUM,HARD,15,21,5561.878275329911,149.4945012446724
ALB,Williams,MEDIUM -> HARD,MEDIUM,HARD,16,21,5556.903735470042,144.51996138480354
ALB,Williams,MEDIUM -> HARD,MEDIUM,HARD,17,21,5551.948733461528,139.56495937628915
ALB,Williams,MEDIUM -> HARD,MEDIUM,HARD,18,21,5547.013269304364,134.6294952191256
ALB,Williams,MEDIUM -> HARD,MEDIUM,HARD,19,21,5542.097342998554,129.7135689133156
ALB,Williams,MEDIUM -> HARD,MEDIUM,HARD,20,21,5537.200954544099,124.8171804588601
ALB,Williams,MEDIUM -> HARD,MEDIUM,HARD,21,21,5532.324103940995,119.94032985575632
ALB,Williams,MEDIUM -> HARD,MEDIUM,HARD,22,21,5527.466791189245,115.0830171040061
ALB,Williams,MEDIUM -> HARD,MEDIUM,HARD,23,21,5522.629016288847,110.24524220360854
ALB,Williams,MEDIUM -> HARD,MEDIUM,HARD,24,21,5517.810779239802,105.42700515456363
ALB,Williams,MEDIUM -> HARD,MEDIUM,HARD,25,21,5513.012080042112,100.62830595687319
ALB,Williams,MEDIUM -> HARD,MEDIUM,HARD,26,21,5508.232918695774,95.8491446105354
ALB,Williams,MEDIUM -> HARD,MEDIUM,HARD,27,21,5503.473295200789,91.08952111555027
ALB,Williams,MEDIUM -> HARD,MEDIUM,HARD,28,21,5498.733209557156,86.34943547191779
ALB,Williams,MEDIUM -> HARD,MEDIUM,HARD,29,21,5494.012661764878,81.62888767963977
ALB,Williams,MEDIUM -> HARD,MEDIUM,HARD,30,21,5489.311651823953,76.92787773871441
ALB,Williams,MEDIUM -> HARD,MEDIUM,HARD,31,21,5484.63017973438,72.2464056491417
ALB,Williams,MEDIUM -> HARD,MEDIUM,HARD,32,21,5479.96824549616,67.58447141092165
ALB,Williams,MEDIUM -> HARD,MEDIUM,HARD,33,21,5475.325849109295,62.94207502405607
ALB,Williams,MEDIUM -> HARD,MEDIUM,HARD,34,21,5470.702990573781,58.319216488542224
ALB,Williams,MEDIUM -> HARD,MEDIUM,HARD,35,21,5466.099669889621,53.715895804381944
ALB,Williams,MEDIUM -> HARD,MEDIUM,HARD,36,21,5461.515887056814,49.132112971575225
ALB,Williams,MEDIUM -> HARD,MEDIUM,HARD,37,21,5456.95164207536,44.56786799012116
ALB,Williams,MEDIUM -> HARD,MEDIUM,HARD,38,21,5452.406934945258,40.02316086001974
ALB,Williams,MEDIUM -> HARD,MEDIUM,HARD,39,21,5447.881765666511,35.49799158127189
ALB,Williams,MEDIUM -> HARD,MEDIUM,HARD,40,21,5443.376134239115,30.99236015387669
ALB,Williams,MEDIUM -> HARD,MEDIUM,HARD,41,21,5438.890040663075,26.50626657783596
ALB,Williams,MEDIUM -> HARD,MEDIUM,HARD,42,21,5434.423484938386,22.03971085314697
ALB,Williams,MEDIUM -> HARD,MEDIUM,HARD,43,21,5429.97646706505,17.592692979811545
ALB,Williams,MEDIUM -> HARD,MEDIUM,HARD,44,21,5425.548987043068,13.16521295782968
ALB,Williams,MEDIUM -> HARD,MEDIUM,HARD,45,21,5421.141044872438,8.757270787199559
ALB,Williams,MEDIUM -> HARD,MEDIUM,HARD,46,21,5416.752640553162,4.368866467922999
ALB,Williams,MEDIUM -> HARD,MEDIUM,HARD,47,21,5412.383774085239,0
ALB,Williams,MEDIUM -> SOFT,MEDIUM,SOFT,5,21,12486.278776375282,7975.415219349263
ALB,Williams,MEDIUM -> SOFT,MEDIUM,SOFT,6,21,12040.520587587514,7529.657030561495
ALB,Williams,MEDIUM -> SOFT,MEDIUM,SOFT,7,21,11607.579409536262,7096.715852510242
ALB,Williams,MEDIUM -> SOFT,MEDIUM,SOFT,8,21,11187.455242221515,6676.591685195495
ALB,Williams,MEDIUM -> SOFT,MEDIUM,SOFT,9,21,10780.148085643272,6269.284528617252
ALB,Williams,MEDIUM -> SOFT,MEDIUM,SOFT,10,21,10385.657939801542,5874.7943827755225
ALB,Williams,MEDIUM -> SOFT,MEDIUM,SOFT,11,21,10003.984804696325,5493.121247670306
ALB,Williams,MEDIUM -> SOFT,MEDIUM,SOFT,12,21,9635.128680327609,5124.2651233015895
ALB,Williams,MEDIUM -> SOFT,MEDIUM,SOFT,13,21,9279.089566695402,4768.226009669383
ALB,Williams,MEDIUM -> SOFT,MEDIUM,SOFT,14,21,8935.867463799706,4425.003906773687
ALB,Williams,MEDIUM -> SOFT,MEDIUM,SOFT,15,21,8605.46237164052,4094.598814614501
ALB,Williams,MEDIUM -> SOFT,MEDIUM,SOFT,16,21,8287.874290217836,3777.010733191817
ALB,Williams,MEDIUM -> SOFT,MEDIUM,SOFT,17,21,7983.103219531666,3472.2396625056463
ALB,Williams,MEDIUM -> SOFT,MEDIUM,SOFT,18,21,7691.149159582002,3180.285602555982
ALB,Williams,MEDIUM -> SOFT,MEDIUM,SOFT,19,21,7412.012110368846,2901.1485533428267
ALB,Williams,MEDIUM -> SOFT,MEDIUM,SOFT,20,21,7145.692071892199,2634.82851486618
ALB,Williams,MEDIUM -> SOFT,MEDIUM,SOFT,21,21,6892.189044152061,2381.3254871260415
ALB,Williams,MEDIUM -> SOFT,MEDIUM,SOFT,22,21,6651.503027148432,2140.6394701224126
ALB,Williams,MEDIUM -> SOFT,MEDIUM,SOFT,23,21,6423.634020881309,1912.7704638552896
ALB,Williams,MEDIUM -> SOFT,MEDIUM,SOFT,24,21,6208.582025350695,1697.718468324676
ALB,Williams,MEDIUM -> SOFT,MEDIUM,SOFT,25,21,6006.34704055659,1495.483483530571
ALB,Williams,MEDIUM -> SOFT,MEDIUM,SOFT,26,21,5816.929066498995,1306.0655094729755
ALB,Williams,MEDIUM -> SOFT,MEDIUM,SOFT,27,21,5640.328103177906,1129.4645461518867
ALB,Williams,MEDIUM -> SOFT,MEDIUM,SOFT,28,21,5476.544150593326,965.6805935673065
ALB,Williams,MEDIUM -> SOFT,MEDIUM,SOFT,29,21,5325.577208745255,814.7136517192357
ALB,Williams,MEDIUM -> SOFT,MEDIUM,SOFT,30,21,5187.427277633691,676.5637206076717
ALB,Williams,MEDIUM -> SOFT,MEDIUM,SOFT,31,21,5062.094357258637,551.2308002326172
ALB,Williams,MEDIUM -> SOFT,MEDIUM,SOFT,32,21,4949.57844762009,438.7148905940703
ALB,Williams,MEDIUM -> SOFT,MEDIUM,SOFT,33,21,4849.879548718052,339.0159916920329
ALB,Williams,MEDIUM -> SOFT,MEDIUM,SOFT,34,21,4762.997660552523,252.13410352650317
ALB,Williams,MEDIUM -> SOFT,MEDIUM,SOFT,35,21,4688.9327831235005,178.06922609748108
ALB,Williams,MEDIUM -> SOFT,MEDIUM,SOFT,36,21,4627.684916430988,116.82135940496846
ALB,Williams,MEDIUM -> SOFT,MEDIUM,SOFT,37,21,4579.254060474984,68.39050344896441
ALB,Williams,MEDIUM -> SOFT,MEDIUM,SOFT,38,21,4543.640215255487,32.77665822946801
ALB,Williams,MEDIUM -> SOFT,MEDIUM,SOFT,39,21,4520.8433807725,9.979823746480179
ALB,Williams,MEDIUM -> SOFT,MEDIUM,SOFT,40,21,4510.863557026019,0
ALB,Williams,MEDIUM -> SOFT,MEDIUM,SOFT,41,21,4513.700744016049,2.837186990029295
ALB,Williams,MEDIUM -> SOFT,MEDIUM,SOFT,42,21,4529.354941742587,18.491384716567154
ALB,Williams,MEDIUM -> SOFT,MEDIUM,SOFT,43,21,4557.826150205632,46.96259317961267
ALB,Williams,MEDIUM -> SOFT,MEDIUM,SOFT,44,21,4599.114369405186,88.25081237916675
ALB,Williams,MEDIUM -> SOFT,MEDIUM,SOFT,45,21,4653.219599341249,142.3560423152294
ALB,Williams,MEDIUM -> SOFT,MEDIUM,SOFT,46,21,4720.141840013819,209.27828298779968
ALB,Williams,MEDIUM -> SOFT,MEDIUM,SOFT,47,21,4799.881091422898,289.01753439687855
ALB,Williams,SOFT -> HARD,SOFT,HARD,5,21,6824.992021935685,0
ALB,Williams,SOFT -> HARD,SOFT,HARD,6,21,7054.691586431094,229.6995644954086
ALB,Williams,SOFT -> HARD,SOFT,HARD,7,21,7281.880931988612,456.8889100529268
ALB,Williams,SOFT -> HARD,SOFT,HARD,8,21,7506.560058608242,681.5680366725564
ALB,Williams,SOFT -> HARD,SOFT,HARD,9,21,7728.728966289982,903.7369443542966
ALB,Williams,SOFT -> HARD,SOFT,HARD,10,21,7948.387655033834,1123.3956330981482
ALB,Williams,SOFT -> HARD,SOFT,HARD,11,21,8165.536124839796,1340.5441029041103
ALB,Williams,SOFT -> HARD,SOFT,HARD,12,21,8380.17437570787,1555.182353772184
ALB,Williams,SOFT -> HARD,SOFT,HARD,13,21,8592.302407638053,1767.310385702368
ALB,Williams,SOFT -> HARD,SOFT,HARD,14,21,8801.920220630347,1976.9281986946617
ALB,Williams,SOFT -> HARD,SOFT,HARD,15,21,9009.027814684752,2184.035792749067
ALB,Williams,SOFT -> HARD,SOFT,HARD,16,21,9213.62518980127,2388.633167865585
ALB,Williams,SOFT -> HARD,SOFT,HARD,17,21,9415.712345979897,2590.7203240442113
ALB,Williams,SOFT -> HARD,SOFT,HARD,18,21,9615.289283220634,2790.297261284949
ALB,Williams,SOFT -> HARD,SOFT,HARD,19,21,9812.356001523483,2987.363979587798
ALB,Williams,SOFT -> HARD,SOFT,HARD,20,21,10006.912500888444,3181.9204789527585
ALB,Williams,SOFT -> HARD,SOFT,HARD,21,21,10198.958781315516,3373.9667593798304
ALB,Williams,SOFT -> HARD,SOFT,HARD,22,21,10388.494842804696,3563.50282086901
ALB,Williams,SOFT -> HARD,SOFT,HARD,23,21,10575.52068535599,3750.528663420305
ALB,Williams,SOFT -> HARD,SOFT,HARD,24,21,10760.036308969393,3935.0442870337074
ALB,Williams,SOFT -> HARD,SOFT,HARD,25,21,10942.041713644909,4117.049691709223
ALB,Williams,SOFT -> HARD,SOFT,HARD,26,21,11121.536899382536,4296.5448774468505
ALB,Williams,SOFT -> HARD,SOFT,HARD,27,21,11298.521866182271,4473.5298442465855
ALB,Williams,SOFT -> HARD,SOFT,HARD,28,21,11472.996614044117,4648.004592108432
ALB,Williams,SOFT -> HARD,SOFT,HARD,29,21,11644.961142968077,4819.969121032392
ALB,Williams,SOFT -> HARD,SOFT,HARD,30,21,11814.415452954145,4989.423431018459
ALB,Williams,SOFT -> HARD,SOFT,HARD,31,21,11981.359544002325,5156.36752206664
ALB,Williams,SOFT -> HARD,SOFT,HARD,32,21,12145.793416112618,5320.801394176932
ALB,Williams,SOFT -> HARD,SOFT,HARD,33,21,12307.71706928502,5482.725047349334
ALB,Williams,SOFT -> HARD,SOFT,HARD,34,21,12467.130503519533,5642.138481583847
ALB,Williams,SOFT -> HARD,SOFT,HARD,35,21,12624.033718816156,5799.04169688047
ALB,Williams,SOFT -> HARD,SOFT,HARD,36,21,12778.42671517489,5953.4346932392045
ALB,Williams,SOFT -> HARD,SOFT,HARD,37,21,12930.309492595736,6105.31747066005
ALB,Williams,SOFT -> HARD,SOFT,HARD,38,21,13079.682051078693,6254.690029143007
ALB,Williams,SOFT -> HARD,SOFT,HARD,39,21,13226.54439062376,6401.552368688074
ALB,Williams,SOFT -> HARD,SOFT,HARD,40,21,13370.896511230938,6545.9044892952525
ALB,Williams,SOFT -> HARD,SOFT,HARD,41,21,13512.738412900226,6687.74639096454
ALB,Williams,SOFT -> HARD,SOFT,HARD,42,21,13652.070095631625,6827.07807369594
ALB,Williams,SOFT -> HARD,SOFT,HARD,43,21,13788.891559425138,6963.899537489452
ALB,Williams,SOFT -> HARD,SOFT,HARD,44,21,13923.202804280758,7098.210782345072
ALB,Williams,SOFT -> HARD,SOFT,HARD,45,21,14055.003830198491,7230.011808262806
ALB,Williams,SOFT -> HARD,SOFT,HARD,46,21,14184.294637178335,7359.302615242649
ALB,Williams,SOFT -> HARD,SOFT,HARD,47,21,14311.07522522029,7486.083203284604
ALB,Williams,SOFT -> MEDIUM,SOFT,MEDIUM,5,21,6603.126275698585,0
ALB,Williams,SOFT -> MEDIUM,SOFT,MEDIUM,6,21,6837.995758567393,234.8694828688076
ALB,Williams,SOFT -> MEDIUM,SOFT,MEDIUM,7,21,7070.335484646959,467.209208948374
ALB,Williams,SOFT -> MEDIUM,SOFT,MEDIUM,8,21,7300.145453937283,697.01917823869735
ALB,Williams,SOFT -> MEDIUM,SOFT,MEDIUM,9,21,7527.425666438362,924.2993907397768
ALB,Williams,SOFT -> MEDIUM,SOFT,MEDIUM,10,21,7752.1761221502,1149.049846451615
ALB,Williams,SOFT -> MEDIUM,SOFT,MEDIUM,11,21,7974.396821072796,1371.270545374211
ALB,Williams,SOFT -> MEDIUM,SOFT,MEDIUM,12,21,8194.08776320615,1590.961487507564
ALB,Williams,SOFT -> MEDIUM,SOFT,MEDIUM,13,21,8411.248948550261,1808.1226728516758
ALB,Williams,SOFT -> MEDIUM,SOFT,MEDIUM,14,21,8625.880377105132,2022.7541014065464
ALB,Williams,SOFT -> MEDIUM,SOFT,MEDIUM,15,21,8837.98204887076,2234.855773172174
ALB,Williams,SOFT -> MEDIUM,SOFT,MEDIUM,16,21,9047.553963847144,2444.4276881485584
ALB,Williams,SOFT -> MEDIUM,SOFT,MEDIUM,17,21,9254.596122034287,2651.4698463357017
ALB,Williams,SOFT -> MEDIUM,SOFT,MEDIUM,18,21,9459.108523432189,2855.982247733604
ALB,Williams,SOFT -> MEDIUM,SOFT,MEDIUM,19,21,9661.091168040846,3057.964892342261
ALB,Williams,SOFT -> MEDIUM,SOFT,MEDIUM,20,21,9860.544055860264,3257.417780161679
ALB,Williams,SOFT -> MEDIUM,SOFT,MEDIUM,21,21,10057.467186890437,3454.340911191852
ALB,Williams,SOFT -> MEDIUM,SOFT,MEDIUM,22,21,10251.860561131369,3648.7342854327835
ALB,Williams,SOFT -> MEDIUM,SOFT,MEDIUM,23,21,10443.724178583061,3840.597902884476
ALB,Williams,SOFT -> MEDIUM,SOFT,MEDIUM,24,21,10633.058039245509,4029.9317635469233
ALB,Williams,SOFT -> MEDIUM,SOFT,MEDIUM,25,21,10819.862143118715,4216.73586742013
ALB,Williams,SOFT -> MEDIUM,SOFT,MEDIUM,26,21,11004.136490202678,4401.010214504093
ALB,Williams,SOFT -> MEDIUM,SOFT,MEDIUM,27,21,11185.8810804974,4582.754804798815
ALB,Williams,SOFT -> MEDIUM,SOFT,MEDIUM,28,21,11365.095914002879,4761.969638304294
ALB,Williams,SOFT -> MEDIUM,SOFT,MEDIUM,29,21,11541.780990719115,4938.65471502053
ALB,Williams,SOFT -> MEDIUM,SOFT,MEDIUM,30,21,11715.93631064611,5112.810034947524
ALB,Williams,SOFT -> MEDIUM,SOFT,MEDIUM,31,21,11887.561873783863,5284.435598085278
ALB,Williams,SOFT -> MEDIUM,SOFT,MEDIUM,32,21,12056.657680132374,5453.531404433788
ALB,Williams,SOFT -> MEDIUM,SOFT,MEDIUM,33,21,12223.223729691641,5620.097453993056
ALB,Williams,SOFT -> MEDIUM,SOFT,MEDIUM,34,21,12387.260022461669,5784.133746763084
ALB,Williams,SOFT -> MEDIUM,SOFT,MEDIUM,35,21,12548.766558442452,5945.640282743867
ALB,Williams,SOFT -> MEDIUM,SOFT,MEDIUM,36,21,12707.743337633994,6104.617061935409
ALB,Williams,SOFT -> MEDIUM,SOFT,MEDIUM,37,21,12864.190360036293,6261.064084337708
ALB,Williams,SOFT -> MEDIUM,SOFT,MEDIUM,38,21,13018.10762564935,6414.981349950765
ALB,Williams,SOFT -> MEDIUM,SOFT,MEDIUM,39,21,13169.495134473165,6566.36885877458
ALB,Williams,SOFT -> MEDIUM,SOFT,MEDIUM,40,21,13318.352886507739,6715.2266108091535
ALB,Williams,SOFT -> MEDIUM,SOFT,MEDIUM,41,21,13464.68088175307,6861.554606054484
ALB,Williams,SOFT -> MEDIUM,SOFT,MEDIUM,42,21,13608.479120209158,7005.352844510573
ALB,Williams,SOFT -> MEDIUM,SOFT,MEDIUM,43,21,13749.747601876004,7146.621326177419
ALB,Williams,SOFT -> MEDIUM,SOFT,MEDIUM,44,21,13888.48632675361,7285.360051055024
ALB,Williams,SOFT -> MEDIUM,SOFT,MEDIUM,45,21,14024.695294841971,7421.569019143386
ALB,Williams,SOFT -> MEDIUM,SOFT,MEDIUM,46,21,14158.374506141092,7555.248230442507
ALB,Williams,SOFT -> MEDIUM,SOFT,MEDIUM,47,21,14289.52396065097,7686.397684952384
ALO,Aston Martin,HARD -> MEDIUM,HARD,MEDIUM,5,21,5370.523500378363,0
ALO,Aston Martin,HARD -> MEDIUM,HARD,MEDIUM,6,21,5376.0323685618705,5.5088681835077296
ALO,Aston Martin,HARD -> MEDIUM,HARD,MEDIUM,7,21,5381.5499329622035,11.026432583840688
ALO,Aston Martin,HARD -> MEDIUM,HARD,MEDIUM,8,21,5387.076193579363,16.552693200999784
ALO,Aston Martin,HARD -> MEDIUM,HARD,MEDIUM,9,21,5392.611150413344,22.08765003498138
ALO,Aston Martin,HARD -> MEDIUM,HARD,MEDIUM,10,21,5398.154803464148,27.631303085785476
ALO,Aston Martin,HARD -> MEDIUM,HARD,MEDIUM,11,21,5403.7071527317785,33.18365235341571
ALO,Aston Martin,HARD -> MEDIUM,HARD,MEDIUM,12,21,5409.268198216233,38.74469783787026
ALO,Aston Martin,HARD -> MEDIUM,HARD,MEDIUM,13,21,5414.837939917512,44.314439539149134
ALO,Aston Martin,HARD -> MEDIUM,HARD,MEDIUM,14,21,5420.416377835614,49.892877457251416
ALO,Aston Martin,HARD -> MEDIUM,HARD,MEDIUM,15,21,5426.003511970541,55.480011592178016
ALO,Aston Martin,HARD -> MEDIUM,HARD,MEDIUM,16,21,5431.599342322293,61.075841943929845
ALO,Aston Martin,HARD -> MEDIUM,HARD,MEDIUM,17,21,5437.203868890869,66.68036851250599
ALO,Aston Martin,HARD -> MEDIUM,HARD,MEDIUM,18,21,5442.817091676268,72.29359129790555
ALO,Aston Martin,HARD -> MEDIUM,HARD,MEDIUM,19,21,5448.439010678492,77.91551030012943
ALO,Aston Martin,HARD -> MEDIUM,HARD,MEDIUM,20,21,5454.06962589754,83.54612551917762
ALO,Aston Martin,HARD -> MEDIUM,HARD,MEDIUM,21,21,5459.708937333413,89.18543695505014
ALO,Aston Martin,HARD -> MEDIUM,HARD,MEDIUM,22,21,5465.356944986112,94.83344460774879
ALO,Aston Martin,HARD -> MEDIUM,HARD,MEDIUM,23,21,5471.013648855632,100.49014847726903
ALO,Aston Martin,HARD -> MEDIUM,HARD,MEDIUM,24,21,5476.679048941978,106.15554856361541
ALO,Aston Martin,HARD -> MEDIUM,HARD,MEDIUM,25,21,5482.353145245148,111.8296448667852
ALO,Aston Martin,HARD -> MEDIUM,HARD,MEDIUM,26,21,5488.035937765142,117.51243738677931
ALO,Aston Martin,HARD -> MEDIUM,HARD,MEDIUM,27,21,5493.727426501959,123.20392612359592
ALO,Aston Martin,HARD -> MEDIUM,HARD,MEDIUM,28,21,5499.427611455601,128.90411107723867
ALO,Aston Martin,HARD -> MEDIUM,HARD,MEDIUM,29,21,5505.136492626069,134.61299224770664
ALO,Aston Martin,HARD -> MEDIUM,HARD,MEDIUM,30,21,5510.85407001336,140.33056963499712
ALO,Aston Martin,HARD -> MEDIUM,HARD,MEDIUM,31,21,5516.580343617476,146.05684323911282
ALO,Aston Martin,HARD -> MEDIUM,HARD,MEDIUM,32,21,5522.315313438416,151.79181306005285
ALO,Aston Martin,HARD -> MEDIUM,HARD,MEDIUM,33,21,5528.058979476179,157.53547909781628
ALO,Aston Martin,HARD -> MEDIUM,HARD,MEDIUM,34,21,5533.811341730768,163.28784135240494
ALO,Aston Martin,HARD -> MEDIUM,HARD,MEDIUM,35,21,5539.57240020218,169.048899823817
ALO,Aston Martin,HARD -> MEDIUM,HARD,MEDIUM,36,21,5545.342154890417,174.8186545120543
ALO,Aston Martin,HARD -> MEDIUM,HARD,MEDIUM,37,21,5551.120605795479,180.59710541711593
ALO,Aston Martin,HARD -> MEDIUM,HARD,MEDIUM,38,21,5556.907752917364,186.38425253900095
ALO,Aston Martin,HARD -> MEDIUM,HARD,MEDIUM,39,21,5562.703596256074,192.1800958777112
ALO,Aston Martin,HARD -> MEDIUM,HARD,MEDIUM,40,21,5568.508135811608,197.98463543324488
ALO,Aston Martin,HARD -> MEDIUM,HARD,MEDIUM,41,21,5574.3213715839665,203.79787120560377
ALO,Aston Martin,HARD -> MEDIUM,HARD,MEDIUM,42,21,5580.143303573149,209.61980319478607
ALO,Aston Martin,HARD -> MEDIUM,HARD,MEDIUM,43,21,5585.9739317791555,215.4504314007927
ALO,Aston Martin,HARD -> MEDIUM,HARD,MEDIUM,44,21,5591.813256201987,221.28975582362455
ALO,Aston Martin,HARD -> MEDIUM,HARD,MEDIUM,45,21,5597.661276841643,227.1377764632798
ALO,Aston Martin,HARD -> MEDIUM,HARD,MEDIUM,46,21,5603.517993698122,232.99449331975939
ALO,Aston Martin,HARD -> MEDIUM,HARD,MEDIUM,47,21,5609.383406771427,238.8599063930642
ALO,Aston Martin,HARD -> SOFT,HARD,SOFT,5,21,7309.68411652393,1679.9302089603834
ALO,Aston Martin,HARD -> SOFT,HARD,SOFT,6,21,7233.20821789979,1603.454310336243
ALO,Aston Martin,HARD -> SOFT,HARD,SOFT,7,21,7158.511712461776,1528.7578048982296
ALO,Aston Martin,HARD -> SOFT,HARD,SOFT,8,21,7085.594600209886,1455.8406926463394
ALO,Aston Martin,HARD -> SOFT,HARD,SOFT,9,21,7014.456881144122,1384.7029735805754
ALO,Aston Martin,HARD -> SOFT,HARD,SOFT,10,21,6945.098555264482,1315.3446477009347
ALO,Aston Martin,HARD -> SOFT,HARD,SOFT,11,21,6877.519622570968,1247.765715007421
ALO,Aston Martin,HARD -> SOFT,HARD,SOFT,12,21,6811.7200830635775,1181.9661755000307
ALO,Aston Martin,HARD -> SOFT,HARD,SOFT,13,21,6747.699936742311,1117.9460291787645
ALO,Aston Martin,HARD -> SOFT,HARD,SOFT,14,21,6685.4591836071695,1055.7052760436227
ALO,Aston Martin,HARD -> SOFT,HARD,SOFT,15,21,6624.997823658152,995.2439160946051
ALO,Aston Martin,HARD -> SOFT,HARD,SOFT,16,21,6566.315856895262,936.5619493317154
ALO,Aston Martin,HARD -> SOFT,HARD,SOFT,17,21,6509.413283318494,879.6593757549472
ALO,Aston Martin,HARD -> SOFT,HARD,SOFT,18,21,6454.290102927853,824.536195364306
ALO,Aston Martin,HARD -> SOFT,HARD,SOFT,19,21,6400.946315723337,771.1924081597899
ALO,Aston Martin,HARD -> SOFT,HARD,SOFT,20,21,6349.381921704945,719.6280141413981
ALO,Aston Martin,HARD -> SOFT,HARD,SOFT,21,21,6299.596920872677,669.8430133091306
ALO,Aston Martin,HARD -> SOFT,HARD,SOFT,22,21,6251.591313226534,621.8374056629873
ALO,Aston Martin,HARD -> SOFT,HARD,SOFT,23,21,6205.365098766517,575.6111912029701
ALO,Aston Martin,HARD -> SOFT,HARD,SOFT,24,21,6160.918277492625,531.164369929078
ALO,Aston Martin,HARD -> SOFT,HARD,SOFT,25,21,6118.250849404857,488.4969418413102
ALO,Aston Martin,HARD -> SOFT,HARD,SOFT,26,21,6077.362814503214,447.6089069396676
ALO,Aston Martin,HARD -> SOFT,HARD,SOFT,27,21,6038.254172787696,408.5002652241492
ALO,Aston Martin,HARD -> SOFT,HARD,SOFT,28,21,6000.924924258303,371.17101669475596
ALO,Aston Martin,HARD -> SOFT,HARD,SOFT,29,21,5965.375068915035,335.6211613514879
ALO,Aston Martin,HARD -> SOFT,HARD,SOFT,30,21,5931.60460675789,301.8506991943432
ALO,Aston Martin,HARD -> SOFT,HARD,SOFT,31,21,5899.613537786872,269.85963022332544
ALO,Aston Martin,HARD -> SOFT,HARD,SOFT,32,21,5869.401862001977,239.64795443843013
ALO,Aston Martin,HARD -> SOFT,HARD,SOFT,33,21,5840.969579403208,211.2156718396609
ALO,Aston Martin,HARD -> SOFT,HARD,SOFT,34,21,5814.316689990563,184.56278242701592
ALO,Aston Martin,HARD -> SOFT,HARD,SOFT,35,21,5789.443193764044,159.689286200497
ALO,Aston Martin,HARD -> SOFT,HARD,SOFT,36,21,5766.349090723649,136.59518316010235
ALO,Aston Martin,HARD -> SOFT,HARD,SOFT,37,21,5745.03438086938,115.28047330583286
ALO,Aston Martin,HARD -> SOFT,HARD,SOFT,38,21,5725.499064201234,95.74515663768761
ALO,Aston Martin,HARD -> SOFT,HARD,SOFT,39,21,5707.743140719214,77.98923315566753
ALO,Aston Martin,HARD -> SOFT,HARD,SOFT,40,21,5691.7666104233185,62.01270285977171
ALO,Aston Martin,HARD -> SOFT,HARD,SOFT,41,21,5677.569473313548,47.81556575000104
ALO,Aston Martin,HARD -> SOFT,HARD,SOFT,42,21,5665.151729389902,35.39782182635554
ALO,Aston Martin,HARD -> SOFT,HARD,SOFT,43,21,5654.513378652382,24.7594710888352
ALO,Aston Martin,HARD -> SOFT,HARD,SOFT,44,21,5645.654421100986,15.90051353743911
ALO,Aston Martin,HARD -> SOFT,HARD,SOFT,45,21,5638.574856735714,8.820949172167275
ALO,Aston Martin,HARD -> SOFT,HARD,SOFT,46,21,5633.274685556567,3.5207779930206016
ALO,Aston Martin,HARD -> SOFT,HARD,SOFT,47,21,5629.753907563547,0
ALO,Aston Martin,MEDIUM -> HARD,MEDIUM,HARD,5,21,5604.792011703454,238.85990639306328
ALO,Aston Martin,MEDIUM -> HARD,MEDIUM,HARD,6,21,5598.125546724674,232.19344141428337
ALO,Aston Martin,MEDIUM -> HARD,MEDIUM,HARD,7,21,5591.506853665424,225.574748355034
ALO,Aston Martin,MEDIUM -> HARD,MEDIUM,HARD,8,21,5584.935932525705,219.00382721531423
ALO,Aston Martin,MEDIUM -> HARD,MEDIUM,HARD,9,21,5578.412783305515,212.480677995125
ALO,Aston Martin,MEDIUM -> HARD,MEDIUM,HARD,10,21,5571.937406004858,206.00530069446722
ALO,Aston Martin,MEDIUM -> HARD,MEDIUM,HARD,11,21,5565.5098006237295,199.57769531333906
ALO,Aston Martin,MEDIUM -> HARD,MEDIUM,HARD,12,21,5559.129967162133,193.19786185174235
ALO,Aston Martin,MEDIUM -> HARD,MEDIUM,HARD,13,21,5552.797905620066,186.86580030967525
ALO,Aston Martin,MEDIUM -> HARD,MEDIUM,HARD,14,21,5546.513615997528,180.58151068713778
ALO,Aston Martin,MEDIUM -> HARD,MEDIUM,HARD,15,21,5540.277098294522,174.34499298413175
ALO,Aston Martin,MEDIUM -> HARD,MEDIUM,HARD,16,21,5534.088352511047,168.15624720065625
ALO,Aston Martin,MEDIUM -> HARD,MEDIUM,HARD,17,21,5527.947378647102,162.0152733367113
ALO,Aston Martin,MEDIUM -> HARD,MEDIUM,HARD,18,21,5521.854176702686,155.92207139229595
ALO,Aston Martin,MEDIUM -> HARD,MEDIUM,HARD,19,21,5515.8087466778015,149.87664136741114
ALO,Aston Martin,MEDIUM -> HARD,MEDIUM,HARD,20,21,5509.811088572448,143.87898326205777
ALO,Aston Martin,MEDIUM -> HARD,MEDIUM,HARD,21,21,5503.861202386624,137.92909707623403
ALO,Aston Martin,MEDIUM -> HARD,MEDIUM,HARD,22,21,5497.959088120331,132.02698280994082
ALO,Aston Martin,MEDIUM -> HARD,MEDIUM,HARD,23,21,5492.1047457735685,126.17264046317814
ALO,Aston Martin,MEDIUM -> HARD,MEDIUM,HARD,24,21,5486.2981753463355,120.36607003594509
ALO,Aston Martin,MEDIUM -> HARD,MEDIUM,HARD,25,21,5480.539376838633,114.60727152824256
ALO,Aston Martin,MEDIUM -> HARD,MEDIUM,HARD,26,21,5474.828350250462,108.89624494007148
ALO,Aston Martin,MEDIUM -> HARD,MEDIUM,HARD,27,21,5469.16509558182,103.23299027143003
ALO,Aston Martin,MEDIUM -> HARD,MEDIUM,HARD,28,21,5463.5496128327095,97.6175075223191
ALO,Aston Martin,MEDIUM -> HARD,MEDIUM,HARD,29,21,5457.98190200313,92.04979669273962
ALO,Aston Martin,MEDIUM -> HARD,MEDIUM,HARD,30,21,5452.461963093079,86.52985778268885
ALO,Aston Martin,MEDIUM -> HARD,MEDIUM,HARD,31,21,5446.98979610256,81.05769079216952
ALO,Aston Martin,MEDIUM -> HARD,MEDIUM,HARD,32,21,5441.565401031572,75.63329572118164
ALO,Aston Martin,MEDIUM -> HARD,MEDIUM,HARD,33,21,5436.188777880114,70.25667256972338
ALO,Aston Martin,MEDIUM -> HARD,MEDIUM,HARD,34,21,5430.859926648185,64.92782133779474
ALO,Aston Martin,MEDIUM -> HARD,MEDIUM,HARD,35,21,5425.578847335788,59.64674202539754
ALO,Aston Martin,MEDIUM -> HARD,MEDIUM,HARD,36,21,5420.34553994292,54.41343463252997
ALO,Aston Martin,MEDIUM -> HARD,MEDIUM,HARD,37,21,5415.160004469583,49.22789915919293
ALO,Aston Martin,MEDIUM -> HARD,MEDIUM,HARD,38,21,5410.022240915777,44.09013560538642
ALO,Aston Martin,MEDIUM -> HARD,MEDIUM,HARD,39,21,5404.932249281501,39.00014397111045
ALO,Aston Martin,MEDIUM -> HARD,MEDIUM,HARD,40,21,5399.890029566755,33.957924256365004
ALO,Aston Martin,MEDIUM -> HARD,MEDIUM,HARD,41,21,5394.895581771541,28.963476461151004
ALO,Aston Martin,MEDIUM -> HARD,MEDIUM,HARD,42,21,5389.948905895856,24.016800585465717
ALO,Aston Martin,MEDIUM -> HARD,MEDIUM,HARD,43,21,5385.050001939702,19.117896629311872
ALO,Aston Martin,MEDIUM -> HARD,MEDIUM,HARD,44,21,5380.198869903079,14.26676459268856
ALO,Aston Martin,MEDIUM -> HARD,MEDIUM,HARD,45,21,5375.395509785985,9.46340447559487
ALO,Aston Martin,MEDIUM -> HARD,MEDIUM,HARD,46,21,5370.639921588422,4.707816278031714
ALO,Aston Martin,MEDIUM -> HARD,MEDIUM,HARD,47,21,5365.93210531039,0
ALO,Aston Martin,MEDIUM -> SOFT,MEDIUM,SOFT,5,21,7275.635212837074,1918.7901153534467
ALO,Aston Martin,MEDIUM -> SOFT,MEDIUM,SOFT,6,21,7192.492849234153,1835.6477517505264
ALO,Aston Martin,MEDIUM -> SOFT,MEDIUM,SOFT,7,21,7111.17765073689,1754.3325532532635
ALO,Aston Martin,MEDIUM -> SOFT,MEDIUM,SOFT,8,21,7031.689617345281,1674.8445198616537
ALO,Aston Martin,MEDIUM -> SOFT,MEDIUM,SOFT,9,21,6954.028749059327,1597.1836515757004
ALO,Aston Martin,MEDIUM -> SOFT,MEDIUM,SOFT,10,21,6878.195045879029,1521.349948395402
ALO,Aston Martin,MEDIUM -> SOFT,MEDIUM,SOFT,11,21,6804.188507804387,1447.34341032076
ALO,Aston Martin,MEDIUM -> SOFT,MEDIUM,SOFT,12,21,6732.009134835399,1375.164037351772
ALO,Aston Martin,MEDIUM -> SOFT,MEDIUM,SOFT,13,21,6661.656926972066,1304.811829488439
ALO,Aston Martin,MEDIUM -> SOFT,MEDIUM,SOFT,14,21,6593.131884214388,1236.2867867307614
ALO,Aston Martin,MEDIUM -> SOFT,MEDIUM,SOFT,15,21,6526.434006562364,1169.5889090787368
ALO,Aston Martin,MEDIUM -> SOFT,MEDIUM,SOFT,16,21,6461.563294015998,1104.7181965323707
ALO,Aston Martin,MEDIUM -> SOFT,MEDIUM,SOFT,17,21,6398.519746575284,1041.6746490916576
ALO,Aston Martin,MEDIUM -> SOFT,MEDIUM,SOFT,18,21,6337.303364240229,980.4582667566019
ALO,Aston Martin,MEDIUM -> SOFT,MEDIUM,SOFT,19,21,6277.914147010828,921.0690495272011
ALO,Aston Martin,MEDIUM -> SOFT,MEDIUM,SOFT,20,21,6220.352094887082,863.506997403455
ALO,Aston Martin,MEDIUM -> SOFT,MEDIUM,SOFT,21,21,6164.617207868991,807.7721103853637
ALO,Aston Martin,MEDIUM -> SOFT,MEDIUM,SOFT,22,21,6110.709485956555,753.8643884729281
ALO,Aston Martin,MEDIUM -> SOFT,MEDIUM,SOFT,23,21,6058.628929149775,701.7838316661482
ALO,Aston Martin,MEDIUM -> SOFT,MEDIUM,SOFT,24,21,6008.37553744865,651.5304399650231
ALO,Aston Martin,MEDIUM -> SOFT,MEDIUM,SOFT,25,21,5959.949310853181,603.1042133695537
ALO,Aston Martin,MEDIUM -> SOFT,MEDIUM,SOFT,26,21,5913.350249363366,556.5051518797391
ALO,Aston Martin,MEDIUM -> SOFT,MEDIUM,SOFT,27,21,5868.578352979206,511.7332554955792
ALO,Aston Martin,MEDIUM -> SOFT,MEDIUM,SOFT,28,21,5825.633621700703,468.788524217076
ALO,Aston Martin,MEDIUM -> SOFT,MEDIUM,SOFT,29,21,5784.516055527854,427.6709580442275
ALO,Aston Martin,MEDIUM -> SOFT,MEDIUM,SOFT,30,21,5745.225654460661,388.38055697703385
ALO,Aston Martin,MEDIUM -> SOFT,MEDIUM,SOFT,31,21,5707.762418499124,350.9173210154968
ALO,Aston Martin,MEDIUM -> SOFT,MEDIUM,SOFT,32,21,5672.12634764324,315.2812501596127
ALO,Aston Martin,MEDIUM -> SOFT,MEDIUM,SOFT,33,21,5638.317441893012,281.4723444093852
ALO,Aston Martin,MEDIUM -> SOFT,MEDIUM,SOFT,34,21,5606.335701248439,249.49060376481248
ALO,Aston Martin,MEDIUM -> SOFT,MEDIUM,SOFT,35,21,5576.181125709522,219.33602822589546
ALO,Aston Martin,MEDIUM -> SOFT,MEDIUM,SOFT,36,21,5547.85371527626,191.00861779263323
ALO,Aston Martin,MEDIUM -> SOFT,MEDIUM,SOFT,37,21,5521.353469948654,164.5083724650267
ALO,Aston Martin,MEDIUM -> SOFT,MEDIUM,SOFT,38,21,5496.680389726702,139.83529224307495
ALO,Aston Martin,MEDIUM -> SOFT,MEDIUM,SOFT,39,21,5473.834474610406,116.98937712677889
ALO,Aston Martin,MEDIUM -> SOFT,MEDIUM,SOFT,40,21,5452.815724599765,95.97062711613853
ALO,Aston Martin,MEDIUM -> SOFT,MEDIUM,SOFT,41,21,5433.624139694779,76.77904221115205
ALO,Aston Martin,MEDIUM -> SOFT,MEDIUM,SOFT,42,21,5416.259719895449,59.414622411822165
ALO,Aston Martin,MEDIUM -> SOFT,MEDIUM,SOFT,43,21,5400.722465201774,43.87736771814707
ALO,Aston Martin,MEDIUM -> SOFT,MEDIUM,SOFT,44,21,5387.012375613755,30.16727813012767
ALO,Aston Martin,MEDIUM -> SOFT,MEDIUM,SOFT,45,21,5375.12945113139,18.284353647763055
ALO,Aston Martin,MEDIUM -> SOFT,MEDIUM,SOFT,46,21,5365.07369175468,8.228594271053225
ALO,Aston Martin,MEDIUM -> SOFT,MEDIUM,SOFT,47,21,5356.845097483627,0
ALO,Aston Martin,SOFT -> HARD,SOFT,HARD,5,21,6047.91130630288,0
ALO,Aston Martin,SOFT -> HARD,SOFT,HARD,6,21,6124.387204927019,76.47589862413952
ALO,Aston Martin,SOFT -> HARD,SOFT,HARD,7,21,6199.083710365034,151.17240406215387
ALO,Aston Martin,SOFT -> HARD,SOFT,HARD,8,21,6272.000822616924,224.08951631404398
ALO,Aston Martin,SOFT -> HARD,SOFT,HARD,9,21,6343.138541682689,295.2272353798089
ALO,Aston Martin,SOFT -> HARD,SOFT,HARD,10,21,6412.496867562329,364.5855612594487
ALO,Aston Martin,SOFT -> HARD,SOFT,HARD,11,21,6480.075800255845,432.16449395296513
ALO,Aston Martin,SOFT -> HARD,SOFT,HARD,12,21,6545.875339763235,497.9640334603555
ALO,Aston Martin,SOFT -> HARD,SOFT,HARD,13,21,6609.895486084501,561.9841797816207
ALO,Aston Martin,SOFT -> HARD,SOFT,HARD,14,21,6672.1362392196415,624.2249329167616
ALO,Aston Martin,SOFT -> HARD,SOFT,HARD,15,21,6732.597599168657,684.6862928657774
ALO,Aston Martin,SOFT -> HARD,SOFT,HARD,16,21,6791.279565931549,743.368259628669
ALO,Aston Martin,SOFT -> HARD,SOFT,HARD,17,21,6848.182139508315,800.2708332054353
ALO,Aston Martin,SOFT -> HARD,SOFT,HARD,18,21,6903.305319898956,855.3940135960765
ALO,Aston Martin,SOFT -> HARD,SOFT,HARD,19,21,6956.6491071034725,908.7378008005926
ALO,Aston Martin,SOFT -> HARD,SOFT,HARD,20,21,7008.213501121865,960.3021948189853
ALO,Aston Martin,SOFT -> HARD,SOFT,HARD,21,21,7057.998501954132,1010.0871956512519
ALO,Aston Martin,SOFT -> HARD,SOFT,HARD,22,21,7106.004109600274,1058.0928032973943
ALO,Aston Martin,SOFT -> HARD,SOFT,HARD,23,21,7152.230324060292,1104.3190177574124
ALO,Aston Martin,SOFT -> HARD,SOFT,HARD,24,21,7196.677145334184,1148.7658390313045
ALO,Aston Martin,SOFT -> HARD,SOFT,HARD,25,21,7239.344573421952,1191.4332671190723
ALO,Aston Martin,SOFT -> HARD,SOFT,HARD,26,21,7280.232608323596,1232.3213020207158
ALO,Aston Martin,SOFT -> HARD,SOFT,HARD,27,21,7319.341250039113,1271.4299437362333
ALO,Aston Martin,SOFT -> HARD,SOFT,HARD,28,21,7356.670498568506,1308.7591922656266
ALO,Aston Martin,SOFT -> HARD,SOFT,HARD,29,21,7392.220353911775,1344.3090476088955
ALO,Aston Martin,SOFT -> HARD,SOFT,HARD,30,21,7425.990816068918,1378.0795097660384
ALO,Aston Martin,SOFT -> HARD,SOFT,HARD,31,21,7457.981885039937,1410.070578737057
ALO,Aston Martin,SOFT -> HARD,SOFT,HARD,32,21,7488.193560824831,1440.2822545219515
ALO,Aston Martin,SOFT -> HARD,SOFT,HARD,33,21,7516.625843423601,1468.7145371207207
ALO,Aston Martin,SOFT -> HARD,SOFT,HARD,34,21,7543.278732836245,1495.3674265333648
ALO,Aston Martin,SOFT -> HARD,SOFT,HARD,35,21,7568.152229062764,1520.2409227598837
ALO,Aston Martin,SOFT -> HARD,SOFT,HARD,36,21,7591.246332103158,1543.3350258002783
ALO,Aston Martin,SOFT -> HARD,SOFT,HARD,37,21,7612.561041957428,1564.6497356545478
ALO,Aston Martin,SOFT -> HARD,SOFT,HARD,38,21,7632.096358625572,1584.1850523226922
ALO,Aston Martin,SOFT -> HARD,SOFT,HARD,39,21,7649.852282107592,1601.9409758047123
ALO,Aston Martin,SOFT -> HARD,SOFT,HARD,40,21,7665.828812403487,1617.9175061006072
ALO,Aston Martin,SOFT -> HARD,SOFT,HARD,41,21,7680.025949513258,1632.1146432103778
ALO,Aston Martin,SOFT -> HARD,SOFT,HARD,42,21,7692.443693436904,1644.5323871340242
ALO,Aston Martin,SOFT -> HARD,SOFT,HARD,43,21,7703.082044174425,1655.1707378715455
ALO,Aston Martin,SOFT -> HARD,SOFT,HARD,44,21,7711.941001725822,1664.0296954229425
ALO,Aston Martin,SOFT -> HARD,SOFT,HARD,45,21,7719.020566091093,1671.1092597882134
ALO,Aston Martin,SOFT -> HARD,SOFT,HARD,46,21,7724.32073727024,1676.40943096736
ALO,Aston Martin,SOFT -> HARD,SOFT,HARD,47,21,7727.841515263262,1679.9302089603825
ALO,Aston Martin,SOFT -> MEDIUM,SOFT,MEDIUM,5,21,5779.593891290932,0
ALO,Aston Martin,SOFT -> MEDIUM,SOFT,MEDIUM,6,21,5861.57865809858,81.98476680764725
ALO,Aston Martin,SOFT -> MEDIUM,SOFT,MEDIUM,7,21,5941.792727936927,162.19883664599456
ALO,Aston Martin,SOFT -> MEDIUM,SOFT,MEDIUM,8,21,6020.236100805976,240.64220951504376
ALO,Aston Martin,SOFT -> MEDIUM,SOFT,MEDIUM,9,21,6096.908776705723,317.3148854147903
ALO,Aston Martin,SOFT -> MEDIUM,SOFT,MEDIUM,10,21,6171.8107556361665,392.21686434523417
ALO,Aston Martin,SOFT -> MEDIUM,SOFT,MEDIUM,11,21,6244.942037597311,465.348146306379
ALO,Aston Martin,SOFT -> MEDIUM,SOFT,MEDIUM,12,21,6316.302622589157,536.7087312982248
ALO,Aston Martin,SOFT -> MEDIUM,SOFT,MEDIUM,13,21,6385.892510611702,606.2986193207698
ALO,Aston Martin,SOFT -> MEDIUM,SOFT,MEDIUM,14,21,6453.711701664945,674.1178103740131
ALO,Aston Martin,SOFT -> MEDIUM,SOFT,MEDIUM,15,21,6519.760195748888,740.1663044579554
ALO,Aston Martin,SOFT -> MEDIUM,SOFT,MEDIUM,16,21,6584.03799286353,804.4441015725979
ALO,Aston Martin,SOFT -> MEDIUM,SOFT,MEDIUM,17,21,6646.545093008874,866.9512017179413
ALO,Aston Martin,SOFT -> MEDIUM,SOFT,MEDIUM,18,21,6707.281496184914,927.6876048939821
ALO,Aston Martin,SOFT -> MEDIUM,SOFT,MEDIUM,19,21,6766.247202391654,986.653311100722
ALO,Aston Martin,SOFT -> MEDIUM,SOFT,MEDIUM,20,21,6823.442211629095,1043.848320338163
ALO,Aston Martin,SOFT -> MEDIUM,SOFT,MEDIUM,21,21,6878.866523897234,1099.272632606302
ALO,Aston Martin,SOFT -> MEDIUM,SOFT,MEDIUM,22,21,6932.5201391960745,1152.9262479051422
ALO,Aston Martin,SOFT -> MEDIUM,SOFT,MEDIUM,23,21,6984.403057525613,1204.8091662346806
ALO,Aston Martin,SOFT -> MEDIUM,SOFT,MEDIUM,24,21,7034.515278885852,1254.92138759492
ALO,Aston Martin,SOFT -> MEDIUM,SOFT,MEDIUM,25,21,7082.85680327679,1303.2629119858575
ALO,Aston Martin,SOFT -> MEDIUM,SOFT,MEDIUM,26,21,7129.427630698427,1349.8337394074942
ALO,Aston Martin,SOFT -> MEDIUM,SOFT,MEDIUM,27,21,7174.227761150763,1394.633869859831
ALO,Aston Martin,SOFT -> MEDIUM,SOFT,MEDIUM,28,21,7217.257194633799,1437.663303342867
ALO,Aston Martin,SOFT -> MEDIUM,SOFT,MEDIUM,29,21,7258.5159311475345,1478.9220398566022
ALO,Aston Martin,SOFT -> MEDIUM,SOFT,MEDIUM,30,21,7298.00397069197,1518.4100794010374
ALO,Aston Martin,SOFT -> MEDIUM,SOFT,MEDIUM,31,21,7335.721313267104,1556.1274219761717
ALO,Aston Martin,SOFT -> MEDIUM,SOFT,MEDIUM,32,21,7371.667958872938,1592.0740675820052
ALO,Aston Martin,SOFT -> MEDIUM,SOFT,MEDIUM,33,21,7405.84390750947,1626.250016218538
ALO,Aston Martin,SOFT -> MEDIUM,SOFT,MEDIUM,34,21,7438.249159176703,1658.6552678857706
ALO,Aston Martin,SOFT -> MEDIUM,SOFT,MEDIUM,35,21,7468.883713874635,1689.2898225837025
ALO,Aston Martin,SOFT -> MEDIUM,SOFT,MEDIUM,36,21,7497.747571603266,1718.1536803123336
ALO,Aston Martin,SOFT -> MEDIUM,SOFT,MEDIUM,37,21,7524.840732362597,1745.2468410716647
ALO,Aston Martin,SOFT -> MEDIUM,SOFT,MEDIUM,38,21,7550.163196152627,1770.569304861695
ALO,Aston Martin,SOFT -> MEDIUM,SOFT,MEDIUM,39,21,7573.714962973357,1794.1210716824244
ALO,Aston Martin,SOFT -> MEDIUM,SOFT,MEDIUM,40,21,7595.496032824785,1815.902141533853
ALO,Aston Martin,SOFT -> MEDIUM,SOFT,MEDIUM,41,21,7615.506405706915,1835.9125144159825
ALO,Aston Martin,SOFT -> MEDIUM,SOFT,MEDIUM,42,21,7633.746081619744,1854.1521903288112
ALO,Aston Martin,SOFT -> MEDIUM,SOFT,MEDIUM,43,21,7650.215060563271,1870.621169272339
ALO,Aston Martin,SOFT -> MEDIUM,SOFT,MEDIUM,44,21,7664.913342537499,1885.319451246567
ALO,Aston Martin,SOFT -> MEDIUM,SOFT,MEDIUM,45,21,7677.8409275424265,1898.2470362514941
ALO,Aston Martin,SOFT -> MEDIUM,SOFT,MEDIUM,46,21,7688.997815578053,1909.4039242871204
ALO,Aston Martin,SOFT -> MEDIUM,SOFT,MEDIUM,47,21,7698.384006644379,1918.7901153534467
BOT,Alfa Romeo,HARD -> MEDIUM,HARD,MEDIUM,5,21,5448.366647913303,105.98892288626212
BOT,Alfa Romeo,HARD -> MEDIUM,HARD,MEDIUM,6,21,5446.434520040523,104.05679501348277
BOT,Alfa Romeo,HARD -> MEDIUM,HARD,MEDIUM,7,21,5444.473542513586,102.09581748654546
BOT,Alfa Romeo,HARD -> MEDIUM,HARD,MEDIUM,8,21,5442.483715332492,100.10599030545109
BOT,Alfa Romeo,HARD -> MEDIUM,HARD,MEDIUM,9,21,5440.465038497239,98.08731347019875
BOT,Alfa Romeo,HARD -> MEDIUM,HARD,MEDIUM,10,21,5438.417512007831,96.03978698079027
BOT,Alfa Romeo,HARD -> MEDIUM,HARD,MEDIUM,11,21,5436.341135864263,93.96341083722291
BOT,Alfa Romeo,HARD -> MEDIUM,HARD,MEDIUM,12,21,5434.235910066539,91.8581850394985
BOT,Alfa Romeo,HARD -> MEDIUM,HARD,MEDIUM,13,21,5432.1018346146575,89.72410958761702
BOT,Alfa Romeo,HARD -> MEDIUM,HARD,MEDIUM,14,21,5429.938909508619,87.5611844815785
BOT,Alfa Romeo,HARD -> MEDIUM,HARD,MEDIUM,15,21,5427.7471347484225,85.369409721382
BOT,Alfa Romeo,HARD -> MEDIUM,HARD,MEDIUM,16,21,5425.526510334068,83.14878530702754
BOT,Alfa Romeo,HARD -> MEDIUM,HARD,MEDIUM,17,21,5423.2770362655565,80.89931123851602
BOT,Alfa Romeo,HARD -> MEDIUM,HARD,MEDIUM,18,21,5420.998712542889,78.62098751584836
BOT,Alfa Romeo,HARD -> MEDIUM,HARD,MEDIUM,19,21,5418.691539166062,76.31381413902182
BOT,Alfa Romeo,HARD -> MEDIUM,HARD,MEDIUM,20,21,5416.355516135079,73.97779110803822
BOT,Alfa Romeo,HARD -> MEDIUM,HARD,MEDIUM,21,21,5413.990643449939,71.61291842289847
BOT,Alfa Romeo,HARD -> MEDIUM,HARD,MEDIUM,22,21,5411.59692111064,69.21919608359985
BOT,Alfa Romeo,HARD -> MEDIUM,HARD,MEDIUM,23,21,5409.174349117186,66.79662409014509
BOT,Alfa Romeo,HARD -> MEDIUM,HARD,MEDIUM,24,21,5406.722927469573,64.34520244253235
BOT,Alfa Romeo,HARD -> MEDIUM,HARD,MEDIUM,25,21,5404.242656167802,61.864931140761655
BOT,Alfa Romeo,HARD -> MEDIUM,HARD,MEDIUM,26,21,5401.733535211875,59.35581018483481
BOT,Alfa Romeo,HARD -> MEDIUM,HARD,MEDIUM,27,21,5399.1955646017905,56.817839574749996
BOT,Alfa Romeo,HARD -> MEDIUM,HARD,MEDIUM,28,21,5396.628744337548,54.25101931050722
BOT,Alfa Romeo,HARD -> MEDIUM,HARD,MEDIUM,29,21,5394.033074419148,51.65534939210738
BOT,Alfa Romeo,HARD -> MEDIUM,HARD,MEDIUM,30,21,5391.408554846591,49.03082981955049
BOT,Alfa Romeo,HARD -> MEDIUM,HARD,MEDIUM,31,21,5388.755185619877,46.37746059283654
BOT,Alfa Romeo,HARD -> MEDIUM,HARD,MEDIUM,32,21,5386.072966739004,43.69524171196372
BOT,Alfa Romeo,HARD -> MEDIUM,HARD,MEDIUM,33,21,5383.361898203975,40.984173176934746
BOT,Alfa Romeo,HARD -> MEDIUM,HARD,MEDIUM,34,21,5380.621980014788,38.24425498774781
BOT,Alfa Romeo,HARD -> MEDIUM,HARD,MEDIUM,35,21,5377.853212171444,35.475487144403814
BOT,Alfa Romeo,HARD -> MEDIUM,HARD,MEDIUM,36,21,5375.055594673942,32.677869646901854
BOT,Alfa Romeo,HARD -> MEDIUM,HARD,MEDIUM,37,21,5372.229127522284,29.851402495243747
BOT,Alfa Romeo,HARD -> MEDIUM,HARD,MEDIUM,38,21,5369.373810716468,26.996085689427673
BOT,Alfa Romeo,HARD -> MEDIUM,HARD,MEDIUM,39,21,5366.489644256495,24.111919229454543
BOT,Alfa Romeo,HARD -> MEDIUM,HARD,MEDIUM,40,21,5363.576628142364,21.198903115323446
BOT,Alfa Romeo,HARD -> MEDIUM,HARD,MEDIUM,41,21,5360.634762374076,18.257037347035293
BOT,Alfa Romeo,HARD -> MEDIUM,HARD,MEDIUM,42,21,5357.66404695163,15.286321924589174
BOT,Alfa Romeo,HARD -> MEDIUM,HARD,MEDIUM,43,21,5354.6644818750265,12.286756847985998
BOT,Alfa Romeo,HARD -> MEDIUM,HARD,MEDIUM,44,21,5351.636067144266,9.258342117225766
BOT,Alfa Romeo,HARD -> MEDIUM,HARD,MEDIUM,45,21,5348.578802759348,6.201077732307567
BOT,Alfa Romeo,HARD -> MEDIUM,HARD,MEDIUM,46,21,5345.492688720273,3.114963693232312
BOT,Alfa Romeo,HARD -> MEDIUM,HARD,MEDIUM,47,21,5342.3777250270405,0
BOT,Alfa Romeo,HARD -> SOFT,HARD,SOFT,5,21,8127.245193729231,3032.962048743336
BOT,Alfa Romeo,HARD -> SOFT,HARD,SOFT,6,21,7964.709345150464,2870.4262001645693
BOT,Alfa Romeo,HARD -> SOFT,HARD,SOFT,7,21,7806.649268866995,2712.3661238811
BOT,Alfa Romeo,HARD -> SOFT,HARD,SOFT,8,21,7653.064964878833,2558.781819892938
BOT,Alfa Romeo,HARD -> SOFT,HARD,SOFT,9,21,7503.956433185969,2409.6732882000742
BOT,Alfa Romeo,HARD -> SOFT,HARD,SOFT,10,21,7359.323673788408,2265.040528802513
BOT,Alfa Romeo,HARD -> SOFT,HARD,SOFT,11,21,7219.166686686151,2124.8835417002556
BOT,Alfa Romeo,HARD -> SOFT,HARD,SOFT,12,21,7083.485471879194,1989.202326893299
BOT,Alfa Romeo,HARD -> SOFT,HARD,SOFT,13,21,6952.280029367538,1857.9968843816432
BOT,Alfa Romeo,HARD -> SOFT,HARD,SOFT,14,21,6825.550359151187,1731.267214165292
BOT,Alfa Romeo,HARD -> SOFT,HARD,SOFT,15,21,6703.296461230137,1609.0133162442417
BOT,Alfa Romeo,HARD -> SOFT,HARD,SOFT,16,21,6585.518335604387,1491.2351906184922
BOT,Alfa Romeo,HARD -> SOFT,HARD,SOFT,17,21,6472.2159822739395,1377.9328372880445
BOT,Alfa Romeo,HARD -> SOFT,HARD,SOFT,18,21,6363.389401238795,1269.1062562528996
BOT,Alfa Romeo,HARD -> SOFT,HARD,SOFT,19,21,6259.038592498951,1164.7554475130564
BOT,Alfa Romeo,HARD -> SOFT,HARD,SOFT,20,21,6159.163556054409,1064.8804110685141
BOT,Alfa Romeo,HARD -> SOFT,HARD,SOFT,21,21,6063.764291905172,969.4811469192773
BOT,Alfa Romeo,HARD -> SOFT,HARD,SOFT,22,21,5972.840800051234,878.5576550653386
BOT,Alfa Romeo,HARD -> SOFT,HARD,SOFT,23,21,5886.393080492598,792.1099355067026
BOT,Alfa Romeo,HARD -> SOFT,HARD,SOFT,24,21,5804.421133229265,710.1379882433703
BOT,Alfa Romeo,HARD -> SOFT,HARD,SOFT,25,21,5726.924958261232,632.641813275337
BOT,Alfa Romeo,HARD -> SOFT,HARD,SOFT,26,21,5653.904555588504,559.6214106026091
BOT,Alfa Romeo,HARD -> SOFT,HARD,SOFT,27,21,5585.359925211076,491.0767802251812
BOT,Alfa Romeo,HARD -> SOFT,HARD,SOFT,28,21,5521.29106712895,427.0079221430551
BOT,Alfa Romeo,HARD -> SOFT,HARD,SOFT,29,21,5461.697981342127,367.4148363562317
BOT,Alfa Romeo,HARD -> SOFT,HARD,SOFT,30,21,5406.580667850605,312.2975228647101
BOT,Alfa Romeo,HARD -> SOFT,HARD,SOFT,31,21,5355.939126654384,261.6559816684894
BOT,Alfa Romeo,HARD -> SOFT,HARD,SOFT,32,21,5309.773357753467,215.4902127675723
BOT,Alfa Romeo,HARD -> SOFT,HARD,SOFT,33,21,5268.083361147852,173.800216161957
BOT,Alfa Romeo,HARD -> SOFT,HARD,SOFT,34,21,5230.869136837537,136.58599185164167
BOT,Alfa Romeo,HARD -> SOFT,HARD,SOFT,35,21,5198.130684822525,103.84753983662995
BOT,Alfa Romeo,HARD -> SOFT,HARD,SOFT,36,21,5169.868005102815,75.58486011692003
BOT,Alfa Romeo,HARD -> SOFT,HARD,SOFT,37,21,5146.081097678407,51.7979526925119
BOT,Alfa Romeo,HARD -> SOFT,HARD,SOFT,38,21,5126.7699625493005,32.486817563405566
BOT,Alfa Romeo,HARD -> SOFT,HARD,SOFT,39,21,5111.934599715497,17.651454729601937
BOT,Alfa Romeo,HARD -> SOFT,HARD,SOFT,40,21,5101.575009176994,7.291864191099194
BOT,Alfa Romeo,HARD -> SOFT,HARD,SOFT,41,21,5095.691190933793,1.4080459478982448
BOT,Alfa Romeo,HARD -> SOFT,HARD,SOFT,42,21,5094.283144985895,0
BOT,Alfa Romeo,HARD -> SOFT,HARD,SOFT,43,21,5097.3508713332985,3.06772634740355
BOT,Alfa Romeo,HARD -> SOFT,HARD,SOFT,44,21,5104.894369976004,10.611224990108894
BOT,Alfa Romeo,HARD -> SOFT,HARD,SOFT,45,21,5116.913640914011,22.630495928116034
BOT,Alfa Romeo,HARD -> SOFT,HARD,SOFT,46,21,5133.40868414732,39.12553916142497
BOT,Alfa Romeo,HARD -> SOFT,HARD,SOFT,47,21,5154.379499675932,60.096354690036605
BOT,Alfa Romeo,MEDIUM -> HARD,MEDIUM,HARD,5,21,5335.598056300056,0
BOT,Alfa Romeo,MEDIUM -> HARD,MEDIUM,HARD,6,21,5337.530184172835,1.932127872779347
BOT,Alfa Romeo,MEDIUM -> HARD,MEDIUM,HARD,7,21,5339.491161699772,3.89310539971666
BOT,Alfa Romeo,MEDIUM -> HARD,MEDIUM,HARD,8,21,5341.480988880868,5.882932580811939
BOT,Alfa Romeo,MEDIUM -> HARD,MEDIUM,HARD,9,21,5343.499665716119,7.901609416063366
BOT,Alfa Romeo,MEDIUM -> HARD,MEDIUM,HARD,10,21,5345.547192205528,9.949135905471849
BOT,Alfa Romeo,MEDIUM -> HARD,MEDIUM,HARD,11,21,5347.623568349096,12.025512049040117
BOT,Alfa Romeo,MEDIUM -> HARD,MEDIUM,HARD,12,21,5349.7287941468185,14.130737846762713
BOT,Alfa Romeo,MEDIUM -> HARD,MEDIUM,HARD,13,21,5351.862869598701,16.264813298645095
BOT,Alfa Romeo,MEDIUM -> HARD,MEDIUM,HARD,14,21,5354.025794704739,18.427738404683623
BOT,Alfa Romeo,MEDIUM -> HARD,MEDIUM,HARD,15,21,5356.217569464936,20.619513164880118
BOT,Alfa Romeo,MEDIUM -> HARD,MEDIUM,HARD,16,21,5358.43819387929,22.84013757923458
BOT,Alfa Romeo,MEDIUM -> HARD,MEDIUM,HARD,17,21,5360.687667947801,25.089611647745187
BOT,Alfa Romeo,MEDIUM -> HARD,MEDIUM,HARD,18,21,5362.9659916704695,27.36793537041376
BOT,Alfa Romeo,MEDIUM -> HARD,MEDIUM,HARD,19,21,5365.273165047294,29.675108747238482
BOT,Alfa Romeo,MEDIUM -> HARD,MEDIUM,HARD,20,21,5367.609188078278,32.01113177822208
BOT,Alfa Romeo,MEDIUM -> HARD,MEDIUM,HARD,21,21,5369.9740607634185,34.37600446336273
BOT,Alfa Romeo,MEDIUM -> HARD,MEDIUM,HARD,22,21,5372.367783102716,36.76972680266044
BOT,Alfa Romeo,MEDIUM -> HARD,MEDIUM,HARD,23,21,5374.790355096171,39.19229879611521
BOT,Alfa Romeo,MEDIUM -> HARD,MEDIUM,HARD,24,21,5377.241776743785,41.64372044372885
BOT,Alfa Romeo,MEDIUM -> HARD,MEDIUM,HARD,25,21,5379.722048045554,44.12399174549864
BOT,Alfa Romeo,MEDIUM -> HARD,MEDIUM,HARD,26,21,5382.231169001483,46.63311270142731
BOT,Alfa Romeo,MEDIUM -> HARD,MEDIUM,HARD,27,21,5384.769139611567,49.17108331151121
BOT,Alfa Romeo,MEDIUM -> HARD,MEDIUM,HARD,28,21,5387.33595987581,51.73790357575399
BOT,Alfa Romeo,MEDIUM -> HARD,MEDIUM,HARD,29,21,5389.93162979421,54.333573494153825
BOT,Alfa Romeo,MEDIUM -> HARD,MEDIUM,HARD,30,21,5392.5561493667665,56.95809306671072
BOT,Alfa Romeo,MEDIUM -> HARD,MEDIUM,HARD,31,21,5395.209518593481,59.611462293425575
BOT,Alfa Romeo,MEDIUM -> HARD,MEDIUM,HARD,32,21,5397.891737474353,62.29368117429749
BOT,Alfa Romeo,MEDIUM -> HARD,MEDIUM,HARD,33,21,5400.602806009382,65.00474970932646
BOT,Alfa Romeo,MEDIUM -> HARD,MEDIUM,HARD,34,21,5403.342724198568,67.74466789851249
BOT,Alfa Romeo,MEDIUM -> HARD,MEDIUM,HARD,35,21,5406.111492041912,70.51343574185648
BOT,Alfa Romeo,MEDIUM -> HARD,MEDIUM,HARD,36,21,5408.909109539414,73.31105323935844
BOT,Alfa Romeo,MEDIUM -> HARD,MEDIUM,HARD,37,21,5411.735576691072,76.13752039101655
BOT,Alfa Romeo,MEDIUM -> HARD,MEDIUM,HARD,38,21,5414.590893496888,78.99283719683262
BOT,Alfa Romeo,MEDIUM -> HARD,MEDIUM,HARD,39,21,5417.475059956862,81.87700365680666
BOT,Alfa Romeo,MEDIUM -> HARD,MEDIUM,HARD,40,21,5420.3880760709935,84.79001977093776
BOT,Alfa Romeo,MEDIUM -> HARD,MEDIUM,HARD,41,21,5423.329941839282,87.73188553922591
BOT,Alfa Romeo,MEDIUM -> HARD,MEDIUM,HARD,42,21,5426.300657261729,90.70260096167294
BOT,Alfa Romeo,MEDIUM -> HARD,MEDIUM,HARD,43,21,5429.300222338332,93.70216603827612
BOT,Alfa Romeo,MEDIUM -> HARD,MEDIUM,HARD,44,21,5432.328637069092,96.73058076903635
BOT,Alfa Romeo,MEDIUM -> HARD,MEDIUM,HARD,45,21,5435.38590145401,99.78784515395455
BOT,Alfa Romeo,MEDIUM -> HARD,MEDIUM,HARD,46,21,5438.472015493085,102.8739591930289
BOT,Alfa Romeo,MEDIUM -> HARD,MEDIUM,HARD,47,21,5441.586979186317,105.98892288626121
BOT,Alfa Romeo,MEDIUM -> SOFT,MEDIUM,SOFT,5,21,8136.473088280769,2943.82211725621
BOT,Alfa Romeo,MEDIUM -> SOFT,MEDIUM,SOFT,6,21,7975.869367574782,2783.2183965502227
BOT,Alfa Romeo,MEDIUM -> SOFT,MEDIUM,SOFT,7,21,7819.77026881825,2627.1192977936907
BOT,Alfa Romeo,MEDIUM -> SOFT,MEDIUM,SOFT,8,21,7668.175792011182,2475.524820986623
BOT,Alfa Romeo,MEDIUM -> SOFT,MEDIUM,SOFT,9,21,7521.085937153572,2328.4349661290125
BOT,Alfa Romeo,MEDIUM -> SOFT,MEDIUM,SOFT,10,21,7378.500704245419,2185.84973322086
BOT,Alfa Romeo,MEDIUM -> SOFT,MEDIUM,SOFT,11,21,7240.420093286728,2047.7691222621688
BOT,Alfa Romeo,MEDIUM -> SOFT,MEDIUM,SOFT,12,21,7106.844104277496,1914.1931332529366
BOT,Alfa Romeo,MEDIUM -> SOFT,MEDIUM,SOFT,13,21,6977.772737217721,1785.1217661931623
BOT,Alfa Romeo,MEDIUM -> SOFT,MEDIUM,SOFT,14,21,6853.20599210741,1660.5550210828505
BOT,Alfa Romeo,MEDIUM -> SOFT,MEDIUM,SOFT,15,21,6733.143868946555,1540.4928979219958
BOT,Alfa Romeo,MEDIUM -> SOFT,MEDIUM,SOFT,16,21,6617.586367735159,1424.9353967106
BOT,Alfa Romeo,MEDIUM -> SOFT,MEDIUM,SOFT,17,21,6506.533488473224,1313.8825174486647
BOT,Alfa Romeo,MEDIUM -> SOFT,MEDIUM,SOFT,18,21,6399.9852311607465,1207.3342601361874
BOT,Alfa Romeo,MEDIUM -> SOFT,MEDIUM,SOFT,19,21,6297.941595797729,1105.2906247731698
BOT,Alfa Romeo,MEDIUM -> SOFT,MEDIUM,SOFT,20,21,6200.40258238417,1007.7516113596112
BOT,Alfa Romeo,MEDIUM -> SOFT,MEDIUM,SOFT,21,21,6107.368190920073,914.7172198955141
BOT,Alfa Romeo,MEDIUM -> SOFT,MEDIUM,SOFT,22,21,6018.838421405434,826.1874503808749
BOT,Alfa Romeo,MEDIUM -> SOFT,MEDIUM,SOFT,23,21,5934.813273840253,742.1623028156937
BOT,Alfa Romeo,MEDIUM -> SOFT,MEDIUM,SOFT,24,21,5855.292748224533,662.6417771999741
BOT,Alfa Romeo,MEDIUM -> SOFT,MEDIUM,SOFT,25,21,5780.2768445582715,587.6258735337124
BOT,Alfa Romeo,MEDIUM -> SOFT,MEDIUM,SOFT,26,21,5709.7655628414695,517.1145918169104
BOT,Alfa Romeo,MEDIUM -> SOFT,MEDIUM,SOFT,27,21,5643.758903074127,451.10793204956826
BOT,Alfa Romeo,MEDIUM -> SOFT,MEDIUM,SOFT,28,21,5582.256865256244,389.60589423168494
BOT,Alfa Romeo,MEDIUM -> SOFT,MEDIUM,SOFT,29,21,5525.25944938782,332.6084783632605
BOT,Alfa Romeo,MEDIUM -> SOFT,MEDIUM,SOFT,30,21,5472.766655468855,280.11568444429577
BOT,Alfa Romeo,MEDIUM -> SOFT,MEDIUM,SOFT,31,21,5424.778483499349,232.1275124747899
BOT,Alfa Romeo,MEDIUM -> SOFT,MEDIUM,SOFT,32,21,5381.294933479303,188.64396245474381
BOT,Alfa Romeo,MEDIUM -> SOFT,MEDIUM,SOFT,33,21,5342.316005408717,149.66503438415748
BOT,Alfa Romeo,MEDIUM -> SOFT,MEDIUM,SOFT,34,21,5307.841699287589,115.19072826303
BOT,Alfa Romeo,MEDIUM -> SOFT,MEDIUM,SOFT,35,21,5277.872015115921,85.22104409136227
BOT,Alfa Romeo,MEDIUM -> SOFT,MEDIUM,SOFT,36,21,5252.4069528937125,59.7559818691534
BOT,Alfa Romeo,MEDIUM -> SOFT,MEDIUM,SOFT,37,21,5231.446512620963,38.79554159640429
BOT,Alfa Romeo,MEDIUM -> SOFT,MEDIUM,SOFT,38,21,5214.990694297672,22.339723273113123
BOT,Alfa Romeo,MEDIUM -> SOFT,MEDIUM,SOFT,39,21,5203.039497923843,10.388526899283534
BOT,Alfa Romeo,MEDIUM -> SOFT,MEDIUM,SOFT,40,21,5195.592923499471,2.9419524749118864
BOT,Alfa Romeo,MEDIUM -> SOFT,MEDIUM,SOFT,41,21,5192.650971024559,0
BOT,Alfa Romeo,MEDIUM -> SOFT,MEDIUM,SOFT,42,21,5194.213640499107,1.5626694745478744
BOT,Alfa Romeo,MEDIUM -> SOFT,MEDIUM,SOFT,43,21,5200.280931923114,7.6299608985546
BOT,Alfa Romeo,MEDIUM -> SOFT,MEDIUM,SOFT,44,21,5210.852845296579,18.201874272020177
BOT,Alfa Romeo,MEDIUM -> SOFT,MEDIUM,SOFT,45,21,5225.929380619505,33.278409594945515
BOT,Alfa Romeo,MEDIUM -> SOFT,MEDIUM,SOFT,46,21,5245.510537891889,52.859566867329704
BOT,Alfa Romeo,MEDIUM -> SOFT,MEDIUM,SOFT,47,21,5269.596317113733,76.94534608917365
BOT,Alfa Romeo,SOFT -> HARD,SOFT,HARD,5,21,6023.091590286467,0
BOT,Alfa Romeo,SOFT -> HARD,SOFT,HARD,6,21,6153.683309715438,130.59171942897046
BOT,Alfa Romeo,SOFT -> HARD,SOFT,HARD,7,21,6281.357507051536,258.26591676506905
BOT,Alfa Romeo,SOFT -> HARD,SOFT,HARD,8,21,6406.114182294763,383.02259200829576
BOT,Alfa Romeo,SOFT -> HARD,SOFT,HARD,9,21,6527.953335445115,504.86174515864786
BOT,Alfa Romeo,SOFT -> HARD,SOFT,HARD,10,21,6646.874966502595,623.7833762161281
BOT,Alfa Romeo,SOFT -> HARD,SOFT,HARD,11,21,6762.879075467203,739.7874851807355
BOT,Alfa Romeo,SOFT -> HARD,SOFT,HARD,12,21,6875.9656623389365,852.8740720524693
BOT,Alfa Romeo,SOFT -> HARD,SOFT,HARD,13,21,6986.134727117798,963.0431368313311
BOT,Alfa Romeo,SOFT -> HARD,SOFT,HARD,14,21,7093.386269803788,1070.2946795173211
BOT,Alfa Romeo,SOFT -> HARD,SOFT,HARD,15,21,7197.720290396904,1174.6287001104365
BOT,Alfa Romeo,SOFT -> HARD,SOFT,HARD,16,21,7299.136788897147,1276.04519861068
BOT,Alfa Romeo,SOFT -> HARD,SOFT,HARD,17,21,7397.635765304518,1374.5441750180507
BOT,Alfa Romeo,SOFT -> HARD,SOFT,HARD,18,21,7493.217219619015,1470.1256293325478
BOT,Alfa Romeo,SOFT -> HARD,SOFT,HARD,19,21,7585.881151840639,1562.789561554172
BOT,Alfa Romeo,SOFT -> HARD,SOFT,HARD,20,21,7675.6275619693915,1652.5359716829244
BOT,Alfa Romeo,SOFT -> HARD,SOFT,HARD,21,21,7762.45645000527,1739.364859718803
BOT,Alfa Romeo,SOFT -> HARD,SOFT,HARD,22,21,7846.367815948276,1823.276225661809
BOT,Alfa Romeo,SOFT -> HARD,SOFT,HARD,23,21,7927.361659798409,1904.270069511942
BOT,Alfa Romeo,SOFT -> HARD,SOFT,HARD,24,21,8005.437981555671,1982.346391269204
BOT,Alfa Romeo,SOFT -> HARD,SOFT,HARD,25,21,8080.596781220058,2057.5051909335907
BOT,Alfa Romeo,SOFT -> HARD,SOFT,HARD,26,21,8152.8380587915735,2129.7464685051063
BOT,Alfa Romeo,SOFT -> HARD,SOFT,HARD,27,21,8222.161814270215,2199.0702239837483
BOT,Alfa Romeo,SOFT -> HARD,SOFT,HARD,28,21,8288.568047655985,2265.4764573695174
BOT,Alfa Romeo,SOFT -> HARD,SOFT,HARD,29,21,8352.056758948882,2328.9651686624147
BOT,Alfa Romeo,SOFT -> HARD,SOFT,HARD,30,21,8412.627948148905,2389.5363578624383
BOT,Alfa Romeo,SOFT -> HARD,SOFT,HARD,31,21,8470.281615256055,2447.190024969588
BOT,Alfa Romeo,SOFT -> HARD,SOFT,HARD,32,21,8525.017760270333,2501.926169983866
BOT,Alfa Romeo,SOFT -> HARD,SOFT,HARD,33,21,8576.836383191738,2553.7447929052705
BOT,Alfa Romeo,SOFT -> HARD,SOFT,HARD,34,21,8625.737484020272,2602.6458937338048
BOT,Alfa Romeo,SOFT -> HARD,SOFT,HARD,35,21,8671.72106275593,2648.6294724694635
BOT,Alfa Romeo,SOFT -> HARD,SOFT,HARD,36,21,8714.787119398718,2691.6955291122504
BOT,Alfa Romeo,SOFT -> HARD,SOFT,HARD,37,21,8754.93565394863,2731.8440636621635
BOT,Alfa Romeo,SOFT -> HARD,SOFT,HARD,38,21,8792.166666405672,2769.075076119205
BOT,Alfa Romeo,SOFT -> HARD,SOFT,HARD,39,21,8826.48015676984,2803.3885664833724
BOT,Alfa Romeo,SOFT -> HARD,SOFT,HARD,40,21,8857.876125041135,2834.784534754668
BOT,Alfa Romeo,SOFT -> HARD,SOFT,HARD,41,21,8886.354571219557,2863.26298093309
BOT,Alfa Romeo,SOFT -> HARD,SOFT,HARD,42,21,8911.915495305107,2888.8239050186403
BOT,Alfa Romeo,SOFT -> HARD,SOFT,HARD,43,21,8934.558897297784,2911.4673070113167
BOT,Alfa Romeo,SOFT -> HARD,SOFT,HARD,44,21,8954.284777197588,2931.1931869111213
BOT,Alfa Romeo,SOFT -> HARD,SOFT,HARD,45,21,8971.09313500452,2948.001544718052
BOT,Alfa Romeo,SOFT -> HARD,SOFT,HARD,46,21,8984.983970718578,2961.892380432111
BOT,Alfa Romeo,SOFT -> HARD,SOFT,HARD,47,21,8995.957284339764,2972.8656940532965
BOT,Alfa Romeo,SOFT -> MEDIUM,SOFT,MEDIUM,5,21,6145.088076451252,0
BOT,Alfa Romeo,SOFT -> MEDIUM,SOFT,MEDIUM,6,21,6273.747668007443,128.65959155619112
BOT,Alfa Romeo,SOFT -> MEDIUM,SOFT,MEDIUM,7,21,6399.4608878166055,254.3728113653533
BOT,Alfa Romeo,SOFT -> MEDIUM,SOFT,MEDIUM,8,21,6522.227735878736,377.1396594274838
BOT,Alfa Romeo,SOFT -> MEDIUM,SOFT,MEDIUM,9,21,6642.048212193838,496.9601357425854
BOT,Alfa Romeo,SOFT -> MEDIUM,SOFT,MEDIUM,10,21,6758.922316761909,613.8342403106572
BOT,Alfa Romeo,SOFT -> MEDIUM,SOFT,MEDIUM,11,21,6872.8500495829485,727.7619731316963
BOT,Alfa Romeo,SOFT -> MEDIUM,SOFT,MEDIUM,12,21,6983.831410656959,838.7433342057066
BOT,Alfa Romeo,SOFT -> MEDIUM,SOFT,MEDIUM,13,21,7091.866399983939,946.778323532687
BOT,Alfa Romeo,SOFT -> MEDIUM,SOFT,MEDIUM,14,21,7196.955017563889,1051.8669411126366
BOT,Alfa Romeo,SOFT -> MEDIUM,SOFT,MEDIUM,15,21,7299.097263396809,1154.0091869455564
BOT,Alfa Romeo,SOFT -> MEDIUM,SOFT,MEDIUM,16,21,7398.2931374826985,1253.2050610314463
BOT,Alfa Romeo,SOFT -> MEDIUM,SOFT,MEDIUM,17,21,7494.542639821557,1349.4545633703046
BOT,Alfa Romeo,SOFT -> MEDIUM,SOFT,MEDIUM,18,21,7587.845770413386,1442.757693962134
BOT,Alfa Romeo,SOFT -> MEDIUM,SOFT,MEDIUM,19,21,7678.202529258186,1533.1144528069335
BOT,Alfa Romeo,SOFT -> MEDIUM,SOFT,MEDIUM,20,21,7765.6129163559535,1620.5248399047014
BOT,Alfa Romeo,SOFT -> MEDIUM,SOFT,MEDIUM,21,21,7850.0769317066915,1704.9888552554394
BOT,Alfa Romeo,SOFT -> MEDIUM,SOFT,MEDIUM,22,21,7931.594575310401,1786.5064988591485
BOT,Alfa Romeo,SOFT -> MEDIUM,SOFT,MEDIUM,23,21,8010.165847167078,1865.0777707158259
BOT,Alfa Romeo,SOFT -> MEDIUM,SOFT,MEDIUM,24,21,8085.790747276727,1940.7026708254753
BOT,Alfa Romeo,SOFT -> MEDIUM,SOFT,MEDIUM,25,21,8158.469275639345,2013.381199188093
BOT,Alfa Romeo,SOFT -> MEDIUM,SOFT,MEDIUM,26,21,8228.201432254933,2083.113355803681
BOT,Alfa Romeo,SOFT -> MEDIUM,SOFT,MEDIUM,27,21,8294.98721712349,2149.899140672237
BOT,Alfa Romeo,SOFT -> MEDIUM,SOFT,MEDIUM,28,21,8358.826630245016,2213.7385537937635
BOT,Alfa Romeo,SOFT -> MEDIUM,SOFT,MEDIUM,29,21,8419.719671619512,2274.63159516826
BOT,Alfa Romeo,SOFT -> MEDIUM,SOFT,MEDIUM,30,21,8477.666341246979,2332.5782647957267
BOT,Alfa Romeo,SOFT -> MEDIUM,SOFT,MEDIUM,31,21,8532.666639127416,2387.5785626761635
BOT,Alfa Romeo,SOFT -> MEDIUM,SOFT,MEDIUM,32,21,8584.72056526082,2439.6324888095687
BOT,Alfa Romeo,SOFT -> MEDIUM,SOFT,MEDIUM,33,21,8633.828119647198,2488.740043195946
BOT,Alfa Romeo,SOFT -> MEDIUM,SOFT,MEDIUM,34,21,8679.989302286544,2534.9012258352914
BOT,Alfa Romeo,SOFT -> MEDIUM,SOFT,MEDIUM,35,21,8723.20411317886,2578.116036727607
BOT,Alfa Romeo,SOFT -> MEDIUM,SOFT,MEDIUM,36,21,8763.472552324143,2618.384475872891
BOT,Alfa Romeo,SOFT -> MEDIUM,SOFT,MEDIUM,37,21,8800.7946197224,2655.706543271147
BOT,Alfa Romeo,SOFT -> MEDIUM,SOFT,MEDIUM,38,21,8835.170315373623,2690.0822389223713
BOT,Alfa Romeo,SOFT -> MEDIUM,SOFT,MEDIUM,39,21,8866.599639277818,2721.5115628265658
BOT,Alfa Romeo,SOFT -> MEDIUM,SOFT,MEDIUM,40,21,8895.082591434983,2749.9945149837304
BOT,Alfa Romeo,SOFT -> MEDIUM,SOFT,MEDIUM,41,21,8920.619171845117,2775.531095393865
BOT,Alfa Romeo,SOFT -> MEDIUM,SOFT,MEDIUM,42,21,8943.209380508222,2798.12130405697
BOT,Alfa Romeo,SOFT -> MEDIUM,SOFT,MEDIUM,43,21,8962.853217424296,2817.7651409730433
BOT,Alfa Romeo,SOFT -> MEDIUM,SOFT,MEDIUM,44,21,8979.550682593339,2834.4626061420868
BOT,Alfa Romeo,SOFT -> MEDIUM,SOFT,MEDIUM,45,21,8993.30177601535,2848.2136995640985
BOT,Alfa Romeo,SOFT -> MEDIUM,SOFT,MEDIUM,46,21,9004.106497690334,2859.0184212390823
BOT,Alfa Romeo,SOFT -> MEDIUM,SOFT,MEDIUM,47,21,9011.964847618288,2866.876771167036
DEV,AlphaTauri,HARD -> MEDIUM,HARD,MEDIUM,5,21,5691.828017940823,233.57276078430823
DEV,AlphaTauri,HARD -> MEDIUM,HARD,MEDIUM,6,21,5686.266761731673,228.01150457515814
DEV,AlphaTauri,HARD -> MEDIUM,HARD,MEDIUM,7,21,5680.705505522521,222.45024836600624
DEV,AlphaTauri,HARD -> MEDIUM,HARD,MEDIUM,8,21,5675.144249313371,216.88899215685615
DEV,AlphaTauri,HARD -> MEDIUM,HARD,MEDIUM,9,21,5669.582993104222,211.32773594770697
DEV,AlphaTauri,HARD -> MEDIUM,HARD,MEDIUM,10,21,5664.021736895072,205.76647973855688
DEV,AlphaTauri,HARD -> MEDIUM,HARD,MEDIUM,11,21,5658.4604806859215,200.2052235294068
DEV,AlphaTauri,HARD -> MEDIUM,HARD,MEDIUM,12,21,5652.899224476771,194.6439673202567
DEV,AlphaTauri,HARD -> MEDIUM,HARD,MEDIUM,13,21,5647.337968267622,189.08271111110753
DEV,AlphaTauri,HARD -> MEDIUM,HARD,MEDIUM,14,21,5641.776712058471,183.52145490195653
DEV,AlphaTauri,HARD -> MEDIUM,HARD,MEDIUM,15,21,5636.215455849321,177.96019869280644
DEV,AlphaTauri,HARD -> MEDIUM,HARD,MEDIUM,16,21,5630.65419964017,172.39894248365545
DEV,AlphaTauri,HARD -> MEDIUM,HARD,MEDIUM,17,21,5625.09294343102,166.83768627450536
DEV,AlphaTauri,HARD -> MEDIUM,HARD,MEDIUM,18,21,5619.53168722187,161.27643006535527
DEV,AlphaTauri,HARD -> MEDIUM,HARD,MEDIUM,19,21,5613.97043101272,155.71517385620518
DEV,AlphaTauri,HARD -> MEDIUM,HARD,MEDIUM,20,21,5608.40917480357,150.1539176470551
DEV,AlphaTauri,HARD -> MEDIUM,HARD,MEDIUM,21,21,5602.84791859442,144.592661437905
DEV,AlphaTauri,HARD -> MEDIUM,HARD,MEDIUM,22,21,5597.28666238527,139.03140522875492
DEV,AlphaTauri,HARD -> MEDIUM,HARD,MEDIUM,23,21,5591.725406176118,133.470149019603
DEV,AlphaTauri,HARD -> MEDIUM,HARD,MEDIUM,24,21,5586.164149966969,127.90889281045384
DEV,AlphaTauri,HARD -> MEDIUM,HARD,MEDIUM,25,21,5580.6028937578185,122.34763660130375
DEV,AlphaTauri,HARD -> MEDIUM,HARD,MEDIUM,26,21,5575.0416375486675,116.78638039215275
DEV,AlphaTauri,HARD -> MEDIUM,HARD,MEDIUM,27,21,5569.480381339517,111.22512418300266
DEV,AlphaTauri,HARD -> MEDIUM,HARD,MEDIUM,28,21,5563.919125130369,105.6638679738544
DEV,AlphaTauri,HARD -> MEDIUM,HARD,MEDIUM,29,21,5558.357868921218,100.1026117647034
DEV,AlphaTauri,HARD -> MEDIUM,HARD,MEDIUM,30,21,5552.796612712067,94.5413555555524
DEV,AlphaTauri,HARD -> MEDIUM,HARD,MEDIUM,31,21,5547.235356502917,88.98009934640231
DEV,AlphaTauri,HARD -> MEDIUM,HARD,MEDIUM,32,21,5541.674100293767,83.41884313725222
DEV,AlphaTauri,HARD -> MEDIUM,HARD,MEDIUM,33,21,5536.112844084617,77.85758692810214
DEV,AlphaTauri,HARD -> MEDIUM,HARD,MEDIUM,34,21,5530.551587875467,72.29633071895205
DEV,AlphaTauri,HARD -> MEDIUM,HARD,MEDIUM,35,21,5524.990331666317,66.73507450980196
DEV,AlphaTauri,HARD -> MEDIUM,HARD,MEDIUM,36,21,5519.429075457167,61.173818300651874
DEV,AlphaTauri,HARD -> MEDIUM,HARD,MEDIUM,37,21,5513.8678192480165,55.612562091501786
DEV,AlphaTauri,HARD -> MEDIUM,HARD,MEDIUM,38,21,5508.3065630388655,50.05130588235079
DEV,AlphaTauri,HARD -> MEDIUM,HARD,MEDIUM,39,21,5502.745306829715,44.4900496732007
DEV,AlphaTauri,HARD -> MEDIUM,HARD,MEDIUM,40,21,5497.184050620566,38.92879346405152
DEV,AlphaTauri,HARD -> MEDIUM,HARD,MEDIUM,41,21,5491.622794411416,33.367537254901436
DEV,AlphaTauri,HARD -> MEDIUM,HARD,MEDIUM,42,21,5486.061538202266,27.806281045751348
DEV,AlphaTauri,HARD -> MEDIUM,HARD,MEDIUM,43,21,5480.500281993115,22.24502483660035
DEV,AlphaTauri,HARD -> MEDIUM,HARD,MEDIUM,44,21,5474.939025783965,16.683768627450263
DEV,AlphaTauri,HARD -> MEDIUM,HARD,MEDIUM,45,21,5469.377769574815,11.122512418300175
DEV,AlphaTauri,HARD -> MEDIUM,HARD,MEDIUM,46,21,5463.816513365665,5.561256209150088
DEV,AlphaTauri,HARD -> MEDIUM,HARD,MEDIUM,47,21,5458.255257156515,0
DEV,AlphaTauri,HARD -> SOFT,HARD,SOFT,5,21,5925.647007181933,443.49381568538683
DEV,AlphaTauri,HARD -> SOFT,HARD,SOFT,6,21,5914.896995023144,432.74380352659773
DEV,AlphaTauri,HARD -> SOFT,HARD,SOFT,7,21,5904.1562821616635,422.00309066511727
DEV,AlphaTauri,HARD -> SOFT,HARD,SOFT,8,21,5893.4248685974935,411.2716771009473
DEV,AlphaTauri,HARD -> SOFT,HARD,SOFT,9,21,5882.702754330634,400.54956283408774
DEV,AlphaTauri,HARD -> SOFT,HARD,SOFT,10,21,5871.989939361083,389.83674786453685
DEV,AlphaTauri,HARD -> SOFT,HARD,SOFT,11,21,5861.286423688843,379.1332321922964
DEV,AlphaTauri,HARD -> SOFT,HARD,SOFT,12,21,5850.592207313913,368.43901581736645
DEV,AlphaTauri,HARD -> SOFT,HARD,SOFT,13,21,5839.907290236291,357.75409873974513
DEV,AlphaTauri,HARD -> SOFT,HARD,SOFT,14,21,5829.2316724559805,347.0784809594343
DEV,AlphaTauri,HARD -> SOFT,HARD,SOFT,15,21,5818.56535397298,336.4121624764339
DEV,AlphaTauri,HARD -> SOFT,HARD,SOFT,16,21,5807.908334787289,325.75514329074304
DEV,AlphaTauri,HARD -> SOFT,HARD,SOFT,17,21,5797.260614898907,315.10742340236084
DEV,AlphaTauri,HARD -> SOFT,HARD,SOFT,18,21,5786.622194307836,304.46900281129
DEV,AlphaTauri,HARD -> SOFT,HARD,SOFT,19,21,5775.993073014074,293.83988151752783
DEV,AlphaTauri,HARD -> SOFT,HARD,SOFT,20,21,5765.373251017622,283.2200595210761
DEV,AlphaTauri,HARD -> SOFT,HARD,SOFT,21,21,5754.762728318481,272.60953682193485
DEV,AlphaTauri,HARD -> SOFT,HARD,SOFT,22,21,5744.1615049166485,262.00831342010224
DEV,AlphaTauri,HARD -> SOFT,HARD,SOFT,23,21,5733.569580812125,251.41638931557918
DEV,AlphaTauri,HARD -> SOFT,HARD,SOFT,24,21,5722.986956004914,240.8337645083675
DEV,AlphaTauri,HARD -> SOFT,HARD,SOFT,25,21,5712.413630495012,230.26043899846536
DEV,AlphaTauri,HARD -> SOFT,HARD,SOFT,26,21,5701.849604282418,219.69641278587187
DEV,AlphaTauri,HARD -> SOFT,HARD,SOFT,27,21,5691.294877367136,209.14168587058975
DEV,AlphaTauri,HARD -> SOFT,HARD,SOFT,28,21,5680.7494497491625,198.59625825261628
DEV,AlphaTauri,HARD -> SOFT,HARD,SOFT,29,21,5670.2133214284995,188.06012993195327
DEV,AlphaTauri,HARD -> SOFT,HARD,SOFT,30,21,5659.686492405146,177.5333009085998
DEV,AlphaTauri,HARD -> SOFT,HARD,SOFT,31,21,5649.168962679103,167.01577118255682
DEV,AlphaTauri,HARD -> SOFT,HARD,SOFT,32,21,5638.66073225037,156.50754075382338
DEV,AlphaTauri,HARD -> SOFT,HARD,SOFT,33,21,5628.161801118946,146.0086096223995
DEV,AlphaTauri,HARD -> SOFT,HARD,SOFT,34,21,5617.672169284831,135.51897778828516
DEV,AlphaTauri,HARD -> SOFT,HARD,SOFT,35,21,5607.191836748027,125.03864525148038
DEV,AlphaTauri,HARD -> SOFT,HARD,SOFT,36,21,5596.720803508533,114.56761201198697
DEV,AlphaTauri,HARD -> SOFT,HARD,SOFT,37,21,5586.259069566348,104.1058780698022
DEV,AlphaTauri,HARD -> SOFT,HARD,SOFT,38,21,5575.806634921473,93.65344342492699
DEV,AlphaTauri,HARD -> SOFT,HARD,SOFT,39,21,5565.3634995739085,83.21030807736224
DEV,AlphaTauri,HARD -> SOFT,HARD,SOFT,40,21,5554.929663523655,72.77647202710887
DEV,AlphaTauri,HARD -> SOFT,HARD,SOFT,41,21,5544.5051267707095,62.351935274163225
DEV,AlphaTauri,HARD -> SOFT,HARD,SOFT,42,21,5534.089889315073,51.936697818527136
DEV,AlphaTauri,HARD -> SOFT,HARD,SOFT,43,21,5523.683951156749,41.53075966020242
DEV,AlphaTauri,HARD -> SOFT,HARD,SOFT,44,21,5513.2873122957335,31.134120799187258
DEV,AlphaTauri,HARD -> SOFT,HARD,SOFT,45,21,5502.899972732028,20.74678123548165
DEV,AlphaTauri,HARD -> SOFT,HARD,SOFT,46,21,5492.521932465632,10.368740969085593
DEV,AlphaTauri,HARD -> SOFT,HARD,SOFT,47,21,5482.153191496546,0
DEV,AlphaTauri,MEDIUM -> HARD,MEDIUM,HARD,5,21,5458.255257156515,0
DEV,AlphaTauri,MEDIUM -> HARD,MEDIUM,HARD,6,21,5463.816513365664,5.561256209149178
DEV,AlphaTauri,MEDIUM -> HARD,MEDIUM,HARD,7,21,5469.377769574813,11.122512418298356
DEV,AlphaTauri,MEDIUM -> HARD,MEDIUM,HARD,8,21,5474.939025783965,16.683768627450263
DEV,AlphaTauri,MEDIUM -> HARD,MEDIUM,HARD,9,21,5480.500281993115,22.24502483660035
DEV,AlphaTauri,MEDIUM -> HARD,MEDIUM,HARD,10,21,5486.061538202265,27.80628104575044
DEV,AlphaTauri,MEDIUM -> HARD,MEDIUM,HARD,11,21,5491.622794411416,33.367537254901436
DEV,AlphaTauri,MEDIUM -> HARD,MEDIUM,HARD,12,21,5497.184050620566,38.92879346405152
DEV,AlphaTauri,MEDIUM -> HARD,MEDIUM,HARD,13,21,5502.745306829716,44.49004967320161
DEV,AlphaTauri,MEDIUM -> HARD,MEDIUM,HARD,14,21,5508.306563038867,50.05130588235261
DEV,AlphaTauri,MEDIUM -> HARD,MEDIUM,HARD,15,21,5513.8678192480165,55.612562091501786
DEV,AlphaTauri,MEDIUM -> HARD,MEDIUM,HARD,16,21,5519.429075457167,61.173818300651874
DEV,AlphaTauri,MEDIUM -> HARD,MEDIUM,HARD,17,21,5524.990331666317,66.73507450980196
DEV,AlphaTauri,MEDIUM -> HARD,MEDIUM,HARD,18,21,5530.551587875468,72.29633071895296
DEV,AlphaTauri,MEDIUM -> HARD,MEDIUM,HARD,19,21,5536.112844084618,77.85758692810305
DEV,AlphaTauri,MEDIUM -> HARD,MEDIUM,HARD,20,21,5541.674100293767,83.41884313725222
DEV,AlphaTauri,MEDIUM -> HARD,MEDIUM,HARD,21,21,5547.235356502918,88.98009934640322
DEV,AlphaTauri,MEDIUM -> HARD,MEDIUM,HARD,22,21,5552.796612712068,94.54135555555331
DEV,AlphaTauri,MEDIUM -> HARD,MEDIUM,HARD,23,21,5558.357868921217,100.10261176470249
DEV,AlphaTauri,MEDIUM -> HARD,MEDIUM,HARD,24,21,5563.919125130368,105.66386797385348
DEV,AlphaTauri,MEDIUM -> HARD,MEDIUM,HARD,25,21,5569.480381339518,111.22512418300357
DEV,AlphaTauri,MEDIUM -> HARD,MEDIUM,HARD,26,21,5575.041637548668,116.78638039215366
DEV,AlphaTauri,MEDIUM -> HARD,MEDIUM,HARD,27,21,5580.6028937578185,122.34763660130375
DEV,AlphaTauri,MEDIUM -> HARD,MEDIUM,HARD,28,21,5586.1641499669695,127.90889281045474
DEV,AlphaTauri,MEDIUM -> HARD,MEDIUM,HARD,29,21,5591.72540617612,133.47014901960483
DEV,AlphaTauri,MEDIUM -> HARD,MEDIUM,HARD,30,21,5597.28666238527,139.03140522875492
DEV,AlphaTauri,MEDIUM -> HARD,MEDIUM,HARD,31,21,5602.84791859442,144.592661437905
DEV,AlphaTauri,MEDIUM -> HARD,MEDIUM,HARD,32,21,5608.40917480357,150.1539176470551
DEV,AlphaTauri,MEDIUM -> HARD,MEDIUM,HARD,33,21,5613.97043101272,155.71517385620518
DEV,AlphaTauri,MEDIUM -> HARD,MEDIUM,HARD,34,21,5619.53168722187,161.27643006535527
DEV,AlphaTauri,MEDIUM -> HARD,MEDIUM,HARD,35,21,5625.09294343102,166.83768627450536
DEV,AlphaTauri,MEDIUM -> HARD,MEDIUM,HARD,36,21,5630.65419964017,172.39894248365545
DEV,AlphaTauri,MEDIUM -> HARD,MEDIUM,HARD,37,21,5636.21545584932,177.96019869280553
DEV,AlphaTauri,MEDIUM -> HARD,MEDIUM,HARD,38,21,5641.77671205847,183.52145490195562
DEV,AlphaTauri,MEDIUM -> HARD,MEDIUM,HARD,39,21,5647.3379682676205,189.0827111111057
DEV,AlphaTauri,MEDIUM -> HARD,MEDIUM,HARD,40,21,5652.8992244767705,194.6439673202558
DEV,AlphaTauri,MEDIUM -> HARD,MEDIUM,HARD,41,21,5658.460480685921,200.20522352940588
DEV,AlphaTauri,MEDIUM -> HARD,MEDIUM,HARD,42,21,5664.021736895071,205.76647973855597
DEV,AlphaTauri,MEDIUM -> HARD,MEDIUM,HARD,43,21,5669.582993104222,211.32773594770697
DEV,AlphaTauri,MEDIUM -> HARD,MEDIUM,HARD,44,21,5675.144249313372,216.88899215685706
DEV,AlphaTauri,MEDIUM -> HARD,MEDIUM,HARD,45,21,5680.705505522523,222.45024836600805
DEV,AlphaTauri,MEDIUM -> HARD,MEDIUM,HARD,46,21,5686.266761731673,228.01150457515814
DEV,AlphaTauri,MEDIUM -> HARD,MEDIUM,HARD,47,21,5691.828017940823,233.57276078430823
DEV,AlphaTauri,MEDIUM -> SOFT,MEDIUM,SOFT,5,21,5953.453288227684,209.92105490107951
DEV,AlphaTauri,MEDIUM -> SOFT,MEDIUM,SOFT,6,21,5948.2645322780445,204.7322989514396
DEV,AlphaTauri,MEDIUM -> SOFT,MEDIUM,SOFT,7,21,5943.085075625715,199.55284229911013
DEV,AlphaTauri,MEDIUM -> SOFT,MEDIUM,SOFT,8,21,5937.914918270695,194.38268494409022
DEV,AlphaTauri,MEDIUM -> SOFT,MEDIUM,SOFT,9,21,5932.754060212986,189.22182688638077
DEV,AlphaTauri,MEDIUM -> SOFT,MEDIUM,SOFT,10,21,5927.602501452585,184.07026812597996
DEV,AlphaTauri,MEDIUM -> SOFT,MEDIUM,SOFT,11,21,5922.4602419894945,178.92800866288962
DEV,AlphaTauri,MEDIUM -> SOFT,MEDIUM,SOFT,12,21,5917.327281823716,173.79504849711066
DEV,AlphaTauri,MEDIUM -> SOFT,MEDIUM,SOFT,13,21,5912.203620955244,168.67138762863942
DEV,AlphaTauri,MEDIUM -> SOFT,MEDIUM,SOFT,14,21,5907.089259384084,163.55702605747865
DEV,AlphaTauri,MEDIUM -> SOFT,MEDIUM,SOFT,15,21,5901.984197110233,158.45196378362834
DEV,AlphaTauri,MEDIUM -> SOFT,MEDIUM,SOFT,16,21,5896.8884341336925,153.3562008070876
DEV,AlphaTauri,MEDIUM -> SOFT,MEDIUM,SOFT,17,21,5891.801970454461,148.2697371278564
DEV,AlphaTauri,MEDIUM -> SOFT,MEDIUM,SOFT,18,21,5886.72480607254,143.19257274593474
DEV,AlphaTauri,MEDIUM -> SOFT,MEDIUM,SOFT,19,21,5881.6569409879285,138.12470766132355
DEV,AlphaTauri,MEDIUM -> SOFT,MEDIUM,SOFT,20,21,5876.598375200627,133.06614187402192
DEV,AlphaTauri,MEDIUM -> SOFT,MEDIUM,SOFT,21,21,5871.549108710635,128.01687538402985
DEV,AlphaTauri,MEDIUM -> SOFT,MEDIUM,SOFT,22,21,5866.509141517953,122.97690819134823
DEV,AlphaTauri,MEDIUM -> SOFT,MEDIUM,SOFT,23,21,5861.478473622581,117.94624029597617
DEV,AlphaTauri,MEDIUM -> SOFT,MEDIUM,SOFT,24,21,5856.4571050245195,112.92487169791457
DEV,AlphaTauri,MEDIUM -> SOFT,MEDIUM,SOFT,25,21,5851.4450357237665,107.91280239716161
DEV,AlphaTauri,MEDIUM -> SOFT,MEDIUM,SOFT,26,21,5846.442265720323,102.91003239371821
DEV,AlphaTauri,MEDIUM -> SOFT,MEDIUM,SOFT,27,21,5841.448795014191,97.91656168758618
DEV,AlphaTauri,MEDIUM -> SOFT,MEDIUM,SOFT,28,21,5836.464623605369,92.9323902787637
DEV,AlphaTauri,MEDIUM -> SOFT,MEDIUM,SOFT,29,21,5831.489751493855,87.95751816724987
DEV,AlphaTauri,MEDIUM -> SOFT,MEDIUM,SOFT,30,21,5826.524178679652,82.99194535304741
DEV,AlphaTauri,MEDIUM -> SOFT,MEDIUM,SOFT,31,21,5821.567905162759,78.0356718361545
DEV,AlphaTauri,MEDIUM -> SOFT,MEDIUM,SOFT,32,21,5816.620930943176,73.08869761657115
DEV,AlphaTauri,MEDIUM -> SOFT,MEDIUM,SOFT,33,21,5811.683256020902,68.15102269429735
DEV,AlphaTauri,MEDIUM -> SOFT,MEDIUM,SOFT,34,21,5806.754880395938,63.22264706933311
DEV,AlphaTauri,MEDIUM -> SOFT,MEDIUM,SOFT,35,21,5801.835804068284,58.30357074167932
DEV,AlphaTauri,MEDIUM -> SOFT,MEDIUM,SOFT,36,21,5796.92602703794,53.39379371133509
DEV,AlphaTauri,MEDIUM -> SOFT,MEDIUM,SOFT,37,21,5792.025549304906,48.493315978301325
DEV,AlphaTauri,MEDIUM -> SOFT,MEDIUM,SOFT,38,21,5787.134370869181,43.6021375425762
DEV,AlphaTauri,MEDIUM -> SOFT,MEDIUM,SOFT,39,21,5782.252491730766,38.72025840416154
DEV,AlphaTauri,MEDIUM -> SOFT,MEDIUM,SOFT,40,21,5777.379911889662,33.84767856305734
DEV,AlphaTauri,MEDIUM -> SOFT,MEDIUM,SOFT,41,21,5772.516631345867,28.98439801926179
DEV,AlphaTauri,MEDIUM -> SOFT,MEDIUM,SOFT,42,21,5767.662650099381,24.13041677277579
DEV,AlphaTauri,MEDIUM -> SOFT,MEDIUM,SOFT,43,21,5762.817968150206,19.28573482360116
DEV,AlphaTauri,MEDIUM -> SOFT,MEDIUM,SOFT,44,21,5757.982585498341,14.450352171736085
DEV,AlphaTauri,MEDIUM -> SOFT,MEDIUM,SOFT,45,21,5753.156502143786,9.624268817181473
DEV,AlphaTauri,MEDIUM -> SOFT,MEDIUM,SOFT,46,21,5748.339718086541,4.807484759936415
DEV,AlphaTauri,MEDIUM -> SOFT,MEDIUM,SOFT,47,21,5743.532233326605,0
DEV,AlphaTauri,SOFT -> HARD,SOFT,HARD,5,21,5484.3385263643595,0
DEV,AlphaTauri,SOFT -> HARD,SOFT,HARD,6,21,5495.088538523148,10.750012158788195
DEV,AlphaTauri,SOFT -> HARD,SOFT,HARD,7,21,5505.829251384626,21.490725020266837
DEV,AlphaTauri,SOFT -> HARD,SOFT,HARD,8,21,5516.560664948798,32.22213858443865
DEV,AlphaTauri,SOFT -> HARD,SOFT,HARD,9,21,5527.282779215659,42.9442528512991
DEV,AlphaTauri,SOFT -> HARD,SOFT,HARD,10,21,5537.995594185209,53.65706782084908
DEV,AlphaTauri,SOFT -> HARD,SOFT,HARD,11,21,5548.699109857449,64.360583493089507
DEV,AlphaTauri,SOFT -> HARD,SOFT,HARD,12,21,5559.393326232379,75.05479986801947
DEV,AlphaTauri,SOFT -> HARD,SOFT,HARD,13,21,5570.07824331,85.7397169456408
DEV,AlphaTauri,SOFT -> HARD,SOFT,HARD,14,21,5580.753861090311,96.41533472595165
DEV,AlphaTauri,SOFT -> HARD,SOFT,HARD,15,21,5591.4201795733115,107.08165320895205
DEV,AlphaTauri,SOFT -> HARD,SOFT,HARD,16,21,5602.077198759003,117.7386723946438
DEV,AlphaTauri,SOFT -> HARD,SOFT,HARD,17,21,5612.724918647384,128.38639228302418
DEV,AlphaTauri,SOFT -> HARD,SOFT,HARD,18,21,5623.363339238455,139.02481287409591
DEV,AlphaTauri,SOFT -> HARD,SOFT,HARD,19,21,5633.992460532218,149.6539341678581
DEV,AlphaTauri,SOFT -> HARD,SOFT,HARD,20,21,5644.612282528669,160.27375616430982
DEV,AlphaTauri,SOFT -> HARD,SOFT,HARD,21,21,5655.2228052278115,170.88427886345198
DEV,AlphaTauri,SOFT -> HARD,SOFT,HARD,22,21,5665.824028629643,181.48550226528369
DEV,AlphaTauri,SOFT -> HARD,SOFT,HARD,23,21,5676.415952734165,192.07742636980583
DEV,AlphaTauri,SOFT -> HARD,SOFT,HARD,24,21,5686.998577541377,202.66005117701752
DEV,AlphaTauri,SOFT -> HARD,SOFT,HARD,25,21,5697.57190305128,213.23337668692056
DEV,AlphaTauri,SOFT -> HARD,SOFT,HARD,26,21,5708.135929263874,223.79740289951405
DEV,AlphaTauri,SOFT -> HARD,SOFT,HARD,27,21,5718.690656179156,234.35212981479617
DEV,AlphaTauri,SOFT -> HARD,SOFT,HARD,28,21,5729.23608379713,244.89755743277055
DEV,AlphaTauri,SOFT -> HARD,SOFT,HARD,29,21,5739.772212117792,255.43368575343266
DEV,AlphaTauri,SOFT -> HARD,SOFT,HARD,30,21,5750.299041141146,265.9605147767861
DEV,AlphaTauri,SOFT -> HARD,SOFT,HARD,31,21,5760.8165708671895,276.47804450283
DEV,AlphaTauri,SOFT -> HARD,SOFT,HARD,32,21,5771.324801295923,286.98627493156346
DEV,AlphaTauri,SOFT -> HARD,SOFT,HARD,33,21,5781.823732427347,297.48520606298734
DEV,AlphaTauri,SOFT -> HARD,SOFT,HARD,34,21,5792.31336426146,307.97483789710077
DEV,AlphaTauri,SOFT -> HARD,SOFT,HARD,35,21,5802.793696798264,318.45517043390464
DEV,AlphaTauri,SOFT -> HARD,SOFT,HARD,36,21,5813.2647300377585,328.92620367339896
DEV,AlphaTauri,SOFT -> HARD,SOFT,HARD,37,21,5823.726463979943,339.3879376155837
DEV,AlphaTauri,SOFT -> HARD,SOFT,HARD,38,21,5834.1788986248175,349.840372260458
DEV,AlphaTauri,SOFT -> HARD,SOFT,HARD,39,21,5844.622033972382,360.2835076080228
DEV,AlphaTauri,SOFT -> HARD,SOFT,HARD,40,21,5855.0558700226375,370.71734365827797
DEV,AlphaTauri,SOFT -> HARD,SOFT,HARD,41,21,5865.480406775582,381.1418804112227
DEV,AlphaTauri,SOFT -> HARD,SOFT,HARD,42,21,5875.895644231217,391.5571178668579
DEV,AlphaTauri,SOFT -> HARD,SOFT,HARD,43,21,5886.301582389543,401.9630560251835
DEV,AlphaTauri,SOFT -> HARD,SOFT,HARD,44,21,5896.698221250558,412.35969488619867
DEV,AlphaTauri,SOFT -> HARD,SOFT,HARD,45,21,5907.085560814265,422.7470344499052
DEV,AlphaTauri,SOFT -> HARD,SOFT,HARD,46,21,5917.463601080661,433.12507471630124
DEV,AlphaTauri,SOFT -> HARD,SOFT,HARD,47,21,5927.832342049746,443.49381568538683
DEV,AlphaTauri,SOFT -> MEDIUM,SOFT,MEDIUM,5,21,5745.717568194419,0
DEV,AlphaTauri,SOFT -> MEDIUM,SOFT,MEDIUM,6,21,5750.906324144058,5.188755949639017
DEV,AlphaTauri,SOFT -> MEDIUM,SOFT,MEDIUM,7,21,5756.085780796386,10.368212601966661
DEV,AlphaTauri,SOFT -> MEDIUM,SOFT,MEDIUM,8,21,5761.255938151406,15.538369956986571
DEV,AlphaTauri,SOFT -> MEDIUM,SOFT,MEDIUM,9,21,5766.416796209116,20.699228014696928
DEV,AlphaTauri,SOFT -> MEDIUM,SOFT,MEDIUM,10,21,5771.568354969517,25.85078677509773
DEV,AlphaTauri,SOFT -> MEDIUM,SOFT,MEDIUM,11,21,5776.710614432607,30.99304623818807
DEV,AlphaTauri,SOFT -> MEDIUM,SOFT,MEDIUM,12,21,5781.843574598388,36.12600640396886
DEV,AlphaTauri,SOFT -> MEDIUM,SOFT,MEDIUM,13,21,5786.967235466858,41.24966727243918
DEV,AlphaTauri,SOFT -> MEDIUM,SOFT,MEDIUM,14,21,5792.081597038019,46.364028843599954
DEV,AlphaTauri,SOFT -> MEDIUM,SOFT,MEDIUM,15,21,5797.186659311869,51.46909111745026
DEV,AlphaTauri,SOFT -> MEDIUM,SOFT,MEDIUM,16,21,5802.28242228841,56.564854093991016
DEV,AlphaTauri,SOFT -> MEDIUM,SOFT,MEDIUM,17,21,5807.36888596764,61.65131777322131
DEV,AlphaTauri,SOFT -> MEDIUM,SOFT,MEDIUM,18,21,5812.446050349562,66.72848215514296
DEV,AlphaTauri,SOFT -> MEDIUM,SOFT,MEDIUM,19,21,5817.513915434174,71.79634723975505
DEV,AlphaTauri,SOFT -> MEDIUM,SOFT,MEDIUM,20,21,5822.572481221476,76.85491302705668
DEV,AlphaTauri,SOFT -> MEDIUM,SOFT,MEDIUM,21,21,5827.621747711468,81.90417951704876
DEV,AlphaTauri,SOFT -> MEDIUM,SOFT,MEDIUM,22,21,5832.6617149041485,86.94414670972947
DEV,AlphaTauri,SOFT -> MEDIUM,SOFT,MEDIUM,23,21,5837.692382799521,91.97481460510153
DEV,AlphaTauri,SOFT -> MEDIUM,SOFT,MEDIUM,24,21,5842.713751397583,96.99618320316404
DEV,AlphaTauri,SOFT -> MEDIUM,SOFT,MEDIUM,25,21,5847.725820698335,102.00825250391608
DEV,AlphaTauri,SOFT -> MEDIUM,SOFT,MEDIUM,26,21,5852.728590701778,107.01102250735858
DEV,AlphaTauri,SOFT -> MEDIUM,SOFT,MEDIUM,27,21,5857.722061407911,112.00449321349151
DEV,AlphaTauri,SOFT -> MEDIUM,SOFT,MEDIUM,28,21,5862.706232816734,116.9886646223149
DEV,AlphaTauri,SOFT -> MEDIUM,SOFT,MEDIUM,29,21,5867.681104928247,121.96353673382782
DEV,AlphaTauri,SOFT -> MEDIUM,SOFT,MEDIUM,30,21,5872.64667774245,126.92910954803119
DEV,AlphaTauri,SOFT -> MEDIUM,SOFT,MEDIUM,31,21,5877.602951259343,131.8853830649241
DEV,AlphaTauri,SOFT -> MEDIUM,SOFT,MEDIUM,32,21,5882.5499254789265,136.83235728450745
DEV,AlphaTauri,SOFT -> MEDIUM,SOFT,MEDIUM,33,21,5887.4876004012,141.77003220678125
DEV,AlphaTauri,SOFT -> MEDIUM,SOFT,MEDIUM,34,21,5892.415976026165,146.6984078317455
DEV,AlphaTauri,SOFT -> MEDIUM,SOFT,MEDIUM,35,21,5897.335052353817,151.61748415939837
DEV,AlphaTauri,SOFT -> MEDIUM,SOFT,MEDIUM,36,21,5902.244829384163,156.5272611897435
DEV,AlphaTauri,SOFT -> MEDIUM,SOFT,MEDIUM,37,21,5907.145307117196,161.42773892277728
DEV,AlphaTauri,SOFT -> MEDIUM,SOFT,MEDIUM,38,21,5912.036485552921,166.3189173585015
DEV,AlphaTauri,SOFT -> MEDIUM,SOFT,MEDIUM,39,21,5916.918364691335,171.20079649691615
DEV,AlphaTauri,SOFT -> MEDIUM,SOFT,MEDIUM,40,21,5921.79094453244,176.07337633802126
DEV,AlphaTauri,SOFT -> MEDIUM,SOFT,MEDIUM,41,21,5926.654225076234,180.936656881815
DEV,AlphaTauri,SOFT -> MEDIUM,SOFT,MEDIUM,42,21,5931.50820632272,185.790638128301
DEV,AlphaTauri,SOFT -> MEDIUM,SOFT,MEDIUM,43,21,5936.352888271895,190.63532007747563
DEV,AlphaTauri,SOFT -> MEDIUM,SOFT,MEDIUM,44,21,5941.18827092376,195.4707027293407
DEV,AlphaTauri,SOFT -> MEDIUM,SOFT,MEDIUM,45,21,5946.014354278315,200.29678608389622
DEV,AlphaTauri,SOFT -> MEDIUM,SOFT,MEDIUM,46,21,5950.831138335561,205.1135701411422
DEV,AlphaTauri,SOFT -> MEDIUM,SOFT,MEDIUM,47,21,5955.638623095497,209.9210549010777
GAS,Alpine,HARD -> MEDIUM,HARD,MEDIUM,5,21,5390.072447105289,0
GAS,Alpine,HARD -> MEDIUM,HARD,MEDIUM,6,21,5395.814763820134,5.742316714845401
GAS,Alpine,HARD -> MEDIUM,HARD,MEDIUM,7,21,5401.537542683626,11.465095578337241
GAS,Alpine,HARD -> MEDIUM,HARD,MEDIUM,8,21,5407.240783695765,17.16833659047552
GAS,Alpine,HARD -> MEDIUM,HARD,MEDIUM,9,21,5412.924486856549,22.852039751260236
GAS,Alpine,HARD -> MEDIUM,HARD,MEDIUM,10,21,5418.588652165981,28.5162050606923
GAS,Alpine,HARD -> MEDIUM,HARD,MEDIUM,11,21,5424.233279624061,34.16083251877171
GAS,Alpine,HARD -> MEDIUM,HARD,MEDIUM,12,21,5429.8583692307875,39.78592212549847
GAS,Alpine,HARD -> MEDIUM,HARD,MEDIUM,13,21,5435.46392098616,45.39147388087076
GAS,Alpine,HARD -> MEDIUM,HARD,MEDIUM,14,21,5441.04993489018,50.97748778489131
GAS,Alpine,HARD -> MEDIUM,HARD,MEDIUM,15,21,5446.616410942847,56.543963837558294
GAS,Alpine,HARD -> MEDIUM,HARD,MEDIUM,16,21,5452.163349144161,62.09090203887172
GAS,Alpine,HARD -> MEDIUM,HARD,MEDIUM,17,21,5457.690749494122,67.6183023888334
GAS,Alpine,HARD -> MEDIUM,HARD,MEDIUM,18,21,5463.19861199273,73.12616488744061
GAS,Alpine,HARD -> MEDIUM,HARD,MEDIUM,19,21,5468.686936639984,78.61448953469517
GAS,Alpine,HARD -> MEDIUM,HARD,MEDIUM,20,21,5474.155723435886,84.08327633059707
GAS,Alpine,HARD -> MEDIUM,HARD,MEDIUM,21,21,5479.6049723804335,89.53252527514451
GAS,Alpine,HARD -> MEDIUM,HARD,MEDIUM,22,21,5485.03468347363,94.96223636834111
GAS,Alpine,HARD -> MEDIUM,HARD,MEDIUM,23,21,5490.444856715472,100.37240961018324
GAS,Alpine,HARD -> MEDIUM,HARD,MEDIUM,24,21,5495.835492105961,105.76304500067181
GAS,Alpine,HARD -> MEDIUM,HARD,MEDIUM,25,21,5501.206589645098,111.13414253980864
GAS,Alpine,HARD -> MEDIUM,HARD,MEDIUM,26,21,5506.558149332879,116.48570222759008
GAS,Alpine,HARD -> MEDIUM,HARD,MEDIUM,27,21,5511.890171169311,121.8177240640216
GAS,Alpine,HARD -> MEDIUM,HARD,MEDIUM,28,21,5517.202655154386,127.13020804909684
GAS,Alpine,HARD -> MEDIUM,HARD,MEDIUM,29,21,5522.49560128811,132.42315418282124
GAS,Alpine,HARD -> MEDIUM,HARD,MEDIUM,30,21,5527.769009570481,137.69656246519207
GAS,Alpine,HARD -> MEDIUM,HARD,MEDIUM,31,21,5533.022880001499,142.95043289621026
GAS,Alpine,HARD -> MEDIUM,HARD,MEDIUM,32,21,5538.257212581164,148.18476547587488
GAS,Alpine,HARD -> MEDIUM,HARD,MEDIUM,33,21,5543.472007309474,153.39956020418504
GAS,Alpine,HARD -> MEDIUM,HARD,MEDIUM,34,21,5548.667264186433,158.59481708114436
GAS,Alpine,HARD -> MEDIUM,HARD,MEDIUM,35,21,5553.842983212039,163.77053610675011
GAS,Alpine,HARD -> MEDIUM,HARD,MEDIUM,36,21,5558.999164386291,168.9267172810023
GAS,Alpine,HARD -> MEDIUM,HARD,MEDIUM,37,21,5564.13580770919,174.06336060390095
GAS,Alpine,HARD -> MEDIUM,HARD,MEDIUM,38,21,5569.252913180737,179.18046607544784
GAS,Alpine,HARD -> MEDIUM,HARD,MEDIUM,39,21,5574.350480800929,184.27803369564026
GAS,Alpine,HARD -> MEDIUM,HARD,MEDIUM,40,21,5579.42851056977,189.35606346448094
GAS,Alpine,HARD -> MEDIUM,HARD,MEDIUM,41,21,5584.487002487257,194.41455538196806
GAS,Alpine,HARD -> MEDIUM,HARD,MEDIUM,42,21,5589.525956553391,199.4535094481016
GAS,Alpine,HARD -> MEDIUM,HARD,MEDIUM,43,21,5594.545372768172,204.47292566288252
GAS,Alpine,HARD -> MEDIUM,HARD,MEDIUM,44,21,5599.5452511316,209.47280402631077
GAS,Alpine,HARD -> MEDIUM,HARD,MEDIUM,45,21,5604.525591643674,214.45314453838455
GAS,Alpine,HARD -> MEDIUM,HARD,MEDIUM,46,21,5609.486394304396,219.4139471991066
GAS,Alpine,HARD -> MEDIUM,HARD,MEDIUM,47,21,5614.427659113764,224.35521200847506
GAS,Alpine,HARD -> SOFT,HARD,SOFT,5,21,7616.4411058632295,1655.6575053715578
GAS,Alpine,HARD -> SOFT,HARD,SOFT,6,21,7598.801389691098,1638.0177891994263
GAS,Alpine,HARD -> SOFT,HARD,SOFT,7,21,7580.099200317872,1619.3155998262
GAS,Alpine,HARD -> SOFT,HARD,SOFT,8,21,7560.334537743551,1599.550937251879
GAS,Alpine,HARD -> SOFT,HARD,SOFT,9,21,7539.507401968136,1578.7238014764644
GAS,Alpine,HARD -> SOFT,HARD,SOFT,10,21,7517.617792991628,1556.8341924999568
GAS,Alpine,HARD -> SOFT,HARD,SOFT,11,21,7494.665710814028,1533.8821103223563
GAS,Alpine,HARD -> SOFT,HARD,SOFT,12,21,7470.65115543533,1509.8675549436584
GAS,Alpine,HARD -> SOFT,HARD,SOFT,13,21,7445.574126855541,1484.7905263638695
GAS,Alpine,HARD -> SOFT,HARD,SOFT,14,21,7419.434625074655,1458.6510245829832
GAS,Alpine,HARD -> SOFT,HARD,SOFT,15,21,7392.232650092677,1431.4490496010058
GAS,Alpine,HARD -> SOFT,HARD,SOFT,16,21,7363.9682019096035,1403.1846014179318
GAS,Alpine,HARD -> SOFT,HARD,SOFT,17,21,7334.641280525439,1373.8576800337669
GAS,Alpine,HARD -> SOFT,HARD,SOFT,18,21,7304.251885940178,1343.4682854485063
GAS,Alpine,HARD -> SOFT,HARD,SOFT,19,21,7272.800018153823,1312.016417662151
GAS,Alpine,HARD -> SOFT,HARD,SOFT,20,21,7240.285677166375,1279.502076674703
GAS,Alpine,HARD -> SOFT,HARD,SOFT,21,21,7206.708862977831,1245.9252624861592
GAS,Alpine,HARD -> SOFT,HARD,SOFT,22,21,7172.069575588194,1211.2859750965226
GAS,Alpine,HARD -> SOFT,HARD,SOFT,23,21,7136.367814997462,1175.5842145057904
GAS,Alpine,HARD -> SOFT,HARD,SOFT,24,21,7099.603581205638,1138.8199807139663
GAS,Alpine,HARD -> SOFT,HARD,SOFT,25,21,7061.776874212717,1100.9932737210456
GAS,Alpine,HARD -> SOFT,HARD,SOFT,26,21,7022.887694018703,1062.1040935270312
GAS,Alpine,HARD -> SOFT,HARD,SOFT,27,21,6982.936040623595,1022.152440131923
GAS,Alpine,HARD -> SOFT,HARD,SOFT,28,21,6941.921914027393,981.138313535721
GAS,Alpine,HARD -> SOFT,HARD,SOFT,29,21,6899.845314230095,939.0617137384234
GAS,Alpine,HARD -> SOFT,HARD,SOFT,30,21,6856.706241231705,895.9226407400329
GAS,Alpine,HARD -> SOFT,HARD,SOFT,31,21,6812.504695032219,851.7210945405477
GAS,Alpine,HARD -> SOFT,HARD,SOFT,32,21,6767.240675631641,806.4570751399697
GAS,Alpine,HARD -> SOFT,HARD,SOFT,33,21,6720.914183029969,760.130582538297
GAS,Alpine,HARD -> SOFT,HARD,SOFT,34,21,6673.525217227201,712.7416167355295
GAS,Alpine,HARD -> SOFT,HARD,SOFT,35,21,6625.073778223341,664.2901777316692
GAS,Alpine,HARD -> SOFT,HARD,SOFT,36,21,6575.559866018386,614.7762655267143
GAS,Alpine,HARD -> SOFT,HARD,SOFT,37,21,6524.983480612338,564.1998801206664
GAS,Alpine,HARD -> SOFT,HARD,SOFT,38,21,6473.344622005194,512.5610215135221
GAS,Alpine,HARD -> SOFT,HARD,SOFT,39,21,6420.6432901969565,459.85968970528484
GAS,Alpine,HARD -> SOFT,HARD,SOFT,40,21,6366.8794851876255,406.0958846959538
GAS,Alpine,HARD -> SOFT,HARD,SOFT,41,21,6312.053206977201,351.26960648552904
GAS,Alpine,HARD -> SOFT,HARD,SOFT,42,21,6256.16445556568,295.38085507400865
GAS,Alpine,HARD -> SOFT,HARD,SOFT,43,21,6199.213230953067,238.4296304613954
GAS,Alpine,HARD -> SOFT,HARD,SOFT,44,21,6141.19953313936,180.41593264768835
GAS,Alpine,HARD -> SOFT,HARD,SOFT,45,21,6082.123362124557,121.33976163288571
GAS,Alpine,HARD -> SOFT,HARD,SOFT,46,21,6021.984717908662,61.2011174169902
GAS,Alpine,HARD -> SOFT,HARD,SOFT,47,21,5960.783600491672,0
GAS,Alpine,MEDIUM -> HARD,MEDIUM,HARD,5,21,5609.836264045792,224.35521200847506
GAS,Alpine,MEDIUM -> HARD,MEDIUM,HARD,6,21,5604.093947330947,218.61289529363057
GAS,Alpine,MEDIUM -> HARD,MEDIUM,HARD,7,21,5598.371168467455,212.89011643013873
GAS,Alpine,MEDIUM -> HARD,MEDIUM,HARD,8,21,5592.667927455316,207.18687541799954
GAS,Alpine,MEDIUM -> HARD,MEDIUM,HARD,9,21,5586.9842242945315,201.50317225721483
GAS,Alpine,MEDIUM -> HARD,MEDIUM,HARD,10,21,5581.3200589850985,195.83900694778185
GAS,Alpine,MEDIUM -> HARD,MEDIUM,HARD,11,21,5575.67543152702,190.19437948970335
GAS,Alpine,MEDIUM -> HARD,MEDIUM,HARD,12,21,5570.050341920294,184.5692898829775
GAS,Alpine,MEDIUM -> HARD,MEDIUM,HARD,13,21,5564.444790164921,178.9637381276043
GAS,Alpine,MEDIUM -> HARD,MEDIUM,HARD,14,21,5558.8587762609,173.37772422358375
GAS,Alpine,MEDIUM -> HARD,MEDIUM,HARD,15,21,5553.292300208234,167.81124817091768
GAS,Alpine,MEDIUM -> HARD,MEDIUM,HARD,16,21,5547.74536200692,162.26430996960335
GAS,Alpine,MEDIUM -> HARD,MEDIUM,HARD,17,21,5542.21796165696,156.73690961964348
GAS,Alpine,MEDIUM -> HARD,MEDIUM,HARD,18,21,5536.710099158352,151.22904712103536
GAS,Alpine,MEDIUM -> HARD,MEDIUM,HARD,19,21,5531.2217745110975,145.7407224737808
GAS,Alpine,MEDIUM -> HARD,MEDIUM,HARD,20,21,5525.752987715196,140.2719356778789
GAS,Alpine,MEDIUM -> HARD,MEDIUM,HARD,21,21,5520.303738770646,134.82268673332965
GAS,Alpine,MEDIUM -> HARD,MEDIUM,HARD,22,21,5514.8740276774515,129.39297564013486
GAS,Alpine,MEDIUM -> HARD,MEDIUM,HARD,23,21,5509.463854435609,123.98280239829273
GAS,Alpine,MEDIUM -> HARD,MEDIUM,HARD,24,21,5504.07321904512,118.59216700780325
GAS,Alpine,MEDIUM -> HARD,MEDIUM,HARD,25,21,5498.702121505983,113.22106946866643
GAS,Alpine,MEDIUM -> HARD,MEDIUM,HARD,26,21,5493.350561818201,107.86950978088407
GAS,Alpine,MEDIUM -> HARD,MEDIUM,HARD,27,21,5488.018539981771,102.53748794445437
GAS,Alpine,MEDIUM -> HARD,MEDIUM,HARD,28,21,5482.706055996694,97.22500395937732
GAS,Alpine,MEDIUM -> HARD,MEDIUM,HARD,29,21,5477.41310986297,91.93205782565292
GAS,Alpine,MEDIUM -> HARD,MEDIUM,HARD,30,21,5472.139701580599,86.65864954328208
GAS,Alpine,MEDIUM -> HARD,MEDIUM,HARD,31,21,5466.885831149581,81.4047791122639
GAS,Alpine,MEDIUM -> HARD,MEDIUM,HARD,32,21,5461.651498569917,76.17044653260018
GAS,Alpine,MEDIUM -> HARD,MEDIUM,HARD,33,21,5456.436703841606,70.95565180428912
GAS,Alpine,MEDIUM -> HARD,MEDIUM,HARD,34,21,5451.2414469646465,65.7603949273298
GAS,Alpine,MEDIUM -> HARD,MEDIUM,HARD,35,21,5446.065727939042,60.58467590172495
GAS,Alpine,MEDIUM -> HARD,MEDIUM,HARD,36,21,5440.909546764789,55.42849472747275
GAS,Alpine,MEDIUM -> HARD,MEDIUM,HARD,37,21,5435.77290344189,50.29185140457321
GAS,Alpine,MEDIUM -> HARD,MEDIUM,HARD,38,21,5430.655797970344,45.174745933027225
GAS,Alpine,MEDIUM -> HARD,MEDIUM,HARD,39,21,5425.558230350151,40.077178312833894
GAS,Alpine,MEDIUM -> HARD,MEDIUM,HARD,40,21,5420.480200581311,34.999148543994124
GAS,Alpine,MEDIUM -> HARD,MEDIUM,HARD,41,21,5415.421708663824,29.940656626507007
GAS,Alpine,MEDIUM -> HARD,MEDIUM,HARD,42,21,5410.38275459769,24.90170256037345
GAS,Alpine,MEDIUM -> HARD,MEDIUM,HARD,43,21,5405.363338382909,19.882286345592547
GAS,Alpine,MEDIUM -> HARD,MEDIUM,HARD,44,21,5400.363460019482,14.882407982165205
GAS,Alpine,MEDIUM -> HARD,MEDIUM,HARD,45,21,5395.383119507406,9.902067470089605
GAS,Alpine,MEDIUM -> HARD,MEDIUM,HARD,46,21,5390.422316846684,4.941264809367567
GAS,Alpine,MEDIUM -> HARD,MEDIUM,HARD,47,21,5385.481052037317,0
GAS,Alpine,MEDIUM -> SOFT,MEDIUM,SOFT,5,21,7587.436454518711,1880.0127173800329
GAS,Alpine,MEDIUM -> SOFT,MEDIUM,SOFT,6,21,7564.054421631735,1856.6306844930568
GAS,Alpine,MEDIUM -> SOFT,MEDIUM,SOFT,7,21,7539.629453395017,1832.2057162563387
GAS,Alpine,MEDIUM -> SOFT,MEDIUM,SOFT,8,21,7514.161549808557,1806.7378126698786
GAS,Alpine,MEDIUM -> SOFT,MEDIUM,SOFT,9,21,7487.650710872357,1780.2269737336792
GAS,Alpine,MEDIUM -> SOFT,MEDIUM,SOFT,10,21,7460.096936586417,1752.6731994477386
GAS,Alpine,MEDIUM -> SOFT,MEDIUM,SOFT,11,21,7431.500226950737,1724.0764898120588
GAS,Alpine,MEDIUM -> SOFT,MEDIUM,SOFT,12,21,7401.860581965313,1694.436844826635
GAS,Alpine,MEDIUM -> SOFT,MEDIUM,SOFT,13,21,7371.178001630151,1663.754264491473
GAS,Alpine,MEDIUM -> SOFT,MEDIUM,SOFT,14,21,7339.452485945245,1632.028748806567
GAS,Alpine,MEDIUM -> SOFT,MEDIUM,SOFT,15,21,7306.684034910601,1599.2602977719234
GAS,Alpine,MEDIUM -> SOFT,MEDIUM,SOFT,16,21,7272.872648526213,1565.4489113875352
GAS,Alpine,MEDIUM -> SOFT,MEDIUM,SOFT,17,21,7238.0183267920875,1530.5945896534095
GAS,Alpine,MEDIUM -> SOFT,MEDIUM,SOFT,18,21,7202.121069708219,1494.6973325695408
GAS,Alpine,MEDIUM -> SOFT,MEDIUM,SOFT,19,21,7165.18087727461,1457.7571401359319
GAS,Alpine,MEDIUM -> SOFT,MEDIUM,SOFT,20,21,7127.197749491259,1419.774012352581
GAS,Alpine,MEDIUM -> SOFT,MEDIUM,SOFT,21,21,7088.171686358168,1380.7479492194898
GAS,Alpine,MEDIUM -> SOFT,MEDIUM,SOFT,22,21,7048.1026878753355,1340.6789507366575
GAS,Alpine,MEDIUM -> SOFT,MEDIUM,SOFT,23,21,7006.990754042761,1299.5670169040832
GAS,Alpine,MEDIUM -> SOFT,MEDIUM,SOFT,24,21,6964.835884860448,1257.4121477217695
GAS,Alpine,MEDIUM -> SOFT,MEDIUM,SOFT,25,21,6921.638080328392,1214.2143431897139
GAS,Alpine,MEDIUM -> SOFT,MEDIUM,SOFT,26,21,6877.397340446594,1169.9736033079162
GAS,Alpine,MEDIUM -> SOFT,MEDIUM,SOFT,27,21,6832.113665215056,1124.6899280763782
GAS,Alpine,MEDIUM -> SOFT,MEDIUM,SOFT,28,21,6785.787054633776,1078.3633174950983
GAS,Alpine,MEDIUM -> SOFT,MEDIUM,SOFT,29,21,6738.417508702756,1030.993771564078
GAS,Alpine,MEDIUM -> SOFT,MEDIUM,SOFT,30,21,6690.005027421994,982.5812902833159
GAS,Alpine,MEDIUM -> SOFT,MEDIUM,SOFT,31,21,6640.549610791491,933.1258736528134
GAS,Alpine,MEDIUM -> SOFT,MEDIUM,SOFT,32,21,6590.051258811249,882.6275216725708
GAS,Alpine,MEDIUM -> SOFT,MEDIUM,SOFT,33,21,6538.509971481265,831.086234342587
GAS,Alpine,MEDIUM -> SOFT,MEDIUM,SOFT,34,21,6485.925748801539,778.5020116628612
GAS,Alpine,MEDIUM -> SOFT,MEDIUM,SOFT,35,21,6432.298590772074,724.874853633396
GAS,Alpine,MEDIUM -> SOFT,MEDIUM,SOFT,36,21,6377.628497392867,670.2047602541888
GAS,Alpine,MEDIUM -> SOFT,MEDIUM,SOFT,37,21,6321.9154686639185,614.4917315252405
GAS,Alpine,MEDIUM -> SOFT,MEDIUM,SOFT,38,21,6265.159504585229,557.7357674465511
GAS,Alpine,MEDIUM -> SOFT,MEDIUM,SOFT,39,21,6207.360605156799,499.93686801812055
GAS,Alpine,MEDIUM -> SOFT,MEDIUM,SOFT,40,21,6148.518770378627,441.09503323994886
GAS,Alpine,MEDIUM -> SOFT,MEDIUM,SOFT,41,21,6088.634000250715,381.21026311203696
GAS,Alpine,MEDIUM -> SOFT,MEDIUM,SOFT,42,21,6027.706294773061,320.282557634383
GAS,Alpine,MEDIUM -> SOFT,MEDIUM,SOFT,43,21,5965.735653945667,258.31191680698885
GAS,Alpine,MEDIUM -> SOFT,MEDIUM,SOFT,44,21,5902.722077768532,195.29834062985356
GAS,Alpine,MEDIUM -> SOFT,MEDIUM,SOFT,45,21,5838.665566241654,131.24182910297623
GAS,Alpine,MEDIUM -> SOFT,MEDIUM,SOFT,46,21,5773.566119365037,66.14238222635868
GAS,Alpine,MEDIUM -> SOFT,MEDIUM,SOFT,47,21,5707.423737138678,0
GAS,Alpine,SOFT -> HARD,SOFT,HARD,5,21,5711.102398234559,0
GAS,Alpine,SOFT -> HARD,SOFT,HARD,6,21,5728.742114406691,17.639716172132466
GAS,Alpine,SOFT -> HARD,SOFT,HARD,7,21,5747.444303779917,36.34190554535871
GAS,Alpine,SOFT -> HARD,SOFT,HARD,8,21,5767.208966354237,56.10656811967874
GAS,Alpine,SOFT -> HARD,SOFT,HARD,9,21,5788.036102129652,76.93370389509346
GAS,Alpine,SOFT -> HARD,SOFT,HARD,10,21,5809.92571110616,98.82331287160105
GAS,Alpine,SOFT -> HARD,SOFT,HARD,11,21,5832.877793283763,121.77539504920423
GAS,Alpine,SOFT -> HARD,SOFT,HARD,12,21,5856.89234866246,145.7899504279012
GAS,Alpine,SOFT -> HARD,SOFT,HARD,13,21,5881.969377242251,170.86697900769195
GAS,Alpine,SOFT -> HARD,SOFT,HARD,14,21,5908.108879023135,197.00648078857648
GAS,Alpine,SOFT -> HARD,SOFT,HARD,15,21,5935.310854005114,224.2084557705557
GAS,Alpine,SOFT -> HARD,SOFT,HARD,16,21,5963.5753021881865,252.4729039536278
GAS,Alpine,SOFT -> HARD,SOFT,HARD,17,21,5992.902223572355,281.7998253377964
GAS,Alpine,SOFT -> HARD,SOFT,HARD,18,21,6023.291618157615,312.18921992305604
GAS,Alpine,SOFT -> HARD,SOFT,HARD,19,21,6054.743485943971,343.6410877094122
GAS,Alpine,SOFT -> HARD,SOFT,HARD,20,21,6087.25782693142,376.15542869686124
GAS,Alpine,SOFT -> HARD,SOFT,HARD,21,21,6120.834641119964,409.73224288540496
GAS,Alpine,SOFT -> HARD,SOFT,HARD,22,21,6155.4739285096,444.37153027504155
GAS,Alpine,SOFT -> HARD,SOFT,HARD,23,21,6191.175689100333,480.07329086577465
GAS,Alpine,SOFT -> HARD,SOFT,HARD,24,21,6227.9399228921575,516.8375246575988
GAS,Alpine,SOFT -> HARD,SOFT,HARD,25,21,6265.766629885078,554.6642316505195
GAS,Alpine,SOFT -> HARD,SOFT,HARD,26,21,6304.655810079092,593.553411844533
GAS,Alpine,SOFT -> HARD,SOFT,HARD,27,21,6344.6074634742,633.5050652396412
GAS,Alpine,SOFT -> HARD,SOFT,HARD,28,21,6385.621590070401,674.5191918358423
GAS,Alpine,SOFT -> HARD,SOFT,HARD,29,21,6427.698189867699,716.5957916331399
GAS,Alpine,SOFT -> HARD,SOFT,HARD,30,21,6470.837262866087,759.7348646315286
GAS,Alpine,SOFT -> HARD,SOFT,HARD,31,21,6515.038809065572,803.9364108310137
GAS,Alpine,SOFT -> HARD,SOFT,HARD,32,21,6560.302828466151,849.2004302315927
GAS,Alpine,SOFT -> HARD,SOFT,HARD,33,21,6606.629321067823,895.5269228332645
GAS,Alpine,SOFT -> HARD,SOFT,HARD,34,21,6654.018286870591,942.9158886360319
GAS,Alpine,SOFT -> HARD,SOFT,HARD,35,21,6702.469725874451,991.3673276398922
GAS,Alpine,SOFT -> HARD,SOFT,HARD,36,21,6751.983638079406,1040.8812398448472
GAS,Alpine,SOFT -> HARD,SOFT,HARD,37,21,6802.560023485455,1091.457625250896
GAS,Alpine,SOFT -> HARD,SOFT,HARD,38,21,6854.198882092597,1143.0964838580385
GAS,Alpine,SOFT -> HARD,SOFT,HARD,39,21,6906.900213900834,1195.7978156662757
GAS,Alpine,SOFT -> HARD,SOFT,HARD,40,21,6960.664018910165,1249.5616206756067
GAS,Alpine,SOFT -> HARD,SOFT,HARD,41,21,7015.49029712059,1304.3878988860315
GAS,Alpine,SOFT -> HARD,SOFT,HARD,42,21,7071.37904853211,1360.276650297551
GAS,Alpine,SOFT -> HARD,SOFT,HARD,43,21,7128.330273144723,1417.2278749101642
GAS,Alpine,SOFT -> HARD,SOFT,HARD,44,21,7186.343970958431,1475.2415727238722
GAS,Alpine,SOFT -> HARD,SOFT,HARD,45,21,7245.420141973232,1534.317743738673
GAS,Alpine,SOFT -> HARD,SOFT,HARD,46,21,7305.558786189127,1594.4563879545685
GAS,Alpine,SOFT -> HARD,SOFT,HARD,47,21,7366.759903606117,1655.6575053715587
GAS,Alpine,SOFT -> MEDIUM,SOFT,MEDIUM,5,21,5462.333929949537,0
GAS,Alpine,SOFT -> MEDIUM,SOFT,MEDIUM,6,21,5485.715962836515,23.382032886977868
GAS,Alpine,SOFT -> MEDIUM,SOFT,MEDIUM,7,21,5510.140931073233,47.807001123695954
GAS,Alpine,SOFT -> MEDIUM,SOFT,MEDIUM,8,21,5535.608834659692,73.27490471015426
GAS,Alpine,SOFT -> MEDIUM,SOFT,MEDIUM,9,21,5562.119673595891,99.7857436463537
GAS,Alpine,SOFT -> MEDIUM,SOFT,MEDIUM,10,21,5589.673447881831,127.33951793229335
GAS,Alpine,SOFT -> MEDIUM,SOFT,MEDIUM,11,21,5618.270157517513,155.93622756797595
GAS,Alpine,SOFT -> MEDIUM,SOFT,MEDIUM,12,21,5647.909802502936,185.57587255339877
GAS,Alpine,SOFT -> MEDIUM,SOFT,MEDIUM,13,21,5678.592382838099,216.2584528885618
GAS,Alpine,SOFT -> MEDIUM,SOFT,MEDIUM,14,21,5710.317898523004,247.98396857346688
GAS,Alpine,SOFT -> MEDIUM,SOFT,MEDIUM,15,21,5743.0863495576505,280.7524196081131
GAS,Alpine,SOFT -> MEDIUM,SOFT,MEDIUM,16,21,5776.897735942037,314.5638059924995
GAS,Alpine,SOFT -> MEDIUM,SOFT,MEDIUM,17,21,5811.752057676165,349.418127726628
GAS,Alpine,SOFT -> MEDIUM,SOFT,MEDIUM,18,21,5847.649314760034,385.31538481049665
GAS,Alpine,SOFT -> MEDIUM,SOFT,MEDIUM,19,21,5884.589507193644,422.25557724410646
GAS,Alpine,SOFT -> MEDIUM,SOFT,MEDIUM,20,21,5922.572634976995,460.2387050274574
GAS,Alpine,SOFT -> MEDIUM,SOFT,MEDIUM,21,21,5961.598698110087,499.26476816054947
GAS,Alpine,SOFT -> MEDIUM,SOFT,MEDIUM,22,21,6001.66769659292,539.3337666433827
GAS,Alpine,SOFT -> MEDIUM,SOFT,MEDIUM,23,21,6042.779630425494,580.445700475957
GAS,Alpine,SOFT -> MEDIUM,SOFT,MEDIUM,24,21,6084.934499607809,622.6005696582715
GAS,Alpine,SOFT -> MEDIUM,SOFT,MEDIUM,25,21,6128.1323041398655,665.7983741903281
GAS,Alpine,SOFT -> MEDIUM,SOFT,MEDIUM,26,21,6172.373044021661,710.039114072124
GAS,Alpine,SOFT -> MEDIUM,SOFT,MEDIUM,27,21,6217.6567192532,755.3227893036628
GAS,Alpine,SOFT -> MEDIUM,SOFT,MEDIUM,28,21,6263.983329834478,801.649399884941
GAS,Alpine,SOFT -> MEDIUM,SOFT,MEDIUM,29,21,6311.3528757654985,849.0189458159612
GAS,Alpine,SOFT -> MEDIUM,SOFT,MEDIUM,30,21,6359.76535704626,897.4314270967225
GAS,Alpine,SOFT -> MEDIUM,SOFT,MEDIUM,31,21,6409.220773676762,946.8868437272249
GAS,Alpine,SOFT -> MEDIUM,SOFT,MEDIUM,32,21,6459.719125657006,997.3851957074685
GAS,Alpine,SOFT -> MEDIUM,SOFT,MEDIUM,33,21,6511.260412986989,1048.9264830374514
GAS,Alpine,SOFT -> MEDIUM,SOFT,MEDIUM,34,21,6563.844635666715,1101.5107057171772
GAS,Alpine,SOFT -> MEDIUM,SOFT,MEDIUM,35,21,6617.471793696181,1155.1378637466432
GAS,Alpine,SOFT -> MEDIUM,SOFT,MEDIUM,36,21,6672.141887075388,1209.8079571258504
GAS,Alpine,SOFT -> MEDIUM,SOFT,MEDIUM,37,21,6727.854915804335,1265.5209858547978
GAS,Alpine,SOFT -> MEDIUM,SOFT,MEDIUM,38,21,6784.610879883025,1322.2769499334872
GAS,Alpine,SOFT -> MEDIUM,SOFT,MEDIUM,39,21,6842.409779311454,1380.0758493619169
GAS,Alpine,SOFT -> MEDIUM,SOFT,MEDIUM,40,21,6901.251614089626,1438.9176841400886
GAS,Alpine,SOFT -> MEDIUM,SOFT,MEDIUM,41,21,6961.136384217538,1498.8024542680005
GAS,Alpine,SOFT -> MEDIUM,SOFT,MEDIUM,42,21,7022.064089695191,1559.7301597456535
GAS,Alpine,SOFT -> MEDIUM,SOFT,MEDIUM,43,21,7084.034730522585,1621.7008005730477
GAS,Alpine,SOFT -> MEDIUM,SOFT,MEDIUM,44,21,7147.04830669972,1684.714376750183
GAS,Alpine,SOFT -> MEDIUM,SOFT,MEDIUM,45,21,7211.104818226596,1748.7708882770585
GAS,Alpine,SOFT -> MEDIUM,SOFT,MEDIUM,46,21,7276.204265103213,1813.870335153676
GAS,Alpine,SOFT -> MEDIUM,SOFT,MEDIUM,47,21,7342.346647329571,1880.0127173800338
HAM,Mercedes,HARD -> MEDIUM,HARD,MEDIUM,5,21,5670.221391548138,23.397094950894825
HAM,Mercedes,HARD -> MEDIUM,HARD,MEDIUM,6,21,5670.571205191495,23.74690859425209
HAM,Mercedes,HARD -> MEDIUM,HARD,MEDIUM,7,21,5670.876780428382,24.05248383113849
HAM,Mercedes,HARD -> MEDIUM,HARD,MEDIUM,8,21,5671.138117258797,24.31382066155402
HAM,Mercedes,HARD -> MEDIUM,HARD,MEDIUM,9,21,5671.355215682741,24.53091908549777
HAM,Mercedes,HARD -> MEDIUM,HARD,MEDIUM,10,21,5671.528075700213,24.703779102969747
HAM,Mercedes,HARD -> MEDIUM,HARD,MEDIUM,11,21,5671.656697311215,24.832400713971765
HAM,Mercedes,HARD -> MEDIUM,HARD,MEDIUM,12,21,5671.741080515743,24.916783918500187
HAM,Mercedes,HARD -> MEDIUM,HARD,MEDIUM,13,21,5671.781225313801,24.95692871655774
HAM,Mercedes,HARD -> MEDIUM,HARD,MEDIUM,14,21,5671.777131705387,24.952835108143518
HAM,Mercedes,HARD -> MEDIUM,HARD,MEDIUM,15,21,5671.728799690502,24.904503093258427
HAM,Mercedes,HARD -> MEDIUM,HARD,MEDIUM,16,21,5671.636229269146,24.81193267190247
HAM,Mercedes,HARD -> MEDIUM,HARD,MEDIUM,17,21,5671.499420441318,24.675123844074733
HAM,Mercedes,HARD -> MEDIUM,HARD,MEDIUM,18,21,5671.318373207018,24.49407660977522
HAM,Mercedes,HARD -> MEDIUM,HARD,MEDIUM,19,21,5671.093087566247,24.26879096900393
HAM,Mercedes,HARD -> MEDIUM,HARD,MEDIUM,20,21,5670.823563519005,23.999266921761773
HAM,Mercedes,HARD -> MEDIUM,HARD,MEDIUM,21,21,5670.509801065291,23.68550446804784
HAM,Mercedes,HARD -> MEDIUM,HARD,MEDIUM,22,21,5670.151800205105,23.327503607862127
HAM,Mercedes,HARD -> MEDIUM,HARD,MEDIUM,23,21,5669.749560938448,22.925264341204638
HAM,Mercedes,HARD -> MEDIUM,HARD,MEDIUM,24,21,5669.303083265319,22.478786668076282
HAM,Mercedes,HARD -> MEDIUM,HARD,MEDIUM,25,21,5668.81236718572,21.988070588477058
HAM,Mercedes,HARD -> MEDIUM,HARD,MEDIUM,26,21,5668.277412699648,21.453116102405147
HAM,Mercedes,HARD -> MEDIUM,HARD,MEDIUM,27,21,5667.6982198071055,20.87392320986237
HAM,Mercedes,HARD -> MEDIUM,HARD,MEDIUM,28,21,5667.074788508091,20.250491910847813
HAM,Mercedes,HARD -> MEDIUM,HARD,MEDIUM,29,21,5666.4071188026055,19.58282220536239
HAM,Mercedes,HARD -> MEDIUM,HARD,MEDIUM,30,21,5665.695210690648,18.87091409340519
HAM,Mercedes,HARD -> MEDIUM,HARD,MEDIUM,31,21,5664.939064172219,18.114767574976213
HAM,Mercedes,HARD -> MEDIUM,HARD,MEDIUM,32,21,5664.1386792473195,17.314382650076368
HAM,Mercedes,HARD -> MEDIUM,HARD,MEDIUM,33,21,5663.294055915947,16.469759318703836
HAM,Mercedes,HARD -> MEDIUM,HARD,MEDIUM,34,21,5662.4051941781045,15.580897580861347
HAM,Mercedes,HARD -> MEDIUM,HARD,MEDIUM,35,21,5661.47209403379,14.64779743654708
HAM,Mercedes,HARD -> MEDIUM,HARD,MEDIUM,36,21,5660.494755483004,13.670458885761036
HAM,Mercedes,HARD -> MEDIUM,HARD,MEDIUM,37,21,5659.473178525746,12.648881928503215
HAM,Mercedes,HARD -> MEDIUM,HARD,MEDIUM,38,21,5658.407363162018,11.583066564774526
HAM,Mercedes,HARD -> MEDIUM,HARD,MEDIUM,39,21,5657.297309391817,10.47301279457406
HAM,Mercedes,HARD -> MEDIUM,HARD,MEDIUM,40,21,5656.143017215146,9.318720617902727
HAM,Mercedes,HARD -> MEDIUM,HARD,MEDIUM,41,21,5654.944486632003,8.120190034759617
HAM,Mercedes,HARD -> MEDIUM,HARD,MEDIUM,42,21,5653.701717642388,6.877421045144729
HAM,Mercedes,HARD -> MEDIUM,HARD,MEDIUM,43,21,5652.414710246301,5.590413649058064
HAM,Mercedes,HARD -> MEDIUM,HARD,MEDIUM,44,21,5651.083464443745,4.259167846501441
HAM,Mercedes,HARD -> MEDIUM,HARD,MEDIUM,45,21,5649.707980234715,2.8836836374721315
HAM,Mercedes,HARD -> MEDIUM,HARD,MEDIUM,46,21,5648.288257619214,1.4639610219710448
HAM,Mercedes,HARD -> MEDIUM,HARD,MEDIUM,47,21,5646.824296597243,0
HAM,Mercedes,HARD -> SOFT,HARD,SOFT,5,21,5818.578661536585,166.75601555019148
HAM,Mercedes,HARD -> SOFT,HARD,SOFT,6,21,5813.409653759925,161.5870077735317
HAM,Mercedes,HARD -> SOFT,HARD,SOFT,7,21,5808.299115566389,156.47646957999586
HAM,Mercedes,HARD -> SOFT,HARD,SOFT,8,21,5803.247046955978,151.42440096958398
HAM,Mercedes,HARD -> SOFT,HARD,SOFT,9,21,5798.253447928689,146.43080194229515
HAM,Mercedes,HARD -> SOFT,HARD,SOFT,10,21,5793.318318484525,141.49567249813117
HAM,Mercedes,HARD -> SOFT,HARD,SOFT,11,21,5788.441658623482,136.61901263708842
HAM,Mercedes,HARD -> SOFT,HARD,SOFT,12,21,5783.623468345565,131.80082235917143
HAM,Mercedes,HARD -> SOFT,HARD,SOFT,13,21,5778.863747650773,127.04110166437931
HAM,Mercedes,HARD -> SOFT,HARD,SOFT,14,21,5774.162496539102,122.33985055270841
HAM,Mercedes,HARD -> SOFT,HARD,SOFT,15,21,5769.519715010558,117.6970690241642
HAM,Mercedes,HARD -> SOFT,HARD,SOFT,16,21,5764.935403065134,113.11275707874029
HAM,Mercedes,HARD -> SOFT,HARD,SOFT,17,21,5760.409560702836,108.58691471644215
HAM,Mercedes,HARD -> SOFT,HARD,SOFT,18,21,5755.942187923661,104.11954193726706
HAM,Mercedes,HARD -> SOFT,HARD,SOFT,19,21,5751.5332847276095,99.71063874121592
HAM,Mercedes,HARD -> SOFT,HARD,SOFT,20,21,5747.182851114682,95.36020512828873
HAM,Mercedes,HARD -> SOFT,HARD,SOFT,21,21,5742.890887084878,91.06824109848458
HAM,Mercedes,HARD -> SOFT,HARD,SOFT,22,21,5738.657392638198,86.83474665180438
HAM,Mercedes,HARD -> SOFT,HARD,SOFT,23,21,5734.482367774641,82.65972178824723
HAM,Mercedes,HARD -> SOFT,HARD,SOFT,24,21,5730.3658124942085,78.54316650781493
HAM,Mercedes,HARD -> SOFT,HARD,SOFT,25,21,5726.307726796898,74.48508081050477
HAM,Mercedes,HARD -> SOFT,HARD,SOFT,26,21,5722.308110682713,70.48546469631947
HAM,Mercedes,HARD -> SOFT,HARD,SOFT,27,21,5718.366964151652,66.54431816525812
HAM,Mercedes,HARD -> SOFT,HARD,SOFT,28,21,5714.484287203713,62.66164121731981
HAM,Mercedes,HARD -> SOFT,HARD,SOFT,29,21,5710.660079838899,58.837433852505455
HAM,Mercedes,HARD -> SOFT,HARD,SOFT,30,21,5706.894342057209,55.07169607081505
HAM,Mercedes,HARD -> SOFT,HARD,SOFT,31,21,5703.187073858641,51.36442787224769
HAM,Mercedes,HARD -> SOFT,HARD,SOFT,32,21,5699.538275243198,47.71562925680428
HAM,Mercedes,HARD -> SOFT,HARD,SOFT,33,21,5695.9479462108775,44.12530022448391
HAM,Mercedes,HARD -> SOFT,HARD,SOFT,34,21,5692.416086761683,40.59344077528931
HAM,Mercedes,HARD -> SOFT,HARD,SOFT,35,21,5688.9426968956095,37.120050909215934
HAM,Mercedes,HARD -> SOFT,HARD,SOFT,36,21,5685.527776612662,33.70513062626833
HAM,Mercedes,HARD -> SOFT,HARD,SOFT,37,21,5682.171325912837,30.348679926443765
HAM,Mercedes,HARD -> SOFT,HARD,SOFT,38,21,5678.873344796136,27.050698809742244
HAM,Mercedes,HARD -> SOFT,HARD,SOFT,39,21,5675.633833262558,23.811187276164674
HAM,Mercedes,HARD -> SOFT,HARD,SOFT,40,21,5672.452791312105,20.630145325711055
HAM,Mercedes,HARD -> SOFT,HARD,SOFT,41,21,5669.330218944775,17.507572958381388
HAM,Mercedes,HARD -> SOFT,HARD,SOFT,42,21,5666.266116160568,14.443470174174763
HAM,Mercedes,HARD -> SOFT,HARD,SOFT,43,21,5663.260482959487,11.437836973092999
HAM,Mercedes,HARD -> SOFT,HARD,SOFT,44,21,5660.313319341528,8.490673355134277
HAM,Mercedes,HARD -> SOFT,HARD,SOFT,45,21,5657.424625306692,5.601979320298597
HAM,Mercedes,HARD -> SOFT,HARD,SOFT,46,21,5654.594400854981,2.7717548685877773
HAM,Mercedes,HARD -> SOFT,HARD,SOFT,47,21,5651.822645986394,0
HAM,Mercedes,MEDIUM -> HARD,MEDIUM,HARD,5,21,5636.428271076448,1.559833765662006
HAM,Mercedes,MEDIUM -> HARD,MEDIUM,HARD,6,21,5636.078457433091,1.2100201223047407
HAM,Mercedes,MEDIUM -> HARD,MEDIUM,HARD,7,21,5635.772882196204,0.9044448854174334
HAM,Mercedes,MEDIUM -> HARD,MEDIUM,HARD,8,21,5635.511545365789,0.6431080550028128
HAM,Mercedes,MEDIUM -> HARD,MEDIUM,HARD,9,21,5635.294446941845,0.42600963105905976
HAM,Mercedes,MEDIUM -> HARD,MEDIUM,HARD,10,21,5635.121586924373,0.2531496135870839
HAM,Mercedes,MEDIUM -> HARD,MEDIUM,HARD,11,21,5634.992965313373,0.12452800258688512
HAM,Mercedes,MEDIUM -> HARD,MEDIUM,HARD,12,21,5634.908582108844,0.040144798057554
HAM,Mercedes,MEDIUM -> HARD,MEDIUM,HARD,13,21,5634.868437310786,0
HAM,Mercedes,MEDIUM -> HARD,MEDIUM,HARD,14,21,5634.8725309192,0.004093608413313632
HAM,Mercedes,MEDIUM -> HARD,MEDIUM,HARD,15,21,5634.920862934085,0.05242562329840439
HAM,Mercedes,MEDIUM -> HARD,MEDIUM,HARD,16,21,5635.0134333554415,0.14499604465527227
HAM,Mercedes,MEDIUM -> HARD,MEDIUM,HARD,17,21,5635.15024218327,0.2818048724839173
HAM,Mercedes,MEDIUM -> HARD,MEDIUM,HARD,18,21,5635.331289417569,0.4628521067825204
HAM,Mercedes,MEDIUM -> HARD,MEDIUM,HARD,19,21,5635.55657505834,0.6881377475538102
HAM,Mercedes,MEDIUM -> HARD,MEDIUM,HARD,20,21,5635.826099105583,0.9576617947968771
HAM,Mercedes,MEDIUM -> HARD,MEDIUM,HARD,21,21,5636.139861559296,1.271424248509902
HAM,Mercedes,MEDIUM -> HARD,MEDIUM,HARD,22,21,5636.497862419481,1.6294251086947042
HAM,Mercedes,MEDIUM -> HARD,MEDIUM,HARD,23,21,5636.900101686138,2.031664375352193
HAM,Mercedes,MEDIUM -> HARD,MEDIUM,HARD,24,21,5637.346579359267,2.4781420484805494
HAM,Mercedes,MEDIUM -> HARD,MEDIUM,HARD,25,21,5637.837295438867,2.968858128080683
HAM,Mercedes,MEDIUM -> HARD,MEDIUM,HARD,26,21,5638.372249924938,3.503812614151684
HAM,Mercedes,MEDIUM -> HARD,MEDIUM,HARD,27,21,5638.951442817481,4.083005506694462
HAM,Mercedes,MEDIUM -> HARD,MEDIUM,HARD,28,21,5639.574874116495,4.706436805709018
HAM,Mercedes,MEDIUM -> HARD,MEDIUM,HARD,29,21,5640.242543821982,5.37410651119535
HAM,Mercedes,MEDIUM -> HARD,MEDIUM,HARD,30,21,5640.954451933938,6.086014623151641
HAM,Mercedes,MEDIUM -> HARD,MEDIUM,HARD,31,21,5641.710598452366,6.842161141579709
HAM,Mercedes,MEDIUM -> HARD,MEDIUM,HARD,32,21,5642.510983377267,7.642546066480463
HAM,Mercedes,MEDIUM -> HARD,MEDIUM,HARD,33,21,5643.355606708637,8.487169397851176
HAM,Mercedes,MEDIUM -> HARD,MEDIUM,HARD,34,21,5644.244468446481,9.376031135694575
HAM,Mercedes,MEDIUM -> HARD,MEDIUM,HARD,35,21,5645.177568590796,10.309131280009751
HAM,Mercedes,MEDIUM -> HARD,MEDIUM,HARD,36,21,5646.154907141581,11.286469830794886
HAM,Mercedes,MEDIUM -> HARD,MEDIUM,HARD,37,21,5647.176484098839,12.308046788052707
HAM,Mercedes,MEDIUM -> HARD,MEDIUM,HARD,38,21,5648.242299462568,13.373862151781395
HAM,Mercedes,MEDIUM -> HARD,MEDIUM,HARD,39,21,5649.352353232768,14.483915921981861
HAM,Mercedes,MEDIUM -> HARD,MEDIUM,HARD,40,21,5650.506645409439,15.638208098653195
HAM,Mercedes,MEDIUM -> HARD,MEDIUM,HARD,41,21,5651.7051759925835,16.836738681797215
HAM,Mercedes,MEDIUM -> HARD,MEDIUM,HARD,42,21,5652.947944982197,18.079507671411193
HAM,Mercedes,MEDIUM -> HARD,MEDIUM,HARD,43,21,5654.234952378283,19.366515067496948
HAM,Mercedes,MEDIUM -> HARD,MEDIUM,HARD,44,21,5655.566198180842,20.69776087005539
HAM,Mercedes,MEDIUM -> HARD,MEDIUM,HARD,45,21,5656.94168238987,22.07324507908379
HAM,Mercedes,MEDIUM -> HARD,MEDIUM,HARD,46,21,5658.36140500537,23.492967694583967
HAM,Mercedes,MEDIUM -> HARD,MEDIUM,HARD,47,21,5659.825366027343,24.95692871655683
HAM,Mercedes,MEDIUM -> SOFT,MEDIUM,SOFT,5,21,5816.166017222723,143.35892059929665
HAM,Mercedes,MEDIUM -> SOFT,MEDIUM,SOFT,6,21,5810.647195802706,137.8400991792796
HAM,Mercedes,MEDIUM -> SOFT,MEDIUM,SOFT,7,21,5805.231082372283,132.42398574885647
HAM,Mercedes,MEDIUM -> SOFT,MEDIUM,SOFT,8,21,5799.917676931456,127.11058030802997
HAM,Mercedes,MEDIUM -> SOFT,MEDIUM,SOFT,9,21,5794.706979480224,121.89988285679738
HAM,Mercedes,MEDIUM -> SOFT,MEDIUM,SOFT,10,21,5789.598990018587,116.79189339516051
HAM,Mercedes,MEDIUM -> SOFT,MEDIUM,SOFT,11,21,5784.593708546545,111.78661192311847
HAM,Mercedes,MEDIUM -> SOFT,MEDIUM,SOFT,12,21,5779.691135064098,106.88403844067125
HAM,Mercedes,MEDIUM -> SOFT,MEDIUM,SOFT,13,21,5774.891269571248,102.08417294782157
HAM,Mercedes,MEDIUM -> SOFT,MEDIUM,SOFT,14,21,5770.194112067991,97.3870154445649
HAM,Mercedes,MEDIUM -> SOFT,MEDIUM,SOFT,15,21,5765.599662554331,92.79256593090486
HAM,Mercedes,MEDIUM -> SOFT,MEDIUM,SOFT,16,21,5761.107921030265,88.30082440683873
HAM,Mercedes,MEDIUM -> SOFT,MEDIUM,SOFT,17,21,5756.718887495795,83.91179087236833
HAM,Mercedes,MEDIUM -> SOFT,MEDIUM,SOFT,18,21,5752.432561950919,79.62546532749275
HAM,Mercedes,MEDIUM -> SOFT,MEDIUM,SOFT,19,21,5748.248944395639,75.4418477722129
HAM,Mercedes,MEDIUM -> SOFT,MEDIUM,SOFT,20,21,5744.168034829954,71.36093820652786
HAM,Mercedes,MEDIUM -> SOFT,MEDIUM,SOFT,21,21,5740.189833253864,67.38273663043765
HAM,Mercedes,MEDIUM -> SOFT,MEDIUM,SOFT,22,21,5736.3143396673695,63.50724304394316
HAM,Mercedes,MEDIUM -> SOFT,MEDIUM,SOFT,23,21,5732.541554070469,59.73445744704259
HAM,Mercedes,MEDIUM -> SOFT,MEDIUM,SOFT,24,21,5728.871476463165,56.06437983973865
HAM,Mercedes,MEDIUM -> SOFT,MEDIUM,SOFT,25,21,5725.304106845455,52.49701022202862
HAM,Mercedes,MEDIUM -> SOFT,MEDIUM,SOFT,26,21,5721.839445217342,49.03234859391523
HAM,Mercedes,MEDIUM -> SOFT,MEDIUM,SOFT,27,21,5718.477491578822,45.67039495539575
HAM,Mercedes,MEDIUM -> SOFT,MEDIUM,SOFT,28,21,5715.218245929899,42.41114930647291
HAM,Mercedes,MEDIUM -> SOFT,MEDIUM,SOFT,29,21,5712.06170827057,39.254611647143975
HAM,Mercedes,MEDIUM -> SOFT,MEDIUM,SOFT,30,21,5709.007878600836,36.20078197740986
HAM,Mercedes,MEDIUM -> SOFT,MEDIUM,SOFT,31,21,5706.056756920698,33.249660297271475
HAM,Mercedes,MEDIUM -> SOFT,MEDIUM,SOFT,32,21,5703.208343230155,30.40124660672882
HAM,Mercedes,MEDIUM -> SOFT,MEDIUM,SOFT,33,21,5700.462637529206,27.65554090578007
HAM,Mercedes,MEDIUM -> SOFT,MEDIUM,SOFT,34,21,5697.819639817854,25.012543194427963
HAM,Mercedes,MEDIUM -> SOFT,MEDIUM,SOFT,35,21,5695.279350096096,22.472253472669763
HAM,Mercedes,MEDIUM -> SOFT,MEDIUM,SOFT,36,21,5692.841768363934,20.034671740507292
HAM,Mercedes,MEDIUM -> SOFT,MEDIUM,SOFT,37,21,5690.506894621367,17.69979799794055
HAM,Mercedes,MEDIUM -> SOFT,MEDIUM,SOFT,38,21,5688.274728868394,15.467632244967717
HAM,Mercedes,MEDIUM -> SOFT,MEDIUM,SOFT,39,21,5686.145271105017,13.338174481590613
HAM,Mercedes,MEDIUM -> SOFT,MEDIUM,SOFT,40,21,5684.118521331235,11.311424707808328
HAM,Mercedes,MEDIUM -> SOFT,MEDIUM,SOFT,41,21,5682.194479547048,9.387382923621772
HAM,Mercedes,MEDIUM -> SOFT,MEDIUM,SOFT,42,21,5680.373145752457,7.566049129030944
HAM,Mercedes,MEDIUM -> SOFT,MEDIUM,SOFT,43,21,5678.65451994746,5.847423324034025
HAM,Mercedes,MEDIUM -> SOFT,MEDIUM,SOFT,44,21,5677.038602132059,4.231505508632836
HAM,Mercedes,MEDIUM -> SOFT,MEDIUM,SOFT,45,21,5675.525392306253,2.718295682826465
HAM,Mercedes,MEDIUM -> SOFT,MEDIUM,SOFT,46,21,5674.114890470042,1.307793846615823
HAM,Mercedes,MEDIUM -> SOFT,MEDIUM,SOFT,47,21,5672.807096623426,0
HAM,Mercedes,SOFT -> HARD,SOFT,HARD,5,21,5665.562998020463,0
HAM,Mercedes,SOFT -> HARD,SOFT,HARD,6,21,5670.732005797123,5.169007776659782
HAM,Mercedes,SOFT -> HARD,SOFT,HARD,7,21,5675.842543990659,10.279545970195613
HAM,Mercedes,SOFT -> HARD,SOFT,HARD,8,21,5680.894612601071,15.331614580607493
HAM,Mercedes,SOFT -> HARD,SOFT,HARD,9,21,5685.8882116283585,20.32521360789542
HAM,Mercedes,SOFT -> HARD,SOFT,HARD,10,21,5690.823341072523,25.260343052060307
HAM,Mercedes,SOFT -> HARD,SOFT,HARD,11,21,5695.700000933564,30.13700291310124
HAM,Mercedes,SOFT -> HARD,SOFT,HARD,12,21,5700.518191211482,34.955193191019134
HAM,Mercedes,SOFT -> HARD,SOFT,HARD,13,21,5705.277911906276,39.714913885813075
HAM,Mercedes,SOFT -> HARD,SOFT,HARD,14,21,5709.979163017945,44.416164997482156
HAM,Mercedes,SOFT -> HARD,SOFT,HARD,15,21,5714.621944546492,49.058946526029104
HAM,Mercedes,SOFT -> HARD,SOFT,HARD,16,21,5719.206256491914,53.64325847145119
HAM,Mercedes,SOFT -> HARD,SOFT,HARD,17,21,5723.732098854213,58.169100833750235
HAM,Mercedes,SOFT -> HARD,SOFT,HARD,18,21,5728.1994716333875,62.63647361292442
HAM,Mercedes,SOFT -> HARD,SOFT,HARD,19,21,5732.608374829439,67.04537680897556
HAM,Mercedes,SOFT -> HARD,SOFT,HARD,20,21,5736.958808442367,71.39581042190366
HAM,Mercedes,SOFT -> HARD,SOFT,HARD,21,21,5741.250772472171,75.68777445170781
HAM,Mercedes,SOFT -> HARD,SOFT,HARD,22,21,5745.484266918851,79.921268898388007
HAM,Mercedes,SOFT -> HARD,SOFT,HARD,23,21,5749.659291782407,84.09629376194425
HAM,Mercedes,SOFT -> HARD,SOFT,HARD,24,21,5753.77584706284,88.21284904237655
HAM,Mercedes,SOFT -> HARD,SOFT,HARD,25,21,5757.83393276015,92.27093473968671
HAM,Mercedes,SOFT -> HARD,SOFT,HARD,26,21,5761.833548874335,96.27055085387201
HAM,Mercedes,SOFT -> HARD,SOFT,HARD,27,21,5765.774695405396,100.21169738493336
HAM,Mercedes,SOFT -> HARD,SOFT,HARD,28,21,5769.657372353334,104.09437433287076
HAM,Mercedes,SOFT -> HARD,SOFT,HARD,29,21,5773.481579718149,107.91858169768602
HAM,Mercedes,SOFT -> HARD,SOFT,HARD,30,21,5777.247317499839,111.68431947937552
HAM,Mercedes,SOFT -> HARD,SOFT,HARD,31,21,5780.954585698406,115.39158767794288
HAM,Mercedes,SOFT -> HARD,SOFT,HARD,32,21,5784.603384313849,119.04038629338629
HAM,Mercedes,SOFT -> HARD,SOFT,HARD,33,21,5788.193713346169,122.63071532570575
HAM,Mercedes,SOFT -> HARD,SOFT,HARD,34,21,5791.725572795365,126.16257477490217
HAM,Mercedes,SOFT -> HARD,SOFT,HARD,35,21,5795.198962661437,129.63596464097373
HAM,Mercedes,SOFT -> HARD,SOFT,HARD,36,21,5798.613882944385,133.05088492392224
HAM,Mercedes,SOFT -> HARD,SOFT,HARD,37,21,5801.97033364421,136.4073356237468
HAM,Mercedes,SOFT -> HARD,SOFT,HARD,38,21,5805.2683147609105,139.70531674044742
HAM,Mercedes,SOFT -> HARD,SOFT,HARD,39,21,5808.507826294488,142.94482827402499
HAM,Mercedes,SOFT -> HARD,SOFT,HARD,40,21,5811.688868244942,146.1258702244786
HAM,Mercedes,SOFT -> HARD,SOFT,HARD,41,21,5814.811440612271,149.24844259180827
HAM,Mercedes,SOFT -> HARD,SOFT,HARD,42,21,5817.875543396478,152.3125453760149
HAM,Mercedes,SOFT -> HARD,SOFT,HARD,43,21,5820.881176597561,155.31817857709757
HAM,Mercedes,SOFT -> HARD,SOFT,HARD,44,21,5823.82834021552,158.2653421950572
HAM,Mercedes,SOFT -> HARD,SOFT,HARD,45,21,5826.717034250355,161.15403622989197
HAM,Mercedes,SOFT -> HARD,SOFT,HARD,46,21,5829.547258702067,163.9842606816037
HAM,Mercedes,SOFT -> HARD,SOFT,HARD,47,21,5832.319013570655,166.7560155501924
HAM,Mercedes,SOFT -> MEDIUM,SOFT,MEDIUM,5,21,5696.943474178291,0
HAM,Mercedes,SOFT -> MEDIUM,SOFT,MEDIUM,6,21,5702.462295598308,5.518821420017048
HAM,Mercedes,SOFT -> MEDIUM,SOFT,MEDIUM,7,21,5707.87840902873,10.934934850439276
HAM,Mercedes,SOFT -> MEDIUM,SOFT,MEDIUM,8,21,5713.191814469557,16.248340291266686
HAM,Mercedes,SOFT -> MEDIUM,SOFT,MEDIUM,9,21,5718.402511920789,21.459037742498367
HAM,Mercedes,SOFT -> MEDIUM,SOFT,MEDIUM,10,21,5723.510501382426,26.56702720413523
HAM,Mercedes,SOFT -> MEDIUM,SOFT,MEDIUM,11,21,5728.515782854469,31.57230867617818
HAM,Mercedes,SOFT -> MEDIUM,SOFT,MEDIUM,12,21,5733.418356336914,36.474882158623586
HAM,Mercedes,SOFT -> MEDIUM,SOFT,MEDIUM,13,21,5738.218221829766,41.27474765147508
HAM,Mercedes,SOFT -> MEDIUM,SOFT,MEDIUM,14,21,5742.9153793330215,45.97190515473085
HAM,Mercedes,SOFT -> MEDIUM,SOFT,MEDIUM,15,21,5747.509828846683,50.566354668392705
HAM,Mercedes,SOFT -> MEDIUM,SOFT,MEDIUM,16,21,5752.001570370749,55.058096192457924
HAM,Mercedes,SOFT -> MEDIUM,SOFT,MEDIUM,17,21,5756.39060390522,59.447129726929234
HAM,Mercedes,SOFT -> MEDIUM,SOFT,MEDIUM,18,21,5760.6769294500955,63.733455271804814
HAM,Mercedes,SOFT -> MEDIUM,SOFT,MEDIUM,19,21,5764.860547005375,67.91707282708467
HAM,Mercedes,SOFT -> MEDIUM,SOFT,MEDIUM,20,21,5768.94145657106,71.9979823927697
HAM,Mercedes,SOFT -> MEDIUM,SOFT,MEDIUM,21,21,5772.919658147151,75.97618396885991
HAM,Mercedes,SOFT -> MEDIUM,SOFT,MEDIUM,22,21,5776.795151733645,79.8516775553544
HAM,Mercedes,SOFT -> MEDIUM,SOFT,MEDIUM,23,21,5780.567937330545,83.62446315225407
HAM,Mercedes,SOFT -> MEDIUM,SOFT,MEDIUM,24,21,5784.23801493785,87.29454075955891
HAM,Mercedes,SOFT -> MEDIUM,SOFT,MEDIUM,25,21,5787.80538455556,90.86191037726894
HAM,Mercedes,SOFT -> MEDIUM,SOFT,MEDIUM,26,21,5791.270046183674,94.32657200538324
HAM,Mercedes,SOFT -> MEDIUM,SOFT,MEDIUM,27,21,5794.631999822192,97.6885256439009
HAM,Mercedes,SOFT -> MEDIUM,SOFT,MEDIUM,28,21,5797.891245471115,100.94777129282465
HAM,Mercedes,SOFT -> MEDIUM,SOFT,MEDIUM,29,21,5801.047783130444,104.10430895215359
HAM,Mercedes,SOFT -> MEDIUM,SOFT,MEDIUM,30,21,5804.1016128001775,107.15813862188679
HAM,Mercedes,SOFT -> MEDIUM,SOFT,MEDIUM,31,21,5807.052734480316,110.10926030202518
HAM,Mercedes,SOFT -> MEDIUM,SOFT,MEDIUM,32,21,5809.901148170859,112.95767399256874
HAM,Mercedes,SOFT -> MEDIUM,SOFT,MEDIUM,33,21,5812.646853871807,115.70337969351658
HAM,Mercedes,SOFT -> MEDIUM,SOFT,MEDIUM,34,21,5815.28985158316,118.3463774048696
HAM,Mercedes,SOFT -> MEDIUM,SOFT,MEDIUM,35,21,5817.830141304918,120.88666712662689
HAM,Mercedes,SOFT -> MEDIUM,SOFT,MEDIUM,36,21,5820.26772303708,123.32424885878936
HAM,Mercedes,SOFT -> MEDIUM,SOFT,MEDIUM,37,21,5822.602596779647,125.6591226013561
HAM,Mercedes,SOFT -> MEDIUM,SOFT,MEDIUM,38,21,5824.834762532619,127.89128835432803
HAM,Mercedes,SOFT -> MEDIUM,SOFT,MEDIUM,39,21,5826.964220295997,130.02074611770604
HAM,Mercedes,SOFT -> MEDIUM,SOFT,MEDIUM,40,21,5828.990970069778,132.04749589148742
HAM,Mercedes,SOFT -> MEDIUM,SOFT,MEDIUM,41,21,5830.915011853965,133.97153767567397
HAM,Mercedes,SOFT -> MEDIUM,SOFT,MEDIUM,42,21,5832.736345648556,135.7928714702657
HAM,Mercedes,SOFT -> MEDIUM,SOFT,MEDIUM,43,21,5834.454971453553,137.51149727526263
HAM,Mercedes,SOFT -> MEDIUM,SOFT,MEDIUM,44,21,5836.0708892689545,139.12741509066382
HAM,Mercedes,SOFT -> MEDIUM,SOFT,MEDIUM,45,21,5837.584099094761,140.6406249164702
HAM,Mercedes,SOFT -> MEDIUM,SOFT,MEDIUM,46,21,5838.9946009309715,142.05112675268083
HAM,Mercedes,SOFT -> MEDIUM,SOFT,MEDIUM,47,21,5840.302394777588,143.35892059929756
HUL,Haas F1 Team,HARD -> MEDIUM,HARD,MEDIUM,5,21,5203.673067534832,0
HUL,Haas F1 Team,HARD -> MEDIUM,HARD,MEDIUM,6,21,5207.829246140309,4.15617860547718
HUL,Haas F1 Team,HARD -> MEDIUM,HARD,MEDIUM,7,21,5212.182228268842,8.509160734010038
HUL,Haas F1 Team,HARD -> MEDIUM,HARD,MEDIUM,8,21,5216.7320139204285,13.058946385596755
HUL,Haas F1 Team,HARD -> MEDIUM,HARD,MEDIUM,9,21,5221.478603095073,17.80553556024097
HUL,Haas F1 Team,HARD -> MEDIUM,HARD,MEDIUM,10,21,5226.421995792772,22.74892825793995
HUL,Haas F1 Team,HARD -> MEDIUM,HARD,MEDIUM,11,21,5231.562192013525,27.889124478693702
HUL,Haas F1 Team,HARD -> MEDIUM,HARD,MEDIUM,12,21,5236.899191757335,33.22612422250313
HUL,Haas F1 Team,HARD -> MEDIUM,HARD,MEDIUM,13,21,5242.4329950242,38.75992748936824
HUL,Haas F1 Team,HARD -> MEDIUM,HARD,MEDIUM,14,21,5248.16360181412,44.49053427928811
HUL,Haas F1 Team,HARD -> MEDIUM,HARD,MEDIUM,15,21,5254.091012127095,50.417944592263666
HUL,Haas F1 Team,HARD -> MEDIUM,HARD,MEDIUM,16,21,5260.2152259631275,56.54215842829581
HUL,Haas F1 Team,HARD -> MEDIUM,HARD,MEDIUM,17,21,5266.5362433222135,62.863175787381806
HUL,Haas F1 Team,HARD -> MEDIUM,HARD,MEDIUM,18,21,5273.054064204355,69.38099666952348
HUL,Haas F1 Team,HARD -> MEDIUM,HARD,MEDIUM,19,21,5279.768688609553,76.09562107472084
HUL,Haas F1 Team,HARD -> MEDIUM,HARD,MEDIUM,20,21,5286.680116537806,83.00704900297387
HUL,Haas F1 Team,HARD -> MEDIUM,HARD,MEDIUM,21,21,5293.788347989113,90.11528045428167
HUL,Haas F1 Team,HARD -> MEDIUM,HARD,MEDIUM,22,21,5301.093382963477,97.42031542864515
HUL,Haas F1 Team,HARD -> MEDIUM,HARD,MEDIUM,23,21,5308.595221460896,104.92215392606431
HUL,Haas F1 Team,HARD -> MEDIUM,HARD,MEDIUM,24,21,5316.293863481371,112.62079594653915
HUL,Haas F1 Team,HARD -> MEDIUM,HARD,MEDIUM,25,21,5324.1893090249,120.51624149006784
HUL,Haas F1 Team,HARD -> MEDIUM,HARD,MEDIUM,26,21,5332.281558091485,128.60849055665312
HUL,Haas F1 Team,HARD -> MEDIUM,HARD,MEDIUM,27,21,5340.570610681127,136.897543146295
HUL,Haas F1 Team,HARD -> MEDIUM,HARD,MEDIUM,28,21,5349.056466793822,145.38339925899072
HUL,Haas F1 Team,HARD -> MEDIUM,HARD,MEDIUM,29,21,5357.739126429573,154.06605889474122
HUL,Haas F1 Team,HARD -> MEDIUM,HARD,MEDIUM,30,21,5366.618589588381,162.9455220535492
HUL,Haas F1 Team,HARD -> MEDIUM,HARD,MEDIUM,31,21,5375.694856270243,172.02178873541106
HUL,Haas F1 Team,HARD -> MEDIUM,HARD,MEDIUM,32,21,5384.96792647516,181.2948589403286
HUL,Haas F1 Team,HARD -> MEDIUM,HARD,MEDIUM,33,21,5394.4378002031335,190.7647326683018
HUL,Haas F1 Team,HARD -> MEDIUM,HARD,MEDIUM,34,21,5404.1044774541615,200.43140991932978
HUL,Haas F1 Team,HARD -> MEDIUM,HARD,MEDIUM,35,21,5413.967958228246,210.29489069341435
HUL,Haas F1 Team,HARD -> MEDIUM,HARD,MEDIUM,36,21,5424.0282425253845,220.35517499055277
HUL,Haas F1 Team,HARD -> MEDIUM,HARD,MEDIUM,37,21,5434.2853303455795,230.61226281074778
HUL,Haas F1 Team,HARD -> MEDIUM,HARD,MEDIUM,38,21,5444.739221688829,241.06615415399756
HUL,Haas F1 Team,HARD -> MEDIUM,HARD,MEDIUM,39,21,5455.389916555135,251.71684902030302
HUL,Haas F1 Team,HARD -> MEDIUM,HARD,MEDIUM,40,21,5466.237414944496,262.56434740966415
HUL,Haas F1 Team,HARD -> MEDIUM,HARD,MEDIUM,41,21,5477.281716856912,273.60864932208005
HUL,Haas F1 Team,HARD -> MEDIUM,HARD,MEDIUM,42,21,5488.522822292383,284.84975475755164
HUL,Haas F1 Team,HARD -> MEDIUM,HARD,MEDIUM,43,21,5499.960731250911,296.2876637160789
HUL,Haas F1 Team,HARD -> MEDIUM,HARD,MEDIUM,44,21,5511.595443732494,307.92237619766183
HUL,Haas F1 Team,HARD -> MEDIUM,HARD,MEDIUM,45,21,5523.426959737131,319.75389220229954
HUL,Haas F1 Team,HARD -> MEDIUM,HARD,MEDIUM,46,21,5535.455279264826,331.78221172999383
HUL,Haas F1 Team,HARD -> MEDIUM,HARD,MEDIUM,47,21,5547.680402315575,344.0073347807429
HUL,Haas F1 Team,HARD -> SOFT,HARD,SOFT,5,21,7005.255168911388,1245.252726315788
HUL,Haas F1 Team,HARD -> SOFT,HARD,SOFT,6,21,6975.6062944752975,1215.6038518796977
HUL,Haas F1 Team,HARD -> SOFT,HARD,SOFT,7,21,6945.957420039208,1185.9549774436082
HUL,Haas F1 Team,HARD -> SOFT,HARD,SOFT,8,21,6916.308545603118,1156.3061030075178
HUL,Haas F1 Team,HARD -> SOFT,HARD,SOFT,9,21,6886.659671167028,1126.6572285714283
HUL,Haas F1 Team,HARD -> SOFT,HARD,SOFT,10,21,6857.010796730937,1097.008354135337
HUL,Haas F1 Team,HARD -> SOFT,HARD,SOFT,11,21,6827.361922294846,1067.3594796992465
HUL,Haas F1 Team,HARD -> SOFT,HARD,SOFT,12,21,6797.713047858756,1037.7106052631561
HUL,Haas F1 Team,HARD -> SOFT,HARD,SOFT,13,21,6768.0641734226665,1008.0617308270666
HUL,Haas F1 Team,HARD -> SOFT,HARD,SOFT,14,21,6738.415298986576,978.4128563909762
HUL,Haas F1 Team,HARD -> SOFT,HARD,SOFT,15,21,6708.7664245504875,948.7639819548876
HUL,Haas F1 Team,HARD -> SOFT,HARD,SOFT,16,21,6679.117550114397,919.1151075187972
HUL,Haas F1 Team,HARD -> SOFT,HARD,SOFT,17,21,6649.468675678307,889.4662330827068
HUL,Haas F1 Team,HARD -> SOFT,HARD,SOFT,18,21,6619.819801242216,859.8173586466164
HUL,Haas F1 Team,HARD -> SOFT,HARD,SOFT,19,21,6590.170926806126,830.168484210526
HUL,Haas F1 Team,HARD -> SOFT,HARD,SOFT,20,21,6560.5220523700355,800.5196097744356
HUL,Haas F1 Team,HARD -> SOFT,HARD,SOFT,21,21,6530.873177933945,770.8707353383452
HUL,Haas F1 Team,HARD -> SOFT,HARD,SOFT,22,21,6501.224303497855,741.2218609022548
HUL,Haas F1 Team,HARD -> SOFT,HARD,SOFT,23,21,6471.575429061764,711.5729864661644
HUL,Haas F1 Team,HARD -> SOFT,HARD,SOFT,24,21,6441.926554625675,681.9241120300749
HUL,Haas F1 Team,HARD -> SOFT,HARD,SOFT,25,21,6412.277680189584,652.2752375939845
HUL,Haas F1 Team,HARD -> SOFT,HARD,SOFT,26,21,6382.628805753494,622.626363157894
HUL,Haas F1 Team,HARD -> SOFT,HARD,SOFT,27,21,6352.979931317404,592.9774887218045
HUL,Haas F1 Team,HARD -> SOFT,HARD,SOFT,28,21,6323.331056881314,563.3286142857141
HUL,Haas F1 Team,HARD -> SOFT,HARD,SOFT,29,21,6293.6821824452245,533.6797398496246
HUL,Haas F1 Team,HARD -> SOFT,HARD,SOFT,30,21,6264.033308009133,504.0308654135333
HUL,Haas F1 Team,HARD -> SOFT,HARD,SOFT,31,21,6234.384433573045,474.38199097744473
HUL,Haas F1 Team,HARD -> SOFT,HARD,SOFT,32,21,6204.735559136954,444.7331165413543
HUL,Haas F1 Team,HARD -> SOFT,HARD,SOFT,33,21,6175.086684700864,415.0842421052639
HUL,Haas F1 Team,HARD -> SOFT,HARD,SOFT,34,21,6145.437810264773,385.4353676691735
HUL,Haas F1 Team,HARD -> SOFT,HARD,SOFT,35,21,6115.788935828683,355.7864932330831
HUL,Haas F1 Team,HARD -> SOFT,HARD,SOFT,36,21,6086.1400613925925,326.1376187969927
HUL,Haas F1 Team,HARD -> SOFT,HARD,SOFT,37,21,6056.491186956502,296.4887443609023
HUL,Haas F1 Team,HARD -> SOFT,HARD,SOFT,38,21,6026.842312520412,266.83986992481186
HUL,Haas F1 Team,HARD -> SOFT,HARD,SOFT,39,21,5997.193438084321,237.19099548872146
HUL,Haas F1 Team,HARD -> SOFT,HARD,SOFT,40,21,5967.544563648231,207.54212105263105
HUL,Haas F1 Team,HARD -> SOFT,HARD,SOFT,41,21,5937.8956892121405,177.89324661654064
HUL,Haas F1 Team,HARD -> SOFT,HARD,SOFT,42,21,5908.246814776051,148.24437218045114
HUL,Haas F1 Team,HARD -> SOFT,HARD,SOFT,43,21,5878.59794033996,118.59549774435982
HUL,Haas F1 Team,HARD -> SOFT,HARD,SOFT,44,21,5848.94906590387,88.94662330827032
HUL,Haas F1 Team,HARD -> SOFT,HARD,SOFT,45,21,5819.300191467781,59.29774887218082
HUL,Haas F1 Team,HARD -> SOFT,HARD,SOFT,46,21,5789.65131703169,29.64887443609041
HUL,Haas F1 Team,HARD -> SOFT,HARD,SOFT,47,21,5760.0024425956,0
HUL,Haas F1 Team,MEDIUM -> HARD,MEDIUM,HARD,5,21,5593.929230233595,344.0073347807411
HUL,Haas F1 Team,MEDIUM -> HARD,MEDIUM,HARD,6,21,5589.773051628118,339.8511561752639
HUL,Haas F1 Team,MEDIUM -> HARD,MEDIUM,HARD,7,21,5585.420069499585,335.49817404673104
HUL,Haas F1 Team,MEDIUM -> HARD,MEDIUM,HARD,8,21,5580.870283847998,330.9483883951434
HUL,Haas F1 Team,MEDIUM -> HARD,MEDIUM,HARD,9,21,5576.123694673354,326.2017992205001
HUL,Haas F1 Team,MEDIUM -> HARD,MEDIUM,HARD,10,21,5571.180301975656,321.25840652280203
HUL,Haas F1 Team,MEDIUM -> HARD,MEDIUM,HARD,11,21,5566.0401057549025,316.1182103020483
HUL,Haas F1 Team,MEDIUM -> HARD,MEDIUM,HARD,12,21,5560.703106011092,310.78121055823794
HUL,Haas F1 Team,MEDIUM -> HARD,MEDIUM,HARD,13,21,5555.169302744229,305.24740729137466
HUL,Haas F1 Team,MEDIUM -> HARD,MEDIUM,HARD,14,21,5549.438695954309,299.5168005014548
HUL,Haas F1 Team,MEDIUM -> HARD,MEDIUM,HARD,15,21,5543.5112856413325,293.5893901884783
HUL,Haas F1 Team,MEDIUM -> HARD,MEDIUM,HARD,16,21,5537.387071805301,287.4651763524471
HUL,Haas F1 Team,MEDIUM -> HARD,MEDIUM,HARD,17,21,5531.066054446214,281.1441589933602
HUL,Haas F1 Team,MEDIUM -> HARD,MEDIUM,HARD,18,21,5524.548233564073,274.6263381112185
HUL,Haas F1 Team,MEDIUM -> HARD,MEDIUM,HARD,19,21,5517.833609158875,267.91171370602115
HUL,Haas F1 Team,MEDIUM -> HARD,MEDIUM,HARD,20,21,5510.922181230622,261.0002857777681
HUL,Haas F1 Team,MEDIUM -> HARD,MEDIUM,HARD,21,21,5503.8139497793145,253.8920543264603
HUL,Haas F1 Team,MEDIUM -> HARD,MEDIUM,HARD,22,21,5496.508914804951,246.58701935209683
HUL,Haas F1 Team,MEDIUM -> HARD,MEDIUM,HARD,23,21,5489.007076307532,239.08518085467767
HUL,Haas F1 Team,MEDIUM -> HARD,MEDIUM,HARD,24,21,5481.308434287057,231.38653883420284
HUL,Haas F1 Team,MEDIUM -> HARD,MEDIUM,HARD,25,21,5473.412988743528,223.49109329067414
HUL,Haas F1 Team,MEDIUM -> HARD,MEDIUM,HARD,26,21,5465.320739676943,215.39884422408886
HUL,Haas F1 Team,MEDIUM -> HARD,MEDIUM,HARD,27,21,5457.031687087302,207.1097916344479
HUL,Haas F1 Team,MEDIUM -> HARD,MEDIUM,HARD,28,21,5448.545830974606,198.62393552175217
HUL,Haas F1 Team,MEDIUM -> HARD,MEDIUM,HARD,29,21,5439.863171338855,189.94127588600077
HUL,Haas F1 Team,MEDIUM -> HARD,MEDIUM,HARD,30,21,5430.983708180048,181.06181272719368
HUL,Haas F1 Team,MEDIUM -> HARD,MEDIUM,HARD,31,21,5421.907441498186,171.98554604533183
HUL,Haas F1 Team,MEDIUM -> HARD,MEDIUM,HARD,32,21,5412.6343712932685,162.7124758404143
HUL,Haas F1 Team,MEDIUM -> HARD,MEDIUM,HARD,33,21,5403.164497565294,153.24260211244018
HUL,Haas F1 Team,MEDIUM -> HARD,MEDIUM,HARD,34,21,5393.497820314266,143.5759248614122
HUL,Haas F1 Team,MEDIUM -> HARD,MEDIUM,HARD,35,21,5383.634339540182,133.71244408732764
HUL,Haas F1 Team,MEDIUM -> HARD,MEDIUM,HARD,36,21,5373.5740552430425,123.6521597901883
HUL,Haas F1 Team,MEDIUM -> HARD,MEDIUM,HARD,37,21,5363.316967422848,113.3950719699942
HUL,Haas F1 Team,MEDIUM -> HARD,MEDIUM,HARD,38,21,5352.863076079599,102.94118062674443
HUL,Haas F1 Team,MEDIUM -> HARD,MEDIUM,HARD,39,21,5342.212381213292,92.29048576043806
HUL,Haas F1 Team,MEDIUM -> HARD,MEDIUM,HARD,40,21,5331.364882823931,81.44298737107692
HUL,Haas F1 Team,MEDIUM -> HARD,MEDIUM,HARD,41,21,5320.320580911515,70.39868545866102
HUL,Haas F1 Team,MEDIUM -> HARD,MEDIUM,HARD,42,21,5309.079475476044,59.15758002318944
HUL,Haas F1 Team,MEDIUM -> HARD,MEDIUM,HARD,43,21,5297.641566517517,47.71967106466309
HUL,Haas F1 Team,MEDIUM -> HARD,MEDIUM,HARD,44,21,5286.006854035934,36.08495858308015
HUL,Haas F1 Team,MEDIUM -> HARD,MEDIUM,HARD,45,21,5274.175338031297,24.253442578442446
HUL,Haas F1 Team,MEDIUM -> HARD,MEDIUM,HARD,46,21,5262.147018503603,12.225123050749062
HUL,Haas F1 Team,MEDIUM -> HARD,MEDIUM,HARD,47,21,5249.921895452854,0
HUL,Haas F1 Team,MEDIUM -> SOFT,MEDIUM,SOFT,5,21,6987.4263287298345,1589.2600610965292
HUL,Haas F1 Team,MEDIUM -> SOFT,MEDIUM,SOFT,6,21,6953.621275688266,1555.4550080549607
HUL,Haas F1 Team,MEDIUM -> SOFT,MEDIUM,SOFT,7,21,6919.619419123645,1521.4531514903392
HUL,Haas F1 Team,MEDIUM -> SOFT,MEDIUM,SOFT,8,21,6885.4207590359665,1487.2544914026612
HUL,Haas F1 Team,MEDIUM -> SOFT,MEDIUM,SOFT,9,21,6851.025295425234,1452.8590277919284
HUL,Haas F1 Team,MEDIUM -> SOFT,MEDIUM,SOFT,10,21,6816.433028291443,1418.266760658138
HUL,Haas F1 Team,MEDIUM -> SOFT,MEDIUM,SOFT,11,21,6781.643957634599,1383.477690001294
HUL,Haas F1 Team,MEDIUM -> SOFT,MEDIUM,SOFT,12,21,6746.658083454699,1348.491815821394
HUL,Haas F1 Team,MEDIUM -> SOFT,MEDIUM,SOFT,13,21,6711.475405751745,1313.3091381184395
HUL,Haas F1 Team,MEDIUM -> SOFT,MEDIUM,SOFT,14,21,6676.0959245257345,1277.9296568924292
HUL,Haas F1 Team,MEDIUM -> SOFT,MEDIUM,SOFT,15,21,6640.51963977667,1242.353372143365
HUL,Haas F1 Team,MEDIUM -> SOFT,MEDIUM,SOFT,16,21,6604.746551504548,1206.5802838712425
HUL,Haas F1 Team,MEDIUM -> SOFT,MEDIUM,SOFT,17,21,6568.776659709371,1170.610392076066
HUL,Haas F1 Team,MEDIUM -> SOFT,MEDIUM,SOFT,18,21,6532.609964391138,1134.443696757833
HUL,Haas F1 Team,MEDIUM -> SOFT,MEDIUM,SOFT,19,21,6496.246465549852,1098.0801979165462
HUL,Haas F1 Team,MEDIUM -> SOFT,MEDIUM,SOFT,20,21,6459.686163185508,1061.5198955522028
HUL,Haas F1 Team,MEDIUM -> SOFT,MEDIUM,SOFT,21,21,6422.92905729811,1024.7627896648046
HUL,Haas F1 Team,MEDIUM -> SOFT,MEDIUM,SOFT,22,21,6385.975147887656,987.8088802543507
HUL,Haas F1 Team,MEDIUM -> SOFT,MEDIUM,SOFT,23,21,6348.824434954147,950.658167320842
HUL,Haas F1 Team,MEDIUM -> SOFT,MEDIUM,SOFT,24,21,6311.476918497583,913.3106508642777
HUL,Haas F1 Team,MEDIUM -> SOFT,MEDIUM,SOFT,25,21,6273.932598517963,875.7663308846577
HUL,Haas F1 Team,MEDIUM -> SOFT,MEDIUM,SOFT,26,21,6236.191475015287,838.025207381982
HUL,Haas F1 Team,MEDIUM -> SOFT,MEDIUM,SOFT,27,21,6198.253547989557,800.0872803562515
HUL,Haas F1 Team,MEDIUM -> SOFT,MEDIUM,SOFT,28,21,6160.118817440771,761.9525498074654
HUL,Haas F1 Team,MEDIUM -> SOFT,MEDIUM,SOFT,29,21,6121.787283368929,723.6210157356236
HUL,Haas F1 Team,MEDIUM -> SOFT,MEDIUM,SOFT,30,21,6083.258945774032,685.092678140727
HUL,Haas F1 Team,MEDIUM -> SOFT,MEDIUM,SOFT,31,21,6044.53380465608,646.3675370227747
HUL,Haas F1 Team,MEDIUM -> SOFT,MEDIUM,SOFT,32,21,6005.611860015072,607.4455923817668
HUL,Haas F1 Team,MEDIUM -> SOFT,MEDIUM,SOFT,33,21,5966.4931118510085,568.3268442177032
HUL,Haas F1 Team,MEDIUM -> SOFT,MEDIUM,SOFT,34,21,5927.177560163889,529.0112925305839
HUL,Haas F1 Team,MEDIUM -> SOFT,MEDIUM,SOFT,35,21,5887.665204953715,489.4989373204098
HUL,Haas F1 Team,MEDIUM -> SOFT,MEDIUM,SOFT,36,21,5847.956046220486,449.789778587181
HUL,Haas F1 Team,MEDIUM -> SOFT,MEDIUM,SOFT,37,21,5808.050083964201,409.88381633089557
HUL,Haas F1 Team,MEDIUM -> SOFT,MEDIUM,SOFT,38,21,5767.947318184861,369.7810505515554
HUL,Haas F1 Team,MEDIUM -> SOFT,MEDIUM,SOFT,39,21,5727.647748882466,329.4814812491604
HUL,Haas F1 Team,MEDIUM -> SOFT,MEDIUM,SOFT,40,21,5687.151376057014,288.9851084237089
HUL,Haas F1 Team,MEDIUM -> SOFT,MEDIUM,SOFT,41,21,5646.458199708508,248.29193207520257
HUL,Haas F1 Team,MEDIUM -> SOFT,MEDIUM,SOFT,42,21,5605.568219836946,207.40195220364058
HUL,Haas F1 Team,MEDIUM -> SOFT,MEDIUM,SOFT,43,21,5564.481436442329,166.31516880902382
HUL,Haas F1 Team,MEDIUM -> SOFT,MEDIUM,SOFT,44,21,5523.197849524656,125.03158189135047
HUL,Haas F1 Team,MEDIUM -> SOFT,MEDIUM,SOFT,45,21,5481.717459083928,83.55119145062235
HUL,Haas F1 Team,MEDIUM -> SOFT,MEDIUM,SOFT,46,21,5440.040265120144,41.87399748683856
HUL,Haas F1 Team,MEDIUM -> SOFT,MEDIUM,SOFT,47,21,5398.166267633305,0
HUL,Haas F1 Team,SOFT -> HARD,SOFT,HARD,5,21,5760.0024425956,0
HUL,Haas F1 Team,SOFT -> HARD,SOFT,HARD,6,21,5789.65131703169,29.64887443609041
HUL,Haas F1 Team,SOFT -> HARD,SOFT,HARD,7,21,5819.300191467781,59.29774887218082
HUL,Haas F1 Team,SOFT -> HARD,SOFT,HARD,8,21,5848.94906590387,88.94662330827032
HUL,Haas F1 Team,SOFT -> HARD,SOFT,HARD,9,21,5878.59794033996,118.59549774435982
HUL,Haas F1 Team,SOFT -> HARD,SOFT,HARD,10,21,5908.246814776051,148.24437218045114
HUL,Haas F1 Team,SOFT -> HARD,SOFT,HARD,11,21,5937.895689212141,177.89324661654155
HUL,Haas F1 Team,SOFT -> HARD,SOFT,HARD,12,21,5967.544563648231,207.54212105263105
HUL,Haas F1 Team,SOFT -> HARD,SOFT,HARD,13,21,5997.193438084322,237.19099548872236
HUL,Haas F1 Team,SOFT -> HARD,SOFT,HARD,14,21,6026.8423125204135,266.8398699248137
HUL,Haas F1 Team,SOFT -> HARD,SOFT,HARD,15,21,6056.491186956502,296.4887443609023
HUL,Haas F1 Team,SOFT -> HARD,SOFT,HARD,16,21,6086.1400613925925,326.1376187969927
HUL,Haas F1 Team,SOFT -> HARD,SOFT,HARD,17,21,6115.788935828683,355.7864932330831
HUL,Haas F1 Team,SOFT -> HARD,SOFT,HARD,18,21,6145.437810264773,385.4353676691735
HUL,Haas F1 Team,SOFT -> HARD,SOFT,HARD,19,21,6175.086684700864,415.0842421052639
HUL,Haas F1 Team,SOFT -> HARD,SOFT,HARD,20,21,6204.735559136953,444.7331165413534
HUL,Haas F1 Team,SOFT -> HARD,SOFT,HARD,21,21,6234.384433573043,474.3819909774429
HUL,Haas F1 Team,SOFT -> HARD,SOFT,HARD,22,21,6264.033308009133,504.0308654135333
HUL,Haas F1 Team,SOFT -> HARD,SOFT,HARD,23,21,6293.682182445224,533.6797398496237
HUL,Haas F1 Team,SOFT -> HARD,SOFT,HARD,24,21,6323.331056881313,563.3286142857132
HUL,Haas F1 Team,SOFT -> HARD,SOFT,HARD,25,21,6352.9799313174035,592.9774887218036
HUL,Haas F1 Team,SOFT -> HARD,SOFT,HARD,26,21,6382.628805753494,622.626363157894
HUL,Haas F1 Team,SOFT -> HARD,SOFT,HARD,27,21,6412.277680189584,652.2752375939845
HUL,Haas F1 Team,SOFT -> HARD,SOFT,HARD,28,21,6441.926554625674,681.924112030074
HUL,Haas F1 Team,SOFT -> HARD,SOFT,HARD,29,21,6471.575429061765,711.5729864661653
HUL,Haas F1 Team,SOFT -> HARD,SOFT,HARD,30,21,6501.224303497855,741.2218609022548
HUL,Haas F1 Team,SOFT -> HARD,SOFT,HARD,31,21,6530.873177933946,770.8707353383461
HUL,Haas F1 Team,SOFT -> HARD,SOFT,HARD,32,21,6560.5220523700355,800.5196097744356
HUL,Haas F1 Team,SOFT -> HARD,SOFT,HARD,33,21,6590.170926806126,830.168484210526
HUL,Haas F1 Team,SOFT -> HARD,SOFT,HARD,34,21,6619.819801242216,859.8173586466164
HUL,Haas F1 Team,SOFT -> HARD,SOFT,HARD,35,21,6649.468675678307,889.4662330827068
HUL,Haas F1 Team,SOFT -> HARD,SOFT,HARD,36,21,6679.117550114396,919.1151075187963
HUL,Haas F1 Team,SOFT -> HARD,SOFT,HARD,37,21,6708.766424550487,948.7639819548867
HUL,Haas F1 Team,SOFT -> HARD,SOFT,HARD,38,21,6738.415298986576,978.4128563909762
HUL,Haas F1 Team,SOFT -> HARD,SOFT,HARD,39,21,6768.0641734226665,1008.0617308270666
HUL,Haas F1 Team,SOFT -> HARD,SOFT,HARD,40,21,6797.713047858757,1037.710605263157
HUL,Haas F1 Team,SOFT -> HARD,SOFT,HARD,41,21,6827.361922294847,1067.3594796992475
HUL,Haas F1 Team,SOFT -> HARD,SOFT,HARD,42,21,6857.010796730938,1097.0083541353379
HUL,Haas F1 Team,SOFT -> HARD,SOFT,HARD,43,21,6886.659671167028,1126.6572285714283
HUL,Haas F1 Team,SOFT -> HARD,SOFT,HARD,44,21,6916.308545603118,1156.3061030075178
HUL,Haas F1 Team,SOFT -> HARD,SOFT,HARD,45,21,6945.957420039207,1185.9549774436073
HUL,Haas F1 Team,SOFT -> HARD,SOFT,HARD,46,21,6975.6062944752985,1215.6038518796986
HUL,Haas F1 Team,SOFT -> HARD,SOFT,HARD,47,21,7005.255168911389,1245.252726315789
HUL,Haas F1 Team,SOFT -> MEDIUM,SOFT,MEDIUM,5,21,5351.917439715283,0
HUL,Haas F1 Team,SOFT -> MEDIUM,SOFT,MEDIUM,6,21,5385.7224927568495,33.80505304156668
HUL,Haas F1 Team,SOFT -> MEDIUM,SOFT,MEDIUM,7,21,5419.724349321474,67.80690960619086
HUL,Haas F1 Team,SOFT -> MEDIUM,SOFT,MEDIUM,8,21,5453.92300940915,102.00556969386707
HUL,Haas F1 Team,SOFT -> MEDIUM,SOFT,MEDIUM,9,21,5488.318473019885,136.4010333046017
HUL,Haas F1 Team,SOFT -> MEDIUM,SOFT,MEDIUM,10,21,5522.910740153673,170.99330043839018
HUL,Haas F1 Team,SOFT -> MEDIUM,SOFT,MEDIUM,11,21,5557.699810810517,205.78237109523434
HUL,Haas F1 Team,SOFT -> MEDIUM,SOFT,MEDIUM,12,21,5592.685684990417,240.76824527513418
HUL,Haas F1 Team,SOFT -> MEDIUM,SOFT,MEDIUM,13,21,5627.868362693373,275.9509229780897
HUL,Haas F1 Team,SOFT -> MEDIUM,SOFT,MEDIUM,14,21,5663.247843919383,311.3304042041
HUL,Haas F1 Team,SOFT -> MEDIUM,SOFT,MEDIUM,15,21,5698.824128668448,346.90668895316503
HUL,Haas F1 Team,SOFT -> MEDIUM,SOFT,MEDIUM,16,21,5734.59721694057,382.6797772252876
HUL,Haas F1 Team,SOFT -> MEDIUM,SOFT,MEDIUM,17,21,5770.567108735746,418.6496690204631
HUL,Haas F1 Team,SOFT -> MEDIUM,SOFT,MEDIUM,18,21,5806.733804053978,454.81636433869517
HUL,Haas F1 Team,SOFT -> MEDIUM,SOFT,MEDIUM,19,21,5843.097302895267,491.17986317998384
HUL,Haas F1 Team,SOFT -> MEDIUM,SOFT,MEDIUM,20,21,5879.657605259609,527.7401655443264
HUL,Haas F1 Team,SOFT -> MEDIUM,SOFT,MEDIUM,21,21,5916.414711147007,564.4972714317246
HUL,Haas F1 Team,SOFT -> MEDIUM,SOFT,MEDIUM,22,21,5953.368620557461,601.4511808421785
HUL,Haas F1 Team,SOFT -> MEDIUM,SOFT,MEDIUM,23,21,5990.519333490971,638.601893775688
HUL,Haas F1 Team,SOFT -> MEDIUM,SOFT,MEDIUM,24,21,6027.866849947535,675.9494102322524
HUL,Haas F1 Team,SOFT -> MEDIUM,SOFT,MEDIUM,25,21,6065.411169927154,713.4937302118715
HUL,Haas F1 Team,SOFT -> MEDIUM,SOFT,MEDIUM,26,21,6103.15229342983,751.2348537145472
HUL,Haas F1 Team,SOFT -> MEDIUM,SOFT,MEDIUM,27,21,6141.0902204555605,789.1727807402776
HUL,Haas F1 Team,SOFT -> MEDIUM,SOFT,MEDIUM,28,21,6179.2249510043475,827.3075112890647
HUL,Haas F1 Team,SOFT -> MEDIUM,SOFT,MEDIUM,29,21,6217.556485076188,865.6390453609056
HUL,Haas F1 Team,SOFT -> MEDIUM,SOFT,MEDIUM,30,21,6256.084822671086,904.1673829558031
HUL,Haas F1 Team,SOFT -> MEDIUM,SOFT,MEDIUM,31,21,6294.809963789039,942.8925240737562
HUL,Haas F1 Team,SOFT -> MEDIUM,SOFT,MEDIUM,32,21,6333.731908430047,981.8144687147642
HUL,Haas F1 Team,SOFT -> MEDIUM,SOFT,MEDIUM,33,21,6372.85065659411,1020.9332168788269
HUL,Haas F1 Team,SOFT -> MEDIUM,SOFT,MEDIUM,34,21,6412.166208281229,1060.2487685659462
HUL,Haas F1 Team,SOFT -> MEDIUM,SOFT,MEDIUM,35,21,6451.678563491403,1099.7611237761203
HUL,Haas F1 Team,SOFT -> MEDIUM,SOFT,MEDIUM,36,21,6491.387722224632,1139.470282509349
HUL,Haas F1 Team,SOFT -> MEDIUM,SOFT,MEDIUM,37,21,6531.2936844809165,1179.3762447656336
HUL,Haas F1 Team,SOFT -> MEDIUM,SOFT,MEDIUM,38,21,6571.396450260257,1219.4790105449738
HUL,Haas F1 Team,SOFT -> MEDIUM,SOFT,MEDIUM,39,21,6611.6960195626525,1259.7785798473697
HUL,Haas F1 Team,SOFT -> MEDIUM,SOFT,MEDIUM,40,21,6652.192392388104,1300.2749526728212
HUL,Haas F1 Team,SOFT -> MEDIUM,SOFT,MEDIUM,41,21,6692.88556873661,1340.9681290213275
HUL,Haas F1 Team,SOFT -> MEDIUM,SOFT,MEDIUM,42,21,6733.775548608172,1381.8581088928895
HUL,Haas F1 Team,SOFT -> MEDIUM,SOFT,MEDIUM,43,21,6774.86233200279,1422.9448922875072
HUL,Haas F1 Team,SOFT -> MEDIUM,SOFT,MEDIUM,44,21,6816.1459189204625,1464.2284792051796
HUL,Haas F1 Team,SOFT -> MEDIUM,SOFT,MEDIUM,45,21,6857.626309361191,1505.7088696459077
HUL,Haas F1 Team,SOFT -> MEDIUM,SOFT,MEDIUM,46,21,6899.303503324974,1547.3860636096915
HUL,Haas F1 Team,SOFT -> MEDIUM,SOFT,MEDIUM,47,21,6941.177500811813,1589.26006109653
LEC,Ferrari,HARD -> MEDIUM,HARD,MEDIUM,5,21,5727.392249374452,243.8061092104508
LEC,Ferrari,HARD -> MEDIUM,HARD,MEDIUM,6,21,5701.07471501218,217.48857484817836
LEC,Ferrari,HARD -> MEDIUM,HARD,MEDIUM,7,21,5676.259857181349,192.67371701734737
LEC,Ferrari,HARD -> MEDIUM,HARD,MEDIUM,8,21,5652.947675881959,169.36153571795785
LEC,Ferrari,HARD -> MEDIUM,HARD,MEDIUM,9,21,5631.13817111401,147.55203095000888
LEC,Ferrari,HARD -> MEDIUM,HARD,MEDIUM,10,21,5610.831342877502,127.24520271350048
LEC,Ferrari,HARD -> MEDIUM,HARD,MEDIUM,11,21,5592.027191172434,108.44105100843262
LEC,Ferrari,HARD -> MEDIUM,HARD,MEDIUM,12,21,5574.725715998808,91.13957583480624
LEC,Ferrari,HARD -> MEDIUM,HARD,MEDIUM,13,21,5558.926917356621,75.3407771926195
LEC,Ferrari,HARD -> MEDIUM,HARD,MEDIUM,14,21,5544.630795245876,61.044655081874225
LEC,Ferrari,HARD -> MEDIUM,HARD,MEDIUM,15,21,5531.83734966657,48.2512095025686
LEC,Ferrari,HARD -> MEDIUM,HARD,MEDIUM,16,21,5520.546580618706,36.96044045470444
LEC,Ferrari,HARD -> MEDIUM,HARD,MEDIUM,17,21,5510.758488102283,27.172347938281746
LEC,Ferrari,HARD -> MEDIUM,HARD,MEDIUM,18,21,5502.4730721173,18.8869319532987
LEC,Ferrari,HARD -> MEDIUM,HARD,MEDIUM,19,21,5495.690332663759,12.104192499758028
LEC,Ferrari,HARD -> MEDIUM,HARD,MEDIUM,20,21,5490.410269741658,6.824129577657004
LEC,Ferrari,HARD -> MEDIUM,HARD,MEDIUM,21,21,5486.632883350999,3.046743186997446
LEC,Ferrari,HARD -> MEDIUM,HARD,MEDIUM,22,21,5484.358173491779,0.7720333277775353
LEC,Ferrari,HARD -> MEDIUM,HARD,MEDIUM,23,21,5483.586140164001,0
LEC,Ferrari,HARD -> MEDIUM,HARD,MEDIUM,24,21,5484.316783367663,0.7306432036621118
LEC,Ferrari,HARD -> MEDIUM,HARD,MEDIUM,25,21,5486.550103102766,2.96396293876478
LEC,Ferrari,HARD -> MEDIUM,HARD,MEDIUM,26,21,5490.28609936931,6.6999592053089145
LEC,Ferrari,HARD -> MEDIUM,HARD,MEDIUM,27,21,5495.524772167294,11.938632003292696
LEC,Ferrari,HARD -> MEDIUM,HARD,MEDIUM,28,21,5502.266121496719,18.679981332717944
LEC,Ferrari,HARD -> MEDIUM,HARD,MEDIUM,29,21,5510.510147357585,26.924007193583748
LEC,Ferrari,HARD -> MEDIUM,HARD,MEDIUM,30,21,5520.256849749892,36.67070958589102
LEC,Ferrari,HARD -> MEDIUM,HARD,MEDIUM,31,21,5531.50622867364,47.920088509638845
LEC,Ferrari,HARD -> MEDIUM,HARD,MEDIUM,32,21,5544.2582841288295,60.67214396482814
LEC,Ferrari,HARD -> MEDIUM,HARD,MEDIUM,33,21,5558.513016115459,74.92687595145799
LEC,Ferrari,HARD -> MEDIUM,HARD,MEDIUM,34,21,5574.270424633529,90.68428446952748
LEC,Ferrari,HARD -> MEDIUM,HARD,MEDIUM,35,21,5591.530509683041,107.94436951903936
LEC,Ferrari,HARD -> MEDIUM,HARD,MEDIUM,36,21,5610.293271263992,126.70713109999087
LEC,Ferrari,HARD -> MEDIUM,HARD,MEDIUM,37,21,5630.558709376385,146.97256921238386
LEC,Ferrari,HARD -> MEDIUM,HARD,MEDIUM,38,21,5652.326824020219,168.7406838562174
LEC,Ferrari,HARD -> MEDIUM,HARD,MEDIUM,39,21,5675.597615195492,192.0114750314906
LEC,Ferrari,HARD -> MEDIUM,HARD,MEDIUM,40,21,5700.371082902207,216.78494273820525
LEC,Ferrari,HARD -> MEDIUM,HARD,MEDIUM,41,21,5726.647227140362,243.06108697636046
LEC,Ferrari,HARD -> MEDIUM,HARD,MEDIUM,42,21,5754.426047909958,270.8399077459562
LEC,Ferrari,HARD -> MEDIUM,HARD,MEDIUM,43,21,5783.707545210995,300.12140504699346
LEC,Ferrari,HARD -> MEDIUM,HARD,MEDIUM,44,21,5814.491719043473,330.90557887947125
LEC,Ferrari,HARD -> MEDIUM,HARD,MEDIUM,45,21,5846.778569407392,363.1924292433905
LEC,Ferrari,HARD -> MEDIUM,HARD,MEDIUM,46,21,5880.568096302752,396.9819561387503
LEC,Ferrari,HARD -> MEDIUM,HARD,MEDIUM,47,21,5915.860299729553,432.2741595655516
LEC,Ferrari,HARD -> SOFT,HARD,SOFT,5,21,6163.305403666846,467.942667332828
LEC,Ferrari,HARD -> SOFT,HARD,SOFT,6,21,6125.340903491911,429.97816715789304
LEC,Ferrari,HARD -> SOFT,HARD,SOFT,7,21,6088.9822197548965,393.61948342087817
LEC,Ferrari,HARD -> SOFT,HARD,SOFT,8,21,6054.2293524558,358.8666161217816
LEC,Ferrari,HARD -> SOFT,HARD,SOFT,9,21,6021.082301594622,325.7195652606033
LEC,Ferrari,HARD -> SOFT,HARD,SOFT,10,21,5989.5410671713635,294.17833083734513
LEC,Ferrari,HARD -> SOFT,HARD,SOFT,11,21,5959.605649186024,264.24291285200525
LEC,Ferrari,HARD -> SOFT,HARD,SOFT,12,21,5931.276047638603,235.91331130458457
LEC,Ferrari,HARD -> SOFT,HARD,SOFT,13,21,5904.5522625291,209.18952619508127
LEC,Ferrari,HARD -> SOFT,HARD,SOFT,14,21,5879.434293857517,184.071557523499
LEC,Ferrari,HARD -> SOFT,HARD,SOFT,15,21,5855.922141623852,160.5594052898341
LEC,Ferrari,HARD -> SOFT,HARD,SOFT,16,21,5834.015805828107,138.6530694940884
LEC,Ferrari,HARD -> SOFT,HARD,SOFT,17,21,5813.71528647028,118.35255013626193
LEC,Ferrari,HARD -> SOFT,HARD,SOFT,18,21,5795.020583550371,99.65784721635282
LEC,Ferrari,HARD -> SOFT,HARD,SOFT,19,21,5777.931697068381,82.56896073436292
LEC,Ferrari,HARD -> SOFT,HARD,SOFT,20,21,5762.448627024311,67.08589069029222
LEC,Ferrari,HARD -> SOFT,HARD,SOFT,21,21,5748.571373418159,53.20863708414072
LEC,Ferrari,HARD -> SOFT,HARD,SOFT,22,21,5736.299936249927,40.93719991590842
LEC,Ferrari,HARD -> SOFT,HARD,SOFT,23,21,5725.634315519612,30.27157918559351
LEC,Ferrari,HARD -> SOFT,HARD,SOFT,24,21,5716.574511227216,21.2117748931978
LEC,Ferrari,HARD -> SOFT,HARD,SOFT,25,21,5709.12052337274,13.75778703872129
LEC,Ferrari,HARD -> SOFT,HARD,SOFT,26,21,5703.2723519561805,7.909615622162164
LEC,Ferrari,HARD -> SOFT,HARD,SOFT,27,21,5699.029996977541,3.6672606435222406
LEC,Ferrari,HARD -> SOFT,HARD,SOFT,28,21,5696.39345843682,1.0307221028015192
LEC,Ferrari,HARD -> SOFT,HARD,SOFT,29,21,5695.362736334018,0
LEC,Ferrari,HARD -> SOFT,HARD,SOFT,30,21,5695.937830669135,0.5750943351167734
LEC,Ferrari,HARD -> SOFT,HARD,SOFT,31,21,5698.118741442171,2.756005108152749
LEC,Ferrari,HARD -> SOFT,HARD,SOFT,32,21,5701.905468653126,6.542732319107927
LEC,Ferrari,HARD -> SOFT,HARD,SOFT,33,21,5707.298012302001,11.935275967982307
LEC,Ferrari,HARD -> SOFT,HARD,SOFT,34,21,5714.296372388792,18.93363605477407
LEC,Ferrari,HARD -> SOFT,HARD,SOFT,35,21,5722.900548913503,27.537812579485035
LEC,Ferrari,HARD -> SOFT,HARD,SOFT,36,21,5733.110541876133,37.74780554211429
LEC,Ferrari,HARD -> SOFT,HARD,SOFT,37,21,5744.926351276682,49.56361494266366
LEC,Ferrari,HARD -> SOFT,HARD,SOFT,38,21,5758.347977115149,62.985240781130415
LEC,Ferrari,HARD -> SOFT,HARD,SOFT,39,21,5773.375419391535,78.01268305751637
LEC,Ferrari,HARD -> SOFT,HARD,SOFT,40,21,5790.00867810584,94.64594177182153
LEC,Ferrari,HARD -> SOFT,HARD,SOFT,41,21,5808.247753258063,112.88501692404498
LEC,Ferrari,HARD -> SOFT,HARD,SOFT,42,21,5828.092644848205,132.72990851418672
LEC,Ferrari,HARD -> SOFT,HARD,SOFT,43,21,5849.543352876266,154.18061654224766
LEC,Ferrari,HARD -> SOFT,HARD,SOFT,44,21,5872.599877342247,177.23714100822872
LEC,Ferrari,HARD -> SOFT,HARD,SOFT,45,21,5897.262218246146,201.89948191212807
LEC,Ferrari,HARD -> SOFT,HARD,SOFT,46,21,5923.530375587965,228.16763925394662
LEC,Ferrari,HARD -> SOFT,HARD,SOFT,47,21,5951.404349367702,256.04161303368346
LEC,Ferrari,MEDIUM -> HARD,MEDIUM,HARD,5,21,6268.98928461814,188.46805035510351
LEC,Ferrari,MEDIUM -> HARD,MEDIUM,HARD,6,21,6295.306818980412,214.78558471737506
LEC,Ferrari,MEDIUM -> HARD,MEDIUM,HARD,7,21,6320.121676811243,239.60044254820605
LEC,Ferrari,MEDIUM -> HARD,MEDIUM,HARD,8,21,6343.433858110634,262.9126238475974
LEC,Ferrari,MEDIUM -> HARD,MEDIUM,HARD,9,21,6365.243362878583,284.72212861554635
LEC,Ferrari,MEDIUM -> HARD,MEDIUM,HARD,10,21,6385.550191115091,305.02895685205476
LEC,Ferrari,MEDIUM -> HARD,MEDIUM,HARD,11,21,6404.354342820159,323.8331085571226
LEC,Ferrari,MEDIUM -> HARD,MEDIUM,HARD,12,21,6421.655817993786,341.134583730749
LEC,Ferrari,MEDIUM -> HARD,MEDIUM,HARD,13,21,6437.454616635971,356.93338237293483
LEC,Ferrari,MEDIUM -> HARD,MEDIUM,HARD,14,21,6451.750738746717,371.2295044836801
LEC,Ferrari,MEDIUM -> HARD,MEDIUM,HARD,15,21,6464.5441843260205,384.0229500629839
LEC,Ferrari,MEDIUM -> HARD,MEDIUM,HARD,16,21,6475.834953373885,395.31371911084807
LEC,Ferrari,MEDIUM -> HARD,MEDIUM,HARD,17,21,6485.6230458903065,405.10181162726985
LEC,Ferrari,MEDIUM -> HARD,MEDIUM,HARD,18,21,6493.9084618752895,413.3872276122529
LEC,Ferrari,MEDIUM -> HARD,MEDIUM,HARD,19,21,6500.691201328831,420.1699670657945
LEC,Ferrari,MEDIUM -> HARD,MEDIUM,HARD,20,21,6505.971264250931,425.4500299878946
LEC,Ferrari,MEDIUM -> HARD,MEDIUM,HARD,21,21,6509.748650641591,429.22741637855415
LEC,Ferrari,MEDIUM -> HARD,MEDIUM,HARD,22,21,6512.023360500811,431.50212623777406
LEC,Ferrari,MEDIUM -> HARD,MEDIUM,HARD,23,21,6512.795393828588,432.2741595655516
LEC,Ferrari,MEDIUM -> HARD,MEDIUM,HARD,24,21,6512.064750624926,431.5435163618895
LEC,Ferrari,MEDIUM -> HARD,MEDIUM,HARD,25,21,6509.8314308898225,429.3101966267859
LEC,Ferrari,MEDIUM -> HARD,MEDIUM,HARD,26,21,6506.095434623279,425.5742003602427
LEC,Ferrari,MEDIUM -> HARD,MEDIUM,HARD,27,21,6500.856761825294,420.3355275622571
LEC,Ferrari,MEDIUM -> HARD,MEDIUM,HARD,28,21,6494.115412495868,413.59417823283184
LEC,Ferrari,MEDIUM -> HARD,MEDIUM,HARD,29,21,6485.871386635002,405.3501523719651
LEC,Ferrari,MEDIUM -> HARD,MEDIUM,HARD,30,21,6476.124684242695,395.60344997965876
LEC,Ferrari,MEDIUM -> HARD,MEDIUM,HARD,31,21,6464.875305318947,384.35407105591
LEC,Ferrari,MEDIUM -> HARD,MEDIUM,HARD,32,21,6452.123249863758,371.60201560072164
LEC,Ferrari,MEDIUM -> HARD,MEDIUM,HARD,33,21,6437.868517877129,357.3472836140927
LEC,Ferrari,MEDIUM -> HARD,MEDIUM,HARD,34,21,6422.111109359059,341.5898750960223
LEC,Ferrari,MEDIUM -> HARD,MEDIUM,HARD,35,21,6404.851024309548,324.32979004651133
LEC,Ferrari,MEDIUM -> HARD,MEDIUM,HARD,36,21,6386.088262728596,305.5670284655598
LEC,Ferrari,MEDIUM -> HARD,MEDIUM,HARD,37,21,6365.822824616204,285.30159035316774
LEC,Ferrari,MEDIUM -> HARD,MEDIUM,HARD,38,21,6344.054709972372,263.5334757093351
LEC,Ferrari,MEDIUM -> HARD,MEDIUM,HARD,39,21,6320.783918797097,240.2626845340601
LEC,Ferrari,MEDIUM -> HARD,MEDIUM,HARD,40,21,6296.010451090382,215.48921682734544
LEC,Ferrari,MEDIUM -> HARD,MEDIUM,HARD,41,21,6269.734306852227,189.21307258919023
LEC,Ferrari,MEDIUM -> HARD,MEDIUM,HARD,42,21,6241.95548608263,161.43425181959356
LEC,Ferrari,MEDIUM -> HARD,MEDIUM,HARD,43,21,6212.673988781594,132.15275451855723
LEC,Ferrari,MEDIUM -> HARD,MEDIUM,HARD,44,21,6181.889814949115,101.36858068607853
LEC,Ferrari,MEDIUM -> HARD,MEDIUM,HARD,45,21,6149.602964585196,69.08173032215927
LEC,Ferrari,MEDIUM -> HARD,MEDIUM,HARD,46,21,6115.813437689837,35.29220342680037
LEC,Ferrari,MEDIUM -> HARD,MEDIUM,HARD,47,21,6080.521234263037,0
LEC,Ferrari,MEDIUM -> SOFT,MEDIUM,SOFT,5,21,6317.433223449816,400.36910465424444
LEC,Ferrari,MEDIUM -> SOFT,MEDIUM,SOFT,6,21,6305.7862576371535,388.7221388415819
LEC,Ferrari,MEDIUM -> SOFT,MEDIUM,SOFT,7,21,6294.24243173097,377.178312935398
LEC,Ferrari,MEDIUM -> SOFT,MEDIUM,SOFT,8,21,6282.8017457312635,365.7376269356919
LEC,Ferrari,MEDIUM -> SOFT,MEDIUM,SOFT,9,21,6271.464199638034,354.40008084246256
LEC,Ferrari,MEDIUM -> SOFT,MEDIUM,SOFT,10,21,6260.229793451284,343.1656746557128
LEC,Ferrari,MEDIUM -> SOFT,MEDIUM,SOFT,11,21,6249.098527171012,332.03440837544076
LEC,Ferrari,MEDIUM -> SOFT,MEDIUM,SOFT,12,21,6238.07040079722,321.0062820016483
LEC,Ferrari,MEDIUM -> SOFT,MEDIUM,SOFT,13,21,6227.145414329902,310.0812955343308
LEC,Ferrari,MEDIUM -> SOFT,MEDIUM,SOFT,14,21,6216.3235677690645,299.2594489734929
LEC,Ferrari,MEDIUM -> SOFT,MEDIUM,SOFT,15,21,6205.604861114704,288.54074231913273
LEC,Ferrari,MEDIUM -> SOFT,MEDIUM,SOFT,16,21,6194.989294366824,277.9251755712521
LEC,Ferrari,MEDIUM -> SOFT,MEDIUM,SOFT,17,21,6184.47686752542,267.4127487298483
LEC,Ferrari,MEDIUM -> SOFT,MEDIUM,SOFT,18,21,6174.067580590493,257.00346179492135
LEC,Ferrari,MEDIUM -> SOFT,MEDIUM,SOFT,19,21,6163.761433562046,246.69731476647394
LEC,Ferrari,MEDIUM -> SOFT,MEDIUM,SOFT,20,21,6153.558426440075,236.49430764450335
LEC,Ferrari,MEDIUM -> SOFT,MEDIUM,SOFT,21,21,6143.458559224583,226.3944404290114
LEC,Ferrari,MEDIUM -> SOFT,MEDIUM,SOFT,22,21,6133.461831915571,216.39771311999903
LEC,Ferrari,MEDIUM -> SOFT,MEDIUM,SOFT,23,21,6123.568244513033,206.50412571746165
LEC,Ferrari,MEDIUM -> SOFT,MEDIUM,SOFT,24,21,6113.7777970169755,196.71367822140382
LEC,Ferrari,MEDIUM -> SOFT,MEDIUM,SOFT,25,21,6104.090489427396,187.02637063182465
LEC,Ferrari,MEDIUM -> SOFT,MEDIUM,SOFT,26,21,6094.506321744293,177.4422029487214
LEC,Ferrari,MEDIUM -> SOFT,MEDIUM,SOFT,27,21,6085.02529396767,167.9611751720986
LEC,Ferrari,MEDIUM -> SOFT,MEDIUM,SOFT,28,21,6075.647406097523,158.5832873019517
LEC,Ferrari,MEDIUM -> SOFT,MEDIUM,SOFT,29,21,6066.372658133856,149.3085393382844
LEC,Ferrari,MEDIUM -> SOFT,MEDIUM,SOFT,30,21,6057.201050076665,140.13693128109298
LEC,Ferrari,MEDIUM -> SOFT,MEDIUM,SOFT,31,21,6048.132581925954,131.06846313038204
LEC,Ferrari,MEDIUM -> SOFT,MEDIUM,SOFT,32,21,6039.16725368172,122.10313488614793
LEC,Ferrari,MEDIUM -> SOFT,MEDIUM,SOFT,33,21,6030.305065343964,113.24094654839246
LEC,Ferrari,MEDIUM -> SOFT,MEDIUM,SOFT,34,21,6021.546016912685,104.48189811711381
LEC,Ferrari,MEDIUM -> SOFT,MEDIUM,SOFT,35,21,6012.890108387885,95.82598959231382
LEC,Ferrari,MEDIUM -> SOFT,MEDIUM,SOFT,36,21,6004.337339769563,87.27322097399156
LEC,Ferrari,MEDIUM -> SOFT,MEDIUM,SOFT,37,21,5995.88771105772,78.82359226214794
LEC,Ferrari,MEDIUM -> SOFT,MEDIUM,SOFT,38,21,5987.541222252354,70.47710345678206
LEC,Ferrari,MEDIUM -> SOFT,MEDIUM,SOFT,39,21,5979.297873353466,62.23375455789392
LEC,Ferrari,MEDIUM -> SOFT,MEDIUM,SOFT,40,21,5971.157664361056,54.09354556548442
LEC,Ferrari,MEDIUM -> SOFT,MEDIUM,SOFT,41,21,5963.120595275124,46.05647647955266
LEC,Ferrari,MEDIUM -> SOFT,MEDIUM,SOFT,42,21,5955.18666609567,38.12254730009863
LEC,Ferrari,MEDIUM -> SOFT,MEDIUM,SOFT,43,21,5947.355876822695,30.29175802712325
LEC,Ferrari,MEDIUM -> SOFT,MEDIUM,SOFT,44,21,5939.628227456197,22.564108660625607
LEC,Ferrari,MEDIUM -> SOFT,MEDIUM,SOFT,45,21,5932.003717996177,14.939599200605699
LEC,Ferrari,MEDIUM -> SOFT,MEDIUM,SOFT,46,21,5924.482348442636,7.418229647064436
LEC,Ferrari,MEDIUM -> SOFT,MEDIUM,SOFT,47,21,5917.064118795572,0
LEC,Ferrari,SOFT -> HARD,SOFT,HARD,5,21,6328.7712122786215,0
LEC,Ferrari,SOFT -> HARD,SOFT,HARD,6,21,6366.735712453556,37.964500174934074
LEC,Ferrari,SOFT -> HARD,SOFT,HARD,7,21,6403.0943961905705,74.32318391194895
LEC,Ferrari,SOFT -> HARD,SOFT,HARD,8,21,6437.847263489667,109.07605121104552
LEC,Ferrari,SOFT -> HARD,SOFT,HARD,9,21,6470.994314350844,142.2231020722229
LEC,Ferrari,SOFT -> HARD,SOFT,HARD,10,21,6502.5355487741035,173.76433649548198
LEC,Ferrari,SOFT -> HARD,SOFT,HARD,11,21,6532.470966759443,203.69975448082187
LEC,Ferrari,SOFT -> HARD,SOFT,HARD,12,21,6560.800568306864,232.02935602824255
LEC,Ferrari,SOFT -> HARD,SOFT,HARD,13,21,6587.524353416366,258.753141137744
LEC,Ferrari,SOFT -> HARD,SOFT,HARD,14,21,6612.64232208795,283.8711098093281
LEC,Ferrari,SOFT -> HARD,SOFT,HARD,15,21,6636.154474321613,307.3832620429912
LEC,Ferrari,SOFT -> HARD,SOFT,HARD,16,21,6658.060810117358,329.2895978387369
LEC,Ferrari,SOFT -> HARD,SOFT,HARD,17,21,6678.361329475185,349.59011719656337
LEC,Ferrari,SOFT -> HARD,SOFT,HARD,18,21,6697.056032395094,368.2848201164725
LEC,Ferrari,SOFT -> HARD,SOFT,HARD,19,21,6714.144918877083,385.37370659846147
LEC,Ferrari,SOFT -> HARD,SOFT,HARD,20,21,6729.627988921153,400.85677664253126
LEC,Ferrari,SOFT -> HARD,SOFT,HARD,21,21,6743.505242527304,414.73403024868276
LEC,Ferrari,SOFT -> HARD,SOFT,HARD,22,21,6755.776679695538,427.0054674169169
LEC,Ferrari,SOFT -> HARD,SOFT,HARD,23,21,6766.4423004258515,437.67108814722997
LEC,Ferrari,SOFT -> HARD,SOFT,HARD,24,21,6775.502104718247,446.7308924396257
LEC,Ferrari,SOFT -> HARD,SOFT,HARD,25,21,6782.956092572724,454.1848802941022
LEC,Ferrari,SOFT -> HARD,SOFT,HARD,26,21,6788.804263989283,460.0330517106613
LEC,Ferrari,SOFT -> HARD,SOFT,HARD,27,21,6793.046618967921,464.2754066892994
LEC,Ferrari,SOFT -> HARD,SOFT,HARD,28,21,6795.683157508642,466.91194523002014
LEC,Ferrari,SOFT -> HARD,SOFT,HARD,29,21,6796.713879611443,467.94266733282166
LEC,Ferrari,SOFT -> HARD,SOFT,HARD,30,21,6796.138785276327,467.3675729977058
LEC,Ferrari,SOFT -> HARD,SOFT,HARD,31,21,6793.95787450329,465.1866622246689
LEC,Ferrari,SOFT -> HARD,SOFT,HARD,32,21,6790.171147292336,461.39993501371464
LEC,Ferrari,SOFT -> HARD,SOFT,HARD,33,21,6784.778603643463,456.00739136484117
LEC,Ferrari,SOFT -> HARD,SOFT,HARD,34,21,6777.78024355667,449.0090312780485
LEC,Ferrari,SOFT -> HARD,SOFT,HARD,35,21,6769.17606703196,440.40485475333844
LEC,Ferrari,SOFT -> HARD,SOFT,HARD,36,21,6758.966074069331,430.1948617907092
LEC,Ferrari,SOFT -> HARD,SOFT,HARD,37,21,6747.150264668782,418.3790523901607
LEC,Ferrari,SOFT -> HARD,SOFT,HARD,38,21,6733.728638830315,404.95742655169306
LEC,Ferrari,SOFT -> HARD,SOFT,HARD,39,21,6718.701196553929,389.9299842753071
LEC,Ferrari,SOFT -> HARD,SOFT,HARD,40,21,6702.067937839624,373.29672556100286
LEC,Ferrari,SOFT -> HARD,SOFT,HARD,41,21,6683.828862687401,355.0576504087794
LEC,Ferrari,SOFT -> HARD,SOFT,HARD,42,21,6663.983971097258,335.21275881863676
LEC,Ferrari,SOFT -> HARD,SOFT,HARD,43,21,6642.533263069197,313.7620507905758
LEC,Ferrari,SOFT -> HARD,SOFT,HARD,44,21,6619.476738603216,290.70552632459476
LEC,Ferrari,SOFT -> HARD,SOFT,HARD,45,21,6594.814397699318,266.0431854206963
LEC,Ferrari,SOFT -> HARD,SOFT,HARD,46,21,6568.546240357499,239.77502807887777
LEC,Ferrari,SOFT -> HARD,SOFT,HARD,47,21,6540.6722665777625,211.90105429914092
LEC,Ferrari,SOFT -> MEDIUM,SOFT,MEDIUM,5,21,5941.301996817903,0
LEC,Ferrari,SOFT -> MEDIUM,SOFT,MEDIUM,6,21,5952.948962630566,11.646965812662529
LEC,Ferrari,SOFT -> MEDIUM,SOFT,MEDIUM,7,21,5964.49278853675,23.190791718846413
LEC,Ferrari,SOFT -> MEDIUM,SOFT,MEDIUM,8,21,5975.933474536456,34.63147771855256
LEC,Ferrari,SOFT -> MEDIUM,SOFT,MEDIUM,9,21,5987.271020629684,45.96902381178097
LEC,Ferrari,SOFT -> MEDIUM,SOFT,MEDIUM,10,21,5998.505426816435,57.20342999853165
LEC,Ferrari,SOFT -> MEDIUM,SOFT,MEDIUM,11,21,6009.636693096707,68.33469627880368
LEC,Ferrari,SOFT -> MEDIUM,SOFT,MEDIUM,12,21,6020.664819470501,79.36282265259797
LEC,Ferrari,SOFT -> MEDIUM,SOFT,MEDIUM,13,21,6031.589805937818,90.28780911991453
LEC,Ferrari,SOFT -> MEDIUM,SOFT,MEDIUM,14,21,6042.411652498655,101.10965568075153
LEC,Ferrari,SOFT -> MEDIUM,SOFT,MEDIUM,15,21,6053.130359153015,111.8283623351117
LEC,Ferrari,SOFT -> MEDIUM,SOFT,MEDIUM,16,21,6063.745925900897,122.44392908299415
LEC,Ferrari,SOFT -> MEDIUM,SOFT,MEDIUM,17,21,6074.258352742301,132.95635592439794
LEC,Ferrari,SOFT -> MEDIUM,SOFT,MEDIUM,18,21,6084.667639677227,143.365642859324
LEC,Ferrari,SOFT -> MEDIUM,SOFT,MEDIUM,19,21,6094.973786705676,153.67178988777232
LEC,Ferrari,SOFT -> MEDIUM,SOFT,MEDIUM,20,21,6105.176793827645,163.874797009742
LEC,Ferrari,SOFT -> MEDIUM,SOFT,MEDIUM,21,21,6115.276661043137,173.97466422523394
LEC,Ferrari,SOFT -> MEDIUM,SOFT,MEDIUM,22,21,6125.2733883521505,183.97139153424723
LEC,Ferrari,SOFT -> MEDIUM,SOFT,MEDIUM,23,21,6135.166975754687,193.8649789367837
LEC,Ferrari,SOFT -> MEDIUM,SOFT,MEDIUM,24,21,6144.957423250745,203.65542643284152
LEC,Ferrari,SOFT -> MEDIUM,SOFT,MEDIUM,25,21,6154.644730840325,213.3427340224216
LEC,Ferrari,SOFT -> MEDIUM,SOFT,MEDIUM,26,21,6164.228898523426,222.92690170552305
LEC,Ferrari,SOFT -> MEDIUM,SOFT,MEDIUM,27,21,6173.709926300051,232.40792948214767
LEC,Ferrari,SOFT -> MEDIUM,SOFT,MEDIUM,28,21,6183.087814170196,241.78581735229272
LEC,Ferrari,SOFT -> MEDIUM,SOFT,MEDIUM,29,21,6192.362562133864,251.06056531596096
LEC,Ferrari,SOFT -> MEDIUM,SOFT,MEDIUM,30,21,6201.534170191055,260.23217337315145
LEC,Ferrari,SOFT -> MEDIUM,SOFT,MEDIUM,31,21,6210.602638341767,269.3006415238633
LEC,Ferrari,SOFT -> MEDIUM,SOFT,MEDIUM,32,21,6219.567966586001,278.2659697680974
LEC,Ferrari,SOFT -> MEDIUM,SOFT,MEDIUM,33,21,6228.430154923757,287.1281581058538
LEC,Ferrari,SOFT -> MEDIUM,SOFT,MEDIUM,34,21,6237.189203355034,295.8872065371306
LEC,Ferrari,SOFT -> MEDIUM,SOFT,MEDIUM,35,21,6245.845111879835,304.54311506193153
LEC,Ferrari,SOFT -> MEDIUM,SOFT,MEDIUM,36,21,6254.397880498157,313.0958836802538
LEC,Ferrari,SOFT -> MEDIUM,SOFT,MEDIUM,37,21,6262.847509210002,321.5455123920983
LEC,Ferrari,SOFT -> MEDIUM,SOFT,MEDIUM,38,21,6271.1939980153675,329.8920011974642
LEC,Ferrari,SOFT -> MEDIUM,SOFT,MEDIUM,39,21,6279.437346914255,338.13535009635143
LEC,Ferrari,SOFT -> MEDIUM,SOFT,MEDIUM,40,21,6287.577555906665,346.27555908876184
LEC,Ferrari,SOFT -> MEDIUM,SOFT,MEDIUM,41,21,6295.614624992597,354.3126281746936
LEC,Ferrari,SOFT -> MEDIUM,SOFT,MEDIUM,42,21,6303.548554172051,362.2465573541476
LEC,Ferrari,SOFT -> MEDIUM,SOFT,MEDIUM,43,21,6311.379343445027,370.0773466271239
LEC,Ferrari,SOFT -> MEDIUM,SOFT,MEDIUM,44,21,6319.106992811524,377.80499599362065
LEC,Ferrari,SOFT -> MEDIUM,SOFT,MEDIUM,45,21,6326.731502271544,385.42950545364056
LEC,Ferrari,SOFT -> MEDIUM,SOFT,MEDIUM,46,21,6334.252871825085,392.9508750071818
LEC,Ferrari,SOFT -> MEDIUM,SOFT,MEDIUM,47,21,6341.6711014721495,400.36910465424626
MAG,Haas F1 Team,HARD -> MEDIUM,HARD,MEDIUM,5,21,5203.673067534832,0
MAG,Haas F1 Team,HARD -> MEDIUM,HARD,MEDIUM,6,21,5207.829246140309,4.15617860547718
MAG,Haas F1 Team,HARD -> MEDIUM,HARD,MEDIUM,7,21,5212.182228268842,8.509160734010038
MAG,Haas F1 Team,HARD -> MEDIUM,HARD,MEDIUM,8,21,5216.7320139204285,13.058946385596755
MAG,Haas F1 Team,HARD -> MEDIUM,HARD,MEDIUM,9,21,5221.478603095073,17.80553556024097
MAG,Haas F1 Team,HARD -> MEDIUM,HARD,MEDIUM,10,21,5226.421995792772,22.74892825793995
MAG,Haas F1 Team,HARD -> MEDIUM,HARD,MEDIUM,11,21,5231.562192013525,27.889124478693702
MAG,Haas F1 Team,HARD -> MEDIUM,HARD,MEDIUM,12,21,5236.899191757335,33.22612422250313
MAG,Haas F1 Team,HARD -> MEDIUM,HARD,MEDIUM,13,21,5242.4329950242,38.75992748936824
MAG,Haas F1 Team,HARD -> MEDIUM,HARD,MEDIUM,14,21,5248.16360181412,44.49053427928811
MAG,Haas F1 Team,HARD -> MEDIUM,HARD,MEDIUM,15,21,5254.091012127095,50.417944592263666
MAG,Haas F1 Team,HARD -> MEDIUM,HARD,MEDIUM,16,21,5260.2152259631275,56.54215842829581
MAG,Haas F1 Team,HARD -> MEDIUM,HARD,MEDIUM,17,21,5266.5362433222135,62.863175787381806
MAG,Haas F1 Team,HARD -> MEDIUM,HARD,MEDIUM,18,21,5273.054064204355,69.38099666952348
MAG,Haas F1 Team,HARD -> MEDIUM,HARD,MEDIUM,19,21,5279.768688609553,76.09562107472084
MAG,Haas F1 Team,HARD -> MEDIUM,HARD,MEDIUM,20,21,5286.680116537806,83.00704900297387
MAG,Haas F1 Team,HARD -> MEDIUM,HARD,MEDIUM,21,21,5293.788347989113,90.11528045428167
MAG,Haas F1 Team,HARD -> MEDIUM,HARD,MEDIUM,22,21,5301.093382963477,97.42031542864515
MAG,Haas F1 Team,HARD -> MEDIUM,HARD,MEDIUM,23,21,5308.595221460896,104.92215392606431
MAG,Haas F1 Team,HARD -> MEDIUM,HARD,MEDIUM,24,21,5316.293863481371,112.62079594653915
MAG,Haas F1 Team,HARD -> MEDIUM,HARD,MEDIUM,25,21,5324.1893090249,120.51624149006784
MAG,Haas F1 Team,HARD -> MEDIUM,HARD,MEDIUM,26,21,5332.281558091485,128.60849055665312
MAG,Haas F1 Team,HARD -> MEDIUM,HARD,MEDIUM,27,21,5340.570610681127,136.897543146295
MAG,Haas F1 Team,HARD -> MEDIUM,HARD,MEDIUM,28,21,5349.056466793822,145.38339925899072
MAG,Haas F1 Team,HARD -> MEDIUM,HARD,MEDIUM,29,21,5357.739126429573,154.06605889474122
MAG,Haas F1 Team,HARD -> MEDIUM,HARD,MEDIUM,30,21,5366.618589588381,162.9455220535492
MAG,Haas F1 Team,HARD -> MEDIUM,HARD,MEDIUM,31,21,5375.694856270243,172.02178873541106
MAG,Haas F1 Team,HARD -> MEDIUM,HARD,MEDIUM,32,21,5384.96792647516,181.2948589403286
MAG,Haas F1 Team,HARD -> MEDIUM,HARD,MEDIUM,33,21,5394.4378002031335,190.7647326683018
MAG,Haas F1 Team,HARD -> MEDIUM,HARD,MEDIUM,34,21,5404.1044774541615,200.43140991932978
MAG,Haas F1 Team,HARD -> MEDIUM,HARD,MEDIUM,35,21,5413.967958228246,210.29489069341435
MAG,Haas F1 Team,HARD -> MEDIUM,HARD,MEDIUM,36,21,5424.0282425253845,220.35517499055277
MAG,Haas F1 Team,HARD -> MEDIUM,HARD,MEDIUM,37,21,5434.2853303455795,230.61226281074778
MAG,Haas F1 Team,HARD -> MEDIUM,HARD,MEDIUM,38,21,5444.739221688829,241.06615415399756
MAG,Haas F1 Team,HARD -> MEDIUM,HARD,MEDIUM,39,21,5455.389916555135,251.71684902030302
MAG,Haas F1 Team,HARD -> MEDIUM,HARD,MEDIUM,40,21,5466.237414944496,262.56434740966415
MAG,Haas F1 Team,HARD -> MEDIUM,HARD,MEDIUM,41,21,5477.281716856912,273.60864932208005
MAG,Haas F1 Team,HARD -> MEDIUM,HARD,MEDIUM,42,21,5488.522822292383,284.84975475755164
MAG,Haas F1 Team,HARD -> MEDIUM,HARD,MEDIUM,43,21,5499.960731250911,296.2876637160789
MAG,Haas F1 Team,HARD -> MEDIUM,HARD,MEDIUM,44,21,5511.595443732494,307.92237619766183
MAG,Haas F1 Team,HARD -> MEDIUM,HARD,MEDIUM,45,21,5523.426959737131,319.75389220229954
MAG,Haas F1 Team,HARD -> MEDIUM,HARD,MEDIUM,46,21,5535.455279264826,331.78221172999383
MAG,Haas F1 Team,HARD -> MEDIUM,HARD,MEDIUM,47,21,5547.680402315575,344.0073347807429
MAG,Haas F1 Team,HARD -> SOFT,HARD,SOFT,5,21,7005.255168911388,1245.252726315788
MAG,Haas F1 Team,HARD -> SOFT,HARD,SOFT,6,21,6975.6062944752975,1215.6038518796977
MAG,Haas F1 Team,HARD -> SOFT,HARD,SOFT,7,21,6945.957420039208,1185.9549774436082
MAG,Haas F1 Team,HARD -> SOFT,HARD,SOFT,8,21,6916.308545603118,1156.3061030075178
MAG,Haas F1 Team,HARD -> SOFT,HARD,SOFT,9,21,6886.659671167028,1126.6572285714283
MAG,Haas F1 Team,HARD -> SOFT,HARD,SOFT,10,21,6857.010796730937,1097.008354135337
MAG,Haas F1 Team,HARD -> SOFT,HARD,SOFT,11,21,6827.361922294846,1067.3594796992465
MAG,Haas F1 Team,HARD -> SOFT,HARD,SOFT,12,21,6797.713047858756,1037.7106052631561
MAG,Haas F1 Team,HARD -> SOFT,HARD,SOFT,13,21,6768.0641734226665,1008.0617308270666
MAG,Haas F1 Team,HARD -> SOFT,HARD,SOFT,14,21,6738.415298986576,978.4128563909762
MAG,Haas F1 Team,HARD -> SOFT,HARD,SOFT,15,21,6708.7664245504875,948.7639819548876
MAG,Haas F1 Team,HARD -> SOFT,HARD,SOFT,16,21,6679.117550114397,919.1151075187972
MAG,Haas F1 Team,HARD -> SOFT,HARD,SOFT,17,21,6649.468675678307,889.4662330827068
MAG,Haas F1 Team,HARD -> SOFT,HARD,SOFT,18,21,6619.819801242216,859.8173586466164
MAG,Haas F1 Team,HARD -> SOFT,HARD,SOFT,19,21,6590.170926806126,830.168484210526
MAG,Haas F1 Team,HARD -> SOFT,HARD,SOFT,20,21,6560.5220523700355,800.5196097744356
MAG,Haas F1 Team,HARD -> SOFT,HARD,SOFT,21,21,6530.873177933945,770.8707353383452
MAG,Haas F1 Team,HARD -> SOFT,HARD,SOFT,22,21,6501.224303497855,741.2218609022548
MAG,Haas F1 Team,HARD -> SOFT,HARD,SOFT,23,21,6471.575429061764,711.5729864661644
MAG,Haas F1 Team,HARD -> SOFT,HARD,SOFT,24,21,6441.926554625675,681.9241120300749
MAG,Haas F1 Team,HARD -> SOFT,HARD,SOFT,25,21,6412.277680189584,652.2752375939845
MAG,Haas F1 Team,HARD -> SOFT,HARD,SOFT,26,21,6382.628805753494,622.626363157894
MAG,Haas F1 Team,HARD -> SOFT,HARD,SOFT,27,21,6352.979931317404,592.9774887218045
MAG,Haas F1 Team,HARD -> SOFT,HARD,SOFT,28,21,6323.331056881314,563.3286142857141
MAG,Haas F1 Team,HARD -> SOFT,HARD,SOFT,29,21,6293.6821824452245,533.6797398496246
MAG,Haas F1 Team,HARD -> SOFT,HARD,SOFT,30,21,6264.033308009133,504.0308654135333
MAG,Haas F1 Team,HARD -> SOFT,HARD,SOFT,31,21,6234.384433573045,474.38199097744473
MAG,Haas F1 Team,HARD -> SOFT,HARD,SOFT,32,21,6204.735559136954,444.7331165413543
MAG,Haas F1 Team,HARD -> SOFT,HARD,SOFT,33,21,6175.086684700864,415.0842421052639
MAG,Haas F1 Team,HARD -> SOFT,HARD,SOFT,34,21,6145.437810264773,385.4353676691735
MAG,Haas F1 Team,HARD -> SOFT,HARD,SOFT,35,21,6115.788935828683,355.7864932330831
MAG,Haas F1 Team,HARD -> SOFT,HARD,SOFT,36,21,6086.1400613925925,326.1376187969927
MAG,Haas F1 Team,HARD -> SOFT,HARD,SOFT,37,21,6056.491186956502,296.4887443609023
MAG,Haas F1 Team,HARD -> SOFT,HARD,SOFT,38,21,6026.842312520412,266.83986992481186
MAG,Haas F1 Team,HARD -> SOFT,HARD,SOFT,39,21,5997.193438084321,237.19099548872146
MAG,Haas F1 Team,HARD -> SOFT,HARD,SOFT,40,21,5967.544563648231,207.54212105263105
MAG,Haas F1 Team,HARD -> SOFT,HARD,SOFT,41,21,5937.8956892121405,177.89324661654064
MAG,Haas F1 Team,HARD -> SOFT,HARD,SOFT,42,21,5908.246814776051,148.24437218045114
MAG,Haas F1 Team,HARD -> SOFT,HARD,SOFT,43,21,5878.59794033996,118.59549774435982
MAG,Haas F1 Team,HARD -> SOFT,HARD,SOFT,44,21,5848.94906590387,88.94662330827032
MAG,Haas F1 Team,HARD -> SOFT,HARD,SOFT,45,21,5819.300191467781,59.29774887218082
MAG,Haas F1 Team,HARD -> SOFT,HARD,SOFT,46,21,5789.65131703169,29.64887443609041
MAG,Haas F1 Team,HARD -> SOFT,HARD,SOFT,47,21,5760.0024425956,0
MAG,Haas F1 Team,MEDIUM -> HARD,MEDIUM,HARD,5,21,5593.929230233595,344.0073347807411
MAG,Haas F1 Team,MEDIUM -> HARD,MEDIUM,HARD,6,21,5589.773051628118,339.8511561752639
MAG,Haas F1 Team,MEDIUM -> HARD,MEDIUM,HARD,7,21,5585.420069499585,335.49817404673104
MAG,Haas F1 Team,MEDIUM -> HARD,MEDIUM,HARD,8,21,5580.870283847998,330.9483883951434
MAG,Haas F1 Team,MEDIUM -> HARD,MEDIUM,HARD,9,21,5576.123694673354,326.2017992205001
MAG,Haas F1 Team,MEDIUM -> HARD,MEDIUM,HARD,10,21,5571.180301975656,321.25840652280203
MAG,Haas F1 Team,MEDIUM -> HARD,MEDIUM,HARD,11,21,5566.0401057549025,316.1182103020483
MAG,Haas F1 Team,MEDIUM -> HARD,MEDIUM,HARD,12,21,5560.703106011092,310.78121055823794
MAG,Haas F1 Team,MEDIUM -> HARD,MEDIUM,HARD,13,21,5555.169302744229,305.24740729137466
MAG,Haas F1 Team,MEDIUM -> HARD,MEDIUM,HARD,14,21,5549.438695954309,299.5168005014548
MAG,Haas F1 Team,MEDIUM -> HARD,MEDIUM,HARD,15,21,5543.5112856413325,293.5893901884783
MAG,Haas F1 Team,MEDIUM -> HARD,MEDIUM,HARD,16,21,5537.387071805301,287.4651763524471
MAG,Haas F1 Team,MEDIUM -> HARD,MEDIUM,HARD,17,21,5531.066054446214,281.1441589933602
MAG,Haas F1 Team,MEDIUM -> HARD,MEDIUM,HARD,18,21,5524.548233564073,274.6263381112185
MAG,Haas F1 Team,MEDIUM -> HARD,MEDIUM,HARD,19,21,5517.833609158875,267.91171370602115
MAG,Haas F1 Team,MEDIUM -> HARD,MEDIUM,HARD,20,21,5510.922181230622,261.0002857777681
MAG,Haas F1 Team,MEDIUM -> HARD,MEDIUM,HARD,21,21,5503.8139497793145,253.8920543264603
MAG,Haas F1 Team,MEDIUM -> HARD,MEDIUM,HARD,22,21,5496.508914804951,246.58701935209683
MAG,Haas F1 Team,MEDIUM -> HARD,MEDIUM,HARD,23,21,5489.007076307532,239.08518085467767
MAG,Haas F1 Team,MEDIUM -> HARD,MEDIUM,HARD,24,21,5481.308434287057,231.38653883420284
MAG,Haas F1 Team,MEDIUM -> HARD,MEDIUM,HARD,25,21,5473.412988743528,223.49109329067414
MAG,Haas F1 Team,MEDIUM -> HARD,MEDIUM,HARD,26,21,5465.320739676943,215.39884422408886
MAG,Haas F1 Team,MEDIUM -> HARD,MEDIUM,HARD,27,21,5457.031687087302,207.1097916344479
MAG,Haas F1 Team,MEDIUM -> HARD,MEDIUM,HARD,28,21,5448.545830974606,198.62393552175217
MAG,Haas F1 Team,MEDIUM -> HARD,MEDIUM,HARD,29,21,5439.863171338855,189.94127588600077
MAG,Haas F1 Team,MEDIUM -> HARD,MEDIUM,HARD,30,21,5430.983708180048,181.06181272719368
MAG,Haas F1 Team,MEDIUM -> HARD,MEDIUM,HARD,31,21,5421.907441498186,171.98554604533183
MAG,Haas F1 Team,MEDIUM -> HARD,MEDIUM,HARD,32,21,5412.6343712932685,162.7124758404143
MAG,Haas F1 Team,MEDIUM -> HARD,MEDIUM,HARD,33,21,5403.164497565294,153.24260211244018
MAG,Haas F1 Team,MEDIUM -> HARD,MEDIUM,HARD,34,21,5393.497820314266,143.5759248614122
MAG,Haas F1 Team,MEDIUM -> HARD,MEDIUM,HARD,35,21,5383.634339540182,133.71244408732764
MAG,Haas F1 Team,MEDIUM -> HARD,MEDIUM,HARD,36,21,5373.5740552430425,123.6521597901883
MAG,Haas F1 Team,MEDIUM -> HARD,MEDIUM,HARD,37,21,5363.316967422848,113.3950719699942
MAG,Haas F1 Team,MEDIUM -> HARD,MEDIUM,HARD,38,21,5352.863076079599,102.94118062674443
MAG,Haas F1 Team,MEDIUM -> HARD,MEDIUM,HARD,39,21,5342.212381213292,92.29048576043806
MAG,Haas F1 Team,MEDIUM -> HARD,MEDIUM,HARD,40,21,5331.364882823931,81.44298737107692
MAG,Haas F1 Team,MEDIUM -> HARD,MEDIUM,HARD,41,21,5320.320580911515,70.39868545866102
MAG,Haas F1 Team,MEDIUM -> HARD,MEDIUM,HARD,42,21,5309.079475476044,59.15758002318944
MAG,Haas F1 Team,MEDIUM -> HARD,MEDIUM,HARD,43,21,5297.641566517517,47.71967106466309
MAG,Haas F1 Team,MEDIUM -> HARD,MEDIUM,HARD,44,21,5286.006854035934,36.08495858308015
MAG,Haas F1 Team,MEDIUM -> HARD,MEDIUM,HARD,45,21,5274.175338031297,24.253442578442446
MAG,Haas F1 Team,MEDIUM -> HARD,MEDIUM,HARD,46,21,5262.147018503603,12.225123050749062
MAG,Haas F1 Team,MEDIUM -> HARD,MEDIUM,HARD,47,21,5249.921895452854,0
MAG,Haas F1 Team,MEDIUM -> SOFT,MEDIUM,SOFT,5,21,6987.4263287298345,1589.2600610965292
MAG,Haas F1 Team,MEDIUM -> SOFT,MEDIUM,SOFT,6,21,6953.621275688266,1555.4550080549607
MAG,Haas F1 Team,MEDIUM -> SOFT,MEDIUM,SOFT,7,21,6919.619419123645,1521.4531514903392
MAG,Haas F1 Team,MEDIUM -> SOFT,MEDIUM,SOFT,8,21,6885.4207590359665,1487.2544914026612
MAG,Haas F1 Team,MEDIUM -> SOFT,MEDIUM,SOFT,9,21,6851.025295425234,1452.8590277919284
MAG,Haas F1 Team,MEDIUM -> SOFT,MEDIUM,SOFT,10,21,6816.433028291443,1418.266760658138
MAG,Haas F1 Team,MEDIUM -> SOFT,MEDIUM,SOFT,11,21,6781.643957634599,1383.477690001294
MAG,Haas F1 Team,MEDIUM -> SOFT,MEDIUM,SOFT,12,21,6746.658083454699,1348.491815821394
MAG,Haas F1 Team,MEDIUM -> SOFT,MEDIUM,SOFT,13,21,6711.475405751745,1313.3091381184395
MAG,Haas F1 Team,MEDIUM -> SOFT,MEDIUM,SOFT,14,21,6676.0959245257345,1277.9296568924292
MAG,Haas F1 Team,MEDIUM -> SOFT,MEDIUM,SOFT,15,21,6640.51963977667,1242.353372143365
MAG,Haas F1 Team,MEDIUM -> SOFT,MEDIUM,SOFT,16,21,6604.746551504548,1206.5802838712425
MAG,Haas F1 Team,MEDIUM -> SOFT,MEDIUM,SOFT,17,21,6568.776659709371,1170.610392076066
MAG,Haas F1 Team,MEDIUM -> SOFT,MEDIUM,SOFT,18,21,6532.609964391138,1134.443696757833
MAG,Haas F1 Team,MEDIUM -> SOFT,MEDIUM,SOFT,19,21,6496.246465549852,1098.0801979165462
MAG,Haas F1 Team,MEDIUM -> SOFT,MEDIUM,SOFT,20,21,6459.686163185508,1061.5198955522028
MAG,Haas F1 Team,MEDIUM -> SOFT,MEDIUM,SOFT,21,21,6422.92905729811,1024.7627896648046
MAG,Haas F1 Team,MEDIUM -> SOFT,MEDIUM,SOFT,22,21,6385.975147887656,987.8088802543507
MAG,Haas F1 Team,MEDIUM -> SOFT,MEDIUM,SOFT,23,21,6348.824434954147,950.658167320842
MAG,Haas F1 Team,MEDIUM -> SOFT,MEDIUM,SOFT,24,21,6311.476918497583,913.3106508642777
MAG,Haas F1 Team,MEDIUM -> SOFT,MEDIUM,SOFT,25,21,6273.932598517963,875.7663308846577
MAG,Haas F1 Team,MEDIUM -> SOFT,MEDIUM,SOFT,26,21,6236.191475015287,838.025207381982
MAG,Haas F1 Team,MEDIUM -> SOFT,MEDIUM,SOFT,27,21,6198.253547989557,800.0872803562515
MAG,Haas F1 Team,MEDIUM -> SOFT,MEDIUM,SOFT,28,21,6160.118817440771,761.9525498074654
MAG,Haas F1 Team,MEDIUM -> SOFT,MEDIUM,SOFT,29,21,6121.787283368929,723.6210157356236
MAG,Haas F1 Team,MEDIUM -> SOFT,MEDIUM,SOFT,30,21,6083.258945774032,685.092678140727
MAG,Haas F1 Team,MEDIUM -> SOFT,MEDIUM,SOFT,31,21,6044.53380465608,646.3675370227747
MAG,Haas F1 Team,MEDIUM -> SOFT,MEDIUM,SOFT,32,21,6005.611860015072,607.4455923817668
MAG,Haas F1 Team,MEDIUM -> SOFT,MEDIUM,SOFT,33,21,5966.4931118510085,568.3268442177032
MAG,Haas F1 Team,MEDIUM -> SOFT,MEDIUM,SOFT,34,21,5927.177560163889,529.0112925305839
MAG,Haas F1 Team,MEDIUM -> SOFT,MEDIUM,SOFT,35,21,5887.665204953715,489.4989373204098
MAG,Haas F1 Team,MEDIUM -> SOFT,MEDIUM,SOFT,36,21,5847.956046220486,449.789778587181
MAG,Haas F1 Team,MEDIUM -> SOFT,MEDIUM,SOFT,37,21,5808.050083964201,409.88381633089557
MAG,Haas F1 Team,MEDIUM -> SOFT,MEDIUM,SOFT,38,21,5767.947318184861,369.7810505515554
MAG,Haas F1 Team,MEDIUM -> SOFT,MEDIUM,SOFT,39,21,5727.647748882466,329.4814812491604
MAG,Haas F1 Team,MEDIUM -> SOFT,MEDIUM,SOFT,40,21,5687.151376057014,288.9851084237089
MAG,Haas F1 Team,MEDIUM -> SOFT,MEDIUM,SOFT,41,21,5646.458199708508,248.29193207520257
MAG,Haas F1 Team,MEDIUM -> SOFT,MEDIUM,SOFT,42,21,5605.568219836946,207.40195220364058
MAG,Haas F1 Team,MEDIUM -> SOFT,MEDIUM,SOFT,43,21,5564.481436442329,166.31516880902382
MAG,Haas F1 Team,MEDIUM -> SOFT,MEDIUM,SOFT,44,21,5523.197849524656,125.03158189135047
MAG,Haas F1 Team,MEDIUM -> SOFT,MEDIUM,SOFT,45,21,5481.717459083928,83.55119145062235
MAG,Haas F1 Team,MEDIUM -> SOFT,MEDIUM,SOFT,46,21,5440.040265120144,41.87399748683856
MAG,Haas F1 Team,MEDIUM -> SOFT,MEDIUM,SOFT,47,21,5398.166267633305,0
MAG,Haas F1 Team,SOFT -> HARD,SOFT,HARD,5,21,5760.0024425956,0
MAG,Haas F1 Team,SOFT -> HARD,SOFT,HARD,6,21,5789.65131703169,29.64887443609041
MAG,Haas F1 Team,SOFT -> HARD,SOFT,HARD,7,21,5819.300191467781,59.29774887218082
MAG,Haas F1 Team,SOFT -> HARD,SOFT,HARD,8,21,5848.94906590387,88.94662330827032
MAG,Haas F1 Team,SOFT -> HARD,SOFT,HARD,9,21,5878.59794033996,118.59549774435982
MAG,Haas F1 Team,SOFT -> HARD,SOFT,HARD,10,21,5908.246814776051,148.24437218045114
MAG,Haas F1 Team,SOFT -> HARD,SOFT,HARD,11,21,5937.895689212141,177.89324661654155
MAG,Haas F1 Team,SOFT -> HARD,SOFT,HARD,12,21,5967.544563648231,207.54212105263105
MAG,Haas F1 Team,SOFT -> HARD,SOFT,HARD,13,21,5997.193438084322,237.19099548872236
MAG,Haas F1 Team,SOFT -> HARD,SOFT,HARD,14,21,6026.8423125204135,266.8398699248137
MAG,Haas F1 Team,SOFT -> HARD,SOFT,HARD,15,21,6056.491186956502,296.4887443609023
MAG,Haas F1 Team,SOFT -> HARD,SOFT,HARD,16,21,6086.1400613925925,326.1376187969927
MAG,Haas F1 Team,SOFT -> HARD,SOFT,HARD,17,21,6115.788935828683,355.7864932330831
MAG,Haas F1 Team,SOFT -> HARD,SOFT,HARD,18,21,6145.437810264773,385.4353676691735
MAG,Haas F1 Team,SOFT -> HARD,SOFT,HARD,19,21,6175.086684700864,415.0842421052639
MAG,Haas F1 Team,SOFT -> HARD,SOFT,HARD,20,21,6204.735559136953,444.7331165413534
MAG,Haas F1 Team,SOFT -> HARD,SOFT,HARD,21,21,6234.384433573043,474.3819909774429
MAG,Haas F1 Team,SOFT -> HARD,SOFT,HARD,22,21,6264.033308009133,504.0308654135333
MAG,Haas F1 Team,SOFT -> HARD,SOFT,HARD,23,21,6293.682182445224,533.6797398496237
MAG,Haas F1 Team,SOFT -> HARD,SOFT,HARD,24,21,6323.331056881313,563.3286142857132
MAG,Haas F1 Team,SOFT -> HARD,SOFT,HARD,25,21,6352.9799313174035,592.9774887218036
MAG,Haas F1 Team,SOFT -> HARD,SOFT,HARD,26,21,6382.628805753494,622.626363157894
MAG,Haas F1 Team,SOFT -> HARD,SOFT,HARD,27,21,6412.277680189584,652.2752375939845
MAG,Haas F1 Team,SOFT -> HARD,SOFT,HARD,28,21,6441.926554625674,681.924112030074
MAG,Haas F1 Team,SOFT -> HARD,SOFT,HARD,29,21,6471.575429061765,711.5729864661653
MAG,Haas F1 Team,SOFT -> HARD,SOFT,HARD,30,21,6501.224303497855,741.2218609022548
MAG,Haas F1 Team,SOFT -> HARD,SOFT,HARD,31,21,6530.873177933946,770.8707353383461
MAG,Haas F1 Team,SOFT -> HARD,SOFT,HARD,32,21,6560.5220523700355,800.5196097744356
MAG,Haas F1 Team,SOFT -> HARD,SOFT,HARD,33,21,6590.170926806126,830.168484210526
MAG,Haas F1 Team,SOFT -> HARD,SOFT,HARD,34,21,6619.819801242216,859.8173586466164
MAG,Haas F1 Team,SOFT -> HARD,SOFT,HARD,35,21,6649.468675678307,889.4662330827068
MAG,Haas F1 Team,SOFT -> HARD,SOFT,HARD,36,21,6679.117550114396,919.1151075187963
MAG,Haas F1 Team,SOFT -> HARD,SOFT,HARD,37,21,6708.766424550487,948.7639819548867
MAG,Haas F1 Team,SOFT -> HARD,SOFT,HARD,38,21,6738.415298986576,978.4128563909762
MAG,Haas F1 Team,SOFT -> HARD,SOFT,HARD,39,21,6768.0641734226665,1008.0617308270666
MAG,Haas F1 Team,SOFT -> HARD,SOFT,HARD,40,21,6797.713047858757,1037.710605263157
MAG,Haas F1 Team,SOFT -> HARD,SOFT,HARD,41,21,6827.361922294847,1067.3594796992475
MAG,Haas F1 Team,SOFT -> HARD,SOFT,HARD,42,21,6857.010796730938,1097.0083541353379
MAG,Haas F1 Team,SOFT -> HARD,SOFT,HARD,43,21,6886.659671167028,1126.6572285714283
MAG,Haas F1 Team,SOFT -> HARD,SOFT,HARD,44,21,6916.308545603118,1156.3061030075178
MAG,Haas F1 Team,SOFT -> HARD,SOFT,HARD,45,21,6945.957420039207,1185.9549774436073
MAG,Haas F1 Team,SOFT -> HARD,SOFT,HARD,46,21,6975.6062944752985,1215.6038518796986
MAG,Haas F1 Team,SOFT -> HARD,SOFT,HARD,47,21,7005.255168911389,1245.252726315789
MAG,Haas F1 Team,SOFT -> MEDIUM,SOFT,MEDIUM,5,21,5351.917439715283,0
MAG,Haas F1 Team,SOFT -> MEDIUM,SOFT,MEDIUM,6,21,5385.7224927568495,33.80505304156668
MAG,Haas F1 Team,SOFT -> MEDIUM,SOFT,MEDIUM,7,21,5419.724349321474,67.80690960619086
MAG,Haas F1 Team,SOFT -> MEDIUM,SOFT,MEDIUM,8,21,5453.92300940915,102.00556969386707
MAG,Haas F1 Team,SOFT -> MEDIUM,SOFT,MEDIUM,9,21,5488.318473019885,136.4010333046017
MAG,Haas F1 Team,SOFT -> MEDIUM,SOFT,MEDIUM,10,21,5522.910740153673,170.99330043839018
MAG,Haas F1 Team,SOFT -> MEDIUM,SOFT,MEDIUM,11,21,5557.699810810517,205.78237109523434
MAG,Haas F1 Team,SOFT -> MEDIUM,SOFT,MEDIUM,12,21,5592.685684990417,240.76824527513418
MAG,Haas F1 Team,SOFT -> MEDIUM,SOFT,MEDIUM,13,21,5627.868362693373,275.9509229780897
MAG,Haas F1 Team,SOFT -> MEDIUM,SOFT,MEDIUM,14,21,5663.247843919383,311.3304042041
MAG,Haas F1 Team,SOFT -> MEDIUM,SOFT,MEDIUM,15,21,5698.824128668448,346.90668895316503
MAG,Haas F1 Team,SOFT -> MEDIUM,SOFT,MEDIUM,16,21,5734.59721694057,382.6797772252876
MAG,Haas F1 Team,SOFT -> MEDIUM,SOFT,MEDIUM,17,21,5770.567108735746,418.6496690204631
MAG,Haas F1 Team,SOFT -> MEDIUM,SOFT,MEDIUM,18,21,5806.733804053978,454.81636433869517
MAG,Haas F1 Team,SOFT -> MEDIUM,SOFT,MEDIUM,19,21,5843.097302895267,491.17986317998384
MAG,Haas F1 Team,SOFT -> MEDIUM,SOFT,MEDIUM,20,21,5879.657605259609,527.7401655443264
MAG,Haas F1 Team,SOFT -> MEDIUM,SOFT,MEDIUM,21,21,5916.414711147007,564.4972714317246
MAG,Haas F1 Team,SOFT -> MEDIUM,SOFT,MEDIUM,22,21,5953.368620557461,601.4511808421785
MAG,Haas F1 Team,SOFT -> MEDIUM,SOFT,MEDIUM,23,21,5990.519333490971,638.601893775688
MAG,Haas F1 Team,SOFT -> MEDIUM,SOFT,MEDIUM,24,21,6027.866849947535,675.9494102322524
MAG,Haas F1 Team,SOFT -> MEDIUM,SOFT,MEDIUM,25,21,6065.411169927154,713.4937302118715
MAG,Haas F1 Team,SOFT -> MEDIUM,SOFT,MEDIUM,26,21,6103.15229342983,751.2348537145472
MAG,Haas F1 Team,SOFT -> MEDIUM,SOFT,MEDIUM,27,21,6141.0902204555605,789.1727807402776
MAG,Haas F1 Team,SOFT -> MEDIUM,SOFT,MEDIUM,28,21,6179.2249510043475,827.3075112890647
MAG,Haas F1 Team,SOFT -> MEDIUM,SOFT,MEDIUM,29,21,6217.556485076188,865.6390453609056
MAG,Haas F1 Team,SOFT -> MEDIUM,SOFT,MEDIUM,30,21,6256.084822671086,904.1673829558031
MAG,Haas F1 Team,SOFT -> MEDIUM,SOFT,MEDIUM,31,21,6294.809963789039,942.8925240737562
MAG,Haas F1 Team,SOFT -> MEDIUM,SOFT,MEDIUM,32,21,6333.731908430047,981.8144687147642
MAG,Haas F1 Team,SOFT -> MEDIUM,SOFT,MEDIUM,33,21,6372.85065659411,1020.9332168788269
MAG,Haas F1 Team,SOFT -> MEDIUM,SOFT,MEDIUM,34,21,6412.166208281229,1060.2487685659462
MAG,Haas F1 Team,SOFT -> MEDIUM,SOFT,MEDIUM,35,21,6451.678563491403,1099.7611237761203
MAG,Haas F1 Team,SOFT -> MEDIUM,SOFT,MEDIUM,36,21,6491.387722224632,1139.470282509349
MAG,Haas F1 Team,SOFT -> MEDIUM,SOFT,MEDIUM,37,21,6531.2936844809165,1179.3762447656336
MAG,Haas F1 Team,SOFT -> MEDIUM,SOFT,MEDIUM,38,21,6571.396450260257,1219.4790105449738
MAG,Haas F1 Team,SOFT -> MEDIUM,SOFT,MEDIUM,39,21,6611.6960195626525,1259.7785798473697
MAG,Haas F1 Team,SOFT -> MEDIUM,SOFT,MEDIUM,40,21,6652.192392388104,1300.2749526728212
MAG,Haas F1 Team,SOFT -> MEDIUM,SOFT,MEDIUM,41,21,6692.88556873661,1340.9681290213275
MAG,Haas F1 Team,SOFT -> MEDIUM,SOFT,MEDIUM,42,21,6733.775548608172,1381.8581088928895
MAG,Haas F1 Team,SOFT -> MEDIUM,SOFT,MEDIUM,43,21,6774.86233200279,1422.9448922875072
MAG,Haas F1 Team,SOFT -> MEDIUM,SOFT,MEDIUM,44,21,6816.1459189204625,1464.2284792051796
MAG,Haas F1 Team,SOFT -> MEDIUM,SOFT,MEDIUM,45,21,6857.626309361191,1505.7088696459077
MAG,Haas F1 Team,SOFT -> MEDIUM,SOFT,MEDIUM,46,21,6899.303503324974,1547.3860636096915
MAG,Haas F1 Team,SOFT -> MEDIUM,SOFT,MEDIUM,47,21,6941.177500811813,1589.26006109653
NOR,McLaren,HARD -> MEDIUM,HARD,MEDIUM,5,21,5682.225604924901,0
NOR,McLaren,HARD -> MEDIUM,HARD,MEDIUM,6,21,5750.1173659732585,67.8917610483577
NOR,McLaren,HARD -> MEDIUM,HARD,MEDIUM,7,21,5816.365130531618,134.13952560671714
NOR,McLaren,HARD -> MEDIUM,HARD,MEDIUM,8,21,5880.96889859998,198.74329367507926
NOR,McLaren,HARD -> MEDIUM,HARD,MEDIUM,9,21,5943.92867017834,261.7030652534395
NOR,McLaren,HARD -> MEDIUM,HARD,MEDIUM,10,21,6005.2444452667005,323.01884034179966
NOR,McLaren,HARD -> MEDIUM,HARD,MEDIUM,11,21,6064.916223865063,382.6906189401625
NOR,McLaren,HARD -> MEDIUM,HARD,MEDIUM,12,21,6122.944005973426,440.71840104852527
NOR,McLaren,HARD -> MEDIUM,HARD,MEDIUM,13,21,6179.327791591789,497.102186666888
NOR,McLaren,HARD -> MEDIUM,HARD,MEDIUM,14,21,6234.067580720153,551.8419757952524
NOR,McLaren,HARD -> MEDIUM,HARD,MEDIUM,15,21,6287.163373358517,604.9377684336159
NOR,McLaren,HARD -> MEDIUM,HARD,MEDIUM,16,21,6338.61516950688,656.3895645819794
NOR,McLaren,HARD -> MEDIUM,HARD,MEDIUM,17,21,6388.422969165246,706.1973642403455
NOR,McLaren,HARD -> MEDIUM,HARD,MEDIUM,18,21,6436.5867723336105,754.3611674087097
NOR,McLaren,HARD -> MEDIUM,HARD,MEDIUM,19,21,6483.1065790119765,800.8809740870756
NOR,McLaren,HARD -> MEDIUM,HARD,MEDIUM,20,21,6527.982389200344,845.7567842754434
NOR,McLaren,HARD -> MEDIUM,HARD,MEDIUM,21,21,6571.21420289871,888.9885979738092
NOR,McLaren,HARD -> MEDIUM,HARD,MEDIUM,22,21,6612.802020107078,930.5764151821768
NOR,McLaren,HARD -> MEDIUM,HARD,MEDIUM,23,21,6652.745840825445,970.5202359005443
NOR,McLaren,HARD -> MEDIUM,HARD,MEDIUM,24,21,6691.0456650538135,1008.8200601289127
NOR,McLaren,HARD -> MEDIUM,HARD,MEDIUM,25,21,6727.701492792182,1045.475887867281
NOR,McLaren,HARD -> MEDIUM,HARD,MEDIUM,26,21,6762.713324040552,1080.487719115651
NOR,McLaren,HARD -> MEDIUM,HARD,MEDIUM,27,21,6796.081158798921,1113.8555538740202
NOR,McLaren,HARD -> MEDIUM,HARD,MEDIUM,28,21,6827.804997067291,1145.5793921423901
NOR,McLaren,HARD -> MEDIUM,HARD,MEDIUM,29,21,6857.884838845663,1175.6592339207618
NOR,McLaren,HARD -> MEDIUM,HARD,MEDIUM,30,21,6886.320684134033,1204.0950792091326
NOR,McLaren,HARD -> MEDIUM,HARD,MEDIUM,31,21,6913.112532932405,1230.8869280075041
NOR,McLaren,HARD -> MEDIUM,HARD,MEDIUM,32,21,6938.260385240777,1256.0347803158766
NOR,McLaren,HARD -> MEDIUM,HARD,MEDIUM,33,21,6961.764241059149,1279.538636134248
NOR,McLaren,HARD -> MEDIUM,HARD,MEDIUM,34,21,6983.624100387523,1301.3984954626221
NOR,McLaren,HARD -> MEDIUM,HARD,MEDIUM,35,21,7003.839963225897,1321.6143583009962
NOR,McLaren,HARD -> MEDIUM,HARD,MEDIUM,36,21,7022.411829574271,1340.1862246493702
NOR,McLaren,HARD -> MEDIUM,HARD,MEDIUM,37,21,7039.339699432645,1357.114094507744
NOR,McLaren,HARD -> MEDIUM,HARD,MEDIUM,38,21,7054.62357280102,1372.3979678761189
NOR,McLaren,HARD -> MEDIUM,HARD,MEDIUM,39,21,7068.263449679396,1386.0378447544954
NOR,McLaren,HARD -> MEDIUM,HARD,MEDIUM,40,21,7080.259330067772,1398.033725142871
NOR,McLaren,HARD -> MEDIUM,HARD,MEDIUM,41,21,7090.611213966149,1408.3856090412482
NOR,McLaren,HARD -> MEDIUM,HARD,MEDIUM,42,21,7099.319101374525,1417.0934964496246
NOR,McLaren,HARD -> MEDIUM,HARD,MEDIUM,43,21,7106.3829922929035,1424.1573873680027
NOR,McLaren,HARD -> MEDIUM,HARD,MEDIUM,44,21,7111.802886721281,1429.5772817963798
NOR,McLaren,HARD -> MEDIUM,HARD,MEDIUM,45,21,7115.5787846596595,1433.3531797347587
NOR,McLaren,HARD -> MEDIUM,HARD,MEDIUM,46,21,7117.710686108039,1435.4850811831384
NOR,McLaren,HARD -> MEDIUM,HARD,MEDIUM,47,21,7118.198591066418,1435.9729861415171
NOR,McLaren,HARD -> SOFT,HARD,SOFT,5,21,6643.180546397455,0
NOR,McLaren,HARD -> SOFT,HARD,SOFT,6,21,6691.347576943622,48.16703054616664
NOR,McLaren,HARD -> SOFT,HARD,SOFT,7,21,6737.839257986034,94.65871158857863
NOR,McLaren,HARD -> SOFT,HARD,SOFT,8,21,6782.655589524691,139.47504312723595
NOR,McLaren,HARD -> SOFT,HARD,SOFT,9,21,6825.796571559593,182.6160251621377
NOR,McLaren,HARD -> SOFT,HARD,SOFT,10,21,6867.262204090741,224.0816576932857
NOR,McLaren,HARD -> SOFT,HARD,SOFT,11,21,6907.052487118133,263.87194072067814
NOR,McLaren,HARD -> SOFT,HARD,SOFT,12,21,6945.167420641773,301.98687424431773
NOR,McLaren,HARD -> SOFT,HARD,SOFT,13,21,6981.607004661655,338.42645826419994
NOR,McLaren,HARD -> SOFT,HARD,SOFT,14,21,7016.371239177783,373.1906927803275
NOR,McLaren,HARD -> SOFT,HARD,SOFT,15,21,7049.460124190156,406.2795777927013
NOR,McLaren,HARD -> SOFT,HARD,SOFT,16,21,7080.8736596987765,437.6931133013213
NOR,McLaren,HARD -> SOFT,HARD,SOFT,17,21,7110.61184570364,467.4312993061849
NOR,McLaren,HARD -> SOFT,HARD,SOFT,18,21,7138.674682204748,495.4941358072929
NOR,McLaren,HARD -> SOFT,HARD,SOFT,19,21,7165.062169202103,521.881622804648
NOR,McLaren,HARD -> SOFT,HARD,SOFT,20,21,7189.774306695703,546.5937602982476
NOR,McLaren,HARD -> SOFT,HARD,SOFT,21,21,7212.811094685547,569.6305482880916
NOR,McLaren,HARD -> SOFT,HARD,SOFT,22,21,7234.172533171637,590.9919867741819
NOR,McLaren,HARD -> SOFT,HARD,SOFT,23,21,7253.858622153972,610.6780757565166
NOR,McLaren,HARD -> SOFT,HARD,SOFT,24,21,7271.869361632552,628.6888152350966
NOR,McLaren,HARD -> SOFT,HARD,SOFT,25,21,7288.204751607377,645.024205209922
NOR,McLaren,HARD -> SOFT,HARD,SOFT,26,21,7302.864792078446,659.6842456809909
NOR,McLaren,HARD -> SOFT,HARD,SOFT,27,21,7315.849483045762,672.668936648307
NOR,McLaren,HARD -> SOFT,HARD,SOFT,28,21,7327.158824509323,683.9782781118674
NOR,McLaren,HARD -> SOFT,HARD,SOFT,29,21,7336.792816469128,693.6122700716733
NOR,McLaren,HARD -> SOFT,HARD,SOFT,30,21,7344.751458925179,701.5709125277235
NOR,McLaren,HARD -> SOFT,HARD,SOFT,31,21,7351.034751877475,707.85420548002
NOR,McLaren,HARD -> SOFT,HARD,SOFT,32,21,7355.642695326016,712.462148928561
NOR,McLaren,HARD -> SOFT,HARD,SOFT,33,21,7358.575289270802,715.3947428733472
NOR,McLaren,HARD -> SOFT,HARD,SOFT,34,21,7359.832533711834,716.6519873143789
NOR,McLaren,HARD -> SOFT,HARD,SOFT,35,21,7359.41442864911,716.2338822516549
NOR,McLaren,HARD -> SOFT,HARD,SOFT,36,21,7357.320974082631,714.1404276851763
NOR,McLaren,HARD -> SOFT,HARD,SOFT,37,21,7353.552170012398,710.371623614943
NOR,McLaren,HARD -> SOFT,HARD,SOFT,38,21,7348.108016438411,704.927470040956
NOR,McLaren,HARD -> SOFT,HARD,SOFT,39,21,7340.988513360668,697.8079669632125
NOR,McLaren,HARD -> SOFT,HARD,SOFT,40,21,7332.19366077917,689.0131143817152
NOR,McLaren,HARD -> SOFT,HARD,SOFT,41,21,7321.7234586939185,678.5429122964633
NOR,McLaren,HARD -> SOFT,HARD,SOFT,42,21,7309.577907104911,666.3973607074558
NOR,McLaren,HARD -> SOFT,HARD,SOFT,43,21,7295.757006012149,652.5764596146937
NOR,McLaren,HARD -> SOFT,HARD,SOFT,44,21,7280.260755415632,637.0802090181769
NOR,McLaren,HARD -> SOFT,HARD,SOFT,45,21,7263.089155315361,619.9086089179054
NOR,McLaren,HARD -> SOFT,HARD,SOFT,46,21,7244.2422057113345,601.0616593138793
NOR,McLaren,HARD -> SOFT,HARD,SOFT,47,21,7223.719906603552,580.5393602060967
NOR,McLaren,MEDIUM -> HARD,MEDIUM,HARD,5,21,6718.134421912878,1438.0255181189832
NOR,McLaren,MEDIUM -> HARD,MEDIUM,HARD,6,21,6647.848087442604,1367.7391836487095
NOR,McLaren,MEDIUM -> HARD,MEDIUM,HARD,7,21,6579.322557921935,1299.2136541280406
NOR,McLaren,MEDIUM -> HARD,MEDIUM,HARD,8,21,6512.557833350871,1232.4489295569765
NOR,McLaren,MEDIUM -> HARD,MEDIUM,HARD,9,21,6447.553913729413,1167.445009935518
NOR,McLaren,MEDIUM -> HARD,MEDIUM,HARD,10,21,6384.310799057559,1104.2018952636645
NOR,McLaren,MEDIUM -> HARD,MEDIUM,HARD,11,21,6322.828489335311,1042.7195855414166
NOR,McLaren,MEDIUM -> HARD,MEDIUM,HARD,12,21,6263.106984562669,982.9980807687743
NOR,McLaren,MEDIUM -> HARD,MEDIUM,HARD,13,21,6205.146284739631,925.037380945736
NOR,McLaren,MEDIUM -> HARD,MEDIUM,HARD,14,21,6148.946389866196,868.8374860723015
NOR,McLaren,MEDIUM -> HARD,MEDIUM,HARD,15,21,6094.507299942369,814.3983961484746
NOR,McLaren,MEDIUM -> HARD,MEDIUM,HARD,16,21,6041.829014968146,761.7201111742515
NOR,McLaren,MEDIUM -> HARD,MEDIUM,HARD,17,21,5990.911534943528,710.8026311496333
NOR,McLaren,MEDIUM -> HARD,MEDIUM,HARD,18,21,5941.754859868514,661.6459560746198
NOR,McLaren,MEDIUM -> HARD,MEDIUM,HARD,19,21,5894.358989743107,614.250085949212
NOR,McLaren,MEDIUM -> HARD,MEDIUM,HARD,20,21,5848.723924567305,568.6150207734108
NOR,McLaren,MEDIUM -> HARD,MEDIUM,HARD,21,21,5804.849664341107,524.7407605472126
NOR,McLaren,MEDIUM -> HARD,MEDIUM,HARD,22,21,5762.736209064516,482.62730527062104
NOR,McLaren,MEDIUM -> HARD,MEDIUM,HARD,23,21,5722.383558737529,442.27465494363423
NOR,McLaren,MEDIUM -> HARD,MEDIUM,HARD,24,21,5683.791713360146,403.6828095662513
NOR,McLaren,MEDIUM -> HARD,MEDIUM,HARD,25,21,5646.960672932369,366.8517691384741
NOR,McLaren,MEDIUM -> HARD,MEDIUM,HARD,26,21,5611.890437454196,331.78153366030165
NOR,McLaren,MEDIUM -> HARD,MEDIUM,HARD,27,21,5578.5810069256295,298.4721031317349
NOR,McLaren,MEDIUM -> HARD,MEDIUM,HARD,28,21,5547.0323813466675,266.92347755277297
NOR,McLaren,MEDIUM -> HARD,MEDIUM,HARD,29,21,5517.24456071731,237.1356569234158
NOR,McLaren,MEDIUM -> HARD,MEDIUM,HARD,30,21,5489.217545037559,209.10864124366435
NOR,McLaren,MEDIUM -> HARD,MEDIUM,HARD,31,21,5462.951334307413,182.8424305135186
NOR,McLaren,MEDIUM -> HARD,MEDIUM,HARD,32,21,5438.445928526871,158.33702473297672
NOR,McLaren,MEDIUM -> HARD,MEDIUM,HARD,33,21,5415.701327695935,135.59242390204054
NOR,McLaren,MEDIUM -> HARD,MEDIUM,HARD,34,21,5394.717531814603,114.60862802070824
NOR,McLaren,MEDIUM -> HARD,MEDIUM,HARD,35,21,5375.494540882877,95.38563708898255
NOR,McLaren,MEDIUM -> HARD,MEDIUM,HARD,36,21,5358.032354900756,77.92345110686165
NOR,McLaren,MEDIUM -> HARD,MEDIUM,HARD,37,21,5342.33097386824,62.22207007434554
NOR,McLaren,MEDIUM -> HARD,MEDIUM,HARD,38,21,5328.390397785329,48.28149399143422
NOR,McLaren,MEDIUM -> HARD,MEDIUM,HARD,39,21,5316.210626652023,36.101722858128596
NOR,McLaren,MEDIUM -> HARD,MEDIUM,HARD,40,21,5305.791660468322,25.682756674427765
NOR,McLaren,MEDIUM -> HARD,MEDIUM,HARD,41,21,5297.133499234226,17.024595440331723
NOR,McLaren,MEDIUM -> HARD,MEDIUM,HARD,42,21,5290.236142949736,10.12723915584138
NOR,McLaren,MEDIUM -> HARD,MEDIUM,HARD,43,21,5285.09959161485,4.990687820955827
NOR,McLaren,MEDIUM -> HARD,MEDIUM,HARD,44,21,5281.7238452295705,1.6149414356759735
NOR,McLaren,MEDIUM -> HARD,MEDIUM,HARD,45,21,5280.108903793895,0
NOR,McLaren,MEDIUM -> HARD,MEDIUM,HARD,46,21,5280.254767307824,0.14586351392972574
NOR,McLaren,MEDIUM -> HARD,MEDIUM,HARD,47,21,5282.161435771359,2.052531977464241
NOR,McLaren,MEDIUM -> SOFT,MEDIUM,SOFT,5,21,6265.33679980201,855.4336259354213
NOR,McLaren,MEDIUM -> SOFT,MEDIUM,SOFT,6,21,6243.217495877903,833.3143220113143
NOR,McLaren,MEDIUM -> SOFT,MEDIUM,SOFT,7,21,6221.183647399646,811.2804735330574
NOR,McLaren,MEDIUM -> SOFT,MEDIUM,SOFT,8,21,6199.23525436724,789.3320805006506
NOR,McLaren,MEDIUM -> SOFT,MEDIUM,SOFT,9,21,6177.372316780683,767.4691429140939
NOR,McLaren,MEDIUM -> SOFT,MEDIUM,SOFT,10,21,6155.594834639977,745.6916607733883
NOR,McLaren,MEDIUM -> SOFT,MEDIUM,SOFT,11,21,6133.902807945122,723.9996340785328
NOR,McLaren,MEDIUM -> SOFT,MEDIUM,SOFT,12,21,6112.296236696118,702.3930628295293
NOR,McLaren,MEDIUM -> SOFT,MEDIUM,SOFT,13,21,6090.775120892962,680.8719470263732
NOR,McLaren,MEDIUM -> SOFT,MEDIUM,SOFT,14,21,6069.339460535657,659.4362866690681
NOR,McLaren,MEDIUM -> SOFT,MEDIUM,SOFT,15,21,6047.989255624203,638.086081757614
NOR,McLaren,MEDIUM -> SOFT,MEDIUM,SOFT,16,21,6026.7245061586,616.821332292011
NOR,McLaren,MEDIUM -> SOFT,MEDIUM,SOFT,17,21,6005.545212138845,595.6420382722563
NOR,McLaren,MEDIUM -> SOFT,MEDIUM,SOFT,18,21,5984.451373564941,574.5481996983517
NOR,McLaren,MEDIUM -> SOFT,MEDIUM,SOFT,19,21,5963.442990436888,553.5398165702991
NOR,McLaren,MEDIUM -> SOFT,MEDIUM,SOFT,20,21,5942.520062754685,532.6168888880957
NOR,McLaren,MEDIUM -> SOFT,MEDIUM,SOFT,21,21,5921.682590518331,511.7794166517424
NOR,McLaren,MEDIUM -> SOFT,MEDIUM,SOFT,22,21,5900.93057372783,491.02739986124107
NOR,McLaren,MEDIUM -> SOFT,MEDIUM,SOFT,23,21,5880.264012383177,470.36083851658805
NOR,McLaren,MEDIUM -> SOFT,MEDIUM,SOFT,24,21,5859.682906484375,449.77973261778607
NOR,McLaren,MEDIUM -> SOFT,MEDIUM,SOFT,25,21,5839.187256031423,429.2840821648342
NOR,McLaren,MEDIUM -> SOFT,MEDIUM,SOFT,26,21,5818.777061024321,408.8738871577316
NOR,McLaren,MEDIUM -> SOFT,MEDIUM,SOFT,27,21,5798.45232146307,388.5491475964809
NOR,McLaren,MEDIUM -> SOFT,MEDIUM,SOFT,28,21,5778.213037347668,368.30986348107945
NOR,McLaren,MEDIUM -> SOFT,MEDIUM,SOFT,29,21,5758.059208678117,348.1560348115281
NOR,McLaren,MEDIUM -> SOFT,MEDIUM,SOFT,30,21,5737.990835454415,328.087661587826
NOR,McLaren,MEDIUM -> SOFT,MEDIUM,SOFT,31,21,5718.007917676565,308.10474380997584
NOR,McLaren,MEDIUM -> SOFT,MEDIUM,SOFT,32,21,5698.110455344565,288.2072814779758
NOR,McLaren,MEDIUM -> SOFT,MEDIUM,SOFT,33,21,5678.298448458415,268.3952745918259
NOR,McLaren,MEDIUM -> SOFT,MEDIUM,SOFT,34,21,5658.571897018115,248.66872315152614
NOR,McLaren,MEDIUM -> SOFT,MEDIUM,SOFT,35,21,5638.930801023665,229.02762715707559
NOR,McLaren,MEDIUM -> SOFT,MEDIUM,SOFT,36,21,5619.375160475065,209.47198660847607
NOR,McLaren,MEDIUM -> SOFT,MEDIUM,SOFT,37,21,5599.904975372317,190.0018015057276
NOR,McLaren,MEDIUM -> SOFT,MEDIUM,SOFT,38,21,5580.520245715417,170.61707184882835
NOR,McLaren,MEDIUM -> SOFT,MEDIUM,SOFT,39,21,5561.220971504368,151.31779763777922
NOR,McLaren,MEDIUM -> SOFT,MEDIUM,SOFT,40,21,5542.00715273917,132.10397887258114
NOR,McLaren,MEDIUM -> SOFT,MEDIUM,SOFT,41,21,5522.878789419822,112.97561555323318
NOR,McLaren,MEDIUM -> SOFT,MEDIUM,SOFT,42,21,5503.835881546324,93.93270767973536
NOR,McLaren,MEDIUM -> SOFT,MEDIUM,SOFT,43,21,5484.878429118677,74.97525525208766
NOR,McLaren,MEDIUM -> SOFT,MEDIUM,SOFT,44,21,5466.00643213688,56.10325827029101
NOR,McLaren,MEDIUM -> SOFT,MEDIUM,SOFT,45,21,5447.219890600933,37.31671673434357
NOR,McLaren,MEDIUM -> SOFT,MEDIUM,SOFT,46,21,5428.518804510835,18.615630644246266
NOR,McLaren,MEDIUM -> SOFT,MEDIUM,SOFT,47,21,5409.903173866589,0
NOR,McLaren,SOFT -> HARD,SOFT,HARD,5,21,6830.012773221165,716.6519873143789
NOR,McLaren,SOFT -> HARD,SOFT,HARD,6,21,6781.845742674998,668.4849567682122
NOR,McLaren,SOFT -> HARD,SOFT,HARD,7,21,6735.354061632586,621.9932757258002
NOR,McLaren,SOFT -> HARD,SOFT,HARD,8,21,6690.537730093928,577.176944187142
NOR,McLaren,SOFT -> HARD,SOFT,HARD,9,21,6647.396748059025,534.0359621522393
NOR,McLaren,SOFT -> HARD,SOFT,HARD,10,21,6605.931115527878,492.57032962109224
NOR,McLaren,SOFT -> HARD,SOFT,HARD,11,21,6566.140832500486,452.7800465936998
NOR,McLaren,SOFT -> HARD,SOFT,HARD,12,21,6528.025898976848,414.66511307006203
NOR,McLaren,SOFT -> HARD,SOFT,HARD,13,21,6491.586314956965,378.2255290501789
NOR,McLaren,SOFT -> HARD,SOFT,HARD,14,21,6456.822080440836,343.46129453404956
NOR,McLaren,SOFT -> HARD,SOFT,HARD,15,21,6423.733195428463,310.3724095216767
NOR,McLaren,SOFT -> HARD,SOFT,HARD,16,21,6392.319659919844,278.95887401305754
NOR,McLaren,SOFT -> HARD,SOFT,HARD,17,21,6362.58147391498,249.22068800819397
NOR,McLaren,SOFT -> HARD,SOFT,HARD,18,21,6334.51863741387,221.15785150708416
NOR,McLaren,SOFT -> HARD,SOFT,HARD,19,21,6308.131150416517,194.77036450973083
NOR,McLaren,SOFT -> HARD,SOFT,HARD,20,21,6283.419012922917,170.05822701613124
NOR,McLaren,SOFT -> HARD,SOFT,HARD,21,21,6260.382224933073,147.02143902628723
NOR,McLaren,SOFT -> HARD,SOFT,HARD,22,21,6239.020786446983,125.66000054019696
NOR,McLaren,SOFT -> HARD,SOFT,HARD,23,21,6219.334697464649,105.97391155786318
NOR,McLaren,SOFT -> HARD,SOFT,HARD,24,21,6201.323957986069,87.96317207928314
NOR,McLaren,SOFT -> HARD,SOFT,HARD,25,21,6184.988568011244,71.62778210445776
NOR,McLaren,SOFT -> HARD,SOFT,HARD,26,21,6170.328527540173,56.96774163338705
NOR,McLaren,SOFT -> HARD,SOFT,HARD,27,21,6157.343836572858,43.983050666071904
NOR,McLaren,SOFT -> HARD,SOFT,HARD,28,21,6146.0344951092975,32.67370920251142
NOR,McLaren,SOFT -> HARD,SOFT,HARD,29,21,6136.400503149491,23.039717242704683
NOR,McLaren,SOFT -> HARD,SOFT,HARD,30,21,6128.4418606934405,15.081074786654426
NOR,McLaren,SOFT -> HARD,SOFT,HARD,31,21,6122.158567741146,8.79778183435974
NOR,McLaren,SOFT -> HARD,SOFT,HARD,32,21,6117.550624292604,4.189838385817893
NOR,McLaren,SOFT -> HARD,SOFT,HARD,33,21,6114.618030347818,1.2572444410316166
NOR,McLaren,SOFT -> HARD,SOFT,HARD,34,21,6113.360785906786,0
NOR,McLaren,SOFT -> HARD,SOFT,HARD,35,21,6113.77889096951,0.41810506272395287
NOR,McLaren,SOFT -> HARD,SOFT,HARD,36,21,6115.872345535989,2.5115596292025657
NOR,McLaren,SOFT -> HARD,SOFT,HARD,37,21,6119.641149606222,6.2803636994358385
NOR,McLaren,SOFT -> HARD,SOFT,HARD,38,21,6125.08530318021,11.724517273423771
NOR,McLaren,SOFT -> HARD,SOFT,HARD,39,21,6132.204806257952,18.844020351166364
NOR,McLaren,SOFT -> HARD,SOFT,HARD,40,21,6140.99965883945,27.638872932663617
NOR,McLaren,SOFT -> HARD,SOFT,HARD,41,21,6151.4698609247025,38.10907501791644
NOR,McLaren,SOFT -> HARD,SOFT,HARD,42,21,6163.61541251371,50.25462660692392
NOR,McLaren,SOFT -> HARD,SOFT,HARD,43,21,6177.436313606472,64.07552769968606
NOR,McLaren,SOFT -> HARD,SOFT,HARD,44,21,6192.932564202989,79.57177829620287
NOR,McLaren,SOFT -> HARD,SOFT,HARD,45,21,6210.10416430326,96.74337839647433
NOR,McLaren,SOFT -> HARD,SOFT,HARD,46,21,6228.9511139072865,115.59032800050045
NOR,McLaren,SOFT -> HARD,SOFT,HARD,47,21,6249.473413015068,136.11262710828214
NOR,McLaren,SOFT -> MEDIUM,SOFT,MEDIUM,5,21,5416.260209637743,0
NOR,McLaren,SOFT -> MEDIUM,SOFT,MEDIUM,6,21,5435.984940139934,19.72473050219105
NOR,McLaren,SOFT -> MEDIUM,SOFT,MEDIUM,7,21,5455.741023655882,39.48081401813852
NOR,McLaren,SOFT -> MEDIUM,SOFT,MEDIUM,8,21,5475.528460185586,59.2682505478424
NOR,McLaren,SOFT -> MEDIUM,SOFT,MEDIUM,9,21,5495.347249729044,79.08704009130088
NOR,McLaren,SOFT -> MEDIUM,SOFT,MEDIUM,10,21,5515.197392286257,98.93718264851395
NOR,McLaren,SOFT -> MEDIUM,SOFT,MEDIUM,11,21,5535.078887857227,118.81867821948344
NOR,McLaren,SOFT -> MEDIUM,SOFT,MEDIUM,12,21,5554.991736441951,138.73152680420753
NOR,McLaren,SOFT -> MEDIUM,SOFT,MEDIUM,13,21,5574.935938040431,158.67572840268804
NOR,McLaren,SOFT -> MEDIUM,SOFT,MEDIUM,14,21,5594.911492652667,178.65128301492405
NOR,McLaren,SOFT -> MEDIUM,SOFT,MEDIUM,15,21,5614.918400278657,198.65819064091374
NOR,McLaren,SOFT -> MEDIUM,SOFT,MEDIUM,16,21,5634.956660918402,218.69645128065895
NOR,McLaren,SOFT -> MEDIUM,SOFT,MEDIUM,17,21,5655.026274571904,238.76606493416057
NOR,McLaren,SOFT -> MEDIUM,SOFT,MEDIUM,18,21,5675.127241239159,258.8670316014159
NOR,McLaren,SOFT -> MEDIUM,SOFT,MEDIUM,19,21,5695.259560920171,278.9993512824276
NOR,McLaren,SOFT -> MEDIUM,SOFT,MEDIUM,20,21,5715.423233614938,299.1630239771948
NOR,McLaren,SOFT -> MEDIUM,SOFT,MEDIUM,21,21,5735.618259323461,319.35804968571756
NOR,McLaren,SOFT -> MEDIUM,SOFT,MEDIUM,22,21,5755.844638045737,339.584428407994
NOR,McLaren,SOFT -> MEDIUM,SOFT,MEDIUM,23,21,5776.102369781771,359.84216014402773
NOR,McLaren,SOFT -> MEDIUM,SOFT,MEDIUM,24,21,5796.391454531559,380.1312448938161
NOR,McLaren,SOFT -> MEDIUM,SOFT,MEDIUM,25,21,5816.711892295103,400.4516826573599
NOR,McLaren,SOFT -> MEDIUM,SOFT,MEDIUM,26,21,5837.0636830724025,420.8034734346593
NOR,McLaren,SOFT -> MEDIUM,SOFT,MEDIUM,27,21,5857.446826863456,441.18661722571323
NOR,McLaren,SOFT -> MEDIUM,SOFT,MEDIUM,28,21,5877.861323668267,461.6011140305236
NOR,McLaren,SOFT -> MEDIUM,SOFT,MEDIUM,29,21,5898.307173486832,482.04696384908857
NOR,McLaren,SOFT -> MEDIUM,SOFT,MEDIUM,30,21,5918.784376319152,502.52416668140904
NOR,McLaren,SOFT -> MEDIUM,SOFT,MEDIUM,31,21,5939.292932165227,523.0327225274841
NOR,McLaren,SOFT -> MEDIUM,SOFT,MEDIUM,32,21,5959.832841025059,543.5726313873156
NOR,McLaren,SOFT -> MEDIUM,SOFT,MEDIUM,33,21,5980.404102898645,564.1438932609017
NOR,McLaren,SOFT -> MEDIUM,SOFT,MEDIUM,34,21,6001.006717785986,584.7465081482433
NOR,McLaren,SOFT -> MEDIUM,SOFT,MEDIUM,35,21,6021.640685687084,605.3804760493413
NOR,McLaren,SOFT -> MEDIUM,SOFT,MEDIUM,36,21,6042.306006601937,626.0457969641939
NOR,McLaren,SOFT -> MEDIUM,SOFT,MEDIUM,37,21,6063.002680530544,646.7424708928011
NOR,McLaren,SOFT -> MEDIUM,SOFT,MEDIUM,38,21,6083.730707472907,667.4704978351638
NOR,McLaren,SOFT -> MEDIUM,SOFT,MEDIUM,39,21,6104.490087429025,688.229877791282
NOR,McLaren,SOFT -> MEDIUM,SOFT,MEDIUM,40,21,6125.2808203989,709.0206107611566
NOR,McLaren,SOFT -> MEDIUM,SOFT,MEDIUM,41,21,6146.102906382528,729.8426967447849
NOR,McLaren,SOFT -> MEDIUM,SOFT,MEDIUM,42,21,6166.956345379913,750.6961357421696
NOR,McLaren,SOFT -> MEDIUM,SOFT,MEDIUM,43,21,6187.841137391053,771.5809277533099
NOR,McLaren,SOFT -> MEDIUM,SOFT,MEDIUM,44,21,6208.757282415947,792.4970727782038
NOR,McLaren,SOFT -> MEDIUM,SOFT,MEDIUM,45,21,6229.704780454597,813.4445708168541
NOR,McLaren,SOFT -> MEDIUM,SOFT,MEDIUM,46,21,6250.683631507003,834.42342186926
NOR,McLaren,SOFT -> MEDIUM,SOFT,MEDIUM,47,21,6271.693835573164,855.4336259354204
OCO,Alpine,HARD -> MEDIUM,HARD,MEDIUM,5,21,5390.072447105289,0
OCO,Alpine,HARD -> MEDIUM,HARD,MEDIUM,6,21,5395.814763820134,5.742316714845401
OCO,Alpine,HARD -> MEDIUM,HARD,MEDIUM,7,21,5401.537542683626,11.465095578337241
OCO,Alpine,HARD -> MEDIUM,HARD,MEDIUM,8,21,5407.240783695765,17.16833659047552
OCO,Alpine,HARD -> MEDIUM,HARD,MEDIUM,9,21,5412.924486856549,22.852039751260236
OCO,Alpine,HARD -> MEDIUM,HARD,MEDIUM,10,21,5418.588652165981,28.5162050606923
OCO,Alpine,HARD -> MEDIUM,HARD,MEDIUM,11,21,5424.233279624061,34.16083251877171
OCO,Alpine,HARD -> MEDIUM,HARD,MEDIUM,12,21,5429.8583692307875,39.78592212549847
OCO,Alpine,HARD -> MEDIUM,HARD,MEDIUM,13,21,5435.46392098616,45.39147388087076
OCO,Alpine,HARD -> MEDIUM,HARD,MEDIUM,14,21,5441.04993489018,50.97748778489131
OCO,Alpine,HARD -> MEDIUM,HARD,MEDIUM,15,21,5446.616410942847,56.543963837558294
OCO,Alpine,HARD -> MEDIUM,HARD,MEDIUM,16,21,5452.163349144161,62.09090203887172
OCO,Alpine,HARD -> MEDIUM,HARD,MEDIUM,17,21,5457.690749494122,67.6183023888334
OCO,Alpine,HARD -> MEDIUM,HARD,MEDIUM,18,21,5463.19861199273,73.12616488744061
OCO,Alpine,HARD -> MEDIUM,HARD,MEDIUM,19,21,5468.686936639984,78.61448953469517
OCO,Alpine,HARD -> MEDIUM,HARD,MEDIUM,20,21,5474.155723435886,84.08327633059707
OCO,Alpine,HARD -> MEDIUM,HARD,MEDIUM,21,21,5479.6049723804335,89.53252527514451
OCO,Alpine,HARD -> MEDIUM,HARD,MEDIUM,22,21,5485.03468347363,94.96223636834111
OCO,Alpine,HARD -> MEDIUM,HARD,MEDIUM,23,21,5490.444856715472,100.37240961018324
OCO,Alpine,HARD -> MEDIUM,HARD,MEDIUM,24,21,5495.835492105961,105.76304500067181
OCO,Alpine,HARD -> MEDIUM,HARD,MEDIUM,25,21,5501.206589645098,111.13414253980864
OCO,Alpine,HARD -> MEDIUM,HARD,MEDIUM,26,21,5506.558149332879,116.48570222759008
OCO,Alpine,HARD -> MEDIUM,HARD,MEDIUM,27,21,5511.890171169311,121.8177240640216
OCO,Alpine,HARD -> MEDIUM,HARD,MEDIUM,28,21,5517.202655154386,127.13020804909684
OCO,Alpine,HARD -> MEDIUM,HARD,MEDIUM,29,21,5522.49560128811,132.42315418282124
OCO,Alpine,HARD -> MEDIUM,HARD,MEDIUM,30,21,5527.769009570481,137.69656246519207
OCO,Alpine,HARD -> MEDIUM,HARD,MEDIUM,31,21,5533.022880001499,142.95043289621026
OCO,Alpine,HARD -> MEDIUM,HARD,MEDIUM,32,21,5538.257212581164,148.18476547587488
OCO,Alpine,HARD -> MEDIUM,HARD,MEDIUM,33,21,5543.472007309474,153.39956020418504
OCO,Alpine,HARD -> MEDIUM,HARD,MEDIUM,34,21,5548.667264186433,158.59481708114436
OCO,Alpine,HARD -> MEDIUM,HARD,MEDIUM,35,21,5553.842983212039,163.77053610675011
OCO,Alpine,HARD -> MEDIUM,HARD,MEDIUM,36,21,5558.999164386291,168.9267172810023
OCO,Alpine,HARD -> MEDIUM,HARD,MEDIUM,37,21,5564.13580770919,174.06336060390095
OCO,Alpine,HARD -> MEDIUM,HARD,MEDIUM,38,21,5569.252913180737,179.18046607544784
OCO,Alpine,HARD -> MEDIUM,HARD,MEDIUM,39,21,5574.350480800929,184.27803369564026
OCO,Alpine,HARD -> MEDIUM,HARD,MEDIUM,40,21,5579.42851056977,189.35606346448094
OCO,Alpine,HARD -> MEDIUM,HARD,MEDIUM,41,21,5584.487002487257,194.41455538196806
OCO,Alpine,HARD -> MEDIUM,HARD,MEDIUM,42,21,5589.525956553391,199.4535094481016
OCO,Alpine,HARD -> MEDIUM,HARD,MEDIUM,43,21,5594.545372768172,204.47292566288252
OCO,Alpine,HARD -> MEDIUM,HARD,MEDIUM,44,21,5599.5452511316,209.47280402631077
OCO,Alpine,HARD -> MEDIUM,HARD,MEDIUM,45,21,5604.525591643674,214.45314453838455
OCO,Alpine,HARD -> MEDIUM,HARD,MEDIUM,46,21,5609.486394304396,219.4139471991066
OCO,Alpine,HARD -> MEDIUM,HARD,MEDIUM,47,21,5614.427659113764,224.35521200847506
OCO,Alpine,HARD -> SOFT,HARD,SOFT,5,21,7616.4411058632295,1655.6575053715578
OCO,Alpine,HARD -> SOFT,HARD,SOFT,6,21,7598.801389691098,1638.0177891994263
OCO,Alpine,HARD -> SOFT,HARD,SOFT,7,21,7580.099200317872,1619.3155998262
OCO,Alpine,HARD -> SOFT,HARD,SOFT,8,21,7560.334537743551,1599.550937251879
OCO,Alpine,HARD -> SOFT,HARD,SOFT,9,21,7539.507401968136,1578.7238014764644
OCO,Alpine,HARD -> SOFT,HARD,SOFT,10,21,7517.617792991628,1556.8341924999568
OCO,Alpine,HARD -> SOFT,HARD,SOFT,11,21,7494.665710814028,1533.8821103223563
OCO,Alpine,HARD -> SOFT,HARD,SOFT,12,21,7470.65115543533,1509.8675549436584
OCO,Alpine,HARD -> SOFT,HARD,SOFT,13,21,7445.574126855541,1484.7905263638695
OCO,Alpine,HARD -> SOFT,HARD,SOFT,14,21,7419.434625074655,1458.6510245829832
OCO,Alpine,HARD -> SOFT,HARD,SOFT,15,21,7392.232650092677,1431.4490496010058
OCO,Alpine,HARD -> SOFT,HARD,SOFT,16,21,7363.9682019096035,1403.1846014179318
OCO,Alpine,HARD -> SOFT,HARD,SOFT,17,21,7334.641280525439,1373.8576800337669
OCO,Alpine,HARD -> SOFT,HARD,SOFT,18,21,7304.251885940178,1343.4682854485063
OCO,Alpine,HARD -> SOFT,HARD,SOFT,19,21,7272.800018153823,1312.016417662151
OCO,Alpine,HARD -> SOFT,HARD,SOFT,20,21,7240.285677166375,1279.502076674703
OCO,Alpine,HARD -> SOFT,HARD,SOFT,21,21,7206.708862977831,1245.9252624861592
OCO,Alpine,HARD -> SOFT,HARD,SOFT,22,21,7172.069575588194,1211.2859750965226
OCO,Alpine,HARD -> SOFT,HARD,SOFT,23,21,7136.367814997462,1175.5842145057904
OCO,Alpine,HARD -> SOFT,HARD,SOFT,24,21,7099.603581205638,1138.8199807139663
OCO,Alpine,HARD -> SOFT,HARD,SOFT,25,21,7061.776874212717,1100.9932737210456
OCO,Alpine,HARD -> SOFT,HARD,SOFT,26,21,7022.887694018703,1062.1040935270312
OCO,Alpine,HARD -> SOFT,HARD,SOFT,27,21,6982.936040623595,1022.152440131923
OCO,Alpine,HARD -> SOFT,HARD,SOFT,28,21,6941.921914027393,981.138313535721
OCO,Alpine,HARD -> SOFT,HARD,SOFT,29,21,6899.845314230095,939.0617137384234
OCO,Alpine,HARD -> SOFT,HARD,SOFT,30,21,6856.706241231705,895.9226407400329
OCO,Alpine,HARD -> SOFT,HARD,SOFT,31,21,6812.504695032219,851.7210945405477
OCO,Alpine,HARD -> SOFT,HARD,SOFT,32,21,6767.240675631641,806.4570751399697
OCO,Alpine,HARD -> SOFT,HARD,SOFT,33,21,6720.914183029969,760.130582538297
OCO,Alpine,HARD -> SOFT,HARD,SOFT,34,21,6673.525217227201,712.7416167355295
OCO,Alpine,HARD -> SOFT,HARD,SOFT,35,21,6625.073778223341,664.2901777316692
OCO,Alpine,HARD -> SOFT,HARD,SOFT,36,21,6575.559866018386,614.7762655267143
OCO,Alpine,HARD -> SOFT,HARD,SOFT,37,21,6524.983480612338,564.1998801206664
OCO,Alpine,HARD -> SOFT,HARD,SOFT,38,21,6473.344622005194,512.5610215135221
OCO,Alpine,HARD -> SOFT,HARD,SOFT,39,21,6420.6432901969565,459.85968970528484
OCO,Alpine,HARD -> SOFT,HARD,SOFT,40,21,6366.8794851876255,406.0958846959538
OCO,Alpine,HARD -> SOFT,HARD,SOFT,41,21,6312.053206977201,351.26960648552904
OCO,Alpine,HARD -> SOFT,HARD,SOFT,42,21,6256.16445556568,295.38085507400865
OCO,Alpine,HARD -> SOFT,HARD,SOFT,43,21,6199.213230953067,238.4296304613954
OCO,Alpine,HARD -> SOFT,HARD,SOFT,44,21,6141.19953313936,180.41593264768835
OCO,Alpine,HARD -> SOFT,HARD,SOFT,45,21,6082.123362124557,121.33976163288571
OCO,Alpine,HARD -> SOFT,HARD,SOFT,46,21,6021.984717908662,61.2011174169902
OCO,Alpine,HARD -> SOFT,HARD,SOFT,47,21,5960.783600491672,0
OCO,Alpine,MEDIUM -> HARD,MEDIUM,HARD,5,21,5609.836264045792,224.35521200847506
OCO,Alpine,MEDIUM -> HARD,MEDIUM,HARD,6,21,5604.093947330947,218.61289529363057
OCO,Alpine,MEDIUM -> HARD,MEDIUM,HARD,7,21,5598.371168467455,212.89011643013873
OCO,Alpine,MEDIUM -> HARD,MEDIUM,HARD,8,21,5592.667927455316,207.18687541799954
OCO,Alpine,MEDIUM -> HARD,MEDIUM,HARD,9,21,5586.9842242945315,201.50317225721483
OCO,Alpine,MEDIUM -> HARD,MEDIUM,HARD,10,21,5581.3200589850985,195.83900694778185
OCO,Alpine,MEDIUM -> HARD,MEDIUM,HARD,11,21,5575.67543152702,190.19437948970335
OCO,Alpine,MEDIUM -> HARD,MEDIUM,HARD,12,21,5570.050341920294,184.5692898829775
OCO,Alpine,MEDIUM -> HARD,MEDIUM,HARD,13,21,5564.444790164921,178.9637381276043
OCO,Alpine,MEDIUM -> HARD,MEDIUM,HARD,14,21,5558.8587762609,173.37772422358375
OCO,Alpine,MEDIUM -> HARD,MEDIUM,HARD,15,21,5553.292300208234,167.81124817091768
OCO,Alpine,MEDIUM -> HARD,MEDIUM,HARD,16,21,5547.74536200692,162.26430996960335
OCO,Alpine,MEDIUM -> HARD,MEDIUM,HARD,17,21,5542.21796165696,156.73690961964348
OCO,Alpine,MEDIUM -> HARD,MEDIUM,HARD,18,21,5536.710099158352,151.22904712103536
OCO,Alpine,MEDIUM -> HARD,MEDIUM,HARD,19,21,5531.2217745110975,145.7407224737808
OCO,Alpine,MEDIUM -> HARD,MEDIUM,HARD,20,21,5525.752987715196,140.2719356778789
OCO,Alpine,MEDIUM -> HARD,MEDIUM,HARD,21,21,5520.303738770646,134.82268673332965
OCO,Alpine,MEDIUM -> HARD,MEDIUM,HARD,22,21,5514.8740276774515,129.39297564013486
OCO,Alpine,MEDIUM -> HARD,MEDIUM,HARD,23,21,5509.463854435609,123.98280239829273
OCO,Alpine,MEDIUM -> HARD,MEDIUM,HARD,24,21,5504.07321904512,118.59216700780325
OCO,Alpine,MEDIUM -> HARD,MEDIUM,HARD,25,21,5498.702121505983,113.22106946866643
OCO,Alpine,MEDIUM -> HARD,MEDIUM,HARD,26,21,5493.350561818201,107.86950978088407
OCO,Alpine,MEDIUM -> HARD,MEDIUM,HARD,27,21,5488.018539981771,102.53748794445437
OCO,Alpine,MEDIUM -> HARD,MEDIUM,HARD,28,21,5482.706055996694,97.22500395937732
OCO,Alpine,MEDIUM -> HARD,MEDIUM,HARD,29,21,5477.41310986297,91.93205782565292
OCO,Alpine,MEDIUM -> HARD,MEDIUM,HARD,30,21,5472.139701580599,86.65864954328208
OCO,Alpine,MEDIUM -> HARD,MEDIUM,HARD,31,21,5466.885831149581,81.4047791122639
OCO,Alpine,MEDIUM -> HARD,MEDIUM,HARD,32,21,5461.651498569917,76.17044653260018
OCO,Alpine,MEDIUM -> HARD,MEDIUM,HARD,33,21,5456.436703841606,70.95565180428912
OCO,Alpine,MEDIUM -> HARD,MEDIUM,HARD,34,21,5451.2414469646465,65.7603949273298
OCO,Alpine,MEDIUM -> HARD,MEDIUM,HARD,35,21,5446.065727939042,60.58467590172495
OCO,Alpine,MEDIUM -> HARD,MEDIUM,HARD,36,21,5440.909546764789,55.42849472747275
OCO,Alpine,MEDIUM -> HARD,MEDIUM,HARD,37,21,5435.77290344189,50.29185140457321
OCO,Alpine,MEDIUM -> HARD,MEDIUM,HARD,38,21,5430.655797970344,45.174745933027225
OCO,Alpine,MEDIUM -> HARD,MEDIUM,HARD,39,21,5425.558230350151,40.077178312833894
OCO,Alpine,MEDIUM -> HARD,MEDIUM,HARD,40,21,5420.480200581311,34.999148543994124
OCO,Alpine,MEDIUM -> HARD,MEDIUM,HARD,41,21,5415.421708663824,29.940656626507007
OCO,Alpine,MEDIUM -> HARD,MEDIUM,HARD,42,21,5410.38275459769,24.90170256037345
OCO,Alpine,MEDIUM -> HARD,MEDIUM,HARD,43,21,5405.363338382909,19.882286345592547
OCO,Alpine,MEDIUM -> HARD,MEDIUM,HARD,44,21,5400.363460019482,14.882407982165205
OCO,Alpine,MEDIUM -> HARD,MEDIUM,HARD,45,21,5395.383119507406,9.902067470089605
OCO,Alpine,MEDIUM -> HARD,MEDIUM,HARD,46,21,5390.422316846684,4.941264809367567
OCO,Alpine,MEDIUM -> HARD,MEDIUM,HARD,47,21,5385.481052037317,0
OCO,Alpine,MEDIUM -> SOFT,MEDIUM,SOFT,5,21,7587.436454518711,1880.0127173800329
OCO,Alpine,MEDIUM -> SOFT,MEDIUM,SOFT,6,21,7564.054421631735,1856.6306844930568
OCO,Alpine,MEDIUM -> SOFT,MEDIUM,SOFT,7,21,7539.629453395017,1832.2057162563387
OCO,Alpine,MEDIUM -> SOFT,MEDIUM,SOFT,8,21,7514.161549808557,1806.7378126698786
OCO,Alpine,MEDIUM -> SOFT,MEDIUM,SOFT,9,21,7487.650710872357,1780.2269737336792
OCO,Alpine,MEDIUM -> SOFT,MEDIUM,SOFT,10,21,7460.096936586417,1752.6731994477386
OCO,Alpine,MEDIUM -> SOFT,MEDIUM,SOFT,11,21,7431.500226950737,1724.0764898120588
OCO,Alpine,MEDIUM -> SOFT,MEDIUM,SOFT,12,21,7401.860581965313,1694.436844826635
OCO,Alpine,MEDIUM -> SOFT,MEDIUM,SOFT,13,21,7371.178001630151,1663.754264491473
OCO,Alpine,MEDIUM -> SOFT,MEDIUM,SOFT,14,21,7339.452485945245,1632.028748806567
OCO,Alpine,MEDIUM -> SOFT,MEDIUM,SOFT,15,21,7306.684034910601,1599.2602977719234
OCO,Alpine,MEDIUM -> SOFT,MEDIUM,SOFT,16,21,7272.872648526213,1565.4489113875352
OCO,Alpine,MEDIUM -> SOFT,MEDIUM,SOFT,17,21,7238.0183267920875,1530.5945896534095
OCO,Alpine,MEDIUM -> SOFT,MEDIUM,SOFT,18,21,7202.121069708219,1494.6973325695408
OCO,Alpine,MEDIUM -> SOFT,MEDIUM,SOFT,19,21,7165.18087727461,1457.7571401359319
OCO,Alpine,MEDIUM -> SOFT,MEDIUM,SOFT,20,21,7127.197749491259,1419.774012352581
OCO,Alpine,MEDIUM -> SOFT,MEDIUM,SOFT,21,21,7088.171686358168,1380.7479492194898
OCO,Alpine,MEDIUM -> SOFT,MEDIUM,SOFT,22,21,7048.1026878753355,1340.6789507366575
OCO,Alpine,MEDIUM -> SOFT,MEDIUM,SOFT,23,21,7006.990754042761,1299.5670169040832
OCO,Alpine,MEDIUM -> SOFT,MEDIUM,SOFT,24,21,6964.835884860448,1257.4121477217695
OCO,Alpine,MEDIUM -> SOFT,MEDIUM,SOFT,25,21,6921.638080328392,1214.2143431897139
OCO,Alpine,MEDIUM -> SOFT,MEDIUM,SOFT,26,21,6877.397340446594,1169.9736033079162
OCO,Alpine,MEDIUM -> SOFT,MEDIUM,SOFT,27,21,6832.113665215056,1124.6899280763782
OCO,Alpine,MEDIUM -> SOFT,MEDIUM,SOFT,28,21,6785.787054633776,1078.3633174950983
OCO,Alpine,MEDIUM -> SOFT,MEDIUM,SOFT,29,21,6738.417508702756,1030.993771564078
OCO,Alpine,MEDIUM -> SOFT,MEDIUM,SOFT,30,21,6690.005027421994,982.5812902833159
OCO,Alpine,MEDIUM -> SOFT,MEDIUM,SOFT,31,21,6640.549610791491,933.1258736528134
OCO,Alpine,MEDIUM -> SOFT,MEDIUM,SOFT,32,21,6590.051258811249,882.6275216725708
OCO,Alpine,MEDIUM -> SOFT,MEDIUM,SOFT,33,21,6538.509971481265,831.086234342587
OCO,Alpine,MEDIUM -> SOFT,MEDIUM,SOFT,34,21,6485.925748801539,778.5020116628612
OCO,Alpine,MEDIUM -> SOFT,MEDIUM,SOFT,35,21,6432.298590772074,724.874853633396
OCO,Alpine,MEDIUM -> SOFT,MEDIUM,SOFT,36,21,6377.628497392867,670.2047602541888
OCO,Alpine,MEDIUM -> SOFT,MEDIUM,SOFT,37,21,6321.9154686639185,614.4917315252405
OCO,Alpine,MEDIUM -> SOFT,MEDIUM,SOFT,38,21,6265.159504585229,557.7357674465511
OCO,Alpine,MEDIUM -> SOFT,MEDIUM,SOFT,39,21,6207.360605156799,499.93686801812055
OCO,Alpine,MEDIUM -> SOFT,MEDIUM,SOFT,40,21,6148.518770378627,441.09503323994886
OCO,Alpine,MEDIUM -> SOFT,MEDIUM,SOFT,41,21,6088.634000250715,381.21026311203696
OCO,Alpine,MEDIUM -> SOFT,MEDIUM,SOFT,42,21,6027.706294773061,320.282557634383
OCO,Alpine,MEDIUM -> SOFT,MEDIUM,SOFT,43,21,5965.735653945667,258.31191680698885
OCO,Alpine,MEDIUM -> SOFT,MEDIUM,SOFT,44,21,5902.722077768532,195.29834062985356
OCO,Alpine,MEDIUM -> SOFT,MEDIUM,SOFT,45,21,5838.665566241654,131.24182910297623
OCO,Alpine,MEDIUM -> SOFT,MEDIUM,SOFT,46,21,5773.566119365037,66.14238222635868
OCO,Alpine,MEDIUM -> SOFT,MEDIUM,SOFT,47,21,5707.423737138678,0
OCO,Alpine,SOFT -> HARD,SOFT,HARD,5,21,5711.102398234559,0
OCO,Alpine,SOFT -> HARD,SOFT,HARD,6,21,5728.742114406691,17.639716172132466
OCO,Alpine,SOFT -> HARD,SOFT,HARD,7,21,5747.444303779917,36.34190554535871
OCO,Alpine,SOFT -> HARD,SOFT,HARD,8,21,5767.208966354237,56.10656811967874
OCO,Alpine,SOFT -> HARD,SOFT,HARD,9,21,5788.036102129652,76.93370389509346
OCO,Alpine,SOFT -> HARD,SOFT,HARD,10,21,5809.92571110616,98.82331287160105
OCO,Alpine,SOFT -> HARD,SOFT,HARD,11,21,5832.877793283763,121.77539504920423
OCO,Alpine,SOFT -> HARD,SOFT,HARD,12,21,5856.89234866246,145.7899504279012
OCO,Alpine,SOFT -> HARD,SOFT,HARD,13,21,5881.969377242251,170.86697900769195
OCO,Alpine,SOFT -> HARD,SOFT,HARD,14,21,5908.108879023135,197.00648078857648
OCO,Alpine,SOFT -> HARD,SOFT,HARD,15,21,5935.310854005114,224.2084557705557
OCO,Alpine,SOFT -> HARD,SOFT,HARD,16,21,5963.5753021881865,252.4729039536278
OCO,Alpine,SOFT -> HARD,SOFT,HARD,17,21,5992.902223572355,281.7998253377964
OCO,Alpine,SOFT -> HARD,SOFT,HARD,18,21,6023.291618157615,312.18921992305604
OCO,Alpine,SOFT -> HARD,SOFT,HARD,19,21,6054.743485943971,343.6410877094122
OCO,Alpine,SOFT -> HARD,SOFT,HARD,20,21,6087.25782693142,376.15542869686124
OCO,Alpine,SOFT -> HARD,SOFT,HARD,21,21,6120.834641119964,409.73224288540496
OCO,Alpine,SOFT -> HARD,SOFT,HARD,22,21,6155.4739285096,444.37153027504155
OCO,Alpine,SOFT -> HARD,SOFT,HARD,23,21,6191.175689100333,480.07329086577465
OCO,Alpine,SOFT -> HARD,SOFT,HARD,24,21,6227.9399228921575,516.8375246575988
OCO,Alpine,SOFT -> HARD,SOFT,HARD,25,21,6265.766629885078,554.6642316505195
OCO,Alpine,SOFT -> HARD,SOFT,HARD,26,21,6304.655810079092,593.553411844533
OCO,Alpine,SOFT -> HARD,SOFT,HARD,27,21,6344.6074634742,633.5050652396412
OCO,Alpine,SOFT -> HARD,SOFT,HARD,28,21,6385.621590070401,674.5191918358423
OCO,Alpine,SOFT -> HARD,SOFT,HARD,29,21,6427.698189867699,716.5957916331399
OCO,Alpine,SOFT -> HARD,SOFT,HARD,30,21,6470.837262866087,759.7348646315286
OCO,Alpine,SOFT -> HARD,SOFT,HARD,31,21,6515.038809065572,803.9364108310137
OCO,Alpine,SOFT -> HARD,SOFT,HARD,32,21,6560.302828466151,849.2004302315927
OCO,Alpine,SOFT -> HARD,SOFT,HARD,33,21,6606.629321067823,895.5269228332645
OCO,Alpine,SOFT -> HARD,SOFT,HARD,34,21,6654.018286870591,942.9158886360319
OCO,Alpine,SOFT -> HARD,SOFT,HARD,35,21,6702.469725874451,991.3673276398922
OCO,Alpine,SOFT -> HARD,SOFT,HARD,36,21,6751.983638079406,1040.8812398448472
OCO,Alpine,SOFT -> HARD,SOFT,HARD,37,21,6802.560023485455,1091.457625250896
OCO,Alpine,SOFT -> HARD,SOFT,HARD,38,21,6854.198882092597,1143.0964838580385
OCO,Alpine,SOFT -> HARD,SOFT,HARD,39,21,6906.900213900834,1195.7978156662757
OCO,Alpine,SOFT -> HARD,SOFT,HARD,40,21,6960.664018910165,1249.5616206756067
OCO,Alpine,SOFT -> HARD,SOFT,HARD,41,21,7015.49029712059,1304.3878988860315
OCO,Alpine,SOFT -> HARD,SOFT,HARD,42,21,7071.37904853211,1360.276650297551
OCO,Alpine,SOFT -> HARD,SOFT,HARD,43,21,7128.330273144723,1417.2278749101642
OCO,Alpine,SOFT -> HARD,SOFT,HARD,44,21,7186.343970958431,1475.2415727238722
OCO,Alpine,SOFT -> HARD,SOFT,HARD,45,21,7245.420141973232,1534.317743738673
OCO,Alpine,SOFT -> HARD,SOFT,HARD,46,21,7305.558786189127,1594.4563879545685
OCO,Alpine,SOFT -> HARD,SOFT,HARD,47,21,7366.759903606117,1655.6575053715587
OCO,Alpine,SOFT -> MEDIUM,SOFT,MEDIUM,5,21,5462.333929949537,0
OCO,Alpine,SOFT -> MEDIUM,SOFT,MEDIUM,6,21,5485.715962836515,23.382032886977868
OCO,Alpine,SOFT -> MEDIUM,SOFT,MEDIUM,7,21,5510.140931073233,47.807001123695954
OCO,Alpine,SOFT -> MEDIUM,SOFT,MEDIUM,8,21,5535.608834659692,73.27490471015426
OCO,Alpine,SOFT -> MEDIUM,SOFT,MEDIUM,9,21,5562.119673595891,99.7857436463537
OCO,Alpine,SOFT -> MEDIUM,SOFT,MEDIUM,10,21,5589.673447881831,127.33951793229335
OCO,Alpine,SOFT -> MEDIUM,SOFT,MEDIUM,11,21,5618.270157517513,155.93622756797595
OCO,Alpine,SOFT -> MEDIUM,SOFT,MEDIUM,12,21,5647.909802502936,185.57587255339877
OCO,Alpine,SOFT -> MEDIUM,SOFT,MEDIUM,13,21,5678.592382838099,216.2584528885618
OCO,Alpine,SOFT -> MEDIUM,SOFT,MEDIUM,14,21,5710.317898523004,247.98396857346688
OCO,Alpine,SOFT -> MEDIUM,SOFT,MEDIUM,15,21,5743.0863495576505,280.7524196081131
OCO,Alpine,SOFT -> MEDIUM,SOFT,MEDIUM,16,21,5776.897735942037,314.5638059924995
OCO,Alpine,SOFT -> MEDIUM,SOFT,MEDIUM,17,21,5811.752057676165,349.418127726628
OCO,Alpine,SOFT -> MEDIUM,SOFT,MEDIUM,18,21,5847.649314760034,385.31538481049665
OCO,Alpine,SOFT -> MEDIUM,SOFT,MEDIUM,19,21,5884.589507193644,422.25557724410646
OCO,Alpine,SOFT -> MEDIUM,SOFT,MEDIUM,20,21,5922.572634976995,460.2387050274574
OCO,Alpine,SOFT -> MEDIUM,SOFT,MEDIUM,21,21,5961.598698110087,499.26476816054947
OCO,Alpine,SOFT -> MEDIUM,SOFT,MEDIUM,22,21,6001.66769659292,539.3337666433827
OCO,Alpine,SOFT -> MEDIUM,SOFT,MEDIUM,23,21,6042.779630425494,580.445700475957
OCO,Alpine,SOFT -> MEDIUM,SOFT,MEDIUM,24,21,6084.934499607809,622.6005696582715
OCO,Alpine,SOFT -> MEDIUM,SOFT,MEDIUM,25,21,6128.1323041398655,665.7983741903281
OCO,Alpine,SOFT -> MEDIUM,SOFT,MEDIUM,26,21,6172.373044021661,710.039114072124
OCO,Alpine,SOFT -> MEDIUM,SOFT,MEDIUM,27,21,6217.6567192532,755.3227893036628
OCO,Alpine,SOFT -> MEDIUM,SOFT,MEDIUM,28,21,6263.983329834478,801.649399884941
OCO,Alpine,SOFT -> MEDIUM,SOFT,MEDIUM,29,21,6311.3528757654985,849.0189458159612
OCO,Alpine,SOFT -> MEDIUM,SOFT,MEDIUM,30,21,6359.76535704626,897.4314270967225
OCO,Alpine,SOFT -> MEDIUM,SOFT,MEDIUM,31,21,6409.220773676762,946.8868437272249
OCO,Alpine,SOFT -> MEDIUM,SOFT,MEDIUM,32,21,6459.719125657006,997.3851957074685
OCO,Alpine,SOFT -> MEDIUM,SOFT,MEDIUM,33,21,6511.260412986989,1048.9264830374514
OCO,Alpine,SOFT -> MEDIUM,SOFT,MEDIUM,34,21,6563.844635666715,1101.5107057171772
OCO,Alpine,SOFT -> MEDIUM,SOFT,MEDIUM,35,21,6617.471793696181,1155.1378637466432
OCO,Alpine,SOFT -> MEDIUM,SOFT,MEDIUM,36,21,6672.141887075388,1209.8079571258504
OCO,Alpine,SOFT -> MEDIUM,SOFT,MEDIUM,37,21,6727.854915804335,1265.5209858547978
OCO,Alpine,SOFT -> MEDIUM,SOFT,MEDIUM,38,21,6784.610879883025,1322.2769499334872
OCO,Alpine,SOFT -> MEDIUM,SOFT,MEDIUM,39,21,6842.409779311454,1380.0758493619169
OCO,Alpine,SOFT -> MEDIUM,SOFT,MEDIUM,40,21,6901.251614089626,1438.9176841400886
OCO,Alpine,SOFT -> MEDIUM,SOFT,MEDIUM,41,21,6961.136384217538,1498.8024542680005
OCO,Alpine,SOFT -> MEDIUM,SOFT,MEDIUM,42,21,7022.064089695191,1559.7301597456535
OCO,Alpine,SOFT -> MEDIUM,SOFT,MEDIUM,43,21,7084.034730522585,1621.7008005730477
OCO,Alpine,SOFT -> MEDIUM,SOFT,MEDIUM,44,21,7147.04830669972,1684.714376750183
OCO,Alpine,SOFT -> MEDIUM,SOFT,MEDIUM,45,21,7211.104818226596,1748.7708882770585
OCO,Alpine,SOFT -> MEDIUM,SOFT,MEDIUM,46,21,7276.204265103213,1813.870335153676
OCO,Alpine,SOFT -> MEDIUM,SOFT,MEDIUM,47,21,7342.346647329571,1880.0127173800338
PER,Red Bull Racing,HARD -> MEDIUM,HARD,MEDIUM,5,21,5326.626702506498,0
PER,Red Bull Racing,HARD -> MEDIUM,HARD,MEDIUM,6,21,5333.688485721468,7.061783214970092
PER,Red Bull Racing,HARD -> MEDIUM,HARD,MEDIUM,7,21,5340.732054692016,14.105352185518313
PER,Red Bull Racing,HARD -> MEDIUM,HARD,MEDIUM,8,21,5347.757409418141,21.130706911642847
PER,Red Bull Racing,HARD -> MEDIUM,HARD,MEDIUM,9,21,5354.764549899846,28.13784739334824
PER,Red Bull Racing,HARD -> MEDIUM,HARD,MEDIUM,10,21,5361.75347613713,35.12677363063176
PER,Red Bull Racing,HARD -> MEDIUM,HARD,MEDIUM,11,21,5368.724188129991,42.0974856234925
PER,Red Bull Racing,HARD -> MEDIUM,HARD,MEDIUM,12,21,5375.676685878431,49.049983371933195
PER,Red Bull Racing,HARD -> MEDIUM,HARD,MEDIUM,13,21,5382.610969382448,55.9842668759502
PER,Red Bull Racing,HARD -> MEDIUM,HARD,MEDIUM,14,21,5389.527038642045,62.90033613554715
PER,Red Bull Racing,HARD -> MEDIUM,HARD,MEDIUM,15,21,5396.42489365722,69.79819115072223
PER,Red Bull Racing,HARD -> MEDIUM,HARD,MEDIUM,16,21,5403.304534427973,76.67783192147454
PER,Red Bull Racing,HARD -> MEDIUM,HARD,MEDIUM,17,21,5410.165960954305,83.53925844780679
PER,Red Bull Racing,HARD -> MEDIUM,HARD,MEDIUM,18,21,5417.009173236215,90.38247072971717
PER,Red Bull Racing,HARD -> MEDIUM,HARD,MEDIUM,19,21,5423.834171273704,97.20746876720568
PER,Red Bull Racing,HARD -> MEDIUM,HARD,MEDIUM,20,21,5430.640955066771,104.01425256027323
PER,Red Bull Racing,HARD -> MEDIUM,HARD,MEDIUM,21,21,5437.429524615416,110.80282210891801
PER,Red Bull Racing,HARD -> MEDIUM,HARD,MEDIUM,22,21,5444.19987991964,117.57317741314182
PER,Red Bull Racing,HARD -> MEDIUM,HARD,MEDIUM,23,21,5450.952020979443,124.32531847294467
PER,Red Bull Racing,HARD -> MEDIUM,HARD,MEDIUM,24,21,5457.685947794822,131.05924528832384
PER,Red Bull Racing,HARD -> MEDIUM,HARD,MEDIUM,25,21,5464.401660365782,137.77495785928386
PER,Red Bull Racing,HARD -> MEDIUM,HARD,MEDIUM,26,21,5471.099158692318,144.4724561858202
PER,Red Bull Racing,HARD -> MEDIUM,HARD,MEDIUM,27,21,5477.778442774435,151.15174026793647
PER,Red Bull Racing,HARD -> MEDIUM,HARD,MEDIUM,28,21,5484.439512612129,157.8128101056309
PER,Red Bull Racing,HARD -> MEDIUM,HARD,MEDIUM,29,21,5491.0823682054015,164.45566569890343
PER,Red Bull Racing,HARD -> MEDIUM,HARD,MEDIUM,30,21,5497.707009554251,171.0803070477532
PER,Red Bull Racing,HARD -> MEDIUM,HARD,MEDIUM,31,21,5504.313436658682,177.68673415218382
PER,Red Bull Racing,HARD -> MEDIUM,HARD,MEDIUM,32,21,5510.901649518689,184.27494701219075
PER,Red Bull Racing,HARD -> MEDIUM,HARD,MEDIUM,33,21,5517.471648134275,190.84494562777672
PER,Red Bull Racing,HARD -> MEDIUM,HARD,MEDIUM,34,21,5524.023432505439,197.39672999894083
PER,Red Bull Racing,HARD -> MEDIUM,HARD,MEDIUM,35,21,5530.557002632182,203.93030012568397
PER,Red Bull Racing,HARD -> MEDIUM,HARD,MEDIUM,36,21,5537.072358514504,210.44565600800615
PER,Red Bull Racing,HARD -> MEDIUM,HARD,MEDIUM,37,21,5543.569500152404,216.94279764590556
PER,Red Bull Racing,HARD -> MEDIUM,HARD,MEDIUM,38,21,5550.048427545882,223.421725039384
PER,Red Bull Racing,HARD -> MEDIUM,HARD,MEDIUM,39,21,5556.50914069494,229.88243818844148
PER,Red Bull Racing,HARD -> MEDIUM,HARD,MEDIUM,40,21,5562.951639599574,236.3249370930762
PER,Red Bull Racing,HARD -> MEDIUM,HARD,MEDIUM,41,21,5569.375924259788,242.74922175328993
PER,Red Bull Racing,HARD -> MEDIUM,HARD,MEDIUM,42,21,5575.781994675579,249.1552921690809
PER,Red Bull Racing,HARD -> MEDIUM,HARD,MEDIUM,43,21,5582.16985084695,255.5431483404518
PER,Red Bull Racing,HARD -> MEDIUM,HARD,MEDIUM,44,21,5588.539492773899,261.91279026740085
PER,Red Bull Racing,HARD -> MEDIUM,HARD,MEDIUM,45,21,5594.890920456425,268.2642179499271
PER,Red Bull Racing,HARD -> MEDIUM,HARD,MEDIUM,46,21,5601.224133894531,274.59743138803333
PER,Red Bull Racing,HARD -> MEDIUM,HARD,MEDIUM,47,21,5607.539133088215,280.91243058171676
PER,Red Bull Racing,HARD -> SOFT,HARD,SOFT,5,21,6583.4888043046285,842.3679205046265
PER,Red Bull Racing,HARD -> SOFT,HARD,SOFT,6,21,6563.7810252346635,822.6601414346615
PER,Red Bull Racing,HARD -> SOFT,HARD,SOFT,7,21,6544.056241287155,802.9353574871529
PER,Red Bull Racing,HARD -> SOFT,HARD,SOFT,8,21,6524.314452462101,783.1935686620991
PER,Red Bull Racing,HARD -> SOFT,HARD,SOFT,9,21,6504.555658759503,763.4347749595008
PER,Red Bull Racing,HARD -> SOFT,HARD,SOFT,10,21,6484.7798601793575,743.6589763793554
PER,Red Bull Racing,HARD -> SOFT,HARD,SOFT,11,21,6464.987056721669,723.8661729216674
PER,Red Bull Racing,HARD -> SOFT,HARD,SOFT,12,21,6445.177248386435,704.0563645864331
PER,Red Bull Racing,HARD -> SOFT,HARD,SOFT,13,21,6425.350435173658,684.2295513736562
PER,Red Bull Racing,HARD -> SOFT,HARD,SOFT,14,21,6405.506617083334,664.3857332833322
PER,Red Bull Racing,HARD -> SOFT,HARD,SOFT,15,21,6385.645794115466,644.5249103154638
PER,Red Bull Racing,HARD -> SOFT,HARD,SOFT,16,21,6365.767966270052,624.64708247005
PER,Red Bull Racing,HARD -> SOFT,HARD,SOFT,17,21,6345.873133547095,604.7522497470927
PER,Red Bull Racing,HARD -> SOFT,HARD,SOFT,18,21,6325.961295946593,584.840412146591
PER,Red Bull Racing,HARD -> SOFT,HARD,SOFT,19,21,6306.032453468546,564.911569668544
PER,Red Bull Racing,HARD -> SOFT,HARD,SOFT,20,21,6286.086606112954,544.9657223129516
PER,Red Bull Racing,HARD -> SOFT,HARD,SOFT,21,21,6266.123753879816,525.0028700798139
PER,Red Bull Racing,HARD -> SOFT,HARD,SOFT,22,21,6246.143896769134,505.02301296913174
PER,Red Bull Racing,HARD -> SOFT,HARD,SOFT,23,21,6226.147034780907,485.0261509809052
PER,Red Bull Racing,HARD -> SOFT,HARD,SOFT,24,21,6206.133167915135,465.0122841151333
PER,Red Bull Racing,HARD -> SOFT,HARD,SOFT,25,21,6186.102296171819,444.981412371817
PER,Red Bull Racing,HARD -> SOFT,HARD,SOFT,26,21,6166.054419550957,424.93353575095534
PER,Red Bull Racing,HARD -> SOFT,HARD,SOFT,27,21,6145.98953805255,404.86865425254837
PER,Red Bull Racing,HARD -> SOFT,HARD,SOFT,28,21,6125.9076516766,384.7867678765979
PER,Red Bull Racing,HARD -> SOFT,HARD,SOFT,29,21,6105.808760423103,364.68787662310115
PER,Red Bull Racing,HARD -> SOFT,HARD,SOFT,30,21,6085.692864292062,344.57198049206
PER,Red Bull Racing,HARD -> SOFT,HARD,SOFT,31,21,6065.559963283476,324.4390794834735
PER,Red Bull Racing,HARD -> SOFT,HARD,SOFT,32,21,6045.410057397345,304.2891735973426
PER,Red Bull Racing,HARD -> SOFT,HARD,SOFT,33,21,6025.243146633669,284.12226283366726
PER,Red Bull Racing,HARD -> SOFT,HARD,SOFT,34,21,6005.059230992449,263.9383471924466
PER,Red Bull Racing,HARD -> SOFT,HARD,SOFT,35,21,5984.858310473684,243.7374266736815
PER,Red Bull Racing,HARD -> SOFT,HARD,SOFT,36,21,5964.640385077373,223.5195012773711
PER,Red Bull Racing,HARD -> SOFT,HARD,SOFT,37,21,5944.405454803518,203.28457100351625
PER,Red Bull Racing,HARD -> SOFT,HARD,SOFT,38,21,5924.153519652119,183.03263585211698
PER,Red Bull Racing,HARD -> SOFT,HARD,SOFT,39,21,5903.884579623174,162.76369582317238
PER,Red Bull Racing,HARD -> SOFT,HARD,SOFT,40,21,5883.5986347166845,142.47775091668245
PER,Red Bull Racing,HARD -> SOFT,HARD,SOFT,41,21,5863.29568493265,122.1748011326481
PER,Red Bull Racing,HARD -> SOFT,HARD,SOFT,42,21,5842.9757302710705,101.85484647106841
PER,Red Bull Racing,HARD -> SOFT,HARD,SOFT,43,21,5822.638770731946,81.5178869319443
PER,Red Bull Racing,HARD -> SOFT,HARD,SOFT,44,21,5802.284806315278,61.16392251527577
PER,Red Bull Racing,HARD -> SOFT,HARD,SOFT,45,21,5781.913837021064,40.79295322106191
PER,Red Bull Racing,HARD -> SOFT,HARD,SOFT,46,21,5761.525862849305,20.40497904930271
PER,Red Bull Racing,HARD -> SOFT,HARD,SOFT,47,21,5741.120883800002,0
PER,Red Bull Racing,MEDIUM -> HARD,MEDIUM,HARD,5,21,5602.9477380202425,280.91243058171494
PER,Red Bull Racing,MEDIUM -> HARD,MEDIUM,HARD,6,21,5595.831686921083,273.7963794825555
PER,Red Bull Racing,MEDIUM -> HARD,MEDIUM,HARD,7,21,5588.736497280207,266.7011898416795
PER,Red Bull Racing,MEDIUM -> HARD,MEDIUM,HARD,8,21,5581.662169097616,259.6268616590887
PER,Red Bull Racing,MEDIUM -> HARD,MEDIUM,HARD,9,21,5574.60870237331,252.5733949347823
PER,Red Bull Racing,MEDIUM -> HARD,MEDIUM,HARD,10,21,5567.576097107288,245.54078966876023
PER,Red Bull Racing,MEDIUM -> HARD,MEDIUM,HARD,11,21,5560.564353299551,238.5290458610234
PER,Red Bull Racing,MEDIUM -> HARD,MEDIUM,HARD,12,21,5553.573470950099,231.53816351157184
PER,Red Bull Racing,MEDIUM -> HARD,MEDIUM,HARD,13,21,5546.60345005893,224.5681426204028
PER,Red Bull Racing,MEDIUM -> HARD,MEDIUM,HARD,14,21,5539.654290626047,217.61898318751992
PER,Red Bull Racing,MEDIUM -> HARD,MEDIUM,HARD,15,21,5532.725992651448,210.69068521292047
PER,Red Bull Racing,MEDIUM -> HARD,MEDIUM,HARD,16,21,5525.818556135134,203.78324869660628
PER,Red Bull Racing,MEDIUM -> HARD,MEDIUM,HARD,17,21,5518.931981077105,196.89667363857734
PER,Red Bull Racing,MEDIUM -> HARD,MEDIUM,HARD,18,21,5512.066267477358,190.03096003883093
PER,Red Bull Racing,MEDIUM -> HARD,MEDIUM,HARD,19,21,5505.221415335898,183.18610789737068
PER,Red Bull Racing,MEDIUM -> HARD,MEDIUM,HARD,20,21,5498.397424652722,176.36211721419477
PER,Red Bull Racing,MEDIUM -> HARD,MEDIUM,HARD,21,21,5491.59429542783,169.5589879893023
PER,Red Bull Racing,MEDIUM -> HARD,MEDIUM,HARD,22,21,5484.812027661223,162.77672022269508
PER,Red Bull Racing,MEDIUM -> HARD,MEDIUM,HARD,23,21,5478.050621352901,156.0153139143731
PER,Red Bull Racing,MEDIUM -> HARD,MEDIUM,HARD,24,21,5471.310076502862,149.27476906433458
PER,Red Bull Racing,MEDIUM -> HARD,MEDIUM,HARD,25,21,5464.590393111109,142.5550856725813
PER,Red Bull Racing,MEDIUM -> HARD,MEDIUM,HARD,26,21,5457.891571177641,135.85626373911327
PER,Red Bull Racing,MEDIUM -> HARD,MEDIUM,HARD,27,21,5451.213610702455,129.17830326392777
PER,Red Bull Racing,MEDIUM -> HARD,MEDIUM,HARD,28,21,5444.556511685556,122.52120424702844
PER,Red Bull Racing,MEDIUM -> HARD,MEDIUM,HARD,29,21,5437.920274126941,115.88496668841344
PER,Red Bull Racing,MEDIUM -> HARD,MEDIUM,HARD,30,21,5431.30489802661,109.26959058808279
PER,Red Bull Racing,MEDIUM -> HARD,MEDIUM,HARD,31,21,5424.710383384563,102.67507594603558
PER,Red Bull Racing,MEDIUM -> HARD,MEDIUM,HARD,32,21,5418.136730200802,96.10142276227452
PER,Red Bull Racing,MEDIUM -> HARD,MEDIUM,HARD,33,21,5411.583938475325,89.54863103679781
PER,Red Bull Racing,MEDIUM -> HARD,MEDIUM,HARD,34,21,5405.052008208133,83.01670076960545
PER,Red Bull Racing,MEDIUM -> HARD,MEDIUM,HARD,35,21,5398.540939399225,76.50563196069743
PER,Red Bull Racing,MEDIUM -> HARD,MEDIUM,HARD,36,21,5392.050732048602,70.01542461007466
PER,Red Bull Racing,MEDIUM -> HARD,MEDIUM,HARD,37,21,5385.581386156263,63.54607871773533
PER,Red Bull Racing,MEDIUM -> HARD,MEDIUM,HARD,38,21,5379.132901722209,57.097594283681246
PER,Red Bull Racing,MEDIUM -> HARD,MEDIUM,HARD,39,21,5372.70527874644,50.66997130791242
PER,Red Bull Racing,MEDIUM -> HARD,MEDIUM,HARD,40,21,5366.298517228955,44.26320979042703
PER,Red Bull Racing,MEDIUM -> HARD,MEDIUM,HARD,41,21,5359.9126171697535,37.87730973122598
PER,Red Bull Racing,MEDIUM -> HARD,MEDIUM,HARD,42,21,5353.547578568838,31.512271130310182
PER,Red Bull Racing,MEDIUM -> HARD,MEDIUM,HARD,43,21,5347.203401426206,25.16809398767873
PER,Red Bull Racing,MEDIUM -> HARD,MEDIUM,HARD,44,21,5340.88008574186,18.844778303332532
PER,Red Bull Racing,MEDIUM -> HARD,MEDIUM,HARD,45,21,5334.577631515797,12.542324077269768
PER,Red Bull Racing,MEDIUM -> HARD,MEDIUM,HARD,46,21,5328.29603874802,6.260731309492257
PER,Red Bull Racing,MEDIUM -> HARD,MEDIUM,HARD,47,21,5322.0353074385275,0
PER,Red Bull Racing,MEDIUM -> SOFT,MEDIUM,SOFT,5,21,6547.595626934561,1123.2803510863414
PER,Red Bull Racing,MEDIUM -> SOFT,MEDIUM,SOFT,6,21,6520.771796765435,1096.456520917216
PER,Red Bull Racing,MEDIUM -> SOFT,MEDIUM,SOFT,7,21,6493.951823177052,1069.6365473288324
PER,Red Bull Racing,MEDIUM -> SOFT,MEDIUM,SOFT,8,21,6467.135706169407,1042.8204303211878
PER,Red Bull Racing,MEDIUM -> SOFT,MEDIUM,SOFT,9,21,6440.323445742502,1016.0081698942831
PER,Red Bull Racing,MEDIUM -> SOFT,MEDIUM,SOFT,10,21,6413.515041896335,989.1997660481156
PER,Red Bull Racing,MEDIUM -> SOFT,MEDIUM,SOFT,11,21,6386.71049463091,962.3952187826908
PER,Red Bull Racing,MEDIUM -> SOFT,MEDIUM,SOFT,12,21,6359.909803946222,935.5945280980031
PER,Red Bull Racing,MEDIUM -> SOFT,MEDIUM,SOFT,13,21,6333.112969842277,908.7976939940581
PER,Red Bull Racing,MEDIUM -> SOFT,MEDIUM,SOFT,14,21,6306.319992319071,882.0047164708521
PER,Red Bull Racing,MEDIUM -> SOFT,MEDIUM,SOFT,15,21,6279.5308713766035,855.2155955283843
PER,Red Bull Racing,MEDIUM -> SOFT,MEDIUM,SOFT,16,21,6252.7456070148755,828.4303311666563
PER,Red Bull Racing,MEDIUM -> SOFT,MEDIUM,SOFT,17,21,6225.9641992338875,801.6489233856682
PER,Red Bull Racing,MEDIUM -> SOFT,MEDIUM,SOFT,18,21,6199.186648033641,774.8713721854219
PER,Red Bull Racing,MEDIUM -> SOFT,MEDIUM,SOFT,19,21,6172.412953414134,748.0976775659146
PER,Red Bull Racing,MEDIUM -> SOFT,MEDIUM,SOFT,20,21,6145.643115375365,721.3278395271454
PER,Red Bull Racing,MEDIUM -> SOFT,MEDIUM,SOFT,21,21,6118.877133917336,694.5618580691171
PER,Red Bull Racing,MEDIUM -> SOFT,MEDIUM,SOFT,22,21,6092.115009040046,667.7997331918268
PER,Red Bull Racing,MEDIUM -> SOFT,MEDIUM,SOFT,23,21,6065.356740743497,641.0414648952774
PER,Red Bull Racing,MEDIUM -> SOFT,MEDIUM,SOFT,24,21,6038.602329027688,614.2870531794688
PER,Red Bull Racing,MEDIUM -> SOFT,MEDIUM,SOFT,25,21,6011.851773892618,587.5364980443992
PER,Red Bull Racing,MEDIUM -> SOFT,MEDIUM,SOFT,26,21,5985.105075338287,560.7897994900677
PER,Red Bull Racing,MEDIUM -> SOFT,MEDIUM,SOFT,27,21,5958.362233364696,534.046957516477
PER,Red Bull Racing,MEDIUM -> SOFT,MEDIUM,SOFT,28,21,5931.623247971846,507.3079721236263
PER,Red Bull Racing,MEDIUM -> SOFT,MEDIUM,SOFT,29,21,5904.888119159734,480.5728433115146
PER,Red Bull Racing,MEDIUM -> SOFT,MEDIUM,SOFT,30,21,5878.156846928363,453.8415710801437
PER,Red Bull Racing,MEDIUM -> SOFT,MEDIUM,SOFT,31,21,5851.42943127773,427.1141554295109
PER,Red Bull Racing,MEDIUM -> SOFT,MEDIUM,SOFT,32,21,5824.705872207838,400.39059635961894
PER,Red Bull Racing,MEDIUM -> SOFT,MEDIUM,SOFT,33,21,5797.986169718686,373.6708938704669
PER,Red Bull Racing,MEDIUM -> SOFT,MEDIUM,SOFT,34,21,5771.270323810273,346.95504796205387
PER,Red Bull Racing,MEDIUM -> SOFT,MEDIUM,SOFT,35,21,5744.5583344826,320.24305863438076
PER,Red Bull Racing,MEDIUM -> SOFT,MEDIUM,SOFT,36,21,5717.850201735666,293.53492588744666
PER,Red Bull Racing,MEDIUM -> SOFT,MEDIUM,SOFT,37,21,5691.145925569473,266.8306497212534
PER,Red Bull Racing,MEDIUM -> SOFT,MEDIUM,SOFT,38,21,5664.445505984018,240.13023013579914
PER,Red Bull Racing,MEDIUM -> SOFT,MEDIUM,SOFT,39,21,5637.748942979304,213.4336671310848
PER,Red Bull Racing,MEDIUM -> SOFT,MEDIUM,SOFT,40,21,5611.05623655533,186.7409607071104
PER,Red Bull Racing,MEDIUM -> SOFT,MEDIUM,SOFT,41,21,5584.367386712094,160.052110863875
PER,Red Bull Racing,MEDIUM -> SOFT,MEDIUM,SOFT,42,21,5557.682393449599,133.3671176013795
PER,Red Bull Racing,MEDIUM -> SOFT,MEDIUM,SOFT,43,21,5531.001256767844,106.68598091962485
PER,Red Bull Racing,MEDIUM -> SOFT,MEDIUM,SOFT,44,21,5504.323976666828,80.0087008186083
PER,Red Bull Racing,MEDIUM -> SOFT,MEDIUM,SOFT,45,21,5477.650553146552,53.335277298332585
PER,Red Bull Racing,MEDIUM -> SOFT,MEDIUM,SOFT,46,21,5450.980986207015,26.665710358795877
PER,Red Bull Racing,MEDIUM -> SOFT,MEDIUM,SOFT,47,21,5424.315275848219,0
PER,Red Bull Racing,SOFT -> HARD,SOFT,HARD,5,21,5737.124737576959,0
PER,Red Bull Racing,SOFT -> HARD,SOFT,HARD,6,21,5756.832516646924,19.707779069965
PER,Red Bull Racing,SOFT -> HARD,SOFT,HARD,7,21,5776.5573005944325,39.43256301747351
PER,Red Bull Racing,SOFT -> HARD,SOFT,HARD,8,21,5796.299089419486,59.17435184252736
PER,Red Bull Racing,SOFT -> HARD,SOFT,HARD,9,21,5816.0578831220855,78.93314554512654
PER,Red Bull Racing,SOFT -> HARD,SOFT,HARD,10,21,5835.833681702229,98.70894412527014
PER,Red Bull Racing,SOFT -> HARD,SOFT,HARD,11,21,5855.626485159918,118.50174758295907
PER,Red Bull Racing,SOFT -> HARD,SOFT,HARD,12,21,5875.436293495151,138.31155591819243
PER,Red Bull Racing,SOFT -> HARD,SOFT,HARD,13,21,5895.26310670793,158.1383691309711
PER,Red Bull Racing,SOFT -> HARD,SOFT,HARD,14,21,5915.106924798253,177.98218722129423
PER,Red Bull Racing,SOFT -> HARD,SOFT,HARD,15,21,5934.967747766121,197.84301018916176
PER,Red Bull Racing,SOFT -> HARD,SOFT,HARD,16,21,5954.8455756115345,217.72083803457554
PER,Red Bull Racing,SOFT -> HARD,SOFT,HARD,17,21,5974.740408334492,237.61567075753283
PER,Red Bull Racing,SOFT -> HARD,SOFT,HARD,18,21,5994.652245934994,257.52750835803545
PER,Red Bull Racing,SOFT -> HARD,SOFT,HARD,19,21,6014.581088413042,277.4563508360834
PER,Red Bull Racing,SOFT -> HARD,SOFT,HARD,20,21,6034.526935768635,297.4021981916758
PER,Red Bull Racing,SOFT -> HARD,SOFT,HARD,21,21,6054.489788001771,317.36505042481167
PER,Red Bull Racing,SOFT -> HARD,SOFT,HARD,22,21,6074.469645112453,337.3449075354938
PER,Red Bull Racing,SOFT -> HARD,SOFT,HARD,23,21,6094.46650710068,357.34176952372127
PER,Red Bull Racing,SOFT -> HARD,SOFT,HARD,24,21,6114.480373966451,377.35563638949225
PER,Red Bull Racing,SOFT -> HARD,SOFT,HARD,25,21,6134.511245709768,397.38650813280947
PER,Red Bull Racing,SOFT -> HARD,SOFT,HARD,26,21,6154.559122330631,417.434384753672
PER,Red Bull Racing,SOFT -> HARD,SOFT,HARD,27,21,6174.624003829036,437.4992662520772
PER,Red Bull Racing,SOFT -> HARD,SOFT,HARD,28,21,6194.705890204988,457.5811526280286
PER,Red Bull Racing,SOFT -> HARD,SOFT,HARD,29,21,6214.804781458484,477.6800438815253
PER,Red Bull Racing,SOFT -> HARD,SOFT,HARD,30,21,6234.9206775895245,497.79594001256555
PER,Red Bull Racing,SOFT -> HARD,SOFT,HARD,31,21,6255.05357859811,517.9288410211511
PER,Red Bull Racing,SOFT -> HARD,SOFT,HARD,32,21,6275.203484484242,538.078746907283
PER,Red Bull Racing,SOFT -> HARD,SOFT,HARD,33,21,6295.370395247917,558.2456576709583
PER,Red Bull Racing,SOFT -> HARD,SOFT,HARD,34,21,6315.554310889138,578.429573312179
PER,Red Bull Racing,SOFT -> HARD,SOFT,HARD,35,21,6335.755231407903,598.630493830944
PER,Red Bull Racing,SOFT -> HARD,SOFT,HARD,36,21,6355.973156804213,618.8484192272545
PER,Red Bull Racing,SOFT -> HARD,SOFT,HARD,37,21,6376.208087078068,639.0833495011093
PER,Red Bull Racing,SOFT -> HARD,SOFT,HARD,38,21,6396.4600222294675,659.3352846525086
PER,Red Bull Racing,SOFT -> HARD,SOFT,HARD,39,21,6416.728962258412,679.6042246814532
PER,Red Bull Racing,SOFT -> HARD,SOFT,HARD,40,21,6437.014907164902,699.8901695879431
PER,Red Bull Racing,SOFT -> HARD,SOFT,HARD,41,21,6457.317856948937,720.1931193719784
PER,Red Bull Racing,SOFT -> HARD,SOFT,HARD,42,21,6477.637811610516,740.5130740335571
PER,Red Bull Racing,SOFT -> HARD,SOFT,HARD,43,21,6497.97477114964,760.8500335726812
PER,Red Bull Racing,SOFT -> HARD,SOFT,HARD,44,21,6518.32873556631,781.2039979893507
PER,Red Bull Racing,SOFT -> HARD,SOFT,HARD,45,21,6538.699704860523,801.5749672835636
PER,Red Bull Racing,SOFT -> HARD,SOFT,HARD,46,21,6559.087679032282,821.9629414553228
PER,Red Bull Racing,SOFT -> HARD,SOFT,HARD,47,21,6579.492658081586,842.3679205046274
PER,Red Bull Racing,SOFT -> MEDIUM,SOFT,MEDIUM,5,21,5424.910524693147,0
PER,Red Bull Racing,SOFT -> MEDIUM,SOFT,MEDIUM,6,21,5451.680086978082,26.76956228493509
PER,Red Bull Racing,SOFT -> MEDIUM,SOFT,MEDIUM,7,21,5478.448439896139,53.537915202991826
PER,Red Bull Racing,SOFT -> MEDIUM,SOFT,MEDIUM,8,21,5505.215583447317,80.3050587541702
PER,Red Bull Racing,SOFT -> MEDIUM,SOFT,MEDIUM,9,21,5531.9815176316215,107.07099293847477
PER,Red Bull Racing,SOFT -> MEDIUM,SOFT,MEDIUM,10,21,5558.746242449049,133.8357177559019
PER,Red Bull Racing,SOFT -> MEDIUM,SOFT,MEDIUM,11,21,5585.509757899598,160.59923320645157
PER,Red Bull Racing,SOFT -> MEDIUM,SOFT,MEDIUM,12,21,5612.272063983271,187.3615392901247
PER,Red Bull Racing,SOFT -> MEDIUM,SOFT,MEDIUM,13,21,5639.033160700067,214.1226360069204
PER,Red Bull Racing,SOFT -> MEDIUM,SOFT,MEDIUM,14,21,5665.793048049988,240.88252335684138
PER,Red Bull Racing,SOFT -> MEDIUM,SOFT,MEDIUM,15,21,5692.551726033031,267.641201339884
PER,Red Bull Racing,SOFT -> MEDIUM,SOFT,MEDIUM,16,21,5719.309194649197,294.39866995605007
PER,Red Bull Racing,SOFT -> MEDIUM,SOFT,MEDIUM,17,21,5746.065453898485,321.1549292053387
PER,Red Bull Racing,SOFT -> MEDIUM,SOFT,MEDIUM,18,21,5772.820503780899,347.9099790877526
PER,Red Bull Racing,SOFT -> MEDIUM,SOFT,MEDIUM,19,21,5799.574344296435,374.6638196032882
PER,Red Bull Racing,SOFT -> MEDIUM,SOFT,MEDIUM,20,21,5826.326975445095,401.4164507519481
PER,Red Bull Racing,SOFT -> MEDIUM,SOFT,MEDIUM,21,21,5853.078397226876,428.1678725337297
PER,Red Bull Racing,SOFT -> MEDIUM,SOFT,MEDIUM,22,21,5879.828609641783,454.91808494863653
PER,Red Bull Racing,SOFT -> MEDIUM,SOFT,MEDIUM,23,21,5906.577612689813,481.66708799666594
PER,Red Bull Racing,SOFT -> MEDIUM,SOFT,MEDIUM,24,21,5933.325406370965,508.4148816778179
PER,Red Bull Racing,SOFT -> MEDIUM,SOFT,MEDIUM,25,21,5960.07199068524,535.1614659920933
PER,Red Bull Racing,SOFT -> MEDIUM,SOFT,MEDIUM,26,21,5986.817365632638,561.9068409394913
PER,Red Bull Racing,SOFT -> MEDIUM,SOFT,MEDIUM,27,21,6013.561531213161,588.6510065200146
PER,Red Bull Racing,SOFT -> MEDIUM,SOFT,MEDIUM,28,21,6040.304487426807,615.3939627336604
PER,Red Bull Racing,SOFT -> MEDIUM,SOFT,MEDIUM,29,21,6067.0462342735755,642.1357095804287
PER,Red Bull Racing,SOFT -> MEDIUM,SOFT,MEDIUM,30,21,6093.786771753467,668.8762470603206
PER,Red Bull Racing,SOFT -> MEDIUM,SOFT,MEDIUM,31,21,6120.526099866483,695.6155751733359
PER,Red Bull Racing,SOFT -> MEDIUM,SOFT,MEDIUM,32,21,6147.264218612621,722.3536939194746
PER,Red Bull Racing,SOFT -> MEDIUM,SOFT,MEDIUM,33,21,6174.001127991883,749.0906032987359
PER,Red Bull Racing,SOFT -> MEDIUM,SOFT,MEDIUM,34,21,6200.736828004268,775.8263033111216
PER,Red Bull Racing,SOFT -> MEDIUM,SOFT,MEDIUM,35,21,6227.471318649777,802.5607939566298
PER,Red Bull Racing,SOFT -> MEDIUM,SOFT,MEDIUM,36,21,6254.204599928408,829.2940752352615
PER,Red Bull Racing,SOFT -> MEDIUM,SOFT,MEDIUM,37,21,6280.936671840163,856.0261471470167
PER,Red Bull Racing,SOFT -> MEDIUM,SOFT,MEDIUM,38,21,6307.66753438504,882.7570096918935
PER,Red Bull Racing,SOFT -> MEDIUM,SOFT,MEDIUM,39,21,6334.397187563041,909.4866628698946
PER,Red Bull Racing,SOFT -> MEDIUM,SOFT,MEDIUM,40,21,6361.125631374167,936.2151066810202
PER,Red Bull Racing,SOFT -> MEDIUM,SOFT,MEDIUM,41,21,6387.852865818415,962.9423411252683
PER,Red Bull Racing,SOFT -> MEDIUM,SOFT,MEDIUM,42,21,6414.578890895786,989.6683662026389
PER,Red Bull Racing,SOFT -> MEDIUM,SOFT,MEDIUM,43,21,6441.303706606281,1016.393181913134
PER,Red Bull Racing,SOFT -> MEDIUM,SOFT,MEDIUM,44,21,6468.027312949898,1043.1167882567515
PER,Red Bull Racing,SOFT -> MEDIUM,SOFT,MEDIUM,45,21,6494.749709926638,1069.8391852334917
PER,Red Bull Racing,SOFT -> MEDIUM,SOFT,MEDIUM,46,21,6521.470897536504,1096.560372843357
PER,Red Bull Racing,SOFT -> MEDIUM,SOFT,MEDIUM,47,21,6548.190875779491,1123.2803510863441
PIA,McLaren,HARD -> MEDIUM,HARD,MEDIUM,5,21,5682.225604924901,0
PIA,McLaren,HARD -> MEDIUM,HARD,MEDIUM,6,21,5750.1173659732585,67.8917610483577
PIA,McLaren,HARD -> MEDIUM,HARD,MEDIUM,7,21,5816.365130531618,134.13952560671714
PIA,McLaren,HARD -> MEDIUM,HARD,MEDIUM,8,21,5880.96889859998,198.74329367507926
PIA,McLaren,HARD -> MEDIUM,HARD,MEDIUM,9,21,5943.92867017834,261.7030652534395
PIA,McLaren,HARD -> MEDIUM,HARD,MEDIUM,10,21,6005.2444452667005,323.01884034179966
PIA,McLaren,HARD -> MEDIUM,HARD,MEDIUM,11,21,6064.916223865063,382.6906189401625
PIA,McLaren,HARD -> MEDIUM,HARD,MEDIUM,12,21,6122.944005973426,440.71840104852527
PIA,McLaren,HARD -> MEDIUM,HARD,MEDIUM,13,21,6179.327791591789,497.102186666888
PIA,McLaren,HARD -> MEDIUM,HARD,MEDIUM,14,21,6234.067580720153,551.8419757952524
PIA,McLaren,HARD -> MEDIUM,HARD,MEDIUM,15,21,6287.163373358517,604.9377684336159
PIA,McLaren,HARD -> MEDIUM,HARD,MEDIUM,16,21,6338.61516950688,656.3895645819794
PIA,McLaren,HARD -> MEDIUM,HARD,MEDIUM,17,21,6388.422969165246,706.1973642403455
PIA,McLaren,HARD -> MEDIUM,HARD,MEDIUM,18,21,6436.5867723336105,754.3611674087097
PIA,McLaren,HARD -> MEDIUM,HARD,MEDIUM,19,21,6483.1065790119765,800.8809740870756
PIA,McLaren,HARD -> MEDIUM,HARD,MEDIUM,20,21,6527.982389200344,845.7567842754434
PIA,McLaren,HARD -> MEDIUM,HARD,MEDIUM,21,21,6571.21420289871,888.9885979738092
PIA,McLaren,HARD -> MEDIUM,HARD,MEDIUM,22,21,6612.802020107078,930.5764151821768
PIA,McLaren,HARD -> MEDIUM,HARD,MEDIUM,23,21,6652.745840825445,970.5202359005443
PIA,McLaren,HARD -> MEDIUM,HARD,MEDIUM,24,21,6691.0456650538135,1008.8200601289127
PIA,McLaren,HARD -> MEDIUM,HARD,MEDIUM,25,21,6727.701492792182,1045.475887867281
PIA,McLaren,HARD -> MEDIUM,HARD,MEDIUM,26,21,6762.713324040552,1080.487719115651
PIA,McLaren,HARD -> MEDIUM,HARD,MEDIUM,27,21,6796.081158798921,1113.8555538740202
PIA,McLaren,HARD -> MEDIUM,HARD,MEDIUM,28,21,6827.804997067291,1145.5793921423901
PIA,McLaren,HARD -> MEDIUM,HARD,MEDIUM,29,21,6857.884838845663,1175.6592339207618
PIA,McLaren,HARD -> MEDIUM,HARD,MEDIUM,30,21,6886.320684134033,1204.0950792091326
PIA,McLaren,HARD -> MEDIUM,HARD,MEDIUM,31,21,6913.112532932405,1230.8869280075041
PIA,McLaren,HARD -> MEDIUM,HARD,MEDIUM,32,21,6938.260385240777,1256.0347803158766
PIA,McLaren,HARD -> MEDIUM,HARD,MEDIUM,33,21,6961.764241059149,1279.538636134248
PIA,McLaren,HARD -> MEDIUM,HARD,MEDIUM,34,21,6983.624100387523,1301.3984954626221
PIA,McLaren,HARD -> MEDIUM,HARD,MEDIUM,35,21,7003.839963225897,1321.6143583009962
PIA,McLaren,HARD -> MEDIUM,HARD,MEDIUM,36,21,7022.411829574271,1340.1862246493702
PIA,McLaren,HARD -> MEDIUM,HARD,MEDIUM,37,21,7039.339699432645,1357.114094507744
PIA,McLaren,HARD -> MEDIUM,HARD,MEDIUM,38,21,7054.62357280102,1372.3979678761189
PIA,McLaren,HARD -> MEDIUM,HARD,MEDIUM,39,21,7068.263449679396,1386.0378447544954
PIA,McLaren,HARD -> MEDIUM,HARD,MEDIUM,40,21,7080.259330067772,1398.033725142871
PIA,McLaren,HARD -> MEDIUM,HARD,MEDIUM,41,21,7090.611213966149,1408.3856090412482
PIA,McLaren,HARD -> MEDIUM,HARD,MEDIUM,42,21,7099.319101374525,1417.0934964496246
PIA,McLaren,HARD -> MEDIUM,HARD,MEDIUM,43,21,7106.3829922929035,1424.1573873680027
PIA,McLaren,HARD -> MEDIUM,HARD,MEDIUM,44,21,7111.802886721281,1429.5772817963798
PIA,McLaren,HARD -> MEDIUM,HARD,MEDIUM,45,21,7115.5787846596595,1433.3531797347587
PIA,McLaren,HARD -> MEDIUM,HARD,MEDIUM,46,21,7117.710686108039,1435.4850811831384
PIA,McLaren,HARD -> MEDIUM,HARD,MEDIUM,47,21,7118.198591066418,1435.9729861415171
PIA,McLaren,HARD -> SOFT,HARD,SOFT,5,21,6643.180546397455,0
PIA,McLaren,HARD -> SOFT,HARD,SOFT,6,21,6691.347576943622,48.16703054616664
PIA,McLaren,HARD -> SOFT,HARD,SOFT,7,21,6737.839257986034,94.65871158857863
PIA,McLaren,HARD -> SOFT,HARD,SOFT,8,21,6782.655589524691,139.47504312723595
PIA,McLaren,HARD -> SOFT,HARD,SOFT,9,21,6825.796571559593,182.6160251621377
PIA,McLaren,HARD -> SOFT,HARD,SOFT,10,21,6867.262204090741,224.0816576932857
PIA,McLaren,HARD -> SOFT,HARD,SOFT,11,21,6907.052487118133,263.87194072067814
PIA,McLaren,HARD -> SOFT,HARD,SOFT,12,21,6945.167420641773,301.98687424431773
PIA,McLaren,HARD -> SOFT,HARD,SOFT,13,21,6981.607004661655,338.42645826419994
PIA,McLaren,HARD -> SOFT,HARD,SOFT,14,21,7016.371239177783,373.1906927803275
PIA,McLaren,HARD -> SOFT,HARD,SOFT,15,21,7049.460124190156,406.2795777927013
PIA,McLaren,HARD -> SOFT,HARD,SOFT,16,21,7080.8736596987765,437.6931133013213
PIA,McLaren,HARD -> SOFT,HARD,SOFT,17,21,7110.61184570364,467.4312993061849
PIA,McLaren,HARD -> SOFT,HARD,SOFT,18,21,7138.674682204748,495.4941358072929
PIA,McLaren,HARD -> SOFT,HARD,SOFT,19,21,7165.062169202103,521.881622804648
PIA,McLaren,HARD -> SOFT,HARD,SOFT,20,21,7189.774306695703,546.5937602982476
PIA,McLaren,HARD -> SOFT,HARD,SOFT,21,21,7212.811094685547,569.6305482880916
PIA,McLaren,HARD -> SOFT,HARD,SOFT,22,21,7234.172533171637,590.9919867741819
PIA,McLaren,HARD -> SOFT,HARD,SOFT,23,21,7253.858622153972,610.6780757565166
PIA,McLaren,HARD -> SOFT,HARD,SOFT,24,21,7271.869361632552,628.6888152350966
PIA,McLaren,HARD -> SOFT,HARD,SOFT,25,21,7288.204751607377,645.024205209922
PIA,McLaren,HARD -> SOFT,HARD,SOFT,26,21,7302.864792078446,659.6842456809909
PIA,McLaren,HARD -> SOFT,HARD,SOFT,27,21,7315.849483045762,672.668936648307
PIA,McLaren,HARD -> SOFT,HARD,SOFT,28,21,7327.158824509323,683.9782781118674
PIA,McLaren,HARD -> SOFT,HARD,SOFT,29,21,7336.792816469128,693.6122700716733
PIA,McLaren,HARD -> SOFT,HARD,SOFT,30,21,7344.751458925179,701.5709125277235
PIA,McLaren,HARD -> SOFT,HARD,SOFT,31,21,7351.034751877475,707.85420548002
PIA,McLaren,HARD -> SOFT,HARD,SOFT,32,21,7355.642695326016,712.462148928561
PIA,McLaren,HARD -> SOFT,HARD,SOFT,33,21,7358.575289270802,715.3947428733472
PIA,McLaren,HARD -> SOFT,HARD,SOFT,34,21,7359.832533711834,716.6519873143789
PIA,McLaren,HARD -> SOFT,HARD,SOFT,35,21,7359.41442864911,716.2338822516549
PIA,McLaren,HARD -> SOFT,HARD,SOFT,36,21,7357.320974082631,714.1404276851763
PIA,McLaren,HARD -> SOFT,HARD,SOFT,37,21,7353.552170012398,710.371623614943
PIA,McLaren,HARD -> SOFT,HARD,SOFT,38,21,7348.108016438411,704.927470040956
PIA,McLaren,HARD -> SOFT,HARD,SOFT,39,21,7340.988513360668,697.8079669632125
PIA,McLaren,HARD -> SOFT,HARD,SOFT,40,21,7332.19366077917,689.0131143817152
PIA,McLaren,HARD -> SOFT,HARD,SOFT,41,21,7321.7234586939185,678.5429122964633
PIA,McLaren,HARD -> SOFT,HARD,SOFT,42,21,7309.577907104911,666.3973607074558
PIA,McLaren,HARD -> SOFT,HARD,SOFT,43,21,7295.757006012149,652.5764596146937
PIA,McLaren,HARD -> SOFT,HARD,SOFT,44,21,7280.260755415632,637.0802090181769
PIA,McLaren,HARD -> SOFT,HARD,SOFT,45,21,7263.089155315361,619.9086089179054
PIA,McLaren,HARD -> SOFT,HARD,SOFT,46,21,7244.2422057113345,601.0616593138793
PIA,McLaren,HARD -> SOFT,HARD,SOFT,47,21,7223.719906603552,580.5393602060967
PIA,McLaren,MEDIUM -> HARD,MEDIUM,HARD,5,21,6718.134421912878,1438.0255181189832
PIA,McLaren,MEDIUM -> HARD,MEDIUM,HARD,6,21,6647.848087442604,1367.7391836487095
PIA,McLaren,MEDIUM -> HARD,MEDIUM,HARD,7,21,6579.322557921935,1299.2136541280406
PIA,McLaren,MEDIUM -> HARD,MEDIUM,HARD,8,21,6512.557833350871,1232.4489295569765
PIA,McLaren,MEDIUM -> HARD,MEDIUM,HARD,9,21,6447.553913729413,1167.445009935518
PIA,McLaren,MEDIUM -> HARD,MEDIUM,HARD,10,21,6384.310799057559,1104.2018952636645
PIA,McLaren,MEDIUM -> HARD,MEDIUM,HARD,11,21,6322.828489335311,1042.7195855414166
PIA,McLaren,MEDIUM -> HARD,MEDIUM,HARD,12,21,6263.106984562669,982.9980807687743
PIA,McLaren,MEDIUM -> HARD,MEDIUM,HARD,13,21,6205.146284739631,925.037380945736
PIA,McLaren,MEDIUM -> HARD,MEDIUM,HARD,14,21,6148.946389866196,868.8374860723015
PIA,McLaren,MEDIUM -> HARD,MEDIUM,HARD,15,21,6094.507299942369,814.3983961484746
PIA,McLaren,MEDIUM -> HARD,MEDIUM,HARD,16,21,6041.829014968146,761.7201111742515
PIA,McLaren,MEDIUM -> HARD,MEDIUM,HARD,17,21,5990.911534943528,710.8026311496333
PIA,McLaren,MEDIUM -> HARD,MEDIUM,HARD,18,21,5941.754859868514,661.6459560746198
PIA,McLaren,MEDIUM -> HARD,MEDIUM,HARD,19,21,5894.358989743107,614.250085949212
PIA,McLaren,MEDIUM -> HARD,MEDIUM,HARD,20,21,5848.723924567305,568.6150207734108
PIA,McLaren,MEDIUM -> HARD,MEDIUM,HARD,21,21,5804.849664341107,524.7407605472126
PIA,McLaren,MEDIUM -> HARD,MEDIUM,HARD,22,21,5762.736209064516,482.62730527062104
PIA,McLaren,MEDIUM -> HARD,MEDIUM,HARD,23,21,5722.383558737529,442.27465494363423
PIA,McLaren,MEDIUM -> HARD,MEDIUM,HARD,24,21,5683.791713360146,403.6828095662513
PIA,McLaren,MEDIUM -> HARD,MEDIUM,HARD,25,21,5646.960672932369,366.8517691384741
PIA,McLaren,MEDIUM -> HARD,MEDIUM,HARD,26,21,5611.890437454196,331.78153366030165
PIA,McLaren,MEDIUM -> HARD,MEDIUM,HARD,27,21,5578.5810069256295,298.4721031317349
PIA,McLaren,MEDIUM -> HARD,MEDIUM,HARD,28,21,5547.0323813466675,266.92347755277297
PIA,McLaren,MEDIUM -> HARD,MEDIUM,HARD,29,21,5517.24456071731,237.1356569234158
PIA,McLaren,MEDIUM -> HARD,MEDIUM,HARD,30,21,5489.217545037559,209.10864124366435
PIA,McLaren,MEDIUM -> HARD,MEDIUM,HARD,31,21,5462.951334307413,182.8424305135186
PIA,McLaren,MEDIUM -> HARD,MEDIUM,HARD,32,21,5438.445928526871,158.33702473297672
PIA,McLaren,MEDIUM -> HARD,MEDIUM,HARD,33,21,5415.701327695935,135.59242390204054
PIA,McLaren,MEDIUM -> HARD,MEDIUM,HARD,34,21,5394.717531814603,114.60862802070824
PIA,McLaren,MEDIUM -> HARD,MEDIUM,HARD,35,21,5375.494540882877,95.38563708898255
PIA,McLaren,MEDIUM -> HARD,MEDIUM,HARD,36,21,5358.032354900756,77.92345110686165
PIA,McLaren,MEDIUM -> HARD,MEDIUM,HARD,37,21,5342.33097386824,62.22207007434554
PIA,McLaren,MEDIUM -> HARD,MEDIUM,HARD,38,21,5328.390397785329,48.28149399143422
PIA,McLaren,MEDIUM -> HARD,MEDIUM,HARD,39,21,5316.210626652023,36.101722858128596
PIA,McLaren,MEDIUM -> HARD,MEDIUM,HARD,40,21,5305.791660468322,25.682756674427765
PIA,McLaren,MEDIUM -> HARD,MEDIUM,HARD,41,21,5297.133499234226,17.024595440331723
PIA,McLaren,MEDIUM -> HARD,MEDIUM,HARD,42,21,5290.236142949736,10.12723915584138
PIA,McLaren,MEDIUM -> HARD,MEDIUM,HARD,43,21,5285.09959161485,4.990687820955827
PIA,McLaren,MEDIUM -> HARD,MEDIUM,HARD,44,21,5281.7238452295705,1.6149414356759735
PIA,McLaren,MEDIUM -> HARD,MEDIUM,HARD,45,21,5280.108903793895,0
PIA,McLaren,MEDIUM -> HARD,MEDIUM,HARD,46,21,5280.254767307824,0.14586351392972574
PIA,McLaren,MEDIUM -> HARD,MEDIUM,HARD,47,21,5282.161435771359,2.052531977464241
PIA,McLaren,MEDIUM -> SOFT,MEDIUM,SOFT,5,21,6265.33679980201,855.4336259354213
PIA,McLaren,MEDIUM -> SOFT,MEDIUM,SOFT,6,21,6243.217495877903,833.3143220113143
PIA,McLaren,MEDIUM -> SOFT,MEDIUM,SOFT,7,21,6221.183647399646,811.2804735330574
PIA,McLaren,MEDIUM -> SOFT,MEDIUM,SOFT,8,21,6199.23525436724,789.3320805006506
PIA,McLaren,MEDIUM -> SOFT,MEDIUM,SOFT,9,21,6177.372316780683,767.4691429140939
PIA,McLaren,MEDIUM -> SOFT,MEDIUM,SOFT,10,21,6155.594834639977,745.6916607733883
PIA,McLaren,MEDIUM -> SOFT,MEDIUM,SOFT,11,21,6133.902807945122,723.9996340785328
PIA,McLaren,MEDIUM -> SOFT,MEDIUM,SOFT,12,21,6112.296236696118,702.3930628295293
PIA,McLaren,MEDIUM -> SOFT,MEDIUM,SOFT,13,21,6090.775120892962,680.8719470263732
PIA,McLaren,MEDIUM -> SOFT,MEDIUM,SOFT,14,21,6069.339460535657,659.4362866690681
PIA,McLaren,MEDIUM -> SOFT,MEDIUM,SOFT,15,21,6047.989255624203,638.086081757614
PIA,McLaren,MEDIUM -> SOFT,MEDIUM,SOFT,16,21,6026.7245061586,616.821332292011
PIA,McLaren,MEDIUM -> SOFT,MEDIUM,SOFT,17,21,6005.545212138845,595.6420382722563
PIA,McLaren,MEDIUM -> SOFT,MEDIUM,SOFT,18,21,5984.451373564941,574.5481996983517
PIA,McLaren,MEDIUM -> SOFT,MEDIUM,SOFT,19,21,5963.442990436888,553.5398165702991
PIA,McLaren,MEDIUM -> SOFT,MEDIUM,SOFT,20,21,5942.520062754685,532.6168888880957
PIA,McLaren,MEDIUM -> SOFT,MEDIUM,SOFT,21,21,5921.682590518331,511.7794166517424
PIA,McLaren,MEDIUM -> SOFT,MEDIUM,SOFT,22,21,5900.93057372783,491.02739986124107
PIA,McLaren,MEDIUM -> SOFT,MEDIUM,SOFT,23,21,5880.264012383177,470.36083851658805
PIA,McLaren,MEDIUM -> SOFT,MEDIUM,SOFT,24,21,5859.682906484375,449.77973261778607
PIA,McLaren,MEDIUM -> SOFT,MEDIUM,SOFT,25,21,5839.187256031423,429.2840821648342
PIA,McLaren,MEDIUM -> SOFT,MEDIUM,SOFT,26,21,5818.777061024321,408.8738871577316
PIA,McLaren,MEDIUM -> SOFT,MEDIUM,SOFT,27,21,5798.45232146307,388.5491475964809
PIA,McLaren,MEDIUM -> SOFT,MEDIUM,SOFT,28,21,5778.213037347668,368.30986348107945
PIA,McLaren,MEDIUM -> SOFT,MEDIUM,SOFT,29,21,5758.059208678117,348.1560348115281
PIA,McLaren,MEDIUM -> SOFT,MEDIUM,SOFT,30,21,5737.990835454415,328.087661587826
PIA,McLaren,MEDIUM -> SOFT,MEDIUM,SOFT,31,21,5718.007917676565,308.10474380997584
PIA,McLaren,MEDIUM -> SOFT,MEDIUM,SOFT,32,21,5698.110455344565,288.2072814779758
PIA,McLaren,MEDIUM -> SOFT,MEDIUM,SOFT,33,21,5678.298448458415,268.3952745918259
PIA,McLaren,MEDIUM -> SOFT,MEDIUM,SOFT,34,21,5658.571897018115,248.66872315152614
PIA,McLaren,MEDIUM -> SOFT,MEDIUM,SOFT,35,21,5638.930801023665,229.02762715707559
PIA,McLaren,MEDIUM -> SOFT,MEDIUM,SOFT,36,21,5619.375160475065,209.47198660847607
PIA,McLaren,MEDIUM -> SOFT,MEDIUM,SOFT,37,21,5599.904975372317,190.0018015057276
PIA,McLaren,MEDIUM -> SOFT,MEDIUM,SOFT,38,21,5580.520245715417,170.61707184882835
PIA,McLaren,MEDIUM -> SOFT,MEDIUM,SOFT,39,21,5561.220971504368,151.31779763777922
PIA,McLaren,MEDIUM -> SOFT,MEDIUM,SOFT,40,21,5542.00715273917,132.10397887258114
PIA,McLaren,MEDIUM -> SOFT,MEDIUM,SOFT,41,21,5522.878789419822,112.97561555323318
PIA,McLaren,MEDIUM -> SOFT,MEDIUM,SOFT,42,21,5503.835881546324,93.93270767973536
PIA,McLaren,MEDIUM -> SOFT,MEDIUM,SOFT,43,21,5484.878429118677,74.97525525208766
PIA,McLaren,MEDIUM -> SOFT,MEDIUM,SOFT,44,21,5466.00643213688,56.10325827029101
PIA,McLaren,MEDIUM -> SOFT,MEDIUM,SOFT,45,21,5447.219890600933,37.31671673434357
PIA,McLaren,MEDIUM -> SOFT,MEDIUM,SOFT,46,21,5428.518804510835,18.615630644246266
PIA,McLaren,MEDIUM -> SOFT,MEDIUM,SOFT,47,21,5409.903173866589,0
PIA,McLaren,SOFT -> HARD,SOFT,HARD,5,21,6830.012773221165,716.6519873143789
PIA,McLaren,SOFT -> HARD,SOFT,HARD,6,21,6781.845742674998,668.4849567682122
PIA,McLaren,SOFT -> HARD,SOFT,HARD,7,21,6735.354061632586,621.9932757258002
PIA,McLaren,SOFT -> HARD,SOFT,HARD,8,21,6690.537730093928,577.176944187142
PIA,McLaren,SOFT -> HARD,SOFT,HARD,9,21,6647.396748059025,534.0359621522393
PIA,McLaren,SOFT -> HARD,SOFT,HARD,10,21,6605.931115527878,492.57032962109224
PIA,McLaren,SOFT -> HARD,SOFT,HARD,11,21,6566.140832500486,452.7800465936998
PIA,McLaren,SOFT -> HARD,SOFT,HARD,12,21,6528.025898976848,414.66511307006203
PIA,McLaren,SOFT -> HARD,SOFT,HARD,13,21,6491.586314956965,378.2255290501789
PIA,McLaren,SOFT -> HARD,SOFT,HARD,14,21,6456.822080440836,343.46129453404956
PIA,McLaren,SOFT -> HARD,SOFT,HARD,15,21,6423.733195428463,310.3724095216767
PIA,McLaren,SOFT -> HARD,SOFT,HARD,16,21,6392.319659919844,278.95887401305754
PIA,McLaren,SOFT -> HARD,SOFT,HARD,17,21,6362.58147391498,249.22068800819397
PIA,McLaren,SOFT -> HARD,SOFT,HARD,18,21,6334.51863741387,221.15785150708416
PIA,McLaren,SOFT -> HARD,SOFT,HARD,19,21,6308.131150416517,194.77036450973083
PIA,McLaren,SOFT -> HARD,SOFT,HARD,20,21,6283.419012922917,170.05822701613124
PIA,McLaren,SOFT -> HARD,SOFT,HARD,21,21,6260.382224933073,147.02143902628723
PIA,McLaren,SOFT -> HARD,SOFT,HARD,22,21,6239.020786446983,125.66000054019696
PIA,McLaren,SOFT -> HARD,SOFT,HARD,23,21,6219.334697464649,105.97391155786318
PIA,McLaren,SOFT -> HARD,SOFT,HARD,24,21,6201.323957986069,87.96317207928314
PIA,McLaren,SOFT -> HARD,SOFT,HARD,25,21,6184.988568011244,71.62778210445776
PIA,McLaren,SOFT -> HARD,SOFT,HARD,26,21,6170.328527540173,56.96774163338705
PIA,McLaren,SOFT -> HARD,SOFT,HARD,27,21,6157.343836572858,43.983050666071904
PIA,McLaren,SOFT -> HARD,SOFT,HARD,28,21,6146.0344951092975,32.67370920251142
PIA,McLaren,SOFT -> HARD,SOFT,HARD,29,21,6136.400503149491,23.039717242704683
PIA,McLaren,SOFT -> HARD,SOFT,HARD,30,21,6128.4418606934405,15.081074786654426
PIA,McLaren,SOFT -> HARD,SOFT,HARD,31,21,6122.158567741146,8.79778183435974
PIA,McLaren,SOFT -> HARD,SOFT,HARD,32,21,6117.550624292604,4.189838385817893
PIA,McLaren,SOFT -> HARD,SOFT,HARD,33,21,6114.618030347818,1.2572444410316166
PIA,McLaren,SOFT -> HARD,SOFT,HARD,34,21,6113.360785906786,0
PIA,McLaren,SOFT -> HARD,SOFT,HARD,35,21,6113.77889096951,0.41810506272395287
PIA,McLaren,SOFT -> HARD,SOFT,HARD,36,21,6115.872345535989,2.5115596292025657
PIA,McLaren,SOFT -> HARD,SOFT,HARD,37,21,6119.641149606222,6.2803636994358385
PIA,McLaren,SOFT -> HARD,SOFT,HARD,38,21,6125.08530318021,11.724517273423771
PIA,McLaren,SOFT -> HARD,SOFT,HARD,39,21,6132.204806257952,18.844020351166364
PIA,McLaren,SOFT -> HARD,SOFT,HARD,40,21,6140.99965883945,27.638872932663617
PIA,McLaren,SOFT -> HARD,SOFT,HARD,41,21,6151.4698609247025,38.10907501791644
PIA,McLaren,SOFT -> HARD,SOFT,HARD,42,21,6163.61541251371,50.25462660692392
PIA,McLaren,SOFT -> HARD,SOFT,HARD,43,21,6177.436313606472,64.07552769968606
PIA,McLaren,SOFT -> HARD,SOFT,HARD,44,21,6192.932564202989,79.57177829620287
PIA,McLaren,SOFT -> HARD,SOFT,HARD,45,21,6210.10416430326,96.74337839647433
PIA,McLaren,SOFT -> HARD,SOFT,HARD,46,21,6228.9511139072865,115.59032800050045
PIA,McLaren,SOFT -> HARD,SOFT,HARD,47,21,6249.473413015068,136.11262710828214
PIA,McLaren,SOFT -> MEDIUM,SOFT,MEDIUM,5,21,5416.260209637743,0
PIA,McLaren,SOFT -> MEDIUM,SOFT,MEDIUM,6,21,5435.984940139934,19.72473050219105
PIA,McLaren,SOFT -> MEDIUM,SOFT,MEDIUM,7,21,5455.741023655882,39.48081401813852
PIA,McLaren,SOFT -> MEDIUM,SOFT,MEDIUM,8,21,5475.528460185586,59.2682505478424
PIA,McLaren,SOFT -> MEDIUM,SOFT,MEDIUM,9,21,5495.347249729044,79.08704009130088
PIA,McLaren,SOFT -> MEDIUM,SOFT,MEDIUM,10,21,5515.197392286257,98.93718264851395
PIA,McLaren,SOFT -> MEDIUM,SOFT,MEDIUM,11,21,5535.078887857227,118.81867821948344
PIA,McLaren,SOFT -> MEDIUM,SOFT,MEDIUM,12,21,5554.991736441951,138.73152680420753
PIA,McLaren,SOFT -> MEDIUM,SOFT,MEDIUM,13,21,5574.935938040431,158.67572840268804
PIA,McLaren,SOFT -> MEDIUM,SOFT,MEDIUM,14,21,5594.911492652667,178.65128301492405
PIA,McLaren,SOFT -> MEDIUM,SOFT,MEDIUM,15,21,5614.918400278657,198.65819064091374
PIA,McLaren,SOFT -> MEDIUM,SOFT,MEDIUM,16,21,5634.956660918402,218.69645128065895
PIA,McLaren,SOFT -> MEDIUM,SOFT,MEDIUM,17,21,5655.026274571904,238.76606493416057
PIA,McLaren,SOFT -> MEDIUM,SOFT,MEDIUM,18,21,5675.127241239159,258.8670316014159
PIA,McLaren,SOFT -> MEDIUM,SOFT,MEDIUM,19,21,5695.259560920171,278.9993512824276
PIA,McLaren,SOFT -> MEDIUM,SOFT,MEDIUM,20,21,5715.423233614938,299.1630239771948
PIA,McLaren,SOFT -> MEDIUM,SOFT,MEDIUM,21,21,5735.618259323461,319.35804968571756
PIA,McLaren,SOFT -> MEDIUM,SOFT,MEDIUM,22,21,5755.844638045737,339.584428407994
PIA,McLaren,SOFT -> MEDIUM,SOFT,MEDIUM,23,21,5776.102369781771,359.84216014402773
PIA,McLaren,SOFT -> MEDIUM,SOFT,MEDIUM,24,21,5796.391454531559,380.1312448938161
PIA,McLaren,SOFT -> MEDIUM,SOFT,MEDIUM,25,21,5816.711892295103,400.4516826573599
PIA,McLaren,SOFT -> MEDIUM,SOFT,MEDIUM,26,21,5837.0636830724025,420.8034734346593
PIA,McLaren,SOFT -> MEDIUM,SOFT,MEDIUM,27,21,5857.446826863456,441.18661722571323
PIA,McLaren,SOFT -> MEDIUM,SOFT,MEDIUM,28,21,5877.861323668267,461.6011140305236
PIA,McLaren,SOFT -> MEDIUM,SOFT,MEDIUM,29,21,5898.307173486832,482.04696384908857
PIA,McLaren,SOFT -> MEDIUM,SOFT,MEDIUM,30,21,5918.784376319152,502.52416668140904
PIA,McLaren,SOFT -> MEDIUM,SOFT,MEDIUM,31,21,5939.292932165227,523.0327225274841
PIA,McLaren,SOFT -> MEDIUM,SOFT,MEDIUM,32,21,5959.832841025059,543.5726313873156
PIA,McLaren,SOFT -> MEDIUM,SOFT,MEDIUM,33,21,5980.404102898645,564.1438932609017
PIA,McLaren,SOFT -> MEDIUM,SOFT,MEDIUM,34,21,6001.006717785986,584.7465081482433
PIA,McLaren,SOFT -> MEDIUM,SOFT,MEDIUM,35,21,6021.640685687084,605.3804760493413
PIA,McLaren,SOFT -> MEDIUM,SOFT,MEDIUM,36,21,6042.306006601937,626.0457969641939
PIA,McLaren,SOFT -> MEDIUM,SOFT,MEDIUM,37,21,6063.002680530544,646.7424708928011
PIA,McLaren,SOFT -> MEDIUM,SOFT,MEDIUM,38,21,6083.730707472907,667.4704978351638
PIA,McLaren,SOFT -> MEDIUM,SOFT,MEDIUM,39,21,6104.490087429025,688.229877791282
PIA,McLaren,SOFT -> MEDIUM,SOFT,MEDIUM,40,21,6125.2808203989,709.0206107611566
PIA,McLaren,SOFT -> MEDIUM,SOFT,MEDIUM,41,21,6146.102906382528,729.8426967447849
PIA,McLaren,SOFT -> MEDIUM,SOFT,MEDIUM,42,21,6166.956345379913,750.6961357421696
PIA,McLaren,SOFT -> MEDIUM,SOFT,MEDIUM,43,21,6187.841137391053,771.5809277533099
PIA,McLaren,SOFT -> MEDIUM,SOFT,MEDIUM,44,21,6208.757282415947,792.4970727782038
PIA,McLaren,SOFT -> MEDIUM,SOFT,MEDIUM,45,21,6229.704780454597,813.4445708168541
PIA,McLaren,SOFT -> MEDIUM,SOFT,MEDIUM,46,21,6250.683631507003,834.42342186926
PIA,McLaren,SOFT -> MEDIUM,SOFT,MEDIUM,47,21,6271.693835573164,855.4336259354204
RUS,Mercedes,HARD -> MEDIUM,HARD,MEDIUM,5,21,5670.221391548138,23.397094950894825
RUS,Mercedes,HARD -> MEDIUM,HARD,MEDIUM,6,21,5670.571205191495,23.74690859425209
RUS,Mercedes,HARD -> MEDIUM,HARD,MEDIUM,7,21,5670.876780428382,24.05248383113849
RUS,Mercedes,HARD -> MEDIUM,HARD,MEDIUM,8,21,5671.138117258797,24.31382066155402
RUS,Mercedes,HARD -> MEDIUM,HARD,MEDIUM,9,21,5671.355215682741,24.53091908549777
RUS,Mercedes,HARD -> MEDIUM,HARD,MEDIUM,10,21,5671.528075700213,24.703779102969747
RUS,Mercedes,HARD -> MEDIUM,HARD,MEDIUM,11,21,5671.656697311215,24.832400713971765
RUS,Mercedes,HARD -> MEDIUM,HARD,MEDIUM,12,21,5671.741080515743,24.916783918500187
RUS,Mercedes,HARD -> MEDIUM,HARD,MEDIUM,13,21,5671.781225313801,24.95692871655774
RUS,Mercedes,HARD -> MEDIUM,HARD,MEDIUM,14,21,5671.777131705387,24.952835108143518
RUS,Mercedes,HARD -> MEDIUM,HARD,MEDIUM,15,21,5671.728799690502,24.904503093258427
RUS,Mercedes,HARD -> MEDIUM,HARD,MEDIUM,16,21,5671.636229269146,24.81193267190247
RUS,Mercedes,HARD -> MEDIUM,HARD,MEDIUM,17,21,5671.499420441318,24.675123844074733
RUS,Mercedes,HARD -> MEDIUM,HARD,MEDIUM,18,21,5671.318373207018,24.49407660977522
RUS,Mercedes,HARD -> MEDIUM,HARD,MEDIUM,19,21,5671.093087566247,24.26879096900393
RUS,Mercedes,HARD -> MEDIUM,HARD,MEDIUM,20,21,5670.823563519005,23.999266921761773
RUS,Mercedes,HARD -> MEDIUM,HARD,MEDIUM,21,21,5670.509801065291,23.68550446804784
RUS,Mercedes,HARD -> MEDIUM,HARD,MEDIUM,22,21,5670.151800205105,23.327503607862127
RUS,Mercedes,HARD -> MEDIUM,HARD,MEDIUM,23,21,5669.749560938448,22.925264341204638
RUS,Mercedes,HARD -> MEDIUM,HARD,MEDIUM,24,21,5669.303083265319,22.478786668076282
RUS,Mercedes,HARD -> MEDIUM,HARD,MEDIUM,25,21,5668.81236718572,21.988070588477058
RUS,Mercedes,HARD -> MEDIUM,HARD,MEDIUM,26,21,5668.277412699648,21.453116102405147
RUS,Mercedes,HARD -> MEDIUM,HARD,MEDIUM,27,21,5667.6982198071055,20.87392320986237
RUS,Mercedes,HARD -> MEDIUM,HARD,MEDIUM,28,21,5667.074788508091,20.250491910847813
RUS,Mercedes,HARD -> MEDIUM,HARD,MEDIUM,29,21,5666.4071188026055,19.58282220536239
RUS,Mercedes,HARD -> MEDIUM,HARD,MEDIUM,30,21,5665.695210690648,18.87091409340519
RUS,Mercedes,HARD -> MEDIUM,HARD,MEDIUM,31,21,5664.939064172219,18.114767574976213
RUS,Mercedes,HARD -> MEDIUM,HARD,MEDIUM,32,21,5664.1386792473195,17.314382650076368
RUS,Mercedes,HARD -> MEDIUM,HARD,MEDIUM,33,21,5663.294055915947,16.469759318703836
RUS,Mercedes,HARD -> MEDIUM,HARD,MEDIUM,34,21,5662.4051941781045,15.580897580861347
RUS,Mercedes,HARD -> MEDIUM,HARD,MEDIUM,35,21,5661.47209403379,14.64779743654708
RUS,Mercedes,HARD -> MEDIUM,HARD,MEDIUM,36,21,5660.494755483004,13.670458885761036
RUS,Mercedes,HARD -> MEDIUM,HARD,MEDIUM,37,21,5659.473178525746,12.648881928503215
RUS,Mercedes,HARD -> MEDIUM,HARD,MEDIUM,38,21,5658.407363162018,11.583066564774526
RUS,Mercedes,HARD -> MEDIUM,HARD,MEDIUM,39,21,5657.297309391817,10.47301279457406
RUS,Mercedes,HARD -> MEDIUM,HARD,MEDIUM,40,21,5656.143017215146,9.318720617902727
RUS,Mercedes,HARD -> MEDIUM,HARD,MEDIUM,41,21,5654.944486632003,8.120190034759617
RUS,Mercedes,HARD -> MEDIUM,HARD,MEDIUM,42,21,5653.701717642388,6.877421045144729
RUS,Mercedes,HARD -> MEDIUM,HARD,MEDIUM,43,21,5652.414710246301,5.590413649058064
RUS,Mercedes,HARD -> MEDIUM,HARD,MEDIUM,44,21,5651.083464443745,4.259167846501441
RUS,Mercedes,HARD -> MEDIUM,HARD,MEDIUM,45,21,5649.707980234715,2.8836836374721315
RUS,Mercedes,HARD -> MEDIUM,HARD,MEDIUM,46,21,5648.288257619214,1.4639610219710448
RUS,Mercedes,HARD -> MEDIUM,HARD,MEDIUM,47,21,5646.824296597243,0
RUS,Mercedes,HARD -> SOFT,HARD,SOFT,5,21,5818.578661536585,166.75601555019148
RUS,Mercedes,HARD -> SOFT,HARD,SOFT,6,21,5813.409653759925,161.5870077735317
RUS,Mercedes,HARD -> SOFT,HARD,SOFT,7,21,5808.299115566389,156.47646957999586
RUS,Mercedes,HARD -> SOFT,HARD,SOFT,8,21,5803.247046955978,151.42440096958398
RUS,Mercedes,HARD -> SOFT,HARD,SOFT,9,21,5798.253447928689,146.43080194229515
RUS,Mercedes,HARD -> SOFT,HARD,SOFT,10,21,5793.318318484525,141.49567249813117
RUS,Mercedes,HARD -> SOFT,HARD,SOFT,11,21,5788.441658623482,136.61901263708842
RUS,Mercedes,HARD -> SOFT,HARD,SOFT,12,21,5783.623468345565,131.80082235917143
RUS,Mercedes,HARD -> SOFT,HARD,SOFT,13,21,5778.863747650773,127.04110166437931
RUS,Mercedes,HARD -> SOFT,HARD,SOFT,14,21,5774.162496539102,122.33985055270841
RUS,Mercedes,HARD -> SOFT,HARD,SOFT,15,21,5769.519715010558,117.6970690241642
RUS,Mercedes,HARD -> SOFT,HARD,SOFT,16,21,5764.935403065134,113.11275707874029
RUS,Mercedes,HARD -> SOFT,HARD,SOFT,17,21,5760.409560702836,108.58691471644215
RUS,Mercedes,HARD -> SOFT,HARD,SOFT,18,21,5755.942187923661,104.11954193726706
RUS,Mercedes,HARD -> SOFT,HARD,SOFT,19,21,5751.5332847276095,99.71063874121592
RUS,Mercedes,HARD -> SOFT,HARD,SOFT,20,21,5747.182851114682,95.36020512828873
RUS,Mercedes,HARD -> SOFT,HARD,SOFT,21,21,5742.890887084878,91.06824109848458
RUS,Mercedes,HARD -> SOFT,HARD,SOFT,22,21,5738.657392638198,86.83474665180438
RUS,Mercedes,HARD -> SOFT,HARD,SOFT,23,21,5734.482367774641,82.65972178824723
RUS,Mercedes,HARD -> SOFT,HARD,SOFT,24,21,5730.3658124942085,78.54316650781493
RUS,Mercedes,HARD -> SOFT,HARD,SOFT,25,21,5726.307726796898,74.48508081050477
RUS,Mercedes,HARD -> SOFT,HARD,SOFT,26,21,5722.308110682713,70.48546469631947
RUS,Mercedes,HARD -> SOFT,HARD,SOFT,27,21,5718.366964151652,66.54431816525812
RUS,Mercedes,HARD -> SOFT,HARD,SOFT,28,21,5714.484287203713,62.66164121731981
RUS,Mercedes,HARD -> SOFT,HARD,SOFT,29,21,5710.660079838899,58.837433852505455
RUS,Mercedes,HARD -> SOFT,HARD,SOFT,30,21,5706.894342057209,55.07169607081505
RUS,Mercedes,HARD -> SOFT,HARD,SOFT,31,21,5703.187073858641,51.36442787224769
RUS,Mercedes,HARD -> SOFT,HARD,SOFT,32,21,5699.538275243198,47.71562925680428
RUS,Mercedes,HARD -> SOFT,HARD,SOFT,33,21,5695.9479462108775,44.12530022448391
RUS,Mercedes,HARD -> SOFT,HARD,SOFT,34,21,5692.416086761683,40.59344077528931
RUS,Mercedes,HARD -> SOFT,HARD,SOFT,35,21,5688.9426968956095,37.120050909215934
RUS,Mercedes,HARD -> SOFT,HARD,SOFT,36,21,5685.527776612662,33.70513062626833
RUS,Mercedes,HARD -> SOFT,HARD,SOFT,37,21,5682.171325912837,30.348679926443765
RUS,Mercedes,HARD -> SOFT,HARD,SOFT,38,21,5678.873344796136,27.050698809742244
RUS,Mercedes,HARD -> SOFT,HARD,SOFT,39,21,5675.633833262558,23.811187276164674
RUS,Mercedes,HARD -> SOFT,HARD,SOFT,40,21,5672.452791312105,20.630145325711055
RUS,Mercedes,HARD -> SOFT,HARD,SOFT,41,21,5669.330218944775,17.507572958381388
RUS,Mercedes,HARD -> SOFT,HARD,SOFT,42,21,5666.266116160568,14.443470174174763
RUS,Mercedes,HARD -> SOFT,HARD,SOFT,43,21,5663.260482959487,11.437836973092999
RUS,Mercedes,HARD -> SOFT,HARD,SOFT,44,21,5660.313319341528,8.490673355134277
RUS,Mercedes,HARD -> SOFT,HARD,SOFT,45,21,5657.424625306692,5.601979320298597
RUS,Mercedes,HARD -> SOFT,HARD,SOFT,46,21,5654.594400854981,2.7717548685877773
RUS,Mercedes,HARD -> SOFT,HARD,SOFT,47,21,5651.822645986394,0
RUS,Mercedes,MEDIUM -> HARD,MEDIUM,HARD,5,21,5636.428271076448,1.559833765662006
RUS,Mercedes,MEDIUM -> HARD,MEDIUM,HARD,6,21,5636.078457433091,1.2100201223047407
RUS,Mercedes,MEDIUM -> HARD,MEDIUM,HARD,7,21,5635.772882196204,0.9044448854174334
RUS,Mercedes,MEDIUM -> HARD,MEDIUM,HARD,8,21,5635.511545365789,0.6431080550028128
RUS,Mercedes,MEDIUM -> HARD,MEDIUM,HARD,9,21,5635.294446941845,0.42600963105905976
RUS,Mercedes,MEDIUM -> HARD,MEDIUM,HARD,10,21,5635.121586924373,0.2531496135870839
RUS,Mercedes,MEDIUM -> HARD,MEDIUM,HARD,11,21,5634.992965313373,0.12452800258688512
RUS,Mercedes,MEDIUM -> HARD,MEDIUM,HARD,12,21,5634.908582108844,0.040144798057554
RUS,Mercedes,MEDIUM -> HARD,MEDIUM,HARD,13,21,5634.868437310786,0
RUS,Mercedes,MEDIUM -> HARD,MEDIUM,HARD,14,21,5634.8725309192,0.004093608413313632
RUS,Mercedes,MEDIUM -> HARD,MEDIUM,HARD,15,21,5634.920862934085,0.05242562329840439
RUS,Mercedes,MEDIUM -> HARD,MEDIUM,HARD,16,21,5635.0134333554415,0.14499604465527227
RUS,Mercedes,MEDIUM -> HARD,MEDIUM,HARD,17,21,5635.15024218327,0.2818048724839173
RUS,Mercedes,MEDIUM -> HARD,MEDIUM,HARD,18,21,5635.331289417569,0.4628521067825204
RUS,Mercedes,MEDIUM -> HARD,MEDIUM,HARD,19,21,5635.55657505834,0.6881377475538102
RUS,Mercedes,MEDIUM -> HARD,MEDIUM,HARD,20,21,5635.826099105583,0.9576617947968771
RUS,Mercedes,MEDIUM -> HARD,MEDIUM,HARD,21,21,5636.139861559296,1.271424248509902
RUS,Mercedes,MEDIUM -> HARD,MEDIUM,HARD,22,21,5636.497862419481,1.6294251086947042
RUS,Mercedes,MEDIUM -> HARD,MEDIUM,HARD,23,21,5636.900101686138,2.031664375352193
RUS,Mercedes,MEDIUM -> HARD,MEDIUM,HARD,24,21,5637.346579359267,2.4781420484805494
RUS,Mercedes,MEDIUM -> HARD,MEDIUM,HARD,25,21,5637.837295438867,2.968858128080683
RUS,Mercedes,MEDIUM -> HARD,MEDIUM,HARD,26,21,5638.372249924938,3.503812614151684
RUS,Mercedes,MEDIUM -> HARD,MEDIUM,HARD,27,21,5638.951442817481,4.083005506694462
RUS,Mercedes,MEDIUM -> HARD,MEDIUM,HARD,28,21,5639.574874116495,4.706436805709018
RUS,Mercedes,MEDIUM -> HARD,MEDIUM,HARD,29,21,5640.242543821982,5.37410651119535
RUS,Mercedes,MEDIUM -> HARD,MEDIUM,HARD,30,21,5640.954451933938,6.086014623151641
RUS,Mercedes,MEDIUM -> HARD,MEDIUM,HARD,31,21,5641.710598452366,6.842161141579709
RUS,Mercedes,MEDIUM -> HARD,MEDIUM,HARD,32,21,5642.510983377267,7.642546066480463
RUS,Mercedes,MEDIUM -> HARD,MEDIUM,HARD,33,21,5643.355606708637,8.487169397851176
RUS,Mercedes,MEDIUM -> HARD,MEDIUM,HARD,34,21,5644.244468446481,9.376031135694575
RUS,Mercedes,MEDIUM -> HARD,MEDIUM,HARD,35,21,5645.177568590796,10.309131280009751
RUS,Mercedes,MEDIUM -> HARD,MEDIUM,HARD,36,21,5646.154907141581,11.286469830794886
RUS,Mercedes,MEDIUM -> HARD,MEDIUM,HARD,37,21,5647.176484098839,12.308046788052707
RUS,Mercedes,MEDIUM -> HARD,MEDIUM,HARD,38,21,5648.242299462568,13.373862151781395
RUS,Mercedes,MEDIUM -> HARD,MEDIUM,HARD,39,21,5649.352353232768,14.483915921981861
RUS,Mercedes,MEDIUM -> HARD,MEDIUM,HARD,40,21,5650.506645409439,15.638208098653195
RUS,Mercedes,MEDIUM -> HARD,MEDIUM,HARD,41,21,5651.7051759925835,16.836738681797215
RUS,Mercedes,MEDIUM -> HARD,MEDIUM,HARD,42,21,5652.947944982197,18.079507671411193
RUS,Mercedes,MEDIUM -> HARD,MEDIUM,HARD,43,21,5654.234952378283,19.366515067496948
RUS,Mercedes,MEDIUM -> HARD,MEDIUM,HARD,44,21,5655.566198180842,20.69776087005539
RUS,Mercedes,MEDIUM -> HARD,MEDIUM,HARD,45,21,5656.94168238987,22.07324507908379
RUS,Mercedes,MEDIUM -> HARD,MEDIUM,HARD,46,21,5658.36140500537,23.492967694583967
RUS,Mercedes,MEDIUM -> HARD,MEDIUM,HARD,47,21,5659.825366027343,24.95692871655683
RUS,Mercedes,MEDIUM -> SOFT,MEDIUM,SOFT,5,21,5816.166017222723,143.35892059929665
RUS,Mercedes,MEDIUM -> SOFT,MEDIUM,SOFT,6,21,5810.647195802706,137.8400991792796
RUS,Mercedes,MEDIUM -> SOFT,MEDIUM,SOFT,7,21,5805.231082372283,132.42398574885647
RUS,Mercedes,MEDIUM -> SOFT,MEDIUM,SOFT,8,21,5799.917676931456,127.11058030802997
RUS,Mercedes,MEDIUM -> SOFT,MEDIUM,SOFT,9,21,5794.706979480224,121.89988285679738
RUS,Mercedes,MEDIUM -> SOFT,MEDIUM,SOFT,10,21,5789.598990018587,116.79189339516051
RUS,Mercedes,MEDIUM -> SOFT,MEDIUM,SOFT,11,21,5784.593708546545,111.78661192311847
RUS,Mercedes,MEDIUM -> SOFT,MEDIUM,SOFT,12,21,5779.691135064098,106.88403844067125
RUS,Mercedes,MEDIUM -> SOFT,MEDIUM,SOFT,13,21,5774.891269571248,102.08417294782157
RUS,Mercedes,MEDIUM -> SOFT,MEDIUM,SOFT,14,21,5770.194112067991,97.3870154445649
RUS,Mercedes,MEDIUM -> SOFT,MEDIUM,SOFT,15,21,5765.599662554331,92.79256593090486
RUS,Mercedes,MEDIUM -> SOFT,MEDIUM,SOFT,16,21,5761.107921030265,88.30082440683873
RUS,Mercedes,MEDIUM -> SOFT,MEDIUM,SOFT,17,21,5756.718887495795,83.91179087236833
RUS,Mercedes,MEDIUM -> SOFT,MEDIUM,SOFT,18,21,5752.432561950919,79.62546532749275
RUS,Mercedes,MEDIUM -> SOFT,MEDIUM,SOFT,19,21,5748.248944395639,75.4418477722129
RUS,Mercedes,MEDIUM -> SOFT,MEDIUM,SOFT,20,21,5744.168034829954,71.36093820652786
RUS,Mercedes,MEDIUM -> SOFT,MEDIUM,SOFT,21,21,5740.189833253864,67.38273663043765
RUS,Mercedes,MEDIUM -> SOFT,MEDIUM,SOFT,22,21,5736.3143396673695,63.50724304394316
RUS,Mercedes,MEDIUM -> SOFT,MEDIUM,SOFT,23,21,5732.541554070469,59.73445744704259
RUS,Mercedes,MEDIUM -> SOFT,MEDIUM,SOFT,24,21,5728.871476463165,56.06437983973865
RUS,Mercedes,MEDIUM -> SOFT,MEDIUM,SOFT,25,21,5725.304106845455,52.49701022202862
RUS,Mercedes,MEDIUM -> SOFT,MEDIUM,SOFT,26,21,5721.839445217342,49.03234859391523
RUS,Mercedes,MEDIUM -> SOFT,MEDIUM,SOFT,27,21,5718.477491578822,45.67039495539575
RUS,Mercedes,MEDIUM -> SOFT,MEDIUM,SOFT,28,21,5715.218245929899,42.41114930647291
RUS,Mercedes,MEDIUM -> SOFT,MEDIUM,SOFT,29,21,5712.06170827057,39.254611647143975
RUS,Mercedes,MEDIUM -> SOFT,MEDIUM,SOFT,30,21,5709.007878600836,36.20078197740986
RUS,Mercedes,MEDIUM -> SOFT,MEDIUM,SOFT,31,21,5706.056756920698,33.249660297271475
RUS,Mercedes,MEDIUM -> SOFT,MEDIUM,SOFT,32,21,5703.208343230155,30.40124660672882
RUS,Mercedes,MEDIUM -> SOFT,MEDIUM,SOFT,33,21,5700.462637529206,27.65554090578007
RUS,Mercedes,MEDIUM -> SOFT,MEDIUM,SOFT,34,21,5697.819639817854,25.012543194427963
RUS,Mercedes,MEDIUM -> SOFT,MEDIUM,SOFT,35,21,5695.279350096096,22.472253472669763
RUS,Mercedes,MEDIUM -> SOFT,MEDIUM,SOFT,36,21,5692.841768363934,20.034671740507292
RUS,Mercedes,MEDIUM -> SOFT,MEDIUM,SOFT,37,21,5690.506894621367,17.69979799794055
RUS,Mercedes,MEDIUM -> SOFT,MEDIUM,SOFT,38,21,5688.274728868394,15.467632244967717
RUS,Mercedes,MEDIUM -> SOFT,MEDIUM,SOFT,39,21,5686.145271105017,13.338174481590613
RUS,Mercedes,MEDIUM -> SOFT,MEDIUM,SOFT,40,21,5684.118521331235,11.311424707808328
RUS,Mercedes,MEDIUM -> SOFT,MEDIUM,SOFT,41,21,5682.194479547048,9.387382923621772
RUS,Mercedes,MEDIUM -> SOFT,MEDIUM,SOFT,42,21,5680.373145752457,7.566049129030944
RUS,Mercedes,MEDIUM -> SOFT,MEDIUM,SOFT,43,21,5678.65451994746,5.847423324034025
RUS,Mercedes,MEDIUM -> SOFT,MEDIUM,SOFT,44,21,5677.038602132059,4.231505508632836
RUS,Mercedes,MEDIUM -> SOFT,MEDIUM,SOFT,45,21,5675.525392306253,2.718295682826465
RUS,Mercedes,MEDIUM -> SOFT,MEDIUM,SOFT,46,21,5674.114890470042,1.307793846615823
RUS,Mercedes,MEDIUM -> SOFT,MEDIUM,SOFT,47,21,5672.807096623426,0
RUS,Mercedes,SOFT -> HARD,SOFT,HARD,5,21,5665.562998020463,0
RUS,Mercedes,SOFT -> HARD,SOFT,HARD,6,21,5670.732005797123,5.169007776659782
RUS,Mercedes,SOFT -> HARD,SOFT,HARD,7,21,5675.842543990659,10.279545970195613
RUS,Mercedes,SOFT -> HARD,SOFT,HARD,8,21,5680.894612601071,15.331614580607493
RUS,Mercedes,SOFT -> HARD,SOFT,HARD,9,21,5685.8882116283585,20.32521360789542
RUS,Mercedes,SOFT -> HARD,SOFT,HARD,10,21,5690.823341072523,25.260343052060307
RUS,Mercedes,SOFT -> HARD,SOFT,HARD,11,21,5695.700000933564,30.13700291310124
RUS,Mercedes,SOFT -> HARD,SOFT,HARD,12,21,5700.518191211482,34.955193191019134
RUS,Mercedes,SOFT -> HARD,SOFT,HARD,13,21,5705.277911906276,39.714913885813075
RUS,Mercedes,SOFT -> HARD,SOFT,HARD,14,21,5709.979163017945,44.416164997482156
RUS,Mercedes,SOFT -> HARD,SOFT,HARD,15,21,5714.621944546492,49.058946526029104
RUS,Mercedes,SOFT -> HARD,SOFT,HARD,16,21,5719.206256491914,53.64325847145119
RUS,Mercedes,SOFT -> HARD,SOFT,HARD,17,21,5723.732098854213,58.169100833750235
RUS,Mercedes,SOFT -> HARD,SOFT,HARD,18,21,5728.1994716333875,62.63647361292442
RUS,Mercedes,SOFT -> HARD,SOFT,HARD,19,21,5732.608374829439,67.04537680897556
RUS,Mercedes,SOFT -> HARD,SOFT,HARD,20,21,5736.958808442367,71.39581042190366
RUS,Mercedes,SOFT -> HARD,SOFT,HARD,21,21,5741.250772472171,75.68777445170781
RUS,Mercedes,SOFT -> HARD,SOFT,HARD,22,21,5745.484266918851,79.921268898388007
RUS,Mercedes,SOFT -> HARD,SOFT,HARD,23,21,5749.659291782407,84.09629376194425
RUS,Mercedes,SOFT -> HARD,SOFT,HARD,24,21,5753.77584706284,88.21284904237655
RUS,Mercedes,SOFT -> HARD,SOFT,HARD,25,21,5757.83393276015,92.27093473968671
RUS,Mercedes,SOFT -> HARD,SOFT,HARD,26,21,5761.833548874335,96.27055085387201
RUS,Mercedes,SOFT -> HARD,SOFT,HARD,27,21,5765.774695405396,100.21169738493336
RUS,Mercedes,SOFT -> HARD,SOFT,HARD,28,21,5769.657372353334,104.09437433287076
RUS,Mercedes,SOFT -> HARD,SOFT,HARD,29,21,5773.481579718149,107.91858169768602
RUS,Mercedes,SOFT -> HARD,SOFT,HARD,30,21,5777.247317499839,111.68431947937552
RUS,Mercedes,SOFT -> HARD,SOFT,HARD,31,21,5780.954585698406,115.39158767794288
RUS,Mercedes,SOFT -> HARD,SOFT,HARD,32,21,5784.603384313849,119.04038629338629
RUS,Mercedes,SOFT -> HARD,SOFT,HARD,33,21,5788.193713346169,122.63071532570575
RUS,Mercedes,SOFT -> HARD,SOFT,HARD,34,21,5791.725572795365,126.16257477490217
RUS,Mercedes,SOFT -> HARD,SOFT,HARD,35,21,5795.198962661437,129.63596464097373
RUS,Mercedes,SOFT -> HARD,SOFT,HARD,36,21,5798.613882944385,133.05088492392224
RUS,Mercedes,SOFT -> HARD,SOFT,HARD,37,21,5801.97033364421,136.4073356237468
RUS,Mercedes,SOFT -> HARD,SOFT,HARD,38,21,5805.2683147609105,139.70531674044742
RUS,Mercedes,SOFT -> HARD,SOFT,HARD,39,21,5808.507826294488,142.94482827402499
RUS,Mercedes,SOFT -> HARD,SOFT,HARD,40,21,5811.688868244942,146.1258702244786
RUS,Mercedes,SOFT -> HARD,SOFT,HARD,41,21,5814.811440612271,149.24844259180827
RUS,Mercedes,SOFT -> HARD,SOFT,HARD,42,21,5817.875543396478,152.3125453760149
RUS,Mercedes,SOFT -> HARD,SOFT,HARD,43,21,5820.881176597561,155.31817857709757
RUS,Mercedes,SOFT -> HARD,SOFT,HARD,44,21,5823.82834021552,158.2653421950572
RUS,Mercedes,SOFT -> HARD,SOFT,HARD,45,21,5826.717034250355,161.15403622989197
RUS,Mercedes,SOFT -> HARD,SOFT,HARD,46,21,5829.547258702067,163.9842606816037
RUS,Mercedes,SOFT -> HARD,SOFT,HARD,47,21,5832.319013570655,166.7560155501924
RUS,Mercedes,SOFT -> MEDIUM,SOFT,MEDIUM,5,21,5696.943474178291,0
RUS,Mercedes,SOFT -> MEDIUM,SOFT,MEDIUM,6,21,5702.462295598308,5.518821420017048
RUS,Mercedes,SOFT -> MEDIUM,SOFT,MEDIUM,7,21,5707.87840902873,10.934934850439276
RUS,Mercedes,SOFT -> MEDIUM,SOFT,MEDIUM,8,21,5713.191814469557,16.248340291266686
RUS,Mercedes,SOFT -> MEDIUM,SOFT,MEDIUM,9,21,5718.402511920789,21.459037742498367
RUS,Mercedes,SOFT -> MEDIUM,SOFT,MEDIUM,10,21,5723.510501382426,26.56702720413523
RUS,Mercedes,SOFT -> MEDIUM,SOFT,MEDIUM,11,21,5728.515782854469,31.57230867617818
RUS,Mercedes,SOFT -> MEDIUM,SOFT,MEDIUM,12,21,5733.418356336914,36.474882158623586
RUS,Mercedes,SOFT -> MEDIUM,SOFT,MEDIUM,13,21,5738.218221829766,41.27474765147508
RUS,Mercedes,SOFT -> MEDIUM,SOFT,MEDIUM,14,21,5742.9153793330215,45.97190515473085
RUS,Mercedes,SOFT -> MEDIUM,SOFT,MEDIUM,15,21,5747.509828846683,50.566354668392705
RUS,Mercedes,SOFT -> MEDIUM,SOFT,MEDIUM,16,21,5752.001570370749,55.058096192457924
RUS,Mercedes,SOFT -> MEDIUM,SOFT,MEDIUM,17,21,5756.39060390522,59.447129726929234
RUS,Mercedes,SOFT -> MEDIUM,SOFT,MEDIUM,18,21,5760.6769294500955,63.733455271804814
RUS,Mercedes,SOFT -> MEDIUM,SOFT,MEDIUM,19,21,5764.860547005375,67.91707282708467
RUS,Mercedes,SOFT -> MEDIUM,SOFT,MEDIUM,20,21,5768.94145657106,71.9979823927697
RUS,Mercedes,SOFT -> MEDIUM,SOFT,MEDIUM,21,21,5772.919658147151,75.97618396885991
RUS,Mercedes,SOFT -> MEDIUM,SOFT,MEDIUM,22,21,5776.795151733645,79.8516775553544
RUS,Mercedes,SOFT -> MEDIUM,SOFT,MEDIUM,23,21,5780.567937330545,83.62446315225407
RUS,Mercedes,SOFT -> MEDIUM,SOFT,MEDIUM,24,21,5784.23801493785,87.29454075955891
RUS,Mercedes,SOFT -> MEDIUM,SOFT,MEDIUM,25,21,5787.80538455556,90.86191037726894
RUS,Mercedes,SOFT -> MEDIUM,SOFT,MEDIUM,26,21,5791.270046183674,94.32657200538324
RUS,Mercedes,SOFT -> MEDIUM,SOFT,MEDIUM,27,21,5794.631999822192,97.6885256439009
RUS,Mercedes,SOFT -> MEDIUM,SOFT,MEDIUM,28,21,5797.891245471115,100.94777129282465
RUS,Mercedes,SOFT -> MEDIUM,SOFT,MEDIUM,29,21,5801.047783130444,104.10430895215359
RUS,Mercedes,SOFT -> MEDIUM,SOFT,MEDIUM,30,21,5804.1016128001775,107.15813862188679
RUS,Mercedes,SOFT -> MEDIUM,SOFT,MEDIUM,31,21,5807.052734480316,110.10926030202518
RUS,Mercedes,SOFT -> MEDIUM,SOFT,MEDIUM,32,21,5809.901148170859,112.95767399256874
RUS,Mercedes,SOFT -> MEDIUM,SOFT,MEDIUM,33,21,5812.646853871807,115.70337969351658
RUS,Mercedes,SOFT -> MEDIUM,SOFT,MEDIUM,34,21,5815.28985158316,118.3463774048696
RUS,Mercedes,SOFT -> MEDIUM,SOFT,MEDIUM,35,21,5817.830141304918,120.88666712662689
RUS,Mercedes,SOFT -> MEDIUM,SOFT,MEDIUM,36,21,5820.26772303708,123.32424885878936
RUS,Mercedes,SOFT -> MEDIUM,SOFT,MEDIUM,37,21,5822.602596779647,125.6591226013561
RUS,Mercedes,SOFT -> MEDIUM,SOFT,MEDIUM,38,21,5824.834762532619,127.89128835432803
RUS,Mercedes,SOFT -> MEDIUM,SOFT,MEDIUM,39,21,5826.964220295997,130.02074611770604
RUS,Mercedes,SOFT -> MEDIUM,SOFT,MEDIUM,40,21,5828.990970069778,132.04749589148742
RUS,Mercedes,SOFT -> MEDIUM,SOFT,MEDIUM,41,21,5830.915011853965,133.97153767567397
RUS,Mercedes,SOFT -> MEDIUM,SOFT,MEDIUM,42,21,5832.736345648556,135.7928714702657
RUS,Mercedes,SOFT -> MEDIUM,SOFT,MEDIUM,43,21,5834.454971453553,137.51149727526263
RUS,Mercedes,SOFT -> MEDIUM,SOFT,MEDIUM,44,21,5836.0708892689545,139.12741509066382
RUS,Mercedes,SOFT -> MEDIUM,SOFT,MEDIUM,45,21,5837.584099094761,140.6406249164702
RUS,Mercedes,SOFT -> MEDIUM,SOFT,MEDIUM,46,21,5838.9946009309715,142.05112675268083
RUS,Mercedes,SOFT -> MEDIUM,SOFT,MEDIUM,47,21,5840.302394777588,143.35892059929756
SAI,Ferrari,HARD -> MEDIUM,HARD,MEDIUM,5,21,5727.392249374452,243.8061092104508
SAI,Ferrari,HARD -> MEDIUM,HARD,MEDIUM,6,21,5701.07471501218,217.48857484817836
SAI,Ferrari,HARD -> MEDIUM,HARD,MEDIUM,7,21,5676.259857181349,192.67371701734737
SAI,Ferrari,HARD -> MEDIUM,HARD,MEDIUM,8,21,5652.947675881959,169.36153571795785
SAI,Ferrari,HARD -> MEDIUM,HARD,MEDIUM,9,21,5631.13817111401,147.55203095000888
SAI,Ferrari,HARD -> MEDIUM,HARD,MEDIUM,10,21,5610.831342877502,127.24520271350048
SAI,Ferrari,HARD -> MEDIUM,HARD,MEDIUM,11,21,5592.027191172434,108.44105100843262
SAI,Ferrari,HARD -> MEDIUM,HARD,MEDIUM,12,21,5574.725715998808,91.13957583480624
SAI,Ferrari,HARD -> MEDIUM,HARD,MEDIUM,13,21,5558.926917356621,75.3407771926195
SAI,Ferrari,HARD -> MEDIUM,HARD,MEDIUM,14,21,5544.630795245876,61.044655081874225
SAI,Ferrari,HARD -> MEDIUM,HARD,MEDIUM,15,21,5531.83734966657,48.2512095025686
SAI,Ferrari,HARD -> MEDIUM,HARD,MEDIUM,16,21,5520.546580618706,36.96044045470444
SAI,Ferrari,HARD -> MEDIUM,HARD,MEDIUM,17,21,5510.758488102283,27.172347938281746
SAI,Ferrari,HARD -> MEDIUM,HARD,MEDIUM,18,21,5502.4730721173,18.8869319532987
SAI,Ferrari,HARD -> MEDIUM,HARD,MEDIUM,19,21,5495.690332663759,12.104192499758028
SAI,Ferrari,HARD -> MEDIUM,HARD,MEDIUM,20,21,5490.410269741658,6.824129577657004
SAI,Ferrari,HARD -> MEDIUM,HARD,MEDIUM,21,21,5486.632883350999,3.046743186997446
SAI,Ferrari,HARD -> MEDIUM,HARD,MEDIUM,22,21,5484.358173491779,0.7720333277775353
SAI,Ferrari,HARD -> MEDIUM,HARD,MEDIUM,23,21,5483.586140164001,0
SAI,Ferrari,HARD -> MEDIUM,HARD,MEDIUM,24,21,5484.316783367663,0.7306432036621118
SAI,Ferrari,HARD -> MEDIUM,HARD,MEDIUM,25,21,5486.550103102766,2.96396293876478
SAI,Ferrari,HARD -> MEDIUM,HARD,MEDIUM,26,21,5490.28609936931,6.6999592053089145
SAI,Ferrari,HARD -> MEDIUM,HARD,MEDIUM,27,21,5495.524772167294,11.938632003292696
SAI,Ferrari,HARD -> MEDIUM,HARD,MEDIUM,28,21,5502.266121496719,18.679981332717944
SAI,Ferrari,HARD -> MEDIUM,HARD,MEDIUM,29,21,5510.510147357585,26.924007193583748
SAI,Ferrari,HARD -> MEDIUM,HARD,MEDIUM,30,21,5520.256849749892,36.67070958589102
SAI,Ferrari,HARD -> MEDIUM,HARD,MEDIUM,31,21,5531.50622867364,47.920088509638845
SAI,Ferrari,HARD -> MEDIUM,HARD,MEDIUM,32,21,5544.2582841288295,60.67214396482814
SAI,Ferrari,HARD -> MEDIUM,HARD,MEDIUM,33,21,5558.513016115459,74.92687595145799
SAI,Ferrari,HARD -> MEDIUM,HARD,MEDIUM,34,21,5574.270424633529,90.68428446952748
SAI,Ferrari,HARD -> MEDIUM,HARD,MEDIUM,35,21,5591.530509683041,107.94436951903936
SAI,Ferrari,HARD -> MEDIUM,HARD,MEDIUM,36,21,5610.293271263992,126.70713109999087
SAI,Ferrari,HARD -> MEDIUM,HARD,MEDIUM,37,21,5630.558709376385,146.97256921238386
SAI,Ferrari,HARD -> MEDIUM,HARD,MEDIUM,38,21,5652.326824020219,168.7406838562174
SAI,Ferrari,HARD -> MEDIUM,HARD,MEDIUM,39,21,5675.597615195492,192.0114750314906
SAI,Ferrari,HARD -> MEDIUM,HARD,MEDIUM,40,21,5700.371082902207,216.78494273820525
SAI,Ferrari,HARD -> MEDIUM,HARD,MEDIUM,41,21,5726.647227140362,243.06108697636046
SAI,Ferrari,HARD -> MEDIUM,HARD,MEDIUM,42,21,5754.426047909958,270.8399077459562
SAI,Ferrari,HARD -> MEDIUM,HARD,MEDIUM,43,21,5783.707545210995,300.12140504699346
SAI,Ferrari,HARD -> MEDIUM,HARD,MEDIUM,44,21,5814.491719043473,330.90557887947125
SAI,Ferrari,HARD -> MEDIUM,HARD,MEDIUM,45,21,5846.778569407392,363.1924292433905
SAI,Ferrari,HARD -> MEDIUM,HARD,MEDIUM,46,21,5880.568096302752,396.9819561387503
SAI,Ferrari,HARD -> MEDIUM,HARD,MEDIUM,47,21,5915.860299729553,432.2741595655516
SAI,Ferrari,HARD -> SOFT,HARD,SOFT,5,21,6163.305403666846,467.942667332828
SAI,Ferrari,HARD -> SOFT,HARD,SOFT,6,21,6125.340903491911,429.97816715789304
SAI,Ferrari,HARD -> SOFT,HARD,SOFT,7,21,6088.9822197548965,393.61948342087817
SAI,Ferrari,HARD -> SOFT,HARD,SOFT,8,21,6054.2293524558,358.8666161217816
SAI,Ferrari,HARD -> SOFT,HARD,SOFT,9,21,6021.082301594622,325.7195652606033
SAI,Ferrari,HARD -> SOFT,HARD,SOFT,10,21,5989.5410671713635,294.17833083734513
SAI,Ferrari,HARD -> SOFT,HARD,SOFT,11,21,5959.605649186024,264.24291285200525
SAI,Ferrari,HARD -> SOFT,HARD,SOFT,12,21,5931.276047638603,235.91331130458457
SAI,Ferrari,HARD -> SOFT,HARD,SOFT,13,21,5904.5522625291,209.18952619508127
SAI,Ferrari,HARD -> SOFT,HARD,SOFT,14,21,5879.434293857517,184.071557523499
SAI,Ferrari,HARD -> SOFT,HARD,SOFT,15,21,5855.922141623852,160.5594052898341
SAI,Ferrari,HARD -> SOFT,HARD,SOFT,16,21,5834.015805828107,138.6530694940884
SAI,Ferrari,HARD -> SOFT,HARD,SOFT,17,21,5813.71528647028,118.35255013626193
SAI,Ferrari,HARD -> SOFT,HARD,SOFT,18,21,5795.020583550371,99.65784721635282
SAI,Ferrari,HARD -> SOFT,HARD,SOFT,19,21,5777.931697068381,82.56896073436292
SAI,Ferrari,HARD -> SOFT,HARD,SOFT,20,21,5762.448627024311,67.08589069029222
SAI,Ferrari,HARD -> SOFT,HARD,SOFT,21,21,5748.571373418159,53.20863708414072
SAI,Ferrari,HARD -> SOFT,HARD,SOFT,22,21,5736.299936249927,40.93719991590842
SAI,Ferrari,HARD -> SOFT,HARD,SOFT,23,21,5725.634315519612,30.27157918559351
SAI,Ferrari,HARD -> SOFT,HARD,SOFT,24,21,5716.574511227216,21.2117748931978
SAI,Ferrari,HARD -> SOFT,HARD,SOFT,25,21,5709.12052337274,13.75778703872129
SAI,Ferrari,HARD -> SOFT,HARD,SOFT,26,21,5703.2723519561805,7.909615622162164
SAI,Ferrari,HARD -> SOFT,HARD,SOFT,27,21,5699.029996977541,3.6672606435222406
SAI,Ferrari,HARD -> SOFT,HARD,SOFT,28,21,5696.39345843682,1.0307221028015192
SAI,Ferrari,HARD -> SOFT,HARD,SOFT,29,21,5695.362736334018,0
SAI,Ferrari,HARD -> SOFT,HARD,SOFT,30,21,5695.937830669135,0.5750943351167734
SAI,Ferrari,HARD -> SOFT,HARD,SOFT,31,21,5698.118741442171,2.756005108152749
SAI,Ferrari,HARD -> SOFT,HARD,SOFT,32,21,5701.905468653126,6.542732319107927
SAI,Ferrari,HARD -> SOFT,HARD,SOFT,33,21,5707.298012302001,11.935275967982307
SAI,Ferrari,HARD -> SOFT,HARD,SOFT,34,21,5714.296372388792,18.93363605477407
SAI,Ferrari,HARD -> SOFT,HARD,SOFT,35,21,5722.900548913503,27.537812579485035
SAI,Ferrari,HARD -> SOFT,HARD,SOFT,36,21,5733.110541876133,37.74780554211429
SAI,Ferrari,HARD -> SOFT,HARD,SOFT,37,21,5744.926351276682,49.56361494266366
SAI,Ferrari,HARD -> SOFT,HARD,SOFT,38,21,5758.347977115149,62.985240781130415
SAI,Ferrari,HARD -> SOFT,HARD,SOFT,39,21,5773.375419391535,78.01268305751637
SAI,Ferrari,HARD -> SOFT,HARD,SOFT,40,21,5790.00867810584,94.64594177182153
SAI,Ferrari,HARD -> SOFT,HARD,SOFT,41,21,5808.247753258063,112.88501692404498
SAI,Ferrari,HARD -> SOFT,HARD,SOFT,42,21,5828.092644848205,132.72990851418672
SAI,Ferrari,HARD -> SOFT,HARD,SOFT,43,21,5849.543352876266,154.18061654224766
SAI,Ferrari,HARD -> SOFT,HARD,SOFT,44,21,5872.599877342247,177.23714100822872
SAI,Ferrari,HARD -> SOFT,HARD,SOFT,45,21,5897.262218246146,201.89948191212807
SAI,Ferrari,HARD -> SOFT,HARD,SOFT,46,21,5923.530375587965,228.16763925394662
SAI,Ferrari,HARD -> SOFT,HARD,SOFT,47,21,5951.404349367702,256.04161303368346
SAI,Ferrari,MEDIUM -> HARD,MEDIUM,HARD,5,21,6268.98928461814,188.46805035510351
SAI,Ferrari,MEDIUM -> HARD,MEDIUM,HARD,6,21,6295.306818980412,214.78558471737506
SAI,Ferrari,MEDIUM -> HARD,MEDIUM,HARD,7,21,6320.121676811243,239.60044254820605
SAI,Ferrari,MEDIUM -> HARD,MEDIUM,HARD,8,21,6343.433858110634,262.9126238475974
SAI,Ferrari,MEDIUM -> HARD,MEDIUM,HARD,9,21,6365.243362878583,284.72212861554635
SAI,Ferrari,MEDIUM -> HARD,MEDIUM,HARD,10,21,6385.550191115091,305.02895685205476
SAI,Ferrari,MEDIUM -> HARD,MEDIUM,HARD,11,21,6404.354342820159,323.8331085571226
SAI,Ferrari,MEDIUM -> HARD,MEDIUM,HARD,12,21,6421.655817993786,341.134583730749
SAI,Ferrari,MEDIUM -> HARD,MEDIUM,HARD,13,21,6437.454616635971,356.93338237293483
SAI,Ferrari,MEDIUM -> HARD,MEDIUM,HARD,14,21,6451.750738746717,371.2295044836801
SAI,Ferrari,MEDIUM -> HARD,MEDIUM,HARD,15,21,6464.5441843260205,384.0229500629839
SAI,Ferrari,MEDIUM -> HARD,MEDIUM,HARD,16,21,6475.834953373885,395.31371911084807
SAI,Ferrari,MEDIUM -> HARD,MEDIUM,HARD,17,21,6485.6230458903065,405.10181162726985
SAI,Ferrari,MEDIUM -> HARD,MEDIUM,HARD,18,21,6493.9084618752895,413.3872276122529
SAI,Ferrari,MEDIUM -> HARD,MEDIUM,HARD,19,21,6500.691201328831,420.1699670657945
SAI,Ferrari,MEDIUM -> HARD,MEDIUM,HARD,20,21,6505.971264250931,425.4500299878946
SAI,Ferrari,MEDIUM -> HARD,MEDIUM,HARD,21,21,6509.748650641591,429.22741637855415
SAI,Ferrari,MEDIUM -> HARD,MEDIUM,HARD,22,21,6512.023360500811,431.50212623777406
SAI,Ferrari,MEDIUM -> HARD,MEDIUM,HARD,23,21,6512.795393828588,432.2741595655516
SAI,Ferrari,MEDIUM -> HARD,MEDIUM,HARD,24,21,6512.064750624926,431.5435163618895
SAI,Ferrari,MEDIUM -> HARD,MEDIUM,HARD,25,21,6509.8314308898225,429.3101966267859
SAI,Ferrari,MEDIUM -> HARD,MEDIUM,HARD,26,21,6506.095434623279,425.5742003602427
SAI,Ferrari,MEDIUM -> HARD,MEDIUM,HARD,27,21,6500.856761825294,420.3355275622571
SAI,Ferrari,MEDIUM -> HARD,MEDIUM,HARD,28,21,6494.115412495868,413.59417823283184
SAI,Ferrari,MEDIUM -> HARD,MEDIUM,HARD,29,21,6485.871386635002,405.3501523719651
SAI,Ferrari,MEDIUM -> HARD,MEDIUM,HARD,30,21,6476.124684242695,395.60344997965876
SAI,Ferrari,MEDIUM -> HARD,MEDIUM,HARD,31,21,6464.875305318947,384.35407105591
SAI,Ferrari,MEDIUM -> HARD,MEDIUM,HARD,32,21,6452.123249863758,371.60201560072164
SAI,Ferrari,MEDIUM -> HARD,MEDIUM,HARD,33,21,6437.868517877129,357.3472836140927
SAI,Ferrari,MEDIUM -> HARD,MEDIUM,HARD,34,21,6422.111109359059,341.5898750960223
SAI,Ferrari,MEDIUM -> HARD,MEDIUM,HARD,35,21,6404.851024309548,324.32979004651133
SAI,Ferrari,MEDIUM -> HARD,MEDIUM,HARD,36,21,6386.088262728596,305.5670284655598
SAI,Ferrari,MEDIUM -> HARD,MEDIUM,HARD,37,21,6365.822824616204,285.30159035316774
SAI,Ferrari,MEDIUM -> HARD,MEDIUM,HARD,38,21,6344.054709972372,263.5334757093351
SAI,Ferrari,MEDIUM -> HARD,MEDIUM,HARD,39,21,6320.783918797097,240.2626845340601
SAI,Ferrari,MEDIUM -> HARD,MEDIUM,HARD,40,21,6296.010451090382,215.48921682734544
SAI,Ferrari,MEDIUM -> HARD,MEDIUM,HARD,41,21,6269.734306852227,189.21307258919023
SAI,Ferrari,MEDIUM -> HARD,MEDIUM,HARD,42,21,6241.95548608263,161.43425181959356
SAI,Ferrari,MEDIUM -> HARD,MEDIUM,HARD,43,21,6212.673988781594,132.15275451855723
SAI,Ferrari,MEDIUM -> HARD,MEDIUM,HARD,44,21,6181.889814949115,101.36858068607853
SAI,Ferrari,MEDIUM -> HARD,MEDIUM,HARD,45,21,6149.602964585196,69.08173032215927
SAI,Ferrari,MEDIUM -> HARD,MEDIUM,HARD,46,21,6115.813437689837,35.29220342680037
SAI,Ferrari,MEDIUM -> HARD,MEDIUM,HARD,47,21,6080.521234263037,0
SAI,Ferrari,MEDIUM -> SOFT,MEDIUM,SOFT,5,21,6317.433223449816,400.36910465424444
SAI,Ferrari,MEDIUM -> SOFT,MEDIUM,SOFT,6,21,6305.7862576371535,388.7221388415819
SAI,Ferrari,MEDIUM -> SOFT,MEDIUM,SOFT,7,21,6294.24243173097,377.178312935398
SAI,Ferrari,MEDIUM -> SOFT,MEDIUM,SOFT,8,21,6282.8017457312635,365.7376269356919
SAI,Ferrari,MEDIUM -> SOFT,MEDIUM,SOFT,9,21,6271.464199638034,354.40008084246256
SAI,Ferrari,MEDIUM -> SOFT,MEDIUM,SOFT,10,21,6260.229793451284,343.1656746557128
SAI,Ferrari,MEDIUM -> SOFT,MEDIUM,SOFT,11,21,6249.098527171012,332.03440837544076
SAI,Ferrari,MEDIUM -> SOFT,MEDIUM,SOFT,12,21,6238.07040079722,321.0062820016483
SAI,Ferrari,MEDIUM -> SOFT,MEDIUM,SOFT,13,21,6227.145414329902,310.0812955343308
SAI,Ferrari,MEDIUM -> SOFT,MEDIUM,SOFT,14,21,6216.3235677690645,299.2594489734929
SAI,Ferrari,MEDIUM -> SOFT,MEDIUM,SOFT,15,21,6205.604861114704,288.54074231913273
SAI,Ferrari,MEDIUM -> SOFT,MEDIUM,SOFT,16,21,6194.989294366824,277.9251755712521
SAI,Ferrari,MEDIUM -> SOFT,MEDIUM,SOFT,17,21,6184.47686752542,267.4127487298483
SAI,Ferrari,MEDIUM -> SOFT,MEDIUM,SOFT,18,21,6174.067580590493,257.00346179492135
SAI,Ferrari,MEDIUM -> SOFT,MEDIUM,SOFT,19,21,6163.761433562046,246.69731476647394
SAI,Ferrari,MEDIUM -> SOFT,MEDIUM,SOFT,20,21,6153.558426440075,236.49430764450335
SAI,Ferrari,MEDIUM -> SOFT,MEDIUM,SOFT,21,21,6143.458559224583,226.3944404290114
SAI,Ferrari,MEDIUM -> SOFT,MEDIUM,SOFT,22,21,6133.461831915571,216.39771311999903
SAI,Ferrari,MEDIUM -> SOFT,MEDIUM,SOFT,23,21,6123.568244513033,206.50412571746165
SAI,Ferrari,MEDIUM -> SOFT,MEDIUM,SOFT,24,21,6113.7777970169755,196.71367822140382
SAI,Ferrari,MEDIUM -> SOFT,MEDIUM,SOFT,25,21,6104.090489427396,187.02637063182465
SAI,Ferrari,MEDIUM -> SOFT,MEDIUM,SOFT,26,21,6094.506321744293,177.4422029487214
SAI,Ferrari,MEDIUM -> SOFT,MEDIUM,SOFT,27,21,6085.02529396767,167.9611751720986
SAI,Ferrari,MEDIUM -> SOFT,MEDIUM,SOFT,28,21,6075.647406097523,158.5832873019517
SAI,Ferrari,MEDIUM -> SOFT,MEDIUM,SOFT,29,21,6066.372658133856,149.3085393382844
SAI,Ferrari,MEDIUM -> SOFT,MEDIUM,SOFT,30,21,6057.201050076665,140.13693128109298
SAI,Ferrari,MEDIUM -> SOFT,MEDIUM,SOFT,31,21,6048.132581925954,131.06846313038204
SAI,Ferrari,MEDIUM -> SOFT,MEDIUM,SOFT,32,21,6039.16725368172,122.10313488614793
SAI,Ferrari,MEDIUM -> SOFT,MEDIUM,SOFT,33,21,6030.305065343964,113.24094654839246
SAI,Ferrari,MEDIUM -> SOFT,MEDIUM,SOFT,34,21,6021.546016912685,104.48189811711381
SAI,Ferrari,MEDIUM -> SOFT,MEDIUM,SOFT,35,21,6012.890108387885,95.82598959231382
SAI,Ferrari,MEDIUM -> SOFT,MEDIUM,SOFT,36,21,6004.337339769563,87.27322097399156
SAI,Ferrari,MEDIUM -> SOFT,MEDIUM,SOFT,37,21,5995.88771105772,78.82359226214794
SAI,Ferrari,MEDIUM -> SOFT,MEDIUM,SOFT,38,21,5987.541222252354,70.47710345678206
SAI,Ferrari,MEDIUM -> SOFT,MEDIUM,SOFT,39,21,5979.297873353466,62.23375455789392
SAI,Ferrari,MEDIUM -> SOFT,MEDIUM,SOFT,40,21,5971.157664361056,54.09354556548442
SAI,Ferrari,MEDIUM -> SOFT,MEDIUM,SOFT,41,21,5963.120595275124,46.05647647955266
SAI,Ferrari,MEDIUM -> SOFT,MEDIUM,SOFT,42,21,5955.18666609567,38.12254730009863
SAI,Ferrari,MEDIUM -> SOFT,MEDIUM,SOFT,43,21,5947.355876822695,30.29175802712325
SAI,Ferrari,MEDIUM -> SOFT,MEDIUM,SOFT,44,21,5939.628227456197,22.564108660625607
SAI,Ferrari,MEDIUM -> SOFT,MEDIUM,SOFT,45,21,5932.003717996177,14.939599200605699
SAI,Ferrari,MEDIUM -> SOFT,MEDIUM,SOFT,46,21,5924.482348442636,7.418229647064436
SAI,Ferrari,MEDIUM -> SOFT,MEDIUM,SOFT,47,21,5917.064118795572,0
SAI,Ferrari,SOFT -> HARD,SOFT,HARD,5,21,6328.7712122786215,0
SAI,Ferrari,SOFT -> HARD,SOFT,HARD,6,21,6366.735712453556,37.964500174934074
SAI,Ferrari,SOFT -> HARD,SOFT,HARD,7,21,6403.0943961905705,74.32318391194895
SAI,Ferrari,SOFT -> HARD,SOFT,HARD,8,21,6437.847263489667,109.07605121104552
SAI,Ferrari,SOFT -> HARD,SOFT,HARD,9,21,6470.994314350844,142.2231020722229
SAI,Ferrari,SOFT -> HARD,SOFT,HARD,10,21,6502.5355487741035,173.76433649548198
SAI,Ferrari,SOFT -> HARD,SOFT,HARD,11,21,6532.470966759443,203.69975448082187
SAI,Ferrari,SOFT -> HARD,SOFT,HARD,12,21,6560.800568306864,232.02935602824255
SAI,Ferrari,SOFT -> HARD,SOFT,HARD,13,21,6587.524353416366,258.753141137744
SAI,Ferrari,SOFT -> HARD,SOFT,HARD,14,21,6612.64232208795,283.8711098093281
SAI,Ferrari,SOFT -> HARD,SOFT,HARD,15,21,6636.154474321613,307.3832620429912
SAI,Ferrari,SOFT -> HARD,SOFT,HARD,16,21,6658.060810117358,329.2895978387369
SAI,Ferrari,SOFT -> HARD,SOFT,HARD,17,21,6678.361329475185,349.59011719656337
SAI,Ferrari,SOFT -> HARD,SOFT,HARD,18,21,6697.056032395094,368.2848201164725
SAI,Ferrari,SOFT -> HARD,SOFT,HARD,19,21,6714.144918877083,385.37370659846147
SAI,Ferrari,SOFT -> HARD,SOFT,HARD,20,21,6729.627988921153,400.85677664253126
SAI,Ferrari,SOFT -> HARD,SOFT,HARD,21,21,6743.505242527304,414.73403024868276
SAI,Ferrari,SOFT -> HARD,SOFT,HARD,22,21,6755.776679695538,427.0054674169169
SAI,Ferrari,SOFT -> HARD,SOFT,HARD,23,21,6766.4423004258515,437.67108814722997
SAI,Ferrari,SOFT -> HARD,SOFT,HARD,24,21,6775.502104718247,446.7308924396257
SAI,Ferrari,SOFT -> HARD,SOFT,HARD,25,21,6782.956092572724,454.1848802941022
SAI,Ferrari,SOFT -> HARD,SOFT,HARD,26,21,6788.804263989283,460.0330517106613
SAI,Ferrari,SOFT -> HARD,SOFT,HARD,27,21,6793.046618967921,464.2754066892994
SAI,Ferrari,SOFT -> HARD,SOFT,HARD,28,21,6795.683157508642,466.91194523002014
SAI,Ferrari,SOFT -> HARD,SOFT,HARD,29,21,6796.713879611443,467.94266733282166
SAI,Ferrari,SOFT -> HARD,SOFT,HARD,30,21,6796.138785276327,467.3675729977058
SAI,Ferrari,SOFT -> HARD,SOFT,HARD,31,21,6793.95787450329,465.1866622246689
SAI,Ferrari,SOFT -> HARD,SOFT,HARD,32,21,6790.171147292336,461.39993501371464
SAI,Ferrari,SOFT -> HARD,SOFT,HARD,33,21,6784.778603643463,456.00739136484117
SAI,Ferrari,SOFT -> HARD,SOFT,HARD,34,21,6777.78024355667,449.0090312780485
SAI,Ferrari,SOFT -> HARD,SOFT,HARD,35,21,6769.17606703196,440.40485475333844
SAI,Ferrari,SOFT -> HARD,SOFT,HARD,36,21,6758.966074069331,430.1948617907092
SAI,Ferrari,SOFT -> HARD,SOFT,HARD,37,21,6747.150264668782,418.3790523901607
SAI,Ferrari,SOFT -> HARD,SOFT,HARD,38,21,6733.728638830315,404.95742655169306
SAI,Ferrari,SOFT -> HARD,SOFT,HARD,39,21,6718.701196553929,389.9299842753071
SAI,Ferrari,SOFT -> HARD,SOFT,HARD,40,21,6702.067937839624,373.29672556100286
SAI,Ferrari,SOFT -> HARD,SOFT,HARD,41,21,6683.828862687401,355.0576504087794
SAI,Ferrari,SOFT -> HARD,SOFT,HARD,42,21,6663.983971097258,335.21275881863676
SAI,Ferrari,SOFT -> HARD,SOFT,HARD,43,21,6642.533263069197,313.7620507905758
SAI,Ferrari,SOFT -> HARD,SOFT,HARD,44,21,6619.476738603216,290.70552632459476
SAI,Ferrari,SOFT -> HARD,SOFT,HARD,45,21,6594.814397699318,266.0431854206963
SAI,Ferrari,SOFT -> HARD,SOFT,HARD,46,21,6568.546240357499,239.77502807887777
SAI,Ferrari,SOFT -> HARD,SOFT,HARD,47,21,6540.6722665777625,211.90105429914092
SAI,Ferrari,SOFT -> MEDIUM,SOFT,MEDIUM,5,21,5941.301996817903,0
SAI,Ferrari,SOFT -> MEDIUM,SOFT,MEDIUM,6,21,5952.948962630566,11.646965812662529
SAI,Ferrari,SOFT -> MEDIUM,SOFT,MEDIUM,7,21,5964.49278853675,23.190791718846413
SAI,Ferrari,SOFT -> MEDIUM,SOFT,MEDIUM,8,21,5975.933474536456,34.63147771855256
SAI,Ferrari,SOFT -> MEDIUM,SOFT,MEDIUM,9,21,5987.271020629684,45.96902381178097
SAI,Ferrari,SOFT -> MEDIUM,SOFT,MEDIUM,10,21,5998.505426816435,57.20342999853165
SAI,Ferrari,SOFT -> MEDIUM,SOFT,MEDIUM,11,21,6009.636693096707,68.33469627880368
SAI,Ferrari,SOFT -> MEDIUM,SOFT,MEDIUM,12,21,6020.664819470501,79.36282265259797
SAI,Ferrari,SOFT -> MEDIUM,SOFT,MEDIUM,13,21,6031.589805937818,90.28780911991453
SAI,Ferrari,SOFT -> MEDIUM,SOFT,MEDIUM,14,21,6042.411652498655,101.10965568075153
SAI,Ferrari,SOFT -> MEDIUM,SOFT,MEDIUM,15,21,6053.130359153015,111.8283623351117
SAI,Ferrari,SOFT -> MEDIUM,SOFT,MEDIUM,16,21,6063.745925900897,122.44392908299415
SAI,Ferrari,SOFT -> MEDIUM,SOFT,MEDIUM,17,21,6074.258352742301,132.95635592439794
SAI,Ferrari,SOFT -> MEDIUM,SOFT,MEDIUM,18,21,6084.667639677227,143.365642859324
SAI,Ferrari,SOFT -> MEDIUM,SOFT,MEDIUM,19,21,6094.973786705676,153.67178988777232
SAI,Ferrari,SOFT -> MEDIUM,SOFT,MEDIUM,20,21,6105.176793827645,163.874797009742
SAI,Ferrari,SOFT -> MEDIUM,SOFT,MEDIUM,21,21,6115.276661043137,173.97466422523394
SAI,Ferrari,SOFT -> MEDIUM,SOFT,MEDIUM,22,21,6125.2733883521505,183.97139153424723
SAI,Ferrari,SOFT -> MEDIUM,SOFT,MEDIUM,23,21,6135.166975754687,193.8649789367837
SAI,Ferrari,SOFT -> MEDIUM,SOFT,MEDIUM,24,21,6144.957423250745,203.65542643284152
SAI,Ferrari,SOFT -> MEDIUM,SOFT,MEDIUM,25,21,6154.644730840325,213.3427340224216
SAI,Ferrari,SOFT -> MEDIUM,SOFT,MEDIUM,26,21,6164.228898523426,222.92690170552305
SAI,Ferrari,SOFT -> MEDIUM,SOFT,MEDIUM,27,21,6173.709926300051,232.40792948214767
SAI,Ferrari,SOFT -> MEDIUM,SOFT,MEDIUM,28,21,6183.087814170196,241.78581735229272
SAI,Ferrari,SOFT -> MEDIUM,SOFT,MEDIUM,29,21,6192.362562133864,251.06056531596096
SAI,Ferrari,SOFT -> MEDIUM,SOFT,MEDIUM,30,21,6201.534170191055,260.23217337315145
SAI,Ferrari,SOFT -> MEDIUM,SOFT,MEDIUM,31,21,6210.602638341767,269.3006415238633
SAI,Ferrari,SOFT -> MEDIUM,SOFT,MEDIUM,32,21,6219.567966586001,278.2659697680974
SAI,Ferrari,SOFT -> MEDIUM,SOFT,MEDIUM,33,21,6228.430154923757,287.1281581058538
SAI,Ferrari,SOFT -> MEDIUM,SOFT,MEDIUM,34,21,6237.189203355034,295.8872065371306
SAI,Ferrari,SOFT -> MEDIUM,SOFT,MEDIUM,35,21,6245.845111879835,304.54311506193153
SAI,Ferrari,SOFT -> MEDIUM,SOFT,MEDIUM,36,21,6254.397880498157,313.0958836802538
SAI,Ferrari,SOFT -> MEDIUM,SOFT,MEDIUM,37,21,6262.847509210002,321.5455123920983
SAI,Ferrari,SOFT -> MEDIUM,SOFT,MEDIUM,38,21,6271.1939980153675,329.8920011974642
SAI,Ferrari,SOFT -> MEDIUM,SOFT,MEDIUM,39,21,6279.437346914255,338.13535009635143
SAI,Ferrari,SOFT -> MEDIUM,SOFT,MEDIUM,40,21,6287.577555906665,346.27555908876184
SAI,Ferrari,SOFT -> MEDIUM,SOFT,MEDIUM,41,21,6295.614624992597,354.3126281746936
SAI,Ferrari,SOFT -> MEDIUM,SOFT,MEDIUM,42,21,6303.548554172051,362.2465573541476
SAI,Ferrari,SOFT -> MEDIUM,SOFT,MEDIUM,43,21,6311.379343445027,370.0773466271239
SAI,Ferrari,SOFT -> MEDIUM,SOFT,MEDIUM,44,21,6319.106992811524,377.80499599362065
SAI,Ferrari,SOFT -> MEDIUM,SOFT,MEDIUM,45,21,6326.731502271544,385.42950545364056
SAI,Ferrari,SOFT -> MEDIUM,SOFT,MEDIUM,46,21,6334.252871825085,392.9508750071818
SAI,Ferrari,SOFT -> MEDIUM,SOFT,MEDIUM,47,21,6341.6711014721495,400.36910465424626
SAR,Williams,HARD -> MEDIUM,HARD,MEDIUM,5,21,5416.97516915321,0
SAR,Williams,HARD -> MEDIUM,HARD,MEDIUM,6,21,5422.145087526609,5.169918373399014
SAR,Williams,HARD -> MEDIUM,HARD,MEDIUM,7,21,5427.295468048657,10.320298895447195
SAR,Williams,HARD -> MEDIUM,HARD,MEDIUM,8,21,5432.426310719351,15.451141566140905
SAR,Williams,HARD -> MEDIUM,HARD,MEDIUM,9,21,5437.53761553869,20.562446385480143
SAR,Williams,HARD -> MEDIUM,HARD,MEDIUM,10,21,5442.629382506678,25.65421335346764
SAR,Williams,HARD -> MEDIUM,HARD,MEDIUM,11,21,5447.701611623312,30.726442470101574
SAR,Williams,HARD -> MEDIUM,HARD,MEDIUM,12,21,5452.754302888592,35.77913373538195
SAR,Williams,HARD -> MEDIUM,HARD,MEDIUM,13,21,5457.78745630252,40.81228714930967
SAR,Williams,HARD -> MEDIUM,HARD,MEDIUM,14,21,5462.801071865095,45.82590271188474
SAR,Williams,HARD -> MEDIUM,HARD,MEDIUM,15,21,5467.795149576317,50.819980423107154
SAR,Williams,HARD -> MEDIUM,HARD,MEDIUM,16,21,5472.769689436185,55.7945202829751
SAR,Williams,HARD -> MEDIUM,HARD,MEDIUM,17,21,5477.7246914447005,60.74952229149039
SAR,Williams,HARD -> MEDIUM,HARD,MEDIUM,18,21,5482.660155601864,65.68498644865394
SAR,Williams,HARD -> MEDIUM,HARD,MEDIUM,19,21,5487.576081907673,70.60091275446302
SAR,Williams,HARD -> MEDIUM,HARD,MEDIUM,20,21,5492.4724703621305,75.49730120892036
SAR,Williams,HARD -> MEDIUM,HARD,MEDIUM,21,21,5497.349320965232,80.37415181202232
SAR,Williams,HARD -> MEDIUM,HARD,MEDIUM,22,21,5502.206633716984,85.23146456377344
SAR,Williams,HARD -> MEDIUM,HARD,MEDIUM,23,21,5507.044408617381,90.069239464171
SAR,Williams,HARD -> MEDIUM,HARD,MEDIUM,24,21,5511.862645666424,94.8874765132141
SAR,Williams,HARD -> MEDIUM,HARD,MEDIUM,25,21,5516.661344864116,99.68617571090545
SAR,Williams,HARD -> MEDIUM,HARD,MEDIUM,26,21,5521.440506210453,104.46533705724323
SAR,Williams,HARD -> MEDIUM,HARD,MEDIUM,27,21,5526.200129705438,109.22496055222746
SAR,Williams,HARD -> MEDIUM,HARD,MEDIUM,28,21,5530.94021534907,113.96504619585994
SAR,Williams,HARD -> MEDIUM,HARD,MEDIUM,29,21,5535.660763141348,118.68559398813795
SAR,Williams,HARD -> MEDIUM,HARD,MEDIUM,30,21,5540.361773082273,123.38660392906331
SAR,Williams,HARD -> MEDIUM,HARD,MEDIUM,31,21,5545.043245171846,128.06807601863602
SAR,Williams,HARD -> MEDIUM,HARD,MEDIUM,32,21,5549.705179410065,132.73001025685517
SAR,Williams,HARD -> MEDIUM,HARD,MEDIUM,33,21,5554.347575796932,137.37240664372166
SAR,Williams,HARD -> MEDIUM,HARD,MEDIUM,34,21,5558.970434332445,141.9952651792346
SAR,Williams,HARD -> MEDIUM,HARD,MEDIUM,35,21,5563.573755016605,146.59858586339487
SAR,Williams,HARD -> MEDIUM,HARD,MEDIUM,36,21,5568.1575378494135,151.1823686962034
SAR,Williams,HARD -> MEDIUM,HARD,MEDIUM,37,21,5572.721782830868,155.74661367765748
SAR,Williams,HARD -> MEDIUM,HARD,MEDIUM,38,21,5577.266489960968,160.29132080775798
SAR,Williams,HARD -> MEDIUM,HARD,MEDIUM,39,21,5581.791659239716,164.81649008650584
SAR,Williams,HARD -> MEDIUM,HARD,MEDIUM,40,21,5586.297290667111,169.32212151390104
SAR,Williams,HARD -> MEDIUM,HARD,MEDIUM,41,21,5590.783384243154,173.8082150899436
SAR,Williams,HARD -> MEDIUM,HARD,MEDIUM,42,21,5595.249939967842,178.27477081463167
SAR,Williams,HARD -> MEDIUM,HARD,MEDIUM,43,21,5599.696957841177,182.7217886879671
SAR,Williams,HARD -> MEDIUM,HARD,MEDIUM,44,21,5604.12443786316,187.14926870994987
SAR,Williams,HARD -> MEDIUM,HARD,MEDIUM,45,21,5608.532380033789,191.55721088057908
SAR,Williams,HARD -> MEDIUM,HARD,MEDIUM,46,21,5612.920784353066,195.94561519985564
SAR,Williams,HARD -> MEDIUM,HARD,MEDIUM,47,21,5617.28965082099,200.31448166777955
SAR,Williams,HARD -> SOFT,HARD,SOFT,5,21,12512.421436012577,7806.093097835364
SAR,Williams,HARD -> SOFT,HARD,SOFT,6,21,12071.833165598207,7365.504827420994
SAR,Williams,HARD -> SOFT,HARD,SOFT,7,21,11644.042368069002,6937.714029891788
SAR,Williams,HARD -> SOFT,HARD,SOFT,8,21,11229.049043424948,6522.720705247734
SAR,Williams,HARD -> SOFT,HARD,SOFT,9,21,10826.853191666045,6120.5248534888315
SAR,Williams,HARD -> SOFT,HARD,SOFT,10,21,10437.454812792303,5731.126474615089
SAR,Williams,HARD -> SOFT,HARD,SOFT,11,21,10060.853906803719,5354.525568626505
SAR,Williams,HARD -> SOFT,HARD,SOFT,12,21,9697.050473700283,4990.7221355230695
SAR,Williams,HARD -> SOFT,HARD,SOFT,13,21,9346.044513482006,4639.716175304792
SAR,Williams,HARD -> SOFT,HARD,SOFT,14,21,9007.836026148885,4301.507687971672
SAR,Williams,HARD -> SOFT,HARD,SOFT,15,21,8682.42501170092,3976.096673523706
SAR,Williams,HARD -> SOFT,HARD,SOFT,16,21,8369.811470138106,3663.483131960892
SAR,Williams,HARD -> SOFT,HARD,SOFT,17,21,8069.99540146045,3363.6670632832365
SAR,Williams,HARD -> SOFT,HARD,SOFT,18,21,7782.976805667948,3076.648467490734
SAR,Williams,HARD -> SOFT,HARD,SOFT,19,21,7508.755682760602,2802.4273445833887
SAR,Williams,HARD -> SOFT,HARD,SOFT,20,21,7247.332032738412,2541.0036945611982
SAR,Williams,HARD -> SOFT,HARD,SOFT,21,21,6998.705855601376,2292.3775174241628
SAR,Williams,HARD -> SOFT,HARD,SOFT,22,21,6762.8771513494985,2056.548813172285
SAR,Williams,HARD -> SOFT,HARD,SOFT,23,21,6539.845919982772,1833.5175818055586
SAR,Williams,HARD -> SOFT,HARD,SOFT,24,21,6329.612161501203,1623.28382332399
SAR,Williams,HARD -> SOFT,HARD,SOFT,25,21,6132.175875904788,1425.8475377275745
SAR,Williams,HARD -> SOFT,HARD,SOFT,26,21,5947.53706319353,1241.2087250163167
SAR,Williams,HARD -> SOFT,HARD,SOFT,27,21,5775.6957233674275,1069.367385190214
SAR,Williams,HARD -> SOFT,HARD,SOFT,28,21,5616.651856426479,910.3235182492654
SAR,Williams,HARD -> SOFT,HARD,SOFT,29,21,5470.405462370686,764.0771241934726
SAR,Williams,HARD -> SOFT,HARD,SOFT,30,21,5336.956541200048,630.6282030228349
SAR,Williams,HARD -> SOFT,HARD,SOFT,31,21,5216.305092914566,509.97675473735217
SAR,Williams,HARD -> SOFT,HARD,SOFT,32,21,5108.451117514239,402.12277933702535
SAR,Williams,HARD -> SOFT,HARD,SOFT,33,21,5013.394614999066,307.0662768218526
SAR,Williams,HARD -> SOFT,HARD,SOFT,34,21,4931.135585369051,224.80724719183763
SAR,Williams,HARD -> SOFT,HARD,SOFT,35,21,4861.674028624189,155.34569044697582
SAR,Williams,HARD -> SOFT,HARD,SOFT,36,21,4805.009944764483,98.68160658726993
SAR,Williams,HARD -> SOFT,HARD,SOFT,37,21,4761.143333789933,54.81499561271994
SAR,Williams,HARD -> SOFT,HARD,SOFT,38,21,4730.0741957005375,23.745857523324048
SAR,Williams,HARD -> SOFT,HARD,SOFT,39,21,4711.802530496298,5.474192319084068
SAR,Williams,HARD -> SOFT,HARD,SOFT,40,21,4706.3283381772135,0
SAR,Williams,HARD -> SOFT,HARD,SOFT,41,21,4713.651618743284,7.323280566070935
SAR,Williams,HARD -> SOFT,HARD,SOFT,42,21,4733.77237219451,27.44403401729687
SAR,Williams,HARD -> SOFT,HARD,SOFT,43,21,4766.690598530891,60.36226035367781
SAR,Williams,HARD -> SOFT,HARD,SOFT,44,21,4812.406297752428,106.07795957521466
SAR,Williams,HARD -> SOFT,HARD,SOFT,45,21,4870.91946985912,164.59113168190652
SAR,Williams,HARD -> SOFT,HARD,SOFT,46,21,4942.230114850967,235.90177667375337
SAR,Williams,HARD -> SOFT,HARD,SOFT,47,21,5026.33823272797,320.00989455075614
SAR,Williams,MEDIUM -> HARD,MEDIUM,HARD,5,21,5612.698255753017,200.31448166777864
SAR,Williams,MEDIUM -> HARD,MEDIUM,HARD,6,21,5607.528337379617,195.1445632943787
SAR,Williams,MEDIUM -> HARD,MEDIUM,HARD,7,21,5602.377956857571,189.99418277233235
SAR,Williams,MEDIUM -> HARD,MEDIUM,HARD,8,21,5597.247114186877,184.86334010163864
SAR,Williams,MEDIUM -> HARD,MEDIUM,HARD,9,21,5592.135809367537,179.7520352822985
SAR,Williams,MEDIUM -> HARD,MEDIUM,HARD,10,21,5587.044042399551,174.6602683143119
SAR,Williams,MEDIUM -> HARD,MEDIUM,HARD,11,21,5581.971813282917,169.58803919767797
SAR,Williams,MEDIUM -> HARD,MEDIUM,HARD,12,21,5576.919122017636,164.5353479323976
SAR,Williams,MEDIUM -> HARD,MEDIUM,HARD,13,21,5571.8859686037085,159.50219451846988
SAR,Williams,MEDIUM -> HARD,MEDIUM,HARD,14,21,5566.872353041133,154.4885789558939
SAR,Williams,MEDIUM -> HARD,MEDIUM,HARD,15,21,5561.878275329911,149.4945012446724
SAR,Williams,MEDIUM -> HARD,MEDIUM,HARD,16,21,5556.903735470042,144.51996138480354
SAR,Williams,MEDIUM -> HARD,MEDIUM,HARD,17,21,5551.948733461528,139.56495937628915
SAR,Williams,MEDIUM -> HARD,MEDIUM,HARD,18,21,5547.013269304364,134.6294952191256
SAR,Williams,MEDIUM -> HARD,MEDIUM,HARD,19,21,5542.097342998554,129.7135689133156
SAR,Williams,MEDIUM -> HARD,MEDIUM,HARD,20,21,5537.200954544099,124.8171804588601
SAR,Williams,MEDIUM -> HARD,MEDIUM,HARD,21,21,5532.324103940995,119.94032985575632
SAR,Williams,MEDIUM -> HARD,MEDIUM,HARD,22,21,5527.466791189245,115.0830171040061
SAR,Williams,MEDIUM -> HARD,MEDIUM,HARD,23,21,5522.629016288847,110.24524220360854
SAR,Williams,MEDIUM -> HARD,MEDIUM,HARD,24,21,5517.810779239802,105.42700515456363
SAR,Williams,MEDIUM -> HARD,MEDIUM,HARD,25,21,5513.012080042112,100.62830595687319
SAR,Williams,MEDIUM -> HARD,MEDIUM,HARD,26,21,5508.232918695774,95.8491446105354
SAR,Williams,MEDIUM -> HARD,MEDIUM,HARD,27,21,5503.473295200789,91.08952111555027
SAR,Williams,MEDIUM -> HARD,MEDIUM,HARD,28,21,5498.733209557156,86.34943547191779
SAR,Williams,MEDIUM -> HARD,MEDIUM,HARD,29,21,5494.012661764878,81.62888767963977
SAR,Williams,MEDIUM -> HARD,MEDIUM,HARD,30,21,5489.311651823953,76.92787773871441
SAR,Williams,MEDIUM -> HARD,MEDIUM,HARD,31,21,5484.63017973438,72.2464056491417
SAR,Williams,MEDIUM -> HARD,MEDIUM,HARD,32,21,5479.96824549616,67.58447141092165
SAR,Williams,MEDIUM -> HARD,MEDIUM,HARD,33,21,5475.325849109295,62.94207502405607
SAR,Williams,MEDIUM -> HARD,MEDIUM,HARD,34,21,5470.702990573781,58.319216488542224
SAR,Williams,MEDIUM -> HARD,MEDIUM,HARD,35,21,5466.099669889621,53.715895804381944
SAR,Williams,MEDIUM -> HARD,MEDIUM,HARD,36,21,5461.515887056814,49.132112971575225
SAR,Williams,MEDIUM -> HARD,MEDIUM,HARD,37,21,5456.95164207536,44.56786799012116
SAR,Williams,MEDIUM -> HARD,MEDIUM,HARD,38,21,5452.406934945258,40.02316086001974
SAR,Williams,MEDIUM -> HARD,MEDIUM,HARD,39,21,5447.881765666511,35.49799158127189
SAR,Williams,MEDIUM -> HARD,MEDIUM,HARD,40,21,5443.376134239115,30.99236015387669
SAR,Williams,MEDIUM -> HARD,MEDIUM,HARD,41,21,5438.890040663075,26.50626657783596
SAR,Williams,MEDIUM -> HARD,MEDIUM,HARD,42,21,5434.423484938386,22.03971085314697
SAR,Williams,MEDIUM -> HARD,MEDIUM,HARD,43,21,5429.97646706505,17.592692979811545
SAR,Williams,MEDIUM -> HARD,MEDIUM,HARD,44,21,5425.548987043068,13.16521295782968
SAR,Williams,MEDIUM -> HARD,MEDIUM,HARD,45,21,5421.141044872438,8.757270787199559
SAR,Williams,MEDIUM -> HARD,MEDIUM,HARD,46,21,5416.752640553162,4.368866467922999
SAR,Williams,MEDIUM -> HARD,MEDIUM,HARD,47,21,5412.383774085239,0
SAR,Williams,MEDIUM -> SOFT,MEDIUM,SOFT,5,21,12486.278776375282,7975.415219349263
SAR,Williams,MEDIUM -> SOFT,MEDIUM,SOFT,6,21,12040.520587587514,7529.657030561495
SAR,Williams,MEDIUM -> SOFT,MEDIUM,SOFT,7,21,11607.579409536262,7096.715852510242
SAR,Williams,MEDIUM -> SOFT,MEDIUM,SOFT,8,21,11187.455242221515,6676.591685195495
SAR,Williams,MEDIUM -> SOFT,MEDIUM,SOFT,9,21,10780.148085643272,6269.284528617252
SAR,Williams,MEDIUM -> SOFT,MEDIUM,SOFT,10,21,10385.657939801542,5874.7943827755225
SAR,Williams,MEDIUM -> SOFT,MEDIUM,SOFT,11,21,10003.984804696325,5493.121247670306
SAR,Williams,MEDIUM -> SOFT,MEDIUM,SOFT,12,21,9635.128680327609,5124.2651233015895
SAR,Williams,MEDIUM -> SOFT,MEDIUM,SOFT,13,21,9279.089566695402,4768.226009669383
SAR,Williams,MEDIUM -> SOFT,MEDIUM,SOFT,14,21,8935.867463799706,4425.003906773687
SAR,Williams,MEDIUM -> SOFT,MEDIUM,SOFT,15,21,8605.46237164052,4094.598814614501
SAR,Williams,MEDIUM -> SOFT,MEDIUM,SOFT,16,21,8287.874290217836,3777.010733191817
SAR,Williams,MEDIUM -> SOFT,MEDIUM,SOFT,17,21,7983.103219531666,3472.2396625056463
SAR,Williams,MEDIUM -> SOFT,MEDIUM,SOFT,18,21,7691.149159582002,3180.285602555982
SAR,Williams,MEDIUM -> SOFT,MEDIUM,SOFT,19,21,7412.012110368846,2901.1485533428267
SAR,Williams,MEDIUM -> SOFT,MEDIUM,SOFT,20,21,7145.692071892199,2634.82851486618
SAR,Williams,MEDIUM -> SOFT,MEDIUM,SOFT,21,21,6892.189044152061,2381.3254871260415
SAR,Williams,MEDIUM -> SOFT,MEDIUM,SOFT,22,21,6651.503027148432,2140.6394701224126
SAR,Williams,MEDIUM -> SOFT,MEDIUM,SOFT,23,21,6423.634020881309,1912.7704638552896
SAR,Williams,MEDIUM -> SOFT,MEDIUM,SOFT,24,21,6208.582025350695,1697.718468324676
SAR,Williams,MEDIUM -> SOFT,MEDIUM,SOFT,25,21,6006.34704055659,1495.483483530571
SAR,Williams,MEDIUM -> SOFT,MEDIUM,SOFT,26,21,5816.929066498995,1306.0655094729755
SAR,Williams,MEDIUM -> SOFT,MEDIUM,SOFT,27,21,5640.328103177906,1129.4645461518867
SAR,Williams,MEDIUM -> SOFT,MEDIUM,SOFT,28,21,5476.544150593326,965.6805935673065
SAR,Williams,MEDIUM -> SOFT,MEDIUM,SOFT,29,21,5325.577208745255,814.7136517192357
SAR,Williams,MEDIUM -> SOFT,MEDIUM,SOFT,30,21,5187.427277633691,676.5637206076717
SAR,Williams,MEDIUM -> SOFT,MEDIUM,SOFT,31,21,5062.094357258637,551.2308002326172
SAR,Williams,MEDIUM -> SOFT,MEDIUM,SOFT,32,21,4949.57844762009,438.7148905940703
SAR,Williams,MEDIUM -> SOFT,MEDIUM,SOFT,33,21,4849.879548718052,339.0159916920329
SAR,Williams,MEDIUM -> SOFT,MEDIUM,SOFT,34,21,4762.997660552523,252.13410352650317
SAR,Williams,MEDIUM -> SOFT,MEDIUM,SOFT,35,21,4688.9327831235005,178.06922609748108
SAR,Williams,MEDIUM -> SOFT,MEDIUM,SOFT,36,21,4627.684916430988,116.82135940496846
SAR,Williams,MEDIUM -> SOFT,MEDIUM,SOFT,37,21,4579.254060474984,68.39050344896441
SAR,Williams,MEDIUM -> SOFT,MEDIUM,SOFT,38,21,4543.640215255487,32.77665822946801
SAR,Williams,MEDIUM -> SOFT,MEDIUM,SOFT,39,21,4520.8433807725,9.979823746480179
SAR,Williams,MEDIUM -> SOFT,MEDIUM,SOFT,40,21,4510.863557026019,0
SAR,Williams,MEDIUM -> SOFT,MEDIUM,SOFT,41,21,4513.700744016049,2.837186990029295
SAR,Williams,MEDIUM -> SOFT,MEDIUM,SOFT,42,21,4529.354941742587,18.491384716567154
SAR,Williams,MEDIUM -> SOFT,MEDIUM,SOFT,43,21,4557.826150205632,46.96259317961267
SAR,Williams,MEDIUM -> SOFT,MEDIUM,SOFT,44,21,4599.114369405186,88.25081237916675
SAR,Williams,MEDIUM -> SOFT,MEDIUM,SOFT,45,21,4653.219599341249,142.3560423152294
SAR,Williams,MEDIUM -> SOFT,MEDIUM,SOFT,46,21,4720.141840013819,209.27828298779968
SAR,Williams,MEDIUM -> SOFT,MEDIUM,SOFT,47,21,4799.881091422898,289.01753439687855
SAR,Williams,SOFT -> HARD,SOFT,HARD,5,21,6824.992021935685,0
SAR,Williams,SOFT -> HARD,SOFT,HARD,6,21,7054.691586431094,229.6995644954086
SAR,Williams,SOFT -> HARD,SOFT,HARD,7,21,7281.880931988612,456.8889100529268
SAR,Williams,SOFT -> HARD,SOFT,HARD,8,21,7506.560058608242,681.5680366725564
SAR,Williams,SOFT -> HARD,SOFT,HARD,9,21,7728.728966289982,903.7369443542966
SAR,Williams,SOFT -> HARD,SOFT,HARD,10,21,7948.387655033834,1123.3956330981482
SAR,Williams,SOFT -> HARD,SOFT,HARD,11,21,8165.536124839796,1340.5441029041103
SAR,Williams,SOFT -> HARD,SOFT,HARD,12,21,8380.17437570787,1555.182353772184
SAR,Williams,SOFT -> HARD,SOFT,HARD,13,21,8592.302407638053,1767.310385702368
SAR,Williams,SOFT -> HARD,SOFT,HARD,14,21,8801.920220630347,1976.9281986946617
SAR,Williams,SOFT -> HARD,SOFT,HARD,15,21,9009.027814684752,2184.035792749067
SAR,Williams,SOFT -> HARD,SOFT,HARD,16,21,9213.62518980127,2388.633167865585
SAR,Williams,SOFT -> HARD,SOFT,HARD,17,21,9415.712345979897,2590.7203240442113
SAR,Williams,SOFT -> HARD,SOFT,HARD,18,21,9615.289283220634,2790.297261284949
SAR,Williams,SOFT -> HARD,SOFT,HARD,19,21,9812.356001523483,2987.363979587798
SAR,Williams,SOFT -> HARD,SOFT,HARD,20,21,10006.912500888444,3181.9204789527585
SAR,Williams,SOFT -> HARD,SOFT,HARD,21,21,10198.958781315516,3373.9667593798304
SAR,Williams,SOFT -> HARD,SOFT,HARD,22,21,10388.494842804696,3563.50282086901
SAR,Williams,SOFT -> HARD,SOFT,HARD,23,21,10575.52068535599,3750.528663420305
SAR,Williams,SOFT -> HARD,SOFT,HARD,24,21,10760.036308969393,3935.0442870337074
SAR,Williams,SOFT -> HARD,SOFT,HARD,25,21,10942.041713644909,4117.049691709223
SAR,Williams,SOFT -> HARD,SOFT,HARD,26,21,11121.536899382536,4296.5448774468505
SAR,Williams,SOFT -> HARD,SOFT,HARD,27,21,11298.521866182271,4473.5298442465855
SAR,Williams,SOFT -> HARD,SOFT,HARD,28,21,11472.996614044117,4648.004592108432
SAR,Williams,SOFT -> HARD,SOFT,HARD,29,21,11644.961142968077,4819.969121032392
SAR,Williams,SOFT -> HARD,SOFT,HARD,30,21,11814.415452954145,4989.423431018459
SAR,Williams,SOFT -> HARD,SOFT,HARD,31,21,11981.359544002325,5156.36752206664
SAR,Williams,SOFT -> HARD,SOFT,HARD,32,21,12145.793416112618,5320.801394176932
SAR,Williams,SOFT -> HARD,SOFT,HARD,33,21,12307.71706928502,5482.725047349334
SAR,Williams,SOFT -> HARD,SOFT,HARD,34,21,12467.130503519533,5642.138481583847
SAR,Williams,SOFT -> HARD,SOFT,HARD,35,21,12624.033718816156,5799.04169688047
SAR,Williams,SOFT -> HARD,SOFT,HARD,36,21,12778.42671517489,5953.4346932392045
SAR,Williams,SOFT -> HARD,SOFT,HARD,37,21,12930.309492595736,6105.31747066005
SAR,Williams,SOFT -> HARD,SOFT,HARD,38,21,13079.682051078693,6254.690029143007
SAR,Williams,SOFT -> HARD,SOFT,HARD,39,21,13226.54439062376,6401.552368688074
SAR,Williams,SOFT -> HARD,SOFT,HARD,40,21,13370.896511230938,6545.9044892952525
SAR,Williams,SOFT -> HARD,SOFT,HARD,41,21,13512.738412900226,6687.74639096454
SAR,Williams,SOFT -> HARD,SOFT,HARD,42,21,13652.070095631625,6827.07807369594
SAR,Williams,SOFT -> HARD,SOFT,HARD,43,21,13788.891559425138,6963.899537489452
SAR,Williams,SOFT -> HARD,SOFT,HARD,44,21,13923.202804280758,7098.210782345072
SAR,Williams,SOFT -> HARD,SOFT,HARD,45,21,14055.003830198491,7230.011808262806
SAR,Williams,SOFT -> HARD,SOFT,HARD,46,21,14184.294637178335,7359.302615242649
SAR,Williams,SOFT -> HARD,SOFT,HARD,47,21,14311.07522522029,7486.083203284604
SAR,Williams,SOFT -> MEDIUM,SOFT,MEDIUM,5,21,6603.126275698585,0
SAR,Williams,SOFT -> MEDIUM,SOFT,MEDIUM,6,21,6837.995758567393,234.8694828688076
SAR,Williams,SOFT -> MEDIUM,SOFT,MEDIUM,7,21,7070.335484646959,467.209208948374
SAR,Williams,SOFT -> MEDIUM,SOFT,MEDIUM,8,21,7300.145453937283,697.01917823869735
SAR,Williams,SOFT -> MEDIUM,SOFT,MEDIUM,9,21,7527.425666438362,924.2993907397768
SAR,Williams,SOFT -> MEDIUM,SOFT,MEDIUM,10,21,7752.1761221502,1149.049846451615
SAR,Williams,SOFT -> MEDIUM,SOFT,MEDIUM,11,21,7974.396821072796,1371.270545374211
SAR,Williams,SOFT -> MEDIUM,SOFT,MEDIUM,12,21,8194.08776320615,1590.961487507564
SAR,Williams,SOFT -> MEDIUM,SOFT,MEDIUM,13,21,8411.248948550261,1808.1226728516758
SAR,Williams,SOFT -> MEDIUM,SOFT,MEDIUM,14,21,8625.880377105132,2022.7541014065464
SAR,Williams,SOFT -> MEDIUM,SOFT,MEDIUM,15,21,8837.98204887076,2234.855773172174
SAR,Williams,SOFT -> MEDIUM,SOFT,MEDIUM,16,21,9047.553963847144,2444.4276881485584
SAR,Williams,SOFT -> MEDIUM,SOFT,MEDIUM,17,21,9254.596122034287,2651.4698463357017
SAR,Williams,SOFT -> MEDIUM,SOFT,MEDIUM,18,21,9459.108523432189,2855.982247733604
SAR,Williams,SOFT -> MEDIUM,SOFT,MEDIUM,19,21,9661.091168040846,3057.964892342261
SAR,Williams,SOFT -> MEDIUM,SOFT,MEDIUM,20,21,9860.544055860264,3257.417780161679
SAR,Williams,SOFT -> MEDIUM,SOFT,MEDIUM,21,21,10057.467186890437,3454.340911191852
SAR,Williams,SOFT -> MEDIUM,SOFT,MEDIUM,22,21,10251.860561131369,3648.7342854327835
SAR,Williams,SOFT -> MEDIUM,SOFT,MEDIUM,23,21,10443.724178583061,3840.597902884476
SAR,Williams,SOFT -> MEDIUM,SOFT,MEDIUM,24,21,10633.058039245509,4029.9317635469233
SAR,Williams,SOFT -> MEDIUM,SOFT,MEDIUM,25,21,10819.862143118715,4216.73586742013
SAR,Williams,SOFT -> MEDIUM,SOFT,MEDIUM,26,21,11004.136490202678,4401.010214504093
SAR,Williams,SOFT -> MEDIUM,SOFT,MEDIUM,27,21,11185.8810804974,4582.754804798815
SAR,Williams,SOFT -> MEDIUM,SOFT,MEDIUM,28,21,11365.095914002879,4761.969638304294
SAR,Williams,SOFT -> MEDIUM,SOFT,MEDIUM,29,21,11541.780990719115,4938.65471502053
SAR,Williams,SOFT -> MEDIUM,SOFT,MEDIUM,30,21,11715.93631064611,5112.810034947524
SAR,Williams,SOFT -> MEDIUM,SOFT,MEDIUM,31,21,11887.561873783863,5284.435598085278
SAR,Williams,SOFT -> MEDIUM,SOFT,MEDIUM,32,21,12056.657680132374,5453.531404433788
SAR,Williams,SOFT -> MEDIUM,SOFT,MEDIUM,33,21,12223.223729691641,5620.097453993056
SAR,Williams,SOFT -> MEDIUM,SOFT,MEDIUM,34,21,12387.260022461669,5784.133746763084
SAR,Williams,SOFT -> MEDIUM,SOFT,MEDIUM,35,21,12548.766558442452,5945.640282743867
SAR,Williams,SOFT -> MEDIUM,SOFT,MEDIUM,36,21,12707.743337633994,6104.617061935409
SAR,Williams,SOFT -> MEDIUM,SOFT,MEDIUM,37,21,12864.190360036293,6261.064084337708
SAR,Williams,SOFT -> MEDIUM,SOFT,MEDIUM,38,21,13018.10762564935,6414.981349950765
SAR,Williams,SOFT -> MEDIUM,SOFT,MEDIUM,39,21,13169.495134473165,6566.36885877458
SAR,Williams,SOFT -> MEDIUM,SOFT,MEDIUM,40,21,13318.352886507739,6715.2266108091535
SAR,Williams,SOFT -> MEDIUM,SOFT,MEDIUM,41,21,13464.68088175307,6861.554606054484
SAR,Williams,SOFT -> MEDIUM,SOFT,MEDIUM,42,21,13608.479120209158,7005.352844510573
SAR,Williams,SOFT -> MEDIUM,SOFT,MEDIUM,43,21,13749.747601876004,7146.621326177419
SAR,Williams,SOFT -> MEDIUM,SOFT,MEDIUM,44,21,13888.48632675361,7285.360051055024
SAR,Williams,SOFT -> MEDIUM,SOFT,MEDIUM,45,21,14024.695294841971,7421.569019143386
SAR,Williams,SOFT -> MEDIUM,SOFT,MEDIUM,46,21,14158.374506141092,7555.248230442507
SAR,Williams,SOFT -> MEDIUM,SOFT,MEDIUM,47,21,14289.52396065097,7686.397684952384
STR,Aston Martin,HARD -> MEDIUM,HARD,MEDIUM,5,21,5370.523500378363,0
STR,Aston Martin,HARD -> MEDIUM,HARD,MEDIUM,6,21,5376.0323685618705,5.5088681835077296
STR,Aston Martin,HARD -> MEDIUM,HARD,MEDIUM,7,21,5381.5499329622035,11.026432583840688
STR,Aston Martin,HARD -> MEDIUM,HARD,MEDIUM,8,21,5387.076193579363,16.552693200999784
STR,Aston Martin,HARD -> MEDIUM,HARD,MEDIUM,9,21,5392.611150413344,22.08765003498138
STR,Aston Martin,HARD -> MEDIUM,HARD,MEDIUM,10,21,5398.154803464148,27.631303085785476
STR,Aston Martin,HARD -> MEDIUM,HARD,MEDIUM,11,21,5403.7071527317785,33.18365235341571
STR,Aston Martin,HARD -> MEDIUM,HARD,MEDIUM,12,21,5409.268198216233,38.74469783787026
STR,Aston Martin,HARD -> MEDIUM,HARD,MEDIUM,13,21,5414.837939917512,44.314439539149134
STR,Aston Martin,HARD -> MEDIUM,HARD,MEDIUM,14,21,5420.416377835614,49.892877457251416
STR,Aston Martin,HARD -> MEDIUM,HARD,MEDIUM,15,21,5426.003511970541,55.480011592178016
STR,Aston Martin,HARD -> MEDIUM,HARD,MEDIUM,16,21,5431.599342322293,61.075841943929845
STR,Aston Martin,HARD -> MEDIUM,HARD,MEDIUM,17,21,5437.203868890869,66.68036851250599
STR,Aston Martin,HARD -> MEDIUM,HARD,MEDIUM,18,21,5442.817091676268,72.29359129790555
STR,Aston Martin,HARD -> MEDIUM,HARD,MEDIUM,19,21,5448.439010678492,77.91551030012943
STR,Aston Martin,HARD -> MEDIUM,HARD,MEDIUM,20,21,5454.06962589754,83.54612551917762
STR,Aston Martin,HARD -> MEDIUM,HARD,MEDIUM,21,21,5459.708937333413,89.18543695505014
STR,Aston Martin,HARD -> MEDIUM,HARD,MEDIUM,22,21,5465.356944986112,94.83344460774879
STR,Aston Martin,HARD -> MEDIUM,HARD,MEDIUM,23,21,5471.013648855632,100.49014847726903
STR,Aston Martin,HARD -> MEDIUM,HARD,MEDIUM,24,21,5476.679048941978,106.15554856361541
STR,Aston Martin,HARD -> MEDIUM,HARD,MEDIUM,25,21,5482.353145245148,111.8296448667852
STR,Aston Martin,HARD -> MEDIUM,HARD,MEDIUM,26,21,5488.035937765142,117.51243738677931
STR,Aston Martin,HARD -> MEDIUM,HARD,MEDIUM,27,21,5493.727426501959,123.20392612359592
STR,Aston Martin,HARD -> MEDIUM,HARD,MEDIUM,28,21,5499.427611455601,128.90411107723867
STR,Aston Martin,HARD -> MEDIUM,HARD,MEDIUM,29,21,5505.136492626069,134.61299224770664
STR,Aston Martin,HARD -> MEDIUM,HARD,MEDIUM,30,21,5510.85407001336,140.33056963499712
STR,Aston Martin,HARD -> MEDIUM,HARD,MEDIUM,31,21,5516.580343617476,146.05684323911282
STR,Aston Martin,HARD -> MEDIUM,HARD,MEDIUM,32,21,5522.315313438416,151.79181306005285
STR,Aston Martin,HARD -> MEDIUM,HARD,MEDIUM,33,21,5528.058979476179,157.53547909781628
STR,Aston Martin,HARD -> MEDIUM,HARD,MEDIUM,34,21,5533.811341730768,163.28784135240494
STR,Aston Martin,HARD -> MEDIUM,HARD,MEDIUM,35,21,5539.57240020218,169.048899823817
STR,Aston Martin,HARD -> MEDIUM,HARD,MEDIUM,36,21,5545.342154890417,174.8186545120543
STR,Aston Martin,HARD -> MEDIUM,HARD,MEDIUM,37,21,5551.120605795479,180.59710541711593
STR,Aston Martin,HARD -> MEDIUM,HARD,MEDIUM,38,21,5556.907752917364,186.38425253900095
STR,Aston Martin,HARD -> MEDIUM,HARD,MEDIUM,39,21,5562.703596256074,192.1800958777112
STR,Aston Martin,HARD -> MEDIUM,HARD,MEDIUM,40,21,5568.508135811608,197.98463543324488
STR,Aston Martin,HARD -> MEDIUM,HARD,MEDIUM,41,21,5574.3213715839665,203.79787120560377
STR,Aston Martin,HARD -> MEDIUM,HARD,MEDIUM,42,21,5580.143303573149,209.61980319478607
STR,Aston Martin,HARD -> MEDIUM,HARD,MEDIUM,43,21,5585.9739317791555,215.4504314007927
STR,Aston Martin,HARD -> MEDIUM,HARD,MEDIUM,44,21,5591.813256201987,221.28975582362455
STR,Aston Martin,HARD -> MEDIUM,HARD,MEDIUM,45,21,5597.661276841643,227.1377764632798
STR,Aston Martin,HARD -> MEDIUM,HARD,MEDIUM,46,21,5603.517993698122,232.99449331975939
STR,Aston Martin,HARD -> MEDIUM,HARD,MEDIUM,47,21,5609.383406771427,238.8599063930642
STR,Aston Martin,HARD -> SOFT,HARD,SOFT,5,21,7309.68411652393,1679.9302089603834
STR,Aston Martin,HARD -> SOFT,HARD,SOFT,6,21,7233.20821789979,1603.454310336243
STR,Aston Martin,HARD -> SOFT,HARD,SOFT,7,21,7158.511712461776,1528.7578048982296
STR,Aston Martin,HARD -> SOFT,HARD,SOFT,8,21,7085.594600209886,1455.8406926463394
STR,Aston Martin,HARD -> SOFT,HARD,SOFT,9,21,7014.456881144122,1384.7029735805754
STR,Aston Martin,HARD -> SOFT,HARD,SOFT,10,21,6945.098555264482,1315.3446477009347
STR,Aston Martin,HARD -> SOFT,HARD,SOFT,11,21,6877.519622570968,1247.765715007421
STR,Aston Martin,HARD -> SOFT,HARD,SOFT,12,21,6811.7200830635775,1181.9661755000307
STR,Aston Martin,HARD -> SOFT,HARD,SOFT,13,21,6747.699936742311,1117.9460291787645
STR,Aston Martin,HARD -> SOFT,HARD,SOFT,14,21,6685.4591836071695,1055.7052760436227
STR,Aston Martin,HARD -> SOFT,HARD,SOFT,15,21,6624.997823658152,995.2439160946051
STR,Aston Martin,HARD -> SOFT,HARD,SOFT,16,21,6566.315856895262,936.5619493317154
STR,Aston Martin,HARD -> SOFT,HARD,SOFT,17,21,6509.413283318494,879.6593757549472
STR,Aston Martin,HARD -> SOFT,HARD,SOFT,18,21,6454.290102927853,824.536195364306
STR,Aston Martin,HARD -> SOFT,HARD,SOFT,19,21,6400.946315723337,771.1924081597899
STR,Aston Martin,HARD -> SOFT,HARD,SOFT,20,21,6349.381921704945,719.6280141413981
STR,Aston Martin,HARD -> SOFT,HARD,SOFT,21,21,6299.596920872677,669.8430133091306
STR,Aston Martin,HARD -> SOFT,HARD,SOFT,22,21,6251.591313226534,621.8374056629873
STR,Aston Martin,HARD -> SOFT,HARD,SOFT,23,21,6205.365098766517,575.6111912029701
STR,Aston Martin,HARD -> SOFT,HARD,SOFT,24,21,6160.918277492625,531.164369929078
STR,Aston Martin,HARD -> SOFT,HARD,SOFT,25,21,6118.250849404857,488.4969418413102
STR,Aston Martin,HARD -> SOFT,HARD,SOFT,26,21,6077.362814503214,447.6089069396676
STR,Aston Martin,HARD -> SOFT,HARD,SOFT,27,21,6038.254172787696,408.5002652241492
STR,Aston Martin,HARD -> SOFT,HARD,SOFT,28,21,6000.924924258303,371.17101669475596
STR,Aston Martin,HARD -> SOFT,HARD,SOFT,29,21,5965.375068915035,335.6211613514879
STR,Aston Martin,HARD -> SOFT,HARD,SOFT,30,21,5931.60460675789,301.8506991943432
STR,Aston Martin,HARD -> SOFT,HARD,SOFT,31,21,5899.613537786872,269.85963022332544
STR,Aston Martin,HARD -> SOFT,HARD,SOFT,32,21,5869.401862001977,239.64795443843013
STR,Aston Martin,HARD -> SOFT,HARD,SOFT,33,21,5840.969579403208,211.2156718396609
STR,Aston Martin,HARD -> SOFT,HARD,SOFT,34,21,5814.316689990563,184.56278242701592
STR,Aston Martin,HARD -> SOFT,HARD,SOFT,35,21,5789.443193764044,159.689286200497
STR,Aston Martin,HARD -> SOFT,HARD,SOFT,36,21,5766.349090723649,136.59518316010235
STR,Aston Martin,HARD -> SOFT,HARD,SOFT,37,21,5745.03438086938,115.28047330583286
STR,Aston Martin,HARD -> SOFT,HARD,SOFT,38,21,5725.499064201234,95.74515663768761
STR,Aston Martin,HARD -> SOFT,HARD,SOFT,39,21,5707.743140719214,77.98923315566753
STR,Aston Martin,HARD -> SOFT,HARD,SOFT,40,21,5691.7666104233185,62.01270285977171
STR,Aston Martin,HARD -> SOFT,HARD,SOFT,41,21,5677.569473313548,47.81556575000104
STR,Aston Martin,HARD -> SOFT,HARD,SOFT,42,21,5665.151729389902,35.39782182635554
STR,Aston Martin,HARD -> SOFT,HARD,SOFT,43,21,5654.513378652382,24.7594710888352
STR,Aston Martin,HARD -> SOFT,HARD,SOFT,44,21,5645.654421100986,15.90051353743911
STR,Aston Martin,HARD -> SOFT,HARD,SOFT,45,21,5638.574856735714,8.820949172167275
STR,Aston Martin,HARD -> SOFT,HARD,SOFT,46,21,5633.274685556567,3.5207779930206016
STR,Aston Martin,HARD -> SOFT,HARD,SOFT,47,21,5629.753907563547,0
STR,Aston Martin,MEDIUM -> HARD,MEDIUM,HARD,5,21,5604.792011703454,238.85990639306328
STR,Aston Martin,MEDIUM -> HARD,MEDIUM,HARD,6,21,5598.125546724674,232.19344141428337
STR,Aston Martin,MEDIUM -> HARD,MEDIUM,HARD,7,21,5591.506853665424,225.574748355034
STR,Aston Martin,MEDIUM -> HARD,MEDIUM,HARD,8,21,5584.935932525705,219.00382721531423
STR,Aston Martin,MEDIUM -> HARD,MEDIUM,HARD,9,21,5578.412783305515,212.480677995125
STR,Aston Martin,MEDIUM -> HARD,MEDIUM,HARD,10,21,5571.937406004858,206.00530069446722
STR,Aston Martin,MEDIUM -> HARD,MEDIUM,HARD,11,21,5565.5098006237295,199.57769531333906
STR,Aston Martin,MEDIUM -> HARD,MEDIUM,HARD,12,21,5559.129967162133,193.19786185174235
STR,Aston Martin,MEDIUM -> HARD,MEDIUM,HARD,13,21,5552.797905620066,186.86580030967525
STR,Aston Martin,MEDIUM -> HARD,MEDIUM,HARD,14,21,5546.513615997528,180.58151068713778
STR,Aston Martin,MEDIUM -> HARD,MEDIUM,HARD,15,21,5540.277098294522,174.34499298413175
STR,Aston Martin,MEDIUM -> HARD,MEDIUM,HARD,16,21,5534.088352511047,168.15624720065625
STR,Aston Martin,MEDIUM -> HARD,MEDIUM,HARD,17,21,5527.947378647102,162.0152733367113
STR,Aston Martin,MEDIUM -> HARD,MEDIUM,HARD,18,21,5521.854176702686,155.92207139229595
STR,Aston Martin,MEDIUM -> HARD,MEDIUM,HARD,19,21,5515.8087466778015,149.87664136741114
STR,Aston Martin,MEDIUM -> HARD,MEDIUM,HARD,20,21,5509.811088572448,143.87898326205777
STR,Aston Martin,MEDIUM -> HARD,MEDIUM,HARD,21,21,5503.861202386624,137.92909707623403
STR,Aston Martin,MEDIUM -> HARD,MEDIUM,HARD,22,21,5497.959088120331,132.02698280994082
STR,Aston Martin,MEDIUM -> HARD,MEDIUM,HARD,23,21,5492.1047457735685,126.17264046317814
STR,Aston Martin,MEDIUM -> HARD,MEDIUM,HARD,24,21,5486.2981753463355,120.36607003594509
STR,Aston Martin,MEDIUM -> HARD,MEDIUM,HARD,25,21,5480.539376838633,114.60727152824256
STR,Aston Martin,MEDIUM -> HARD,MEDIUM,HARD,26,21,5474.828350250462,108.89624494007148
STR,Aston Martin,MEDIUM -> HARD,MEDIUM,HARD,27,21,5469.16509558182,103.23299027143003
STR,Aston Martin,MEDIUM -> HARD,MEDIUM,HARD,28,21,5463.5496128327095,97.6175075223191
STR,Aston Martin,MEDIUM -> HARD,MEDIUM,HARD,29,21,5457.98190200313,92.04979669273962
STR,Aston Martin,MEDIUM -> HARD,MEDIUM,HARD,30,21,5452.461963093079,86.52985778268885
STR,Aston Martin,MEDIUM -> HARD,MEDIUM,HARD,31,21,5446.98979610256,81.05769079216952
STR,Aston Martin,MEDIUM -> HARD,MEDIUM,HARD,32,21,5441.565401031572,75.63329572118164
STR,Aston Martin,MEDIUM -> HARD,MEDIUM,HARD,33,21,5436.188777880114,70.25667256972338
STR,Aston Martin,MEDIUM -> HARD,MEDIUM,HARD,34,21,5430.859926648185,64.92782133779474
STR,Aston Martin,MEDIUM -> HARD,MEDIUM,HARD,35,21,5425.578847335788,59.64674202539754
STR,Aston Martin,MEDIUM -> HARD,MEDIUM,HARD,36,21,5420.34553994292,54.41343463252997
STR,Aston Martin,MEDIUM -> HARD,MEDIUM,HARD,37,21,5415.160004469583,49.22789915919293
STR,Aston Martin,MEDIUM -> HARD,MEDIUM,HARD,38,21,5410.022240915777,44.09013560538642
STR,Aston Martin,MEDIUM -> HARD,MEDIUM,HARD,39,21,5404.932249281501,39.00014397111045
STR,Aston Martin,MEDIUM -> HARD,MEDIUM,HARD,40,21,5399.890029566755,33.957924256365004
STR,Aston Martin,MEDIUM -> HARD,MEDIUM,HARD,41,21,5394.895581771541,28.963476461151004
STR,Aston Martin,MEDIUM -> HARD,MEDIUM,HARD,42,21,5389.948905895856,24.016800585465717
STR,Aston Martin,MEDIUM -> HARD,MEDIUM,HARD,43,21,5385.050001939702,19.117896629311872
STR,Aston Martin,MEDIUM -> HARD,MEDIUM,HARD,44,21,5380.198869903079,14.26676459268856
STR,Aston Martin,MEDIUM -> HARD,MEDIUM,HARD,45,21,5375.395509785985,9.46340447559487
STR,Aston Martin,MEDIUM -> HARD,MEDIUM,HARD,46,21,5370.639921588422,4.707816278031714
STR,Aston Martin,MEDIUM -> HARD,MEDIUM,HARD,47,21,5365.93210531039,0
STR,Aston Martin,MEDIUM -> SOFT,MEDIUM,SOFT,5,21,7275.635212837074,1918.7901153534467
STR,Aston Martin,MEDIUM -> SOFT,MEDIUM,SOFT,6,21,7192.492849234153,1835.6477517505264
STR,Aston Martin,MEDIUM -> SOFT,MEDIUM,SOFT,7,21,7111.17765073689,1754.3325532532635
STR,Aston Martin,MEDIUM -> SOFT,MEDIUM,SOFT,8,21,7031.689617345281,1674.8445198616537
STR,Aston Martin,MEDIUM -> SOFT,MEDIUM,SOFT,9,21,6954.028749059327,1597.1836515757004
STR,Aston Martin,MEDIUM -> SOFT,MEDIUM,SOFT,10,21,6878.195045879029,1521.349948395402
STR,Aston Martin,MEDIUM -> SOFT,MEDIUM,SOFT,11,21,6804.188507804387,1447.34341032076
STR,Aston Martin,MEDIUM -> SOFT,MEDIUM,SOFT,12,21,6732.009134835399,1375.164037351772
STR,Aston Martin,MEDIUM -> SOFT,MEDIUM,SOFT,13,21,6661.656926972066,1304.811829488439
STR,Aston Martin,MEDIUM -> SOFT,MEDIUM,SOFT,14,21,6593.131884214388,1236.2867867307614
STR,Aston Martin,MEDIUM -> SOFT,MEDIUM,SOFT,15,21,6526.434006562364,1169.5889090787368
STR,Aston Martin,MEDIUM -> SOFT,MEDIUM,SOFT,16,21,6461.563294015998,1104.7181965323707
STR,Aston Martin,MEDIUM -> SOFT,MEDIUM,SOFT,17,21,6398.519746575284,1041.6746490916576
STR,Aston Martin,MEDIUM -> SOFT,MEDIUM,SOFT,18,21,6337.303364240229,980.4582667566019
STR,Aston Martin,MEDIUM -> SOFT,MEDIUM,SOFT,19,21,6277.914147010828,921.0690495272011
STR,Aston Martin,MEDIUM -> SOFT,MEDIUM,SOFT,20,21,6220.352094887082,863.506997403455
STR,Aston Martin,MEDIUM -> SOFT,MEDIUM,SOFT,21,21,6164.617207868991,807.7721103853637
STR,Aston Martin,MEDIUM -> SOFT,MEDIUM,SOFT,22,21,6110.709485956555,753.8643884729281
STR,Aston Martin,MEDIUM -> SOFT,MEDIUM,SOFT,23,21,6058.628929149775,701.7838316661482
STR,Aston Martin,MEDIUM -> SOFT,MEDIUM,SOFT,24,21,6008.37553744865,651.5304399650231
STR,Aston Martin,MEDIUM -> SOFT,MEDIUM,SOFT,25,21,5959.949310853181,603.1042133695537
STR,Aston Martin,MEDIUM -> SOFT,MEDIUM,SOFT,26,21,5913.350249363366,556.5051518797391
STR,Aston Martin,MEDIUM -> SOFT,MEDIUM,SOFT,27,21,5868.578352979206,511.7332554955792
STR,Aston Martin,MEDIUM -> SOFT,MEDIUM,SOFT,28,21,5825.633621700703,468.788524217076
STR,Aston Martin,MEDIUM -> SOFT,MEDIUM,SOFT,29,21,5784.516055527854,427.6709580442275
STR,Aston Martin,MEDIUM -> SOFT,MEDIUM,SOFT,30,21,5745.225654460661,388.38055697703385
STR,Aston Martin,MEDIUM -> SOFT,MEDIUM,SOFT,31,21,5707.762418499124,350.9173210154968
STR,Aston Martin,MEDIUM -> SOFT,MEDIUM,SOFT,32,21,5672.12634764324,315.2812501596127
STR,Aston Martin,MEDIUM -> SOFT,MEDIUM,SOFT,33,21,5638.317441893012,281.4723444093852
STR,Aston Martin,MEDIUM -> SOFT,MEDIUM,SOFT,34,21,5606.335701248439,249.49060376481248
STR,Aston Martin,MEDIUM -> SOFT,MEDIUM,SOFT,35,21,5576.181125709522,219.33602822589546
STR,Aston Martin,MEDIUM -> SOFT,MEDIUM,SOFT,36,21,5547.85371527626,191.00861779263323
STR,Aston Martin,MEDIUM -> SOFT,MEDIUM,SOFT,37,21,5521.353469948654,164.5083724650267
STR,Aston Martin,MEDIUM -> SOFT,MEDIUM,SOFT,38,21,5496.680389726702,139.83529224307495
STR,Aston Martin,MEDIUM -> SOFT,MEDIUM,SOFT,39,21,5473.834474610406,116.98937712677889
STR,Aston Martin,MEDIUM -> SOFT,MEDIUM,SOFT,40,21,5452.815724599765,95.97062711613853
STR,Aston Martin,MEDIUM -> SOFT,MEDIUM,SOFT,41,21,5433.624139694779,76.77904221115205
STR,Aston Martin,MEDIUM -> SOFT,MEDIUM,SOFT,42,21,5416.259719895449,59.414622411822165
STR,Aston Martin,MEDIUM -> SOFT,MEDIUM,SOFT,43,21,5400.722465201774,43.87736771814707
STR,Aston Martin,MEDIUM -> SOFT,MEDIUM,SOFT,44,21,5387.012375613755,30.16727813012767
STR,Aston Martin,MEDIUM -> SOFT,MEDIUM,SOFT,45,21,5375.12945113139,18.284353647763055
STR,Aston Martin,MEDIUM -> SOFT,MEDIUM,SOFT,46,21,5365.07369175468,8.228594271053225
STR,Aston Martin,MEDIUM -> SOFT,MEDIUM,SOFT,47,21,5356.845097483627,0
STR,Aston Martin,SOFT -> HARD,SOFT,HARD,5,21,6047.91130630288,0
STR,Aston Martin,SOFT -> HARD,SOFT,HARD,6,21,6124.387204927019,76.47589862413952
STR,Aston Martin,SOFT -> HARD,SOFT,HARD,7,21,6199.083710365034,151.17240406215387
STR,Aston Martin,SOFT -> HARD,SOFT,HARD,8,21,6272.000822616924,224.08951631404398
STR,Aston Martin,SOFT -> HARD,SOFT,HARD,9,21,6343.138541682689,295.2272353798089
STR,Aston Martin,SOFT -> HARD,SOFT,HARD,10,21,6412.496867562329,364.5855612594487
STR,Aston Martin,SOFT -> HARD,SOFT,HARD,11,21,6480.075800255845,432.16449395296513
STR,Aston Martin,SOFT -> HARD,SOFT,HARD,12,21,6545.875339763235,497.9640334603555
STR,Aston Martin,SOFT -> HARD,SOFT,HARD,13,21,6609.895486084501,561.9841797816207
STR,Aston Martin,SOFT -> HARD,SOFT,HARD,14,21,6672.1362392196415,624.2249329167616
STR,Aston Martin,SOFT -> HARD,SOFT,HARD,15,21,6732.597599168657,684.6862928657774
STR,Aston Martin,SOFT -> HARD,SOFT,HARD,16,21,6791.279565931549,743.368259628669
STR,Aston Martin,SOFT -> HARD,SOFT,HARD,17,21,6848.182139508315,800.2708332054353
STR,Aston Martin,SOFT -> HARD,SOFT,HARD,18,21,6903.305319898956,855.3940135960765
STR,Aston Martin,SOFT -> HARD,SOFT,HARD,19,21,6956.6491071034725,908.7378008005926
STR,Aston Martin,SOFT -> HARD,SOFT,HARD,20,21,7008.213501121865,960.3021948189853
STR,Aston Martin,SOFT -> HARD,SOFT,HARD,21,21,7057.998501954132,1010.0871956512519
STR,Aston Martin,SOFT -> HARD,SOFT,HARD,22,21,7106.004109600274,1058.0928032973943
STR,Aston Martin,SOFT -> HARD,SOFT,HARD,23,21,7152.230324060292,1104.3190177574124
STR,Aston Martin,SOFT -> HARD,SOFT,HARD,24,21,7196.677145334184,1148.7658390313045
STR,Aston Martin,SOFT -> HARD,SOFT,HARD,25,21,7239.344573421952,1191.4332671190723
STR,Aston Martin,SOFT -> HARD,SOFT,HARD,26,21,7280.232608323596,1232.3213020207158
STR,Aston Martin,SOFT -> HARD,SOFT,HARD,27,21,7319.341250039113,1271.4299437362333
STR,Aston Martin,SOFT -> HARD,SOFT,HARD,28,21,7356.670498568506,1308.7591922656266
STR,Aston Martin,SOFT -> HARD,SOFT,HARD,29,21,7392.220353911775,1344.3090476088955
STR,Aston Martin,SOFT -> HARD,SOFT,HARD,30,21,7425.990816068918,1378.0795097660384
STR,Aston Martin,SOFT -> HARD,SOFT,HARD,31,21,7457.981885039937,1410.070578737057
STR,Aston Martin,SOFT -> HARD,SOFT,HARD,32,21,7488.193560824831,1440.2822545219515
STR,Aston Martin,SOFT -> HARD,SOFT,HARD,33,21,7516.625843423601,1468.7145371207207
STR,Aston Martin,SOFT -> HARD,SOFT,HARD,34,21,7543.278732836245,1495.3674265333648
STR,Aston Martin,SOFT -> HARD,SOFT,HARD,35,21,7568.152229062764,1520.2409227598837
STR,Aston Martin,SOFT -> HARD,SOFT,HARD,36,21,7591.246332103158,1543.3350258002783
STR,Aston Martin,SOFT -> HARD,SOFT,HARD,37,21,7612.561041957428,1564.6497356545478
STR,Aston Martin,SOFT -> HARD,SOFT,HARD,38,21,7632.096358625572,1584.1850523226922
STR,Aston Martin,SOFT -> HARD,SOFT,HARD,39,21,7649.852282107592,1601.9409758047123
STR,Aston Martin,SOFT -> HARD,SOFT,HARD,40,21,7665.828812403487,1617.9175061006072
STR,Aston Martin,SOFT -> HARD,SOFT,HARD,41,21,7680.025949513258,1632.1146432103778
STR,Aston Martin,SOFT -> HARD,SOFT,HARD,42,21,7692.443693436904,1644.5323871340242
STR,Aston Martin,SOFT -> HARD,SOFT,HARD,43,21,7703.082044174425,1655.1707378715455
STR,Aston Martin,SOFT -> HARD,SOFT,HARD,44,21,7711.941001725822,1664.0296954229425
STR,Aston Martin,SOFT -> HARD,SOFT,HARD,45,21,7719.020566091093,1671.1092597882134
STR,Aston Martin,SOFT -> HARD,SOFT,HARD,46,21,7724.32073727024,1676.40943096736
STR,Aston Martin,SOFT -> HARD,SOFT,HARD,47,21,7727.841515263262,1679.9302089603825
STR,Aston Martin,SOFT -> MEDIUM,SOFT,MEDIUM,5,21,5779.593891290932,0
STR,Aston Martin,SOFT -> MEDIUM,SOFT,MEDIUM,6,21,5861.57865809858,81.98476680764725
STR,Aston Martin,SOFT -> MEDIUM,SOFT,MEDIUM,7,21,5941.792727936927,162.19883664599456
STR,Aston Martin,SOFT -> MEDIUM,SOFT,MEDIUM,8,21,6020.236100805976,240.64220951504376
STR,Aston Martin,SOFT -> MEDIUM,SOFT,MEDIUM,9,21,6096.908776705723,317.3148854147903
STR,Aston Martin,SOFT -> MEDIUM,SOFT,MEDIUM,10,21,6171.8107556361665,392.21686434523417
STR,Aston Martin,SOFT -> MEDIUM,SOFT,MEDIUM,11,21,6244.942037597311,465.348146306379
STR,Aston Martin,SOFT -> MEDIUM,SOFT,MEDIUM,12,21,6316.302622589157,536.7087312982248
STR,Aston Martin,SOFT -> MEDIUM,SOFT,MEDIUM,13,21,6385.892510611702,606.2986193207698
STR,Aston Martin,SOFT -> MEDIUM,SOFT,MEDIUM,14,21,6453.711701664945,674.1178103740131
STR,Aston Martin,SOFT -> MEDIUM,SOFT,MEDIUM,15,21,6519.760195748888,740.1663044579554
STR,Aston Martin,SOFT -> MEDIUM,SOFT,MEDIUM,16,21,6584.03799286353,804.4441015725979
STR,Aston Martin,SOFT -> MEDIUM,SOFT,MEDIUM,17,21,6646.545093008874,866.9512017179413
STR,Aston Martin,SOFT -> MEDIUM,SOFT,MEDIUM,18,21,6707.281496184914,927.6876048939821
STR,Aston Martin,SOFT -> MEDIUM,SOFT,MEDIUM,19,21,6766.247202391654,986.653311100722
STR,Aston Martin,SOFT -> MEDIUM,SOFT,MEDIUM,20,21,6823.442211629095,1043.848320338163
STR,Aston Martin,SOFT -> MEDIUM,SOFT,MEDIUM,21,21,6878.866523897234,1099.272632606302
STR,Aston Martin,SOFT -> MEDIUM,SOFT,MEDIUM,22,21,6932.5201391960745,1152.9262479051422
STR,Aston Martin,SOFT -> MEDIUM,SOFT,MEDIUM,23,21,6984.403057525613,1204.8091662346806
STR,Aston Martin,SOFT -> MEDIUM,SOFT,MEDIUM,24,21,7034.515278885852,1254.92138759492
STR,Aston Martin,SOFT -> MEDIUM,SOFT,MEDIUM,25,21,7082.85680327679,1303.2629119858575
STR,Aston Martin,SOFT -> MEDIUM,SOFT,MEDIUM,26,21,7129.427630698427,1349.8337394074942
STR,Aston Martin,SOFT -> MEDIUM,SOFT,MEDIUM,27,21,7174.227761150763,1394.633869859831
STR,Aston Martin,SOFT -> MEDIUM,SOFT,MEDIUM,28,21,7217.257194633799,1437.663303342867
STR,Aston Martin,SOFT -> MEDIUM,SOFT,MEDIUM,29,21,7258.5159311475345,1478.9220398566022
STR,Aston Martin,SOFT -> MEDIUM,SOFT,MEDIUM,30,21,7298.00397069197,1518.4100794010374
STR,Aston Martin,SOFT -> MEDIUM,SOFT,MEDIUM,31,21,7335.721313267104,1556.1274219761717
STR,Aston Martin,SOFT -> MEDIUM,SOFT,MEDIUM,32,21,7371.667958872938,1592.0740675820052
STR,Aston Martin,SOFT -> MEDIUM,SOFT,MEDIUM,33,21,7405.84390750947,1626.250016218538
STR,Aston Martin,SOFT -> MEDIUM,SOFT,MEDIUM,34,21,7438.249159176703,1658.6552678857706
STR,Aston Martin,SOFT -> MEDIUM,SOFT,MEDIUM,35,21,7468.883713874635,1689.2898225837025
STR,Aston Martin,SOFT -> MEDIUM,SOFT,MEDIUM,36,21,7497.747571603266,1718.1536803123336
STR,Aston Martin,SOFT -> MEDIUM,SOFT,MEDIUM,37,21,7524.840732362597,1745.2468410716647
STR,Aston Martin,SOFT -> MEDIUM,SOFT,MEDIUM,38,21,7550.163196152627,1770.569304861695
STR,Aston Martin,SOFT -> MEDIUM,SOFT,MEDIUM,39,21,7573.714962973357,1794.1210716824244
STR,Aston Martin,SOFT -> MEDIUM,SOFT,MEDIUM,40,21,7595.496032824785,1815.902141533853
STR,Aston Martin,SOFT -> MEDIUM,SOFT,MEDIUM,41,21,7615.506405706915,1835.9125144159825
STR,Aston Martin,SOFT -> MEDIUM,SOFT,MEDIUM,42,21,7633.746081619744,1854.1521903288112
STR,Aston Martin,SOFT -> MEDIUM,SOFT,MEDIUM,43,21,7650.215060563271,1870.621169272339
STR,Aston Martin,SOFT -> MEDIUM,SOFT,MEDIUM,44,21,7664.913342537499,1885.319451246567
STR,Aston Martin,SOFT -> MEDIUM,SOFT,MEDIUM,45,21,7677.8409275424265,1898.2470362514941
STR,Aston Martin,SOFT -> MEDIUM,SOFT,MEDIUM,46,21,7688.997815578053,1909.4039242871204
STR,Aston Martin,SOFT -> MEDIUM,SOFT,MEDIUM,47,21,7698.384006644379,1918.7901153534467
TSU,AlphaTauri,HARD -> MEDIUM,HARD,MEDIUM,5,21,5691.828017940823,233.57276078430823
TSU,AlphaTauri,HARD -> MEDIUM,HARD,MEDIUM,6,21,5686.266761731673,228.01150457515814
TSU,AlphaTauri,HARD -> MEDIUM,HARD,MEDIUM,7,21,5680.705505522521,222.45024836600624
TSU,AlphaTauri,HARD -> MEDIUM,HARD,MEDIUM,8,21,5675.144249313371,216.88899215685615
TSU,AlphaTauri,HARD -> MEDIUM,HARD,MEDIUM,9,21,5669.582993104222,211.32773594770697
TSU,AlphaTauri,HARD -> MEDIUM,HARD,MEDIUM,10,21,5664.021736895072,205.76647973855688
TSU,AlphaTauri,HARD -> MEDIUM,HARD,MEDIUM,11,21,5658.4604806859215,200.2052235294068
TSU,AlphaTauri,HARD -> MEDIUM,HARD,MEDIUM,12,21,5652.899224476771,194.6439673202567
TSU,AlphaTauri,HARD -> MEDIUM,HARD,MEDIUM,13,21,5647.337968267622,189.08271111110753
TSU,AlphaTauri,HARD -> MEDIUM,HARD,MEDIUM,14,21,5641.776712058471,183.52145490195653
TSU,AlphaTauri,HARD -> MEDIUM,HARD,MEDIUM,15,21,5636.215455849321,177.96019869280644
TSU,AlphaTauri,HARD -> MEDIUM,HARD,MEDIUM,16,21,5630.65419964017,172.39894248365545
TSU,AlphaTauri,HARD -> MEDIUM,HARD,MEDIUM,17,21,5625.09294343102,166.83768627450536
TSU,AlphaTauri,HARD -> MEDIUM,HARD,MEDIUM,18,21,5619.53168722187,161.27643006535527
TSU,AlphaTauri,HARD -> MEDIUM,HARD,MEDIUM,19,21,5613.97043101272,155.71517385620518
TSU,AlphaTauri,HARD -> MEDIUM,HARD,MEDIUM,20,21,5608.40917480357,150.1539176470551
TSU,AlphaTauri,HARD -> MEDIUM,HARD,MEDIUM,21,21,5602.84791859442,144.592661437905
TSU,AlphaTauri,HARD -> MEDIUM,HARD,MEDIUM,22,21,5597.28666238527,139.03140522875492
TSU,AlphaTauri,HARD -> MEDIUM,HARD,MEDIUM,23,21,5591.725406176118,133.470149019603
TSU,AlphaTauri,HARD -> MEDIUM,HARD,MEDIUM,24,21,5586.164149966969,127.90889281045384
TSU,AlphaTauri,HARD -> MEDIUM,HARD,MEDIUM,25,21,5580.6028937578185,122.34763660130375
TSU,AlphaTauri,HARD -> MEDIUM,HARD,MEDIUM,26,21,5575.0416375486675,116.78638039215275
TSU,AlphaTauri,HARD -> MEDIUM,HARD,MEDIUM,27,21,5569.480381339517,111.22512418300266
TSU,AlphaTauri,HARD -> MEDIUM,HARD,MEDIUM,28,21,5563.919125130369,105.6638679738544
TSU,AlphaTauri,HARD -> MEDIUM,HARD,MEDIUM,29,21,5558.357868921218,100.1026117647034
TSU,AlphaTauri,HARD -> MEDIUM,HARD,MEDIUM,30,21,5552.796612712067,94.5413555555524
TSU,AlphaTauri,HARD -> MEDIUM,HARD,MEDIUM,31,21,5547.235356502917,88.98009934640231
TSU,AlphaTauri,HARD -> MEDIUM,HARD,MEDIUM,32,21,5541.674100293767,83.41884313725222
TSU,AlphaTauri,HARD -> MEDIUM,HARD,MEDIUM,33,21,5536.112844084617,77.85758692810214
TSU,AlphaTauri,HARD -> MEDIUM,HARD,MEDIUM,34,21,5530.551587875467,72.29633071895205
TSU,AlphaTauri,HARD -> MEDIUM,HARD,MEDIUM,35,21,5524.990331666317,66.73507450980196
TSU,AlphaTauri,HARD -> MEDIUM,HARD,MEDIUM,36,21,5519.429075457167,61.173818300651874
TSU,AlphaTauri,HARD -> MEDIUM,HARD,MEDIUM,37,21,5513.8678192480165,55.612562091501786
TSU,AlphaTauri,HARD -> MEDIUM,HARD,MEDIUM,38,21,5508.3065630388655,50.05130588235079
TSU,AlphaTauri,HARD -> MEDIUM,HARD,MEDIUM,39,21,5502.745306829715,44.4900496732007
TSU,AlphaTauri,HARD -> MEDIUM,HARD,MEDIUM,40,21,5497.184050620566,38.92879346405152
TSU,AlphaTauri,HARD -> MEDIUM,HARD,MEDIUM,41,21,5491.622794411416,33.367537254901436
TSU,AlphaTauri,HARD -> MEDIUM,HARD,MEDIUM,42,21,5486.061538202266,27.806281045751348
TSU,AlphaTauri,HARD -> MEDIUM,HARD,MEDIUM,43,21,5480.500281993115,22.24502483660035
TSU,AlphaTauri,HARD -> MEDIUM,HARD,MEDIUM,44,21,5474.939025783965,16.683768627450263
TSU,AlphaTauri,HARD -> MEDIUM,HARD,MEDIUM,45,21,5469.377769574815,11.122512418300175
TSU,AlphaTauri,HARD -> MEDIUM,HARD,MEDIUM,46,21,5463.816513365665,5.561256209150088
TSU,AlphaTauri,HARD -> MEDIUM,HARD,MEDIUM,47,21,5458.255257156515,0
TSU,AlphaTauri,HARD -> SOFT,HARD,SOFT,5,21,5925.647007181933,443.49381568538683
TSU,AlphaTauri,HARD -> SOFT,HARD,SOFT,6,21,5914.896995023144,432.74380352659773
TSU,AlphaTauri,HARD -> SOFT,HARD,SOFT,7,21,5904.1562821616635,422.00309066511727
TSU,AlphaTauri,HARD -> SOFT,HARD,SOFT,8,21,5893.4248685974935,411.2716771009473
TSU,AlphaTauri,HARD -> SOFT,HARD,SOFT,9,21,5882.702754330634,400.54956283408774
TSU,AlphaTauri,HARD -> SOFT,HARD,SOFT,10,21,5871.989939361083,389.83674786453685
TSU,AlphaTauri,HARD -> SOFT,HARD,SOFT,11,21,5861.286423688843,379.1332321922964
TSU,AlphaTauri,HARD -> SOFT,HARD,SOFT,12,21,5850.592207313913,368.43901581736645
TSU,AlphaTauri,HARD -> SOFT,HARD,SOFT,13,21,5839.907290236291,357.75409873974513
TSU,AlphaTauri,HARD -> SOFT,HARD,SOFT,14,21,5829.2316724559805,347.0784809594343
TSU,AlphaTauri,HARD -> SOFT,HARD,SOFT,15,21,5818.56535397298,336.4121624764339
TSU,AlphaTauri,HARD -> SOFT,HARD,SOFT,16,21,5807.908334787289,325.75514329074304
TSU,AlphaTauri,HARD -> SOFT,HARD,SOFT,17,21,5797.260614898907,315.10742340236084
TSU,AlphaTauri,HARD -> SOFT,HARD,SOFT,18,21,5786.622194307836,304.46900281129
TSU,AlphaTauri,HARD -> SOFT,HARD,SOFT,19,21,5775.993073014074,293.83988151752783
TSU,AlphaTauri,HARD -> SOFT,HARD,SOFT,20,21,5765.373251017622,283.2200595210761
TSU,AlphaTauri,HARD -> SOFT,HARD,SOFT,21,21,5754.762728318481,272.60953682193485
TSU,AlphaTauri,HARD -> SOFT,HARD,SOFT,22,21,5744.1615049166485,262.00831342010224
TSU,AlphaTauri,HARD -> SOFT,HARD,SOFT,23,21,5733.569580812125,251.41638931557918
TSU,AlphaTauri,HARD -> SOFT,HARD,SOFT,24,21,5722.986956004914,240.8337645083675
TSU,AlphaTauri,HARD -> SOFT,HARD,SOFT,25,21,5712.413630495012,230.26043899846536
TSU,AlphaTauri,HARD -> SOFT,HARD,SOFT,26,21,5701.849604282418,219.69641278587187
TSU,AlphaTauri,HARD -> SOFT,HARD,SOFT,27,21,5691.294877367136,209.14168587058975
TSU,AlphaTauri,HARD -> SOFT,HARD,SOFT,28,21,5680.7494497491625,198.59625825261628
TSU,AlphaTauri,HARD -> SOFT,HARD,SOFT,29,21,5670.2133214284995,188.06012993195327
TSU,AlphaTauri,HARD -> SOFT,HARD,SOFT,30,21,5659.686492405146,177.5333009085998
TSU,AlphaTauri,HARD -> SOFT,HARD,SOFT,31,21,5649.168962679103,167.01577118255682
TSU,AlphaTauri,HARD -> SOFT,HARD,SOFT,32,21,5638.66073225037,156.50754075382338
TSU,AlphaTauri,HARD -> SOFT,HARD,SOFT,33,21,5628.161801118946,146.0086096223995
TSU,AlphaTauri,HARD -> SOFT,HARD,SOFT,34,21,5617.672169284831,135.51897778828516
TSU,AlphaTauri,HARD -> SOFT,HARD,SOFT,35,21,5607.191836748027,125.03864525148038
TSU,AlphaTauri,HARD -> SOFT,HARD,SOFT,36,21,5596.720803508533,114.56761201198697
TSU,AlphaTauri,HARD -> SOFT,HARD,SOFT,37,21,5586.259069566348,104.1058780698022
TSU,AlphaTauri,HARD -> SOFT,HARD,SOFT,38,21,5575.806634921473,93.65344342492699
TSU,AlphaTauri,HARD -> SOFT,HARD,SOFT,39,21,5565.3634995739085,83.21030807736224
TSU,AlphaTauri,HARD -> SOFT,HARD,SOFT,40,21,5554.929663523655,72.77647202710887
TSU,AlphaTauri,HARD -> SOFT,HARD,SOFT,41,21,5544.5051267707095,62.351935274163225
TSU,AlphaTauri,HARD -> SOFT,HARD,SOFT,42,21,5534.089889315073,51.936697818527136
TSU,AlphaTauri,HARD -> SOFT,HARD,SOFT,43,21,5523.683951156749,41.53075966020242
TSU,AlphaTauri,HARD -> SOFT,HARD,SOFT,44,21,5513.2873122957335,31.134120799187258
TSU,AlphaTauri,HARD -> SOFT,HARD,SOFT,45,21,5502.899972732028,20.74678123548165
TSU,AlphaTauri,HARD -> SOFT,HARD,SOFT,46,21,5492.521932465632,10.368740969085593
TSU,AlphaTauri,HARD -> SOFT,HARD,SOFT,47,21,5482.153191496546,0
TSU,AlphaTauri,MEDIUM -> HARD,MEDIUM,HARD,5,21,5458.255257156515,0
TSU,AlphaTauri,MEDIUM -> HARD,MEDIUM,HARD,6,21,5463.816513365664,5.561256209149178
TSU,AlphaTauri,MEDIUM -> HARD,MEDIUM,HARD,7,21,5469.377769574813,11.122512418298356
TSU,AlphaTauri,MEDIUM -> HARD,MEDIUM,HARD,8,21,5474.939025783965,16.683768627450263
TSU,AlphaTauri,MEDIUM -> HARD,MEDIUM,HARD,9,21,5480.500281993115,22.24502483660035
TSU,AlphaTauri,MEDIUM -> HARD,MEDIUM,HARD,10,21,5486.061538202265,27.80628104575044
TSU,AlphaTauri,MEDIUM -> HARD,MEDIUM,HARD,11,21,5491.622794411416,33.367537254901436
TSU,AlphaTauri,MEDIUM -> HARD,MEDIUM,HARD,12,21,5497.184050620566,38.92879346405152
TSU,AlphaTauri,MEDIUM -> HARD,MEDIUM,HARD,13,21,5502.745306829716,44.49004967320161
TSU,AlphaTauri,MEDIUM -> HARD,MEDIUM,HARD,14,21,5508.306563038867,50.05130588235261
TSU,AlphaTauri,MEDIUM -> HARD,MEDIUM,HARD,15,21,5513.8678192480165,55.612562091501786
TSU,AlphaTauri,MEDIUM -> HARD,MEDIUM,HARD,16,21,5519.429075457167,61.173818300651874
TSU,AlphaTauri,MEDIUM -> HARD,MEDIUM,HARD,17,21,5524.990331666317,66.73507450980196
TSU,AlphaTauri,MEDIUM -> HARD,MEDIUM,HARD,18,21,5530.551587875468,72.29633071895296
TSU,AlphaTauri,MEDIUM -> HARD,MEDIUM,HARD,19,21,5536.112844084618,77.85758692810305
TSU,AlphaTauri,MEDIUM -> HARD,MEDIUM,HARD,20,21,5541.674100293767,83.41884313725222
TSU,AlphaTauri,MEDIUM -> HARD,MEDIUM,HARD,21,21,5547.235356502918,88.98009934640322
TSU,AlphaTauri,MEDIUM -> HARD,MEDIUM,HARD,22,21,5552.796612712068,94.54135555555331
TSU,AlphaTauri,MEDIUM -> HARD,MEDIUM,HARD,23,21,5558.357868921217,100.10261176470249
TSU,AlphaTauri,MEDIUM -> HARD,MEDIUM,HARD,24,21,5563.919125130368,105.66386797385348
TSU,AlphaTauri,MEDIUM -> HARD,MEDIUM,HARD,25,21,5569.480381339518,111.22512418300357
TSU,AlphaTauri,MEDIUM -> HARD,MEDIUM,HARD,26,21,5575.041637548668,116.78638039215366
TSU,AlphaTauri,MEDIUM -> HARD,MEDIUM,HARD,27,21,5580.6028937578185,122.34763660130375
TSU,AlphaTauri,MEDIUM -> HARD,MEDIUM,HARD,28,21,5586.1641499669695,127.90889281045474
TSU,AlphaTauri,MEDIUM -> HARD,MEDIUM,HARD,29,21,5591.72540617612,133.47014901960483
TSU,AlphaTauri,MEDIUM -> HARD,MEDIUM,HARD,30,21,5597.28666238527,139.03140522875492
TSU,AlphaTauri,MEDIUM -> HARD,MEDIUM,HARD,31,21,5602.84791859442,144.592661437905
TSU,AlphaTauri,MEDIUM -> HARD,MEDIUM,HARD,32,21,5608.40917480357,150.1539176470551
TSU,AlphaTauri,MEDIUM -> HARD,MEDIUM,HARD,33,21,5613.97043101272,155.71517385620518
TSU,AlphaTauri,MEDIUM -> HARD,MEDIUM,HARD,34,21,5619.53168722187,161.27643006535527
TSU,AlphaTauri,MEDIUM -> HARD,MEDIUM,HARD,35,21,5625.09294343102,166.83768627450536
TSU,AlphaTauri,MEDIUM -> HARD,MEDIUM,HARD,36,21,5630.65419964017,172.39894248365545
TSU,AlphaTauri,MEDIUM -> HARD,MEDIUM,HARD,37,21,5636.21545584932,177.96019869280553
TSU,AlphaTauri,MEDIUM -> HARD,MEDIUM,HARD,38,21,5641.77671205847,183.52145490195562
TSU,AlphaTauri,MEDIUM -> HARD,MEDIUM,HARD,39,21,5647.3379682676205,189.0827111111057
TSU,AlphaTauri,MEDIUM -> HARD,MEDIUM,HARD,40,21,5652.8992244767705,194.6439673202558
TSU,AlphaTauri,MEDIUM -> HARD,MEDIUM,HARD,41,21,5658.460480685921,200.20522352940588
TSU,AlphaTauri,MEDIUM -> HARD,MEDIUM,HARD,42,21,5664.021736895071,205.76647973855597
TSU,AlphaTauri,MEDIUM -> HARD,MEDIUM,HARD,43,21,5669.582993104222,211.32773594770697
TSU,AlphaTauri,MEDIUM -> HARD,MEDIUM,HARD,44,21,5675.144249313372,216.88899215685706
TSU,AlphaTauri,MEDIUM -> HARD,MEDIUM,HARD,45,21,5680.705505522523,222.45024836600805
TSU,AlphaTauri,MEDIUM -> HARD,MEDIUM,HARD,46,21,5686.266761731673,228.01150457515814
TSU,AlphaTauri,MEDIUM -> HARD,MEDIUM,HARD,47,21,5691.828017940823,233.57276078430823
TSU,AlphaTauri,MEDIUM -> SOFT,MEDIUM,SOFT,5,21,5953.453288227684,209.92105490107951
TSU,AlphaTauri,MEDIUM -> SOFT,MEDIUM,SOFT,6,21,5948.2645322780445,204.7322989514396
TSU,AlphaTauri,MEDIUM -> SOFT,MEDIUM,SOFT,7,21,5943.085075625715,199.55284229911013
TSU,AlphaTauri,MEDIUM -> SOFT,MEDIUM,SOFT,8,21,5937.914918270695,194.38268494409022
TSU,AlphaTauri,MEDIUM -> SOFT,MEDIUM,SOFT,9,21,5932.754060212986,189.22182688638077
TSU,AlphaTauri,MEDIUM -> SOFT,MEDIUM,SOFT,10,21,5927.602501452585,184.07026812597996
TSU,AlphaTauri,MEDIUM -> SOFT,MEDIUM,SOFT,11,21,5922.4602419894945,178.92800866288962
TSU,AlphaTauri,MEDIUM -> SOFT,MEDIUM,SOFT,12,21,5917.327281823716,173.79504849711066
TSU,AlphaTauri,MEDIUM -> SOFT,MEDIUM,SOFT,13,21,5912.203620955244,168.67138762863942
TSU,AlphaTauri,MEDIUM -> SOFT,MEDIUM,SOFT,14,21,5907.089259384084,163.55702605747865
TSU,AlphaTauri,MEDIUM -> SOFT,MEDIUM,SOFT,15,21,5901.984197110233,158.45196378362834
TSU,AlphaTauri,MEDIUM -> SOFT,MEDIUM,SOFT,16,21,5896.8884341336925,153.3562008070876
TSU,AlphaTauri,MEDIUM -> SOFT,MEDIUM,SOFT,17,21,5891.801970454461,148.2697371278564
TSU,AlphaTauri,MEDIUM -> SOFT,MEDIUM,SOFT,18,21,5886.72480607254,143.19257274593474
TSU,AlphaTauri,MEDIUM -> SOFT,MEDIUM,SOFT,19,21,5881.6569409879285,138.12470766132355
TSU,AlphaTauri,MEDIUM -> SOFT,MEDIUM,SOFT,20,21,5876.598375200627,133.06614187402192
TSU,AlphaTauri,MEDIUM -> SOFT,MEDIUM,SOFT,21,21,5871.549108710635,128.01687538402985
TSU,AlphaTauri,MEDIUM -> SOFT,MEDIUM,SOFT,22,21,5866.509141517953,122.97690819134823
TSU,AlphaTauri,MEDIUM -> SOFT,MEDIUM,SOFT,23,21,5861.478473622581,117.94624029597617
TSU,AlphaTauri,MEDIUM -> SOFT,MEDIUM,SOFT,24,21,5856.4571050245195,112.92487169791457
TSU,AlphaTauri,MEDIUM -> SOFT,MEDIUM,SOFT,25,21,5851.4450357237665,107.91280239716161
TSU,AlphaTauri,MEDIUM -> SOFT,MEDIUM,SOFT,26,21,5846.442265720323,102.91003239371821
TSU,AlphaTauri,MEDIUM -> SOFT,MEDIUM,SOFT,27,21,5841.448795014191,97.91656168758618
TSU,AlphaTauri,MEDIUM -> SOFT,MEDIUM,SOFT,28,21,5836.464623605369,92.9323902787637
TSU,AlphaTauri,MEDIUM -> SOFT,MEDIUM,SOFT,29,21,5831.489751493855,87.95751816724987
TSU,AlphaTauri,MEDIUM -> SOFT,MEDIUM,SOFT,30,21,5826.524178679652,82.99194535304741
TSU,AlphaTauri,MEDIUM -> SOFT,MEDIUM,SOFT,31,21,5821.567905162759,78.0356718361545
TSU,AlphaTauri,MEDIUM -> SOFT,MEDIUM,SOFT,32,21,5816.620930943176,73.08869761657115
TSU,AlphaTauri,MEDIUM -> SOFT,MEDIUM,SOFT,33,21,5811.683256020902,68.15102269429735
TSU,AlphaTauri,MEDIUM -> SOFT,MEDIUM,SOFT,34,21,5806.754880395938,63.22264706933311
TSU,AlphaTauri,MEDIUM -> SOFT,MEDIUM,SOFT,35,21,5801.835804068284,58.30357074167932
TSU,AlphaTauri,MEDIUM -> SOFT,MEDIUM,SOFT,36,21,5796.92602703794,53.39379371133509
TSU,AlphaTauri,MEDIUM -> SOFT,MEDIUM,SOFT,37,21,5792.025549304906,48.493315978301325
TSU,AlphaTauri,MEDIUM -> SOFT,MEDIUM,SOFT,38,21,5787.134370869181,43.6021375425762
TSU,AlphaTauri,MEDIUM -> SOFT,MEDIUM,SOFT,39,21,5782.252491730766,38.72025840416154
TSU,AlphaTauri,MEDIUM -> SOFT,MEDIUM,SOFT,40,21,5777.379911889662,33.84767856305734
TSU,AlphaTauri,MEDIUM -> SOFT,MEDIUM,SOFT,41,21,5772.516631345867,28.98439801926179
TSU,AlphaTauri,MEDIUM -> SOFT,MEDIUM,SOFT,42,21,5767.662650099381,24.13041677277579
TSU,AlphaTauri,MEDIUM -> SOFT,MEDIUM,SOFT,43,21,5762.817968150206,19.28573482360116
TSU,AlphaTauri,MEDIUM -> SOFT,MEDIUM,SOFT,44,21,5757.982585498341,14.450352171736085
TSU,AlphaTauri,MEDIUM -> SOFT,MEDIUM,SOFT,45,21,5753.156502143786,9.624268817181473
TSU,AlphaTauri,MEDIUM -> SOFT,MEDIUM,SOFT,46,21,5748.339718086541,4.807484759936415
TSU,AlphaTauri,MEDIUM -> SOFT,MEDIUM,SOFT,47,21,5743.532233326605,0
TSU,AlphaTauri,SOFT -> HARD,SOFT,HARD,5,21,5484.3385263643595,0
TSU,AlphaTauri,SOFT -> HARD,SOFT,HARD,6,21,5495.088538523148,10.750012158788195
TSU,AlphaTauri,SOFT -> HARD,SOFT,HARD,7,21,5505.829251384626,21.490725020266837
TSU,AlphaTauri,SOFT -> HARD,SOFT,HARD,8,21,5516.560664948798,32.22213858443865
TSU,AlphaTauri,SOFT -> HARD,SOFT,HARD,9,21,5527.282779215659,42.9442528512991
TSU,AlphaTauri,SOFT -> HARD,SOFT,HARD,10,21,5537.995594185209,53.65706782084908
TSU,AlphaTauri,SOFT -> HARD,SOFT,HARD,11,21,5548.699109857449,64.360583493089507
TSU,AlphaTauri,SOFT -> HARD,SOFT,HARD,12,21,5559.393326232379,75.05479986801947
TSU,AlphaTauri,SOFT -> HARD,SOFT,HARD,13,21,5570.07824331,85.7397169456408
TSU,AlphaTauri,SOFT -> HARD,SOFT,HARD,14,21,5580.753861090311,96.41533472595165
TSU,AlphaTauri,SOFT -> HARD,SOFT,HARD,15,21,5591.4201795733115,107.08165320895205
TSU,AlphaTauri,SOFT -> HARD,SOFT,HARD,16,21,5602.077198759003,117.7386723946438
TSU,AlphaTauri,SOFT -> HARD,SOFT,HARD,17,21,5612.724918647384,128.38639228302418
TSU,AlphaTauri,SOFT -> HARD,SOFT,HARD,18,21,5623.363339238455,139.02481287409591
TSU,AlphaTauri,SOFT -> HARD,SOFT,HARD,19,21,5633.992460532218,149.6539341678581
TSU,AlphaTauri,SOFT -> HARD,SOFT,HARD,20,21,5644.612282528669,160.27375616430982
TSU,AlphaTauri,SOFT -> HARD,SOFT,HARD,21,21,5655.2228052278115,170.88427886345198
TSU,AlphaTauri,SOFT -> HARD,SOFT,HARD,22,21,5665.824028629643,181.48550226528369
TSU,AlphaTauri,SOFT -> HARD,SOFT,HARD,23,21,5676.415952734165,192.07742636980583
TSU,AlphaTauri,SOFT -> HARD,SOFT,HARD,24,21,5686.998577541377,202.66005117701752
TSU,AlphaTauri,SOFT -> HARD,SOFT,HARD,25,21,5697.57190305128,213.23337668692056
TSU,AlphaTauri,SOFT -> HARD,SOFT,HARD,26,21,5708.135929263874,223.79740289951405
TSU,AlphaTauri,SOFT -> HARD,SOFT,HARD,27,21,5718.690656179156,234.35212981479617
TSU,AlphaTauri,SOFT -> HARD,SOFT,HARD,28,21,5729.23608379713,244.89755743277055
TSU,AlphaTauri,SOFT -> HARD,SOFT,HARD,29,21,5739.772212117792,255.43368575343266
TSU,AlphaTauri,SOFT -> HARD,SOFT,HARD,30,21,5750.299041141146,265.9605147767861
TSU,AlphaTauri,SOFT -> HARD,SOFT,HARD,31,21,5760.8165708671895,276.47804450283
TSU,AlphaTauri,SOFT -> HARD,SOFT,HARD,32,21,5771.324801295923,286.98627493156346
TSU,AlphaTauri,SOFT -> HARD,SOFT,HARD,33,21,5781.823732427347,297.48520606298734
TSU,AlphaTauri,SOFT -> HARD,SOFT,HARD,34,21,5792.31336426146,307.97483789710077
TSU,AlphaTauri,SOFT -> HARD,SOFT,HARD,35,21,5802.793696798264,318.45517043390464
TSU,AlphaTauri,SOFT -> HARD,SOFT,HARD,36,21,5813.2647300377585,328.92620367339896
TSU,AlphaTauri,SOFT -> HARD,SOFT,HARD,37,21,5823.726463979943,339.3879376155837
TSU,AlphaTauri,SOFT -> HARD,SOFT,HARD,38,21,5834.1788986248175,349.840372260458
TSU,AlphaTauri,SOFT -> HARD,SOFT,HARD,39,21,5844.622033972382,360.2835076080228
TSU,AlphaTauri,SOFT -> HARD,SOFT,HARD,40,21,5855.0558700226375,370.71734365827797
TSU,AlphaTauri,SOFT -> HARD,SOFT,HARD,41,21,5865.480406775582,381.1418804112227
TSU,AlphaTauri,SOFT -> HARD,SOFT,HARD,42,21,5875.895644231217,391.5571178668579
TSU,AlphaTauri,SOFT -> HARD,SOFT,HARD,43,21,5886.301582389543,401.9630560251835
TSU,AlphaTauri,SOFT -> HARD,SOFT,HARD,44,21,5896.698221250558,412.35969488619867
TSU,AlphaTauri,SOFT -> HARD,SOFT,HARD,45,21,5907.085560814265,422.7470344499052
TSU,AlphaTauri,SOFT -> HARD,SOFT,HARD,46,21,5917.463601080661,433.12507471630124
TSU,AlphaTauri,SOFT -> HARD,SOFT,HARD,47,21,5927.832342049746,443.49381568538683
TSU,AlphaTauri,SOFT -> MEDIUM,SOFT,MEDIUM,5,21,5745.717568194419,0
TSU,AlphaTauri,SOFT -> MEDIUM,SOFT,MEDIUM,6,21,5750.906324144058,5.188755949639017
TSU,AlphaTauri,SOFT -> MEDIUM,SOFT,MEDIUM,7,21,5756.085780796386,10.368212601966661
TSU,AlphaTauri,SOFT -> MEDIUM,SOFT,MEDIUM,8,21,5761.255938151406,15.538369956986571
TSU,AlphaTauri,SOFT -> MEDIUM,SOFT,MEDIUM,9,21,5766.416796209116,20.699228014696928
TSU,AlphaTauri,SOFT -> MEDIUM,SOFT,MEDIUM,10,21,5771.568354969517,25.85078677509773
TSU,AlphaTauri,SOFT -> MEDIUM,SOFT,MEDIUM,11,21,5776.710614432607,30.99304623818807
TSU,AlphaTauri,SOFT -> MEDIUM,SOFT,MEDIUM,12,21,5781.843574598388,36.12600640396886
TSU,AlphaTauri,SOFT -> MEDIUM,SOFT,MEDIUM,13,21,5786.967235466858,41.24966727243918
TSU,AlphaTauri,SOFT -> MEDIUM,SOFT,MEDIUM,14,21,5792.081597038019,46.364028843599954
TSU,AlphaTauri,SOFT -> MEDIUM,SOFT,MEDIUM,15,21,5797.186659311869,51.46909111745026
TSU,AlphaTauri,SOFT -> MEDIUM,SOFT,MEDIUM,16,21,5802.28242228841,56.564854093991016
TSU,AlphaTauri,SOFT -> MEDIUM,SOFT,MEDIUM,17,21,5807.36888596764,61.65131777322131
TSU,AlphaTauri,SOFT -> MEDIUM,SOFT,MEDIUM,18,21,5812.446050349562,66.72848215514296
TSU,AlphaTauri,SOFT -> MEDIUM,SOFT,MEDIUM,19,21,5817.513915434174,71.79634723975505
TSU,AlphaTauri,SOFT -> MEDIUM,SOFT,MEDIUM,20,21,5822.572481221476,76.85491302705668
TSU,AlphaTauri,SOFT -> MEDIUM,SOFT,MEDIUM,21,21,5827.621747711468,81.90417951704876
TSU,AlphaTauri,SOFT -> MEDIUM,SOFT,MEDIUM,22,21,5832.6617149041485,86.94414670972947
TSU,AlphaTauri,SOFT -> MEDIUM,SOFT,MEDIUM,23,21,5837.692382799521,91.97481460510153
TSU,AlphaTauri,SOFT -> MEDIUM,SOFT,MEDIUM,24,21,5842.713751397583,96.99618320316404
TSU,AlphaTauri,SOFT -> MEDIUM,SOFT,MEDIUM,25,21,5847.725820698335,102.00825250391608
TSU,AlphaTauri,SOFT -> MEDIUM,SOFT,MEDIUM,26,21,5852.728590701778,107.01102250735858
TSU,AlphaTauri,SOFT -> MEDIUM,SOFT,MEDIUM,27,21,5857.722061407911,112.00449321349151
TSU,AlphaTauri,SOFT -> MEDIUM,SOFT,MEDIUM,28,21,5862.706232816734,116.9886646223149
TSU,AlphaTauri,SOFT -> MEDIUM,SOFT,MEDIUM,29,21,5867.681104928247,121.96353673382782
TSU,AlphaTauri,SOFT -> MEDIUM,SOFT,MEDIUM,30,21,5872.64667774245,126.92910954803119
TSU,AlphaTauri,SOFT -> MEDIUM,SOFT,MEDIUM,31,21,5877.602951259343,131.8853830649241
TSU,AlphaTauri,SOFT -> MEDIUM,SOFT,MEDIUM,32,21,5882.5499254789265,136.83235728450745
TSU,AlphaTauri,SOFT -> MEDIUM,SOFT,MEDIUM,33,21,5887.4876004012,141.77003220678125
TSU,AlphaTauri,SOFT -> MEDIUM,SOFT,MEDIUM,34,21,5892.415976026165,146.6984078317455
TSU,AlphaTauri,SOFT -> MEDIUM,SOFT,MEDIUM,35,21,5897.335052353817,151.61748415939837
TSU,AlphaTauri,SOFT -> MEDIUM,SOFT,MEDIUM,36,21,5902.244829384163,156.5272611897435
TSU,AlphaTauri,SOFT -> MEDIUM,SOFT,MEDIUM,37,21,5907.145307117196,161.42773892277728
TSU,AlphaTauri,SOFT -> MEDIUM,SOFT,MEDIUM,38,21,5912.036485552921,166.3189173585015
TSU,AlphaTauri,SOFT -> MEDIUM,SOFT,MEDIUM,39,21,5916.918364691335,171.20079649691615
TSU,AlphaTauri,SOFT -> MEDIUM,SOFT,MEDIUM,40,21,5921.79094453244,176.07337633802126
TSU,AlphaTauri,SOFT -> MEDIUM,SOFT,MEDIUM,41,21,5926.654225076234,180.936656881815
TSU,AlphaTauri,SOFT -> MEDIUM,SOFT,MEDIUM,42,21,5931.50820632272,185.790638128301
TSU,AlphaTauri,SOFT -> MEDIUM,SOFT,MEDIUM,43,21,5936.352888271895,190.63532007747563
TSU,AlphaTauri,SOFT -> MEDIUM,SOFT,MEDIUM,44,21,5941.18827092376,195.4707027293407
TSU,AlphaTauri,SOFT -> MEDIUM,SOFT,MEDIUM,45,21,5946.014354278315,200.29678608389622
TSU,AlphaTauri,SOFT -> MEDIUM,SOFT,MEDIUM,46,21,5950.831138335561,205.1135701411422
TSU,AlphaTauri,SOFT -> MEDIUM,SOFT,MEDIUM,47,21,5955.638623095497,209.9210549010777
VER,Red Bull Racing,HARD -> MEDIUM,HARD,MEDIUM,5,21,5326.626702506498,0
VER,Red Bull Racing,HARD -> MEDIUM,HARD,MEDIUM,6,21,5333.688485721468,7.061783214970092
VER,Red Bull Racing,HARD -> MEDIUM,HARD,MEDIUM,7,21,5340.732054692016,14.105352185518313
VER,Red Bull Racing,HARD -> MEDIUM,HARD,MEDIUM,8,21,5347.757409418141,21.130706911642847
VER,Red Bull Racing,HARD -> MEDIUM,HARD,MEDIUM,9,21,5354.764549899846,28.13784739334824
VER,Red Bull Racing,HARD -> MEDIUM,HARD,MEDIUM,10,21,5361.75347613713,35.12677363063176
VER,Red Bull Racing,HARD -> MEDIUM,HARD,MEDIUM,11,21,5368.724188129991,42.0974856234925
VER,Red Bull Racing,HARD -> MEDIUM,HARD,MEDIUM,12,21,5375.676685878431,49.049983371933195
VER,Red Bull Racing,HARD -> MEDIUM,HARD,MEDIUM,13,21,5382.610969382448,55.9842668759502
VER,Red Bull Racing,HARD -> MEDIUM,HARD,MEDIUM,14,21,5389.527038642045,62.90033613554715
VER,Red Bull Racing,HARD -> MEDIUM,HARD,MEDIUM,15,21,5396.42489365722,69.79819115072223
VER,Red Bull Racing,HARD -> MEDIUM,HARD,MEDIUM,16,21,5403.304534427973,76.67783192147454
VER,Red Bull Racing,HARD -> MEDIUM,HARD,MEDIUM,17,21,5410.165960954305,83.53925844780679
VER,Red Bull Racing,HARD -> MEDIUM,HARD,MEDIUM,18,21,5417.009173236215,90.38247072971717
VER,Red Bull Racing,HARD -> MEDIUM,HARD,MEDIUM,19,21,5423.834171273704,97.20746876720568
VER,Red Bull Racing,HARD -> MEDIUM,HARD,MEDIUM,20,21,5430.640955066771,104.01425256027323
VER,Red Bull Racing,HARD -> MEDIUM,HARD,MEDIUM,21,21,5437.429524615416,110.80282210891801
VER,Red Bull Racing,HARD -> MEDIUM,HARD,MEDIUM,22,21,5444.19987991964,117.57317741314182
VER,Red Bull Racing,HARD -> MEDIUM,HARD,MEDIUM,23,21,5450.952020979443,124.32531847294467
VER,Red Bull Racing,HARD -> MEDIUM,HARD,MEDIUM,24,21,5457.685947794822,131.05924528832384
VER,Red Bull Racing,HARD -> MEDIUM,HARD,MEDIUM,25,21,5464.401660365782,137.77495785928386
VER,Red Bull Racing,HARD -> MEDIUM,HARD,MEDIUM,26,21,5471.099158692318,144.4724561858202
VER,Red Bull Racing,HARD -> MEDIUM,HARD,MEDIUM,27,21,5477.778442774435,151.15174026793647
VER,Red Bull Racing,HARD -> MEDIUM,HARD,MEDIUM,28,21,5484.439512612129,157.8128101056309
VER,Red Bull Racing,HARD -> MEDIUM,HARD,MEDIUM,29,21,5491.0823682054015,164.45566569890343
VER,Red Bull Racing,HARD -> MEDIUM,HARD,MEDIUM,30,21,5497.707009554251,171.0803070477532
VER,Red Bull Racing,HARD -> MEDIUM,HARD,MEDIUM,31,21,5504.313436658682,177.68673415218382
VER,Red Bull Racing,HARD -> MEDIUM,HARD,MEDIUM,32,21,5510.901649518689,184.27494701219075
VER,Red Bull Racing,HARD -> MEDIUM,HARD,MEDIUM,33,21,5517.471648134275,190.84494562777672
VER,Red Bull Racing,HARD -> MEDIUM,HARD,MEDIUM,34,21,5524.023432505439,197.39672999894083
VER,Red Bull Racing,HARD -> MEDIUM,HARD,MEDIUM,35,21,5530.557002632182,203.93030012568397
VER,Red Bull Racing,HARD -> MEDIUM,HARD,MEDIUM,36,21,5537.072358514504,210.44565600800615
VER,Red Bull Racing,HARD -> MEDIUM,HARD,MEDIUM,37,21,5543.569500152404,216.94279764590556
VER,Red Bull Racing,HARD -> MEDIUM,HARD,MEDIUM,38,21,5550.048427545882,223.421725039384
VER,Red Bull Racing,HARD -> MEDIUM,HARD,MEDIUM,39,21,5556.50914069494,229.88243818844148
VER,Red Bull Racing,HARD -> MEDIUM,HARD,MEDIUM,40,21,5562.951639599574,236.3249370930762
VER,Red Bull Racing,HARD -> MEDIUM,HARD,MEDIUM,41,21,5569.375924259788,242.74922175328993
VER,Red Bull Racing,HARD -> MEDIUM,HARD,MEDIUM,42,21,5575.781994675579,249.1552921690809
VER,Red Bull Racing,HARD -> MEDIUM,HARD,MEDIUM,43,21,5582.16985084695,255.5431483404518
VER,Red Bull Racing,HARD -> MEDIUM,HARD,MEDIUM,44,21,5588.539492773899,261.91279026740085
VER,Red Bull Racing,HARD -> MEDIUM,HARD,MEDIUM,45,21,5594.890920456425,268.2642179499271
VER,Red Bull Racing,HARD -> MEDIUM,HARD,MEDIUM,46,21,5601.224133894531,274.59743138803333
VER,Red Bull Racing,HARD -> MEDIUM,HARD,MEDIUM,47,21,5607.539133088215,280.91243058171676
VER,Red Bull Racing,HARD -> SOFT,HARD,SOFT,5,21,6583.4888043046285,842.3679205046265
VER,Red Bull Racing,HARD -> SOFT,HARD,SOFT,6,21,6563.7810252346635,822.6601414346615
VER,Red Bull Racing,HARD -> SOFT,HARD,SOFT,7,21,6544.056241287155,802.9353574871529
VER,Red Bull Racing,HARD -> SOFT,HARD,SOFT,8,21,6524.314452462101,783.1935686620991
VER,Red Bull Racing,HARD -> SOFT,HARD,SOFT,9,21,6504.555658759503,763.4347749595008
VER,Red Bull Racing,HARD -> SOFT,HARD,SOFT,10,21,6484.7798601793575,743.6589763793554
VER,Red Bull Racing,HARD -> SOFT,HARD,SOFT,11,21,6464.987056721669,723.8661729216674
VER,Red Bull Racing,HARD -> SOFT,HARD,SOFT,12,21,6445.177248386435,704.0563645864331
VER,Red Bull Racing,HARD -> SOFT,HARD,SOFT,13,21,6425.350435173658,684.2295513736562
VER,Red Bull Racing,HARD -> SOFT,HARD,SOFT,14,21,6405.506617083334,664.3857332833322
VER,Red Bull Racing,HARD -> SOFT,HARD,SOFT,15,21,6385.645794115466,644.5249103154638
VER,Red Bull Racing,HARD -> SOFT,HARD,SOFT,16,21,6365.767966270052,624.64708247005
VER,Red Bull Racing,HARD -> SOFT,HARD,SOFT,17,21,6345.873133547095,604.7522497470927
VER,Red Bull Racing,HARD -> SOFT,HARD,SOFT,18,21,6325.961295946593,584.840412146591
VER,Red Bull Racing,HARD -> SOFT,HARD,SOFT,19,21,6306.032453468546,564.911569668544
VER,Red Bull Racing,HARD -> SOFT,HARD,SOFT,20,21,6286.086606112954,544.9657223129516
VER,Red Bull Racing,HARD -> SOFT,HARD,SOFT,21,21,6266.123753879816,525.0028700798139
VER,Red Bull Racing,HARD -> SOFT,HARD,SOFT,22,21,6246.143896769134,505.02301296913174
VER,Red Bull Racing,HARD -> SOFT,HARD,SOFT,23,21,6226.147034780907,485.0261509809052
VER,Red Bull Racing,HARD -> SOFT,HARD,SOFT,24,21,6206.133167915135,465.0122841151333
VER,Red Bull Racing,HARD -> SOFT,HARD,SOFT,25,21,6186.102296171819,444.981412371817
VER,Red Bull Racing,HARD -> SOFT,HARD,SOFT,26,21,6166.054419550957,424.93353575095534
VER,Red Bull Racing,HARD -> SOFT,HARD,SOFT,27,21,6145.98953805255,404.86865425254837
VER,Red Bull Racing,HARD -> SOFT,HARD,SOFT,28,21,6125.9076516766,384.7867678765979
VER,Red Bull Racing,HARD -> SOFT,HARD,SOFT,29,21,6105.808760423103,364.68787662310115
VER,Red Bull Racing,HARD -> SOFT,HARD,SOFT,30,21,6085.692864292062,344.57198049206
VER,Red Bull Racing,HARD -> SOFT,HARD,SOFT,31,21,6065.559963283476,324.4390794834735
VER,Red Bull Racing,HARD -> SOFT,HARD,SOFT,32,21,6045.410057397345,304.2891735973426
VER,Red Bull Racing,HARD -> SOFT,HARD,SOFT,33,21,6025.243146633669,284.12226283366726
VER,Red Bull Racing,HARD -> SOFT,HARD,SOFT,34,21,6005.059230992449,263.9383471924466
VER,Red Bull Racing,HARD -> SOFT,HARD,SOFT,35,21,5984.858310473684,243.7374266736815
VER,Red Bull Racing,HARD -> SOFT,HARD,SOFT,36,21,5964.640385077373,223.5195012773711
VER,Red Bull Racing,HARD -> SOFT,HARD,SOFT,37,21,5944.405454803518,203.28457100351625
VER,Red Bull Racing,HARD -> SOFT,HARD,SOFT,38,21,5924.153519652119,183.03263585211698
VER,Red Bull Racing,HARD -> SOFT,HARD,SOFT,39,21,5903.884579623174,162.76369582317238
VER,Red Bull Racing,HARD -> SOFT,HARD,SOFT,40,21,5883.5986347166845,142.47775091668245
VER,Red Bull Racing,HARD -> SOFT,HARD,SOFT,41,21,5863.29568493265,122.1748011326481
VER,Red Bull Racing,HARD -> SOFT,HARD,SOFT,42,21,5842.9757302710705,101.85484647106841
VER,Red Bull Racing,HARD -> SOFT,HARD,SOFT,43,21,5822.638770731946,81.5178869319443
VER,Red Bull Racing,HARD -> SOFT,HARD,SOFT,44,21,5802.284806315278,61.16392251527577
VER,Red Bull Racing,HARD -> SOFT,HARD,SOFT,45,21,5781.913837021064,40.79295322106191
VER,Red Bull Racing,HARD -> SOFT,HARD,SOFT,46,21,5761.525862849305,20.40497904930271
VER,Red Bull Racing,HARD -> SOFT,HARD,SOFT,47,21,5741.120883800002,0
VER,Red Bull Racing,MEDIUM -> HARD,MEDIUM,HARD,5,21,5602.9477380202425,280.91243058171494
VER,Red Bull Racing,MEDIUM -> HARD,MEDIUM,HARD,6,21,5595.831686921083,273.7963794825555
VER,Red Bull Racing,MEDIUM -> HARD,MEDIUM,HARD,7,21,5588.736497280207,266.7011898416795
VER,Red Bull Racing,MEDIUM -> HARD,MEDIUM,HARD,8,21,5581.662169097616,259.6268616590887
VER,Red Bull Racing,MEDIUM -> HARD,MEDIUM,HARD,9,21,5574.60870237331,252.5733949347823
VER,Red Bull Racing,MEDIUM -> HARD,MEDIUM,HARD,10,21,5567.576097107288,245.54078966876023
VER,Red Bull Racing,MEDIUM -> HARD,MEDIUM,HARD,11,21,5560.564353299551,238.5290458610234
VER,Red Bull Racing,MEDIUM -> HARD,MEDIUM,HARD,12,21,5553.573470950099,231.53816351157184
VER,Red Bull Racing,MEDIUM -> HARD,MEDIUM,HARD,13,21,5546.60345005893,224.5681426204028
VER,Red Bull Racing,MEDIUM -> HARD,MEDIUM,HARD,14,21,5539.654290626047,217.61898318751992
VER,Red Bull Racing,MEDIUM -> HARD,MEDIUM,HARD,15,21,5532.725992651448,210.69068521292047
VER,Red Bull Racing,MEDIUM -> HARD,MEDIUM,HARD,16,21,5525.818556135134,203.78324869660628
VER,Red Bull Racing,MEDIUM -> HARD,MEDIUM,HARD,17,21,5518.931981077105,196.89667363857734
VER,Red Bull Racing,MEDIUM -> HARD,MEDIUM,HARD,18,21,5512.066267477358,190.03096003883093
VER,Red Bull Racing,MEDIUM -> HARD,MEDIUM,HARD,19,21,5505.221415335898,183.18610789737068
VER,Red Bull Racing,MEDIUM -> HARD,MEDIUM,HARD,20,21,5498.397424652722,176.36211721419477
VER,Red Bull Racing,MEDIUM -> HARD,MEDIUM,HARD,21,21,5491.59429542783,169.5589879893023
VER,Red Bull Racing,MEDIUM -> HARD,MEDIUM,HARD,22,21,5484.812027661223,162.77672022269508
VER,Red Bull Racing,MEDIUM -> HARD,MEDIUM,HARD,23,21,5478.050621352901,156.0153139143731
VER,Red Bull Racing,MEDIUM -> HARD,MEDIUM,HARD,24,21,5471.310076502862,149.27476906433458
VER,Red Bull Racing,MEDIUM -> HARD,MEDIUM,HARD,25,21,5464.590393111109,142.5550856725813
VER,Red Bull Racing,MEDIUM -> HARD,MEDIUM,HARD,26,21,5457.891571177641,135.85626373911327
VER,Red Bull Racing,MEDIUM -> HARD,MEDIUM,HARD,27,21,5451.213610702455,129.17830326392777
VER,Red Bull Racing,MEDIUM -> HARD,MEDIUM,HARD,28,21,5444.556511685556,122.52120424702844
VER,Red Bull Racing,MEDIUM -> HARD,MEDIUM,HARD,29,21,5437.920274126941,115.88496668841344
VER,Red Bull Racing,MEDIUM -> HARD,MEDIUM,HARD,30,21,5431.30489802661,109.26959058808279
VER,Red Bull Racing,MEDIUM -> HARD,MEDIUM,HARD,31,21,5424.710383384563,102.67507594603558
VER,Red Bull Racing,MEDIUM -> HARD,MEDIUM,HARD,32,21,5418.136730200802,96.10142276227452
VER,Red Bull Racing,MEDIUM -> HARD,MEDIUM,HARD,33,21,5411.583938475325,89.54863103679781
VER,Red Bull Racing,MEDIUM -> HARD,MEDIUM,HARD,34,21,5405.052008208133,83.01670076960545
VER,Red Bull Racing,MEDIUM -> HARD,MEDIUM,HARD,35,21,5398.540939399225,76.50563196069743
VER,Red Bull Racing,MEDIUM -> HARD,MEDIUM,HARD,36,21,5392.050732048602,70.01542461007466
VER,Red Bull Racing,MEDIUM -> HARD,MEDIUM,HARD,37,21,5385.581386156263,63.54607871773533
VER,Red Bull Racing,MEDIUM -> HARD,MEDIUM,HARD,38,21,5379.132901722209,57.097594283681246
VER,Red Bull Racing,MEDIUM -> HARD,MEDIUM,HARD,39,21,5372.70527874644,50.66997130791242
VER,Red Bull Racing,MEDIUM -> HARD,MEDIUM,HARD,40,21,5366.298517228955,44.26320979042703
VER,Red Bull Racing,MEDIUM -> HARD,MEDIUM,HARD,41,21,5359.9126171697535,37.87730973122598
VER,Red Bull Racing,MEDIUM -> HARD,MEDIUM,HARD,42,21,5353.547578568838,31.512271130310182
VER,Red Bull Racing,MEDIUM -> HARD,MEDIUM,HARD,43,21,5347.203401426206,25.16809398767873
VER,Red Bull Racing,MEDIUM -> HARD,MEDIUM,HARD,44,21,5340.88008574186,18.844778303332532
VER,Red Bull Racing,MEDIUM -> HARD,MEDIUM,HARD,45,21,5334.577631515797,12.542324077269768
VER,Red Bull Racing,MEDIUM -> HARD,MEDIUM,HARD,46,21,5328.29603874802,6.260731309492257
VER,Red Bull Racing,MEDIUM -> HARD,MEDIUM,HARD,47,21,5322.0353074385275,0
VER,Red Bull Racing,MEDIUM -> SOFT,MEDIUM,SOFT,5,21,6547.595626934561,1123.2803510863414
VER,Red Bull Racing,MEDIUM -> SOFT,MEDIUM,SOFT,6,21,6520.771796765435,1096.456520917216
VER,Red Bull Racing,MEDIUM -> SOFT,MEDIUM,SOFT,7,21,6493.951823177052,1069.6365473288324
VER,Red Bull Racing,MEDIUM -> SOFT,MEDIUM,SOFT,8,21,6467.135706169407,1042.8204303211878
VER,Red Bull Racing,MEDIUM -> SOFT,MEDIUM,SOFT,9,21,6440.323445742502,1016.0081698942831
VER,Red Bull Racing,MEDIUM -> SOFT,MEDIUM,SOFT,10,21,6413.515041896335,989.1997660481156
VER,Red Bull Racing,MEDIUM -> SOFT,MEDIUM,SOFT,11,21,6386.71049463091,962.3952187826908
VER,Red Bull Racing,MEDIUM -> SOFT,MEDIUM,SOFT,12,21,6359.909803946222,935.5945280980031
VER,Red Bull Racing,MEDIUM -> SOFT,MEDIUM,SOFT,13,21,6333.112969842277,908.7976939940581
VER,Red Bull Racing,MEDIUM -> SOFT,MEDIUM,SOFT,14,21,6306.319992319071,882.0047164708521
VER,Red Bull Racing,MEDIUM -> SOFT,MEDIUM,SOFT,15,21,6279.5308713766035,855.2155955283843
VER,Red Bull Racing,MEDIUM -> SOFT,MEDIUM,SOFT,16,21,6252.7456070148755,828.4303311666563
VER,Red Bull Racing,MEDIUM -> SOFT,MEDIUM,SOFT,17,21,6225.9641992338875,801.6489233856682
VER,Red Bull Racing,MEDIUM -> SOFT,MEDIUM,SOFT,18,21,6199.186648033641,774.8713721854219
VER,Red Bull Racing,MEDIUM -> SOFT,MEDIUM,SOFT,19,21,6172.412953414134,748.0976775659146
VER,Red Bull Racing,MEDIUM -> SOFT,MEDIUM,SOFT,20,21,6145.643115375365,721.3278395271454
VER,Red Bull Racing,MEDIUM -> SOFT,MEDIUM,SOFT,21,21,6118.877133917336,694.5618580691171
VER,Red Bull Racing,MEDIUM -> SOFT,MEDIUM,SOFT,22,21,6092.115009040046,667.7997331918268
VER,Red Bull Racing,MEDIUM -> SOFT,MEDIUM,SOFT,23,21,6065.356740743497,641.0414648952774
VER,Red Bull Racing,MEDIUM -> SOFT,MEDIUM,SOFT,24,21,6038.602329027688,614.2870531794688
VER,Red Bull Racing,MEDIUM -> SOFT,MEDIUM,SOFT,25,21,6011.851773892618,587.5364980443992
VER,Red Bull Racing,MEDIUM -> SOFT,MEDIUM,SOFT,26,21,5985.105075338287,560.7897994900677
VER,Red Bull Racing,MEDIUM -> SOFT,MEDIUM,SOFT,27,21,5958.362233364696,534.046957516477
VER,Red Bull Racing,MEDIUM -> SOFT,MEDIUM,SOFT,28,21,5931.623247971846,507.3079721236263
VER,Red Bull Racing,MEDIUM -> SOFT,MEDIUM,SOFT,29,21,5904.888119159734,480.5728433115146
VER,Red Bull Racing,MEDIUM -> SOFT,MEDIUM,SOFT,30,21,5878.156846928363,453.8415710801437
VER,Red Bull Racing,MEDIUM -> SOFT,MEDIUM,SOFT,31,21,5851.42943127773,427.1141554295109
VER,Red Bull Racing,MEDIUM -> SOFT,MEDIUM,SOFT,32,21,5824.705872207838,400.39059635961894
VER,Red Bull Racing,MEDIUM -> SOFT,MEDIUM,SOFT,33,21,5797.986169718686,373.6708938704669
VER,Red Bull Racing,MEDIUM -> SOFT,MEDIUM,SOFT,34,21,5771.270323810273,346.95504796205387
VER,Red Bull Racing,MEDIUM -> SOFT,MEDIUM,SOFT,35,21,5744.5583344826,320.24305863438076
VER,Red Bull Racing,MEDIUM -> SOFT,MEDIUM,SOFT,36,21,5717.850201735666,293.53492588744666
VER,Red Bull Racing,MEDIUM -> SOFT,MEDIUM,SOFT,37,21,5691.145925569473,266.8306497212534
VER,Red Bull Racing,MEDIUM -> SOFT,MEDIUM,SOFT,38,21,5664.445505984018,240.13023013579914
VER,Red Bull Racing,MEDIUM -> SOFT,MEDIUM,SOFT,39,21,5637.748942979304,213.4336671310848
VER,Red Bull Racing,MEDIUM -> SOFT,MEDIUM,SOFT,40,21,5611.05623655533,186.7409607071104
VER,Red Bull Racing,MEDIUM -> SOFT,MEDIUM,SOFT,41,21,5584.367386712094,160.052110863875
VER,Red Bull Racing,MEDIUM -> SOFT,MEDIUM,SOFT,42,21,5557.682393449599,133.3671176013795
VER,Red Bull Racing,MEDIUM -> SOFT,MEDIUM,SOFT,43,21,5531.001256767844,106.68598091962485
VER,Red Bull Racing,MEDIUM -> SOFT,MEDIUM,SOFT,44,21,5504.323976666828,80.0087008186083
VER,Red Bull Racing,MEDIUM -> SOFT,MEDIUM,SOFT,45,21,5477.650553146552,53.335277298332585
VER,Red Bull Racing,MEDIUM -> SOFT,MEDIUM,SOFT,46,21,5450.980986207015,26.665710358795877
VER,Red Bull Racing,MEDIUM -> SOFT,MEDIUM,SOFT,47,21,5424.315275848219,0
VER,Red Bull Racing,SOFT -> HARD,SOFT,HARD,5,21,5737.124737576959,0
VER,Red Bull Racing,SOFT -> HARD,SOFT,HARD,6,21,5756.832516646924,19.707779069965
VER,Red Bull Racing,SOFT -> HARD,SOFT,HARD,7,21,5776.5573005944325,39.43256301747351
VER,Red Bull Racing,SOFT -> HARD,SOFT,HARD,8,21,5796.299089419486,59.17435184252736
VER,Red Bull Racing,SOFT -> HARD,SOFT,HARD,9,21,5816.0578831220855,78.93314554512654
VER,Red Bull Racing,SOFT -> HARD,SOFT,HARD,10,21,5835.833681702229,98.70894412527014
VER,Red Bull Racing,SOFT -> HARD,SOFT,HARD,11,21,5855.626485159918,118.50174758295907
VER,Red Bull Racing,SOFT -> HARD,SOFT,HARD,12,21,5875.436293495151,138.31155591819243
VER,Red Bull Racing,SOFT -> HARD,SOFT,HARD,13,21,5895.26310670793,158.1383691309711
VER,Red Bull Racing,SOFT -> HARD,SOFT,HARD,14,21,5915.106924798253,177.98218722129423
VER,Red Bull Racing,SOFT -> HARD,SOFT,HARD,15,21,5934.967747766121,197.84301018916176
VER,Red Bull Racing,SOFT -> HARD,SOFT,HARD,16,21,5954.8455756115345,217.72083803457554
VER,Red Bull Racing,SOFT -> HARD,SOFT,HARD,17,21,5974.740408334492,237.61567075753283
VER,Red Bull Racing,SOFT -> HARD,SOFT,HARD,18,21,5994.652245934994,257.52750835803545
VER,Red Bull Racing,SOFT -> HARD,SOFT,HARD,19,21,6014.581088413042,277.4563508360834
VER,Red Bull Racing,SOFT -> HARD,SOFT,HARD,20,21,6034.526935768635,297.4021981916758
VER,Red Bull Racing,SOFT -> HARD,SOFT,HARD,21,21,6054.489788001771,317.36505042481167
VER,Red Bull Racing,SOFT -> HARD,SOFT,HARD,22,21,6074.469645112453,337.3449075354938
VER,Red Bull Racing,SOFT -> HARD,SOFT,HARD,23,21,6094.46650710068,357.34176952372127
VER,Red Bull Racing,SOFT -> HARD,SOFT,HARD,24,21,6114.480373966451,377.35563638949225
VER,Red Bull Racing,SOFT -> HARD,SOFT,HARD,25,21,6134.511245709768,397.38650813280947
VER,Red Bull Racing,SOFT -> HARD,SOFT,HARD,26,21,6154.559122330631,417.434384753672
VER,Red Bull Racing,SOFT -> HARD,SOFT,HARD,27,21,6174.624003829036,437.4992662520772
VER,Red Bull Racing,SOFT -> HARD,SOFT,HARD,28,21,6194.705890204988,457.5811526280286
VER,Red Bull Racing,SOFT -> HARD,SOFT,HARD,29,21,6214.804781458484,477.6800438815253
VER,Red Bull Racing,SOFT -> HARD,SOFT,HARD,30,21,6234.9206775895245,497.79594001256555
VER,Red Bull Racing,SOFT -> HARD,SOFT,HARD,31,21,6255.05357859811,517.9288410211511
VER,Red Bull Racing,SOFT -> HARD,SOFT,HARD,32,21,6275.203484484242,538.078746907283
VER,Red Bull Racing,SOFT -> HARD,SOFT,HARD,33,21,6295.370395247917,558.2456576709583
VER,Red Bull Racing,SOFT -> HARD,SOFT,HARD,34,21,6315.554310889138,578.429573312179
VER,Red Bull Racing,SOFT -> HARD,SOFT,HARD,35,21,6335.755231407903,598.630493830944
VER,Red Bull Racing,SOFT -> HARD,SOFT,HARD,36,21,6355.973156804213,618.8484192272545
VER,Red Bull Racing,SOFT -> HARD,SOFT,HARD,37,21,6376.208087078068,639.0833495011093
VER,Red Bull Racing,SOFT -> HARD,SOFT,HARD,38,21,6396.4600222294675,659.3352846525086
VER,Red Bull Racing,SOFT -> HARD,SOFT,HARD,39,21,6416.728962258412,679.6042246814532
VER,Red Bull Racing,SOFT -> HARD,SOFT,HARD,40,21,6437.014907164902,699.8901695879431
VER,Red Bull Racing,SOFT -> HARD,SOFT,HARD,41,21,6457.317856948937,720.1931193719784
VER,Red Bull Racing,SOFT -> HARD,SOFT,HARD,42,21,6477.637811610516,740.5130740335571
VER,Red Bull Racing,SOFT -> HARD,SOFT,HARD,43,21,6497.97477114964,760.8500335726812
VER,Red Bull Racing,SOFT -> HARD,SOFT,HARD,44,21,6518.32873556631,781.2039979893507
VER,Red Bull Racing,SOFT -> HARD,SOFT,HARD,45,21,6538.699704860523,801.5749672835636
VER,Red Bull Racing,SOFT -> HARD,SOFT,HARD,46,21,6559.087679032282,821.9629414553228
VER,Red Bull Racing,SOFT -> HARD,SOFT,HARD,47,21,6579.492658081586,842.3679205046274
VER,Red Bull Racing,SOFT -> MEDIUM,SOFT,MEDIUM,5,21,5424.910524693147,0
VER,Red Bull Racing,SOFT -> MEDIUM,SOFT,MEDIUM,6,21,5451.680086978082,26.76956228493509
VER,Red Bull Racing,SOFT -> MEDIUM,SOFT,MEDIUM,7,21,5478.448439896139,53.537915202991826
VER,Red Bull Racing,SOFT -> MEDIUM,SOFT,MEDIUM,8,21,5505.215583447317,80.3050587541702
VER,Red Bull Racing,SOFT -> MEDIUM,SOFT,MEDIUM,9,21,5531.9815176316215,107.07099293847477
VER,Red Bull Racing,SOFT -> MEDIUM,SOFT,MEDIUM,10,21,5558.746242449049,133.8357177559019
VER,Red Bull Racing,SOFT -> MEDIUM,SOFT,MEDIUM,11,21,5585.509757899598,160.59923320645157
VER,Red Bull Racing,SOFT -> MEDIUM,SOFT,MEDIUM,12,21,5612.272063983271,187.3615392901247
VER,Red Bull Racing,SOFT -> MEDIUM,SOFT,MEDIUM,13,21,5639.033160700067,214.1226360069204
VER,Red Bull Racing,SOFT -> MEDIUM,SOFT,MEDIUM,14,21,5665.793048049988,240.88252335684138
VER,Red Bull Racing,SOFT -> MEDIUM,SOFT,MEDIUM,15,21,5692.551726033031,267.641201339884
VER,Red Bull Racing,SOFT -> MEDIUM,SOFT,MEDIUM,16,21,5719.309194649197,294.39866995605007
VER,Red Bull Racing,SOFT -> MEDIUM,SOFT,MEDIUM,17,21,5746.065453898485,321.1549292053387
VER,Red Bull Racing,SOFT -> MEDIUM,SOFT,MEDIUM,18,21,5772.820503780899,347.9099790877526
VER,Red Bull Racing,SOFT -> MEDIUM,SOFT,MEDIUM,19,21,5799.574344296435,374.6638196032882
VER,Red Bull Racing,SOFT -> MEDIUM,SOFT,MEDIUM,20,21,5826.326975445095,401.4164507519481
VER,Red Bull Racing,SOFT -> MEDIUM,SOFT,MEDIUM,21,21,5853.078397226876,428.1678725337297
VER,Red Bull Racing,SOFT -> MEDIUM,SOFT,MEDIUM,22,21,5879.828609641783,454.91808494863653
VER,Red Bull Racing,SOFT -> MEDIUM,SOFT,MEDIUM,23,21,5906.577612689813,481.66708799666594
VER,Red Bull Racing,SOFT -> MEDIUM,SOFT,MEDIUM,24,21,5933.325406370965,508.4148816778179
VER,Red Bull Racing,SOFT -> MEDIUM,SOFT,MEDIUM,25,21,5960.07199068524,535.1614659920933
VER,Red Bull Racing,SOFT -> MEDIUM,SOFT,MEDIUM,26,21,5986.817365632638,561.9068409394913
VER,Red Bull Racing,SOFT -> MEDIUM,SOFT,MEDIUM,27,21,6013.561531213161,588.6510065200146
VER,Red Bull Racing,SOFT -> MEDIUM,SOFT,MEDIUM,28,21,6040.304487426807,615.3939627336604
VER,Red Bull Racing,SOFT -> MEDIUM,SOFT,MEDIUM,29,21,6067.0462342735755,642.1357095804287
VER,Red Bull Racing,SOFT -> MEDIUM,SOFT,MEDIUM,30,21,6093.786771753467,668.8762470603206
VER,Red Bull Racing,SOFT -> MEDIUM,SOFT,MEDIUM,31,21,6120.526099866483,695.6155751733359
VER,Red Bull Racing,SOFT -> MEDIUM,SOFT,MEDIUM,32,21,6147.264218612621,722.3536939194746
VER,Red Bull Racing,SOFT -> MEDIUM,SOFT,MEDIUM,33,21,6174.001127991883,749.0906032987359
VER,Red Bull Racing,SOFT -> MEDIUM,SOFT,MEDIUM,34,21,6200.736828004268,775.8263033111216
VER,Red Bull Racing,SOFT -> MEDIUM,SOFT,MEDIUM,35,21,6227.471318649777,802.5607939566298
VER,Red Bull Racing,SOFT -> MEDIUM,SOFT,MEDIUM,36,21,6254.204599928408,829.2940752352615
VER,Red Bull Racing,SOFT -> MEDIUM,SOFT,MEDIUM,37,21,6280.936671840163,856.0261471470167
VER,Red Bull Racing,SOFT -> MEDIUM,SOFT,MEDIUM,38,21,6307.66753438504,882.7570096918935
VER,Red Bull Racing,SOFT -> MEDIUM,SOFT,MEDIUM,39,21,6334.397187563041,909.4866628698946
VER,Red Bull Racing,SOFT -> MEDIUM,SOFT,MEDIUM,40,21,6361.125631374167,936.2151066810202
VER,Red Bull Racing,SOFT -> MEDIUM,SOFT,MEDIUM,41,21,6387.852865818415,962.9423411252683
VER,Red Bull Racing,SOFT -> MEDIUM,SOFT,MEDIUM,42,21,6414.578890895786,989.6683662026389
VER,Red Bull Racing,SOFT -> MEDIUM,SOFT,MEDIUM,43,21,6441.303706606281,1016.393181913134
VER,Red Bull Racing,SOFT -> MEDIUM,SOFT,MEDIUM,44,21,6468.027312949898,1043.1167882567515
VER,Red Bull Racing,SOFT -> MEDIUM,SOFT,MEDIUM,45,21,6494.749709926638,1069.8391852334917
VER,Red Bull Racing,SOFT -> MEDIUM,SOFT,MEDIUM,46,21,6521.470897536504,1096.560372843357
VER,Red Bull Racing,SOFT -> MEDIUM,SOFT,MEDIUM,47,21,6548.190875779491,1123.2803510863441
ZHO,Alfa Romeo,HARD -> MEDIUM,HARD,MEDIUM,5,21,5448.366647913303,105.98892288626212
ZHO,Alfa Romeo,HARD -> MEDIUM,HARD,MEDIUM,6,21,5446.434520040523,104.05679501348277
ZHO,Alfa Romeo,HARD -> MEDIUM,HARD,MEDIUM,7,21,5444.473542513586,102.09581748654546
ZHO,Alfa Romeo,HARD -> MEDIUM,HARD,MEDIUM,8,21,5442.483715332492,100.10599030545109
ZHO,Alfa Romeo,HARD -> MEDIUM,HARD,MEDIUM,9,21,5440.465038497239,98.08731347019875
ZHO,Alfa Romeo,HARD -> MEDIUM,HARD,MEDIUM,10,21,5438.417512007831,96.03978698079027
ZHO,Alfa Romeo,HARD -> MEDIUM,HARD,MEDIUM,11,21,5436.341135864263,93.96341083722291
ZHO,Alfa Romeo,HARD -> MEDIUM,HARD,MEDIUM,12,21,5434.235910066539,91.8581850394985
ZHO,Alfa Romeo,HARD -> MEDIUM,HARD,MEDIUM,13,21,5432.1018346146575,89.72410958761702
ZHO,Alfa Romeo,HARD -> MEDIUM,HARD,MEDIUM,14,21,5429.938909508619,87.5611844815785
ZHO,Alfa Romeo,HARD -> MEDIUM,HARD,MEDIUM,15,21,5427.7471347484225,85.369409721382
ZHO,Alfa Romeo,HARD -> MEDIUM,HARD,MEDIUM,16,21,5425.526510334068,83.14878530702754
ZHO,Alfa Romeo,HARD -> MEDIUM,HARD,MEDIUM,17,21,5423.2770362655565,80.89931123851602
ZHO,Alfa Romeo,HARD -> MEDIUM,HARD,MEDIUM,18,21,5420.998712542889,78.62098751584836
ZHO,Alfa Romeo,HARD -> MEDIUM,HARD,MEDIUM,19,21,5418.691539166062,76.31381413902182
ZHO,Alfa Romeo,HARD -> MEDIUM,HARD,MEDIUM,20,21,5416.355516135079,73.97779110803822
ZHO,Alfa Romeo,HARD -> MEDIUM,HARD,MEDIUM,21,21,5413.990643449939,71.61291842289847
ZHO,Alfa Romeo,HARD -> MEDIUM,HARD,MEDIUM,22,21,5411.59692111064,69.21919608359985
ZHO,Alfa Romeo,HARD -> MEDIUM,HARD,MEDIUM,23,21,5409.174349117186,66.79662409014509
ZHO,Alfa Romeo,HARD -> MEDIUM,HARD,MEDIUM,24,21,5406.722927469573,64.34520244253235
ZHO,Alfa Romeo,HARD -> MEDIUM,HARD,MEDIUM,25,21,5404.242656167802,61.864931140761655
ZHO,Alfa Romeo,HARD -> MEDIUM,HARD,MEDIUM,26,21,5401.733535211875,59.35581018483481
ZHO,Alfa Romeo,HARD -> MEDIUM,HARD,MEDIUM,27,21,5399.1955646017905,56.817839574749996
ZHO,Alfa Romeo,HARD -> MEDIUM,HARD,MEDIUM,28,21,5396.628744337548,54.25101931050722
ZHO,Alfa Romeo,HARD -> MEDIUM,HARD,MEDIUM,29,21,5394.033074419148,51.65534939210738
ZHO,Alfa Romeo,HARD -> MEDIUM,HARD,MEDIUM,30,21,5391.408554846591,49.03082981955049
ZHO,Alfa Romeo,HARD -> MEDIUM,HARD,MEDIUM,31,21,5388.755185619877,46.37746059283654
ZHO,Alfa Romeo,HARD -> MEDIUM,HARD,MEDIUM,32,21,5386.072966739004,43.69524171196372
ZHO,Alfa Romeo,HARD -> MEDIUM,HARD,MEDIUM,33,21,5383.361898203975,40.984173176934746
ZHO,Alfa Romeo,HARD -> MEDIUM,HARD,MEDIUM,34,21,5380.621980014788,38.24425498774781
ZHO,Alfa Romeo,HARD -> MEDIUM,HARD,MEDIUM,35,21,5377.853212171444,35.475487144403814
ZHO,Alfa Romeo,HARD -> MEDIUM,HARD,MEDIUM,36,21,5375.055594673942,32.677869646901854
ZHO,Alfa Romeo,HARD -> MEDIUM,HARD,MEDIUM,37,21,5372.229127522284,29.851402495243747
ZHO,Alfa Romeo,HARD -> MEDIUM,HARD,MEDIUM,38,21,5369.373810716468,26.996085689427673
ZHO,Alfa Romeo,HARD -> MEDIUM,HARD,MEDIUM,39,21,5366.489644256495,24.111919229454543
ZHO,Alfa Romeo,HARD -> MEDIUM,HARD,MEDIUM,40,21,5363.576628142364,21.198903115323446
ZHO,Alfa Romeo,HARD -> MEDIUM,HARD,MEDIUM,41,21,5360.634762374076,18.257037347035293
ZHO,Alfa Romeo,HARD -> MEDIUM,HARD,MEDIUM,42,21,5357.66404695163,15.286321924589174
ZHO,Alfa Romeo,HARD -> MEDIUM,HARD,MEDIUM,43,21,5354.6644818750265,12.286756847985998
ZHO,Alfa Romeo,HARD -> MEDIUM,HARD,MEDIUM,44,21,5351.636067144266,9.258342117225766
ZHO,Alfa Romeo,HARD -> MEDIUM,HARD,MEDIUM,45,21,5348.578802759348,6.201077732307567
ZHO,Alfa Romeo,HARD -> MEDIUM,HARD,MEDIUM,46,21,5345.492688720273,3.114963693232312
ZHO,Alfa Romeo,HARD -> MEDIUM,HARD,MEDIUM,47,21,5342.3777250270405,0
ZHO,Alfa Romeo,HARD -> SOFT,HARD,SOFT,5,21,8127.245193729231,3032.962048743336
ZHO,Alfa Romeo,HARD -> SOFT,HARD,SOFT,6,21,7964.709345150464,2870.4262001645693
ZHO,Alfa Romeo,HARD -> SOFT,HARD,SOFT,7,21,7806.649268866995,2712.3661238811
ZHO,Alfa Romeo,HARD -> SOFT,HARD,SOFT,8,21,7653.064964878833,2558.781819892938
ZHO,Alfa Romeo,HARD -> SOFT,HARD,SOFT,9,21,7503.956433185969,2409.6732882000742
ZHO,Alfa Romeo,HARD -> SOFT,HARD,SOFT,10,21,7359.323673788408,2265.040528802513
ZHO,Alfa Romeo,HARD -> SOFT,HARD,SOFT,11,21,7219.166686686151,2124.8835417002556
ZHO,Alfa Romeo,HARD -> SOFT,HARD,SOFT,12,21,7083.485471879194,1989.202326893299
ZHO,Alfa Romeo,HARD -> SOFT,HARD,SOFT,13,21,6952.280029367538,1857.9968843816432
ZHO,Alfa Romeo,HARD -> SOFT,HARD,SOFT,14,21,6825.550359151187,1731.267214165292
ZHO,Alfa Romeo,HARD -> SOFT,HARD,SOFT,15,21,6703.296461230137,1609.0133162442417
ZHO,Alfa Romeo,HARD -> SOFT,HARD,SOFT,16,21,6585.518335604387,1491.2351906184922
ZHO,Alfa Romeo,HARD -> SOFT,HARD,SOFT,17,21,6472.2159822739395,1377.9328372880445
ZHO,Alfa Romeo,HARD -> SOFT,HARD,SOFT,18,21,6363.389401238795,1269.1062562528996
ZHO,Alfa Romeo,HARD -> SOFT,HARD,SOFT,19,21,6259.038592498951,1164.7554475130564
ZHO,Alfa Romeo,HARD -> SOFT,HARD,SOFT,20,21,6159.163556054409,1064.8804110685141
ZHO,Alfa Romeo,HARD -> SOFT,HARD,SOFT,21,21,6063.764291905172,969.4811469192773
ZHO,Alfa Romeo,HARD -> SOFT,HARD,SOFT,22,21,5972.840800051234,878.5576550653386
ZHO,Alfa Romeo,HARD -> SOFT,HARD,SOFT,23,21,5886.393080492598,792.1099355067026
ZHO,Alfa Romeo,HARD -> SOFT,HARD,SOFT,24,21,5804.421133229265,710.1379882433703
ZHO,Alfa Romeo,HARD -> SOFT,HARD,SOFT,25,21,5726.924958261232,632.641813275337
ZHO,Alfa Romeo,HARD -> SOFT,HARD,SOFT,26,21,5653.904555588504,559.6214106026091
ZHO,Alfa Romeo,HARD -> SOFT,HARD,SOFT,27,21,5585.359925211076,491.0767802251812
ZHO,Alfa Romeo,HARD -> SOFT,HARD,SOFT,28,21,5521.29106712895,427.0079221430551
ZHO,Alfa Romeo,HARD -> SOFT,HARD,SOFT,29,21,5461.697981342127,367.4148363562317
ZHO,Alfa Romeo,HARD -> SOFT,HARD,SOFT,30,21,5406.580667850605,312.2975228647101
ZHO,Alfa Romeo,HARD -> SOFT,HARD,SOFT,31,21,5355.939126654384,261.6559816684894
ZHO,Alfa Romeo,HARD -> SOFT,HARD,SOFT,32,21,5309.773357753467,215.4902127675723
ZHO,Alfa Romeo,HARD -> SOFT,HARD,SOFT,33,21,5268.083361147852,173.800216161957
ZHO,Alfa Romeo,HARD -> SOFT,HARD,SOFT,34,21,5230.869136837537,136.58599185164167
ZHO,Alfa Romeo,HARD -> SOFT,HARD,SOFT,35,21,5198.130684822525,103.84753983662995
ZHO,Alfa Romeo,HARD -> SOFT,HARD,SOFT,36,21,5169.868005102815,75.58486011692003
ZHO,Alfa Romeo,HARD -> SOFT,HARD,SOFT,37,21,5146.081097678407,51.7979526925119
ZHO,Alfa Romeo,HARD -> SOFT,HARD,SOFT,38,21,5126.7699625493005,32.486817563405566
ZHO,Alfa Romeo,HARD -> SOFT,HARD,SOFT,39,21,5111.934599715497,17.651454729601937
ZHO,Alfa Romeo,HARD -> SOFT,HARD,SOFT,40,21,5101.575009176994,7.291864191099194
ZHO,Alfa Romeo,HARD -> SOFT,HARD,SOFT,41,21,5095.691190933793,1.4080459478982448
ZHO,Alfa Romeo,HARD -> SOFT,HARD,SOFT,42,21,5094.283144985895,0
ZHO,Alfa Romeo,HARD -> SOFT,HARD,SOFT,43,21,5097.3508713332985,3.06772634740355
ZHO,Alfa Romeo,HARD -> SOFT,HARD,SOFT,44,21,5104.894369976004,10.611224990108894
ZHO,Alfa Romeo,HARD -> SOFT,HARD,SOFT,45,21,5116.913640914011,22.630495928116034
ZHO,Alfa Romeo,HARD -> SOFT,HARD,SOFT,46,21,5133.40868414732,39.12553916142497
ZHO,Alfa Romeo,HARD -> SOFT,HARD,SOFT,47,21,5154.379499675932,60.096354690036605
ZHO,Alfa Romeo,MEDIUM -> HARD,MEDIUM,HARD,5,21,5335.598056300056,0
ZHO,Alfa Romeo,MEDIUM -> HARD,MEDIUM,HARD,6,21,5337.530184172835,1.932127872779347
ZHO,Alfa Romeo,MEDIUM -> HARD,MEDIUM,HARD,7,21,5339.491161699772,3.89310539971666
ZHO,Alfa Romeo,MEDIUM -> HARD,MEDIUM,HARD,8,21,5341.480988880868,5.882932580811939
ZHO,Alfa Romeo,MEDIUM -> HARD,MEDIUM,HARD,9,21,5343.499665716119,7.901609416063366
ZHO,Alfa Romeo,MEDIUM -> HARD,MEDIUM,HARD,10,21,5345.547192205528,9.949135905471849
ZHO,Alfa Romeo,MEDIUM -> HARD,MEDIUM,HARD,11,21,5347.623568349096,12.025512049040117
ZHO,Alfa Romeo,MEDIUM -> HARD,MEDIUM,HARD,12,21,5349.7287941468185,14.130737846762713
ZHO,Alfa Romeo,MEDIUM -> HARD,MEDIUM,HARD,13,21,5351.862869598701,16.264813298645095
ZHO,Alfa Romeo,MEDIUM -> HARD,MEDIUM,HARD,14,21,5354.025794704739,18.427738404683623
ZHO,Alfa Romeo,MEDIUM -> HARD,MEDIUM,HARD,15,21,5356.217569464936,20.619513164880118
ZHO,Alfa Romeo,MEDIUM -> HARD,MEDIUM,HARD,16,21,5358.43819387929,22.84013757923458
ZHO,Alfa Romeo,MEDIUM -> HARD,MEDIUM,HARD,17,21,5360.687667947801,25.089611647745187
ZHO,Alfa Romeo,MEDIUM -> HARD,MEDIUM,HARD,18,21,5362.9659916704695,27.36793537041376
ZHO,Alfa Romeo,MEDIUM -> HARD,MEDIUM,HARD,19,21,5365.273165047294,29.675108747238482
ZHO,Alfa Romeo,MEDIUM -> HARD,MEDIUM,HARD,20,21,5367.609188078278,32.01113177822208
ZHO,Alfa Romeo,MEDIUM -> HARD,MEDIUM,HARD,21,21,5369.9740607634185,34.37600446336273
ZHO,Alfa Romeo,MEDIUM -> HARD,MEDIUM,HARD,22,21,5372.367783102716,36.76972680266044
ZHO,Alfa Romeo,MEDIUM -> HARD,MEDIUM,HARD,23,21,5374.790355096171,39.19229879611521
ZHO,Alfa Romeo,MEDIUM -> HARD,MEDIUM,HARD,24,21,5377.241776743785,41.64372044372885
ZHO,Alfa Romeo,MEDIUM -> HARD,MEDIUM,HARD,25,21,5379.722048045554,44.12399174549864
ZHO,Alfa Romeo,MEDIUM -> HARD,MEDIUM,HARD,26,21,5382.231169001483,46.63311270142731
ZHO,Alfa Romeo,MEDIUM -> HARD,MEDIUM,HARD,27,21,5384.769139611567,49.17108331151121
ZHO,Alfa Romeo,MEDIUM -> HARD,MEDIUM,HARD,28,21,5387.33595987581,51.73790357575399
ZHO,Alfa Romeo,MEDIUM -> HARD,MEDIUM,HARD,29,21,5389.93162979421,54.333573494153825
ZHO,Alfa Romeo,MEDIUM -> HARD,MEDIUM,HARD,30,21,5392.5561493667665,56.95809306671072
ZHO,Alfa Romeo,MEDIUM -> HARD,MEDIUM,HARD,31,21,5395.209518593481,59.611462293425575
ZHO,Alfa Romeo,MEDIUM -> HARD,MEDIUM,HARD,32,21,5397.891737474353,62.29368117429749
ZHO,Alfa Romeo,MEDIUM -> HARD,MEDIUM,HARD,33,21,5400.602806009382,65.00474970932646
ZHO,Alfa Romeo,MEDIUM -> HARD,MEDIUM,HARD,34,21,5403.342724198568,67.74466789851249
ZHO,Alfa Romeo,MEDIUM -> HARD,MEDIUM,HARD,35,21,5406.111492041912,70.51343574185648
ZHO,Alfa Romeo,MEDIUM -> HARD,MEDIUM,HARD,36,21,5408.909109539414,73.31105323935844
ZHO,Alfa Romeo,MEDIUM -> HARD,MEDIUM,HARD,37,21,5411.735576691072,76.13752039101655
ZHO,Alfa Romeo,MEDIUM -> HARD,MEDIUM,HARD,38,21,5414.590893496888,78.99283719683262
ZHO,Alfa Romeo,MEDIUM -> HARD,MEDIUM,HARD,39,21,5417.475059956862,81.87700365680666
ZHO,Alfa Romeo,MEDIUM -> HARD,MEDIUM,HARD,40,21,5420.3880760709935,84.79001977093776
ZHO,Alfa Romeo,MEDIUM -> HARD,MEDIUM,HARD,41,21,5423.329941839282,87.73188553922591
ZHO,Alfa Romeo,MEDIUM -> HARD,MEDIUM,HARD,42,21,5426.300657261729,90.70260096167294
ZHO,Alfa Romeo,MEDIUM -> HARD,MEDIUM,HARD,43,21,5429.300222338332,93.70216603827612
ZHO,Alfa Romeo,MEDIUM -> HARD,MEDIUM,HARD,44,21,5432.328637069092,96.73058076903635
ZHO,Alfa Romeo,MEDIUM -> HARD,MEDIUM,HARD,45,21,5435.38590145401,99.78784515395455
ZHO,Alfa Romeo,MEDIUM -> HARD,MEDIUM,HARD,46,21,5438.472015493085,102.8739591930289
ZHO,Alfa Romeo,MEDIUM -> HARD,MEDIUM,HARD,47,21,5441.586979186317,105.98892288626121
ZHO,Alfa Romeo,MEDIUM -> SOFT,MEDIUM,SOFT,5,21,8136.473088280769,2943.82211725621
ZHO,Alfa Romeo,MEDIUM -> SOFT,MEDIUM,SOFT,6,21,7975.869367574782,2783.2183965502227
ZHO,Alfa Romeo,MEDIUM -> SOFT,MEDIUM,SOFT,7,21,7819.77026881825,2627.1192977936907
ZHO,Alfa Romeo,MEDIUM -> SOFT,MEDIUM,SOFT,8,21,7668.175792011182,2475.524820986623
ZHO,Alfa Romeo,MEDIUM -> SOFT,MEDIUM,SOFT,9,21,7521.085937153572,2328.4349661290125
ZHO,Alfa Romeo,MEDIUM -> SOFT,MEDIUM,SOFT,10,21,7378.500704245419,2185.84973322086
ZHO,Alfa Romeo,MEDIUM -> SOFT,MEDIUM,SOFT,11,21,7240.420093286728,2047.7691222621688
ZHO,Alfa Romeo,MEDIUM -> SOFT,MEDIUM,SOFT,12,21,7106.844104277496,1914.1931332529366
ZHO,Alfa Romeo,MEDIUM -> SOFT,MEDIUM,SOFT,13,21,6977.772737217721,1785.1217661931623
ZHO,Alfa Romeo,MEDIUM -> SOFT,MEDIUM,SOFT,14,21,6853.20599210741,1660.5550210828505
ZHO,Alfa Romeo,MEDIUM -> SOFT,MEDIUM,SOFT,15,21,6733.143868946555,1540.4928979219958
ZHO,Alfa Romeo,MEDIUM -> SOFT,MEDIUM,SOFT,16,21,6617.586367735159,1424.9353967106
ZHO,Alfa Romeo,MEDIUM -> SOFT,MEDIUM,SOFT,17,21,6506.533488473224,1313.8825174486647
ZHO,Alfa Romeo,MEDIUM -> SOFT,MEDIUM,SOFT,18,21,6399.9852311607465,1207.3342601361874
ZHO,Alfa Romeo,MEDIUM -> SOFT,MEDIUM,SOFT,19,21,6297.941595797729,1105.2906247731698
ZHO,Alfa Romeo,MEDIUM -> SOFT,MEDIUM,SOFT,20,21,6200.40258238417,1007.7516113596112
ZHO,Alfa Romeo,MEDIUM -> SOFT,MEDIUM,SOFT,21,21,6107.368190920073,914.7172198955141
ZHO,Alfa Romeo,MEDIUM -> SOFT,MEDIUM,SOFT,22,21,6018.838421405434,826.1874503808749
ZHO,Alfa Romeo,MEDIUM -> SOFT,MEDIUM,SOFT,23,21,5934.813273840253,742.1623028156937
ZHO,Alfa Romeo,MEDIUM -> SOFT,MEDIUM,SOFT,24,21,5855.292748224533,662.6417771999741
ZHO,Alfa Romeo,MEDIUM -> SOFT,MEDIUM,SOFT,25,21,5780.2768445582715,587.6258735337124
ZHO,Alfa Romeo,MEDIUM -> SOFT,MEDIUM,SOFT,26,21,5709.7655628414695,517.1145918169104
ZHO,Alfa Romeo,MEDIUM -> SOFT,MEDIUM,SOFT,27,21,5643.758903074127,451.10793204956826
ZHO,Alfa Romeo,MEDIUM -> SOFT,MEDIUM,SOFT,28,21,5582.256865256244,389.60589423168494
ZHO,Alfa Romeo,MEDIUM -> SOFT,MEDIUM,SOFT,29,21,5525.25944938782,332.6084783632605
ZHO,Alfa Romeo,MEDIUM -> SOFT,MEDIUM,SOFT,30,21,5472.766655468855,280.11568444429577
ZHO,Alfa Romeo,MEDIUM -> SOFT,MEDIUM,SOFT,31,21,5424.778483499349,232.1275124747899
ZHO,Alfa Romeo,MEDIUM -> SOFT,MEDIUM,SOFT,32,21,5381.294933479303,188.64396245474381
ZHO,Alfa Romeo,MEDIUM -> SOFT,MEDIUM,SOFT,33,21,5342.316005408717,149.66503438415748
ZHO,Alfa Romeo,MEDIUM -> SOFT,MEDIUM,SOFT,34,21,5307.841699287589,115.19072826303
ZHO,Alfa Romeo,MEDIUM -> SOFT,MEDIUM,SOFT,35,21,5277.872015115921,85.22104409136227
ZHO,Alfa Romeo,MEDIUM -> SOFT,MEDIUM,SOFT,36,21,5252.4069528937125,59.7559818691534
ZHO,Alfa Romeo,MEDIUM -> SOFT,MEDIUM,SOFT,37,21,5231.446512620963,38.79554159640429
ZHO,Alfa Romeo,MEDIUM -> SOFT,MEDIUM,SOFT,38,21,5214.990694297672,22.339723273113123
ZHO,Alfa Romeo,MEDIUM -> SOFT,MEDIUM,SOFT,39,21,5203.039497923843,10.388526899283534
ZHO,Alfa Romeo,MEDIUM -> SOFT,MEDIUM,SOFT,40,21,5195.592923499471,2.9419524749118864
ZHO,Alfa Romeo,MEDIUM -> SOFT,MEDIUM,SOFT,41,21,5192.650971024559,0
ZHO,Alfa Romeo,MEDIUM -> SOFT,MEDIUM,SOFT,42,21,5194.213640499107,1.5626694745478744
ZHO,Alfa Romeo,MEDIUM -> SOFT,MEDIUM,SOFT,43,21,5200.280931923114,7.6299608985546
ZHO,Alfa Romeo,MEDIUM -> SOFT,MEDIUM,SOFT,44,21,5210.852845296579,18.201874272020177
ZHO,Alfa Romeo,MEDIUM -> SOFT,MEDIUM,SOFT,45,21,5225.929380619505,33.278409594945515
ZHO,Alfa Romeo,MEDIUM -> SOFT,MEDIUM,SOFT,46,21,5245.510537891889,52.859566867329704
ZHO,Alfa Romeo,MEDIUM -> SOFT,MEDIUM,SOFT,47,21,5269.596317113733,76.94534608917365
ZHO,Alfa Romeo,SOFT -> HARD,SOFT,HARD,5,21,6023.091590286467,0
ZHO,Alfa Romeo,SOFT -> HARD,SOFT,HARD,6,21,6153.683309715438,130.59171942897046
ZHO,Alfa Romeo,SOFT -> HARD,SOFT,HARD,7,21,6281.357507051536,258.26591676506905
ZHO,Alfa Romeo,SOFT -> HARD,SOFT,HARD,8,21,6406.114182294763,383.02259200829576
ZHO,Alfa Romeo,SOFT -> HARD,SOFT,HARD,9,21,6527.953335445115,504.86174515864786
ZHO,Alfa Romeo,SOFT -> HARD,SOFT,HARD,10,21,6646.874966502595,623.7833762161281
ZHO,Alfa Romeo,SOFT -> HARD,SOFT,HARD,11,21,6762.879075467203,739.7874851807355
ZHO,Alfa Romeo,SOFT -> HARD,SOFT,HARD,12,21,6875.9656623389365,852.8740720524693
ZHO,Alfa Romeo,SOFT -> HARD,SOFT,HARD,13,21,6986.134727117798,963.0431368313311
ZHO,Alfa Romeo,SOFT -> HARD,SOFT,HARD,14,21,7093.386269803788,1070.2946795173211
ZHO,Alfa Romeo,SOFT -> HARD,SOFT,HARD,15,21,7197.720290396904,1174.6287001104365
ZHO,Alfa Romeo,SOFT -> HARD,SOFT,HARD,16,21,7299.136788897147,1276.04519861068
ZHO,Alfa Romeo,SOFT -> HARD,SOFT,HARD,17,21,7397.635765304518,1374.5441750180507
ZHO,Alfa Romeo,SOFT -> HARD,SOFT,HARD,18,21,7493.217219619015,1470.1256293325478
ZHO,Alfa Romeo,SOFT -> HARD,SOFT,HARD,19,21,7585.881151840639,1562.789561554172
ZHO,Alfa Romeo,SOFT -> HARD,SOFT,HARD,20,21,7675.6275619693915,1652.5359716829244
ZHO,Alfa Romeo,SOFT -> HARD,SOFT,HARD,21,21,7762.45645000527,1739.364859718803
ZHO,Alfa Romeo,SOFT -> HARD,SOFT,HARD,22,21,7846.367815948276,1823.276225661809
ZHO,Alfa Romeo,SOFT -> HARD,SOFT,HARD,23,21,7927.361659798409,1904.270069511942
ZHO,Alfa Romeo,SOFT -> HARD,SOFT,HARD,24,21,8005.437981555671,1982.346391269204
ZHO,Alfa Romeo,SOFT -> HARD,SOFT,HARD,25,21,8080.596781220058,2057.5051909335907
ZHO,Alfa Romeo,SOFT -> HARD,SOFT,HARD,26,21,8152.8380587915735,2129.7464685051063
ZHO,Alfa Romeo,SOFT -> HARD,SOFT,HARD,27,21,8222.161814270215,2199.0702239837483
ZHO,Alfa Romeo,SOFT -> HARD,SOFT,HARD,28,21,8288.568047655985,2265.4764573695174
ZHO,Alfa Romeo,SOFT -> HARD,SOFT,HARD,29,21,8352.056758948882,2328.9651686624147
ZHO,Alfa Romeo,SOFT -> HARD,SOFT,HARD,30,21,8412.627948148905,2389.5363578624383
ZHO,Alfa Romeo,SOFT -> HARD,SOFT,HARD,31,21,8470.281615256055,2447.190024969588
ZHO,Alfa Romeo,SOFT -> HARD,SOFT,HARD,32,21,8525.017760270333,2501.926169983866
ZHO,Alfa Romeo,SOFT -> HARD,SOFT,HARD,33,21,8576.836383191738,2553.7447929052705
ZHO,Alfa Romeo,SOFT -> HARD,SOFT,HARD,34,21,8625.737484020272,2602.6458937338048
ZHO,Alfa Romeo,SOFT -> HARD,SOFT,HARD,35,21,8671.72106275593,2648.6294724694635
ZHO,Alfa Romeo,SOFT -> HARD,SOFT,HARD,36,21,8714.787119398718,2691.6955291122504
ZHO,Alfa Romeo,SOFT -> HARD,SOFT,HARD,37,21,8754.93565394863,2731.8440636621635
ZHO,Alfa Romeo,SOFT -> HARD,SOFT,HARD,38,21,8792.166666405672,2769.075076119205
ZHO,Alfa Romeo,SOFT -> HARD,SOFT,HARD,39,21,8826.48015676984,2803.3885664833724
ZHO,Alfa Romeo,SOFT -> HARD,SOFT,HARD,40,21,8857.876125041135,2834.784534754668
ZHO,Alfa Romeo,SOFT -> HARD,SOFT,HARD,41,21,8886.354571219557,2863.26298093309
ZHO,Alfa Romeo,SOFT -> HARD,SOFT,HARD,42,21,8911.915495305107,2888.8239050186403
ZHO,Alfa Romeo,SOFT -> HARD,SOFT,HARD,43,21,8934.558897297784,2911.4673070113167
ZHO,Alfa Romeo,SOFT -> HARD,SOFT,HARD,44,21,8954.284777197588,2931.1931869111213
ZHO,Alfa Romeo,SOFT -> HARD,SOFT,HARD,45,21,8971.09313500452,2948.001544718052
ZHO,Alfa Romeo,SOFT -> HARD,SOFT,HARD,46,21,8984.983970718578,2961.892380432111
ZHO,Alfa Romeo,SOFT -> HARD,SOFT,HARD,47,21,8995.957284339764,2972.8656940532965
ZHO,Alfa Romeo,SOFT -> MEDIUM,SOFT,MEDIUM,5,21,6145.088076451252,0
ZHO,Alfa Romeo,SOFT -> MEDIUM,SOFT,MEDIUM,6,21,6273.747668007443,128.65959155619112
ZHO,Alfa Romeo,SOFT -> MEDIUM,SOFT,MEDIUM,7,21,6399.4608878166055,254.3728113653533
ZHO,Alfa Romeo,SOFT -> MEDIUM,SOFT,MEDIUM,8,21,6522.227735878736,377.1396594274838
ZHO,Alfa Romeo,SOFT -> MEDIUM,SOFT,MEDIUM,9,21,6642.048212193838,496.9601357425854
ZHO,Alfa Romeo,SOFT -> MEDIUM,SOFT,MEDIUM,10,21,6758.922316761909,613.8342403106572
ZHO,Alfa Romeo,SOFT -> MEDIUM,SOFT,MEDIUM,11,21,6872.8500495829485,727.7619731316963
ZHO,Alfa Romeo,SOFT -> MEDIUM,SOFT,MEDIUM,12,21,6983.831410656959,838.7433342057066
ZHO,Alfa Romeo,SOFT -> MEDIUM,SOFT,MEDIUM,13,21,7091.866399983939,946.778323532687
ZHO,Alfa Romeo,SOFT -> MEDIUM,SOFT,MEDIUM,14,21,7196.955017563889,1051.8669411126366
ZHO,Alfa Romeo,SOFT -> MEDIUM,SOFT,MEDIUM,15,21,7299.097263396809,1154.0091869455564
ZHO,Alfa Romeo,SOFT -> MEDIUM,SOFT,MEDIUM,16,21,7398.2931374826985,1253.2050610314463
ZHO,Alfa Romeo,SOFT -> MEDIUM,SOFT,MEDIUM,17,21,7494.542639821557,1349.4545633703046
ZHO,Alfa Romeo,SOFT -> MEDIUM,SOFT,MEDIUM,18,21,7587.845770413386,1442.757693962134
ZHO,Alfa Romeo,SOFT -> MEDIUM,SOFT,MEDIUM,19,21,7678.202529258186,1533.1144528069335
ZHO,Alfa Romeo,SOFT -> MEDIUM,SOFT,MEDIUM,20,21,7765.6129163559535,1620.5248399047014
ZHO,Alfa Romeo,SOFT -> MEDIUM,SOFT,MEDIUM,21,21,7850.0769317066915,1704.9888552554394
ZHO,Alfa Romeo,SOFT -> MEDIUM,SOFT,MEDIUM,22,21,7931.594575310401,1786.5064988591485
ZHO,Alfa Romeo,SOFT -> MEDIUM,SOFT,MEDIUM,23,21,8010.165847167078,1865.0777707158259
ZHO,Alfa Romeo,SOFT -> MEDIUM,SOFT,MEDIUM,24,21,8085.790747276727,1940.7026708254753
ZHO,Alfa Romeo,SOFT -> MEDIUM,SOFT,MEDIUM,25,21,8158.469275639345,2013.381199188093
ZHO,Alfa Romeo,SOFT -> MEDIUM,SOFT,MEDIUM,26,21,8228.201432254933,2083.113355803681
ZHO,Alfa Romeo,SOFT -> MEDIUM,SOFT,MEDIUM,27,21,8294.98721712349,2149.899140672237
ZHO,Alfa Romeo,SOFT -> MEDIUM,SOFT,MEDIUM,28,21,8358.826630245016,2213.7385537937635
ZHO,Alfa Romeo,SOFT -> MEDIUM,SOFT,MEDIUM,29,21,8419.719671619512,2274.63159516826
ZHO,Alfa Romeo,SOFT -> MEDIUM,SOFT,MEDIUM,30,21,8477.666341246979,2332.5782647957267
ZHO,Alfa Romeo,SOFT -> MEDIUM,SOFT,MEDIUM,31,21,8532.666639127416,2387.5785626761635
ZHO,Alfa Romeo,SOFT -> MEDIUM,SOFT,MEDIUM,32,21,8584.72056526082,2439.6324888095687
ZHO,Alfa Romeo,SOFT -> MEDIUM,SOFT,MEDIUM,33,21,8633.828119647198,2488.740043195946
ZHO,Alfa Romeo,SOFT -> MEDIUM,SOFT,MEDIUM,34,21,8679.989302286544,2534.9012258352914
ZHO,Alfa Romeo,SOFT -> MEDIUM,SOFT,MEDIUM,35,21,8723.20411317886,2578.116036727607
ZHO,Alfa Romeo,SOFT -> MEDIUM,SOFT,MEDIUM,36,21,8763.472552324143,2618.384475872891
ZHO,Alfa Romeo,SOFT -> MEDIUM,SOFT,MEDIUM,37,21,8800.7946197224,2655.706543271147
ZHO,Alfa Romeo,SOFT -> MEDIUM,SOFT,MEDIUM,38,21,8835.170315373623,2690.0822389223713
ZHO,Alfa Romeo,SOFT -> MEDIUM,SOFT,MEDIUM,39,21,8866.599639277818,2721.5115628265658
ZHO,Alfa Romeo,SOFT -> MEDIUM,SOFT,MEDIUM,40,21,8895.082591434983,2749.9945149837304
ZHO,Alfa Romeo,SOFT -> MEDIUM,SOFT,MEDIUM,41,21,8920.619171845117,2775.531095393865
ZHO,Alfa Romeo,SOFT -> MEDIUM,SOFT,MEDIUM,42,21,8943.209380508222,2798.12130405697
ZHO,Alfa Romeo,SOFT -> MEDIUM,SOFT,MEDIUM,43,21,8962.853217424296,2817.7651409730433
ZHO,Alfa Romeo,SOFT -> MEDIUM,SOFT,MEDIUM,44,21,8979.550682593339,2834.4626061420868
ZHO,Alfa Romeo,SOFT -> MEDIUM,SOFT,MEDIUM,45,21,8993.30177601535,2848.2136995640985
ZHO,Alfa Romeo,SOFT -> MEDIUM,SOFT,MEDIUM,46,21,9004.106497690334,2859.0184212390823
ZHO,Alfa Romeo,SOFT -> MEDIUM,SOFT,MEDIUM,47,21,9011.964847618288,2866.876771167036
