season,round,race_name,circuit,driver_join_id,pit_lap,stop_number,pit_stop_time_s,constructor,under_safety_car,race_has_safety_car,race_safety_car_lap_share,race_q95_stop,abnormal_stop_proxy,very_short_stop_proxy,plot_group,constructor_n,circuit_n
2021,1,Bahrain Grand Prix,Bahrain International Circuit,alonso,11,1,24.373,alpine,0,0,0,32.04295,1,0,Excluded: abnormal long stop,249,190
2021,1,Bahrain Grand Prix,Bahrain International Circuit,alonso,29,2,24.775,alpine,0,0,0,32.04295,1,0,Excluded: abnormal long stop,249,190
2021,1,Bahrain Grand Prix,Bahrain International Circuit,bottas,16,1,24.262,mercedes,0,0,0,32.04295,1,0,Excluded: abnormal long stop,278,190
2021,1,Bahrain Grand Prix,Bahrain International Circuit,bottas,30,2,32.897,mercedes,0,0,0,32.04295,1,0,Excluded: abnormal long stop,278,190
2021,1,Bahrain Grand Prix,Bahrain International Circuit,bottas,54,3,24.566,mercedes,0,0,0,32.04295,1,0,Excluded: abnormal long stop,278,190
2021,1,Bahrain Grand Prix,Bahrain International Circuit,gasly,4,1,38.338,alphatauri,0,0,0,32.04295,1,0,Excluded: abnormal long stop,202,190
2021,1,Bahrain Grand Prix,Bahrain International Circuit,gasly,19,2,24.317,alphatauri,0,0,0,32.04295,1,0,Excluded: abnormal long stop,202,190
2021,1,Bahrain Grand Prix,Bahrain International Circuit,gasly,39,3,24.983,alphatauri,0,0,0,32.04295,1,0,Excluded: abnormal long stop,202,190
2021,1,Bahrain Grand Prix,Bahrain International Circuit,giovinazzi,12,1,31.998,alfa,0,0,0,32.04295,1,0,Excluded: abnormal long stop,194,190
2021,1,Bahrain Grand Prix,Bahrain International Circuit,giovinazzi,30,2,24.223,alfa,0,0,0,32.04295,1,0,Excluded: abnormal long stop,194,190
2021,1,Bahrain Grand Prix,Bahrain International Circuit,hamilton,13,1,24.839,mercedes,0,0,0,32.04295,1,0,Excluded: abnormal long stop,278,190
2021,1,Bahrain Grand Prix,Bahrain International Circuit,hamilton,28,2,24.076,mercedes,0,0,0,32.04295,1,0,Excluded: abnormal long stop,278,190
2021,1,Bahrain Grand Prix,Bahrain International Circuit,latifi,14,1,26.046,williams,0,0,0,32.04295,1,0,Excluded: abnormal long stop,271,190
2021,1,Bahrain Grand Prix,Bahrain International Circuit,latifi,32,2,23.983,williams,0,0,0,32.04295,1,0,Excluded: abnormal long stop,271,190
2021,1,Bahrain Grand Prix,Bahrain International Circuit,leclerc,12,1,24.925,ferrari,0,0,0,32.04295,1,0,Excluded: abnormal long stop,259,190
2021,1,Bahrain Grand Prix,Bahrain International Circuit,leclerc,32,2,24.176,ferrari,0,0,0,32.04295,1,0,Excluded: abnormal long stop,259,190
2021,1,Bahrain Grand Prix,Bahrain International Circuit,maxverstappen,17,1,24.767,red_bull,0,0,0,32.04295,1,0,Excluded: abnormal long stop,292,190
2021,1,Bahrain Grand Prix,Bahrain International Circuit,maxverstappen,39,2,23.848,red_bull,0,0,0,32.04295,1,0,Excluded: abnormal long stop,292,190
2021,1,Bahrain Grand Prix,Bahrain International Circuit,mickschumacher,14,1,25.798,haas,0,0,0,32.04295,1,0,Excluded: abnormal long stop,272,190
2021,1,Bahrain Grand Prix,Bahrain International Circuit,mickschumacher,33,2,25.343,haas,0,0,0,32.04295,1,0,Excluded: abnormal long stop,272,190
2021,1,Bahrain Grand Prix,Bahrain International Circuit,norris,12,1,24.899,mclaren,0,0,0,32.04295,1,0,Excluded: abnormal long stop,270,190
2021,1,Bahrain Grand Prix,Bahrain International Circuit,norris,33,2,25.64,mclaren,0,0,0,32.04295,1,0,Excluded: abnormal long stop,270,190
2021,1,Bahrain Grand Prix,Bahrain International Circuit,ocon,13,1,25.226,alpine,0,0,0,32.04295,1,0,Excluded: abnormal long stop,249,190
2021,1,Bahrain Grand Prix,Bahrain International Circuit,ocon,31,2,24.471,alpine,0,0,0,32.04295,1,0,Excluded: abnormal long stop,249,190
2021,1,Bahrain Grand Prix,Bahrain International Circuit,perez,2,1,23.993,red_bull,0,0,0,32.04295,1,0,Excluded: abnormal long stop,292,190
2021,1,Bahrain Grand Prix,Bahrain International Circuit,perez,19,2,24.105,red_bull,0,0,0,32.04295,1,0,Excluded: abnormal long stop,292,190
2021,1,Bahrain Grand Prix,Bahrain International Circuit,perez,38,3,24.191,red_bull,0,0,0,32.04295,1,0,Excluded: abnormal long stop,292,190
2021,1,Bahrain Grand Prix,Bahrain International Circuit,raikkonen,13,1,24.107,alfa,0,0,0,32.04295,1,0,Excluded: abnormal long stop,194,190
2021,1,Bahrain Grand Prix,Bahrain International Circuit,raikkonen,29,2,24.046,alfa,0,0,0,32.04295,1,0,Excluded: abnormal long stop,194,190
2021,1,Bahrain Grand Prix,Bahrain International Circuit,ricciardo,13,1,24.688,mclaren,0,0,0,32.04295,1,0,Excluded: abnormal long stop,270,190
2021,1,Bahrain Grand Prix,Bahrain International Circuit,ricciardo,32,2,24.655,mclaren,0,0,0,32.04295,1,0,Excluded: abnormal long stop,270,190
2021,1,Bahrain Grand Prix,Bahrain International Circuit,russell,13,1,24.621,williams,0,0,0,32.04295,1,0,Excluded: abnormal long stop,271,190
2021,1,Bahrain Grand Prix,Bahrain International Circuit,russell,36,2,24.248,williams,0,0,0,32.04295,1,0,Excluded: abnormal long stop,271,190
2021,1,Bahrain Grand Prix,Bahrain International Circuit,sainz,15,1,24.353,ferrari,0,0,0,32.04295,1,0,Excluded: abnormal long stop,259,190
2021,1,Bahrain Grand Prix,Bahrain International Circuit,sainz,37,2,24.341,ferrari,0,0,0,32.04295,1,0,Excluded: abnormal long stop,259,190
2021,1,Bahrain Grand Prix,Bahrain International Circuit,stroll,12,1,24.884,aston_martin,0,0,0,32.04295,1,0,Excluded: abnormal long stop,271,190
2021,1,Bahrain Grand Prix,Bahrain International Circuit,stroll,28,2,25.525,aston_martin,0,0,0,32.04295,1,0,Excluded: abnormal long stop,271,190
2021,1,Bahrain Grand Prix,Bahrain International Circuit,tsunoda,15,1,25.046,alphatauri,0,0,0,32.04295,1,0,Excluded: abnormal long stop,202,190
2021,1,Bahrain Grand Prix,Bahrain International Circuit,tsunoda,33,2,24.328,alphatauri,0,0,0,32.04295,1,0,Excluded: abnormal long stop,202,190
2021,1,Bahrain Grand Prix,Bahrain International Circuit,vettel,24,1,24.626,aston_martin,0,0,0,32.04295,1,0,Excluded: abnormal long stop,271,190
2021,2,Emilia Romagna Grand Prix,Autodromo Enzo e Dino Ferrari,alonso,32,2,1.488372,alpine,0,0,0,1.6118594,0,1,Excluded: very short stop,249,69
2021,2,Emilia Romagna Grand Prix,Autodromo Enzo e Dino Ferrari,gasly,32,3,1.453539,alphatauri,0,0,0,1.6118594,0,1,Excluded: very short stop,202,69
2021,2,Emilia Romagna Grand Prix,Autodromo Enzo e Dino Ferrari,giovinazzi,32,2,1.496541,alfa,0,0,0,1.6118594,0,1,Excluded: very short stop,194,69
2021,2,Emilia Romagna Grand Prix,Autodromo Enzo e Dino Ferrari,hamilton,32,3,1.494731,mercedes,0,0,0,1.6118594,0,1,Excluded: very short stop,278,69
2021,2,Emilia Romagna Grand Prix,Autodromo Enzo e Dino Ferrari,leclerc,33,2,1.609484,ferrari,0,0,0,1.6118594,0,1,Excluded: very short stop,259,69
2021,2,Emilia Romagna Grand Prix,Autodromo Enzo e Dino Ferrari,maxverstappen,33,2,1.621361,red_bull,0,0,0,1.6118594,1,1,Excluded: very short stop,292,69
2021,2,Emilia Romagna Grand Prix,Autodromo Enzo e Dino Ferrari,mazepin,31,3,1.486154,haas,0,0,0,1.6118594,0,1,Excluded: very short stop,272,69
2021,2,Emilia Romagna Grand Prix,Autodromo Enzo e Dino Ferrari,mickschumacher,31,3,1.521462,haas,0,0,0,1.6118594,0,1,Excluded: very short stop,272,69
2021,2,Emilia Romagna Grand Prix,Autodromo Enzo e Dino Ferrari,norris,33,2,1.584953,mclaren,0,0,0,1.6118594,0,1,Excluded: very short stop,270,69
2021,2,Emilia Romagna Grand Prix,Autodromo Enzo e Dino Ferrari,ocon,32,4,1.478974,alpine,0,0,0,1.6118594,0,1,Excluded: very short stop,249,69
2021,2,Emilia Romagna Grand Prix,Autodromo Enzo e Dino Ferrari,perez,33,2,1.5811579999999998,red_bull,0,0,0,1.6118594,0,1,Excluded: very short stop,292,69
2021,2,Emilia Romagna Grand Prix,Autodromo Enzo e Dino Ferrari,raikkonen,32,2,1.492612,alfa,0,0,0,1.6118594,0,1,Excluded: very short stop,194,69
2021,2,Emilia Romagna Grand Prix,Autodromo Enzo e Dino Ferrari,ricciardo,33,2,1.574827,mclaren,0,0,0,1.6118594,0,1,Excluded: very short stop,270,69
2021,2,Emilia Romagna Grand Prix,Autodromo Enzo e Dino Ferrari,sainz,33,2,1.582211,ferrari,0,0,0,1.6118594,0,1,Excluded: very short stop,259,69
2021,2,Emilia Romagna Grand Prix,Autodromo Enzo e Dino Ferrari,stroll,32,2,1.49209,aston_martin,0,0,0,1.6118594,0,1,Excluded: very short stop,271,69
2021,2,Emilia Romagna Grand Prix,Autodromo Enzo e Dino Ferrari,tsunoda,32,2,1.491384,alphatauri,0,0,0,1.6118594,0,1,Excluded: very short stop,202,69
2021,2,Emilia Romagna Grand Prix,Autodromo Enzo e Dino Ferrari,vettel,32,4,1.452323,aston_martin,0,0,0,1.6118594,0,1,Excluded: very short stop,271,69
2021,3,Portuguese Grand Prix,Autódromo Internacional do Algarve,alonso,2,1,21.452,alpine,0,0,0,27.0872,1,0,Excluded: abnormal long stop,249,60
2021,3,Portuguese Grand Prix,Autódromo Internacional do Algarve,alonso,3,2,21.621,alpine,0,0,0,27.0872,1,0,Excluded: abnormal long stop,249,60
2021,3,Portuguese Grand Prix,Autódromo Internacional do Algarve,alonso,40,3,26.442,alpine,0,0,0,27.0872,1,0,Excluded: abnormal long stop,249,60
2021,3,Portuguese Grand Prix,Autódromo Internacional do Algarve,bottas,2,1,21.377,mercedes,0,0,0,27.0872,1,0,Excluded: abnormal long stop,278,60
2021,3,Portuguese Grand Prix,Autódromo Internacional do Algarve,bottas,3,2,22.072,mercedes,0,0,0,27.0872,1,0,Excluded: abnormal long stop,278,60
2021,3,Portuguese Grand Prix,Autódromo Internacional do Algarve,bottas,36,3,26.938,mercedes,0,0,0,27.0872,1,0,Excluded: abnormal long stop,278,60
2021,3,Portuguese Grand Prix,Autódromo Internacional do Algarve,bottas,63,4,26.573,mercedes,0,0,0,27.0872,1,0,Excluded: abnormal long stop,278,60
2021,3,Portuguese Grand Prix,Autódromo Internacional do Algarve,gasly,2,1,21.353,alphatauri,0,0,0,27.0872,1,0,Excluded: abnormal long stop,202,60
2021,3,Portuguese Grand Prix,Autódromo Internacional do Algarve,gasly,3,2,22.319,alphatauri,0,0,0,27.0872,1,0,Excluded: abnormal long stop,202,60
2021,3,Portuguese Grand Prix,Autódromo Internacional do Algarve,gasly,24,3,26.172,alphatauri,0,0,0,27.0872,1,0,Excluded: abnormal long stop,202,60
2021,3,Portuguese Grand Prix,Autódromo Internacional do Algarve,giovinazzi,2,1,22.485,alfa,0,0,0,27.0872,1,0,Excluded: abnormal long stop,194,60
2021,3,Portuguese Grand Prix,Autódromo Internacional do Algarve,giovinazzi,3,2,22.669,alfa,0,0,0,27.0872,1,0,Excluded: abnormal long stop,194,60
2021,3,Portuguese Grand Prix,Autódromo Internacional do Algarve,giovinazzi,22,3,26.729,alfa,0,0,0,27.0872,1,0,Excluded: abnormal long stop,194,60
2021,3,Portuguese Grand Prix,Autódromo Internacional do Algarve,hamilton,2,1,22.426,mercedes,0,0,0,27.0872,1,0,Excluded: abnormal long stop,278,60
2021,3,Portuguese Grand Prix,Autódromo Internacional do Algarve,hamilton,3,2,22.164,mercedes,0,0,0,27.0872,1,0,Excluded: abnormal long stop,278,60
2021,3,Portuguese Grand Prix,Autódromo Internacional do Algarve,hamilton,37,3,26.907,mercedes,0,0,0,27.0872,1,0,Excluded: abnormal long stop,278,60
2021,3,Portuguese Grand Prix,Autódromo Internacional do Algarve,latifi,2,1,21.97,williams,0,0,0,27.0872,1,0,Excluded: abnormal long stop,271,60
2021,3,Portuguese Grand Prix,Autódromo Internacional do Algarve,latifi,3,2,21.73,williams,0,0,0,27.0872,1,0,Excluded: abnormal long stop,271,60
2021,3,Portuguese Grand Prix,Autódromo Internacional do Algarve,latifi,24,3,26.595,williams,0,0,0,27.0872,1,0,Excluded: abnormal long stop,271,60
2021,3,Portuguese Grand Prix,Autódromo Internacional do Algarve,leclerc,2,1,21.323,ferrari,0,0,0,27.0872,1,0,Excluded: abnormal long stop,259,60
2021,3,Portuguese Grand Prix,Autódromo Internacional do Algarve,leclerc,3,2,22.587,ferrari,0,0,0,27.0872,1,0,Excluded: abnormal long stop,259,60
2021,3,Portuguese Grand Prix,Autódromo Internacional do Algarve,leclerc,25,3,27.082,ferrari,0,0,0,27.0872,1,0,Excluded: abnormal long stop,259,60
2021,3,Portuguese Grand Prix,Autódromo Internacional do Algarve,maxverstappen,2,1,22.718,red_bull,0,0,0,27.0872,1,0,Excluded: abnormal long stop,292,60
2021,3,Portuguese Grand Prix,Autódromo Internacional do Algarve,maxverstappen,3,2,22.104,red_bull,0,0,0,27.0872,1,0,Excluded: abnormal long stop,292,60
2021,3,Portuguese Grand Prix,Autódromo Internacional do Algarve,maxverstappen,35,3,26.743,red_bull,0,0,0,27.0872,1,0,Excluded: abnormal long stop,292,60
2021,3,Portuguese Grand Prix,Autódromo Internacional do Algarve,maxverstappen,64,4,26.319,red_bull,0,0,0,27.0872,1,0,Excluded: abnormal long stop,292,60
2021,3,Portuguese Grand Prix,Autódromo Internacional do Algarve,mazepin,2,1,21.372,haas,0,0,0,27.0872,1,0,Excluded: abnormal long stop,272,60
2021,3,Portuguese Grand Prix,Autódromo Internacional do Algarve,mazepin,3,2,21.404,haas,0,0,0,27.0872,1,0,Excluded: abnormal long stop,272,60
2021,3,Portuguese Grand Prix,Autódromo Internacional do Algarve,mazepin,31,3,27.186,haas,0,0,0,27.0872,1,0,Excluded: abnormal long stop,272,60
2021,3,Portuguese Grand Prix,Autódromo Internacional do Algarve,mazepin,43,4,26.984,haas,0,0,0,27.0872,1,0,Excluded: abnormal long stop,272,60
2021,3,Portuguese Grand Prix,Autódromo Internacional do Algarve,mickschumacher,2,1,22.019,haas,0,0,0,27.0872,1,0,Excluded: abnormal long stop,272,60
2021,3,Portuguese Grand Prix,Autódromo Internacional do Algarve,mickschumacher,3,2,21.454,haas,0,0,0,27.0872,1,0,Excluded: abnormal long stop,272,60
2021,3,Portuguese Grand Prix,Autódromo Internacional do Algarve,mickschumacher,32,3,27.245,haas,0,0,0,27.0872,1,0,Excluded: abnormal long stop,272,60
2021,3,Portuguese Grand Prix,Autódromo Internacional do Algarve,norris,2,1,21.407,mclaren,0,0,0,27.0872,1,0,Excluded: abnormal long stop,270,60
2021,3,Portuguese Grand Prix,Autódromo Internacional do Algarve,norris,3,2,22.551,mclaren,0,0,0,27.0872,1,0,Excluded: abnormal long stop,270,60
2021,3,Portuguese Grand Prix,Autódromo Internacional do Algarve,norris,22,3,26.952,mclaren,0,0,0,27.0872,1,0,Excluded: abnormal long stop,270,60
2021,3,Portuguese Grand Prix,Autódromo Internacional do Algarve,ocon,2,1,21.275,alpine,0,0,0,27.0872,1,0,Excluded: abnormal long stop,249,60
2021,3,Portuguese Grand Prix,Autódromo Internacional do Algarve,ocon,3,2,22.24,alpine,0,0,0,27.0872,1,0,Excluded: abnormal long stop,249,60
2021,3,Portuguese Grand Prix,Autódromo Internacional do Algarve,ocon,22,3,27.033,alpine,0,0,0,27.0872,1,0,Excluded: abnormal long stop,249,60
2021,3,Portuguese Grand Prix,Autódromo Internacional do Algarve,perez,2,1,21.89,red_bull,0,0,0,27.0872,1,0,Excluded: abnormal long stop,292,60
2021,3,Portuguese Grand Prix,Autódromo Internacional do Algarve,perez,3,2,22.1,red_bull,0,0,0,27.0872,1,0,Excluded: abnormal long stop,292,60
2021,3,Portuguese Grand Prix,Autódromo Internacional do Algarve,perez,51,3,26.607,red_bull,0,0,0,27.0872,1,0,Excluded: abnormal long stop,292,60
2021,3,Portuguese Grand Prix,Autódromo Internacional do Algarve,ricciardo,2,1,21.965,mclaren,0,0,0,27.0872,1,0,Excluded: abnormal long stop,270,60
2021,3,Portuguese Grand Prix,Autódromo Internacional do Algarve,ricciardo,3,2,22.355,mclaren,0,0,0,27.0872,1,0,Excluded: abnormal long stop,270,60
2021,3,Portuguese Grand Prix,Autódromo Internacional do Algarve,ricciardo,41,3,28.639,mclaren,0,0,0,27.0872,1,0,Excluded: abnormal long stop,270,60
2021,3,Portuguese Grand Prix,Autódromo Internacional do Algarve,russell,2,1,23.532,williams,0,0,0,27.0872,1,0,Excluded: abnormal long stop,271,60
2021,3,Portuguese Grand Prix,Autódromo Internacional do Algarve,russell,3,2,22.755,williams,0,0,0,27.0872,1,0,Excluded: abnormal long stop,271,60
2021,3,Portuguese Grand Prix,Autódromo Internacional do Algarve,russell,28,3,26.843,williams,0,0,0,27.0872,1,0,Excluded: abnormal long stop,271,60
2021,3,Portuguese Grand Prix,Autódromo Internacional do Algarve,sainz,2,1,22.029,ferrari,0,0,0,27.0872,1,0,Excluded: abnormal long stop,259,60
2021,3,Portuguese Grand Prix,Autódromo Internacional do Algarve,sainz,3,2,22.244,ferrari,0,0,0,27.0872,1,0,Excluded: abnormal long stop,259,60
2021,3,Portuguese Grand Prix,Autódromo Internacional do Algarve,sainz,21,3,25.892,ferrari,0,0,0,27.0872,1,0,Excluded: abnormal long stop,259,60
2021,3,Portuguese Grand Prix,Autódromo Internacional do Algarve,stroll,2,1,22.264,aston_martin,0,0,0,27.0872,1,0,Excluded: abnormal long stop,271,60
2021,3,Portuguese Grand Prix,Autódromo Internacional do Algarve,stroll,3,2,22.176,aston_martin,0,0,0,27.0872,1,0,Excluded: abnormal long stop,271,60
2021,3,Portuguese Grand Prix,Autódromo Internacional do Algarve,stroll,39,3,26.027,aston_martin,0,0,0,27.0872,1,0,Excluded: abnormal long stop,271,60
2021,3,Portuguese Grand Prix,Autódromo Internacional do Algarve,tsunoda,2,1,22.266,alphatauri,0,0,0,27.0872,1,0,Excluded: abnormal long stop,202,60
2021,3,Portuguese Grand Prix,Autódromo Internacional do Algarve,tsunoda,3,2,22.542,alphatauri,0,0,0,27.0872,1,0,Excluded: abnormal long stop,202,60
2021,3,Portuguese Grand Prix,Autódromo Internacional do Algarve,tsunoda,21,3,26.202,alphatauri,0,0,0,27.0872,1,0,Excluded: abnormal long stop,202,60
2021,3,Portuguese Grand Prix,Autódromo Internacional do Algarve,vettel,2,1,21.398,aston_martin,0,0,0,27.0872,1,0,Excluded: abnormal long stop,271,60
2021,3,Portuguese Grand Prix,Autódromo Internacional do Algarve,vettel,3,2,21.75,aston_martin,0,0,0,27.0872,1,0,Excluded: abnormal long stop,271,60
2021,3,Portuguese Grand Prix,Autódromo Internacional do Algarve,vettel,22,3,26.62,aston_martin,0,0,0,27.0872,1,0,Excluded: abnormal long stop,271,60
2021,4,Spanish Grand Prix,Circuit de Barcelona-Catalunya,alonso,21,1,22.043,alpine,0,0,0,26.945999999999998,1,0,Excluded: abnormal long stop,249,172
2021,4,Spanish Grand Prix,Circuit de Barcelona-Catalunya,alonso,61,2,23.479,alpine,0,0,0,26.945999999999998,1,0,Excluded: abnormal long stop,249,172
2021,4,Spanish Grand Prix,Circuit de Barcelona-Catalunya,bottas,23,1,22.311,mercedes,0,0,0,26.945999999999998,1,0,Excluded: abnormal long stop,278,172
2021,4,Spanish Grand Prix,Circuit de Barcelona-Catalunya,bottas,53,2,21.638,mercedes,0,0,0,26.945999999999998,1,0,Excluded: abnormal long stop,278,172
2021,4,Spanish Grand Prix,Circuit de Barcelona-Catalunya,gasly,18,1,28.042,alphatauri,0,0,0,26.945999999999998,1,0,Excluded: abnormal long stop,202,172
2021,4,Spanish Grand Prix,Circuit de Barcelona-Catalunya,gasly,47,2,26.065,alphatauri,0,0,0,26.945999999999998,1,0,Excluded: abnormal long stop,202,172
2021,4,Spanish Grand Prix,Circuit de Barcelona-Catalunya,giovinazzi,8,1,54.673,alfa,0,0,0,26.945999999999998,1,0,Excluded: abnormal long stop,194,172
2021,4,Spanish Grand Prix,Circuit de Barcelona-Catalunya,giovinazzi,39,2,22.871,alfa,0,0,0,26.945999999999998,1,0,Excluded: abnormal long stop,194,172
2021,4,Spanish Grand Prix,Circuit de Barcelona-Catalunya,hamilton,28,1,22.22,mercedes,0,0,0,26.945999999999998,1,0,Excluded: abnormal long stop,278,172
2021,4,Spanish Grand Prix,Circuit de Barcelona-Catalunya,hamilton,42,2,22.078,mercedes,0,0,0,26.945999999999998,1,0,Excluded: abnormal long stop,278,172
2021,4,Spanish Grand Prix,Circuit de Barcelona-Catalunya,latifi,9,1,26.672,williams,0,0,0,26.945999999999998,1,0,Excluded: abnormal long stop,271,172
2021,4,Spanish Grand Prix,Circuit de Barcelona-Catalunya,latifi,27,2,21.424,williams,0,0,0,26.945999999999998,1,0,Excluded: abnormal long stop,271,172
2021,4,Spanish Grand Prix,Circuit de Barcelona-Catalunya,latifi,50,3,22.405,williams,0,0,0,26.945999999999998,1,0,Excluded: abnormal long stop,271,172
2021,4,Spanish Grand Prix,Circuit de Barcelona-Catalunya,leclerc,28,1,21.613,ferrari,0,0,0,26.945999999999998,1,0,Excluded: abnormal long stop,259,172
2021,4,Spanish Grand Prix,Circuit de Barcelona-Catalunya,leclerc,58,2,22.292,ferrari,0,0,0,26.945999999999998,1,0,Excluded: abnormal long stop,259,172
2021,4,Spanish Grand Prix,Circuit de Barcelona-Catalunya,maxverstappen,24,1,23.565,red_bull,0,0,0,26.945999999999998,1,0,Excluded: abnormal long stop,292,172
2021,4,Spanish Grand Prix,Circuit de Barcelona-Catalunya,maxverstappen,60,2,21.592,red_bull,0,0,0,26.945999999999998,1,0,Excluded: abnormal long stop,292,172
2021,4,Spanish Grand Prix,Circuit de Barcelona-Catalunya,mazepin,22,1,23.098,haas,0,0,0,26.945999999999998,1,0,Excluded: abnormal long stop,272,172
2021,4,Spanish Grand Prix,Circuit de Barcelona-Catalunya,mazepin,42,2,22.502,haas,0,0,0,26.945999999999998,1,0,Excluded: abnormal long stop,272,172
2021,4,Spanish Grand Prix,Circuit de Barcelona-Catalunya,mickschumacher,23,1,24.006,haas,0,0,0,26.945999999999998,1,0,Excluded: abnormal long stop,272,172
2021,4,Spanish Grand Prix,Circuit de Barcelona-Catalunya,mickschumacher,50,2,22.31,haas,0,0,0,26.945999999999998,1,0,Excluded: abnormal long stop,272,172
2021,4,Spanish Grand Prix,Circuit de Barcelona-Catalunya,norris,23,1,21.864,mclaren,0,0,0,26.945999999999998,1,0,Excluded: abnormal long stop,270,172
2021,4,Spanish Grand Prix,Circuit de Barcelona-Catalunya,norris,51,2,22.467,mclaren,0,0,0,26.945999999999998,1,0,Excluded: abnormal long stop,270,172
2021,4,Spanish Grand Prix,Circuit de Barcelona-Catalunya,ocon,23,1,22.798,alpine,0,0,0,26.945999999999998,1,0,Excluded: abnormal long stop,249,172
2021,4,Spanish Grand Prix,Circuit de Barcelona-Catalunya,perez,27,1,22.382,red_bull,0,0,0,26.945999999999998,1,0,Excluded: abnormal long stop,292,172
2021,4,Spanish Grand Prix,Circuit de Barcelona-Catalunya,perez,57,2,21.345,red_bull,0,0,0,26.945999999999998,1,0,Excluded: abnormal long stop,292,172
2021,4,Spanish Grand Prix,Circuit de Barcelona-Catalunya,raikkonen,37,1,21.572,alfa,0,0,0,26.945999999999998,1,0,Excluded: abnormal long stop,194,172
2021,4,Spanish Grand Prix,Circuit de Barcelona-Catalunya,ricciardo,25,1,22.406,mclaren,0,0,0,26.945999999999998,1,0,Excluded: abnormal long stop,270,172
2021,4,Spanish Grand Prix,Circuit de Barcelona-Catalunya,ricciardo,46,2,21.762,mclaren,0,0,0,26.945999999999998,1,0,Excluded: abnormal long stop,270,172
2021,4,Spanish Grand Prix,Circuit de Barcelona-Catalunya,russell,9,1,23.814,williams,0,0,0,26.945999999999998,1,0,Excluded: abnormal long stop,271,172
2021,4,Spanish Grand Prix,Circuit de Barcelona-Catalunya,russell,28,2,21.919,williams,0,0,0,26.945999999999998,1,0,Excluded: abnormal long stop,271,172
2021,4,Spanish Grand Prix,Circuit de Barcelona-Catalunya,sainz,22,1,21.779,ferrari,0,0,0,26.945999999999998,1,0,Excluded: abnormal long stop,259,172
2021,4,Spanish Grand Prix,Circuit de Barcelona-Catalunya,sainz,46,2,21.856,ferrari,0,0,0,26.945999999999998,1,0,Excluded: abnormal long stop,259,172
2021,4,Spanish Grand Prix,Circuit de Barcelona-Catalunya,stroll,22,1,21.756,aston_martin,0,0,0,26.945999999999998,1,0,Excluded: abnormal long stop,271,172
2021,4,Spanish Grand Prix,Circuit de Barcelona-Catalunya,stroll,39,2,21.432,aston_martin,0,0,0,26.945999999999998,1,0,Excluded: abnormal long stop,271,172
2021,4,Spanish Grand Prix,Circuit de Barcelona-Catalunya,vettel,21,1,23.087,aston_martin,0,0,0,26.945999999999998,1,0,Excluded: abnormal long stop,271,172
2021,4,Spanish Grand Prix,Circuit de Barcelona-Catalunya,vettel,38,2,21.973,aston_martin,0,0,0,26.945999999999998,1,0,Excluded: abnormal long stop,271,172
2021,5,Monaco Grand Prix,Circuit de Monaco,alonso,45,1,23.803,alpine,0,0,0,24.8375,1,0,Excluded: abnormal long stop,249,71
2021,5,Monaco Grand Prix,Circuit de Monaco,gasly,30,1,24.428,alphatauri,0,0,0,24.8375,1,0,Excluded: abnormal long stop,202,71
2021,5,Monaco Grand Prix,Circuit de Monaco,giovinazzi,33,1,24.521,alfa,0,0,0,24.8375,1,0,Excluded: abnormal long stop,194,71
2021,5,Monaco Grand Prix,Circuit de Monaco,hamilton,29,1,23.783,mercedes,0,0,0,24.8375,1,0,Excluded: abnormal long stop,278,71
2021,5,Monaco Grand Prix,Circuit de Monaco,hamilton,67,2,24.244,mercedes,0,0,0,24.8375,1,0,Excluded: abnormal long stop,278,71
2021,5,Monaco Grand Prix,Circuit de Monaco,latifi,43,1,23.703,williams,0,0,0,24.8375,1,0,Excluded: abnormal long stop,271,71
2021,5,Monaco Grand Prix,Circuit de Monaco,maxverstappen,34,1,23.746,red_bull,0,0,0,24.8375,1,0,Excluded: abnormal long stop,292,71
2021,5,Monaco Grand Prix,Circuit de Monaco,mazepin,34,1,25.202,haas,0,0,0,24.8375,1,0,Excluded: abnormal long stop,272,71
2021,5,Monaco Grand Prix,Circuit de Monaco,mickschumacher,37,1,24.797,haas,0,0,0,24.8375,1,0,Excluded: abnormal long stop,272,71
2021,5,Monaco Grand Prix,Circuit de Monaco,norris,30,1,23.874,mclaren,0,0,0,24.8375,1,0,Excluded: abnormal long stop,270,71
2021,5,Monaco Grand Prix,Circuit de Monaco,ocon,37,1,23.935,alpine,0,0,0,24.8375,1,0,Excluded: abnormal long stop,249,71
2021,5,Monaco Grand Prix,Circuit de Monaco,perez,35,1,24.548,red_bull,0,0,0,24.8375,1,0,Excluded: abnormal long stop,292,71
2021,5,Monaco Grand Prix,Circuit de Monaco,raikkonen,43,1,24.077,alfa,0,0,0,24.8375,1,0,Excluded: abnormal long stop,194,71
2021,5,Monaco Grand Prix,Circuit de Monaco,ricciardo,36,1,24.715,mclaren,0,0,0,24.8375,1,0,Excluded: abnormal long stop,270,71
2021,5,Monaco Grand Prix,Circuit de Monaco,russell,31,1,23.928,williams,0,0,0,24.8375,1,0,Excluded: abnormal long stop,271,71
2021,5,Monaco Grand Prix,Circuit de Monaco,sainz,32,1,24.15,ferrari,0,0,0,24.8375,1,0,Excluded: abnormal long stop,259,71
2021,5,Monaco Grand Prix,Circuit de Monaco,stroll,58,1,23.474,aston_martin,0,0,0,24.8375,1,0,Excluded: abnormal long stop,271,71
2021,5,Monaco Grand Prix,Circuit de Monaco,tsunoda,64,1,24.43,alphatauri,0,0,0,24.8375,1,0,Excluded: abnormal long stop,202,71
2021,5,Monaco Grand Prix,Circuit de Monaco,vettel,31,1,24.369,aston_martin,0,0,0,24.8375,1,0,Excluded: abnormal long stop,271,71
2021,6,Azerbaijan Grand Prix,Baku City Circuit,alonso,48,4,2.014526,alpine,0,0,0,2.0385726,0,0,Used in model: normal green-flag stop,249,88
2021,6,Azerbaijan Grand Prix,Baku City Circuit,bottas,48,3,2.035229,mercedes,0,0,0,2.0385726,0,0,Used in model: normal green-flag stop,278,88
2021,6,Azerbaijan Grand Prix,Baku City Circuit,gasly,48,3,2.00183,alphatauri,0,0,0,2.0385726,0,0,Used in model: normal green-flag stop,202,88
2021,6,Azerbaijan Grand Prix,Baku City Circuit,giovinazzi,48,4,2.017324,alfa,0,0,0,2.0385726,0,0,Used in model: normal green-flag stop,194,88
2021,6,Azerbaijan Grand Prix,Baku City Circuit,hamilton,48,3,2.000923,mercedes,0,0,0,2.0385726,0,0,Used in model: normal green-flag stop,278,88
2021,6,Azerbaijan Grand Prix,Baku City Circuit,latifi,48,2,2.048175,williams,0,0,0,2.0385726,1,0,Excluded: abnormal long stop,271,88
2021,6,Azerbaijan Grand Prix,Baku City Circuit,leclerc,48,3,2.002544,ferrari,0,0,0,2.0385726,0,0,Used in model: normal green-flag stop,259,88
2021,6,Azerbaijan Grand Prix,Baku City Circuit,mazepin,47,5,1.828965,haas,0,0,0,2.0385726,0,0,Used in model: normal green-flag stop,272,88
2021,6,Azerbaijan Grand Prix,Baku City Circuit,mickschumacher,48,5,2.014176,haas,0,0,0,2.0385726,0,0,Used in model: normal green-flag stop,272,88
2021,6,Azerbaijan Grand Prix,Baku City Circuit,norris,48,3,2.010409,mclaren,0,0,0,2.0385726,0,0,Used in model: normal green-flag stop,270,88
2021,6,Azerbaijan Grand Prix,Baku City Circuit,perez,48,3,1.9984659999999999,red_bull,0,0,0,2.0385726,0,0,Used in model: normal green-flag stop,292,88
2021,6,Azerbaijan Grand Prix,Baku City Circuit,raikkonen,48,3,2.016437,alfa,0,0,0,2.0385726,0,0,Used in model: normal green-flag stop,194,88
2021,6,Azerbaijan Grand Prix,Baku City Circuit,ricciardo,48,3,2.015163,mclaren,0,0,0,2.0385726,0,0,Used in model: normal green-flag stop,270,88
2021,6,Azerbaijan Grand Prix,Baku City Circuit,russell,48,4,2.036172,williams,0,0,0,2.0385726,0,0,Used in model: normal green-flag stop,271,88
2021,6,Azerbaijan Grand Prix,Baku City Circuit,sainz,48,3,2.012724,ferrari,0,0,0,2.0385726,0,0,Used in model: normal green-flag stop,259,88
2021,6,Azerbaijan Grand Prix,Baku City Circuit,tsunoda,48,3,2.003526,alphatauri,0,0,0,2.0385726,0,0,Used in model: normal green-flag stop,202,88
2021,6,Azerbaijan Grand Prix,Baku City Circuit,vettel,48,3,2.000416,aston_martin,0,0,0,2.0385726,0,0,Used in model: normal green-flag stop,271,88
2021,7,French Grand Prix,Circuit Paul Ricard,alonso,18,1,31.288,alpine,0,0,0,31.365949999999998,1,0,Excluded: abnormal long stop,249,47
2021,7,French Grand Prix,Circuit Paul Ricard,bottas,17,1,30.572,mercedes,0,0,0,31.365949999999998,1,0,Excluded: abnormal long stop,278,47
2021,7,French Grand Prix,Circuit Paul Ricard,gasly,17,1,30.781,alphatauri,0,0,0,31.365949999999998,1,0,Excluded: abnormal long stop,202,47
2021,7,French Grand Prix,Circuit Paul Ricard,giovinazzi,28,1,30.586,alfa,0,0,0,31.365949999999998,1,0,Excluded: abnormal long stop,194,47
2021,7,French Grand Prix,Circuit Paul Ricard,hamilton,19,1,30.263,mercedes,0,0,0,31.365949999999998,1,0,Excluded: abnormal long stop,278,47
2021,7,French Grand Prix,Circuit Paul Ricard,latifi,18,1,29.775,williams,0,0,0,31.365949999999998,1,0,Excluded: abnormal long stop,271,47
2021,7,French Grand Prix,Circuit Paul Ricard,leclerc,14,1,30.798,ferrari,0,0,0,31.365949999999998,1,0,Excluded: abnormal long stop,259,47
2021,7,French Grand Prix,Circuit Paul Ricard,leclerc,38,2,31.368,ferrari,0,0,0,31.365949999999998,1,0,Excluded: abnormal long stop,259,47
2021,7,French Grand Prix,Circuit Paul Ricard,maxverstappen,18,1,29.803,red_bull,0,0,0,31.365949999999998,1,0,Excluded: abnormal long stop,292,47
2021,7,French Grand Prix,Circuit Paul Ricard,maxverstappen,32,2,30.123,red_bull,0,0,0,31.365949999999998,1,0,Excluded: abnormal long stop,292,47
2021,7,French Grand Prix,Circuit Paul Ricard,mazepin,31,1,30.983,haas,0,0,0,31.365949999999998,1,0,Excluded: abnormal long stop,272,47
2021,7,French Grand Prix,Circuit Paul Ricard,mickschumacher,15,1,31.457,haas,0,0,0,31.365949999999998,1,0,Excluded: abnormal long stop,272,47
2021,7,French Grand Prix,Circuit Paul Ricard,norris,24,1,30.531,mclaren,0,0,0,31.365949999999998,1,0,Excluded: abnormal long stop,270,47
2021,7,French Grand Prix,Circuit Paul Ricard,ocon,28,1,30.207,alpine,0,0,0,31.365949999999998,1,0,Excluded: abnormal long stop,249,47
2021,7,French Grand Prix,Circuit Paul Ricard,perez,24,1,29.682,red_bull,0,0,0,31.365949999999998,1,0,Excluded: abnormal long stop,292,47
2021,7,French Grand Prix,Circuit Paul Ricard,raikkonen,33,1,31.327,alfa,0,0,0,31.365949999999998,1,0,Excluded: abnormal long stop,194,47
2021,7,French Grand Prix,Circuit Paul Ricard,ricciardo,16,1,29.951,mclaren,0,0,0,31.365949999999998,1,0,Excluded: abnormal long stop,270,47
2021,7,French Grand Prix,Circuit Paul Ricard,russell,17,1,30.092,williams,0,0,0,31.365949999999998,1,0,Excluded: abnormal long stop,271,47
2021,7,French Grand Prix,Circuit Paul Ricard,sainz,17,1,30.534,ferrari,0,0,0,31.365949999999998,1,0,Excluded: abnormal long stop,259,47
2021,7,French Grand Prix,Circuit Paul Ricard,stroll,34,1,30.996,aston_martin,0,0,0,31.365949999999998,1,0,Excluded: abnormal long stop,271,47
2021,7,French Grand Prix,Circuit Paul Ricard,tsunoda,15,1,30.226,alphatauri,0,0,0,31.365949999999998,1,0,Excluded: abnormal long stop,202,47
2021,7,French Grand Prix,Circuit Paul Ricard,vettel,37,1,31.069,aston_martin,0,0,0,31.365949999999998,1,0,Excluded: abnormal long stop,271,47
2021,8,Styrian Grand Prix,Red Bull Ring,alonso,27,1,21.131,alpine,0,0,0,36.61739999999999,1,0,Excluded: abnormal long stop,249,192
2021,8,Styrian Grand Prix,Red Bull Ring,bottas,27,1,21.752,mercedes,0,0,0,36.61739999999999,1,0,Excluded: abnormal long stop,278,192
2021,8,Styrian Grand Prix,Red Bull Ring,giovinazzi,23,1,21.21,alfa,0,0,0,36.61739999999999,1,0,Excluded: abnormal long stop,194,192
2021,8,Styrian Grand Prix,Red Bull Ring,hamilton,28,1,21.219,mercedes,0,0,0,36.61739999999999,1,0,Excluded: abnormal long stop,278,192
2021,8,Styrian Grand Prix,Red Bull Ring,hamilton,69,2,21.64,mercedes,0,0,0,36.61739999999999,1,0,Excluded: abnormal long stop,278,192
2021,8,Styrian Grand Prix,Red Bull Ring,latifi,25,2,21.953,williams,0,0,0,36.61739999999999,1,0,Excluded: abnormal long stop,271,192
2021,8,Styrian Grand Prix,Red Bull Ring,leclerc,37,2,21.924,ferrari,0,0,0,36.61739999999999,1,0,Excluded: abnormal long stop,259,192
2021,8,Styrian Grand Prix,Red Bull Ring,maxverstappen,29,1,20.936,red_bull,0,0,0,36.61739999999999,1,0,Excluded: abnormal long stop,292,192
2021,8,Styrian Grand Prix,Red Bull Ring,mazepin,21,1,22.759,haas,0,0,0,36.61739999999999,1,0,Excluded: abnormal long stop,272,192
2021,8,Styrian Grand Prix,Red Bull Ring,mickschumacher,33,1,22.4,haas,0,0,0,36.61739999999999,1,0,Excluded: abnormal long stop,272,192
2021,8,Styrian Grand Prix,Red Bull Ring,norris,31,1,21.692,mclaren,0,0,0,36.61739999999999,1,0,Excluded: abnormal long stop,270,192
2021,8,Styrian Grand Prix,Red Bull Ring,ocon,36,1,21.238,alpine,0,0,0,36.61739999999999,1,0,Excluded: abnormal long stop,249,192
2021,8,Styrian Grand Prix,Red Bull Ring,perez,26,1,23.477,red_bull,0,0,0,36.61739999999999,1,0,Excluded: abnormal long stop,292,192
2021,8,Styrian Grand Prix,Red Bull Ring,perez,54,2,20.961,red_bull,0,0,0,36.61739999999999,1,0,Excluded: abnormal long stop,292,192
2021,8,Styrian Grand Prix,Red Bull Ring,raikkonen,36,1,21.227,alfa,0,0,0,36.61739999999999,1,0,Excluded: abnormal long stop,194,192
2021,8,Styrian Grand Prix,Red Bull Ring,ricciardo,41,1,21.41,mclaren,0,0,0,36.61739999999999,1,0,Excluded: abnormal long stop,270,192
2021,8,Styrian Grand Prix,Red Bull Ring,russell,25,1,37.309,williams,0,0,0,36.61739999999999,1,0,Excluded: abnormal long stop,271,192
2021,8,Styrian Grand Prix,Red Bull Ring,russell,26,2,46.315,williams,0,0,0,36.61739999999999,1,0,Excluded: abnormal long stop,271,192
2021,8,Styrian Grand Prix,Red Bull Ring,sainz,41,1,21.226,ferrari,0,0,0,36.61739999999999,1,0,Excluded: abnormal long stop,259,192
2021,8,Styrian Grand Prix,Red Bull Ring,stroll,28,1,20.936,aston_martin,0,0,0,36.61739999999999,1,0,Excluded: abnormal long stop,271,192
2021,8,Styrian Grand Prix,Red Bull Ring,tsunoda,26,1,21.234,alphatauri,0,0,0,36.61739999999999,1,0,Excluded: abnormal long stop,202,192
2021,8,Styrian Grand Prix,Red Bull Ring,vettel,27,1,21.546,aston_martin,0,0,0,36.61739999999999,1,0,Excluded: abnormal long stop,271,192
2021,9,Austrian Grand Prix,Red Bull Ring,alonso,32,1,22.663,alpine,0,0,0,26.577999999999996,1,0,Excluded: abnormal long stop,249,192
2021,9,Austrian Grand Prix,Red Bull Ring,bottas,30,1,21.071,mercedes,0,0,0,26.577999999999996,1,0,Excluded: abnormal long stop,278,192
2021,9,Austrian Grand Prix,Red Bull Ring,gasly,13,1,22.564,alphatauri,0,0,0,26.577999999999996,1,0,Excluded: abnormal long stop,202,192
2021,9,Austrian Grand Prix,Red Bull Ring,gasly,45,2,20.85,alphatauri,0,0,0,26.577999999999996,1,0,Excluded: abnormal long stop,202,192
2021,9,Austrian Grand Prix,Red Bull Ring,giovinazzi,29,2,27.122,alfa,0,0,0,26.577999999999996,1,0,Excluded: abnormal long stop,194,192
2021,9,Austrian Grand Prix,Red Bull Ring,hamilton,31,1,21.005,mercedes,0,0,0,26.577999999999996,1,0,Excluded: abnormal long stop,278,192
2021,9,Austrian Grand Prix,Red Bull Ring,hamilton,53,2,21.421,mercedes,0,0,0,26.577999999999996,1,0,Excluded: abnormal long stop,278,192
2021,9,Austrian Grand Prix,Red Bull Ring,latifi,33,1,21.152,williams,0,0,0,26.577999999999996,1,0,Excluded: abnormal long stop,271,192
2021,9,Austrian Grand Prix,Red Bull Ring,leclerc,34,1,21.143,ferrari,0,0,0,26.577999999999996,1,0,Excluded: abnormal long stop,259,192
2021,9,Austrian Grand Prix,Red Bull Ring,maxverstappen,32,1,21.09,red_bull,0,0,0,26.577999999999996,1,0,Excluded: abnormal long stop,292,192
2021,9,Austrian Grand Prix,Red Bull Ring,maxverstappen,60,2,21.236,red_bull,0,0,0,26.577999999999996,1,0,Excluded: abnormal long stop,292,192
2021,9,Austrian Grand Prix,Red Bull Ring,mazepin,45,2,23.182,haas,0,0,0,26.577999999999996,1,0,Excluded: abnormal long stop,272,192
2021,9,Austrian Grand Prix,Red Bull Ring,mickschumacher,34,1,21.798,haas,0,0,0,26.577999999999996,1,0,Excluded: abnormal long stop,272,192
2021,9,Austrian Grand Prix,Red Bull Ring,norris,30,1,26.474,mclaren,0,0,0,26.577999999999996,1,0,Excluded: abnormal long stop,270,192
2021,9,Austrian Grand Prix,Red Bull Ring,perez,32,1,21.735,red_bull,0,0,0,26.577999999999996,1,0,Excluded: abnormal long stop,292,192
2021,9,Austrian Grand Prix,Red Bull Ring,raikkonen,37,1,21.896,alfa,0,0,0,26.577999999999996,1,0,Excluded: abnormal long stop,194,192
2021,9,Austrian Grand Prix,Red Bull Ring,ricciardo,29,1,21.151,mclaren,0,0,0,26.577999999999996,1,0,Excluded: abnormal long stop,270,192
2021,9,Austrian Grand Prix,Red Bull Ring,russell,30,1,21.606,williams,0,0,0,26.577999999999996,1,0,Excluded: abnormal long stop,271,192
2021,9,Austrian Grand Prix,Red Bull Ring,sainz,48,1,21.431,ferrari,0,0,0,26.577999999999996,1,0,Excluded: abnormal long stop,259,192
2021,9,Austrian Grand Prix,Red Bull Ring,stroll,14,1,21.391,aston_martin,0,0,0,26.577999999999996,1,0,Excluded: abnormal long stop,271,192
2021,9,Austrian Grand Prix,Red Bull Ring,stroll,46,2,21.472,aston_martin,0,0,0,26.577999999999996,1,0,Excluded: abnormal long stop,271,192
2021,9,Austrian Grand Prix,Red Bull Ring,tsunoda,12,1,21.145,alphatauri,0,0,0,26.577999999999996,1,0,Excluded: abnormal long stop,202,192
2021,9,Austrian Grand Prix,Red Bull Ring,tsunoda,51,2,26.604,alphatauri,0,0,0,26.577999999999996,1,0,Excluded: abnormal long stop,202,192
2021,9,Austrian Grand Prix,Red Bull Ring,vettel,17,1,21.086,aston_martin,0,0,0,26.577999999999996,1,0,Excluded: abnormal long stop,271,192
2021,9,Austrian Grand Prix,Red Bull Ring,vettel,49,2,20.841,aston_martin,0,0,0,26.577999999999996,1,0,Excluded: abnormal long stop,271,192
2021,10,British Grand Prix,Silverstone Circuit,alonso,2,1,2.05858,alpine,0,0,0,2.0769957,0,0,Used in model: normal green-flag stop,249,87
2021,10,British Grand Prix,Silverstone Circuit,bottas,2,1,2.049149,mercedes,0,0,0,2.0769957,0,0,Used in model: normal green-flag stop,278,87
2021,10,British Grand Prix,Silverstone Circuit,gasly,2,1,2.067244,alphatauri,0,0,0,2.0769957,0,0,Used in model: normal green-flag stop,202,87
2021,10,British Grand Prix,Silverstone Circuit,giovinazzi,2,1,2.07025,alfa,0,0,0,2.0769957,0,0,Used in model: normal green-flag stop,194,87
2021,10,British Grand Prix,Silverstone Circuit,hamilton,2,1,2.048376,mercedes,0,0,0,2.0769957,0,0,Used in model: normal green-flag stop,278,87
2021,10,British Grand Prix,Silverstone Circuit,latifi,2,1,2.0771640000000002,williams,0,0,0,2.0769957,1,0,Excluded: abnormal long stop,271,87
2021,10,British Grand Prix,Silverstone Circuit,leclerc,2,1,2.047731,ferrari,0,0,0,2.0769957,0,0,Used in model: normal green-flag stop,259,87
2021,10,British Grand Prix,Silverstone Circuit,mazepin,2,1,2.076977,haas,0,0,0,2.0769957,0,0,Used in model: normal green-flag stop,272,87
2021,10,British Grand Prix,Silverstone Circuit,mickschumacher,2,1,2.0757280000000002,haas,0,0,0,2.0769957,0,0,Used in model: normal green-flag stop,272,87
2021,10,British Grand Prix,Silverstone Circuit,norris,2,1,2.052218,mclaren,0,0,0,2.0769957,0,0,Used in model: normal green-flag stop,270,87
2021,10,British Grand Prix,Silverstone Circuit,ocon,2,1,2.066994,alpine,0,0,0,2.0769957,0,0,Used in model: normal green-flag stop,249,87
2021,10,British Grand Prix,Silverstone Circuit,perez,2,1,2.0764050000000003,red_bull,0,0,0,2.0769957,0,0,Used in model: normal green-flag stop,292,87
2021,10,British Grand Prix,Silverstone Circuit,raikkonen,2,1,2.0629839999999997,alfa,0,0,0,2.0769957,0,0,Used in model: normal green-flag stop,194,87
2021,10,British Grand Prix,Silverstone Circuit,ricciardo,2,1,2.051281,mclaren,0,0,0,2.0769957,0,0,Used in model: normal green-flag stop,270,87
2021,10,British Grand Prix,Silverstone Circuit,russell,2,1,2.072543,williams,0,0,0,2.0769957,0,0,Used in model: normal green-flag stop,271,87
2021,10,British Grand Prix,Silverstone Circuit,sainz,2,1,2.059122,ferrari,0,0,0,2.0769957,0,0,Used in model: normal green-flag stop,259,87
2021,10,British Grand Prix,Silverstone Circuit,stroll,2,1,2.0678609999999997,aston_martin,0,0,0,2.0769957,0,0,Used in model: normal green-flag stop,271,87
2021,10,British Grand Prix,Silverstone Circuit,tsunoda,2,1,2.075695,alphatauri,0,0,0,2.0769957,0,0,Used in model: normal green-flag stop,202,87
2021,10,British Grand Prix,Silverstone Circuit,vettel,2,1,2.055222,aston_martin,0,0,0,2.0769957,0,0,Used in model: normal green-flag stop,271,87
2021,11,Hungarian Grand Prix,Hungaroring,alonso,2,1,1.454979,alpine,0,0,0,1.4576837,0,1,Excluded: very short stop,249,133
2021,11,Hungarian Grand Prix,Hungaroring,gasly,2,1,1.457615,alphatauri,0,0,0,1.4576837,0,1,Excluded: very short stop,202,133
2021,11,Hungarian Grand Prix,Hungaroring,giovinazzi,2,2,1.456349,alfa,0,0,0,1.4576837,0,1,Excluded: very short stop,194,133
2021,11,Hungarian Grand Prix,Hungaroring,hamilton,2,1,1.449259,mercedes,0,0,0,1.4576837,0,1,Excluded: very short stop,278,133
2021,11,Hungarian Grand Prix,Hungaroring,latifi,2,1,1.454435,williams,0,0,0,1.4576837,0,1,Excluded: very short stop,271,133
2021,11,Hungarian Grand Prix,Hungaroring,maxverstappen,2,2,1.456349,red_bull,0,0,0,1.4576837,0,1,Excluded: very short stop,292,133
2021,11,Hungarian Grand Prix,Hungaroring,mazepin,2,2,1.4574200000000002,haas,0,0,0,1.4576837,0,1,Excluded: very short stop,272,133
2021,11,Hungarian Grand Prix,Hungaroring,mickschumacher,2,1,1.457042,haas,0,0,0,1.4576837,0,1,Excluded: very short stop,272,133
2021,11,Hungarian Grand Prix,Hungaroring,ocon,2,1,1.45019,alpine,0,0,0,1.4576837,0,1,Excluded: very short stop,249,133
2021,11,Hungarian Grand Prix,Hungaroring,raikkonen,2,1,1.4578440000000001,alfa,0,0,0,1.4576837,1,1,Excluded: very short stop,194,133
2021,11,Hungarian Grand Prix,Hungaroring,ricciardo,2,1,1.457127,mclaren,0,0,0,1.4576837,0,1,Excluded: very short stop,270,133
2021,11,Hungarian Grand Prix,Hungaroring,russell,2,1,1.457487,williams,0,0,0,1.4576837,0,1,Excluded: very short stop,271,133
2021,11,Hungarian Grand Prix,Hungaroring,sainz,2,1,1.4525270000000001,ferrari,0,0,0,1.4576837,0,1,Excluded: very short stop,259,133
2021,11,Hungarian Grand Prix,Hungaroring,tsunoda,2,1,1.4536300000000002,alphatauri,0,0,0,1.4576837,0,1,Excluded: very short stop,202,133
2021,11,Hungarian Grand Prix,Hungaroring,vettel,2,1,1.4518900000000001,aston_martin,0,0,0,1.4576837,0,1,Excluded: very short stop,271,133
2021,13,Dutch Grand Prix,Circuit Park Zandvoort,alonso,33,1,19.018,alpine,0,0,0,25.150999999999996,1,0,Excluded: abnormal long stop,249,144
2021,13,Dutch Grand Prix,Circuit Park Zandvoort,bottas,31,1,18.873,mercedes,0,0,0,25.150999999999996,1,0,Excluded: abnormal long stop,278,144
2021,13,Dutch Grand Prix,Circuit Park Zandvoort,bottas,67,2,21.73,mercedes,0,0,0,25.150999999999996,1,0,Excluded: abnormal long stop,278,144
2021,13,Dutch Grand Prix,Circuit Park Zandvoort,gasly,24,1,19.163,alphatauri,0,0,0,25.150999999999996,1,0,Excluded: abnormal long stop,202,144
2021,13,Dutch Grand Prix,Circuit Park Zandvoort,giovinazzi,27,1,19.049,alfa,0,0,0,25.150999999999996,1,0,Excluded: abnormal long stop,194,144
2021,13,Dutch Grand Prix,Circuit Park Zandvoort,giovinazzi,33,2,20.043,alfa,0,0,0,25.150999999999996,1,0,Excluded: abnormal long stop,194,144
2021,13,Dutch Grand Prix,Circuit Park Zandvoort,hamilton,20,1,19.77,mercedes,0,0,0,25.150999999999996,1,0,Excluded: abnormal long stop,278,144
2021,13,Dutch Grand Prix,Circuit Park Zandvoort,hamilton,39,2,18.868,mercedes,0,0,0,25.150999999999996,1,0,Excluded: abnormal long stop,278,144
2021,13,Dutch Grand Prix,Circuit Park Zandvoort,hamilton,70,3,19.202,mercedes,0,0,0,25.150999999999996,1,0,Excluded: abnormal long stop,278,144
2021,13,Dutch Grand Prix,Circuit Park Zandvoort,kubica,40,1,19.708,alfa,0,0,0,25.150999999999996,1,0,Excluded: abnormal long stop,194,144
2021,13,Dutch Grand Prix,Circuit Park Zandvoort,latifi,23,1,20.646,williams,0,0,0,25.150999999999996,1,0,Excluded: abnormal long stop,271,144
2021,13,Dutch Grand Prix,Circuit Park Zandvoort,leclerc,34,1,19.49,ferrari,0,0,0,25.150999999999996,1,0,Excluded: abnormal long stop,259,144
2021,13,Dutch Grand Prix,Circuit Park Zandvoort,maxverstappen,21,1,19.142,red_bull,0,0,0,25.150999999999996,1,0,Excluded: abnormal long stop,292,144
2021,13,Dutch Grand Prix,Circuit Park Zandvoort,maxverstappen,40,2,18.578,red_bull,0,0,0,25.150999999999996,1,0,Excluded: abnormal long stop,292,144
2021,13,Dutch Grand Prix,Circuit Park Zandvoort,mazepin,33,1,19.999,haas,0,0,0,25.150999999999996,1,0,Excluded: abnormal long stop,272,144
2021,13,Dutch Grand Prix,Circuit Park Zandvoort,mickschumacher,4,1,35.573,haas,0,0,0,25.150999999999996,1,0,Excluded: abnormal long stop,272,144
2021,13,Dutch Grand Prix,Circuit Park Zandvoort,mickschumacher,30,2,24.578,haas,0,0,0,25.150999999999996,1,0,Excluded: abnormal long stop,272,144
2021,13,Dutch Grand Prix,Circuit Park Zandvoort,norris,42,1,20.443,mclaren,0,0,0,25.150999999999996,1,0,Excluded: abnormal long stop,270,144
2021,13,Dutch Grand Prix,Circuit Park Zandvoort,ocon,31,1,19.24,alpine,0,0,0,25.150999999999996,1,0,Excluded: abnormal long stop,249,144
2021,13,Dutch Grand Prix,Circuit Park Zandvoort,perez,8,1,19.287,red_bull,0,0,0,25.150999999999996,1,0,Excluded: abnormal long stop,292,144
2021,13,Dutch Grand Prix,Circuit Park Zandvoort,perez,47,2,18.555,red_bull,0,0,0,25.150999999999996,1,0,Excluded: abnormal long stop,292,144
2021,13,Dutch Grand Prix,Circuit Park Zandvoort,ricciardo,30,1,19.449,mclaren,0,0,0,25.150999999999996,1,0,Excluded: abnormal long stop,270,144
2021,13,Dutch Grand Prix,Circuit Park Zandvoort,russell,27,1,18.634,williams,0,0,0,25.150999999999996,1,0,Excluded: abnormal long stop,271,144
2021,13,Dutch Grand Prix,Circuit Park Zandvoort,russell,68,2,25.533,williams,0,0,0,25.150999999999996,1,0,Excluded: abnormal long stop,271,144
2021,13,Dutch Grand Prix,Circuit Park Zandvoort,sainz,31,1,20.327,ferrari,0,0,0,25.150999999999996,1,0,Excluded: abnormal long stop,259,144
2021,13,Dutch Grand Prix,Circuit Park Zandvoort,stroll,27,1,19.389,aston_martin,0,0,0,25.150999999999996,1,0,Excluded: abnormal long stop,271,144
2021,13,Dutch Grand Prix,Circuit Park Zandvoort,tsunoda,31,1,19.85,alphatauri,0,0,0,25.150999999999996,1,0,Excluded: abnormal long stop,202,144
2021,13,Dutch Grand Prix,Circuit Park Zandvoort,vettel,10,1,18.664,aston_martin,0,0,0,25.150999999999996,1,0,Excluded: abnormal long stop,271,144
2021,13,Dutch Grand Prix,Circuit Park Zandvoort,vettel,44,2,18.681,aston_martin,0,0,0,25.150999999999996,1,0,Excluded: abnormal long stop,271,144
2021,14,Italian Grand Prix,Autodromo Nazionale di Monza,alonso,25,1,24.797,alpine,0,0,0,30.917,1,0,Excluded: abnormal long stop,249,104
2021,14,Italian Grand Prix,Autodromo Nazionale di Monza,bottas,26,1,24.308,mercedes,0,0,0,30.917,1,0,Excluded: abnormal long stop,278,104
2021,14,Italian Grand Prix,Autodromo Nazionale di Monza,giovinazzi,25,2,30.551,alfa,0,0,0,30.917,1,0,Excluded: abnormal long stop,194,104
2021,14,Italian Grand Prix,Autodromo Nazionale di Monza,hamilton,25,1,25.619,mercedes,0,0,0,30.917,1,0,Excluded: abnormal long stop,278,104
2021,14,Italian Grand Prix,Autodromo Nazionale di Monza,kubica,26,1,24.501,alfa,0,0,0,30.917,1,0,Excluded: abnormal long stop,194,104
2021,14,Italian Grand Prix,Autodromo Nazionale di Monza,latifi,23,1,24.168,williams,0,0,0,30.917,1,0,Excluded: abnormal long stop,271,104
2021,14,Italian Grand Prix,Autodromo Nazionale di Monza,leclerc,26,1,24.557,ferrari,0,0,0,30.917,1,0,Excluded: abnormal long stop,259,104
2021,14,Italian Grand Prix,Autodromo Nazionale di Monza,maxverstappen,23,1,32.456,red_bull,0,0,0,30.917,1,0,Excluded: abnormal long stop,292,104
2021,14,Italian Grand Prix,Autodromo Nazionale di Monza,mazepin,24,1,24.928,haas,0,0,0,30.917,1,0,Excluded: abnormal long stop,272,104
2021,14,Italian Grand Prix,Autodromo Nazionale di Monza,mazepin,28,2,24.806,haas,0,0,0,30.917,1,0,Excluded: abnormal long stop,272,104
2021,14,Italian Grand Prix,Autodromo Nazionale di Monza,mazepin,39,3,30.917,haas,0,0,0,30.917,1,0,Excluded: abnormal long stop,272,104
2021,14,Italian Grand Prix,Autodromo Nazionale di Monza,mickschumacher,23,1,24.714,haas,0,0,0,30.917,1,0,Excluded: abnormal long stop,272,104
2021,14,Italian Grand Prix,Autodromo Nazionale di Monza,norris,24,1,24.168,mclaren,0,0,0,30.917,1,0,Excluded: abnormal long stop,270,104
2021,14,Italian Grand Prix,Autodromo Nazionale di Monza,ocon,26,1,30.333,alpine,0,0,0,30.917,1,0,Excluded: abnormal long stop,249,104
2021,14,Italian Grand Prix,Autodromo Nazionale di Monza,perez,26,1,23.906,red_bull,0,0,0,30.917,1,0,Excluded: abnormal long stop,292,104
2021,14,Italian Grand Prix,Autodromo Nazionale di Monza,ricciardo,22,1,23.812,mclaren,0,0,0,30.917,1,0,Excluded: abnormal long stop,270,104
2021,14,Italian Grand Prix,Autodromo Nazionale di Monza,russell,26,1,24.156,williams,0,0,0,30.917,1,0,Excluded: abnormal long stop,271,104
2021,14,Italian Grand Prix,Autodromo Nazionale di Monza,sainz,26,1,24.283,ferrari,0,0,0,30.917,1,0,Excluded: abnormal long stop,259,104
2021,14,Italian Grand Prix,Autodromo Nazionale di Monza,stroll,25,1,24.846,aston_martin,0,0,0,30.917,1,0,Excluded: abnormal long stop,271,104
2021,14,Italian Grand Prix,Autodromo Nazionale di Monza,vettel,22,1,25.157,aston_martin,0,0,0,30.917,1,0,Excluded: abnormal long stop,271,104
2021,14,Italian Grand Prix,Autodromo Nazionale di Monza,vettel,26,2,25.927,aston_martin,0,0,0,30.917,1,0,Excluded: abnormal long stop,271,104
2021,15,Russian Grand Prix,Sochi Autodrom,alonso,36,1,30.157,alpine,0,0,0,34.167500000000004,1,0,Excluded: abnormal long stop,249,39
2021,15,Russian Grand Prix,Sochi Autodrom,alonso,50,2,30.702,alpine,0,0,0,34.167500000000004,1,0,Excluded: abnormal long stop,249,39
2021,15,Russian Grand Prix,Sochi Autodrom,bottas,28,1,29.936,mercedes,0,0,0,34.167500000000004,1,0,Excluded: abnormal long stop,278,39
2021,15,Russian Grand Prix,Sochi Autodrom,bottas,47,2,29.569,mercedes,0,0,0,34.167500000000004,1,0,Excluded: abnormal long stop,278,39
2021,15,Russian Grand Prix,Sochi Autodrom,gasly,33,1,29.354,alphatauri,0,0,0,34.167500000000004,1,0,Excluded: abnormal long stop,202,39
2021,15,Russian Grand Prix,Sochi Autodrom,gasly,50,2,31.915,alphatauri,0,0,0,34.167500000000004,1,0,Excluded: abnormal long stop,202,39
2021,15,Russian Grand Prix,Sochi Autodrom,giovinazzi,36,1,30.081,alfa,0,0,0,34.167500000000004,1,0,Excluded: abnormal long stop,194,39
2021,15,Russian Grand Prix,Sochi Autodrom,giovinazzi,50,2,33.961,alfa,0,0,0,34.167500000000004,1,0,Excluded: abnormal long stop,194,39
2021,15,Russian Grand Prix,Sochi Autodrom,hamilton,26,1,29.878,mercedes,0,0,0,34.167500000000004,1,0,Excluded: abnormal long stop,278,39
2021,15,Russian Grand Prix,Sochi Autodrom,hamilton,49,2,30.045,mercedes,0,0,0,34.167500000000004,1,0,Excluded: abnormal long stop,278,39
2021,15,Russian Grand Prix,Sochi Autodrom,latifi,13,1,30.056,williams,0,0,0,34.167500000000004,1,0,Excluded: abnormal long stop,271,39
2021,15,Russian Grand Prix,Sochi Autodrom,leclerc,35,1,31.849,ferrari,0,0,0,34.167500000000004,1,0,Excluded: abnormal long stop,259,39
2021,15,Russian Grand Prix,Sochi Autodrom,leclerc,51,2,32.648,ferrari,0,0,0,34.167500000000004,1,0,Excluded: abnormal long stop,259,39
2021,15,Russian Grand Prix,Sochi Autodrom,maxverstappen,26,1,29.578,red_bull,0,0,0,34.167500000000004,1,0,Excluded: abnormal long stop,292,39
2021,15,Russian Grand Prix,Sochi Autodrom,maxverstappen,48,2,31.017,red_bull,0,0,0,34.167500000000004,1,0,Excluded: abnormal long stop,292,39
2021,15,Russian Grand Prix,Sochi Autodrom,mazepin,14,1,30.127,haas,0,0,0,34.167500000000004,1,0,Excluded: abnormal long stop,272,39
2021,15,Russian Grand Prix,Sochi Autodrom,mazepin,46,2,33.931,haas,0,0,0,34.167500000000004,1,0,Excluded: abnormal long stop,272,39
2021,15,Russian Grand Prix,Sochi Autodrom,mickschumacher,20,1,29.996,haas,0,0,0,34.167500000000004,1,0,Excluded: abnormal long stop,272,39
2021,15,Russian Grand Prix,Sochi Autodrom,norris,28,1,29.824,mclaren,0,0,0,34.167500000000004,1,0,Excluded: abnormal long stop,270,39
2021,15,Russian Grand Prix,Sochi Autodrom,norris,51,2,32.67,mclaren,0,0,0,34.167500000000004,1,0,Excluded: abnormal long stop,270,39
2021,15,Russian Grand Prix,Sochi Autodrom,ocon,15,1,29.901,alpine,0,0,0,34.167500000000004,1,0,Excluded: abnormal long stop,249,39
2021,15,Russian Grand Prix,Sochi Autodrom,ocon,50,2,33.264,alpine,0,0,0,34.167500000000004,1,0,Excluded: abnormal long stop,249,39
2021,15,Russian Grand Prix,Sochi Autodrom,perez,36,1,36.026,red_bull,0,0,0,34.167500000000004,1,0,Excluded: abnormal long stop,292,39
2021,15,Russian Grand Prix,Sochi Autodrom,perez,50,2,32.313,red_bull,0,0,0,34.167500000000004,1,0,Excluded: abnormal long stop,292,39
2021,15,Russian Grand Prix,Sochi Autodrom,raikkonen,15,1,30.102,alfa,0,0,0,34.167500000000004,1,0,Excluded: abnormal long stop,194,39
2021,15,Russian Grand Prix,Sochi Autodrom,raikkonen,47,2,30.131,alfa,0,0,0,34.167500000000004,1,0,Excluded: abnormal long stop,194,39
2021,15,Russian Grand Prix,Sochi Autodrom,ricciardo,22,1,33.617,mclaren,0,0,0,34.167500000000004,1,0,Excluded: abnormal long stop,270,39
2021,15,Russian Grand Prix,Sochi Autodrom,ricciardo,48,2,31.016,mclaren,0,0,0,34.167500000000004,1,0,Excluded: abnormal long stop,270,39
2021,15,Russian Grand Prix,Sochi Autodrom,russell,13,1,30.665,williams,0,0,0,34.167500000000004,1,0,Excluded: abnormal long stop,271,39
2021,15,Russian Grand Prix,Sochi Autodrom,russell,47,2,32.081,williams,0,0,0,34.167500000000004,1,0,Excluded: abnormal long stop,271,39
2021,15,Russian Grand Prix,Sochi Autodrom,sainz,14,1,30.715,ferrari,0,0,0,34.167500000000004,1,0,Excluded: abnormal long stop,259,39
2021,15,Russian Grand Prix,Sochi Autodrom,sainz,48,2,30.677,ferrari,0,0,0,34.167500000000004,1,0,Excluded: abnormal long stop,259,39
2021,15,Russian Grand Prix,Sochi Autodrom,stroll,12,1,30.241,aston_martin,0,0,0,34.167500000000004,1,0,Excluded: abnormal long stop,271,39
2021,15,Russian Grand Prix,Sochi Autodrom,stroll,48,2,43.124,aston_martin,0,0,0,34.167500000000004,1,0,Excluded: abnormal long stop,271,39
2021,15,Russian Grand Prix,Sochi Autodrom,tsunoda,13,1,30.112,alphatauri,0,0,0,34.167500000000004,1,0,Excluded: abnormal long stop,202,39
2021,15,Russian Grand Prix,Sochi Autodrom,tsunoda,47,2,30.98,alphatauri,0,0,0,34.167500000000004,1,0,Excluded: abnormal long stop,202,39
2021,15,Russian Grand Prix,Sochi Autodrom,tsunoda,49,3,30.972,alphatauri,0,0,0,34.167500000000004,1,0,Excluded: abnormal long stop,202,39
2021,15,Russian Grand Prix,Sochi Autodrom,vettel,26,1,29.242,aston_martin,0,0,0,34.167500000000004,1,0,Excluded: abnormal long stop,271,39
2021,15,Russian Grand Prix,Sochi Autodrom,vettel,50,2,32.128,aston_martin,0,0,0,34.167500000000004,1,0,Excluded: abnormal long stop,271,39
2021,16,Turkish Grand Prix,Istanbul Park,alonso,30,1,29.116,alpine,0,0,0,29.619950000000003,1,0,Excluded: abnormal long stop,249,20
2021,16,Turkish Grand Prix,Istanbul Park,bottas,37,1,22.962,mercedes,0,0,0,29.619950000000003,1,0,Excluded: abnormal long stop,278,20
2021,16,Turkish Grand Prix,Istanbul Park,gasly,39,1,29.31,alphatauri,0,0,0,29.619950000000003,1,0,Excluded: abnormal long stop,202,20
2021,16,Turkish Grand Prix,Istanbul Park,giovinazzi,40,1,23.15,alfa,0,0,0,29.619950000000003,1,0,Excluded: abnormal long stop,194,20
2021,16,Turkish Grand Prix,Istanbul Park,hamilton,50,1,22.684,mercedes,0,0,0,29.619950000000003,1,0,Excluded: abnormal long stop,278,20
2021,16,Turkish Grand Prix,Istanbul Park,latifi,34,1,24.104,williams,0,0,0,29.619950000000003,1,0,Excluded: abnormal long stop,271,20
2021,16,Turkish Grand Prix,Istanbul Park,leclerc,47,1,23.646,ferrari,0,0,0,29.619950000000003,1,0,Excluded: abnormal long stop,259,20
2021,16,Turkish Grand Prix,Istanbul Park,maxverstappen,36,1,22.442,red_bull,0,0,0,29.619950000000003,1,0,Excluded: abnormal long stop,292,20
2021,16,Turkish Grand Prix,Istanbul Park,mazepin,35,1,23.829,haas,0,0,0,29.619950000000003,1,0,Excluded: abnormal long stop,272,20
2021,16,Turkish Grand Prix,Istanbul Park,mickschumacher,39,1,23.892,haas,0,0,0,29.619950000000003,1,0,Excluded: abnormal long stop,272,20
2021,16,Turkish Grand Prix,Istanbul Park,norris,34,1,23.239,mclaren,0,0,0,29.619950000000003,1,0,Excluded: abnormal long stop,270,20
2021,16,Turkish Grand Prix,Istanbul Park,perez,37,1,22.463,red_bull,0,0,0,29.619950000000003,1,0,Excluded: abnormal long stop,292,20
2021,16,Turkish Grand Prix,Istanbul Park,raikkonen,37,1,23.164,alfa,0,0,0,29.619950000000003,1,0,Excluded: abnormal long stop,194,20
2021,16,Turkish Grand Prix,Istanbul Park,ricciardo,21,1,23.028,mclaren,0,0,0,29.619950000000003,1,0,Excluded: abnormal long stop,270,20
2021,16,Turkish Grand Prix,Istanbul Park,russell,35,1,23.551,williams,0,0,0,29.619950000000003,1,0,Excluded: abnormal long stop,271,20
2021,16,Turkish Grand Prix,Istanbul Park,sainz,36,1,28.353,ferrari,0,0,0,29.619950000000003,1,0,Excluded: abnormal long stop,259,20
2021,16,Turkish Grand Prix,Istanbul Park,stroll,39,1,35.509,aston_martin,0,0,0,29.619950000000003,1,0,Excluded: abnormal long stop,271,20
2021,16,Turkish Grand Prix,Istanbul Park,tsunoda,35,1,23.329,alphatauri,0,0,0,29.619950000000003,1,0,Excluded: abnormal long stop,202,20
2021,16,Turkish Grand Prix,Istanbul Park,vettel,36,1,23.5,aston_martin,0,0,0,29.619950000000003,1,0,Excluded: abnormal long stop,271,20
2021,16,Turkish Grand Prix,Istanbul Park,vettel,37,2,23.514,aston_martin,0,0,0,29.619950000000003,1,0,Excluded: abnormal long stop,271,20
2021,17,United States Grand Prix,Circuit of the Americas,alonso,7,1,23.576,alpine,0,0,0,27.153199999999984,1,0,Excluded: abnormal long stop,249,135
2021,17,United States Grand Prix,Circuit of the Americas,alonso,28,2,23.844,alpine,0,0,0,27.153199999999984,1,0,Excluded: abnormal long stop,249,135
2021,17,United States Grand Prix,Circuit of the Americas,alonso,39,3,23.314,alpine,0,0,0,27.153199999999984,1,0,Excluded: abnormal long stop,249,135
2021,17,United States Grand Prix,Circuit of the Americas,bottas,15,1,24.444,mercedes,0,0,0,27.153199999999984,1,0,Excluded: abnormal long stop,278,135
2021,17,United States Grand Prix,Circuit of the Americas,bottas,34,2,23.619,mercedes,0,0,0,27.153199999999984,1,0,Excluded: abnormal long stop,278,135
2021,17,United States Grand Prix,Circuit of the Americas,gasly,10,1,23.745,alphatauri,0,0,0,27.153199999999984,1,0,Excluded: abnormal long stop,202,135
2021,17,United States Grand Prix,Circuit of the Americas,giovinazzi,8,1,23.993,alfa,0,0,0,27.153199999999984,1,0,Excluded: abnormal long stop,194,135
2021,17,United States Grand Prix,Circuit of the Americas,giovinazzi,26,2,23.502,alfa,0,0,0,27.153199999999984,1,0,Excluded: abnormal long stop,194,135
2021,17,United States Grand Prix,Circuit of the Americas,hamilton,13,1,24.481,mercedes,0,0,0,27.153199999999984,1,0,Excluded: abnormal long stop,278,135
2021,17,United States Grand Prix,Circuit of the Americas,hamilton,37,2,23.676,mercedes,0,0,0,27.153199999999984,1,0,Excluded: abnormal long stop,278,135
2021,17,United States Grand Prix,Circuit of the Americas,latifi,5,1,32.61,williams,0,0,0,27.153199999999984,1,0,Excluded: abnormal long stop,271,135
2021,17,United States Grand Prix,Circuit of the Americas,latifi,25,2,23.653,williams,0,0,0,27.153199999999984,1,0,Excluded: abnormal long stop,271,135
2021,17,United States Grand Prix,Circuit of the Americas,leclerc,12,1,24.011,ferrari,0,0,0,27.153199999999984,1,0,Excluded: abnormal long stop,259,135
2021,17,United States Grand Prix,Circuit of the Americas,leclerc,32,2,23.805,ferrari,0,0,0,27.153199999999984,1,0,Excluded: abnormal long stop,259,135
2021,17,United States Grand Prix,Circuit of the Americas,maxverstappen,10,1,23.727,red_bull,0,0,0,27.153199999999984,1,0,Excluded: abnormal long stop,292,135
2021,17,United States Grand Prix,Circuit of the Americas,maxverstappen,29,2,24.052,red_bull,0,0,0,27.153199999999984,1,0,Excluded: abnormal long stop,292,135
2021,17,United States Grand Prix,Circuit of the Americas,mazepin,24,2,24.611,haas,0,0,0,27.153199999999984,1,0,Excluded: abnormal long stop,272,135
2021,17,United States Grand Prix,Circuit of the Americas,mazepin,37,3,24.169,haas,0,0,0,27.153199999999984,1,0,Excluded: abnormal long stop,272,135
2021,17,United States Grand Prix,Circuit of the Americas,mickschumacher,11,1,24.293,haas,0,0,0,27.153199999999984,1,0,Excluded: abnormal long stop,272,135
2021,17,United States Grand Prix,Circuit of the Americas,mickschumacher,34,2,24.247,haas,0,0,0,27.153199999999984,1,0,Excluded: abnormal long stop,272,135
2021,17,United States Grand Prix,Circuit of the Americas,norris,10,1,24.385,mclaren,0,0,0,27.153199999999984,1,0,Excluded: abnormal long stop,270,135
2021,17,United States Grand Prix,Circuit of the Americas,norris,30,2,25.548,mclaren,0,0,0,27.153199999999984,1,0,Excluded: abnormal long stop,270,135
2021,17,United States Grand Prix,Circuit of the Americas,ocon,3,1,40.8,alpine,0,0,0,27.153199999999984,1,0,Excluded: abnormal long stop,249,135
2021,17,United States Grand Prix,Circuit of the Americas,ocon,25,2,23.919,alpine,0,0,0,27.153199999999984,1,0,Excluded: abnormal long stop,249,135
2021,17,United States Grand Prix,Circuit of the Americas,perez,12,1,25.018,red_bull,0,0,0,27.153199999999984,1,0,Excluded: abnormal long stop,292,135
2021,17,United States Grand Prix,Circuit of the Americas,perez,30,2,23.604,red_bull,0,0,0,27.153199999999984,1,0,Excluded: abnormal long stop,292,135
2021,17,United States Grand Prix,Circuit of the Americas,raikkonen,12,1,24.191,alfa,0,0,0,27.153199999999984,1,0,Excluded: abnormal long stop,194,135
2021,17,United States Grand Prix,Circuit of the Americas,raikkonen,31,2,24.09,alfa,0,0,0,27.153199999999984,1,0,Excluded: abnormal long stop,194,135
2021,17,United States Grand Prix,Circuit of the Americas,ricciardo,11,1,24.176,mclaren,0,0,0,27.153199999999984,1,0,Excluded: abnormal long stop,270,135
2021,17,United States Grand Prix,Circuit of the Americas,ricciardo,30,2,24.036,mclaren,0,0,0,27.153199999999984,1,0,Excluded: abnormal long stop,270,135
2021,17,United States Grand Prix,Circuit of the Americas,russell,9,1,23.572,williams,0,0,0,27.153199999999984,1,0,Excluded: abnormal long stop,271,135
2021,17,United States Grand Prix,Circuit of the Americas,russell,31,2,24.98,williams,0,0,0,27.153199999999984,1,0,Excluded: abnormal long stop,271,135
2021,17,United States Grand Prix,Circuit of the Americas,sainz,11,1,23.414,ferrari,0,0,0,27.153199999999984,1,0,Excluded: abnormal long stop,259,135
2021,17,United States Grand Prix,Circuit of the Americas,sainz,29,2,26.866,ferrari,0,0,0,27.153199999999984,1,0,Excluded: abnormal long stop,259,135
2021,17,United States Grand Prix,Circuit of the Americas,stroll,18,1,23.827,aston_martin,0,0,0,27.153199999999984,1,0,Excluded: abnormal long stop,271,135
2021,17,United States Grand Prix,Circuit of the Americas,stroll,34,2,23.455,aston_martin,0,0,0,27.153199999999984,1,0,Excluded: abnormal long stop,271,135
2021,17,United States Grand Prix,Circuit of the Americas,tsunoda,9,1,23.802,alphatauri,0,0,0,27.153199999999984,1,0,Excluded: abnormal long stop,202,135
2021,17,United States Grand Prix,Circuit of the Americas,tsunoda,32,2,23.529,alphatauri,0,0,0,27.153199999999984,1,0,Excluded: abnormal long stop,202,135
2021,17,United States Grand Prix,Circuit of the Americas,vettel,17,1,24.977,aston_martin,0,0,0,27.153199999999984,1,0,Excluded: abnormal long stop,271,135
2021,17,United States Grand Prix,Circuit of the Americas,vettel,38,2,23.849,aston_martin,0,0,0,27.153199999999984,1,0,Excluded: abnormal long stop,271,135
2021,18,Mexico City Grand Prix,Autódromo Hermanos Rodríguez,alonso,39,1,23.985,alpine,0,0,0,26.404300000000003,1,0,Excluded: abnormal long stop,249,85
2021,18,Mexico City Grand Prix,Autódromo Hermanos Rodríguez,bottas,40,2,31.664,mercedes,0,0,0,26.404300000000003,1,0,Excluded: abnormal long stop,278,85
2021,18,Mexico City Grand Prix,Autódromo Hermanos Rodríguez,bottas,63,3,22.68,mercedes,0,0,0,26.404300000000003,1,0,Excluded: abnormal long stop,278,85
2021,18,Mexico City Grand Prix,Autódromo Hermanos Rodríguez,bottas,67,4,26.443,mercedes,0,0,0,26.404300000000003,1,0,Excluded: abnormal long stop,278,85
2021,18,Mexico City Grand Prix,Autódromo Hermanos Rodríguez,gasly,31,1,22.549,alphatauri,0,0,0,26.404300000000003,1,0,Excluded: abnormal long stop,202,85
2021,18,Mexico City Grand Prix,Autódromo Hermanos Rodríguez,giovinazzi,16,1,22.205,alfa,0,0,0,26.404300000000003,1,0,Excluded: abnormal long stop,194,85
2021,18,Mexico City Grand Prix,Autódromo Hermanos Rodríguez,hamilton,29,1,22.373,mercedes,0,0,0,26.404300000000003,1,0,Excluded: abnormal long stop,278,85
2021,18,Mexico City Grand Prix,Autódromo Hermanos Rodríguez,latifi,11,1,23.681,williams,0,0,0,26.404300000000003,1,0,Excluded: abnormal long stop,271,85
2021,18,Mexico City Grand Prix,Autódromo Hermanos Rodríguez,latifi,49,2,22.739,williams,0,0,0,26.404300000000003,1,0,Excluded: abnormal long stop,271,85
2021,18,Mexico City Grand Prix,Autódromo Hermanos Rodríguez,leclerc,30,1,22.085,ferrari,0,0,0,26.404300000000003,1,0,Excluded: abnormal long stop,259,85
2021,18,Mexico City Grand Prix,Autódromo Hermanos Rodríguez,maxverstappen,33,1,21.908,red_bull,0,0,0,26.404300000000003,1,0,Excluded: abnormal long stop,292,85
2021,18,Mexico City Grand Prix,Autódromo Hermanos Rodríguez,mazepin,13,1,25.094,haas,0,0,0,26.404300000000003,1,0,Excluded: abnormal long stop,272,85
2021,18,Mexico City Grand Prix,Autódromo Hermanos Rodríguez,mazepin,58,2,23.637,haas,0,0,0,26.404300000000003,1,0,Excluded: abnormal long stop,272,85
2021,18,Mexico City Grand Prix,Autódromo Hermanos Rodríguez,norris,44,1,22.534,mclaren,0,0,0,26.404300000000003,1,0,Excluded: abnormal long stop,270,85
2021,18,Mexico City Grand Prix,Autódromo Hermanos Rodríguez,ocon,14,1,23.1,alpine,0,0,0,26.404300000000003,1,0,Excluded: abnormal long stop,249,85
2021,18,Mexico City Grand Prix,Autódromo Hermanos Rodríguez,perez,40,1,22.114,red_bull,0,0,0,26.404300000000003,1,0,Excluded: abnormal long stop,292,85
2021,18,Mexico City Grand Prix,Autódromo Hermanos Rodríguez,raikkonen,32,1,22.424,alfa,0,0,0,26.404300000000003,1,0,Excluded: abnormal long stop,194,85
2021,18,Mexico City Grand Prix,Autódromo Hermanos Rodríguez,ricciardo,38,2,22.813,mclaren,0,0,0,26.404300000000003,1,0,Excluded: abnormal long stop,270,85
2021,18,Mexico City Grand Prix,Autódromo Hermanos Rodríguez,russell,15,1,21.984,williams,0,0,0,26.404300000000003,1,0,Excluded: abnormal long stop,271,85
2021,18,Mexico City Grand Prix,Autódromo Hermanos Rodríguez,sainz,42,1,22.031,ferrari,0,0,0,26.404300000000003,1,0,Excluded: abnormal long stop,259,85
2021,18,Mexico City Grand Prix,Autódromo Hermanos Rodríguez,stroll,12,1,23.586,aston_martin,0,0,0,26.404300000000003,1,0,Excluded: abnormal long stop,271,85
2021,18,Mexico City Grand Prix,Autódromo Hermanos Rodríguez,stroll,34,2,26.056,aston_martin,0,0,0,26.404300000000003,1,0,Excluded: abnormal long stop,271,85
2021,18,Mexico City Grand Prix,Autódromo Hermanos Rodríguez,vettel,33,1,22.277,aston_martin,0,0,0,26.404300000000003,1,0,Excluded: abnormal long stop,271,85
2021,19,São Paulo Grand Prix,Autódromo José Carlos Pace,alonso,7,1,17.751,alpine,0,0,0,25.086999999999996,1,0,Excluded: abnormal long stop,249,153
2021,19,São Paulo Grand Prix,Autódromo José Carlos Pace,alonso,8,2,17.705,alpine,0,0,0,25.086999999999996,1,0,Excluded: abnormal long stop,249,153
2021,19,São Paulo Grand Prix,Autódromo José Carlos Pace,alonso,34,3,24.375,alpine,0,0,0,25.086999999999996,1,0,Excluded: abnormal long stop,249,153
2021,19,São Paulo Grand Prix,Autódromo José Carlos Pace,bottas,7,1,17.899,mercedes,0,0,0,25.086999999999996,1,0,Excluded: abnormal long stop,278,153
2021,19,São Paulo Grand Prix,Autódromo José Carlos Pace,bottas,8,2,17.837,mercedes,0,0,0,25.086999999999996,1,0,Excluded: abnormal long stop,278,153
2021,19,São Paulo Grand Prix,Autódromo José Carlos Pace,bottas,30,3,23.263,mercedes,0,0,0,25.086999999999996,1,0,Excluded: abnormal long stop,278,153
2021,19,São Paulo Grand Prix,Autódromo José Carlos Pace,bottas,41,4,22.856,mercedes,0,0,0,25.086999999999996,1,0,Excluded: abnormal long stop,278,153
2021,19,São Paulo Grand Prix,Autódromo José Carlos Pace,gasly,7,1,19.439,alphatauri,0,0,0,25.086999999999996,1,0,Excluded: abnormal long stop,202,153
2021,19,São Paulo Grand Prix,Autódromo José Carlos Pace,gasly,8,2,18.608,alphatauri,0,0,0,25.086999999999996,1,0,Excluded: abnormal long stop,202,153
2021,19,São Paulo Grand Prix,Autódromo José Carlos Pace,gasly,25,3,23.116,alphatauri,0,0,0,25.086999999999996,1,0,Excluded: abnormal long stop,202,153
2021,19,São Paulo Grand Prix,Autódromo José Carlos Pace,gasly,51,4,23.039,alphatauri,0,0,0,25.086999999999996,1,0,Excluded: abnormal long stop,202,153
2021,19,São Paulo Grand Prix,Autódromo José Carlos Pace,giovinazzi,7,1,17.713,alfa,0,0,0,25.086999999999996,1,0,Excluded: abnormal long stop,194,153
2021,19,São Paulo Grand Prix,Autódromo José Carlos Pace,giovinazzi,8,2,17.929,alfa,0,0,0,25.086999999999996,1,0,Excluded: abnormal long stop,194,153
2021,19,São Paulo Grand Prix,Autódromo José Carlos Pace,giovinazzi,29,3,23.618,alfa,0,0,0,25.086999999999996,1,0,Excluded: abnormal long stop,194,153
2021,19,São Paulo Grand Prix,Autódromo José Carlos Pace,giovinazzi,42,4,22.83,alfa,0,0,0,25.086999999999996,1,0,Excluded: abnormal long stop,194,153
2021,19,São Paulo Grand Prix,Autódromo José Carlos Pace,hamilton,7,1,17.91,mercedes,0,0,0,25.086999999999996,1,0,Excluded: abnormal long stop,278,153
2021,19,São Paulo Grand Prix,Autódromo José Carlos Pace,hamilton,8,2,18.66,mercedes,0,0,0,25.086999999999996,1,0,Excluded: abnormal long stop,278,153
2021,19,São Paulo Grand Prix,Autódromo José Carlos Pace,hamilton,26,3,22.69,mercedes,0,0,0,25.086999999999996,1,0,Excluded: abnormal long stop,278,153
2021,19,São Paulo Grand Prix,Autódromo José Carlos Pace,hamilton,43,4,22.664,mercedes,0,0,0,25.086999999999996,1,0,Excluded: abnormal long stop,278,153
2021,19,São Paulo Grand Prix,Autódromo José Carlos Pace,latifi,7,1,18.153,williams,0,0,0,25.086999999999996,1,0,Excluded: abnormal long stop,271,153
2021,19,São Paulo Grand Prix,Autódromo José Carlos Pace,latifi,8,2,18.784,williams,0,0,0,25.086999999999996,1,0,Excluded: abnormal long stop,271,153
2021,19,São Paulo Grand Prix,Autódromo José Carlos Pace,latifi,13,3,22.936,williams,0,0,0,25.086999999999996,1,0,Excluded: abnormal long stop,271,153
2021,19,São Paulo Grand Prix,Autódromo José Carlos Pace,latifi,39,4,22.958,williams,0,0,0,25.086999999999996,1,0,Excluded: abnormal long stop,271,153
2021,19,São Paulo Grand Prix,Autódromo José Carlos Pace,leclerc,7,1,17.943,ferrari,0,0,0,25.086999999999996,1,0,Excluded: abnormal long stop,259,153
2021,19,São Paulo Grand Prix,Autódromo José Carlos Pace,leclerc,8,2,17.771,ferrari,0,0,0,25.086999999999996,1,0,Excluded: abnormal long stop,259,153
2021,19,São Paulo Grand Prix,Autódromo José Carlos Pace,leclerc,27,3,22.667,ferrari,0,0,0,25.086999999999996,1,0,Excluded: abnormal long stop,259,153
2021,19,São Paulo Grand Prix,Autódromo José Carlos Pace,leclerc,52,4,23.064,ferrari,0,0,0,25.086999999999996,1,0,Excluded: abnormal long stop,259,153
2021,19,São Paulo Grand Prix,Autódromo José Carlos Pace,maxverstappen,7,1,17.916,red_bull,0,0,0,25.086999999999996,1,0,Excluded: abnormal long stop,292,153
2021,19,São Paulo Grand Prix,Autódromo José Carlos Pace,maxverstappen,8,2,17.807,red_bull,0,0,0,25.086999999999996,1,0,Excluded: abnormal long stop,292,153
2021,19,São Paulo Grand Prix,Autódromo José Carlos Pace,maxverstappen,27,3,22.722,red_bull,0,0,0,25.086999999999996,1,0,Excluded: abnormal long stop,292,153
2021,19,São Paulo Grand Prix,Autódromo José Carlos Pace,maxverstappen,40,4,22.766,red_bull,0,0,0,25.086999999999996,1,0,Excluded: abnormal long stop,292,153
2021,19,São Paulo Grand Prix,Autódromo José Carlos Pace,mazepin,7,1,17.995,haas,0,0,0,25.086999999999996,1,0,Excluded: abnormal long stop,272,153
2021,19,São Paulo Grand Prix,Autódromo José Carlos Pace,mazepin,8,2,18.467,haas,0,0,0,25.086999999999996,1,0,Excluded: abnormal long stop,272,153
2021,19,São Paulo Grand Prix,Autódromo José Carlos Pace,mazepin,34,3,23.546,haas,0,0,0,25.086999999999996,1,0,Excluded: abnormal long stop,272,153
2021,19,São Paulo Grand Prix,Autódromo José Carlos Pace,mickschumacher,7,1,17.861,haas,0,0,0,25.086999999999996,1,0,Excluded: abnormal long stop,272,153
2021,19,São Paulo Grand Prix,Autódromo José Carlos Pace,mickschumacher,8,2,18.588,haas,0,0,0,25.086999999999996,1,0,Excluded: abnormal long stop,272,153
2021,19,São Paulo Grand Prix,Autódromo José Carlos Pace,mickschumacher,11,3,41.173,haas,0,0,0,25.086999999999996,1,0,Excluded: abnormal long stop,272,153
2021,19,São Paulo Grand Prix,Autódromo José Carlos Pace,mickschumacher,29,4,25.597,haas,0,0,0,25.086999999999996,1,0,Excluded: abnormal long stop,272,153
2021,19,São Paulo Grand Prix,Autódromo José Carlos Pace,mickschumacher,61,5,24.627,haas,0,0,0,25.086999999999996,1,0,Excluded: abnormal long stop,272,153
2021,19,São Paulo Grand Prix,Autódromo José Carlos Pace,norris,6,2,17.719,mclaren,0,0,0,25.086999999999996,1,0,Excluded: abnormal long stop,270,153
2021,19,São Paulo Grand Prix,Autódromo José Carlos Pace,norris,7,3,17.673,mclaren,0,0,0,25.086999999999996,1,0,Excluded: abnormal long stop,270,153
2021,19,São Paulo Grand Prix,Autódromo José Carlos Pace,norris,8,4,19.176,mclaren,0,0,0,25.086999999999996,1,0,Excluded: abnormal long stop,270,153
2021,19,São Paulo Grand Prix,Autódromo José Carlos Pace,norris,37,5,24.211,mclaren,0,0,0,25.086999999999996,1,0,Excluded: abnormal long stop,270,153
2021,19,São Paulo Grand Prix,Autódromo José Carlos Pace,ocon,7,1,19.285,alpine,0,0,0,25.086999999999996,1,0,Excluded: abnormal long stop,249,153
2021,19,São Paulo Grand Prix,Autódromo José Carlos Pace,ocon,8,2,17.818,alpine,0,0,0,25.086999999999996,1,0,Excluded: abnormal long stop,249,153
2021,19,São Paulo Grand Prix,Autódromo José Carlos Pace,ocon,30,3,23.504,alpine,0,0,0,25.086999999999996,1,0,Excluded: abnormal long stop,249,153
2021,19,São Paulo Grand Prix,Autódromo José Carlos Pace,perez,7,1,18.308,red_bull,0,0,0,25.086999999999996,1,0,Excluded: abnormal long stop,292,153
2021,19,São Paulo Grand Prix,Autódromo José Carlos Pace,perez,8,2,18.136,red_bull,0,0,0,25.086999999999996,1,0,Excluded: abnormal long stop,292,153
2021,19,São Paulo Grand Prix,Autódromo José Carlos Pace,perez,28,3,23.165,red_bull,0,0,0,25.086999999999996,1,0,Excluded: abnormal long stop,292,153
2021,19,São Paulo Grand Prix,Autódromo José Carlos Pace,perez,42,4,22.656,red_bull,0,0,0,25.086999999999996,1,0,Excluded: abnormal long stop,292,153
2021,19,São Paulo Grand Prix,Autódromo José Carlos Pace,perez,69,5,22.916,red_bull,0,0,0,25.086999999999996,1,0,Excluded: abnormal long stop,292,153
2021,19,São Paulo Grand Prix,Autódromo José Carlos Pace,raikkonen,7,1,18.327,alfa,0,0,0,25.086999999999996,1,0,Excluded: abnormal long stop,194,153
2021,19,São Paulo Grand Prix,Autódromo José Carlos Pace,raikkonen,8,2,18.763,alfa,0,0,0,25.086999999999996,1,0,Excluded: abnormal long stop,194,153
2021,19,São Paulo Grand Prix,Autódromo José Carlos Pace,raikkonen,28,3,23.541,alfa,0,0,0,25.086999999999996,1,0,Excluded: abnormal long stop,194,153
2021,19,São Paulo Grand Prix,Autódromo José Carlos Pace,raikkonen,52,4,22.666,alfa,0,0,0,25.086999999999996,1,0,Excluded: abnormal long stop,194,153
2021,19,São Paulo Grand Prix,Autódromo José Carlos Pace,ricciardo,7,1,19.732,mclaren,0,0,0,25.086999999999996,1,0,Excluded: abnormal long stop,270,153
2021,19,São Paulo Grand Prix,Autódromo José Carlos Pace,ricciardo,8,2,18.347,mclaren,0,0,0,25.086999999999996,1,0,Excluded: abnormal long stop,270,153
2021,19,São Paulo Grand Prix,Autódromo José Carlos Pace,ricciardo,30,3,22.839,mclaren,0,0,0,25.086999999999996,1,0,Excluded: abnormal long stop,270,153
2021,19,São Paulo Grand Prix,Autódromo José Carlos Pace,russell,6,1,22.978,williams,0,0,0,25.086999999999996,1,0,Excluded: abnormal long stop,271,153
2021,19,São Paulo Grand Prix,Autódromo José Carlos Pace,russell,7,2,20.844,williams,0,0,0,25.086999999999996,1,0,Excluded: abnormal long stop,271,153
2021,19,São Paulo Grand Prix,Autódromo José Carlos Pace,russell,8,3,18.179,williams,0,0,0,25.086999999999996,1,0,Excluded: abnormal long stop,271,153
2021,19,São Paulo Grand Prix,Autódromo José Carlos Pace,russell,41,4,23.132,williams,0,0,0,25.086999999999996,1,0,Excluded: abnormal long stop,271,153
2021,19,São Paulo Grand Prix,Autódromo José Carlos Pace,sainz,7,1,18.46,ferrari,0,0,0,25.086999999999996,1,0,Excluded: abnormal long stop,259,153
2021,19,São Paulo Grand Prix,Autódromo José Carlos Pace,sainz,8,2,18.373,ferrari,0,0,0,25.086999999999996,1,0,Excluded: abnormal long stop,259,153
2021,19,São Paulo Grand Prix,Autódromo José Carlos Pace,sainz,26,3,23.321,ferrari,0,0,0,25.086999999999996,1,0,Excluded: abnormal long stop,259,153
2021,19,São Paulo Grand Prix,Autódromo José Carlos Pace,sainz,53,4,22.745,ferrari,0,0,0,25.086999999999996,1,0,Excluded: abnormal long stop,259,153
2021,19,São Paulo Grand Prix,Autódromo José Carlos Pace,stroll,7,1,17.948,aston_martin,0,0,0,25.086999999999996,1,0,Excluded: abnormal long stop,271,153
2021,19,São Paulo Grand Prix,Autódromo José Carlos Pace,stroll,8,2,17.935,aston_martin,0,0,0,25.086999999999996,1,0,Excluded: abnormal long stop,271,153
2021,19,São Paulo Grand Prix,Autódromo José Carlos Pace,stroll,22,3,24.997,aston_martin,0,0,0,25.086999999999996,1,0,Excluded: abnormal long stop,271,153
2021,19,São Paulo Grand Prix,Autódromo José Carlos Pace,tsunoda,4,1,31.939,alphatauri,0,0,0,25.086999999999996,1,0,Excluded: abnormal long stop,202,153
2021,19,São Paulo Grand Prix,Autódromo José Carlos Pace,tsunoda,6,2,17.758,alphatauri,0,0,0,25.086999999999996,1,0,Excluded: abnormal long stop,202,153
2021,19,São Paulo Grand Prix,Autódromo José Carlos Pace,tsunoda,7,3,17.711,alphatauri,0,0,0,25.086999999999996,1,0,Excluded: abnormal long stop,202,153
2021,19,São Paulo Grand Prix,Autódromo José Carlos Pace,tsunoda,8,4,18.499,alphatauri,0,0,0,25.086999999999996,1,0,Excluded: abnormal long stop,202,153
2021,19,São Paulo Grand Prix,Autódromo José Carlos Pace,tsunoda,39,5,35.416,alphatauri,0,0,0,25.086999999999996,1,0,Excluded: abnormal long stop,202,153
2021,19,São Paulo Grand Prix,Autódromo José Carlos Pace,vettel,7,1,18.107,aston_martin,0,0,0,25.086999999999996,1,0,Excluded: abnormal long stop,271,153
2021,19,São Paulo Grand Prix,Autódromo José Carlos Pace,vettel,8,2,17.896,aston_martin,0,0,0,25.086999999999996,1,0,Excluded: abnormal long stop,271,153
2021,19,São Paulo Grand Prix,Autódromo José Carlos Pace,vettel,28,3,24.464,aston_martin,0,0,0,25.086999999999996,1,0,Excluded: abnormal long stop,271,153
2021,19,São Paulo Grand Prix,Autódromo José Carlos Pace,vettel,55,4,22.978,aston_martin,0,0,0,25.086999999999996,1,0,Excluded: abnormal long stop,271,153
2021,20,Qatar Grand Prix,Losail International Circuit,alonso,23,1,25.991,alpine,0,0,0,31.256599999999978,1,0,Excluded: abnormal long stop,249,141
2021,20,Qatar Grand Prix,Losail International Circuit,bottas,33,1,36.341,mercedes,0,0,0,31.256599999999978,1,0,Excluded: abnormal long stop,278,141
2021,20,Qatar Grand Prix,Losail International Circuit,gasly,13,1,25.63,alphatauri,0,0,0,31.256599999999978,1,0,Excluded: abnormal long stop,202,141
2021,20,Qatar Grand Prix,Losail International Circuit,gasly,35,2,26.109,alphatauri,0,0,0,31.256599999999978,1,0,Excluded: abnormal long stop,202,141
2021,20,Qatar Grand Prix,Losail International Circuit,giovinazzi,15,1,25.987,alfa,0,0,0,31.256599999999978,1,0,Excluded: abnormal long stop,194,141
2021,20,Qatar Grand Prix,Losail International Circuit,giovinazzi,32,2,25.347,alfa,0,0,0,31.256599999999978,1,0,Excluded: abnormal long stop,194,141
2021,20,Qatar Grand Prix,Losail International Circuit,hamilton,18,1,25.235,mercedes,0,0,0,31.256599999999978,1,0,Excluded: abnormal long stop,278,141
2021,20,Qatar Grand Prix,Losail International Circuit,hamilton,42,2,25.381,mercedes,0,0,0,31.256599999999978,1,0,Excluded: abnormal long stop,278,141
2021,20,Qatar Grand Prix,Losail International Circuit,latifi,18,1,25.811,williams,0,0,0,31.256599999999978,1,0,Excluded: abnormal long stop,271,141
2021,20,Qatar Grand Prix,Losail International Circuit,leclerc,27,1,25.799,ferrari,0,0,0,31.256599999999978,1,0,Excluded: abnormal long stop,259,141
2021,20,Qatar Grand Prix,Losail International Circuit,maxverstappen,17,1,25.3,red_bull,0,0,0,31.256599999999978,1,0,Excluded: abnormal long stop,292,141
2021,20,Qatar Grand Prix,Losail International Circuit,maxverstappen,41,2,25.175,red_bull,0,0,0,31.256599999999978,1,0,Excluded: abnormal long stop,292,141
2021,20,Qatar Grand Prix,Losail International Circuit,maxverstappen,55,3,25.465,red_bull,0,0,0,31.256599999999978,1,0,Excluded: abnormal long stop,292,141
2021,20,Qatar Grand Prix,Losail International Circuit,mazepin,31,1,26.515,haas,0,0,0,31.256599999999978,1,0,Excluded: abnormal long stop,272,141
2021,20,Qatar Grand Prix,Losail International Circuit,mickschumacher,22,1,25.881,haas,0,0,0,31.256599999999978,1,0,Excluded: abnormal long stop,272,141
2021,20,Qatar Grand Prix,Losail International Circuit,norris,25,1,25.319,mclaren,0,0,0,31.256599999999978,1,0,Excluded: abnormal long stop,270,141
2021,20,Qatar Grand Prix,Losail International Circuit,norris,49,2,26.552,mclaren,0,0,0,31.256599999999978,1,0,Excluded: abnormal long stop,270,141
2021,20,Qatar Grand Prix,Losail International Circuit,ocon,24,1,25.517,alpine,0,0,0,31.256599999999978,1,0,Excluded: abnormal long stop,249,141
2021,20,Qatar Grand Prix,Losail International Circuit,perez,19,1,25.419,red_bull,0,0,0,31.256599999999978,1,0,Excluded: abnormal long stop,292,141
2021,20,Qatar Grand Prix,Losail International Circuit,perez,41,2,25.42,red_bull,0,0,0,31.256599999999978,1,0,Excluded: abnormal long stop,292,141
2021,20,Qatar Grand Prix,Losail International Circuit,raikkonen,10,1,26.174,alfa,0,0,0,31.256599999999978,1,0,Excluded: abnormal long stop,194,141
2021,20,Qatar Grand Prix,Losail International Circuit,raikkonen,30,2,25.633,alfa,0,0,0,31.256599999999978,1,0,Excluded: abnormal long stop,194,141
2021,20,Qatar Grand Prix,Losail International Circuit,ricciardo,26,1,25.562,mclaren,0,0,0,31.256599999999978,1,0,Excluded: abnormal long stop,270,141
2021,20,Qatar Grand Prix,Losail International Circuit,russell,17,1,26.121,williams,0,0,0,31.256599999999978,1,0,Excluded: abnormal long stop,271,141
2021,20,Qatar Grand Prix,Losail International Circuit,russell,49,2,35.006,williams,0,0,0,31.256599999999978,1,0,Excluded: abnormal long stop,271,141
2021,20,Qatar Grand Prix,Losail International Circuit,sainz,27,1,25.639,ferrari,0,0,0,31.256599999999978,1,0,Excluded: abnormal long stop,259,141
2021,20,Qatar Grand Prix,Losail International Circuit,stroll,23,1,26.157,aston_martin,0,0,0,31.256599999999978,1,0,Excluded: abnormal long stop,271,141
2021,20,Qatar Grand Prix,Losail International Circuit,tsunoda,9,1,25.659,alphatauri,0,0,0,31.256599999999978,1,0,Excluded: abnormal long stop,202,141
2021,20,Qatar Grand Prix,Losail International Circuit,tsunoda,34,2,26.674,alphatauri,0,0,0,31.256599999999978,1,0,Excluded: abnormal long stop,202,141
2021,20,Qatar Grand Prix,Losail International Circuit,vettel,26,1,25.726,aston_martin,0,0,0,31.256599999999978,1,0,Excluded: abnormal long stop,271,141
2021,21,Saudi Arabian Grand Prix,Jeddah Corniche Circuit,alonso,13,2,1.01985,alpine,0,0,0,1.1054228,0,1,Excluded: very short stop,249,90
2021,21,Saudi Arabian Grand Prix,Jeddah Corniche Circuit,alonso,15,3,1.101826,alpine,0,0,0,1.1054228,0,1,Excluded: very short stop,249,90
2021,21,Saudi Arabian Grand Prix,Jeddah Corniche Circuit,bottas,15,3,1.089473,mercedes,0,0,0,1.1054228,0,1,Excluded: very short stop,278,90
2021,21,Saudi Arabian Grand Prix,Jeddah Corniche Circuit,gasly,13,1,1.001775,alphatauri,0,0,0,1.1054228,0,1,Excluded: very short stop,202,90
2021,21,Saudi Arabian Grand Prix,Jeddah Corniche Circuit,gasly,15,2,1.092287,alphatauri,0,0,0,1.1054228,0,1,Excluded: very short stop,202,90
2021,21,Saudi Arabian Grand Prix,Jeddah Corniche Circuit,giovinazzi,13,1,1.004917,alfa,0,0,0,1.1054228,0,1,Excluded: very short stop,194,90
2021,21,Saudi Arabian Grand Prix,Jeddah Corniche Circuit,giovinazzi,15,2,1.094749,alfa,0,0,0,1.1054228,0,1,Excluded: very short stop,194,90
2021,21,Saudi Arabian Grand Prix,Jeddah Corniche Circuit,hamilton,15,3,1.086674,mercedes,0,0,0,1.1054228,0,1,Excluded: very short stop,278,90
2021,21,Saudi Arabian Grand Prix,Jeddah Corniche Circuit,latifi,13,2,1.0172569999999999,williams,0,0,0,1.1054228,0,1,Excluded: very short stop,271,90
2021,21,Saudi Arabian Grand Prix,Jeddah Corniche Circuit,latifi,15,3,1.107052,williams,0,0,0,1.1054228,1,1,Excluded: very short stop,271,90
2021,21,Saudi Arabian Grand Prix,Jeddah Corniche Circuit,leclerc,15,3,1.095192,ferrari,0,0,0,1.1054228,0,1,Excluded: very short stop,259,90
2021,21,Saudi Arabian Grand Prix,Jeddah Corniche Circuit,maxverstappen,15,2,1.087591,red_bull,0,0,0,1.1054228,0,1,Excluded: very short stop,292,90
2021,21,Saudi Arabian Grand Prix,Jeddah Corniche Circuit,mazepin,13,1,1.019226,haas,0,0,0,1.1054228,0,1,Excluded: very short stop,272,90
2021,21,Saudi Arabian Grand Prix,Jeddah Corniche Circuit,norris,13,2,1.017303,mclaren,0,0,0,1.1054228,0,1,Excluded: very short stop,270,90
2021,21,Saudi Arabian Grand Prix,Jeddah Corniche Circuit,norris,15,3,1.116576,mclaren,0,0,0,1.1054228,1,1,Excluded: very short stop,270,90
2021,21,Saudi Arabian Grand Prix,Jeddah Corniche Circuit,ocon,15,2,1.08829,alpine,0,0,0,1.1054228,0,1,Excluded: very short stop,249,90
2021,21,Saudi Arabian Grand Prix,Jeddah Corniche Circuit,perez,13,2,1.002619,red_bull,0,0,0,1.1054228,0,1,Excluded: very short stop,292,90
2021,21,Saudi Arabian Grand Prix,Jeddah Corniche Circuit,raikkonen,13,1,1.008569,alfa,0,0,0,1.1054228,0,1,Excluded: very short stop,194,90
2021,21,Saudi Arabian Grand Prix,Jeddah Corniche Circuit,raikkonen,15,2,1.0992819999999999,alfa,0,0,0,1.1054228,0,1,Excluded: very short stop,194,90
2021,21,Saudi Arabian Grand Prix,Jeddah Corniche Circuit,ricciardo,15,2,1.087296,mclaren,0,0,0,1.1054228,0,1,Excluded: very short stop,270,90
2021,21,Saudi Arabian Grand Prix,Jeddah Corniche Circuit,russell,13,2,1.021615,williams,0,0,0,1.1054228,0,1,Excluded: very short stop,271,90
2021,21,Saudi Arabian Grand Prix,Jeddah Corniche Circuit,sainz,13,1,1.004618,ferrari,0,0,0,1.1054228,0,1,Excluded: very short stop,259,90
2021,21,Saudi Arabian Grand Prix,Jeddah Corniche Circuit,sainz,15,2,1.097194,ferrari,0,0,0,1.1054228,0,1,Excluded: very short stop,259,90
2021,21,Saudi Arabian Grand Prix,Jeddah Corniche Circuit,stroll,13,2,1.020939,aston_martin,0,0,0,1.1054228,0,1,Excluded: very short stop,271,90
2021,21,Saudi Arabian Grand Prix,Jeddah Corniche Circuit,stroll,15,3,1.102979,aston_martin,0,0,0,1.1054228,0,1,Excluded: very short stop,271,90
2021,21,Saudi Arabian Grand Prix,Jeddah Corniche Circuit,tsunoda,13,1,1.006407,alphatauri,0,0,0,1.1054228,0,1,Excluded: very short stop,202,90
2021,21,Saudi Arabian Grand Prix,Jeddah Corniche Circuit,tsunoda,15,2,1.100644,alphatauri,0,0,0,1.1054228,0,1,Excluded: very short stop,202,90
2021,21,Saudi Arabian Grand Prix,Jeddah Corniche Circuit,vettel,13,1,1.0123039999999999,aston_martin,0,0,0,1.1054228,0,1,Excluded: very short stop,271,90
2021,21,Saudi Arabian Grand Prix,Jeddah Corniche Circuit,vettel,15,2,1.098749,aston_martin,0,0,0,1.1054228,0,1,Excluded: very short stop,271,90
2021,22,Abu Dhabi Grand Prix,Yas Marina Circuit,alonso,36,1,21.304,alpine,0,0,0,22.458599999999997,1,0,Excluded: abnormal long stop,249,125
2021,22,Abu Dhabi Grand Prix,Yas Marina Circuit,bottas,30,1,21.669,mercedes,0,0,0,22.458599999999997,1,0,Excluded: abnormal long stop,278,125
2021,22,Abu Dhabi Grand Prix,Yas Marina Circuit,gasly,36,1,22.133,alphatauri,0,0,0,22.458599999999997,1,0,Excluded: abnormal long stop,202,125
2021,22,Abu Dhabi Grand Prix,Yas Marina Circuit,gasly,54,2,21.92,alphatauri,0,0,0,22.458599999999997,1,0,Excluded: abnormal long stop,202,125
2021,22,Abu Dhabi Grand Prix,Yas Marina Circuit,giovinazzi,17,1,22.283,alfa,0,0,0,22.458599999999997,1,0,Excluded: abnormal long stop,194,125
2021,22,Abu Dhabi Grand Prix,Yas Marina Circuit,hamilton,14,1,21.595,mercedes,0,0,0,22.458599999999997,1,0,Excluded: abnormal long stop,278,125
2021,22,Abu Dhabi Grand Prix,Yas Marina Circuit,latifi,28,1,21.241,williams,0,0,0,22.458599999999997,1,0,Excluded: abnormal long stop,271,125
2021,22,Abu Dhabi Grand Prix,Yas Marina Circuit,leclerc,15,1,22.461,ferrari,0,0,0,22.458599999999997,1,0,Excluded: abnormal long stop,259,125
2021,22,Abu Dhabi Grand Prix,Yas Marina Circuit,leclerc,35,2,21.173,ferrari,0,0,0,22.458599999999997,1,0,Excluded: abnormal long stop,259,125
2021,22,Abu Dhabi Grand Prix,Yas Marina Circuit,maxverstappen,13,1,21.152,red_bull,0,0,0,22.458599999999997,1,0,Excluded: abnormal long stop,292,125
2021,22,Abu Dhabi Grand Prix,Yas Marina Circuit,maxverstappen,36,2,21.871,red_bull,0,0,0,22.458599999999997,1,0,Excluded: abnormal long stop,292,125
2021,22,Abu Dhabi Grand Prix,Yas Marina Circuit,maxverstappen,53,3,21.453,red_bull,0,0,0,22.458599999999997,1,0,Excluded: abnormal long stop,292,125
2021,22,Abu Dhabi Grand Prix,Yas Marina Circuit,mickschumacher,10,1,22.124,haas,0,0,0,22.458599999999997,1,0,Excluded: abnormal long stop,272,125
2021,22,Abu Dhabi Grand Prix,Yas Marina Circuit,mickschumacher,52,2,22.07,haas,0,0,0,22.458599999999997,1,0,Excluded: abnormal long stop,272,125
2021,22,Abu Dhabi Grand Prix,Yas Marina Circuit,norris,17,1,21.38,mclaren,0,0,0,22.458599999999997,1,0,Excluded: abnormal long stop,270,125
2021,22,Abu Dhabi Grand Prix,Yas Marina Circuit,norris,48,2,22.173,mclaren,0,0,0,22.458599999999997,1,0,Excluded: abnormal long stop,270,125
2021,22,Abu Dhabi Grand Prix,Yas Marina Circuit,ocon,15,1,21.677,alpine,0,0,0,22.458599999999997,1,0,Excluded: abnormal long stop,249,125
2021,22,Abu Dhabi Grand Prix,Yas Marina Circuit,perez,21,1,21.471,red_bull,0,0,0,22.458599999999997,1,0,Excluded: abnormal long stop,292,125
2021,22,Abu Dhabi Grand Prix,Yas Marina Circuit,perez,36,2,21.413,red_bull,0,0,0,22.458599999999997,1,0,Excluded: abnormal long stop,292,125
2021,22,Abu Dhabi Grand Prix,Yas Marina Circuit,perez,53,3,21.385,red_bull,0,0,0,22.458599999999997,1,0,Excluded: abnormal long stop,292,125
2021,22,Abu Dhabi Grand Prix,Yas Marina Circuit,raikkonen,21,1,22.338,alfa,0,0,0,22.458599999999997,1,0,Excluded: abnormal long stop,194,125
2021,22,Abu Dhabi Grand Prix,Yas Marina Circuit,ricciardo,18,1,21.449,mclaren,0,0,0,22.458599999999997,1,0,Excluded: abnormal long stop,270,125
2021,22,Abu Dhabi Grand Prix,Yas Marina Circuit,ricciardo,52,2,22.056,mclaren,0,0,0,22.458599999999997,1,0,Excluded: abnormal long stop,270,125
2021,22,Abu Dhabi Grand Prix,Yas Marina Circuit,sainz,19,1,22.213,ferrari,0,0,0,22.458599999999997,1,0,Excluded: abnormal long stop,259,125
2021,22,Abu Dhabi Grand Prix,Yas Marina Circuit,stroll,21,1,22.288,aston_martin,0,0,0,22.458599999999997,1,0,Excluded: abnormal long stop,271,125
2021,22,Abu Dhabi Grand Prix,Yas Marina Circuit,stroll,52,2,22.661,aston_martin,0,0,0,22.458599999999997,1,0,Excluded: abnormal long stop,271,125
2021,22,Abu Dhabi Grand Prix,Yas Marina Circuit,tsunoda,23,1,22.455,alphatauri,0,0,0,22.458599999999997,1,0,Excluded: abnormal long stop,202,125
2021,22,Abu Dhabi Grand Prix,Yas Marina Circuit,tsunoda,53,2,21.909,alphatauri,0,0,0,22.458599999999997,1,0,Excluded: abnormal long stop,202,125
2021,22,Abu Dhabi Grand Prix,Yas Marina Circuit,vettel,23,1,21.221,aston_martin,0,0,0,22.458599999999997,1,0,Excluded: abnormal long stop,271,125
2022,1,Bahrain Grand Prix,Bahrain International Circuit,albon,13,1,24.874,williams,0,1,0.14844444444444443,27.365299999999998,1,0,Excluded: abnormal long stop,271,190
2022,1,Bahrain Grand Prix,Bahrain International Circuit,albon,35,2,25.57,williams,0,1,0.14844444444444443,27.365299999999998,1,0,Excluded: abnormal long stop,271,190
2022,1,Bahrain Grand Prix,Bahrain International Circuit,albon,46,3,25.055,williams,0,1,0.14844444444444443,27.365299999999998,1,0,Excluded: abnormal long stop,271,190
2022,1,Bahrain Grand Prix,Bahrain International Circuit,alonso,11,1,25.365,alpine,0,1,0.14844444444444443,27.365299999999998,1,0,Excluded: abnormal long stop,249,190
2022,1,Bahrain Grand Prix,Bahrain International Circuit,alonso,25,2,24.909,alpine,0,1,0.14844444444444443,27.365299999999998,1,0,Excluded: abnormal long stop,249,190
2022,1,Bahrain Grand Prix,Bahrain International Circuit,alonso,42,3,24.508,alpine,0,1,0.14844444444444443,27.365299999999998,1,0,Excluded: abnormal long stop,249,190
2022,1,Bahrain Grand Prix,Bahrain International Circuit,bottas,14,1,25.893,alfa,0,1,0.14844444444444443,27.365299999999998,1,0,Excluded: abnormal long stop,194,190
2022,1,Bahrain Grand Prix,Bahrain International Circuit,bottas,36,2,25.156,alfa,0,1,0.14844444444444443,27.365299999999998,1,0,Excluded: abnormal long stop,194,190
2022,1,Bahrain Grand Prix,Bahrain International Circuit,bottas,45,3,25.188,alfa,0,1,0.14844444444444443,27.365299999999998,1,0,Excluded: abnormal long stop,194,190
2022,1,Bahrain Grand Prix,Bahrain International Circuit,gasly,14,1,24.575,alphatauri,0,1,0.14844444444444443,27.365299999999998,1,0,Excluded: abnormal long stop,202,190
2022,1,Bahrain Grand Prix,Bahrain International Circuit,gasly,32,2,25.875,alphatauri,0,1,0.14844444444444443,27.365299999999998,1,0,Excluded: abnormal long stop,202,190
2022,1,Bahrain Grand Prix,Bahrain International Circuit,hamilton,11,1,25.201,mercedes,0,1,0.14844444444444443,27.365299999999998,1,0,Excluded: abnormal long stop,278,190
2022,1,Bahrain Grand Prix,Bahrain International Circuit,hamilton,27,2,25.796,mercedes,0,1,0.14844444444444443,27.365299999999998,1,0,Excluded: abnormal long stop,278,190
2022,1,Bahrain Grand Prix,Bahrain International Circuit,hamilton,44,3,25.579,mercedes,0,1,0.14844444444444443,27.365299999999998,1,0,Excluded: abnormal long stop,278,190
2022,1,Bahrain Grand Prix,Bahrain International Circuit,hulkenberg,19,1,27.365,aston_martin,0,1,0.14844444444444443,27.365299999999998,1,0,Excluded: abnormal long stop,271,190
2022,1,Bahrain Grand Prix,Bahrain International Circuit,hulkenberg,37,2,26.712,aston_martin,0,1,0.14844444444444443,27.365299999999998,1,0,Excluded: abnormal long stop,271,190
2022,1,Bahrain Grand Prix,Bahrain International Circuit,hulkenberg,44,3,25.748,aston_martin,0,1,0.14844444444444443,27.365299999999998,1,0,Excluded: abnormal long stop,271,190
2022,1,Bahrain Grand Prix,Bahrain International Circuit,kevinmagnussen,14,1,25.478,haas,0,1,0.14844444444444443,27.365299999999998,1,0,Excluded: abnormal long stop,272,190
2022,1,Bahrain Grand Prix,Bahrain International Circuit,kevinmagnussen,34,2,25.876,haas,0,1,0.14844444444444443,27.365299999999998,1,0,Excluded: abnormal long stop,272,190
2022,1,Bahrain Grand Prix,Bahrain International Circuit,kevinmagnussen,46,3,26.051,haas,0,1,0.14844444444444443,27.365299999999998,1,0,Excluded: abnormal long stop,272,190
2022,1,Bahrain Grand Prix,Bahrain International Circuit,latifi,14,1,24.457,williams,0,1,0.14844444444444443,27.365299999999998,1,0,Excluded: abnormal long stop,271,190
2022,1,Bahrain Grand Prix,Bahrain International Circuit,latifi,32,2,24.778,williams,0,1,0.14844444444444443,27.365299999999998,1,0,Excluded: abnormal long stop,271,190
2022,1,Bahrain Grand Prix,Bahrain International Circuit,latifi,45,3,24.658,williams,0,1,0.14844444444444443,27.365299999999998,1,0,Excluded: abnormal long stop,271,190
2022,1,Bahrain Grand Prix,Bahrain International Circuit,leclerc,15,1,25.012,ferrari,0,1,0.14844444444444443,27.365299999999998,1,0,Excluded: abnormal long stop,259,190
2022,1,Bahrain Grand Prix,Bahrain International Circuit,leclerc,31,2,24.527,ferrari,0,1,0.14844444444444443,27.365299999999998,1,0,Excluded: abnormal long stop,259,190
2022,1,Bahrain Grand Prix,Bahrain International Circuit,leclerc,46,3,24.613,ferrari,0,1,0.14844444444444443,27.365299999999998,1,0,Excluded: abnormal long stop,259,190
2022,1,Bahrain Grand Prix,Bahrain International Circuit,maxverstappen,14,1,24.897,red_bull,0,1,0.14844444444444443,27.365299999999998,1,0,Excluded: abnormal long stop,292,190
2022,1,Bahrain Grand Prix,Bahrain International Circuit,maxverstappen,30,2,24.937,red_bull,0,1,0.14844444444444443,27.365299999999998,1,0,Excluded: abnormal long stop,292,190
2022,1,Bahrain Grand Prix,Bahrain International Circuit,maxverstappen,43,3,24.402,red_bull,0,1,0.14844444444444443,27.365299999999998,1,0,Excluded: abnormal long stop,292,190
2022,1,Bahrain Grand Prix,Bahrain International Circuit,mickschumacher,12,1,25.214,haas,0,1,0.14844444444444443,27.365299999999998,1,0,Excluded: abnormal long stop,272,190
2022,1,Bahrain Grand Prix,Bahrain International Circuit,mickschumacher,35,2,25.586,haas,0,1,0.14844444444444443,27.365299999999998,1,0,Excluded: abnormal long stop,272,190
2022,1,Bahrain Grand Prix,Bahrain International Circuit,norris,24,1,24.568,mclaren,0,1,0.14844444444444443,27.365299999999998,1,0,Excluded: abnormal long stop,270,190
2022,1,Bahrain Grand Prix,Bahrain International Circuit,norris,41,2,27.367,mclaren,0,1,0.14844444444444443,27.365299999999998,1,0,Excluded: abnormal long stop,270,190
2022,1,Bahrain Grand Prix,Bahrain International Circuit,norris,45,3,24.975,mclaren,0,1,0.14844444444444443,27.365299999999998,1,0,Excluded: abnormal long stop,270,190
2022,1,Bahrain Grand Prix,Bahrain International Circuit,ocon,14,1,30.484,alpine,0,1,0.14844444444444443,27.365299999999998,1,0,Excluded: abnormal long stop,249,190
2022,1,Bahrain Grand Prix,Bahrain International Circuit,ocon,30,2,25.393,alpine,0,1,0.14844444444444443,27.365299999999998,1,0,Excluded: abnormal long stop,249,190
2022,1,Bahrain Grand Prix,Bahrain International Circuit,ocon,43,3,24.233,alpine,0,1,0.14844444444444443,27.365299999999998,1,0,Excluded: abnormal long stop,249,190
2022,1,Bahrain Grand Prix,Bahrain International Circuit,perez,15,1,25.046,red_bull,0,1,0.14844444444444443,27.365299999999998,1,0,Excluded: abnormal long stop,292,190
2022,1,Bahrain Grand Prix,Bahrain International Circuit,perez,33,2,24.173,red_bull,0,1,0.14844444444444443,27.365299999999998,1,0,Excluded: abnormal long stop,292,190
2022,1,Bahrain Grand Prix,Bahrain International Circuit,perez,43,3,24.947,red_bull,0,1,0.14844444444444443,27.365299999999998,1,0,Excluded: abnormal long stop,292,190
2022,1,Bahrain Grand Prix,Bahrain International Circuit,ricciardo,17,1,24.915,mclaren,0,1,0.14844444444444443,27.365299999999998,1,0,Excluded: abnormal long stop,270,190
2022,1,Bahrain Grand Prix,Bahrain International Circuit,ricciardo,33,2,24.885,mclaren,0,1,0.14844444444444443,27.365299999999998,1,0,Excluded: abnormal long stop,270,190
2022,1,Bahrain Grand Prix,Bahrain International Circuit,ricciardo,44,3,25.139,mclaren,0,1,0.14844444444444443,27.365299999999998,1,0,Excluded: abnormal long stop,270,190
2022,1,Bahrain Grand Prix,Bahrain International Circuit,russell,15,1,25.888,mercedes,0,1,0.14844444444444443,27.365299999999998,1,0,Excluded: abnormal long stop,278,190
2022,1,Bahrain Grand Prix,Bahrain International Circuit,russell,33,2,25.334,mercedes,0,1,0.14844444444444443,27.365299999999998,1,0,Excluded: abnormal long stop,278,190
2022,1,Bahrain Grand Prix,Bahrain International Circuit,russell,45,3,25.574,mercedes,0,1,0.14844444444444443,27.365299999999998,1,0,Excluded: abnormal long stop,278,190
2022,1,Bahrain Grand Prix,Bahrain International Circuit,sainz,14,1,24.666,ferrari,0,1,0.14844444444444443,27.365299999999998,1,0,Excluded: abnormal long stop,259,190
2022,1,Bahrain Grand Prix,Bahrain International Circuit,sainz,33,2,24.438,ferrari,0,1,0.14844444444444443,27.365299999999998,1,0,Excluded: abnormal long stop,259,190
2022,1,Bahrain Grand Prix,Bahrain International Circuit,sainz,44,3,24.287,ferrari,0,1,0.14844444444444443,27.365299999999998,1,0,Excluded: abnormal long stop,259,190
2022,1,Bahrain Grand Prix,Bahrain International Circuit,stroll,18,1,25.739,aston_martin,0,1,0.14844444444444443,27.365299999999998,1,0,Excluded: abnormal long stop,271,190
2022,1,Bahrain Grand Prix,Bahrain International Circuit,stroll,38,2,26.957,aston_martin,0,1,0.14844444444444443,27.365299999999998,1,0,Excluded: abnormal long stop,271,190
2022,1,Bahrain Grand Prix,Bahrain International Circuit,stroll,45,3,25.039,aston_martin,0,1,0.14844444444444443,27.365299999999998,1,0,Excluded: abnormal long stop,271,190
2022,1,Bahrain Grand Prix,Bahrain International Circuit,tsunoda,15,1,26.095,alphatauri,0,1,0.14844444444444443,27.365299999999998,1,0,Excluded: abnormal long stop,202,190
2022,1,Bahrain Grand Prix,Bahrain International Circuit,tsunoda,29,2,24.35,alphatauri,0,1,0.14844444444444443,27.365299999999998,1,0,Excluded: abnormal long stop,202,190
2022,1,Bahrain Grand Prix,Bahrain International Circuit,tsunoda,44,3,24.188,alphatauri,0,1,0.14844444444444443,27.365299999999998,1,0,Excluded: abnormal long stop,202,190
2022,1,Bahrain Grand Prix,Bahrain International Circuit,zhou,15,1,25.428,alfa,0,1,0.14844444444444443,27.365299999999998,1,0,Excluded: abnormal long stop,194,190
2022,1,Bahrain Grand Prix,Bahrain International Circuit,zhou,37,2,25.291,alfa,0,1,0.14844444444444443,27.365299999999998,1,0,Excluded: abnormal long stop,194,190
2022,1,Bahrain Grand Prix,Bahrain International Circuit,zhou,45,3,28.647,alfa,0,1,0.14844444444444443,27.365299999999998,1,0,Excluded: abnormal long stop,194,190
2022,2,Saudi Arabian Grand Prix,Jeddah Corniche Circuit,albon,13,1,20.683,williams,0,1,0.23170731707317074,23.91139999999998,1,0,Excluded: abnormal long stop,271,90
2022,2,Saudi Arabian Grand Prix,Jeddah Corniche Circuit,alonso,16,1,21.543,alpine,0,1,0.23170731707317074,23.91139999999998,1,0,Excluded: abnormal long stop,249,90
2022,2,Saudi Arabian Grand Prix,Jeddah Corniche Circuit,bottas,16,1,22.561,alfa,0,1,0.23170731707317074,23.91139999999998,1,0,Excluded: abnormal long stop,194,90
2022,2,Saudi Arabian Grand Prix,Jeddah Corniche Circuit,bottas,35,2,22.71,alfa,0,1,0.23170731707317074,23.91139999999998,1,0,Excluded: abnormal long stop,194,90
2022,2,Saudi Arabian Grand Prix,Jeddah Corniche Circuit,gasly,15,1,22.82,alphatauri,0,1,0.23170731707317074,23.91139999999998,1,0,Excluded: abnormal long stop,202,90
2022,2,Saudi Arabian Grand Prix,Jeddah Corniche Circuit,hamilton,40,1,21.788,mercedes,0,1,0.23170731707317074,23.91139999999998,1,0,Excluded: abnormal long stop,278,90
2022,2,Saudi Arabian Grand Prix,Jeddah Corniche Circuit,hulkenberg,37,1,21.425,aston_martin,0,1,0.23170731707317074,23.91139999999998,1,0,Excluded: abnormal long stop,271,90
2022,2,Saudi Arabian Grand Prix,Jeddah Corniche Circuit,kevinmagnussen,37,1,22.374,haas,0,1,0.23170731707317074,23.91139999999998,1,0,Excluded: abnormal long stop,272,90
2022,2,Saudi Arabian Grand Prix,Jeddah Corniche Circuit,leclerc,16,1,21.038,ferrari,0,1,0.23170731707317074,23.91139999999998,1,0,Excluded: abnormal long stop,259,90
2022,2,Saudi Arabian Grand Prix,Jeddah Corniche Circuit,maxverstappen,16,1,20.731,red_bull,0,1,0.23170731707317074,23.91139999999998,1,0,Excluded: abnormal long stop,292,90
2022,2,Saudi Arabian Grand Prix,Jeddah Corniche Circuit,norris,16,1,20.383,mclaren,0,1,0.23170731707317074,23.91139999999998,1,0,Excluded: abnormal long stop,270,90
2022,2,Saudi Arabian Grand Prix,Jeddah Corniche Circuit,ocon,16,1,21.141,alpine,0,1,0.23170731707317074,23.91139999999998,1,0,Excluded: abnormal long stop,249,90
2022,2,Saudi Arabian Grand Prix,Jeddah Corniche Circuit,perez,15,1,20.481,red_bull,0,1,0.23170731707317074,23.91139999999998,1,0,Excluded: abnormal long stop,292,90
2022,2,Saudi Arabian Grand Prix,Jeddah Corniche Circuit,ricciardo,8,1,20.65,mclaren,0,1,0.23170731707317074,23.91139999999998,1,0,Excluded: abnormal long stop,270,90
2022,2,Saudi Arabian Grand Prix,Jeddah Corniche Circuit,russell,16,1,21.415,mercedes,0,1,0.23170731707317074,23.91139999999998,1,0,Excluded: abnormal long stop,278,90
2022,2,Saudi Arabian Grand Prix,Jeddah Corniche Circuit,sainz,16,1,21.521,ferrari,0,1,0.23170731707317074,23.91139999999998,1,0,Excluded: abnormal long stop,259,90
2022,2,Saudi Arabian Grand Prix,Jeddah Corniche Circuit,stroll,13,1,22.339,aston_martin,0,1,0.23170731707317074,23.91139999999998,1,0,Excluded: abnormal long stop,271,90
2022,2,Saudi Arabian Grand Prix,Jeddah Corniche Circuit,zhou,16,1,33.734,alfa,0,1,0.23170731707317074,23.91139999999998,1,0,Excluded: abnormal long stop,194,90
2022,2,Saudi Arabian Grand Prix,Jeddah Corniche Circuit,zhou,27,2,15.103,alfa,0,1,0.23170731707317074,23.91139999999998,1,0,Excluded: abnormal long stop,194,90
2022,3,Australian Grand Prix,Albert Park Grand Prix Circuit,albon,57,1,19.845,williams,0,1,0.1923444976076555,19.80915,1,0,Excluded: abnormal long stop,271,70
2022,3,Australian Grand Prix,Albert Park Grand Prix Circuit,alonso,39,1,18.796,alpine,0,1,0.1923444976076555,19.80915,1,0,Excluded: abnormal long stop,249,70
2022,3,Australian Grand Prix,Albert Park Grand Prix Circuit,alonso,53,2,18.394,alpine,0,1,0.1923444976076555,19.80915,1,0,Excluded: abnormal long stop,249,70
2022,3,Australian Grand Prix,Albert Park Grand Prix Circuit,bottas,22,1,18.413,alfa,0,1,0.1923444976076555,19.80915,1,0,Excluded: abnormal long stop,194,70
2022,3,Australian Grand Prix,Albert Park Grand Prix Circuit,gasly,21,1,18.926,alphatauri,0,1,0.1923444976076555,19.80915,1,0,Excluded: abnormal long stop,202,70
2022,3,Australian Grand Prix,Albert Park Grand Prix Circuit,hamilton,22,1,17.877,mercedes,0,1,0.1923444976076555,19.80915,1,0,Excluded: abnormal long stop,278,70
2022,3,Australian Grand Prix,Albert Park Grand Prix Circuit,kevinmagnussen,39,1,19.111,haas,0,1,0.1923444976076555,19.80915,1,0,Excluded: abnormal long stop,272,70
2022,3,Australian Grand Prix,Albert Park Grand Prix Circuit,latifi,13,1,18.552,williams,0,1,0.1923444976076555,19.80915,1,0,Excluded: abnormal long stop,271,70
2022,3,Australian Grand Prix,Albert Park Grand Prix Circuit,latifi,23,2,17.936,williams,0,1,0.1923444976076555,19.80915,1,0,Excluded: abnormal long stop,271,70
2022,3,Australian Grand Prix,Albert Park Grand Prix Circuit,leclerc,22,1,17.973,ferrari,0,1,0.1923444976076555,19.80915,1,0,Excluded: abnormal long stop,259,70
2022,3,Australian Grand Prix,Albert Park Grand Prix Circuit,maxverstappen,18,1,18.281,red_bull,0,1,0.1923444976076555,19.80915,1,0,Excluded: abnormal long stop,292,70
2022,3,Australian Grand Prix,Albert Park Grand Prix Circuit,mickschumacher,14,1,19.039,haas,0,1,0.1923444976076555,19.80915,1,0,Excluded: abnormal long stop,272,70
2022,3,Australian Grand Prix,Albert Park Grand Prix Circuit,norris,20,1,17.556,mclaren,0,1,0.1923444976076555,19.80915,1,0,Excluded: abnormal long stop,270,70
2022,3,Australian Grand Prix,Albert Park Grand Prix Circuit,ocon,17,1,19.128,alpine,0,1,0.1923444976076555,19.80915,1,0,Excluded: abnormal long stop,249,70
2022,3,Australian Grand Prix,Albert Park Grand Prix Circuit,perez,20,1,17.434,red_bull,0,1,0.1923444976076555,19.80915,1,0,Excluded: abnormal long stop,292,70
2022,3,Australian Grand Prix,Albert Park Grand Prix Circuit,ricciardo,21,1,18.15,mclaren,0,1,0.1923444976076555,19.80915,1,0,Excluded: abnormal long stop,270,70
2022,3,Australian Grand Prix,Albert Park Grand Prix Circuit,russell,23,1,18.479,mercedes,0,1,0.1923444976076555,19.80915,1,0,Excluded: abnormal long stop,278,70
2022,3,Australian Grand Prix,Albert Park Grand Prix Circuit,stroll,3,1,18.242,aston_martin,0,1,0.1923444976076555,19.80915,1,0,Excluded: abnormal long stop,271,70
2022,3,Australian Grand Prix,Albert Park Grand Prix Circuit,stroll,4,2,18.56,aston_martin,0,1,0.1923444976076555,19.80915,1,0,Excluded: abnormal long stop,271,70
2022,3,Australian Grand Prix,Albert Park Grand Prix Circuit,stroll,23,3,20.402,aston_martin,0,1,0.1923444976076555,19.80915,1,0,Excluded: abnormal long stop,271,70
2022,3,Australian Grand Prix,Albert Park Grand Prix Circuit,tsunoda,18,1,18.443,alphatauri,0,1,0.1923444976076555,19.80915,1,0,Excluded: abnormal long stop,202,70
2022,3,Australian Grand Prix,Albert Park Grand Prix Circuit,zhou,21,1,18.38,alfa,0,1,0.1923444976076555,19.80915,1,0,Excluded: abnormal long stop,194,70
2022,4,Emilia Romagna Grand Prix,Autodromo Enzo e Dino Ferrari,albon,17,1,30.793,williams,0,1,0.1068904593639576,36.00099999999999,1,0,Excluded: abnormal long stop,271,69
2022,4,Emilia Romagna Grand Prix,Autodromo Enzo e Dino Ferrari,bottas,18,1,40.957,alfa,0,1,0.1068904593639576,36.00099999999999,1,0,Excluded: abnormal long stop,194,69
2022,4,Emilia Romagna Grand Prix,Autodromo Enzo e Dino Ferrari,gasly,17,1,30.405,alphatauri,0,1,0.1068904593639576,36.00099999999999,1,0,Excluded: abnormal long stop,202,69
2022,4,Emilia Romagna Grand Prix,Autodromo Enzo e Dino Ferrari,hamilton,18,1,32.74,mercedes,0,1,0.1068904593639576,36.00099999999999,1,0,Excluded: abnormal long stop,278,69
2022,4,Emilia Romagna Grand Prix,Autodromo Enzo e Dino Ferrari,kevinmagnussen,18,1,33.765,haas,0,1,0.1068904593639576,36.00099999999999,1,0,Excluded: abnormal long stop,272,69
2022,4,Emilia Romagna Grand Prix,Autodromo Enzo e Dino Ferrari,latifi,18,1,31.125,williams,0,1,0.1068904593639576,36.00099999999999,1,0,Excluded: abnormal long stop,271,69
2022,4,Emilia Romagna Grand Prix,Autodromo Enzo e Dino Ferrari,leclerc,19,1,31.794,ferrari,0,1,0.1068904593639576,36.00099999999999,1,0,Excluded: abnormal long stop,259,69
2022,4,Emilia Romagna Grand Prix,Autodromo Enzo e Dino Ferrari,leclerc,49,2,30.042,ferrari,0,1,0.1068904593639576,36.00099999999999,1,0,Excluded: abnormal long stop,259,69
2022,4,Emilia Romagna Grand Prix,Autodromo Enzo e Dino Ferrari,leclerc,53,3,36.56,ferrari,0,1,0.1068904593639576,36.00099999999999,1,0,Excluded: abnormal long stop,259,69
2022,4,Emilia Romagna Grand Prix,Autodromo Enzo e Dino Ferrari,maxverstappen,19,1,30.001,red_bull,0,1,0.1068904593639576,36.00099999999999,1,0,Excluded: abnormal long stop,292,69
2022,4,Emilia Romagna Grand Prix,Autodromo Enzo e Dino Ferrari,maxverstappen,51,2,29.942,red_bull,0,1,0.1068904593639576,36.00099999999999,1,0,Excluded: abnormal long stop,292,69
2022,4,Emilia Romagna Grand Prix,Autodromo Enzo e Dino Ferrari,mickschumacher,18,1,31.32,haas,0,1,0.1068904593639576,36.00099999999999,1,0,Excluded: abnormal long stop,272,69
2022,4,Emilia Romagna Grand Prix,Autodromo Enzo e Dino Ferrari,mickschumacher,52,2,30.984,haas,0,1,0.1068904593639576,36.00099999999999,1,0,Excluded: abnormal long stop,272,69
2022,4,Emilia Romagna Grand Prix,Autodromo Enzo e Dino Ferrari,norris,19,1,30.07,mclaren,0,1,0.1068904593639576,36.00099999999999,1,0,Excluded: abnormal long stop,270,69
2022,4,Emilia Romagna Grand Prix,Autodromo Enzo e Dino Ferrari,ocon,18,1,31.409,alpine,0,1,0.1068904593639576,36.00099999999999,1,0,Excluded: abnormal long stop,249,69
2022,4,Emilia Romagna Grand Prix,Autodromo Enzo e Dino Ferrari,perez,18,1,30.366,red_bull,0,1,0.1068904593639576,36.00099999999999,1,0,Excluded: abnormal long stop,292,69
2022,4,Emilia Romagna Grand Prix,Autodromo Enzo e Dino Ferrari,perez,50,2,29.627,red_bull,0,1,0.1068904593639576,36.00099999999999,1,0,Excluded: abnormal long stop,292,69
2022,4,Emilia Romagna Grand Prix,Autodromo Enzo e Dino Ferrari,ricciardo,2,1,32.362,mclaren,0,1,0.1068904593639576,36.00099999999999,1,0,Excluded: abnormal long stop,270,69
2022,4,Emilia Romagna Grand Prix,Autodromo Enzo e Dino Ferrari,ricciardo,16,2,30.422,mclaren,0,1,0.1068904593639576,36.00099999999999,1,0,Excluded: abnormal long stop,270,69
2022,4,Emilia Romagna Grand Prix,Autodromo Enzo e Dino Ferrari,ricciardo,30,3,30.155,mclaren,0,1,0.1068904593639576,36.00099999999999,1,0,Excluded: abnormal long stop,270,69
2022,4,Emilia Romagna Grand Prix,Autodromo Enzo e Dino Ferrari,russell,18,1,31.079,mercedes,0,1,0.1068904593639576,36.00099999999999,1,0,Excluded: abnormal long stop,278,69
2022,4,Emilia Romagna Grand Prix,Autodromo Enzo e Dino Ferrari,stroll,18,1,32.667,aston_martin,0,1,0.1068904593639576,36.00099999999999,1,0,Excluded: abnormal long stop,271,69
2022,4,Emilia Romagna Grand Prix,Autodromo Enzo e Dino Ferrari,tsunoda,18,1,30.372,alphatauri,0,1,0.1068904593639576,36.00099999999999,1,0,Excluded: abnormal long stop,202,69
2022,4,Emilia Romagna Grand Prix,Autodromo Enzo e Dino Ferrari,vettel,17,1,30.484,aston_martin,0,1,0.1068904593639576,36.00099999999999,1,0,Excluded: abnormal long stop,271,69
2022,4,Emilia Romagna Grand Prix,Autodromo Enzo e Dino Ferrari,zhou,18,1,32.203,alfa,0,1,0.1068904593639576,36.00099999999999,1,0,Excluded: abnormal long stop,194,69
2022,5,Miami Grand Prix,Miami International Autodrome,albon,16,1,20.059,williams,0,1,0.18826868495742669,21.977999999999998,1,0,Excluded: abnormal long stop,271,73
2022,5,Miami Grand Prix,Miami International Autodrome,alonso,15,1,21.638,alpine,0,1,0.18826868495742669,21.977999999999998,1,0,Excluded: abnormal long stop,249,73
2022,5,Miami Grand Prix,Miami International Autodrome,bottas,26,1,19.614,alfa,0,1,0.18826868495742669,21.977999999999998,1,0,Excluded: abnormal long stop,194,73
2022,5,Miami Grand Prix,Miami International Autodrome,gasly,16,1,19.543,alphatauri,0,1,0.18826868495742669,21.977999999999998,1,0,Excluded: abnormal long stop,202,73
2022,5,Miami Grand Prix,Miami International Autodrome,gasly,40,2,19.007,alphatauri,0,1,0.18826868495742669,21.977999999999998,1,0,Excluded: abnormal long stop,202,73
2022,5,Miami Grand Prix,Miami International Autodrome,hamilton,22,1,18.82,mercedes,0,1,0.18826868495742669,21.977999999999998,1,0,Excluded: abnormal long stop,278,73
2022,5,Miami Grand Prix,Miami International Autodrome,kevinmagnussen,12,1,19.76,haas,0,1,0.18826868495742669,21.977999999999998,1,0,Excluded: abnormal long stop,272,73
2022,5,Miami Grand Prix,Miami International Autodrome,kevinmagnussen,42,2,20.673,haas,0,1,0.18826868495742669,21.977999999999998,1,0,Excluded: abnormal long stop,272,73
2022,5,Miami Grand Prix,Miami International Autodrome,latifi,34,1,19.185,williams,0,1,0.18826868495742669,21.977999999999998,1,0,Excluded: abnormal long stop,271,73
2022,5,Miami Grand Prix,Miami International Autodrome,leclerc,24,1,19.697,ferrari,0,1,0.18826868495742669,21.977999999999998,1,0,Excluded: abnormal long stop,259,73
2022,5,Miami Grand Prix,Miami International Autodrome,maxverstappen,26,1,18.798,red_bull,0,1,0.18826868495742669,21.977999999999998,1,0,Excluded: abnormal long stop,292,73
2022,5,Miami Grand Prix,Miami International Autodrome,mickschumacher,14,1,20.413,haas,0,1,0.18826868495742669,21.977999999999998,1,0,Excluded: abnormal long stop,272,73
2022,5,Miami Grand Prix,Miami International Autodrome,mickschumacher,54,2,32.381,haas,0,1,0.18826868495742669,21.977999999999998,1,0,Excluded: abnormal long stop,272,73
2022,5,Miami Grand Prix,Miami International Autodrome,norris,18,1,19.986,mclaren,0,1,0.18826868495742669,21.977999999999998,1,0,Excluded: abnormal long stop,270,73
2022,5,Miami Grand Prix,Miami International Autodrome,ocon,41,1,19.019,alpine,0,1,0.18826868495742669,21.977999999999998,1,0,Excluded: abnormal long stop,249,73
2022,5,Miami Grand Prix,Miami International Autodrome,perez,27,1,18.519,red_bull,0,1,0.18826868495742669,21.977999999999998,1,0,Excluded: abnormal long stop,292,73
2022,5,Miami Grand Prix,Miami International Autodrome,perez,41,2,18.433,red_bull,0,1,0.18826868495742669,21.977999999999998,1,0,Excluded: abnormal long stop,292,73
2022,5,Miami Grand Prix,Miami International Autodrome,ricciardo,30,1,19.484,mclaren,0,1,0.18826868495742669,21.977999999999998,1,0,Excluded: abnormal long stop,270,73
2022,5,Miami Grand Prix,Miami International Autodrome,ricciardo,41,2,19.28,mclaren,0,1,0.18826868495742669,21.977999999999998,1,0,Excluded: abnormal long stop,270,73
2022,5,Miami Grand Prix,Miami International Autodrome,russell,40,1,19.035,mercedes,0,1,0.18826868495742669,21.977999999999998,1,0,Excluded: abnormal long stop,278,73
2022,5,Miami Grand Prix,Miami International Autodrome,sainz,27,1,22.063,ferrari,0,1,0.18826868495742669,21.977999999999998,1,0,Excluded: abnormal long stop,259,73
2022,5,Miami Grand Prix,Miami International Autodrome,stroll,40,1,19.074,aston_martin,0,1,0.18826868495742669,21.977999999999998,1,0,Excluded: abnormal long stop,271,73
2022,5,Miami Grand Prix,Miami International Autodrome,tsunoda,11,1,18.87,alphatauri,0,1,0.18826868495742669,21.977999999999998,1,0,Excluded: abnormal long stop,202,73
2022,5,Miami Grand Prix,Miami International Autodrome,tsunoda,41,2,19.618,alphatauri,0,1,0.18826868495742669,21.977999999999998,1,0,Excluded: abnormal long stop,202,73
2022,5,Miami Grand Prix,Miami International Autodrome,vettel,41,1,19.861,aston_martin,0,1,0.18826868495742669,21.977999999999998,1,0,Excluded: abnormal long stop,271,73
2022,6,Spanish Grand Prix,Circuit de Barcelona-Catalunya,albon,11,1,23.419,williams,0,1,0.05203252032520325,23.845,1,0,Excluded: abnormal long stop,271,172
2022,6,Spanish Grand Prix,Circuit de Barcelona-Catalunya,albon,25,2,22.657,williams,0,1,0.05203252032520325,23.845,1,0,Excluded: abnormal long stop,271,172
2022,6,Spanish Grand Prix,Circuit de Barcelona-Catalunya,albon,45,3,23.328,williams,0,1,0.05203252032520325,23.845,1,0,Excluded: abnormal long stop,271,172
2022,6,Spanish Grand Prix,Circuit de Barcelona-Catalunya,albon,54,4,23.404,williams,0,1,0.05203252032520325,23.845,1,0,Excluded: abnormal long stop,271,172
2022,6,Spanish Grand Prix,Circuit de Barcelona-Catalunya,alonso,10,1,22.375,alpine,0,1,0.05203252032520325,23.845,1,0,Excluded: abnormal long stop,249,172
2022,6,Spanish Grand Prix,Circuit de Barcelona-Catalunya,alonso,31,2,21.914,alpine,0,1,0.05203252032520325,23.845,1,0,Excluded: abnormal long stop,249,172
2022,6,Spanish Grand Prix,Circuit de Barcelona-Catalunya,alonso,53,3,25.407,alpine,0,1,0.05203252032520325,23.845,1,0,Excluded: abnormal long stop,249,172
2022,6,Spanish Grand Prix,Circuit de Barcelona-Catalunya,bottas,14,1,22.987,alfa,0,1,0.05203252032520325,23.845,1,0,Excluded: abnormal long stop,194,172
2022,6,Spanish Grand Prix,Circuit de Barcelona-Catalunya,bottas,34,2,22.541,alfa,0,1,0.05203252032520325,23.845,1,0,Excluded: abnormal long stop,194,172
2022,6,Spanish Grand Prix,Circuit de Barcelona-Catalunya,gasly,10,1,22.008,alphatauri,0,1,0.05203252032520325,23.845,1,0,Excluded: abnormal long stop,202,172
2022,6,Spanish Grand Prix,Circuit de Barcelona-Catalunya,gasly,29,2,27.947,alphatauri,0,1,0.05203252032520325,23.845,1,0,Excluded: abnormal long stop,202,172
2022,6,Spanish Grand Prix,Circuit de Barcelona-Catalunya,gasly,46,3,21.838,alphatauri,0,1,0.05203252032520325,23.845,1,0,Excluded: abnormal long stop,202,172
2022,6,Spanish Grand Prix,Circuit de Barcelona-Catalunya,hamilton,22,2,22.105,mercedes,0,1,0.05203252032520325,23.845,1,0,Excluded: abnormal long stop,278,172
2022,6,Spanish Grand Prix,Circuit de Barcelona-Catalunya,hamilton,48,3,22.241,mercedes,0,1,0.05203252032520325,23.845,1,0,Excluded: abnormal long stop,278,172
2022,6,Spanish Grand Prix,Circuit de Barcelona-Catalunya,kevinmagnussen,29,2,23.878,haas,0,1,0.05203252032520325,23.845,1,0,Excluded: abnormal long stop,272,172
2022,6,Spanish Grand Prix,Circuit de Barcelona-Catalunya,latifi,12,1,23.189,williams,0,1,0.05203252032520325,23.845,1,0,Excluded: abnormal long stop,271,172
2022,6,Spanish Grand Prix,Circuit de Barcelona-Catalunya,latifi,26,2,22.311,williams,0,1,0.05203252032520325,23.845,1,0,Excluded: abnormal long stop,271,172
2022,6,Spanish Grand Prix,Circuit de Barcelona-Catalunya,latifi,50,3,22.761,williams,0,1,0.05203252032520325,23.845,1,0,Excluded: abnormal long stop,271,172
2022,6,Spanish Grand Prix,Circuit de Barcelona-Catalunya,leclerc,21,1,21.794,ferrari,0,1,0.05203252032520325,23.845,1,0,Excluded: abnormal long stop,259,172
2022,6,Spanish Grand Prix,Circuit de Barcelona-Catalunya,maxverstappen,13,1,22.173,red_bull,0,1,0.05203252032520325,23.845,1,0,Excluded: abnormal long stop,292,172
2022,6,Spanish Grand Prix,Circuit de Barcelona-Catalunya,maxverstappen,28,2,21.966,red_bull,0,1,0.05203252032520325,23.845,1,0,Excluded: abnormal long stop,292,172
2022,6,Spanish Grand Prix,Circuit de Barcelona-Catalunya,maxverstappen,44,3,21.941,red_bull,0,1,0.05203252032520325,23.845,1,0,Excluded: abnormal long stop,292,172
2022,6,Spanish Grand Prix,Circuit de Barcelona-Catalunya,mickschumacher,12,1,23.582,haas,0,1,0.05203252032520325,23.845,1,0,Excluded: abnormal long stop,272,172
2022,6,Spanish Grand Prix,Circuit de Barcelona-Catalunya,mickschumacher,30,2,23.127,haas,0,1,0.05203252032520325,23.845,1,0,Excluded: abnormal long stop,272,172
2022,6,Spanish Grand Prix,Circuit de Barcelona-Catalunya,norris,12,1,21.916,mclaren,0,1,0.05203252032520325,23.845,1,0,Excluded: abnormal long stop,270,172
2022,6,Spanish Grand Prix,Circuit de Barcelona-Catalunya,norris,33,2,23.341,mclaren,0,1,0.05203252032520325,23.845,1,0,Excluded: abnormal long stop,270,172
2022,6,Spanish Grand Prix,Circuit de Barcelona-Catalunya,norris,51,3,22.165,mclaren,0,1,0.05203252032520325,23.845,1,0,Excluded: abnormal long stop,270,172
2022,6,Spanish Grand Prix,Circuit de Barcelona-Catalunya,ocon,13,1,22.137,alpine,0,1,0.05203252032520325,23.845,1,0,Excluded: abnormal long stop,249,172
2022,6,Spanish Grand Prix,Circuit de Barcelona-Catalunya,ocon,35,2,22.953,alpine,0,1,0.05203252032520325,23.845,1,0,Excluded: abnormal long stop,249,172
2022,6,Spanish Grand Prix,Circuit de Barcelona-Catalunya,ocon,52,3,22.033,alpine,0,1,0.05203252032520325,23.845,1,0,Excluded: abnormal long stop,249,172
2022,6,Spanish Grand Prix,Circuit de Barcelona-Catalunya,perez,17,1,22.032,red_bull,0,1,0.05203252032520325,23.845,1,0,Excluded: abnormal long stop,292,172
2022,6,Spanish Grand Prix,Circuit de Barcelona-Catalunya,perez,37,2,21.619,red_bull,0,1,0.05203252032520325,23.845,1,0,Excluded: abnormal long stop,292,172
2022,6,Spanish Grand Prix,Circuit de Barcelona-Catalunya,perez,53,3,21.694,red_bull,0,1,0.05203252032520325,23.845,1,0,Excluded: abnormal long stop,292,172
2022,6,Spanish Grand Prix,Circuit de Barcelona-Catalunya,ricciardo,11,1,22.124,mclaren,0,1,0.05203252032520325,23.845,1,0,Excluded: abnormal long stop,270,172
2022,6,Spanish Grand Prix,Circuit de Barcelona-Catalunya,ricciardo,31,2,22.399,mclaren,0,1,0.05203252032520325,23.845,1,0,Excluded: abnormal long stop,270,172
2022,6,Spanish Grand Prix,Circuit de Barcelona-Catalunya,ricciardo,48,3,22.154,mclaren,0,1,0.05203252032520325,23.845,1,0,Excluded: abnormal long stop,270,172
2022,6,Spanish Grand Prix,Circuit de Barcelona-Catalunya,russell,13,1,22.154,mercedes,0,1,0.05203252032520325,23.845,1,0,Excluded: abnormal long stop,278,172
2022,6,Spanish Grand Prix,Circuit de Barcelona-Catalunya,russell,36,2,22.039,mercedes,0,1,0.05203252032520325,23.845,1,0,Excluded: abnormal long stop,278,172
2022,6,Spanish Grand Prix,Circuit de Barcelona-Catalunya,russell,51,3,22.815,mercedes,0,1,0.05203252032520325,23.845,1,0,Excluded: abnormal long stop,278,172
2022,6,Spanish Grand Prix,Circuit de Barcelona-Catalunya,sainz,10,1,22.341,ferrari,0,1,0.05203252032520325,23.845,1,0,Excluded: abnormal long stop,259,172
2022,6,Spanish Grand Prix,Circuit de Barcelona-Catalunya,sainz,31,2,21.867,ferrari,0,1,0.05203252032520325,23.845,1,0,Excluded: abnormal long stop,259,172
2022,6,Spanish Grand Prix,Circuit de Barcelona-Catalunya,sainz,45,3,22.302,ferrari,0,1,0.05203252032520325,23.845,1,0,Excluded: abnormal long stop,259,172
2022,6,Spanish Grand Prix,Circuit de Barcelona-Catalunya,stroll,14,1,22.833,aston_martin,0,1,0.05203252032520325,23.845,1,0,Excluded: abnormal long stop,271,172
2022,6,Spanish Grand Prix,Circuit de Barcelona-Catalunya,stroll,27,2,23.394,aston_martin,0,1,0.05203252032520325,23.845,1,0,Excluded: abnormal long stop,271,172
2022,6,Spanish Grand Prix,Circuit de Barcelona-Catalunya,stroll,46,3,23.812,aston_martin,0,1,0.05203252032520325,23.845,1,0,Excluded: abnormal long stop,271,172
2022,6,Spanish Grand Prix,Circuit de Barcelona-Catalunya,tsunoda,11,1,23.083,alphatauri,0,1,0.05203252032520325,23.845,1,0,Excluded: abnormal long stop,202,172
2022,6,Spanish Grand Prix,Circuit de Barcelona-Catalunya,tsunoda,32,2,22.802,alphatauri,0,1,0.05203252032520325,23.845,1,0,Excluded: abnormal long stop,202,172
2022,6,Spanish Grand Prix,Circuit de Barcelona-Catalunya,tsunoda,52,3,22.316,alphatauri,0,1,0.05203252032520325,23.845,1,0,Excluded: abnormal long stop,202,172
2022,6,Spanish Grand Prix,Circuit de Barcelona-Catalunya,vettel,21,1,22.536,aston_martin,0,1,0.05203252032520325,23.845,1,0,Excluded: abnormal long stop,271,172
2022,6,Spanish Grand Prix,Circuit de Barcelona-Catalunya,vettel,42,2,22.456,aston_martin,0,1,0.05203252032520325,23.845,1,0,Excluded: abnormal long stop,271,172
2022,6,Spanish Grand Prix,Circuit de Barcelona-Catalunya,zhou,10,1,23.109,alfa,0,1,0.05203252032520325,23.845,1,0,Excluded: abnormal long stop,194,172
2022,7,Monaco Grand Prix,Circuit de Monaco,albon,29,3,1.185676,williams,0,1,0.22815945716709077,1.1865170999999997,0,1,Excluded: very short stop,271,71
2022,7,Monaco Grand Prix,Circuit de Monaco,alonso,30,2,1.182058,alpine,0,1,0.22815945716709077,1.1865170999999997,0,1,Excluded: very short stop,249,71
2022,7,Monaco Grand Prix,Circuit de Monaco,bottas,30,2,1.1866990000000002,alfa,0,1,0.22815945716709077,1.1865170999999997,1,1,Excluded: very short stop,194,71
2022,7,Monaco Grand Prix,Circuit de Monaco,gasly,30,3,1.16946,alphatauri,0,1,0.22815945716709077,1.1865170999999997,0,1,Excluded: very short stop,202,71
2022,7,Monaco Grand Prix,Circuit de Monaco,hamilton,30,3,1.186281,mercedes,0,1,0.22815945716709077,1.1865170999999997,0,1,Excluded: very short stop,278,71
2022,7,Monaco Grand Prix,Circuit de Monaco,latifi,29,4,1.1818389999999999,williams,0,1,0.22815945716709077,1.1865170999999997,0,1,Excluded: very short stop,271,71
2022,7,Monaco Grand Prix,Circuit de Monaco,leclerc,30,3,1.176822,ferrari,0,1,0.22815945716709077,1.1865170999999997,0,1,Excluded: very short stop,259,71
2022,7,Monaco Grand Prix,Circuit de Monaco,maxverstappen,30,3,1.175575,red_bull,0,1,0.22815945716709077,1.1865170999999997,0,1,Excluded: very short stop,292,71
2022,7,Monaco Grand Prix,Circuit de Monaco,norris,30,3,1.1830289999999999,mclaren,0,1,0.22815945716709077,1.1865170999999997,0,1,Excluded: very short stop,270,71
2022,7,Monaco Grand Prix,Circuit de Monaco,ocon,30,2,1.1864849999999998,alpine,0,1,0.22815945716709077,1.1865170999999997,0,1,Excluded: very short stop,249,71
2022,7,Monaco Grand Prix,Circuit de Monaco,perez,30,3,1.172062,red_bull,0,1,0.22815945716709077,1.1865170999999997,0,1,Excluded: very short stop,292,71
2022,7,Monaco Grand Prix,Circuit de Monaco,ricciardo,30,2,1.168673,mclaren,0,1,0.22815945716709077,1.1865170999999997,0,1,Excluded: very short stop,270,71
2022,7,Monaco Grand Prix,Circuit de Monaco,russell,30,2,1.177545,mercedes,0,1,0.22815945716709077,1.1865170999999997,0,1,Excluded: very short stop,278,71
2022,7,Monaco Grand Prix,Circuit de Monaco,sainz,30,2,1.174793,ferrari,0,1,0.22815945716709077,1.1865170999999997,0,1,Excluded: very short stop,259,71
2022,7,Monaco Grand Prix,Circuit de Monaco,stroll,29,4,1.1749649999999998,aston_martin,0,1,0.22815945716709077,1.1865170999999997,0,1,Excluded: very short stop,271,71
2022,7,Monaco Grand Prix,Circuit de Monaco,tsunoda,29,3,1.174444,alphatauri,0,1,0.22815945716709077,1.1865170999999997,0,1,Excluded: very short stop,202,71
2022,7,Monaco Grand Prix,Circuit de Monaco,vettel,30,3,1.169495,aston_martin,0,1,0.22815945716709077,1.1865170999999997,0,1,Excluded: very short stop,271,71
2022,7,Monaco Grand Prix,Circuit de Monaco,zhou,29,2,1.174235,alfa,0,1,0.22815945716709077,1.1865170999999997,0,1,Excluded: very short stop,194,71
2022,8,Azerbaijan Grand Prix,Baku City Circuit,albon,9,1,25.577,williams,0,1,0.12570145903479238,28.6684,1,0,Excluded: abnormal long stop,271,88
2022,8,Azerbaijan Grand Prix,Baku City Circuit,albon,29,2,21.54,williams,0,1,0.12570145903479238,28.6684,1,0,Excluded: abnormal long stop,271,88
2022,8,Azerbaijan Grand Prix,Baku City Circuit,alonso,18,1,20.571,alpine,0,1,0.12570145903479238,28.6684,1,0,Excluded: abnormal long stop,249,88
2022,8,Azerbaijan Grand Prix,Baku City Circuit,bottas,33,1,20.979,alfa,0,1,0.12570145903479238,28.6684,1,0,Excluded: abnormal long stop,194,88
2022,8,Azerbaijan Grand Prix,Baku City Circuit,gasly,9,1,22.698,alphatauri,0,1,0.12570145903479238,28.6684,1,0,Excluded: abnormal long stop,202,88
2022,8,Azerbaijan Grand Prix,Baku City Circuit,hamilton,9,1,21.47,mercedes,0,1,0.12570145903479238,28.6684,1,0,Excluded: abnormal long stop,278,88
2022,8,Azerbaijan Grand Prix,Baku City Circuit,hamilton,33,2,20.831,mercedes,0,1,0.12570145903479238,28.6684,1,0,Excluded: abnormal long stop,278,88
2022,8,Azerbaijan Grand Prix,Baku City Circuit,kevinmagnussen,9,1,21.555,haas,0,1,0.12570145903479238,28.6684,1,0,Excluded: abnormal long stop,272,88
2022,8,Azerbaijan Grand Prix,Baku City Circuit,latifi,3,1,29.395,williams,0,1,0.12570145903479238,28.6684,1,0,Excluded: abnormal long stop,271,88
2022,8,Azerbaijan Grand Prix,Baku City Circuit,latifi,17,2,22.069,williams,0,1,0.12570145903479238,28.6684,1,0,Excluded: abnormal long stop,271,88
2022,8,Azerbaijan Grand Prix,Baku City Circuit,leclerc,9,1,23.212,ferrari,0,1,0.12570145903479238,28.6684,1,0,Excluded: abnormal long stop,259,88
2022,8,Azerbaijan Grand Prix,Baku City Circuit,maxverstappen,18,1,21.468,red_bull,0,1,0.12570145903479238,28.6684,1,0,Excluded: abnormal long stop,292,88
2022,8,Azerbaijan Grand Prix,Baku City Circuit,maxverstappen,33,2,20.722,red_bull,0,1,0.12570145903479238,28.6684,1,0,Excluded: abnormal long stop,292,88
2022,8,Azerbaijan Grand Prix,Baku City Circuit,mickschumacher,9,1,26.973,haas,0,1,0.12570145903479238,28.6684,1,0,Excluded: abnormal long stop,272,88
2022,8,Azerbaijan Grand Prix,Baku City Circuit,mickschumacher,23,2,22.231,haas,0,1,0.12570145903479238,28.6684,1,0,Excluded: abnormal long stop,272,88
2022,8,Azerbaijan Grand Prix,Baku City Circuit,norris,20,1,21.443,mclaren,0,1,0.12570145903479238,28.6684,1,0,Excluded: abnormal long stop,270,88
2022,8,Azerbaijan Grand Prix,Baku City Circuit,ocon,33,1,22.638,alpine,0,1,0.12570145903479238,28.6684,1,0,Excluded: abnormal long stop,249,88
2022,8,Azerbaijan Grand Prix,Baku City Circuit,perez,16,1,23.379,red_bull,0,1,0.12570145903479238,28.6684,1,0,Excluded: abnormal long stop,292,88
2022,8,Azerbaijan Grand Prix,Baku City Circuit,perez,33,2,22.349,red_bull,0,1,0.12570145903479238,28.6684,1,0,Excluded: abnormal long stop,292,88
2022,8,Azerbaijan Grand Prix,Baku City Circuit,ricciardo,33,1,21.794,mclaren,0,1,0.12570145903479238,28.6684,1,0,Excluded: abnormal long stop,270,88
2022,8,Azerbaijan Grand Prix,Baku City Circuit,russell,9,1,20.538,mercedes,0,1,0.12570145903479238,28.6684,1,0,Excluded: abnormal long stop,278,88
2022,8,Azerbaijan Grand Prix,Baku City Circuit,russell,33,2,20.527,mercedes,0,1,0.12570145903479238,28.6684,1,0,Excluded: abnormal long stop,278,88
2022,8,Azerbaijan Grand Prix,Baku City Circuit,stroll,30,1,22.059,aston_martin,0,1,0.12570145903479238,28.6684,1,0,Excluded: abnormal long stop,271,88
2022,8,Azerbaijan Grand Prix,Baku City Circuit,tsunoda,9,1,23.083,alphatauri,0,1,0.12570145903479238,28.6684,1,0,Excluded: abnormal long stop,202,88
2022,8,Azerbaijan Grand Prix,Baku City Circuit,tsunoda,38,2,41.5,alphatauri,0,1,0.12570145903479238,28.6684,1,0,Excluded: abnormal long stop,202,88
2022,8,Azerbaijan Grand Prix,Baku City Circuit,vettel,9,1,20.249,aston_martin,0,1,0.12570145903479238,28.6684,1,0,Excluded: abnormal long stop,271,88
2022,8,Azerbaijan Grand Prix,Baku City Circuit,zhou,9,1,23.001,alfa,0,1,0.12570145903479238,28.6684,1,0,Excluded: abnormal long stop,194,88
2022,9,Canadian Grand Prix,Circuit Gilles Villeneuve,albon,18,1,23.804,williams,0,1,0.16930379746835442,33.736599999999996,1,0,Excluded: abnormal long stop,271,106
2022,9,Canadian Grand Prix,Circuit Gilles Villeneuve,albon,48,2,23.53,williams,0,1,0.16930379746835442,33.736599999999996,1,0,Excluded: abnormal long stop,271,106
2022,9,Canadian Grand Prix,Circuit Gilles Villeneuve,alonso,28,1,23.779,alpine,0,1,0.16930379746835442,33.736599999999996,1,0,Excluded: abnormal long stop,249,106
2022,9,Canadian Grand Prix,Circuit Gilles Villeneuve,alonso,49,2,25.139,alpine,0,1,0.16930379746835442,33.736599999999996,1,0,Excluded: abnormal long stop,249,106
2022,9,Canadian Grand Prix,Circuit Gilles Villeneuve,bottas,49,1,26.089,alfa,0,1,0.16930379746835442,33.736599999999996,1,0,Excluded: abnormal long stop,194,106
2022,9,Canadian Grand Prix,Circuit Gilles Villeneuve,gasly,5,1,23.557,alphatauri,0,1,0.16930379746835442,33.736599999999996,1,0,Excluded: abnormal long stop,202,106
2022,9,Canadian Grand Prix,Circuit Gilles Villeneuve,gasly,36,2,23.613,alphatauri,0,1,0.16930379746835442,33.736599999999996,1,0,Excluded: abnormal long stop,202,106
2022,9,Canadian Grand Prix,Circuit Gilles Villeneuve,hamilton,9,1,23.845,mercedes,0,1,0.16930379746835442,33.736599999999996,1,0,Excluded: abnormal long stop,278,106
2022,9,Canadian Grand Prix,Circuit Gilles Villeneuve,hamilton,44,2,23.841,mercedes,0,1,0.16930379746835442,33.736599999999996,1,0,Excluded: abnormal long stop,278,106
2022,9,Canadian Grand Prix,Circuit Gilles Villeneuve,kevinmagnussen,7,1,38.262,haas,0,1,0.16930379746835442,33.736599999999996,1,0,Excluded: abnormal long stop,272,106
2022,9,Canadian Grand Prix,Circuit Gilles Villeneuve,latifi,9,1,24.02,williams,0,1,0.16930379746835442,33.736599999999996,1,0,Excluded: abnormal long stop,271,106
2022,9,Canadian Grand Prix,Circuit Gilles Villeneuve,latifi,37,2,30.034,williams,0,1,0.16930379746835442,33.736599999999996,1,0,Excluded: abnormal long stop,271,106
2022,9,Canadian Grand Prix,Circuit Gilles Villeneuve,leclerc,41,1,26.199,ferrari,0,1,0.16930379746835442,33.736599999999996,1,0,Excluded: abnormal long stop,259,106
2022,9,Canadian Grand Prix,Circuit Gilles Villeneuve,maxverstappen,9,1,24.217,red_bull,0,1,0.16930379746835442,33.736599999999996,1,0,Excluded: abnormal long stop,292,106
2022,9,Canadian Grand Prix,Circuit Gilles Villeneuve,maxverstappen,43,2,23.704,red_bull,0,1,0.16930379746835442,33.736599999999996,1,0,Excluded: abnormal long stop,292,106
2022,9,Canadian Grand Prix,Circuit Gilles Villeneuve,norris,19,1,43.032,mclaren,0,1,0.16930379746835442,33.736599999999996,1,0,Excluded: abnormal long stop,270,106
2022,9,Canadian Grand Prix,Circuit Gilles Villeneuve,norris,42,2,24.134,mclaren,0,1,0.16930379746835442,33.736599999999996,1,0,Excluded: abnormal long stop,270,106
2022,9,Canadian Grand Prix,Circuit Gilles Villeneuve,ocon,19,1,25.684,alpine,0,1,0.16930379746835442,33.736599999999996,1,0,Excluded: abnormal long stop,249,106
2022,9,Canadian Grand Prix,Circuit Gilles Villeneuve,ocon,49,2,23.945,alpine,0,1,0.16930379746835442,33.736599999999996,1,0,Excluded: abnormal long stop,249,106
2022,9,Canadian Grand Prix,Circuit Gilles Villeneuve,ricciardo,19,1,27.937,mclaren,0,1,0.16930379746835442,33.736599999999996,1,0,Excluded: abnormal long stop,270,106
2022,9,Canadian Grand Prix,Circuit Gilles Villeneuve,ricciardo,49,2,24.833,mclaren,0,1,0.16930379746835442,33.736599999999996,1,0,Excluded: abnormal long stop,270,106
2022,9,Canadian Grand Prix,Circuit Gilles Villeneuve,russell,19,1,23.951,mercedes,0,1,0.16930379746835442,33.736599999999996,1,0,Excluded: abnormal long stop,278,106
2022,9,Canadian Grand Prix,Circuit Gilles Villeneuve,russell,45,2,24.069,mercedes,0,1,0.16930379746835442,33.736599999999996,1,0,Excluded: abnormal long stop,278,106
2022,9,Canadian Grand Prix,Circuit Gilles Villeneuve,sainz,20,1,24.215,ferrari,0,1,0.16930379746835442,33.736599999999996,1,0,Excluded: abnormal long stop,259,106
2022,9,Canadian Grand Prix,Circuit Gilles Villeneuve,sainz,49,2,24.881,ferrari,0,1,0.16930379746835442,33.736599999999996,1,0,Excluded: abnormal long stop,259,106
2022,9,Canadian Grand Prix,Circuit Gilles Villeneuve,stroll,47,1,25.252,aston_martin,0,1,0.16930379746835442,33.736599999999996,1,0,Excluded: abnormal long stop,271,106
2022,9,Canadian Grand Prix,Circuit Gilles Villeneuve,tsunoda,9,1,23.248,alphatauri,0,1,0.16930379746835442,33.736599999999996,1,0,Excluded: abnormal long stop,202,106
2022,9,Canadian Grand Prix,Circuit Gilles Villeneuve,tsunoda,47,2,23.45,alphatauri,0,1,0.16930379746835442,33.736599999999996,1,0,Excluded: abnormal long stop,202,106
2022,9,Canadian Grand Prix,Circuit Gilles Villeneuve,vettel,5,1,23.406,aston_martin,0,1,0.16930379746835442,33.736599999999996,1,0,Excluded: abnormal long stop,271,106
2022,9,Canadian Grand Prix,Circuit Gilles Villeneuve,vettel,19,2,23.681,aston_martin,0,1,0.16930379746835442,33.736599999999996,1,0,Excluded: abnormal long stop,271,106
2022,9,Canadian Grand Prix,Circuit Gilles Villeneuve,zhou,19,1,24.281,alfa,0,1,0.16930379746835442,33.736599999999996,1,0,Excluded: abnormal long stop,194,106
2022,9,Canadian Grand Prix,Circuit Gilles Villeneuve,zhou,49,2,23.98,alfa,0,1,0.16930379746835442,33.736599999999996,1,0,Excluded: abnormal long stop,194,106
2022,11,Austrian Grand Prix,Red Bull Ring,albon,11,1,22.301,williams,0,1,0.0649546827794562,27.61,1,0,Excluded: abnormal long stop,271,192
2022,11,Austrian Grand Prix,Red Bull Ring,albon,41,2,22.122,williams,0,1,0.0649546827794562,27.61,1,0,Excluded: abnormal long stop,271,192
2022,11,Austrian Grand Prix,Red Bull Ring,alonso,27,1,21.552,alpine,0,1,0.0649546827794562,27.61,1,0,Excluded: abnormal long stop,249,192
2022,11,Austrian Grand Prix,Red Bull Ring,alonso,57,2,21.827,alpine,0,1,0.0649546827794562,27.61,1,0,Excluded: abnormal long stop,249,192
2022,11,Austrian Grand Prix,Red Bull Ring,alonso,58,3,24.252,alpine,0,1,0.0649546827794562,27.61,1,0,Excluded: abnormal long stop,249,192
2022,11,Austrian Grand Prix,Red Bull Ring,bottas,6,1,24.677,alfa,0,1,0.0649546827794562,27.61,1,0,Excluded: abnormal long stop,194,192
2022,11,Austrian Grand Prix,Red Bull Ring,bottas,39,2,22.278,alfa,0,1,0.0649546827794562,27.61,1,0,Excluded: abnormal long stop,194,192
2022,11,Austrian Grand Prix,Red Bull Ring,gasly,12,1,22.724,alphatauri,0,1,0.0649546827794562,27.61,1,0,Excluded: abnormal long stop,202,192
2022,11,Austrian Grand Prix,Red Bull Ring,gasly,40,2,27.61,alphatauri,0,1,0.0649546827794562,27.61,1,0,Excluded: abnormal long stop,202,192
2022,11,Austrian Grand Prix,Red Bull Ring,hamilton,28,1,23.026,mercedes,0,1,0.0649546827794562,27.61,1,0,Excluded: abnormal long stop,278,192
2022,11,Austrian Grand Prix,Red Bull Ring,hamilton,51,2,22.697,mercedes,0,1,0.0649546827794562,27.61,1,0,Excluded: abnormal long stop,278,192
2022,11,Austrian Grand Prix,Red Bull Ring,kevinmagnussen,15,1,22.205,haas,0,1,0.0649546827794562,27.61,1,0,Excluded: abnormal long stop,272,192
2022,11,Austrian Grand Prix,Red Bull Ring,kevinmagnussen,41,2,22.088,haas,0,1,0.0649546827794562,27.61,1,0,Excluded: abnormal long stop,272,192
2022,11,Austrian Grand Prix,Red Bull Ring,latifi,12,1,21.722,williams,0,1,0.0649546827794562,27.61,1,0,Excluded: abnormal long stop,271,192
2022,11,Austrian Grand Prix,Red Bull Ring,latifi,35,2,21.206,williams,0,1,0.0649546827794562,27.61,1,0,Excluded: abnormal long stop,271,192
2022,11,Austrian Grand Prix,Red Bull Ring,leclerc,26,1,21.532,ferrari,0,1,0.0649546827794562,27.61,1,0,Excluded: abnormal long stop,259,192
2022,11,Austrian Grand Prix,Red Bull Ring,leclerc,49,2,21.319,ferrari,0,1,0.0649546827794562,27.61,1,0,Excluded: abnormal long stop,259,192
2022,11,Austrian Grand Prix,Red Bull Ring,leclerc,58,3,21.65,ferrari,0,1,0.0649546827794562,27.61,1,0,Excluded: abnormal long stop,259,192
2022,11,Austrian Grand Prix,Red Bull Ring,maxverstappen,13,1,22.022,red_bull,0,1,0.0649546827794562,27.61,1,0,Excluded: abnormal long stop,292,192
2022,11,Austrian Grand Prix,Red Bull Ring,maxverstappen,36,2,21.444,red_bull,0,1,0.0649546827794562,27.61,1,0,Excluded: abnormal long stop,292,192
2022,11,Austrian Grand Prix,Red Bull Ring,maxverstappen,58,3,21.319,red_bull,0,1,0.0649546827794562,27.61,1,0,Excluded: abnormal long stop,292,192
2022,11,Austrian Grand Prix,Red Bull Ring,mickschumacher,16,1,22.12,haas,0,1,0.0649546827794562,27.61,1,0,Excluded: abnormal long stop,272,192
2022,11,Austrian Grand Prix,Red Bull Ring,mickschumacher,43,2,22.88,haas,0,1,0.0649546827794562,27.61,1,0,Excluded: abnormal long stop,272,192
2022,11,Austrian Grand Prix,Red Bull Ring,norris,14,1,22.684,mclaren,0,1,0.0649546827794562,27.61,1,0,Excluded: abnormal long stop,270,192
2022,11,Austrian Grand Prix,Red Bull Ring,norris,43,2,27.324,mclaren,0,1,0.0649546827794562,27.61,1,0,Excluded: abnormal long stop,270,192
2022,11,Austrian Grand Prix,Red Bull Ring,ocon,16,1,21.755,alpine,0,1,0.0649546827794562,27.61,1,0,Excluded: abnormal long stop,249,192
2022,11,Austrian Grand Prix,Red Bull Ring,ocon,44,2,22.109,alpine,0,1,0.0649546827794562,27.61,1,0,Excluded: abnormal long stop,249,192
2022,11,Austrian Grand Prix,Red Bull Ring,ricciardo,12,1,21.356,mclaren,0,1,0.0649546827794562,27.61,1,0,Excluded: abnormal long stop,270,192
2022,11,Austrian Grand Prix,Red Bull Ring,ricciardo,44,2,21.889,mclaren,0,1,0.0649546827794562,27.61,1,0,Excluded: abnormal long stop,270,192
2022,11,Austrian Grand Prix,Red Bull Ring,russell,11,1,38.201,mercedes,0,1,0.0649546827794562,27.61,1,0,Excluded: abnormal long stop,278,192
2022,11,Austrian Grand Prix,Red Bull Ring,russell,40,2,21.731,mercedes,0,1,0.0649546827794562,27.61,1,0,Excluded: abnormal long stop,278,192
2022,11,Austrian Grand Prix,Red Bull Ring,sainz,27,1,21.212,ferrari,0,1,0.0649546827794562,27.61,1,0,Excluded: abnormal long stop,259,192
2022,11,Austrian Grand Prix,Red Bull Ring,sainz,50,2,21.492,ferrari,0,1,0.0649546827794562,27.61,1,0,Excluded: abnormal long stop,259,192
2022,11,Austrian Grand Prix,Red Bull Ring,stroll,29,1,21.431,aston_martin,0,1,0.0649546827794562,27.61,1,0,Excluded: abnormal long stop,271,192
2022,11,Austrian Grand Prix,Red Bull Ring,stroll,48,2,21.952,aston_martin,0,1,0.0649546827794562,27.61,1,0,Excluded: abnormal long stop,271,192
2022,11,Austrian Grand Prix,Red Bull Ring,tsunoda,26,1,21.749,alphatauri,0,1,0.0649546827794562,27.61,1,0,Excluded: abnormal long stop,202,192
2022,11,Austrian Grand Prix,Red Bull Ring,tsunoda,46,2,21.519,alphatauri,0,1,0.0649546827794562,27.61,1,0,Excluded: abnormal long stop,202,192
2022,11,Austrian Grand Prix,Red Bull Ring,vettel,20,1,22.112,aston_martin,0,1,0.0649546827794562,27.61,1,0,Excluded: abnormal long stop,271,192
2022,11,Austrian Grand Prix,Red Bull Ring,vettel,44,2,21.583,aston_martin,0,1,0.0649546827794562,27.61,1,0,Excluded: abnormal long stop,271,192
2022,11,Austrian Grand Prix,Red Bull Ring,zhou,24,1,22.704,alfa,0,1,0.0649546827794562,27.61,1,0,Excluded: abnormal long stop,194,192
2022,11,Austrian Grand Prix,Red Bull Ring,zhou,46,2,28.86,alfa,0,1,0.0649546827794562,27.61,1,0,Excluded: abnormal long stop,194,192
2022,12,French Grand Prix,Circuit Paul Ricard,albon,18,1,37.38,williams,0,1,0.15762004175365343,44.25599999999999,1,0,Excluded: abnormal long stop,271,47
2022,12,French Grand Prix,Circuit Paul Ricard,alonso,18,1,36.524,alpine,0,1,0.15762004175365343,44.25599999999999,1,0,Excluded: abnormal long stop,249,47
2022,12,French Grand Prix,Circuit Paul Ricard,bottas,18,1,37.855,alfa,0,1,0.15762004175365343,44.25599999999999,1,0,Excluded: abnormal long stop,194,47
2022,12,French Grand Prix,Circuit Paul Ricard,bottas,36,2,36.52,alfa,0,1,0.15762004175365343,44.25599999999999,1,0,Excluded: abnormal long stop,194,47
2022,12,French Grand Prix,Circuit Paul Ricard,gasly,18,1,35.969,alphatauri,0,1,0.15762004175365343,44.25599999999999,1,0,Excluded: abnormal long stop,202,47
2022,12,French Grand Prix,Circuit Paul Ricard,hamilton,18,1,37.189,mercedes,0,1,0.15762004175365343,44.25599999999999,1,0,Excluded: abnormal long stop,278,47
2022,12,French Grand Prix,Circuit Paul Ricard,kevinmagnussen,8,1,36.779,haas,0,1,0.15762004175365343,44.25599999999999,1,0,Excluded: abnormal long stop,272,47
2022,12,French Grand Prix,Circuit Paul Ricard,kevinmagnussen,18,2,36.403,haas,0,1,0.15762004175365343,44.25599999999999,1,0,Excluded: abnormal long stop,272,47
2022,12,French Grand Prix,Circuit Paul Ricard,latifi,19,1,37.497,williams,0,1,0.15762004175365343,44.25599999999999,1,0,Excluded: abnormal long stop,271,47
2022,12,French Grand Prix,Circuit Paul Ricard,latifi,38,2,36.942,williams,0,1,0.15762004175365343,44.25599999999999,1,0,Excluded: abnormal long stop,271,47
2022,12,French Grand Prix,Circuit Paul Ricard,maxverstappen,16,1,35.266,red_bull,0,1,0.15762004175365343,44.25599999999999,1,0,Excluded: abnormal long stop,292,47
2022,12,French Grand Prix,Circuit Paul Ricard,mickschumacher,9,1,36.704,haas,0,1,0.15762004175365343,44.25599999999999,1,0,Excluded: abnormal long stop,272,47
2022,12,French Grand Prix,Circuit Paul Ricard,mickschumacher,18,2,37.003,haas,0,1,0.15762004175365343,44.25599999999999,1,0,Excluded: abnormal long stop,272,47
2022,12,French Grand Prix,Circuit Paul Ricard,norris,18,1,37.539,mclaren,0,1,0.15762004175365343,44.25599999999999,1,0,Excluded: abnormal long stop,270,47
2022,12,French Grand Prix,Circuit Paul Ricard,ocon,18,1,44.747,alpine,0,1,0.15762004175365343,44.25599999999999,1,0,Excluded: abnormal long stop,249,47
2022,12,French Grand Prix,Circuit Paul Ricard,perez,18,1,38.061,red_bull,0,1,0.15762004175365343,44.25599999999999,1,0,Excluded: abnormal long stop,292,47
2022,12,French Grand Prix,Circuit Paul Ricard,ricciardo,18,1,36.264,mclaren,0,1,0.15762004175365343,44.25599999999999,1,0,Excluded: abnormal long stop,270,47
2022,12,French Grand Prix,Circuit Paul Ricard,russell,18,1,38.277,mercedes,0,1,0.15762004175365343,44.25599999999999,1,0,Excluded: abnormal long stop,278,47
2022,12,French Grand Prix,Circuit Paul Ricard,sainz,18,1,41.458,ferrari,0,1,0.15762004175365343,44.25599999999999,1,0,Excluded: abnormal long stop,259,47
2022,12,French Grand Prix,Circuit Paul Ricard,sainz,42,2,42.292,ferrari,0,1,0.15762004175365343,44.25599999999999,1,0,Excluded: abnormal long stop,259,47
2022,12,French Grand Prix,Circuit Paul Ricard,stroll,18,1,39.844,aston_martin,0,1,0.15762004175365343,44.25599999999999,1,0,Excluded: abnormal long stop,271,47
2022,12,French Grand Prix,Circuit Paul Ricard,tsunoda,11,1,37.648,alphatauri,0,1,0.15762004175365343,44.25599999999999,1,0,Excluded: abnormal long stop,202,47
2022,12,French Grand Prix,Circuit Paul Ricard,vettel,19,1,36.671,aston_martin,0,1,0.15762004175365343,44.25599999999999,1,0,Excluded: abnormal long stop,271,47
2022,12,French Grand Prix,Circuit Paul Ricard,zhou,9,1,36.444,alfa,0,1,0.15762004175365343,44.25599999999999,1,0,Excluded: abnormal long stop,194,47
2022,12,French Grand Prix,Circuit Paul Ricard,zhou,22,2,50.79,alfa,0,1,0.15762004175365343,44.25599999999999,1,0,Excluded: abnormal long stop,194,47
2022,13,Hungarian Grand Prix,Hungaroring,albon,2,1,31.224,williams,0,1,0.128705712219812,28.749049999999997,1,0,Excluded: abnormal long stop,271,133
2022,13,Hungarian Grand Prix,Hungaroring,albon,21,2,21.816,williams,0,1,0.128705712219812,28.749049999999997,1,0,Excluded: abnormal long stop,271,133
2022,13,Hungarian Grand Prix,Hungaroring,albon,40,3,24.298,williams,0,1,0.128705712219812,28.749049999999997,1,0,Excluded: abnormal long stop,271,133
2022,13,Hungarian Grand Prix,Hungaroring,alonso,21,1,22.083,alpine,0,1,0.128705712219812,28.749049999999997,1,0,Excluded: abnormal long stop,249,133
2022,13,Hungarian Grand Prix,Hungaroring,bottas,26,1,22.272,alfa,0,1,0.128705712219812,28.749049999999997,1,0,Excluded: abnormal long stop,194,133
2022,13,Hungarian Grand Prix,Hungaroring,gasly,16,1,21.675,alphatauri,0,1,0.128705712219812,28.749049999999997,1,0,Excluded: abnormal long stop,202,133
2022,13,Hungarian Grand Prix,Hungaroring,gasly,46,2,21.489,alphatauri,0,1,0.128705712219812,28.749049999999997,1,0,Excluded: abnormal long stop,202,133
2022,13,Hungarian Grand Prix,Hungaroring,hamilton,19,1,21.699,mercedes,0,1,0.128705712219812,28.749049999999997,1,0,Excluded: abnormal long stop,278,133
2022,13,Hungarian Grand Prix,Hungaroring,hamilton,51,2,22.095,mercedes,0,1,0.128705712219812,28.749049999999997,1,0,Excluded: abnormal long stop,278,133
2022,13,Hungarian Grand Prix,Hungaroring,kevinmagnussen,6,1,29.641,haas,0,1,0.128705712219812,28.749049999999997,1,0,Excluded: abnormal long stop,272,133
2022,13,Hungarian Grand Prix,Hungaroring,kevinmagnussen,35,2,23.21,haas,0,1,0.128705712219812,28.749049999999997,1,0,Excluded: abnormal long stop,272,133
2022,13,Hungarian Grand Prix,Hungaroring,kevinmagnussen,67,3,23.147,haas,0,1,0.128705712219812,28.749049999999997,1,0,Excluded: abnormal long stop,272,133
2022,13,Hungarian Grand Prix,Hungaroring,latifi,18,1,21.865,williams,0,1,0.128705712219812,28.749049999999997,1,0,Excluded: abnormal long stop,271,133
2022,13,Hungarian Grand Prix,Hungaroring,latifi,39,2,22.452,williams,0,1,0.128705712219812,28.749049999999997,1,0,Excluded: abnormal long stop,271,133
2022,13,Hungarian Grand Prix,Hungaroring,latifi,56,3,28.777,williams,0,1,0.128705712219812,28.749049999999997,1,0,Excluded: abnormal long stop,271,133
2022,13,Hungarian Grand Prix,Hungaroring,leclerc,21,1,21.775,ferrari,0,1,0.128705712219812,28.749049999999997,1,0,Excluded: abnormal long stop,259,133
2022,13,Hungarian Grand Prix,Hungaroring,leclerc,39,2,21.972,ferrari,0,1,0.128705712219812,28.749049999999997,1,0,Excluded: abnormal long stop,259,133
2022,13,Hungarian Grand Prix,Hungaroring,leclerc,54,3,21.544,ferrari,0,1,0.128705712219812,28.749049999999997,1,0,Excluded: abnormal long stop,259,133
2022,13,Hungarian Grand Prix,Hungaroring,maxverstappen,16,1,21.351,red_bull,0,1,0.128705712219812,28.749049999999997,1,0,Excluded: abnormal long stop,292,133
2022,13,Hungarian Grand Prix,Hungaroring,maxverstappen,38,2,21.228,red_bull,0,1,0.128705712219812,28.749049999999997,1,0,Excluded: abnormal long stop,292,133
2022,13,Hungarian Grand Prix,Hungaroring,mickschumacher,21,1,22.953,haas,0,1,0.128705712219812,28.749049999999997,1,0,Excluded: abnormal long stop,272,133
2022,13,Hungarian Grand Prix,Hungaroring,mickschumacher,41,2,22.566,haas,0,1,0.128705712219812,28.749049999999997,1,0,Excluded: abnormal long stop,272,133
2022,13,Hungarian Grand Prix,Hungaroring,norris,14,1,23.567,mclaren,0,1,0.128705712219812,28.749049999999997,1,0,Excluded: abnormal long stop,270,133
2022,13,Hungarian Grand Prix,Hungaroring,norris,42,2,21.855,mclaren,0,1,0.128705712219812,28.749049999999997,1,0,Excluded: abnormal long stop,270,133
2022,13,Hungarian Grand Prix,Hungaroring,ocon,23,1,23.581,alpine,0,1,0.128705712219812,28.749049999999997,1,0,Excluded: abnormal long stop,249,133
2022,13,Hungarian Grand Prix,Hungaroring,perez,18,1,21.118,red_bull,0,1,0.128705712219812,28.749049999999997,1,0,Excluded: abnormal long stop,292,133
2022,13,Hungarian Grand Prix,Hungaroring,perez,42,2,21.167,red_bull,0,1,0.128705712219812,28.749049999999997,1,0,Excluded: abnormal long stop,292,133
2022,13,Hungarian Grand Prix,Hungaroring,ricciardo,15,1,21.558,mclaren,0,1,0.128705712219812,28.749049999999997,1,0,Excluded: abnormal long stop,270,133
2022,13,Hungarian Grand Prix,Hungaroring,ricciardo,46,2,21.521,mclaren,0,1,0.128705712219812,28.749049999999997,1,0,Excluded: abnormal long stop,270,133
2022,13,Hungarian Grand Prix,Hungaroring,russell,16,1,22.763,mercedes,0,1,0.128705712219812,28.749049999999997,1,0,Excluded: abnormal long stop,278,133
2022,13,Hungarian Grand Prix,Hungaroring,russell,39,2,21.743,mercedes,0,1,0.128705712219812,28.749049999999997,1,0,Excluded: abnormal long stop,278,133
2022,13,Hungarian Grand Prix,Hungaroring,sainz,17,1,22.82,ferrari,0,1,0.128705712219812,28.749049999999997,1,0,Excluded: abnormal long stop,259,133
2022,13,Hungarian Grand Prix,Hungaroring,sainz,47,2,23.456,ferrari,0,1,0.128705712219812,28.749049999999997,1,0,Excluded: abnormal long stop,259,133
2022,13,Hungarian Grand Prix,Hungaroring,stroll,14,1,21.779,aston_martin,0,1,0.128705712219812,28.749049999999997,1,0,Excluded: abnormal long stop,271,133
2022,13,Hungarian Grand Prix,Hungaroring,stroll,46,2,21.615,aston_martin,0,1,0.128705712219812,28.749049999999997,1,0,Excluded: abnormal long stop,271,133
2022,13,Hungarian Grand Prix,Hungaroring,tsunoda,13,1,21.577,alphatauri,0,1,0.128705712219812,28.749049999999997,1,0,Excluded: abnormal long stop,202,133
2022,13,Hungarian Grand Prix,Hungaroring,tsunoda,33,2,22.016,alphatauri,0,1,0.128705712219812,28.749049999999997,1,0,Excluded: abnormal long stop,202,133
2022,13,Hungarian Grand Prix,Hungaroring,tsunoda,51,3,22.128,alphatauri,0,1,0.128705712219812,28.749049999999997,1,0,Excluded: abnormal long stop,202,133
2022,13,Hungarian Grand Prix,Hungaroring,vettel,15,1,21.402,aston_martin,0,1,0.128705712219812,28.749049999999997,1,0,Excluded: abnormal long stop,271,133
2022,13,Hungarian Grand Prix,Hungaroring,vettel,46,2,25.03,aston_martin,0,1,0.128705712219812,28.749049999999997,1,0,Excluded: abnormal long stop,271,133
2022,13,Hungarian Grand Prix,Hungaroring,zhou,27,1,22.321,alfa,0,1,0.128705712219812,28.749049999999997,1,0,Excluded: abnormal long stop,194,133
2022,13,Hungarian Grand Prix,Hungaroring,zhou,51,2,28.218,alfa,0,1,0.128705712219812,28.749049999999997,1,0,Excluded: abnormal long stop,194,133
2022,14,Belgian Grand Prix,Circuit de Spa-Francorchamps,albon,10,1,23.334,williams,0,1,0.1148989898989899,27.301,1,0,Excluded: abnormal long stop,271,109
2022,14,Belgian Grand Prix,Circuit de Spa-Francorchamps,albon,26,2,24.415,williams,0,1,0.1148989898989899,27.301,1,0,Excluded: abnormal long stop,271,109
2022,14,Belgian Grand Prix,Circuit de Spa-Francorchamps,alonso,11,1,22.641,alpine,0,1,0.1148989898989899,27.301,1,0,Excluded: abnormal long stop,249,109
2022,14,Belgian Grand Prix,Circuit de Spa-Francorchamps,alonso,25,2,23.954,alpine,0,1,0.1148989898989899,27.301,1,0,Excluded: abnormal long stop,249,109
2022,14,Belgian Grand Prix,Circuit de Spa-Francorchamps,gasly,10,1,22.857,alphatauri,0,1,0.1148989898989899,27.301,1,0,Excluded: abnormal long stop,202,109
2022,14,Belgian Grand Prix,Circuit de Spa-Francorchamps,gasly,22,2,22.542,alphatauri,0,1,0.1148989898989899,27.301,1,0,Excluded: abnormal long stop,202,109
2022,14,Belgian Grand Prix,Circuit de Spa-Francorchamps,kevinmagnussen,11,1,26.815,haas,0,1,0.1148989898989899,27.301,1,0,Excluded: abnormal long stop,272,109
2022,14,Belgian Grand Prix,Circuit de Spa-Francorchamps,kevinmagnussen,27,2,23.396,haas,0,1,0.1148989898989899,27.301,1,0,Excluded: abnormal long stop,272,109
2022,14,Belgian Grand Prix,Circuit de Spa-Francorchamps,latifi,3,1,35.825,williams,0,1,0.1148989898989899,27.301,1,0,Excluded: abnormal long stop,271,109
2022,14,Belgian Grand Prix,Circuit de Spa-Francorchamps,latifi,15,2,24.168,williams,0,1,0.1148989898989899,27.301,1,0,Excluded: abnormal long stop,271,109
2022,14,Belgian Grand Prix,Circuit de Spa-Francorchamps,latifi,34,3,23.414,williams,0,1,0.1148989898989899,27.301,1,0,Excluded: abnormal long stop,271,109
2022,14,Belgian Grand Prix,Circuit de Spa-Francorchamps,leclerc,3,1,24.198,ferrari,0,1,0.1148989898989899,27.301,1,0,Excluded: abnormal long stop,259,109
2022,14,Belgian Grand Prix,Circuit de Spa-Francorchamps,leclerc,25,2,23.189,ferrari,0,1,0.1148989898989899,27.301,1,0,Excluded: abnormal long stop,259,109
2022,14,Belgian Grand Prix,Circuit de Spa-Francorchamps,leclerc,42,3,23.334,ferrari,0,1,0.1148989898989899,27.301,1,0,Excluded: abnormal long stop,259,109
2022,14,Belgian Grand Prix,Circuit de Spa-Francorchamps,maxverstappen,15,1,22.882,red_bull,0,1,0.1148989898989899,27.301,1,0,Excluded: abnormal long stop,292,109
2022,14,Belgian Grand Prix,Circuit de Spa-Francorchamps,maxverstappen,30,2,22.322,red_bull,0,1,0.1148989898989899,27.301,1,0,Excluded: abnormal long stop,292,109
2022,14,Belgian Grand Prix,Circuit de Spa-Francorchamps,mickschumacher,14,1,24.158,haas,0,1,0.1148989898989899,27.301,1,0,Excluded: abnormal long stop,272,109
2022,14,Belgian Grand Prix,Circuit de Spa-Francorchamps,mickschumacher,30,2,24.982,haas,0,1,0.1148989898989899,27.301,1,0,Excluded: abnormal long stop,272,109
2022,14,Belgian Grand Prix,Circuit de Spa-Francorchamps,norris,13,1,23.036,mclaren,0,1,0.1148989898989899,27.301,1,0,Excluded: abnormal long stop,270,109
2022,14,Belgian Grand Prix,Circuit de Spa-Francorchamps,norris,29,2,23.56,mclaren,0,1,0.1148989898989899,27.301,1,0,Excluded: abnormal long stop,270,109
2022,14,Belgian Grand Prix,Circuit de Spa-Francorchamps,ocon,12,1,23.511,alpine,0,1,0.1148989898989899,27.301,1,0,Excluded: abnormal long stop,249,109
2022,14,Belgian Grand Prix,Circuit de Spa-Francorchamps,ocon,32,2,23.491,alpine,0,1,0.1148989898989899,27.301,1,0,Excluded: abnormal long stop,249,109
2022,14,Belgian Grand Prix,Circuit de Spa-Francorchamps,perez,14,1,22.349,red_bull,0,1,0.1148989898989899,27.301,1,0,Excluded: abnormal long stop,292,109
2022,14,Belgian Grand Prix,Circuit de Spa-Francorchamps,perez,27,2,22.65,red_bull,0,1,0.1148989898989899,27.301,1,0,Excluded: abnormal long stop,292,109
2022,14,Belgian Grand Prix,Circuit de Spa-Francorchamps,ricciardo,12,1,23.085,mclaren,0,1,0.1148989898989899,27.301,1,0,Excluded: abnormal long stop,270,109
2022,14,Belgian Grand Prix,Circuit de Spa-Francorchamps,ricciardo,32,2,23.146,mclaren,0,1,0.1148989898989899,27.301,1,0,Excluded: abnormal long stop,270,109
2022,14,Belgian Grand Prix,Circuit de Spa-Francorchamps,russell,13,1,22.825,mercedes,0,1,0.1148989898989899,27.301,1,0,Excluded: abnormal long stop,278,109
2022,14,Belgian Grand Prix,Circuit de Spa-Francorchamps,russell,29,2,22.977,mercedes,0,1,0.1148989898989899,27.301,1,0,Excluded: abnormal long stop,278,109
2022,14,Belgian Grand Prix,Circuit de Spa-Francorchamps,sainz,11,1,22.543,ferrari,0,1,0.1148989898989899,27.301,1,0,Excluded: abnormal long stop,259,109
2022,14,Belgian Grand Prix,Circuit de Spa-Francorchamps,sainz,25,2,22.75,ferrari,0,1,0.1148989898989899,27.301,1,0,Excluded: abnormal long stop,259,109
2022,14,Belgian Grand Prix,Circuit de Spa-Francorchamps,stroll,15,1,23.555,aston_martin,0,1,0.1148989898989899,27.301,1,0,Excluded: abnormal long stop,271,109
2022,14,Belgian Grand Prix,Circuit de Spa-Francorchamps,stroll,26,2,23.349,aston_martin,0,1,0.1148989898989899,27.301,1,0,Excluded: abnormal long stop,271,109
2022,14,Belgian Grand Prix,Circuit de Spa-Francorchamps,tsunoda,18,1,30.055,alphatauri,0,1,0.1148989898989899,27.301,1,0,Excluded: abnormal long stop,202,109
2022,14,Belgian Grand Prix,Circuit de Spa-Francorchamps,tsunoda,30,2,24.253,alphatauri,0,1,0.1148989898989899,27.301,1,0,Excluded: abnormal long stop,202,109
2022,14,Belgian Grand Prix,Circuit de Spa-Francorchamps,vettel,14,1,23.222,aston_martin,0,1,0.1148989898989899,27.301,1,0,Excluded: abnormal long stop,271,109
2022,14,Belgian Grand Prix,Circuit de Spa-Francorchamps,vettel,33,2,22.833,aston_martin,0,1,0.1148989898989899,27.301,1,0,Excluded: abnormal long stop,271,109
2022,14,Belgian Grand Prix,Circuit de Spa-Francorchamps,zhou,14,1,23.744,alfa,0,1,0.1148989898989899,27.301,1,0,Excluded: abnormal long stop,194,109
2022,14,Belgian Grand Prix,Circuit de Spa-Francorchamps,zhou,28,2,23.364,alfa,0,1,0.1148989898989899,27.301,1,0,Excluded: abnormal long stop,194,109
2022,15,Dutch Grand Prix,Circuit Park Zandvoort,albon,21,1,19.325,williams,0,1,0.1853448275862069,24.485350000000004,1,0,Excluded: abnormal long stop,271,144
2022,15,Dutch Grand Prix,Circuit Park Zandvoort,albon,42,2,19.911,williams,0,1,0.1853448275862069,24.485350000000004,1,0,Excluded: abnormal long stop,271,144
2022,15,Dutch Grand Prix,Circuit Park Zandvoort,albon,55,3,20.508,williams,0,1,0.1853448275862069,24.485350000000004,1,0,Excluded: abnormal long stop,271,144
2022,15,Dutch Grand Prix,Circuit Park Zandvoort,albon,56,4,14.114,williams,0,1,0.1853448275862069,24.485350000000004,0,0,Used in model: normal green-flag stop,271,144
2022,15,Dutch Grand Prix,Circuit Park Zandvoort,alonso,12,1,19.578,alpine,0,1,0.1853448275862069,24.485350000000004,1,0,Excluded: abnormal long stop,249,144
2022,15,Dutch Grand Prix,Circuit Park Zandvoort,alonso,47,2,21.501,alpine,0,1,0.1853448275862069,24.485350000000004,1,0,Excluded: abnormal long stop,249,144
2022,15,Dutch Grand Prix,Circuit Park Zandvoort,alonso,57,3,15.762,alpine,0,1,0.1853448275862069,24.485350000000004,1,0,Excluded: abnormal long stop,249,144
2022,15,Dutch Grand Prix,Circuit Park Zandvoort,bottas,16,1,19.741,alfa,0,1,0.1853448275862069,24.485350000000004,1,0,Excluded: abnormal long stop,194,144
2022,15,Dutch Grand Prix,Circuit Park Zandvoort,bottas,34,2,21.049,alfa,0,1,0.1853448275862069,24.485350000000004,1,0,Excluded: abnormal long stop,194,144
2022,15,Dutch Grand Prix,Circuit Park Zandvoort,gasly,11,1,18.789,alphatauri,0,1,0.1853448275862069,24.485350000000004,1,0,Excluded: abnormal long stop,202,144
2022,15,Dutch Grand Prix,Circuit Park Zandvoort,gasly,32,2,18.7,alphatauri,0,1,0.1853448275862069,24.485350000000004,1,0,Excluded: abnormal long stop,202,144
2022,15,Dutch Grand Prix,Circuit Park Zandvoort,gasly,56,3,18.572,alphatauri,0,1,0.1853448275862069,24.485350000000004,1,0,Excluded: abnormal long stop,202,144
2022,15,Dutch Grand Prix,Circuit Park Zandvoort,gasly,57,4,13.973,alphatauri,0,1,0.1853448275862069,24.485350000000004,0,0,Used in model: normal green-flag stop,202,144
2022,15,Dutch Grand Prix,Circuit Park Zandvoort,hamilton,29,1,19.046,mercedes,0,1,0.1853448275862069,24.485350000000004,1,0,Excluded: abnormal long stop,278,144
2022,15,Dutch Grand Prix,Circuit Park Zandvoort,hamilton,48,2,19.164,mercedes,0,1,0.1853448275862069,24.485350000000004,1,0,Excluded: abnormal long stop,278,144
2022,15,Dutch Grand Prix,Circuit Park Zandvoort,hamilton,57,3,14.155,mercedes,0,1,0.1853448275862069,24.485350000000004,0,0,Used in model: normal green-flag stop,278,144
2022,15,Dutch Grand Prix,Circuit Park Zandvoort,kevinmagnussen,14,1,20.785,haas,0,1,0.1853448275862069,24.485350000000004,1,0,Excluded: abnormal long stop,272,144
2022,15,Dutch Grand Prix,Circuit Park Zandvoort,kevinmagnussen,34,2,23.71,haas,0,1,0.1853448275862069,24.485350000000004,1,0,Excluded: abnormal long stop,272,144
2022,15,Dutch Grand Prix,Circuit Park Zandvoort,kevinmagnussen,47,3,23.663,haas,0,1,0.1853448275862069,24.485350000000004,1,0,Excluded: abnormal long stop,272,144
2022,15,Dutch Grand Prix,Circuit Park Zandvoort,kevinmagnussen,56,4,14.175,haas,0,1,0.1853448275862069,24.485350000000004,0,0,Used in model: normal green-flag stop,272,144
2022,15,Dutch Grand Prix,Circuit Park Zandvoort,latifi,13,1,20.284,williams,0,1,0.1853448275862069,24.485350000000004,1,0,Excluded: abnormal long stop,271,144
2022,15,Dutch Grand Prix,Circuit Park Zandvoort,latifi,26,2,20.733,williams,0,1,0.1853448275862069,24.485350000000004,1,0,Excluded: abnormal long stop,271,144
2022,15,Dutch Grand Prix,Circuit Park Zandvoort,latifi,54,3,20.051,williams,0,1,0.1853448275862069,24.485350000000004,1,0,Excluded: abnormal long stop,271,144
2022,15,Dutch Grand Prix,Circuit Park Zandvoort,latifi,55,4,14.459,williams,0,1,0.1853448275862069,24.485350000000004,0,0,Used in model: normal green-flag stop,271,144
2022,15,Dutch Grand Prix,Circuit Park Zandvoort,leclerc,17,1,19.08,ferrari,0,1,0.1853448275862069,24.485350000000004,1,0,Excluded: abnormal long stop,259,144
2022,15,Dutch Grand Prix,Circuit Park Zandvoort,leclerc,45,2,19.084,ferrari,0,1,0.1853448275862069,24.485350000000004,1,0,Excluded: abnormal long stop,259,144
2022,15,Dutch Grand Prix,Circuit Park Zandvoort,leclerc,56,3,19.576,ferrari,0,1,0.1853448275862069,24.485350000000004,1,0,Excluded: abnormal long stop,259,144
2022,15,Dutch Grand Prix,Circuit Park Zandvoort,leclerc,57,4,14.008,ferrari,0,1,0.1853448275862069,24.485350000000004,0,0,Used in model: normal green-flag stop,259,144
2022,15,Dutch Grand Prix,Circuit Park Zandvoort,maxverstappen,18,1,19.634,red_bull,0,1,0.1853448275862069,24.485350000000004,1,0,Excluded: abnormal long stop,292,144
2022,15,Dutch Grand Prix,Circuit Park Zandvoort,maxverstappen,48,2,19.61,red_bull,0,1,0.1853448275862069,24.485350000000004,1,0,Excluded: abnormal long stop,292,144
2022,15,Dutch Grand Prix,Circuit Park Zandvoort,maxverstappen,56,3,19.655,red_bull,0,1,0.1853448275862069,24.485350000000004,1,0,Excluded: abnormal long stop,292,144
2022,15,Dutch Grand Prix,Circuit Park Zandvoort,maxverstappen,57,4,14.113,red_bull,0,1,0.1853448275862069,24.485350000000004,0,0,Used in model: normal green-flag stop,292,144
2022,15,Dutch Grand Prix,Circuit Park Zandvoort,mickschumacher,13,1,26.813,haas,0,1,0.1853448275862069,24.485350000000004,1,0,Excluded: abnormal long stop,272,144
2022,15,Dutch Grand Prix,Circuit Park Zandvoort,mickschumacher,33,2,21.814,haas,0,1,0.1853448275862069,24.485350000000004,1,0,Excluded: abnormal long stop,272,144
2022,15,Dutch Grand Prix,Circuit Park Zandvoort,mickschumacher,47,3,20.283,haas,0,1,0.1853448275862069,24.485350000000004,1,0,Excluded: abnormal long stop,272,144
2022,15,Dutch Grand Prix,Circuit Park Zandvoort,mickschumacher,56,4,14.144,haas,0,1,0.1853448275862069,24.485350000000004,0,0,Used in model: normal green-flag stop,272,144
2022,15,Dutch Grand Prix,Circuit Park Zandvoort,norris,17,1,19.303,mclaren,0,1,0.1853448275862069,24.485350000000004,1,0,Excluded: abnormal long stop,270,144
2022,15,Dutch Grand Prix,Circuit Park Zandvoort,norris,47,2,21.117,mclaren,0,1,0.1853448275862069,24.485350000000004,1,0,Excluded: abnormal long stop,270,144
2022,15,Dutch Grand Prix,Circuit Park Zandvoort,norris,57,3,21.264,mclaren,0,1,0.1853448275862069,24.485350000000004,1,0,Excluded: abnormal long stop,270,144
2022,15,Dutch Grand Prix,Circuit Park Zandvoort,ocon,18,1,19.455,alpine,0,1,0.1853448275862069,24.485350000000004,1,0,Excluded: abnormal long stop,249,144
2022,15,Dutch Grand Prix,Circuit Park Zandvoort,ocon,56,2,21.602,alpine,0,1,0.1853448275862069,24.485350000000004,1,0,Excluded: abnormal long stop,249,144
2022,15,Dutch Grand Prix,Circuit Park Zandvoort,ocon,57,3,14.041,alpine,0,1,0.1853448275862069,24.485350000000004,0,0,Used in model: normal green-flag stop,249,144
2022,15,Dutch Grand Prix,Circuit Park Zandvoort,perez,14,1,18.835,red_bull,0,1,0.1853448275862069,24.485350000000004,1,0,Excluded: abnormal long stop,292,144
2022,15,Dutch Grand Prix,Circuit Park Zandvoort,perez,40,2,18.738,red_bull,0,1,0.1853448275862069,24.485350000000004,1,0,Excluded: abnormal long stop,292,144
2022,15,Dutch Grand Prix,Circuit Park Zandvoort,perez,56,3,19.25,red_bull,0,1,0.1853448275862069,24.485350000000004,1,0,Excluded: abnormal long stop,292,144
2022,15,Dutch Grand Prix,Circuit Park Zandvoort,perez,57,4,14.113,red_bull,0,1,0.1853448275862069,24.485350000000004,0,0,Used in model: normal green-flag stop,292,144
2022,15,Dutch Grand Prix,Circuit Park Zandvoort,ricciardo,11,1,19.546,mclaren,0,1,0.1853448275862069,24.485350000000004,1,0,Excluded: abnormal long stop,270,144
2022,15,Dutch Grand Prix,Circuit Park Zandvoort,ricciardo,27,2,19.567,mclaren,0,1,0.1853448275862069,24.485350000000004,1,0,Excluded: abnormal long stop,270,144
2022,15,Dutch Grand Prix,Circuit Park Zandvoort,ricciardo,47,3,19.718,mclaren,0,1,0.1853448275862069,24.485350000000004,1,0,Excluded: abnormal long stop,270,144
2022,15,Dutch Grand Prix,Circuit Park Zandvoort,ricciardo,55,4,20.295,mclaren,0,1,0.1853448275862069,24.485350000000004,1,0,Excluded: abnormal long stop,270,144
2022,15,Dutch Grand Prix,Circuit Park Zandvoort,ricciardo,56,5,14.493,mclaren,0,1,0.1853448275862069,24.485350000000004,0,0,Used in model: normal green-flag stop,270,144
2022,15,Dutch Grand Prix,Circuit Park Zandvoort,russell,31,1,19.359,mercedes,0,1,0.1853448275862069,24.485350000000004,1,0,Excluded: abnormal long stop,278,144
2022,15,Dutch Grand Prix,Circuit Park Zandvoort,russell,48,2,20.742,mercedes,0,1,0.1853448275862069,24.485350000000004,1,0,Excluded: abnormal long stop,278,144
2022,15,Dutch Grand Prix,Circuit Park Zandvoort,russell,57,3,21.363,mercedes,0,1,0.1853448275862069,24.485350000000004,1,0,Excluded: abnormal long stop,278,144
2022,15,Dutch Grand Prix,Circuit Park Zandvoort,sainz,14,1,29.705,ferrari,0,1,0.1853448275862069,24.485350000000004,1,0,Excluded: abnormal long stop,259,144
2022,15,Dutch Grand Prix,Circuit Park Zandvoort,sainz,43,2,19.493,ferrari,0,1,0.1853448275862069,24.485350000000004,1,0,Excluded: abnormal long stop,259,144
2022,15,Dutch Grand Prix,Circuit Park Zandvoort,sainz,57,3,21.164,ferrari,0,1,0.1853448275862069,24.485350000000004,1,0,Excluded: abnormal long stop,259,144
2022,15,Dutch Grand Prix,Circuit Park Zandvoort,stroll,16,1,20.205,aston_martin,0,1,0.1853448275862069,24.485350000000004,1,0,Excluded: abnormal long stop,271,144
2022,15,Dutch Grand Prix,Circuit Park Zandvoort,stroll,38,2,20.214,aston_martin,0,1,0.1853448275862069,24.485350000000004,1,0,Excluded: abnormal long stop,271,144
2022,15,Dutch Grand Prix,Circuit Park Zandvoort,stroll,56,3,19.141,aston_martin,0,1,0.1853448275862069,24.485350000000004,1,0,Excluded: abnormal long stop,271,144
2022,15,Dutch Grand Prix,Circuit Park Zandvoort,stroll,57,4,14.118,aston_martin,0,1,0.1853448275862069,24.485350000000004,0,0,Used in model: normal green-flag stop,271,144
2022,15,Dutch Grand Prix,Circuit Park Zandvoort,tsunoda,13,1,18.774,alphatauri,0,1,0.1853448275862069,24.485350000000004,1,0,Excluded: abnormal long stop,202,144
2022,15,Dutch Grand Prix,Circuit Park Zandvoort,tsunoda,42,2,19.293,alphatauri,0,1,0.1853448275862069,24.485350000000004,1,0,Excluded: abnormal long stop,202,144
2022,15,Dutch Grand Prix,Circuit Park Zandvoort,tsunoda,43,3,52.684,alphatauri,0,1,0.1853448275862069,24.485350000000004,1,0,Excluded: abnormal long stop,202,144
2022,15,Dutch Grand Prix,Circuit Park Zandvoort,vettel,9,1,22.391,aston_martin,0,1,0.1853448275862069,24.485350000000004,1,0,Excluded: abnormal long stop,271,144
2022,15,Dutch Grand Prix,Circuit Park Zandvoort,vettel,35,2,19.156,aston_martin,0,1,0.1853448275862069,24.485350000000004,1,0,Excluded: abnormal long stop,271,144
2022,15,Dutch Grand Prix,Circuit Park Zandvoort,vettel,48,3,18.709,aston_martin,0,1,0.1853448275862069,24.485350000000004,1,0,Excluded: abnormal long stop,271,144
2022,15,Dutch Grand Prix,Circuit Park Zandvoort,vettel,56,4,14.349,aston_martin,0,1,0.1853448275862069,24.485350000000004,0,0,Used in model: normal green-flag stop,271,144
2022,15,Dutch Grand Prix,Circuit Park Zandvoort,zhou,12,1,19.548,alfa,0,1,0.1853448275862069,24.485350000000004,1,0,Excluded: abnormal long stop,194,144
2022,15,Dutch Grand Prix,Circuit Park Zandvoort,zhou,37,2,25.433,alfa,0,1,0.1853448275862069,24.485350000000004,1,0,Excluded: abnormal long stop,194,144
2022,15,Dutch Grand Prix,Circuit Park Zandvoort,zhou,55,3,20.188,alfa,0,1,0.1853448275862069,24.485350000000004,1,0,Excluded: abnormal long stop,194,144
2022,15,Dutch Grand Prix,Circuit Park Zandvoort,zhou,56,4,14.128,alfa,0,1,0.1853448275862069,24.485350000000004,0,0,Used in model: normal green-flag stop,194,144
2022,16,Italian Grand Prix,Autodromo Nazionale di Monza,bottas,35,1,24.758,alfa,0,1,0.16580844490216273,26.7582,1,0,Excluded: abnormal long stop,194,104
2022,16,Italian Grand Prix,Autodromo Nazionale di Monza,devries,19,1,24.628,williams,0,1,0.16580844490216273,26.7582,1,0,Excluded: abnormal long stop,271,104
2022,16,Italian Grand Prix,Autodromo Nazionale di Monza,gasly,18,1,25.376,alphatauri,0,1,0.16580844490216273,26.7582,1,0,Excluded: abnormal long stop,202,104
2022,16,Italian Grand Prix,Autodromo Nazionale di Monza,hamilton,33,1,24.282,mercedes,0,1,0.16580844490216273,26.7582,1,0,Excluded: abnormal long stop,278,104
2022,16,Italian Grand Prix,Autodromo Nazionale di Monza,kevinmagnussen,24,1,30.164,haas,0,1,0.16580844490216273,26.7582,1,0,Excluded: abnormal long stop,272,104
2022,16,Italian Grand Prix,Autodromo Nazionale di Monza,kevinmagnussen,46,2,24.846,haas,0,1,0.16580844490216273,26.7582,1,0,Excluded: abnormal long stop,272,104
2022,16,Italian Grand Prix,Autodromo Nazionale di Monza,latifi,15,1,26.782,williams,0,1,0.16580844490216273,26.7582,1,0,Excluded: abnormal long stop,271,104
2022,16,Italian Grand Prix,Autodromo Nazionale di Monza,latifi,47,2,24.263,williams,0,1,0.16580844490216273,26.7582,1,0,Excluded: abnormal long stop,271,104
2022,16,Italian Grand Prix,Autodromo Nazionale di Monza,leclerc,12,1,23.531,ferrari,0,1,0.16580844490216273,26.7582,1,0,Excluded: abnormal long stop,259,104
2022,16,Italian Grand Prix,Autodromo Nazionale di Monza,leclerc,33,2,23.904,ferrari,0,1,0.16580844490216273,26.7582,1,0,Excluded: abnormal long stop,259,104
2022,16,Italian Grand Prix,Autodromo Nazionale di Monza,leclerc,48,3,23.719,ferrari,0,1,0.16580844490216273,26.7582,1,0,Excluded: abnormal long stop,259,104
2022,16,Italian Grand Prix,Autodromo Nazionale di Monza,maxverstappen,25,1,23.791,red_bull,0,1,0.16580844490216273,26.7582,1,0,Excluded: abnormal long stop,292,104
2022,16,Italian Grand Prix,Autodromo Nazionale di Monza,maxverstappen,48,2,24.091,red_bull,0,1,0.16580844490216273,26.7582,1,0,Excluded: abnormal long stop,292,104
2022,16,Italian Grand Prix,Autodromo Nazionale di Monza,mickschumacher,33,1,24.817,haas,0,1,0.16580844490216273,26.7582,1,0,Excluded: abnormal long stop,272,104
2022,16,Italian Grand Prix,Autodromo Nazionale di Monza,norris,35,1,26.714,mclaren,0,1,0.16580844490216273,26.7582,1,0,Excluded: abnormal long stop,270,104
2022,16,Italian Grand Prix,Autodromo Nazionale di Monza,norris,47,2,24.784,mclaren,0,1,0.16580844490216273,26.7582,1,0,Excluded: abnormal long stop,270,104
2022,16,Italian Grand Prix,Autodromo Nazionale di Monza,ocon,19,1,24.336,alpine,0,1,0.16580844490216273,26.7582,1,0,Excluded: abnormal long stop,249,104
2022,16,Italian Grand Prix,Autodromo Nazionale di Monza,perez,7,1,23.698,red_bull,0,1,0.16580844490216273,26.7582,1,0,Excluded: abnormal long stop,292,104
2022,16,Italian Grand Prix,Autodromo Nazionale di Monza,perez,42,2,23.299,red_bull,0,1,0.16580844490216273,26.7582,1,0,Excluded: abnormal long stop,292,104
2022,16,Italian Grand Prix,Autodromo Nazionale di Monza,ricciardo,19,1,25.164,mclaren,0,1,0.16580844490216273,26.7582,1,0,Excluded: abnormal long stop,270,104
2022,16,Italian Grand Prix,Autodromo Nazionale di Monza,russell,23,1,25.075,mercedes,0,1,0.16580844490216273,26.7582,1,0,Excluded: abnormal long stop,278,104
2022,16,Italian Grand Prix,Autodromo Nazionale di Monza,russell,47,2,24.114,mercedes,0,1,0.16580844490216273,26.7582,1,0,Excluded: abnormal long stop,278,104
2022,16,Italian Grand Prix,Autodromo Nazionale di Monza,sainz,30,1,23.728,ferrari,0,1,0.16580844490216273,26.7582,1,0,Excluded: abnormal long stop,259,104
2022,16,Italian Grand Prix,Autodromo Nazionale di Monza,sainz,47,2,24.525,ferrari,0,1,0.16580844490216273,26.7582,1,0,Excluded: abnormal long stop,259,104
2022,16,Italian Grand Prix,Autodromo Nazionale di Monza,stroll,18,1,24.254,aston_martin,0,1,0.16580844490216273,26.7582,1,0,Excluded: abnormal long stop,271,104
2022,16,Italian Grand Prix,Autodromo Nazionale di Monza,tsunoda,19,1,24.009,alphatauri,0,1,0.16580844490216273,26.7582,1,0,Excluded: abnormal long stop,202,104
2022,16,Italian Grand Prix,Autodromo Nazionale di Monza,tsunoda,47,2,23.904,alphatauri,0,1,0.16580844490216273,26.7582,1,0,Excluded: abnormal long stop,202,104
2022,16,Italian Grand Prix,Autodromo Nazionale di Monza,zhou,18,1,25.366,alfa,0,1,0.16580844490216273,26.7582,1,0,Excluded: abnormal long stop,194,104
2022,17,Singapore Grand Prix,Marina Bay Street Circuit,bottas,33,1,32.167,alfa,0,1,0.32063492063492066,39.247,1,0,Excluded: abnormal long stop,194,69
2022,17,Singapore Grand Prix,Marina Bay Street Circuit,gasly,33,1,29.867,alphatauri,0,1,0.32063492063492066,39.247,1,0,Excluded: abnormal long stop,202,69
2022,17,Singapore Grand Prix,Marina Bay Street Circuit,hamilton,34,1,41.019,mercedes,0,1,0.32063492063492066,39.247,1,0,Excluded: abnormal long stop,278,69
2022,17,Singapore Grand Prix,Marina Bay Street Circuit,kevinmagnussen,7,1,39.247,haas,0,1,0.32063492063492066,39.247,1,0,Excluded: abnormal long stop,272,69
2022,17,Singapore Grand Prix,Marina Bay Street Circuit,kevinmagnussen,33,2,32.603,haas,0,1,0.32063492063492066,39.247,1,0,Excluded: abnormal long stop,272,69
2022,17,Singapore Grand Prix,Marina Bay Street Circuit,leclerc,34,1,32.058,ferrari,0,1,0.32063492063492066,39.247,1,0,Excluded: abnormal long stop,259,69
2022,17,Singapore Grand Prix,Marina Bay Street Circuit,maxverstappen,35,1,29.407,red_bull,0,1,0.32063492063492066,39.247,1,0,Excluded: abnormal long stop,292,69
2022,17,Singapore Grand Prix,Marina Bay Street Circuit,maxverstappen,40,2,29.775,red_bull,0,1,0.32063492063492066,39.247,1,0,Excluded: abnormal long stop,292,69
2022,17,Singapore Grand Prix,Marina Bay Street Circuit,mickschumacher,34,1,31.201,haas,0,1,0.32063492063492066,39.247,1,0,Excluded: abnormal long stop,272,69
2022,17,Singapore Grand Prix,Marina Bay Street Circuit,mickschumacher,41,2,34.722,haas,0,1,0.32063492063492066,39.247,1,0,Excluded: abnormal long stop,272,69
2022,17,Singapore Grand Prix,Marina Bay Street Circuit,norris,36,1,30.528,mclaren,0,1,0.32063492063492066,39.247,1,0,Excluded: abnormal long stop,270,69
2022,17,Singapore Grand Prix,Marina Bay Street Circuit,perez,35,1,29.55,red_bull,0,1,0.32063492063492066,39.247,1,0,Excluded: abnormal long stop,292,69
2022,17,Singapore Grand Prix,Marina Bay Street Circuit,ricciardo,36,1,30.946,mclaren,0,1,0.32063492063492066,39.247,1,0,Excluded: abnormal long stop,270,69
2022,17,Singapore Grand Prix,Marina Bay Street Circuit,russell,21,1,30.378,mercedes,0,1,0.32063492063492066,39.247,1,0,Excluded: abnormal long stop,278,69
2022,17,Singapore Grand Prix,Marina Bay Street Circuit,russell,35,2,29.713,mercedes,0,1,0.32063492063492066,39.247,1,0,Excluded: abnormal long stop,278,69
2022,17,Singapore Grand Prix,Marina Bay Street Circuit,russell,41,3,33.211,mercedes,0,1,0.32063492063492066,39.247,1,0,Excluded: abnormal long stop,278,69
2022,17,Singapore Grand Prix,Marina Bay Street Circuit,russell,51,4,29.893,mercedes,0,1,0.32063492063492066,39.247,1,0,Excluded: abnormal long stop,278,69
2022,17,Singapore Grand Prix,Marina Bay Street Circuit,sainz,35,1,30.603,ferrari,0,1,0.32063492063492066,39.247,1,0,Excluded: abnormal long stop,259,69
2022,17,Singapore Grand Prix,Marina Bay Street Circuit,stroll,35,1,29.863,aston_martin,0,1,0.32063492063492066,39.247,1,0,Excluded: abnormal long stop,271,69
2022,17,Singapore Grand Prix,Marina Bay Street Circuit,tsunoda,33,1,31.293,alphatauri,0,1,0.32063492063492066,39.247,1,0,Excluded: abnormal long stop,202,69
2022,17,Singapore Grand Prix,Marina Bay Street Circuit,vettel,34,1,29.704,aston_martin,0,1,0.32063492063492066,39.247,1,0,Excluded: abnormal long stop,271,69
2022,18,Japanese Grand Prix,Suzuka Circuit,alonso,8,2,24.106,alpine,0,1,0.07495069033530571,25.8685,1,0,Excluded: abnormal long stop,249,24
2022,18,Japanese Grand Prix,Suzuka Circuit,alonso,22,3,24.123,alpine,0,1,0.07495069033530571,25.8685,1,0,Excluded: abnormal long stop,249,24
2022,18,Japanese Grand Prix,Suzuka Circuit,bottas,6,2,24.869,alfa,0,1,0.07495069033530571,25.8685,1,0,Excluded: abnormal long stop,194,24
2022,18,Japanese Grand Prix,Suzuka Circuit,gasly,7,3,24.966,alphatauri,0,1,0.07495069033530571,25.8685,1,0,Excluded: abnormal long stop,202,24
2022,18,Japanese Grand Prix,Suzuka Circuit,gasly,19,4,23.966,alphatauri,0,1,0.07495069033530571,25.8685,1,0,Excluded: abnormal long stop,202,24
2022,18,Japanese Grand Prix,Suzuka Circuit,hamilton,7,2,25.059,mercedes,0,1,0.07495069033530571,25.8685,1,0,Excluded: abnormal long stop,278,24
2022,18,Japanese Grand Prix,Suzuka Circuit,kevinmagnussen,7,2,25.594,haas,0,1,0.07495069033530571,25.8685,1,0,Excluded: abnormal long stop,272,24
2022,18,Japanese Grand Prix,Suzuka Circuit,latifi,5,2,24.785,williams,0,1,0.07495069033530571,25.8685,1,0,Excluded: abnormal long stop,271,24
2022,18,Japanese Grand Prix,Suzuka Circuit,leclerc,7,2,25.899,ferrari,0,1,0.07495069033530571,25.8685,1,0,Excluded: abnormal long stop,259,24
2022,18,Japanese Grand Prix,Suzuka Circuit,maxverstappen,7,2,24.308,red_bull,0,1,0.07495069033530571,25.8685,1,0,Excluded: abnormal long stop,292,24
2022,18,Japanese Grand Prix,Suzuka Circuit,mickschumacher,11,2,24.608,haas,0,1,0.07495069033530571,25.8685,1,0,Excluded: abnormal long stop,272,24
2022,18,Japanese Grand Prix,Suzuka Circuit,norris,6,2,24.595,mclaren,0,1,0.07495069033530571,25.8685,1,0,Excluded: abnormal long stop,270,24
2022,18,Japanese Grand Prix,Suzuka Circuit,ocon,7,2,25.172,alpine,0,1,0.07495069033530571,25.8685,1,0,Excluded: abnormal long stop,249,24
2022,18,Japanese Grand Prix,Suzuka Circuit,perez,7,2,25.322,red_bull,0,1,0.07495069033530571,25.8685,1,0,Excluded: abnormal long stop,292,24
2022,18,Japanese Grand Prix,Suzuka Circuit,ricciardo,8,2,25.377,mclaren,0,1,0.07495069033530571,25.8685,1,0,Excluded: abnormal long stop,270,24
2022,18,Japanese Grand Prix,Suzuka Circuit,russell,7,2,28.728,mercedes,0,1,0.07495069033530571,25.8685,1,0,Excluded: abnormal long stop,278,24
2022,18,Japanese Grand Prix,Suzuka Circuit,stroll,7,2,24.005,aston_martin,0,1,0.07495069033530571,25.8685,1,0,Excluded: abnormal long stop,271,24
2022,18,Japanese Grand Prix,Suzuka Circuit,stroll,19,3,23.87,aston_martin,0,1,0.07495069033530571,25.8685,1,0,Excluded: abnormal long stop,271,24
2022,18,Japanese Grand Prix,Suzuka Circuit,tsunoda,7,2,24.439,alphatauri,0,1,0.07495069033530571,25.8685,1,0,Excluded: abnormal long stop,202,24
2022,18,Japanese Grand Prix,Suzuka Circuit,tsunoda,20,3,23.756,alphatauri,0,1,0.07495069033530571,25.8685,1,0,Excluded: abnormal long stop,202,24
2022,18,Japanese Grand Prix,Suzuka Circuit,vettel,5,2,24.218,aston_martin,0,1,0.07495069033530571,25.8685,1,0,Excluded: abnormal long stop,271,24
2022,18,Japanese Grand Prix,Suzuka Circuit,zhou,9,2,24.563,alfa,0,1,0.07495069033530571,25.8685,1,0,Excluded: abnormal long stop,194,24
2022,18,Japanese Grand Prix,Suzuka Circuit,zhou,18,3,24.266,alfa,0,1,0.07495069033530571,25.8685,1,0,Excluded: abnormal long stop,194,24
2022,19,United States Grand Prix,Circuit of the Americas,albon,9,1,24.624,williams,0,1,0.1693548387096774,33.729749999999996,1,0,Excluded: abnormal long stop,271,135
2022,19,United States Grand Prix,Circuit of the Americas,albon,18,2,24.311,williams,0,1,0.1693548387096774,33.729749999999996,1,0,Excluded: abnormal long stop,271,135
2022,19,United States Grand Prix,Circuit of the Americas,alonso,18,1,23.87,alpine,0,1,0.1693548387096774,33.729749999999996,1,0,Excluded: abnormal long stop,249,135
2022,19,United States Grand Prix,Circuit of the Americas,alonso,22,2,39.707,alpine,0,1,0.1693548387096774,33.729749999999996,1,0,Excluded: abnormal long stop,249,135
2022,19,United States Grand Prix,Circuit of the Americas,bottas,10,1,25.013,alfa,0,1,0.1693548387096774,33.729749999999996,1,0,Excluded: abnormal long stop,194,135
2022,19,United States Grand Prix,Circuit of the Americas,gasly,11,1,23.67,alphatauri,0,1,0.1693548387096774,33.729749999999996,1,0,Excluded: abnormal long stop,202,135
2022,19,United States Grand Prix,Circuit of the Americas,gasly,32,2,28.918,alphatauri,0,1,0.1693548387096774,33.729749999999996,1,0,Excluded: abnormal long stop,202,135
2022,19,United States Grand Prix,Circuit of the Americas,hamilton,12,1,24.362,mercedes,0,1,0.1693548387096774,33.729749999999996,1,0,Excluded: abnormal long stop,278,135
2022,19,United States Grand Prix,Circuit of the Americas,hamilton,34,2,24.135,mercedes,0,1,0.1693548387096774,33.729749999999996,1,0,Excluded: abnormal long stop,278,135
2022,19,United States Grand Prix,Circuit of the Americas,kevinmagnussen,18,1,29.039,haas,0,1,0.1693548387096774,33.729749999999996,1,0,Excluded: abnormal long stop,272,135
2022,19,United States Grand Prix,Circuit of the Americas,latifi,5,1,25.321,williams,0,1,0.1693548387096774,33.729749999999996,1,0,Excluded: abnormal long stop,271,135
2022,19,United States Grand Prix,Circuit of the Americas,latifi,18,2,24.195,williams,0,1,0.1693548387096774,33.729749999999996,1,0,Excluded: abnormal long stop,271,135
2022,19,United States Grand Prix,Circuit of the Americas,leclerc,18,1,24.314,ferrari,0,1,0.1693548387096774,33.729749999999996,1,0,Excluded: abnormal long stop,259,135
2022,19,United States Grand Prix,Circuit of the Americas,leclerc,35,2,23.755,ferrari,0,1,0.1693548387096774,33.729749999999996,1,0,Excluded: abnormal long stop,259,135
2022,19,United States Grand Prix,Circuit of the Americas,maxverstappen,13,1,23.866,red_bull,0,1,0.1693548387096774,33.729749999999996,1,0,Excluded: abnormal long stop,292,135
2022,19,United States Grand Prix,Circuit of the Americas,maxverstappen,35,2,32.254,red_bull,0,1,0.1693548387096774,33.729749999999996,1,0,Excluded: abnormal long stop,292,135
2022,19,United States Grand Prix,Circuit of the Americas,mickschumacher,18,1,25.209,haas,0,1,0.1693548387096774,33.729749999999996,1,0,Excluded: abnormal long stop,272,135
2022,19,United States Grand Prix,Circuit of the Americas,mickschumacher,33,2,24.651,haas,0,1,0.1693548387096774,33.729749999999996,1,0,Excluded: abnormal long stop,272,135
2022,19,United States Grand Prix,Circuit of the Americas,norris,14,1,24.026,mclaren,0,1,0.1693548387096774,33.729749999999996,1,0,Excluded: abnormal long stop,270,135
2022,19,United States Grand Prix,Circuit of the Americas,norris,34,2,23.702,mclaren,0,1,0.1693548387096774,33.729749999999996,1,0,Excluded: abnormal long stop,270,135
2022,19,United States Grand Prix,Circuit of the Americas,ocon,18,1,24.816,alpine,0,1,0.1693548387096774,33.729749999999996,1,0,Excluded: abnormal long stop,249,135
2022,19,United States Grand Prix,Circuit of the Americas,ocon,45,2,24.711,alpine,0,1,0.1693548387096774,33.729749999999996,1,0,Excluded: abnormal long stop,249,135
2022,19,United States Grand Prix,Circuit of the Americas,perez,14,1,23.403,red_bull,0,1,0.1693548387096774,33.729749999999996,1,0,Excluded: abnormal long stop,292,135
2022,19,United States Grand Prix,Circuit of the Americas,perez,38,2,24.801,red_bull,0,1,0.1693548387096774,33.729749999999996,1,0,Excluded: abnormal long stop,292,135
2022,19,United States Grand Prix,Circuit of the Americas,ricciardo,10,1,26.206,mclaren,0,1,0.1693548387096774,33.729749999999996,1,0,Excluded: abnormal long stop,270,135
2022,19,United States Grand Prix,Circuit of the Americas,ricciardo,35,2,24.436,mclaren,0,1,0.1693548387096774,33.729749999999996,1,0,Excluded: abnormal long stop,270,135
2022,19,United States Grand Prix,Circuit of the Americas,russell,13,1,30.038,mercedes,0,1,0.1693548387096774,33.729749999999996,1,0,Excluded: abnormal long stop,278,135
2022,19,United States Grand Prix,Circuit of the Americas,russell,36,2,24.509,mercedes,0,1,0.1693548387096774,33.729749999999996,1,0,Excluded: abnormal long stop,278,135
2022,19,United States Grand Prix,Circuit of the Americas,russell,54,3,23.947,mercedes,0,1,0.1693548387096774,33.729749999999996,1,0,Excluded: abnormal long stop,278,135
2022,19,United States Grand Prix,Circuit of the Americas,stroll,15,1,25.417,aston_martin,0,1,0.1693548387096774,33.729749999999996,1,0,Excluded: abnormal long stop,271,135
2022,19,United States Grand Prix,Circuit of the Americas,tsunoda,10,1,23.688,alphatauri,0,1,0.1693548387096774,33.729749999999996,1,0,Excluded: abnormal long stop,202,135
2022,19,United States Grand Prix,Circuit of the Americas,tsunoda,33,2,23.241,alphatauri,0,1,0.1693548387096774,33.729749999999996,1,0,Excluded: abnormal long stop,202,135
2022,19,United States Grand Prix,Circuit of the Americas,vettel,18,1,24.307,aston_martin,0,1,0.1693548387096774,33.729749999999996,1,0,Excluded: abnormal long stop,271,135
2022,19,United States Grand Prix,Circuit of the Americas,vettel,41,2,38.157,aston_martin,0,1,0.1693548387096774,33.729749999999996,1,0,Excluded: abnormal long stop,271,135
2022,19,United States Grand Prix,Circuit of the Americas,zhou,9,1,27.326,alfa,0,1,0.1693548387096774,33.729749999999996,1,0,Excluded: abnormal long stop,194,135
2022,19,United States Grand Prix,Circuit of the Americas,zhou,23,2,25.015,alfa,0,1,0.1693548387096774,33.729749999999996,1,0,Excluded: abnormal long stop,194,135
2022,20,Mexico City Grand Prix,Autódromo Hermanos Rodríguez,albon,38,1,23.182,williams,0,1,0.024655547498187092,24.824599999999997,1,0,Excluded: abnormal long stop,271,85
2022,20,Mexico City Grand Prix,Autódromo Hermanos Rodríguez,alonso,40,1,23.159,alpine,0,1,0.024655547498187092,24.824599999999997,1,0,Excluded: abnormal long stop,249,85
2022,20,Mexico City Grand Prix,Autódromo Hermanos Rodríguez,bottas,39,1,23.863,alfa,0,1,0.024655547498187092,24.824599999999997,1,0,Excluded: abnormal long stop,194,85
2022,20,Mexico City Grand Prix,Autódromo Hermanos Rodríguez,gasly,40,1,29.168,alphatauri,0,1,0.024655547498187092,24.824599999999997,1,0,Excluded: abnormal long stop,202,85
2022,20,Mexico City Grand Prix,Autódromo Hermanos Rodríguez,hamilton,29,1,23.194,mercedes,0,1,0.024655547498187092,24.824599999999997,1,0,Excluded: abnormal long stop,278,85
2022,20,Mexico City Grand Prix,Autódromo Hermanos Rodríguez,kevinmagnussen,38,1,23.722,haas,0,1,0.024655547498187092,24.824599999999997,1,0,Excluded: abnormal long stop,272,85
2022,20,Mexico City Grand Prix,Autódromo Hermanos Rodríguez,latifi,23,1,23.826,williams,0,1,0.024655547498187092,24.824599999999997,1,0,Excluded: abnormal long stop,271,85
2022,20,Mexico City Grand Prix,Autódromo Hermanos Rodríguez,latifi,52,2,24.039,williams,0,1,0.024655547498187092,24.824599999999997,1,0,Excluded: abnormal long stop,271,85
2022,20,Mexico City Grand Prix,Autódromo Hermanos Rodríguez,leclerc,28,1,22.193,ferrari,0,1,0.024655547498187092,24.824599999999997,1,0,Excluded: abnormal long stop,259,85
2022,20,Mexico City Grand Prix,Autódromo Hermanos Rodríguez,maxverstappen,25,1,22.487,red_bull,0,1,0.024655547498187092,24.824599999999997,1,0,Excluded: abnormal long stop,292,85
2022,20,Mexico City Grand Prix,Autódromo Hermanos Rodríguez,mickschumacher,24,1,23.679,haas,0,1,0.024655547498187092,24.824599999999997,1,0,Excluded: abnormal long stop,272,85
2022,20,Mexico City Grand Prix,Autódromo Hermanos Rodríguez,norris,31,1,22.585,mclaren,0,1,0.024655547498187092,24.824599999999997,1,0,Excluded: abnormal long stop,270,85
2022,20,Mexico City Grand Prix,Autódromo Hermanos Rodríguez,ocon,33,1,22.343,alpine,0,1,0.024655547498187092,24.824599999999997,1,0,Excluded: abnormal long stop,249,85
2022,20,Mexico City Grand Prix,Autódromo Hermanos Rodríguez,perez,23,1,24.892,red_bull,0,1,0.024655547498187092,24.824599999999997,1,0,Excluded: abnormal long stop,292,85
2022,20,Mexico City Grand Prix,Autódromo Hermanos Rodríguez,ricciardo,44,1,22.28,mclaren,0,1,0.024655547498187092,24.824599999999997,1,0,Excluded: abnormal long stop,270,85
2022,20,Mexico City Grand Prix,Autódromo Hermanos Rodríguez,russell,34,1,22.795,mercedes,0,1,0.024655547498187092,24.824599999999997,1,0,Excluded: abnormal long stop,278,85
2022,20,Mexico City Grand Prix,Autódromo Hermanos Rodríguez,russell,69,2,23.118,mercedes,0,1,0.024655547498187092,24.824599999999997,1,0,Excluded: abnormal long stop,278,85
2022,20,Mexico City Grand Prix,Autódromo Hermanos Rodríguez,sainz,29,1,23.469,ferrari,0,1,0.024655547498187092,24.824599999999997,1,0,Excluded: abnormal long stop,259,85
2022,20,Mexico City Grand Prix,Autódromo Hermanos Rodríguez,stroll,17,1,23.509,aston_martin,0,1,0.024655547498187092,24.824599999999997,1,0,Excluded: abnormal long stop,271,85
2022,20,Mexico City Grand Prix,Autódromo Hermanos Rodríguez,stroll,40,2,23.119,aston_martin,0,1,0.024655547498187092,24.824599999999997,1,0,Excluded: abnormal long stop,271,85
2022,20,Mexico City Grand Prix,Autódromo Hermanos Rodríguez,tsunoda,29,1,22.468,alphatauri,0,1,0.024655547498187092,24.824599999999997,1,0,Excluded: abnormal long stop,202,85
2022,20,Mexico City Grand Prix,Autódromo Hermanos Rodríguez,vettel,38,1,22.534,aston_martin,0,1,0.024655547498187092,24.824599999999997,1,0,Excluded: abnormal long stop,271,85
2022,20,Mexico City Grand Prix,Autódromo Hermanos Rodríguez,zhou,45,1,24.218,alfa,0,1,0.024655547498187092,24.824599999999997,1,0,Excluded: abnormal long stop,194,85
2022,21,São Paulo Grand Prix,Autódromo José Carlos Pace,albon,4,1,24.361,williams,0,0,0,29.9687,1,0,Excluded: abnormal long stop,271,153
2022,21,São Paulo Grand Prix,Autódromo José Carlos Pace,albon,25,2,23.352,williams,0,0,0,29.9687,1,0,Excluded: abnormal long stop,271,153
2022,21,São Paulo Grand Prix,Autódromo José Carlos Pace,albon,47,3,23.322,williams,0,0,0,29.9687,1,0,Excluded: abnormal long stop,271,153
2022,21,São Paulo Grand Prix,Autódromo José Carlos Pace,alonso,14,1,23.478,alpine,0,0,0,29.9687,1,0,Excluded: abnormal long stop,249,153
2022,21,São Paulo Grand Prix,Autódromo José Carlos Pace,alonso,35,2,28.855,alpine,0,0,0,29.9687,1,0,Excluded: abnormal long stop,249,153
2022,21,São Paulo Grand Prix,Autódromo José Carlos Pace,alonso,52,3,23.79,alpine,0,0,0,29.9687,1,0,Excluded: abnormal long stop,249,153
2022,21,São Paulo Grand Prix,Autódromo José Carlos Pace,bottas,24,1,23.908,alfa,0,0,0,29.9687,1,0,Excluded: abnormal long stop,194,153
2022,21,São Paulo Grand Prix,Autódromo José Carlos Pace,bottas,45,2,24.616,alfa,0,0,0,29.9687,1,0,Excluded: abnormal long stop,194,153
2022,21,São Paulo Grand Prix,Autódromo José Carlos Pace,gasly,19,1,23.46,alphatauri,0,0,0,29.9687,1,0,Excluded: abnormal long stop,202,153
2022,21,São Paulo Grand Prix,Autódromo José Carlos Pace,gasly,35,2,23.328,alphatauri,0,0,0,29.9687,1,0,Excluded: abnormal long stop,202,153
2022,21,São Paulo Grand Prix,Autódromo José Carlos Pace,gasly,52,3,23.009,alphatauri,0,0,0,29.9687,1,0,Excluded: abnormal long stop,202,153
2022,21,São Paulo Grand Prix,Autódromo José Carlos Pace,hamilton,29,1,24.081,mercedes,0,0,0,29.9687,1,0,Excluded: abnormal long stop,278,153
2022,21,São Paulo Grand Prix,Autódromo José Carlos Pace,hamilton,48,2,23.415,mercedes,0,0,0,29.9687,1,0,Excluded: abnormal long stop,278,153
2022,21,São Paulo Grand Prix,Autódromo José Carlos Pace,latifi,20,1,28.807,williams,0,0,0,29.9687,1,0,Excluded: abnormal long stop,271,153
2022,21,São Paulo Grand Prix,Autódromo José Carlos Pace,latifi,32,2,24.292,williams,0,0,0,29.9687,1,0,Excluded: abnormal long stop,271,153
2022,21,São Paulo Grand Prix,Autódromo José Carlos Pace,latifi,52,3,23.64,williams,0,0,0,29.9687,1,0,Excluded: abnormal long stop,271,153
2022,21,São Paulo Grand Prix,Autódromo José Carlos Pace,leclerc,7,1,30.08,ferrari,0,0,0,29.9687,1,0,Excluded: abnormal long stop,259,153
2022,21,São Paulo Grand Prix,Autódromo José Carlos Pace,leclerc,21,2,23.172,ferrari,0,0,0,29.9687,1,0,Excluded: abnormal long stop,259,153
2022,21,São Paulo Grand Prix,Autódromo José Carlos Pace,leclerc,44,3,23.124,ferrari,0,0,0,29.9687,1,0,Excluded: abnormal long stop,259,153
2022,21,São Paulo Grand Prix,Autódromo José Carlos Pace,maxverstappen,7,1,30.942,red_bull,0,0,0,29.9687,1,0,Excluded: abnormal long stop,292,153
2022,21,São Paulo Grand Prix,Autódromo José Carlos Pace,maxverstappen,23,2,31.682,red_bull,0,0,0,29.9687,1,0,Excluded: abnormal long stop,292,153
2022,21,São Paulo Grand Prix,Autódromo José Carlos Pace,maxverstappen,48,3,24.102,red_bull,0,0,0,29.9687,1,0,Excluded: abnormal long stop,292,153
2022,21,São Paulo Grand Prix,Autódromo José Carlos Pace,mickschumacher,24,1,24.487,haas,0,0,0,29.9687,1,0,Excluded: abnormal long stop,272,153
2022,21,São Paulo Grand Prix,Autódromo José Carlos Pace,mickschumacher,46,2,25.156,haas,0,0,0,29.9687,1,0,Excluded: abnormal long stop,272,153
2022,21,São Paulo Grand Prix,Autódromo José Carlos Pace,norris,24,1,29.338,mclaren,0,0,0,29.9687,1,0,Excluded: abnormal long stop,270,153
2022,21,São Paulo Grand Prix,Autódromo José Carlos Pace,norris,45,2,24.669,mclaren,0,0,0,29.9687,1,0,Excluded: abnormal long stop,270,153
2022,21,São Paulo Grand Prix,Autódromo José Carlos Pace,ocon,24,1,23.868,alpine,0,0,0,29.9687,1,0,Excluded: abnormal long stop,249,153
2022,21,São Paulo Grand Prix,Autódromo José Carlos Pace,ocon,47,2,24.445,alpine,0,0,0,29.9687,1,0,Excluded: abnormal long stop,249,153
2022,21,São Paulo Grand Prix,Autódromo José Carlos Pace,perez,23,1,22.869,red_bull,0,0,0,29.9687,1,0,Excluded: abnormal long stop,292,153
2022,21,São Paulo Grand Prix,Autódromo José Carlos Pace,perez,47,2,23.152,red_bull,0,0,0,29.9687,1,0,Excluded: abnormal long stop,292,153
2022,21,São Paulo Grand Prix,Autódromo José Carlos Pace,russell,24,1,23.521,mercedes,0,0,0,29.9687,1,0,Excluded: abnormal long stop,278,153
2022,21,São Paulo Grand Prix,Autódromo José Carlos Pace,russell,49,2,23.48,mercedes,0,0,0,29.9687,1,0,Excluded: abnormal long stop,278,153
2022,21,São Paulo Grand Prix,Autódromo José Carlos Pace,sainz,17,1,25.206,ferrari,0,0,0,29.9687,1,0,Excluded: abnormal long stop,259,153
2022,21,São Paulo Grand Prix,Autódromo José Carlos Pace,sainz,36,2,23.483,ferrari,0,0,0,29.9687,1,0,Excluded: abnormal long stop,259,153
2022,21,São Paulo Grand Prix,Autódromo José Carlos Pace,sainz,53,3,23.816,ferrari,0,0,0,29.9687,1,0,Excluded: abnormal long stop,259,153
2022,21,São Paulo Grand Prix,Autódromo José Carlos Pace,stroll,29,1,23.469,aston_martin,0,0,0,29.9687,1,0,Excluded: abnormal long stop,271,153
2022,21,São Paulo Grand Prix,Autódromo José Carlos Pace,stroll,48,2,23.764,aston_martin,0,0,0,29.9687,1,0,Excluded: abnormal long stop,271,153
2022,21,São Paulo Grand Prix,Autódromo José Carlos Pace,tsunoda,20,1,23.287,alphatauri,0,0,0,29.9687,1,0,Excluded: abnormal long stop,202,153
2022,21,São Paulo Grand Prix,Autódromo José Carlos Pace,tsunoda,40,2,23.645,alphatauri,0,0,0,29.9687,1,0,Excluded: abnormal long stop,202,153
2022,21,São Paulo Grand Prix,Autódromo José Carlos Pace,tsunoda,54,3,23.635,alphatauri,0,0,0,29.9687,1,0,Excluded: abnormal long stop,202,153
2022,21,São Paulo Grand Prix,Autódromo José Carlos Pace,vettel,26,1,24.248,aston_martin,0,0,0,29.9687,1,0,Excluded: abnormal long stop,271,153
2022,21,São Paulo Grand Prix,Autódromo José Carlos Pace,vettel,45,2,24.028,aston_martin,0,0,0,29.9687,1,0,Excluded: abnormal long stop,271,153
2022,21,São Paulo Grand Prix,Autódromo José Carlos Pace,zhou,16,1,24.332,alfa,0,0,0,29.9687,1,0,Excluded: abnormal long stop,194,153
2022,21,São Paulo Grand Prix,Autódromo José Carlos Pace,zhou,37,2,25.111,alfa,0,0,0,29.9687,1,0,Excluded: abnormal long stop,194,153
2022,22,Abu Dhabi Grand Prix,Yas Marina Circuit,albon,12,1,21.793,williams,0,0,0,24.7085,1,0,Excluded: abnormal long stop,271,125
2022,22,Abu Dhabi Grand Prix,Yas Marina Circuit,albon,35,2,21.798,williams,0,0,0,24.7085,1,0,Excluded: abnormal long stop,271,125
2022,22,Abu Dhabi Grand Prix,Yas Marina Circuit,alonso,19,1,21.74,alpine,0,0,0,24.7085,1,0,Excluded: abnormal long stop,249,125
2022,22,Abu Dhabi Grand Prix,Yas Marina Circuit,bottas,30,1,22.573,alfa,0,0,0,24.7085,1,0,Excluded: abnormal long stop,194,125
2022,22,Abu Dhabi Grand Prix,Yas Marina Circuit,gasly,14,1,21.855,alphatauri,0,0,0,24.7085,1,0,Excluded: abnormal long stop,202,125
2022,22,Abu Dhabi Grand Prix,Yas Marina Circuit,hamilton,18,1,21.27,mercedes,0,0,0,24.7085,1,0,Excluded: abnormal long stop,278,125
2022,22,Abu Dhabi Grand Prix,Yas Marina Circuit,kevinmagnussen,28,1,22.387,haas,0,0,0,24.7085,1,0,Excluded: abnormal long stop,272,125
2022,22,Abu Dhabi Grand Prix,Yas Marina Circuit,latifi,15,1,22.423,williams,0,0,0,24.7085,1,0,Excluded: abnormal long stop,271,125
2022,22,Abu Dhabi Grand Prix,Yas Marina Circuit,latifi,38,2,25.174,williams,0,0,0,24.7085,1,0,Excluded: abnormal long stop,271,125
2022,22,Abu Dhabi Grand Prix,Yas Marina Circuit,leclerc,21,1,22.21,ferrari,0,0,0,24.7085,1,0,Excluded: abnormal long stop,259,125
2022,22,Abu Dhabi Grand Prix,Yas Marina Circuit,maxverstappen,20,1,22.735,red_bull,0,0,0,24.7085,1,0,Excluded: abnormal long stop,292,125
2022,22,Abu Dhabi Grand Prix,Yas Marina Circuit,mickschumacher,14,1,22.276,haas,0,0,0,24.7085,1,0,Excluded: abnormal long stop,272,125
2022,22,Abu Dhabi Grand Prix,Yas Marina Circuit,mickschumacher,34,2,23.53,haas,0,0,0,24.7085,1,0,Excluded: abnormal long stop,272,125
2022,22,Abu Dhabi Grand Prix,Yas Marina Circuit,norris,15,1,22.234,mclaren,0,0,0,24.7085,1,0,Excluded: abnormal long stop,270,125
2022,22,Abu Dhabi Grand Prix,Yas Marina Circuit,norris,42,2,21.559,mclaren,0,0,0,24.7085,1,0,Excluded: abnormal long stop,270,125
2022,22,Abu Dhabi Grand Prix,Yas Marina Circuit,ocon,14,1,21.895,alpine,0,0,0,24.7085,1,0,Excluded: abnormal long stop,249,125
2022,22,Abu Dhabi Grand Prix,Yas Marina Circuit,ocon,41,2,21.734,alpine,0,0,0,24.7085,1,0,Excluded: abnormal long stop,249,125
2022,22,Abu Dhabi Grand Prix,Yas Marina Circuit,perez,15,1,21.36,red_bull,0,0,0,24.7085,1,0,Excluded: abnormal long stop,292,125
2022,22,Abu Dhabi Grand Prix,Yas Marina Circuit,perez,33,2,21.367,red_bull,0,0,0,24.7085,1,0,Excluded: abnormal long stop,292,125
2022,22,Abu Dhabi Grand Prix,Yas Marina Circuit,ricciardo,19,1,21.893,mclaren,0,0,0,24.7085,1,0,Excluded: abnormal long stop,270,125
2022,22,Abu Dhabi Grand Prix,Yas Marina Circuit,russell,15,1,24.243,mercedes,0,0,0,24.7085,1,0,Excluded: abnormal long stop,278,125
2022,22,Abu Dhabi Grand Prix,Yas Marina Circuit,russell,39,2,27.931,mercedes,0,0,0,24.7085,1,0,Excluded: abnormal long stop,278,125
2022,22,Abu Dhabi Grand Prix,Yas Marina Circuit,sainz,17,1,21.93,ferrari,0,0,0,24.7085,1,0,Excluded: abnormal long stop,259,125
2022,22,Abu Dhabi Grand Prix,Yas Marina Circuit,sainz,39,2,21.575,ferrari,0,0,0,24.7085,1,0,Excluded: abnormal long stop,259,125
2022,22,Abu Dhabi Grand Prix,Yas Marina Circuit,stroll,13,1,21.814,aston_martin,0,0,0,24.7085,1,0,Excluded: abnormal long stop,271,125
2022,22,Abu Dhabi Grand Prix,Yas Marina Circuit,stroll,40,2,21.802,aston_martin,0,0,0,24.7085,1,0,Excluded: abnormal long stop,271,125
2022,22,Abu Dhabi Grand Prix,Yas Marina Circuit,tsunoda,14,1,21.591,alphatauri,0,0,0,24.7085,1,0,Excluded: abnormal long stop,202,125
2022,22,Abu Dhabi Grand Prix,Yas Marina Circuit,tsunoda,38,2,22.262,alphatauri,0,0,0,24.7085,1,0,Excluded: abnormal long stop,202,125
2022,22,Abu Dhabi Grand Prix,Yas Marina Circuit,vettel,25,1,23.186,aston_martin,0,0,0,24.7085,1,0,Excluded: abnormal long stop,271,125
2022,22,Abu Dhabi Grand Prix,Yas Marina Circuit,zhou,15,1,22.435,alfa,0,0,0,24.7085,1,0,Excluded: abnormal long stop,194,125
2022,22,Abu Dhabi Grand Prix,Yas Marina Circuit,zhou,44,2,23.159,alfa,0,0,0,24.7085,1,0,Excluded: abnormal long stop,194,125
2023,1,Bahrain Grand Prix,Bahrain International Circuit,albon,11,1,25.054,williams,0,0,0,35.92039999999999,1,0,Excluded: abnormal long stop,271,190
2023,1,Bahrain Grand Prix,Bahrain International Circuit,albon,26,2,24.92,williams,0,0,0,35.92039999999999,1,0,Excluded: abnormal long stop,271,190
2023,1,Bahrain Grand Prix,Bahrain International Circuit,albon,40,3,24.458,williams,0,0,0,35.92039999999999,1,0,Excluded: abnormal long stop,271,190
2023,1,Bahrain Grand Prix,Bahrain International Circuit,alonso,14,1,25.8,aston_martin,0,0,0,35.92039999999999,1,0,Excluded: abnormal long stop,271,190
2023,1,Bahrain Grand Prix,Bahrain International Circuit,alonso,34,2,24.869,aston_martin,0,0,0,35.92039999999999,1,0,Excluded: abnormal long stop,271,190
2023,1,Bahrain Grand Prix,Bahrain International Circuit,bottas,11,1,25.399,alfa,0,0,0,35.92039999999999,1,0,Excluded: abnormal long stop,194,190
2023,1,Bahrain Grand Prix,Bahrain International Circuit,bottas,29,2,25.643,alfa,0,0,0,35.92039999999999,1,0,Excluded: abnormal long stop,194,190
2023,1,Bahrain Grand Prix,Bahrain International Circuit,devries,11,1,25.018,alphatauri,0,0,0,35.92039999999999,1,0,Excluded: abnormal long stop,202,190
2023,1,Bahrain Grand Prix,Bahrain International Circuit,devries,27,2,25.234,alphatauri,0,0,0,35.92039999999999,1,0,Excluded: abnormal long stop,202,190
2023,1,Bahrain Grand Prix,Bahrain International Circuit,gasly,9,1,25.885,alpine,0,0,0,35.92039999999999,1,0,Excluded: abnormal long stop,249,190
2023,1,Bahrain Grand Prix,Bahrain International Circuit,gasly,25,2,24.879,alpine,0,0,0,35.92039999999999,1,0,Excluded: abnormal long stop,249,190
2023,1,Bahrain Grand Prix,Bahrain International Circuit,gasly,40,3,24.736,alpine,0,0,0,35.92039999999999,1,0,Excluded: abnormal long stop,249,190
2023,1,Bahrain Grand Prix,Bahrain International Circuit,hamilton,12,1,24.682,mercedes,0,0,0,35.92039999999999,1,0,Excluded: abnormal long stop,278,190
2023,1,Bahrain Grand Prix,Bahrain International Circuit,hamilton,30,2,24.69,mercedes,0,0,0,35.92039999999999,1,0,Excluded: abnormal long stop,278,190
2023,1,Bahrain Grand Prix,Bahrain International Circuit,hulkenberg,11,1,26.075,haas,0,0,0,35.92039999999999,1,0,Excluded: abnormal long stop,272,190
2023,1,Bahrain Grand Prix,Bahrain International Circuit,hulkenberg,26,2,37.769,haas,0,0,0,35.92039999999999,1,0,Excluded: abnormal long stop,272,190
2023,1,Bahrain Grand Prix,Bahrain International Circuit,hulkenberg,40,3,27.08,haas,0,0,0,35.92039999999999,1,0,Excluded: abnormal long stop,272,190
2023,1,Bahrain Grand Prix,Bahrain International Circuit,kevinmagnussen,15,1,25.439,haas,0,0,0,35.92039999999999,1,0,Excluded: abnormal long stop,272,190
2023,1,Bahrain Grand Prix,Bahrain International Circuit,kevinmagnussen,29,2,25.344,haas,0,0,0,35.92039999999999,1,0,Excluded: abnormal long stop,272,190
2023,1,Bahrain Grand Prix,Bahrain International Circuit,kevinmagnussen,40,3,25.125,haas,0,0,0,35.92039999999999,1,0,Excluded: abnormal long stop,272,190
2023,1,Bahrain Grand Prix,Bahrain International Circuit,leclerc,13,1,24.345,ferrari,0,0,0,35.92039999999999,1,0,Excluded: abnormal long stop,259,190
2023,1,Bahrain Grand Prix,Bahrain International Circuit,leclerc,33,2,24.644,ferrari,0,0,0,35.92039999999999,1,0,Excluded: abnormal long stop,259,190
2023,1,Bahrain Grand Prix,Bahrain International Circuit,maxverstappen,14,1,24.289,red_bull,0,0,0,35.92039999999999,1,0,Excluded: abnormal long stop,292,190
2023,1,Bahrain Grand Prix,Bahrain International Circuit,maxverstappen,36,2,24.91,red_bull,0,0,0,35.92039999999999,1,0,Excluded: abnormal long stop,292,190
2023,1,Bahrain Grand Prix,Bahrain International Circuit,norris,10,1,32.766,mclaren,0,0,0,35.92039999999999,1,0,Excluded: abnormal long stop,270,190
2023,1,Bahrain Grand Prix,Bahrain International Circuit,norris,17,2,33.661,mclaren,0,0,0,35.92039999999999,1,0,Excluded: abnormal long stop,270,190
2023,1,Bahrain Grand Prix,Bahrain International Circuit,norris,27,3,33.467,mclaren,0,0,0,35.92039999999999,1,0,Excluded: abnormal long stop,270,190
2023,1,Bahrain Grand Prix,Bahrain International Circuit,norris,37,4,33.236,mclaren,0,0,0,35.92039999999999,1,0,Excluded: abnormal long stop,270,190
2023,1,Bahrain Grand Prix,Bahrain International Circuit,norris,47,5,30.71,mclaren,0,0,0,35.92039999999999,1,0,Excluded: abnormal long stop,270,190
2023,1,Bahrain Grand Prix,Bahrain International Circuit,norris,54,6,31.494,mclaren,0,0,0,35.92039999999999,1,0,Excluded: abnormal long stop,270,190
2023,1,Bahrain Grand Prix,Bahrain International Circuit,ocon,12,1,24.966,alpine,0,0,0,35.92039999999999,1,0,Excluded: abnormal long stop,249,190
2023,1,Bahrain Grand Prix,Bahrain International Circuit,ocon,15,2,41.462,alpine,0,0,0,35.92039999999999,1,0,Excluded: abnormal long stop,249,190
2023,1,Bahrain Grand Prix,Bahrain International Circuit,ocon,32,3,44.518,alpine,0,0,0,35.92039999999999,1,0,Excluded: abnormal long stop,249,190
2023,1,Bahrain Grand Prix,Bahrain International Circuit,perez,17,1,24.264,red_bull,0,0,0,35.92039999999999,1,0,Excluded: abnormal long stop,292,190
2023,1,Bahrain Grand Prix,Bahrain International Circuit,perez,34,2,25.091,red_bull,0,0,0,35.92039999999999,1,0,Excluded: abnormal long stop,292,190
2023,1,Bahrain Grand Prix,Bahrain International Circuit,russell,13,1,27.062,mercedes,0,0,0,35.92039999999999,1,0,Excluded: abnormal long stop,278,190
2023,1,Bahrain Grand Prix,Bahrain International Circuit,russell,31,2,24.406,mercedes,0,0,0,35.92039999999999,1,0,Excluded: abnormal long stop,278,190
2023,1,Bahrain Grand Prix,Bahrain International Circuit,sainz,13,1,24.5,ferrari,0,0,0,35.92039999999999,1,0,Excluded: abnormal long stop,259,190
2023,1,Bahrain Grand Prix,Bahrain International Circuit,sainz,31,2,24.227,ferrari,0,0,0,35.92039999999999,1,0,Excluded: abnormal long stop,259,190
2023,1,Bahrain Grand Prix,Bahrain International Circuit,sargeant,12,1,25.6,williams,0,0,0,35.92039999999999,1,0,Excluded: abnormal long stop,271,190
2023,1,Bahrain Grand Prix,Bahrain International Circuit,sargeant,30,2,25.67,williams,0,0,0,35.92039999999999,1,0,Excluded: abnormal long stop,271,190
2023,1,Bahrain Grand Prix,Bahrain International Circuit,sargeant,40,3,25.047,williams,0,0,0,35.92039999999999,1,0,Excluded: abnormal long stop,271,190
2023,1,Bahrain Grand Prix,Bahrain International Circuit,stroll,15,1,25.449,aston_martin,0,0,0,35.92039999999999,1,0,Excluded: abnormal long stop,271,190
2023,1,Bahrain Grand Prix,Bahrain International Circuit,stroll,30,2,24.639,aston_martin,0,0,0,35.92039999999999,1,0,Excluded: abnormal long stop,271,190
2023,1,Bahrain Grand Prix,Bahrain International Circuit,tsunoda,10,1,25.267,alphatauri,0,0,0,35.92039999999999,1,0,Excluded: abnormal long stop,202,190
2023,1,Bahrain Grand Prix,Bahrain International Circuit,tsunoda,26,2,24.372,alphatauri,0,0,0,35.92039999999999,1,0,Excluded: abnormal long stop,202,190
2023,1,Bahrain Grand Prix,Bahrain International Circuit,tsunoda,40,3,25.818,alphatauri,0,0,0,35.92039999999999,1,0,Excluded: abnormal long stop,202,190
2023,1,Bahrain Grand Prix,Bahrain International Circuit,zhou,12,1,25.787,alfa,0,0,0,35.92039999999999,1,0,Excluded: abnormal long stop,194,190
2023,1,Bahrain Grand Prix,Bahrain International Circuit,zhou,32,2,25.282,alfa,0,0,0,35.92039999999999,1,0,Excluded: abnormal long stop,194,190
2023,1,Bahrain Grand Prix,Bahrain International Circuit,zhou,54,3,30.167,alfa,0,0,0,35.92039999999999,1,0,Excluded: abnormal long stop,194,190
2023,2,Saudi Arabian Grand Prix,Jeddah Corniche Circuit,albon,17,1,21.397,williams,0,0,0,26.410199999999996,1,0,Excluded: abnormal long stop,271,90
2023,2,Saudi Arabian Grand Prix,Jeddah Corniche Circuit,alonso,18,1,26.879,aston_martin,0,0,0,26.410199999999996,1,0,Excluded: abnormal long stop,271,90
2023,2,Saudi Arabian Grand Prix,Jeddah Corniche Circuit,bottas,9,1,21.505,alfa,0,0,0,26.410199999999996,1,0,Excluded: abnormal long stop,194,90
2023,2,Saudi Arabian Grand Prix,Jeddah Corniche Circuit,bottas,17,2,22.191,alfa,0,0,0,26.410199999999996,1,0,Excluded: abnormal long stop,194,90
2023,2,Saudi Arabian Grand Prix,Jeddah Corniche Circuit,bottas,35,3,21.808,alfa,0,0,0,26.410199999999996,1,0,Excluded: abnormal long stop,194,90
2023,2,Saudi Arabian Grand Prix,Jeddah Corniche Circuit,devries,17,1,21.116,alphatauri,0,0,0,26.410199999999996,1,0,Excluded: abnormal long stop,202,90
2023,2,Saudi Arabian Grand Prix,Jeddah Corniche Circuit,gasly,14,1,20.719,alpine,0,0,0,26.410199999999996,1,0,Excluded: abnormal long stop,249,90
2023,2,Saudi Arabian Grand Prix,Jeddah Corniche Circuit,hamilton,18,1,21.102,mercedes,0,0,0,26.410199999999996,1,0,Excluded: abnormal long stop,278,90
2023,2,Saudi Arabian Grand Prix,Jeddah Corniche Circuit,hulkenberg,11,1,21.567,haas,0,0,0,26.410199999999996,1,0,Excluded: abnormal long stop,272,90
2023,2,Saudi Arabian Grand Prix,Jeddah Corniche Circuit,kevinmagnussen,8,1,20.87,haas,0,0,0,26.410199999999996,1,0,Excluded: abnormal long stop,272,90
2023,2,Saudi Arabian Grand Prix,Jeddah Corniche Circuit,leclerc,16,1,20.026,ferrari,0,0,0,26.410199999999996,1,0,Excluded: abnormal long stop,259,90
2023,2,Saudi Arabian Grand Prix,Jeddah Corniche Circuit,maxverstappen,18,1,20.824,red_bull,0,0,0,26.410199999999996,1,0,Excluded: abnormal long stop,292,90
2023,2,Saudi Arabian Grand Prix,Jeddah Corniche Circuit,norris,2,1,29.444,mclaren,0,0,0,26.410199999999996,1,0,Excluded: abnormal long stop,270,90
2023,2,Saudi Arabian Grand Prix,Jeddah Corniche Circuit,norris,19,2,21.352,mclaren,0,0,0,26.410199999999996,1,0,Excluded: abnormal long stop,270,90
2023,2,Saudi Arabian Grand Prix,Jeddah Corniche Circuit,ocon,16,1,20.762,alpine,0,0,0,26.410199999999996,1,0,Excluded: abnormal long stop,249,90
2023,2,Saudi Arabian Grand Prix,Jeddah Corniche Circuit,perez,18,1,20.715,red_bull,0,0,0,26.410199999999996,1,0,Excluded: abnormal long stop,292,90
2023,2,Saudi Arabian Grand Prix,Jeddah Corniche Circuit,russell,18,1,20.828,mercedes,0,0,0,26.410199999999996,1,0,Excluded: abnormal long stop,278,90
2023,2,Saudi Arabian Grand Prix,Jeddah Corniche Circuit,sainz,15,1,20.76,ferrari,0,0,0,26.410199999999996,1,0,Excluded: abnormal long stop,259,90
2023,2,Saudi Arabian Grand Prix,Jeddah Corniche Circuit,sargeant,18,1,21.064,williams,0,0,0,26.410199999999996,1,0,Excluded: abnormal long stop,271,90
2023,2,Saudi Arabian Grand Prix,Jeddah Corniche Circuit,stroll,13,1,21.15,aston_martin,0,0,0,26.410199999999996,1,0,Excluded: abnormal long stop,271,90
2023,2,Saudi Arabian Grand Prix,Jeddah Corniche Circuit,tsunoda,17,1,21.414,alphatauri,0,0,0,26.410199999999996,1,0,Excluded: abnormal long stop,202,90
2023,2,Saudi Arabian Grand Prix,Jeddah Corniche Circuit,zhou,11,1,21.703,alfa,0,0,0,26.410199999999996,1,0,Excluded: abnormal long stop,194,90
2023,2,Saudi Arabian Grand Prix,Jeddah Corniche Circuit,zhou,18,2,21.282,alfa,0,0,0,26.410199999999996,1,0,Excluded: abnormal long stop,194,90
2023,3,Australian Grand Prix,Albert Park Grand Prix Circuit,alonso,57,3,1.8450730000000002,aston_martin,0,0,0,1.8700243000000003,0,0,Used in model: normal green-flag stop,271,70
2023,3,Australian Grand Prix,Albert Park Grand Prix Circuit,bottas,57,6,1.8671820000000001,alfa,0,0,0,1.8700243000000003,0,0,Used in model: normal green-flag stop,194,70
2023,3,Australian Grand Prix,Albert Park Grand Prix Circuit,hamilton,57,3,1.859435,mercedes,0,0,0,1.8700243000000003,0,0,Used in model: normal green-flag stop,278,70
2023,3,Australian Grand Prix,Albert Park Grand Prix Circuit,hulkenberg,57,3,1.8690550000000001,haas,0,0,0,1.8700243000000003,0,0,Used in model: normal green-flag stop,272,70
2023,3,Australian Grand Prix,Albert Park Grand Prix Circuit,maxverstappen,57,3,1.8565019999999999,red_bull,0,0,0,1.8700243000000003,0,0,Used in model: normal green-flag stop,292,70
2023,3,Australian Grand Prix,Albert Park Grand Prix Circuit,norris,57,3,1.864087,mclaren,0,0,0,1.8700243000000003,0,0,Used in model: normal green-flag stop,270,70
2023,3,Australian Grand Prix,Albert Park Grand Prix Circuit,perez,57,5,1.8535679999999999,red_bull,0,0,0,1.8700243000000003,0,0,Used in model: normal green-flag stop,292,70
2023,3,Australian Grand Prix,Albert Park Grand Prix Circuit,piastri,57,4,1.8662260000000002,mclaren,0,0,0,1.8700243000000003,0,0,Used in model: normal green-flag stop,270,70
2023,3,Australian Grand Prix,Albert Park Grand Prix Circuit,sainz,57,4,1.8615540000000002,ferrari,0,0,0,1.8700243000000003,0,0,Used in model: normal green-flag stop,259,70
2023,3,Australian Grand Prix,Albert Park Grand Prix Circuit,stroll,57,3,1.845925,aston_martin,0,0,0,1.8700243000000003,0,0,Used in model: normal green-flag stop,271,70
2023,3,Australian Grand Prix,Albert Park Grand Prix Circuit,tsunoda,57,4,1.8712090000000001,alphatauri,0,0,0,1.8700243000000003,1,0,Excluded: abnormal long stop,202,70
2023,3,Australian Grand Prix,Albert Park Grand Prix Circuit,zhou,57,5,1.8649980000000002,alfa,0,0,0,1.8700243000000003,0,0,Used in model: normal green-flag stop,194,70
2023,4,Azerbaijan Grand Prix,Baku City Circuit,albon,7,1,21.103,williams,0,0,0,24.5893,1,0,Excluded: abnormal long stop,271,88
2023,4,Azerbaijan Grand Prix,Baku City Circuit,alonso,11,1,23.148,aston_martin,0,0,0,24.5893,1,0,Excluded: abnormal long stop,271,88
2023,4,Azerbaijan Grand Prix,Baku City Circuit,bottas,6,1,20.967,alfa,0,0,0,24.5893,1,0,Excluded: abnormal long stop,194,88
2023,4,Azerbaijan Grand Prix,Baku City Circuit,bottas,12,2,22.354,alfa,0,0,0,24.5893,1,0,Excluded: abnormal long stop,194,88
2023,4,Azerbaijan Grand Prix,Baku City Circuit,bottas,34,3,21.012,alfa,0,0,0,24.5893,1,0,Excluded: abnormal long stop,194,88
2023,4,Azerbaijan Grand Prix,Baku City Circuit,gasly,5,1,20.235,alpine,0,0,0,24.5893,1,0,Excluded: abnormal long stop,249,88
2023,4,Azerbaijan Grand Prix,Baku City Circuit,gasly,23,2,21.169,alpine,0,0,0,24.5893,1,0,Excluded: abnormal long stop,249,88
2023,4,Azerbaijan Grand Prix,Baku City Circuit,hamilton,9,1,20.324,mercedes,0,0,0,24.5893,1,0,Excluded: abnormal long stop,278,88
2023,4,Azerbaijan Grand Prix,Baku City Circuit,hulkenberg,49,1,24.748,haas,0,0,0,24.5893,1,0,Excluded: abnormal long stop,272,88
2023,4,Azerbaijan Grand Prix,Baku City Circuit,kevinmagnussen,10,1,30.951,haas,0,0,0,24.5893,1,0,Excluded: abnormal long stop,272,88
2023,4,Azerbaijan Grand Prix,Baku City Circuit,leclerc,11,1,21.126,ferrari,0,0,0,24.5893,1,0,Excluded: abnormal long stop,259,88
2023,4,Azerbaijan Grand Prix,Baku City Circuit,maxverstappen,10,1,20.707,red_bull,0,0,0,24.5893,1,0,Excluded: abnormal long stop,292,88
2023,4,Azerbaijan Grand Prix,Baku City Circuit,norris,9,1,20.346,mclaren,0,0,0,24.5893,1,0,Excluded: abnormal long stop,270,88
2023,4,Azerbaijan Grand Prix,Baku City Circuit,ocon,50,1,20.367,alpine,0,0,0,24.5893,1,0,Excluded: abnormal long stop,249,88
2023,4,Azerbaijan Grand Prix,Baku City Circuit,perez,11,1,20.389,red_bull,0,0,0,24.5893,1,0,Excluded: abnormal long stop,292,88
2023,4,Azerbaijan Grand Prix,Baku City Circuit,piastri,8,1,20.902,mclaren,0,0,0,24.5893,1,0,Excluded: abnormal long stop,270,88
2023,4,Azerbaijan Grand Prix,Baku City Circuit,russell,11,1,20.459,mercedes,0,0,0,24.5893,1,0,Excluded: abnormal long stop,278,88
2023,4,Azerbaijan Grand Prix,Baku City Circuit,russell,49,2,21.389,mercedes,0,0,0,24.5893,1,0,Excluded: abnormal long stop,278,88
2023,4,Azerbaijan Grand Prix,Baku City Circuit,sainz,11,1,21.97,ferrari,0,0,0,24.5893,1,0,Excluded: abnormal long stop,259,88
2023,4,Azerbaijan Grand Prix,Baku City Circuit,sargeant,8,1,21.015,williams,0,0,0,24.5893,1,0,Excluded: abnormal long stop,271,88
2023,4,Azerbaijan Grand Prix,Baku City Circuit,stroll,11,1,23.161,aston_martin,0,0,0,24.5893,1,0,Excluded: abnormal long stop,271,88
2023,4,Azerbaijan Grand Prix,Baku City Circuit,tsunoda,8,1,20.497,alphatauri,0,0,0,24.5893,1,0,Excluded: abnormal long stop,202,88
2023,4,Azerbaijan Grand Prix,Baku City Circuit,zhou,11,1,22.247,alfa,0,0,0,24.5893,1,0,Excluded: abnormal long stop,194,88
2023,5,Miami Grand Prix,Miami International Autodrome,albon,22,1,22.482,williams,0,0,0,25.332400000000018,1,0,Excluded: abnormal long stop,271,73
2023,5,Miami Grand Prix,Miami International Autodrome,alonso,24,1,22.631,aston_martin,0,0,0,25.332400000000018,1,0,Excluded: abnormal long stop,271,73
2023,5,Miami Grand Prix,Miami International Autodrome,bottas,15,1,23.158,alfa,0,0,0,25.332400000000018,1,0,Excluded: abnormal long stop,194,73
2023,5,Miami Grand Prix,Miami International Autodrome,devries,15,1,23.487,alphatauri,0,0,0,25.332400000000018,1,0,Excluded: abnormal long stop,202,73
2023,5,Miami Grand Prix,Miami International Autodrome,gasly,15,1,22.417,alpine,0,0,0,25.332400000000018,1,0,Excluded: abnormal long stop,249,73
2023,5,Miami Grand Prix,Miami International Autodrome,hamilton,37,1,22.15,mercedes,0,0,0,25.332400000000018,1,0,Excluded: abnormal long stop,278,73
2023,5,Miami Grand Prix,Miami International Autodrome,hulkenberg,33,1,23.12,haas,0,0,0,25.332400000000018,1,0,Excluded: abnormal long stop,272,73
2023,5,Miami Grand Prix,Miami International Autodrome,kevinmagnussen,14,1,22.616,haas,0,0,0,25.332400000000018,1,0,Excluded: abnormal long stop,272,73
2023,5,Miami Grand Prix,Miami International Autodrome,leclerc,17,1,22.068,ferrari,0,0,0,25.332400000000018,1,0,Excluded: abnormal long stop,259,73
2023,5,Miami Grand Prix,Miami International Autodrome,maxverstappen,45,1,22.688,red_bull,0,0,0,25.332400000000018,1,0,Excluded: abnormal long stop,292,73
2023,5,Miami Grand Prix,Miami International Autodrome,norris,4,1,24.09,mclaren,0,0,0,25.332400000000018,1,0,Excluded: abnormal long stop,270,73
2023,5,Miami Grand Prix,Miami International Autodrome,ocon,39,1,21.942,alpine,0,0,0,25.332400000000018,1,0,Excluded: abnormal long stop,249,73
2023,5,Miami Grand Prix,Miami International Autodrome,perez,20,1,21.884,red_bull,0,0,0,25.332400000000018,1,0,Excluded: abnormal long stop,292,73
2023,5,Miami Grand Prix,Miami International Autodrome,piastri,5,1,22.205,mclaren,0,0,0,25.332400000000018,1,0,Excluded: abnormal long stop,270,73
2023,5,Miami Grand Prix,Miami International Autodrome,russell,17,1,22.335,mercedes,0,0,0,25.332400000000018,1,0,Excluded: abnormal long stop,278,73
2023,5,Miami Grand Prix,Miami International Autodrome,sainz,18,1,22.278,ferrari,0,0,0,25.332400000000018,1,0,Excluded: abnormal long stop,259,73
2023,5,Miami Grand Prix,Miami International Autodrome,sargeant,2,1,48.938,williams,0,0,0,25.332400000000018,1,0,Excluded: abnormal long stop,271,73
2023,5,Miami Grand Prix,Miami International Autodrome,stroll,42,1,22.651,aston_martin,0,0,0,25.332400000000018,1,0,Excluded: abnormal long stop,271,73
2023,5,Miami Grand Prix,Miami International Autodrome,tsunoda,36,1,22.39,alphatauri,0,0,0,25.332400000000018,1,0,Excluded: abnormal long stop,202,73
2023,5,Miami Grand Prix,Miami International Autodrome,zhou,31,1,22.796,alfa,0,0,0,25.332400000000018,1,0,Excluded: abnormal long stop,194,73
2023,6,Monaco Grand Prix,Circuit de Monaco,albon,18,1,24.29,williams,0,0,0,34.06265,1,0,Excluded: abnormal long stop,271,71
2023,6,Monaco Grand Prix,Circuit de Monaco,albon,52,2,26.99,williams,0,0,0,34.06265,1,0,Excluded: abnormal long stop,271,71
2023,6,Monaco Grand Prix,Circuit de Monaco,alonso,54,1,24.414,aston_martin,0,0,0,34.06265,1,0,Excluded: abnormal long stop,271,71
2023,6,Monaco Grand Prix,Circuit de Monaco,alonso,55,2,25.916,aston_martin,0,0,0,34.06265,1,0,Excluded: abnormal long stop,271,71
2023,6,Monaco Grand Prix,Circuit de Monaco,bottas,51,1,30.395,alfa,0,0,0,34.06265,1,0,Excluded: abnormal long stop,194,71
2023,6,Monaco Grand Prix,Circuit de Monaco,devries,53,1,24.539,alphatauri,0,0,0,34.06265,1,0,Excluded: abnormal long stop,202,71
2023,6,Monaco Grand Prix,Circuit de Monaco,gasly,47,1,23.902,alpine,0,0,0,34.06265,1,0,Excluded: abnormal long stop,249,71
2023,6,Monaco Grand Prix,Circuit de Monaco,gasly,54,2,29.949,alpine,0,0,0,34.06265,1,0,Excluded: abnormal long stop,249,71
2023,6,Monaco Grand Prix,Circuit de Monaco,hamilton,31,1,24.594,mercedes,0,0,0,34.06265,1,0,Excluded: abnormal long stop,278,71
2023,6,Monaco Grand Prix,Circuit de Monaco,hamilton,54,2,26.685,mercedes,0,0,0,34.06265,1,0,Excluded: abnormal long stop,278,71
2023,6,Monaco Grand Prix,Circuit de Monaco,hulkenberg,54,2,34.725,haas,0,0,0,34.06265,1,0,Excluded: abnormal long stop,272,71
2023,6,Monaco Grand Prix,Circuit de Monaco,hulkenberg,59,3,25.672,haas,0,0,0,34.06265,1,0,Excluded: abnormal long stop,272,71
2023,6,Monaco Grand Prix,Circuit de Monaco,kevinmagnussen,56,1,51.052,haas,0,0,0,34.06265,1,0,Excluded: abnormal long stop,272,71
2023,6,Monaco Grand Prix,Circuit de Monaco,leclerc,44,1,24.192,ferrari,0,0,0,34.06265,1,0,Excluded: abnormal long stop,259,71
2023,6,Monaco Grand Prix,Circuit de Monaco,leclerc,55,2,25.713,ferrari,0,0,0,34.06265,1,0,Excluded: abnormal long stop,259,71
2023,6,Monaco Grand Prix,Circuit de Monaco,maxverstappen,55,1,24.798,red_bull,0,0,0,34.06265,1,0,Excluded: abnormal long stop,292,71
2023,6,Monaco Grand Prix,Circuit de Monaco,norris,50,1,24.663,mclaren,0,0,0,34.06265,1,0,Excluded: abnormal long stop,270,71
2023,6,Monaco Grand Prix,Circuit de Monaco,norris,54,2,33.428,mclaren,0,0,0,34.06265,1,0,Excluded: abnormal long stop,270,71
2023,6,Monaco Grand Prix,Circuit de Monaco,ocon,32,1,25.833,alpine,0,0,0,34.06265,1,0,Excluded: abnormal long stop,249,71
2023,6,Monaco Grand Prix,Circuit de Monaco,ocon,54,2,24.707,alpine,0,0,0,34.06265,1,0,Excluded: abnormal long stop,249,71
2023,6,Monaco Grand Prix,Circuit de Monaco,perez,34,2,32.749,red_bull,0,0,0,34.06265,1,0,Excluded: abnormal long stop,292,71
2023,6,Monaco Grand Prix,Circuit de Monaco,perez,53,3,24.217,red_bull,0,0,0,34.06265,1,0,Excluded: abnormal long stop,292,71
2023,6,Monaco Grand Prix,Circuit de Monaco,perez,57,4,29.337,red_bull,0,0,0,34.06265,1,0,Excluded: abnormal long stop,292,71
2023,6,Monaco Grand Prix,Circuit de Monaco,perez,70,5,25.466,red_bull,0,0,0,34.06265,1,0,Excluded: abnormal long stop,292,71
2023,6,Monaco Grand Prix,Circuit de Monaco,piastri,54,1,25.851,mclaren,0,0,0,34.06265,1,0,Excluded: abnormal long stop,270,71
2023,6,Monaco Grand Prix,Circuit de Monaco,russell,54,1,30.98,mercedes,0,0,0,34.06265,1,0,Excluded: abnormal long stop,278,71
2023,6,Monaco Grand Prix,Circuit de Monaco,sainz,33,1,24.252,ferrari,0,0,0,34.06265,1,0,Excluded: abnormal long stop,259,71
2023,6,Monaco Grand Prix,Circuit de Monaco,sainz,55,2,29.3,ferrari,0,0,0,34.06265,1,0,Excluded: abnormal long stop,259,71
2023,6,Monaco Grand Prix,Circuit de Monaco,sargeant,20,1,24.376,williams,0,0,0,34.06265,1,0,Excluded: abnormal long stop,271,71
2023,6,Monaco Grand Prix,Circuit de Monaco,sargeant,23,2,27.774,williams,0,0,0,34.06265,1,0,Excluded: abnormal long stop,271,71
2023,6,Monaco Grand Prix,Circuit de Monaco,sargeant,52,3,25.946,williams,0,0,0,34.06265,1,0,Excluded: abnormal long stop,271,71
2023,6,Monaco Grand Prix,Circuit de Monaco,stroll,51,1,24.656,aston_martin,0,0,0,34.06265,1,0,Excluded: abnormal long stop,271,71
2023,6,Monaco Grand Prix,Circuit de Monaco,tsunoda,53,1,33.706,alphatauri,0,0,0,34.06265,1,0,Excluded: abnormal long stop,202,71
2023,6,Monaco Grand Prix,Circuit de Monaco,zhou,52,2,25.26,alfa,0,0,0,34.06265,1,0,Excluded: abnormal long stop,194,71
2023,7,Spanish Grand Prix,Circuit de Barcelona-Catalunya,albon,16,1,23.319,williams,0,0,0,24.10935,1,0,Excluded: abnormal long stop,271,172
2023,7,Spanish Grand Prix,Circuit de Barcelona-Catalunya,albon,37,2,23.449,williams,0,0,0,24.10935,1,0,Excluded: abnormal long stop,271,172
2023,7,Spanish Grand Prix,Circuit de Barcelona-Catalunya,alonso,19,1,22.558,aston_martin,0,0,0,24.10935,1,0,Excluded: abnormal long stop,271,172
2023,7,Spanish Grand Prix,Circuit de Barcelona-Catalunya,alonso,44,2,22.896,aston_martin,0,0,0,24.10935,1,0,Excluded: abnormal long stop,271,172
2023,7,Spanish Grand Prix,Circuit de Barcelona-Catalunya,bottas,5,1,23.691,alfa,0,0,0,24.10935,1,0,Excluded: abnormal long stop,194,172
2023,7,Spanish Grand Prix,Circuit de Barcelona-Catalunya,bottas,39,2,24.097,alfa,0,0,0,24.10935,1,0,Excluded: abnormal long stop,194,172
2023,7,Spanish Grand Prix,Circuit de Barcelona-Catalunya,devries,9,1,22.522,alphatauri,0,0,0,24.10935,1,0,Excluded: abnormal long stop,202,172
2023,7,Spanish Grand Prix,Circuit de Barcelona-Catalunya,devries,38,2,21.976,alphatauri,0,0,0,24.10935,1,0,Excluded: abnormal long stop,202,172
2023,7,Spanish Grand Prix,Circuit de Barcelona-Catalunya,gasly,19,1,23.388,alpine,0,0,0,24.10935,1,0,Excluded: abnormal long stop,249,172
2023,7,Spanish Grand Prix,Circuit de Barcelona-Catalunya,gasly,39,2,23.61,alpine,0,0,0,24.10935,1,0,Excluded: abnormal long stop,249,172
2023,7,Spanish Grand Prix,Circuit de Barcelona-Catalunya,hamilton,24,1,22.575,mercedes,0,0,0,24.10935,1,0,Excluded: abnormal long stop,278,172
2023,7,Spanish Grand Prix,Circuit de Barcelona-Catalunya,hamilton,50,2,22.731,mercedes,0,0,0,24.10935,1,0,Excluded: abnormal long stop,278,172
2023,7,Spanish Grand Prix,Circuit de Barcelona-Catalunya,hulkenberg,8,1,22.298,haas,0,0,0,24.10935,1,0,Excluded: abnormal long stop,272,172
2023,7,Spanish Grand Prix,Circuit de Barcelona-Catalunya,hulkenberg,26,2,23.257,haas,0,0,0,24.10935,1,0,Excluded: abnormal long stop,272,172
2023,7,Spanish Grand Prix,Circuit de Barcelona-Catalunya,hulkenberg,43,3,24.484,haas,0,0,0,24.10935,1,0,Excluded: abnormal long stop,272,172
2023,7,Spanish Grand Prix,Circuit de Barcelona-Catalunya,kevinmagnussen,10,1,22.124,haas,0,0,0,24.10935,1,0,Excluded: abnormal long stop,272,172
2023,7,Spanish Grand Prix,Circuit de Barcelona-Catalunya,kevinmagnussen,24,2,24.8,haas,0,0,0,24.10935,1,0,Excluded: abnormal long stop,272,172
2023,7,Spanish Grand Prix,Circuit de Barcelona-Catalunya,kevinmagnussen,42,3,22.291,haas,0,0,0,24.10935,1,0,Excluded: abnormal long stop,272,172
2023,7,Spanish Grand Prix,Circuit de Barcelona-Catalunya,leclerc,16,1,21.778,ferrari,0,0,0,24.10935,1,0,Excluded: abnormal long stop,259,172
2023,7,Spanish Grand Prix,Circuit de Barcelona-Catalunya,leclerc,41,2,23.003,ferrari,0,0,0,24.10935,1,0,Excluded: abnormal long stop,259,172
2023,7,Spanish Grand Prix,Circuit de Barcelona-Catalunya,maxverstappen,26,1,22.241,red_bull,0,0,0,24.10935,1,0,Excluded: abnormal long stop,292,172
2023,7,Spanish Grand Prix,Circuit de Barcelona-Catalunya,maxverstappen,52,2,22.357,red_bull,0,0,0,24.10935,1,0,Excluded: abnormal long stop,292,172
2023,7,Spanish Grand Prix,Circuit de Barcelona-Catalunya,norris,22,2,22.85,mclaren,0,0,0,24.10935,1,0,Excluded: abnormal long stop,270,172
2023,7,Spanish Grand Prix,Circuit de Barcelona-Catalunya,norris,50,3,22.062,mclaren,0,0,0,24.10935,1,0,Excluded: abnormal long stop,270,172
2023,7,Spanish Grand Prix,Circuit de Barcelona-Catalunya,ocon,13,1,22.112,alpine,0,0,0,24.10935,1,0,Excluded: abnormal long stop,249,172
2023,7,Spanish Grand Prix,Circuit de Barcelona-Catalunya,ocon,35,2,24.11,alpine,0,0,0,24.10935,1,0,Excluded: abnormal long stop,249,172
2023,7,Spanish Grand Prix,Circuit de Barcelona-Catalunya,perez,27,1,21.775,red_bull,0,0,0,24.10935,1,0,Excluded: abnormal long stop,292,172
2023,7,Spanish Grand Prix,Circuit de Barcelona-Catalunya,perez,50,2,21.537,red_bull,0,0,0,24.10935,1,0,Excluded: abnormal long stop,292,172
2023,7,Spanish Grand Prix,Circuit de Barcelona-Catalunya,piastri,17,1,22.37,mclaren,0,0,0,24.10935,1,0,Excluded: abnormal long stop,270,172
2023,7,Spanish Grand Prix,Circuit de Barcelona-Catalunya,piastri,39,2,22.862,mclaren,0,0,0,24.10935,1,0,Excluded: abnormal long stop,270,172
2023,7,Spanish Grand Prix,Circuit de Barcelona-Catalunya,russell,25,1,22.275,mercedes,0,0,0,24.10935,1,0,Excluded: abnormal long stop,278,172
2023,7,Spanish Grand Prix,Circuit de Barcelona-Catalunya,russell,45,2,22.054,mercedes,0,0,0,24.10935,1,0,Excluded: abnormal long stop,278,172
2023,7,Spanish Grand Prix,Circuit de Barcelona-Catalunya,sainz,15,1,22.321,ferrari,0,0,0,24.10935,1,0,Excluded: abnormal long stop,259,172
2023,7,Spanish Grand Prix,Circuit de Barcelona-Catalunya,sainz,41,2,22.375,ferrari,0,0,0,24.10935,1,0,Excluded: abnormal long stop,259,172
2023,7,Spanish Grand Prix,Circuit de Barcelona-Catalunya,sargeant,17,1,22.583,williams,0,0,0,24.10935,1,0,Excluded: abnormal long stop,271,172
2023,7,Spanish Grand Prix,Circuit de Barcelona-Catalunya,sargeant,36,2,23.827,williams,0,0,0,24.10935,1,0,Excluded: abnormal long stop,271,172
2023,7,Spanish Grand Prix,Circuit de Barcelona-Catalunya,stroll,14,1,22.355,aston_martin,0,0,0,24.10935,1,0,Excluded: abnormal long stop,271,172
2023,7,Spanish Grand Prix,Circuit de Barcelona-Catalunya,stroll,34,2,23.371,aston_martin,0,0,0,24.10935,1,0,Excluded: abnormal long stop,271,172
2023,7,Spanish Grand Prix,Circuit de Barcelona-Catalunya,tsunoda,10,1,22.176,alphatauri,0,0,0,24.10935,1,0,Excluded: abnormal long stop,202,172
2023,7,Spanish Grand Prix,Circuit de Barcelona-Catalunya,tsunoda,34,2,22.009,alphatauri,0,0,0,24.10935,1,0,Excluded: abnormal long stop,202,172
2023,7,Spanish Grand Prix,Circuit de Barcelona-Catalunya,zhou,9,1,23.43,alfa,0,0,0,24.10935,1,0,Excluded: abnormal long stop,194,172
2023,7,Spanish Grand Prix,Circuit de Barcelona-Catalunya,zhou,36,2,22.889,alfa,0,0,0,24.10935,1,0,Excluded: abnormal long stop,194,172
2023,8,Canadian Grand Prix,Circuit Gilles Villeneuve,albon,12,1,25.064,williams,0,0,0,27.5186,1,0,Excluded: abnormal long stop,271,106
2023,8,Canadian Grand Prix,Circuit Gilles Villeneuve,alonso,12,1,24.031,aston_martin,0,0,0,27.5186,1,0,Excluded: abnormal long stop,271,106
2023,8,Canadian Grand Prix,Circuit Gilles Villeneuve,alonso,41,2,23.928,aston_martin,0,0,0,27.5186,1,0,Excluded: abnormal long stop,271,106
2023,8,Canadian Grand Prix,Circuit Gilles Villeneuve,bottas,36,1,24.038,alfa,0,0,0,27.5186,1,0,Excluded: abnormal long stop,194,106
2023,8,Canadian Grand Prix,Circuit Gilles Villeneuve,devries,11,1,24.96,alphatauri,0,0,0,27.5186,1,0,Excluded: abnormal long stop,202,106
2023,8,Canadian Grand Prix,Circuit Gilles Villeneuve,devries,50,2,23.786,alphatauri,0,0,0,27.5186,1,0,Excluded: abnormal long stop,202,106
2023,8,Canadian Grand Prix,Circuit Gilles Villeneuve,gasly,10,1,27.515,alpine,0,0,0,27.5186,1,0,Excluded: abnormal long stop,249,106
2023,8,Canadian Grand Prix,Circuit Gilles Villeneuve,gasly,33,2,24.117,alpine,0,0,0,27.5186,1,0,Excluded: abnormal long stop,249,106
2023,8,Canadian Grand Prix,Circuit Gilles Villeneuve,hamilton,12,1,24.339,mercedes,0,0,0,27.5186,1,0,Excluded: abnormal long stop,278,106
2023,8,Canadian Grand Prix,Circuit Gilles Villeneuve,hamilton,40,2,23.749,mercedes,0,0,0,27.5186,1,0,Excluded: abnormal long stop,278,106
2023,8,Canadian Grand Prix,Circuit Gilles Villeneuve,hulkenberg,11,1,24.88,haas,0,0,0,27.5186,1,0,Excluded: abnormal long stop,272,106
2023,8,Canadian Grand Prix,Circuit Gilles Villeneuve,hulkenberg,31,2,24.2,haas,0,0,0,27.5186,1,0,Excluded: abnormal long stop,272,106
2023,8,Canadian Grand Prix,Circuit Gilles Villeneuve,kevinmagnussen,35,1,24.909,haas,0,0,0,27.5186,1,0,Excluded: abnormal long stop,272,106
2023,8,Canadian Grand Prix,Circuit Gilles Villeneuve,kevinmagnussen,53,2,24.515,haas,0,0,0,27.5186,1,0,Excluded: abnormal long stop,272,106
2023,8,Canadian Grand Prix,Circuit Gilles Villeneuve,leclerc,39,1,24.343,ferrari,0,0,0,27.5186,1,0,Excluded: abnormal long stop,259,106
2023,8,Canadian Grand Prix,Circuit Gilles Villeneuve,maxverstappen,12,1,23.644,red_bull,0,0,0,27.5186,1,0,Excluded: abnormal long stop,292,106
2023,8,Canadian Grand Prix,Circuit Gilles Villeneuve,maxverstappen,42,2,23.91,red_bull,0,0,0,27.5186,1,0,Excluded: abnormal long stop,292,106
2023,8,Canadian Grand Prix,Circuit Gilles Villeneuve,norris,12,1,25.862,mclaren,0,0,0,27.5186,1,0,Excluded: abnormal long stop,270,106
2023,8,Canadian Grand Prix,Circuit Gilles Villeneuve,norris,35,2,23.57,mclaren,0,0,0,27.5186,1,0,Excluded: abnormal long stop,270,106
2023,8,Canadian Grand Prix,Circuit Gilles Villeneuve,ocon,12,1,24.402,alpine,0,0,0,27.5186,1,0,Excluded: abnormal long stop,249,106
2023,8,Canadian Grand Prix,Circuit Gilles Villeneuve,ocon,36,2,23.698,alpine,0,0,0,27.5186,1,0,Excluded: abnormal long stop,249,106
2023,8,Canadian Grand Prix,Circuit Gilles Villeneuve,perez,37,1,23.281,red_bull,0,0,0,27.5186,1,0,Excluded: abnormal long stop,292,106
2023,8,Canadian Grand Prix,Circuit Gilles Villeneuve,perez,68,2,23.218,red_bull,0,0,0,27.5186,1,0,Excluded: abnormal long stop,292,106
2023,8,Canadian Grand Prix,Circuit Gilles Villeneuve,piastri,12,1,24.828,mclaren,0,0,0,27.5186,1,0,Excluded: abnormal long stop,270,106
2023,8,Canadian Grand Prix,Circuit Gilles Villeneuve,piastri,37,2,23.436,mclaren,0,0,0,27.5186,1,0,Excluded: abnormal long stop,270,106
2023,8,Canadian Grand Prix,Circuit Gilles Villeneuve,russell,12,1,88.943,mercedes,0,0,0,27.5186,1,0,Excluded: abnormal long stop,278,106
2023,8,Canadian Grand Prix,Circuit Gilles Villeneuve,sainz,38,1,24.133,ferrari,0,0,0,27.5186,1,0,Excluded: abnormal long stop,259,106
2023,8,Canadian Grand Prix,Circuit Gilles Villeneuve,stroll,11,1,23.711,aston_martin,0,0,0,27.5186,1,0,Excluded: abnormal long stop,271,106
2023,8,Canadian Grand Prix,Circuit Gilles Villeneuve,stroll,27,2,23.839,aston_martin,0,0,0,27.5186,1,0,Excluded: abnormal long stop,271,106
2023,8,Canadian Grand Prix,Circuit Gilles Villeneuve,tsunoda,34,2,27.523,alphatauri,0,0,0,27.5186,1,0,Excluded: abnormal long stop,202,106
2023,8,Canadian Grand Prix,Circuit Gilles Villeneuve,zhou,12,1,24.161,alfa,0,0,0,27.5186,1,0,Excluded: abnormal long stop,194,106
2023,8,Canadian Grand Prix,Circuit Gilles Villeneuve,zhou,32,2,27.509,alfa,0,0,0,27.5186,1,0,Excluded: abnormal long stop,194,106
2023,9,Austrian Grand Prix,Red Bull Ring,albon,2,1,16.737,williams,0,0,0,28.583,1,0,Excluded: abnormal long stop,271,192
2023,9,Austrian Grand Prix,Red Bull Ring,albon,14,2,21.562,williams,0,0,0,28.583,1,0,Excluded: abnormal long stop,271,192
2023,9,Austrian Grand Prix,Red Bull Ring,albon,41,3,27.683,williams,0,0,0,28.583,1,0,Excluded: abnormal long stop,271,192
2023,9,Austrian Grand Prix,Red Bull Ring,alonso,2,1,16.6,aston_martin,0,0,0,28.583,1,0,Excluded: abnormal long stop,271,192
2023,9,Austrian Grand Prix,Red Bull Ring,alonso,15,2,22.371,aston_martin,0,0,0,28.583,1,0,Excluded: abnormal long stop,271,192
2023,9,Austrian Grand Prix,Red Bull Ring,alonso,44,3,21.993,aston_martin,0,0,0,28.583,1,0,Excluded: abnormal long stop,271,192
2023,9,Austrian Grand Prix,Red Bull Ring,bottas,2,1,17.13,alfa,0,0,0,28.583,1,0,Excluded: abnormal long stop,194,192
2023,9,Austrian Grand Prix,Red Bull Ring,bottas,21,2,31.785,alfa,0,0,0,28.583,1,0,Excluded: abnormal long stop,194,192
2023,9,Austrian Grand Prix,Red Bull Ring,bottas,40,3,21.975,alfa,0,0,0,28.583,1,0,Excluded: abnormal long stop,194,192
2023,9,Austrian Grand Prix,Red Bull Ring,devries,2,1,17.033,alphatauri,0,0,0,28.583,1,0,Excluded: abnormal long stop,202,192
2023,9,Austrian Grand Prix,Red Bull Ring,devries,12,2,21.333,alphatauri,0,0,0,28.583,1,0,Excluded: abnormal long stop,202,192
2023,9,Austrian Grand Prix,Red Bull Ring,devries,37,3,21.074,alphatauri,0,0,0,28.583,1,0,Excluded: abnormal long stop,202,192
2023,9,Austrian Grand Prix,Red Bull Ring,gasly,2,1,16.38,alpine,0,0,0,28.583,1,0,Excluded: abnormal long stop,249,192
2023,9,Austrian Grand Prix,Red Bull Ring,gasly,14,2,21.814,alpine,0,0,0,28.583,1,0,Excluded: abnormal long stop,249,192
2023,9,Austrian Grand Prix,Red Bull Ring,gasly,44,3,27.804,alpine,0,0,0,28.583,1,0,Excluded: abnormal long stop,249,192
2023,9,Austrian Grand Prix,Red Bull Ring,hamilton,2,1,16.415,mercedes,0,0,0,28.583,1,0,Excluded: abnormal long stop,278,192
2023,9,Austrian Grand Prix,Red Bull Ring,hamilton,14,2,21.993,mercedes,0,0,0,28.583,1,0,Excluded: abnormal long stop,278,192
2023,9,Austrian Grand Prix,Red Bull Ring,hamilton,42,3,27.724,mercedes,0,0,0,28.583,1,0,Excluded: abnormal long stop,278,192
2023,9,Austrian Grand Prix,Red Bull Ring,hulkenberg,2,1,16.778,haas,0,0,0,28.583,1,0,Excluded: abnormal long stop,272,192
2023,9,Austrian Grand Prix,Red Bull Ring,hulkenberg,11,2,21.891,haas,0,0,0,28.583,1,0,Excluded: abnormal long stop,272,192
2023,9,Austrian Grand Prix,Red Bull Ring,kevinmagnussen,2,2,25.654,haas,0,0,0,28.583,1,0,Excluded: abnormal long stop,272,192
2023,9,Austrian Grand Prix,Red Bull Ring,kevinmagnussen,34,3,22.25,haas,0,0,0,28.583,1,0,Excluded: abnormal long stop,272,192
2023,9,Austrian Grand Prix,Red Bull Ring,leclerc,2,1,16.393,ferrari,0,0,0,28.583,1,0,Excluded: abnormal long stop,259,192
2023,9,Austrian Grand Prix,Red Bull Ring,leclerc,15,2,23.425,ferrari,0,0,0,28.583,1,0,Excluded: abnormal long stop,259,192
2023,9,Austrian Grand Prix,Red Bull Ring,leclerc,47,3,21.47,ferrari,0,0,0,28.583,1,0,Excluded: abnormal long stop,259,192
2023,9,Austrian Grand Prix,Red Bull Ring,maxverstappen,2,1,16.369,red_bull,0,0,0,28.583,1,0,Excluded: abnormal long stop,292,192
2023,9,Austrian Grand Prix,Red Bull Ring,maxverstappen,24,2,21.365,red_bull,0,0,0,28.583,1,0,Excluded: abnormal long stop,292,192
2023,9,Austrian Grand Prix,Red Bull Ring,maxverstappen,49,3,21.641,red_bull,0,0,0,28.583,1,0,Excluded: abnormal long stop,292,192
2023,9,Austrian Grand Prix,Red Bull Ring,maxverstappen,69,4,21.328,red_bull,0,0,0,28.583,1,0,Excluded: abnormal long stop,292,192
2023,9,Austrian Grand Prix,Red Bull Ring,norris,2,1,18.076,mclaren,0,0,0,28.583,1,0,Excluded: abnormal long stop,270,192
2023,9,Austrian Grand Prix,Red Bull Ring,norris,14,2,21.29,mclaren,0,0,0,28.583,1,0,Excluded: abnormal long stop,270,192
2023,9,Austrian Grand Prix,Red Bull Ring,norris,41,3,22.088,mclaren,0,0,0,28.583,1,0,Excluded: abnormal long stop,270,192
2023,9,Austrian Grand Prix,Red Bull Ring,ocon,2,1,18.143,alpine,0,0,0,28.583,1,0,Excluded: abnormal long stop,249,192
2023,9,Austrian Grand Prix,Red Bull Ring,ocon,14,2,22.028,alpine,0,0,0,28.583,1,0,Excluded: abnormal long stop,249,192
2023,9,Austrian Grand Prix,Red Bull Ring,ocon,40,3,30.427,alpine,0,0,0,28.583,1,0,Excluded: abnormal long stop,249,192
2023,9,Austrian Grand Prix,Red Bull Ring,perez,2,1,17.428,red_bull,0,0,0,28.583,1,0,Excluded: abnormal long stop,292,192
2023,9,Austrian Grand Prix,Red Bull Ring,perez,25,2,21.655,red_bull,0,0,0,28.583,1,0,Excluded: abnormal long stop,292,192
2023,9,Austrian Grand Prix,Red Bull Ring,perez,50,3,21.267,red_bull,0,0,0,28.583,1,0,Excluded: abnormal long stop,292,192
2023,9,Austrian Grand Prix,Red Bull Ring,piastri,2,1,17.324,mclaren,0,0,0,28.583,1,0,Excluded: abnormal long stop,270,192
2023,9,Austrian Grand Prix,Red Bull Ring,piastri,14,2,22.467,mclaren,0,0,0,28.583,1,0,Excluded: abnormal long stop,270,192
2023,9,Austrian Grand Prix,Red Bull Ring,piastri,22,3,29.912,mclaren,0,0,0,28.583,1,0,Excluded: abnormal long stop,270,192
2023,9,Austrian Grand Prix,Red Bull Ring,piastri,41,4,22.313,mclaren,0,0,0,28.583,1,0,Excluded: abnormal long stop,270,192
2023,9,Austrian Grand Prix,Red Bull Ring,russell,2,1,17.946,mercedes,0,0,0,28.583,1,0,Excluded: abnormal long stop,278,192
2023,9,Austrian Grand Prix,Red Bull Ring,russell,14,2,22.262,mercedes,0,0,0,28.583,1,0,Excluded: abnormal long stop,278,192
2023,9,Austrian Grand Prix,Red Bull Ring,russell,41,3,21.702,mercedes,0,0,0,28.583,1,0,Excluded: abnormal long stop,278,192
2023,9,Austrian Grand Prix,Red Bull Ring,sainz,2,1,16.38,ferrari,0,0,0,28.583,1,0,Excluded: abnormal long stop,259,192
2023,9,Austrian Grand Prix,Red Bull Ring,sainz,15,2,26.283,ferrari,0,0,0,28.583,1,0,Excluded: abnormal long stop,259,192
2023,9,Austrian Grand Prix,Red Bull Ring,sainz,45,3,28.583,ferrari,0,0,0,28.583,1,0,Excluded: abnormal long stop,259,192
2023,9,Austrian Grand Prix,Red Bull Ring,sargeant,2,1,17.337,williams,0,0,0,28.583,1,0,Excluded: abnormal long stop,271,192
2023,9,Austrian Grand Prix,Red Bull Ring,sargeant,14,2,23.194,williams,0,0,0,28.583,1,0,Excluded: abnormal long stop,271,192
2023,9,Austrian Grand Prix,Red Bull Ring,sargeant,43,3,21.543,williams,0,0,0,28.583,1,0,Excluded: abnormal long stop,271,192
2023,9,Austrian Grand Prix,Red Bull Ring,stroll,2,1,16.646,aston_martin,0,0,0,28.583,1,0,Excluded: abnormal long stop,271,192
2023,9,Austrian Grand Prix,Red Bull Ring,stroll,15,2,24.332,aston_martin,0,0,0,28.583,1,0,Excluded: abnormal long stop,271,192
2023,9,Austrian Grand Prix,Red Bull Ring,stroll,36,3,22.05,aston_martin,0,0,0,28.583,1,0,Excluded: abnormal long stop,271,192
2023,9,Austrian Grand Prix,Red Bull Ring,stroll,54,4,21.837,aston_martin,0,0,0,28.583,1,0,Excluded: abnormal long stop,271,192
2023,9,Austrian Grand Prix,Red Bull Ring,tsunoda,2,2,16.246,alphatauri,0,0,0,28.583,1,0,Excluded: abnormal long stop,202,192
2023,9,Austrian Grand Prix,Red Bull Ring,tsunoda,23,3,27.286,alphatauri,0,0,0,28.583,1,0,Excluded: abnormal long stop,202,192
2023,9,Austrian Grand Prix,Red Bull Ring,tsunoda,43,4,21.392,alphatauri,0,0,0,28.583,1,0,Excluded: abnormal long stop,202,192
2023,9,Austrian Grand Prix,Red Bull Ring,zhou,2,1,17.467,alfa,0,0,0,28.583,1,0,Excluded: abnormal long stop,194,192
2023,9,Austrian Grand Prix,Red Bull Ring,zhou,8,2,24.374,alfa,0,0,0,28.583,1,0,Excluded: abnormal long stop,194,192
2023,9,Austrian Grand Prix,Red Bull Ring,zhou,38,3,21.91,alfa,0,0,0,28.583,1,0,Excluded: abnormal long stop,194,192
2023,10,British Grand Prix,Silverstone Circuit,albon,32,1,29.634,williams,0,1,0.12770339855818744,33.718349999999994,1,0,Excluded: abnormal long stop,271,87
2023,10,British Grand Prix,Silverstone Circuit,alonso,33,1,28.679,aston_martin,0,1,0.12770339855818744,33.718349999999994,1,0,Excluded: abnormal long stop,271,87
2023,10,British Grand Prix,Silverstone Circuit,bottas,32,1,29.662,alfa,0,1,0.12770339855818744,33.718349999999994,1,0,Excluded: abnormal long stop,194,87
2023,10,British Grand Prix,Silverstone Circuit,devries,27,1,28.242,alphatauri,0,1,0.12770339855818744,33.718349999999994,1,0,Excluded: abnormal long stop,202,87
2023,10,British Grand Prix,Silverstone Circuit,devries,32,2,28.413,alphatauri,0,1,0.12770339855818744,33.718349999999994,1,0,Excluded: abnormal long stop,202,87
2023,10,British Grand Prix,Silverstone Circuit,gasly,31,1,28.458,alpine,0,1,0.12770339855818744,33.718349999999994,1,0,Excluded: abnormal long stop,249,87
2023,10,British Grand Prix,Silverstone Circuit,hamilton,33,1,29.169,mercedes,0,1,0.12770339855818744,33.718349999999994,1,0,Excluded: abnormal long stop,278,87
2023,10,British Grand Prix,Silverstone Circuit,hulkenberg,7,1,41.972,haas,0,1,0.12770339855818744,33.718349999999994,1,0,Excluded: abnormal long stop,272,87
2023,10,British Grand Prix,Silverstone Circuit,hulkenberg,32,2,30.003,haas,0,1,0.12770339855818744,33.718349999999994,1,0,Excluded: abnormal long stop,272,87
2023,10,British Grand Prix,Silverstone Circuit,leclerc,18,1,28.244,ferrari,0,1,0.12770339855818744,33.718349999999994,1,0,Excluded: abnormal long stop,259,87
2023,10,British Grand Prix,Silverstone Circuit,leclerc,32,2,28.805,ferrari,0,1,0.12770339855818744,33.718349999999994,1,0,Excluded: abnormal long stop,259,87
2023,10,British Grand Prix,Silverstone Circuit,maxverstappen,33,1,29.056,red_bull,0,1,0.12770339855818744,33.718349999999994,1,0,Excluded: abnormal long stop,292,87
2023,10,British Grand Prix,Silverstone Circuit,norris,33,1,28.438,mclaren,0,1,0.12770339855818744,33.718349999999994,1,0,Excluded: abnormal long stop,270,87
2023,10,British Grand Prix,Silverstone Circuit,perez,28,1,28.06,red_bull,0,1,0.12770339855818744,33.718349999999994,1,0,Excluded: abnormal long stop,292,87
2023,10,British Grand Prix,Silverstone Circuit,piastri,29,1,28.655,mclaren,0,1,0.12770339855818744,33.718349999999994,1,0,Excluded: abnormal long stop,270,87
2023,10,British Grand Prix,Silverstone Circuit,russell,28,1,29.455,mercedes,0,1,0.12770339855818744,33.718349999999994,1,0,Excluded: abnormal long stop,278,87
2023,10,British Grand Prix,Silverstone Circuit,sainz,26,1,28.869,ferrari,0,1,0.12770339855818744,33.718349999999994,1,0,Excluded: abnormal long stop,259,87
2023,10,British Grand Prix,Silverstone Circuit,sargeant,29,1,28.847,williams,0,1,0.12770339855818744,33.718349999999994,1,0,Excluded: abnormal long stop,271,87
2023,10,British Grand Prix,Silverstone Circuit,stroll,31,1,28.561,aston_martin,0,1,0.12770339855818744,33.718349999999994,1,0,Excluded: abnormal long stop,271,87
2023,10,British Grand Prix,Silverstone Circuit,tsunoda,14,1,28.353,alphatauri,0,1,0.12770339855818744,33.718349999999994,1,0,Excluded: abnormal long stop,202,87
2023,10,British Grand Prix,Silverstone Circuit,tsunoda,32,2,28.603,alphatauri,0,1,0.12770339855818744,33.718349999999994,1,0,Excluded: abnormal long stop,202,87
2023,10,British Grand Prix,Silverstone Circuit,zhou,24,1,29.177,alfa,0,1,0.12770339855818744,33.718349999999994,1,0,Excluded: abnormal long stop,194,87
2023,10,British Grand Prix,Silverstone Circuit,zhou,33,2,28.709,alfa,0,1,0.12770339855818744,33.718349999999994,1,0,Excluded: abnormal long stop,194,87
2023,10,British Grand Prix,Silverstone Circuit,zhou,36,3,34.374,alfa,0,1,0.12770339855818744,33.718349999999994,1,0,Excluded: abnormal long stop,194,87
2023,11,Hungarian Grand Prix,Hungaroring,albon,8,1,22.076,williams,0,0,0,26.7285,1,0,Excluded: abnormal long stop,271,133
2023,11,Hungarian Grand Prix,Hungaroring,albon,31,2,21.762,williams,0,0,0,26.7285,1,0,Excluded: abnormal long stop,271,133
2023,11,Hungarian Grand Prix,Hungaroring,alonso,20,1,22.916,aston_martin,0,0,0,26.7285,1,0,Excluded: abnormal long stop,271,133
2023,11,Hungarian Grand Prix,Hungaroring,alonso,43,2,24.152,aston_martin,0,0,0,26.7285,1,0,Excluded: abnormal long stop,271,133
2023,11,Hungarian Grand Prix,Hungaroring,bottas,9,1,22.114,alfa,0,0,0,26.7285,1,0,Excluded: abnormal long stop,194,133
2023,11,Hungarian Grand Prix,Hungaroring,bottas,40,2,23.242,alfa,0,0,0,26.7285,1,0,Excluded: abnormal long stop,194,133
2023,11,Hungarian Grand Prix,Hungaroring,hamilton,16,1,21.974,mercedes,0,0,0,26.7285,1,0,Excluded: abnormal long stop,278,133
2023,11,Hungarian Grand Prix,Hungaroring,hamilton,49,2,21.728,mercedes,0,0,0,26.7285,1,0,Excluded: abnormal long stop,278,133
2023,11,Hungarian Grand Prix,Hungaroring,hulkenberg,16,1,22.922,haas,0,0,0,26.7285,1,0,Excluded: abnormal long stop,272,133
2023,11,Hungarian Grand Prix,Hungaroring,hulkenberg,38,2,21.955,haas,0,0,0,26.7285,1,0,Excluded: abnormal long stop,272,133
2023,11,Hungarian Grand Prix,Hungaroring,kevinmagnussen,14,1,22.753,haas,0,0,0,26.7285,1,0,Excluded: abnormal long stop,272,133
2023,11,Hungarian Grand Prix,Hungaroring,kevinmagnussen,41,2,22.152,haas,0,0,0,26.7285,1,0,Excluded: abnormal long stop,272,133
2023,11,Hungarian Grand Prix,Hungaroring,leclerc,17,1,28.404,ferrari,0,0,0,26.7285,1,0,Excluded: abnormal long stop,259,133
2023,11,Hungarian Grand Prix,Hungaroring,leclerc,43,2,21.452,ferrari,0,0,0,26.7285,1,0,Excluded: abnormal long stop,259,133
2023,11,Hungarian Grand Prix,Hungaroring,maxverstappen,23,1,21.407,red_bull,0,0,0,26.7285,1,0,Excluded: abnormal long stop,292,133
2023,11,Hungarian Grand Prix,Hungaroring,maxverstappen,51,2,21.68,red_bull,0,0,0,26.7285,1,0,Excluded: abnormal long stop,292,133
2023,11,Hungarian Grand Prix,Hungaroring,norris,17,1,21.541,mclaren,0,0,0,26.7285,1,0,Excluded: abnormal long stop,270,133
2023,11,Hungarian Grand Prix,Hungaroring,norris,44,2,21.43,mclaren,0,0,0,26.7285,1,0,Excluded: abnormal long stop,270,133
2023,11,Hungarian Grand Prix,Hungaroring,perez,24,1,21.862,red_bull,0,0,0,26.7285,1,0,Excluded: abnormal long stop,292,133
2023,11,Hungarian Grand Prix,Hungaroring,perez,42,2,20.88,red_bull,0,0,0,26.7285,1,0,Excluded: abnormal long stop,292,133
2023,11,Hungarian Grand Prix,Hungaroring,piastri,18,1,21.171,mclaren,0,0,0,26.7285,1,0,Excluded: abnormal long stop,270,133
2023,11,Hungarian Grand Prix,Hungaroring,piastri,42,2,22.03,mclaren,0,0,0,26.7285,1,0,Excluded: abnormal long stop,270,133
2023,11,Hungarian Grand Prix,Hungaroring,ricciardo,18,1,21.958,alphatauri,0,0,0,26.7285,1,0,Excluded: abnormal long stop,202,133
2023,11,Hungarian Grand Prix,Hungaroring,ricciardo,29,2,22.203,alphatauri,0,0,0,26.7285,1,0,Excluded: abnormal long stop,202,133
2023,11,Hungarian Grand Prix,Hungaroring,russell,28,1,21.886,mercedes,0,0,0,26.7285,1,0,Excluded: abnormal long stop,278,133
2023,11,Hungarian Grand Prix,Hungaroring,russell,46,2,21.675,mercedes,0,0,0,26.7285,1,0,Excluded: abnormal long stop,278,133
2023,11,Hungarian Grand Prix,Hungaroring,sainz,15,1,21.402,ferrari,0,0,0,26.7285,1,0,Excluded: abnormal long stop,259,133
2023,11,Hungarian Grand Prix,Hungaroring,sainz,44,2,22.051,ferrari,0,0,0,26.7285,1,0,Excluded: abnormal long stop,259,133
2023,11,Hungarian Grand Prix,Hungaroring,sargeant,13,1,24.001,williams,0,0,0,26.7285,1,0,Excluded: abnormal long stop,271,133
2023,11,Hungarian Grand Prix,Hungaroring,sargeant,34,2,22.197,williams,0,0,0,26.7285,1,0,Excluded: abnormal long stop,271,133
2023,11,Hungarian Grand Prix,Hungaroring,stroll,9,1,21.91,aston_martin,0,0,0,26.7285,1,0,Excluded: abnormal long stop,271,133
2023,11,Hungarian Grand Prix,Hungaroring,stroll,34,2,22.403,aston_martin,0,0,0,26.7285,1,0,Excluded: abnormal long stop,271,133
2023,11,Hungarian Grand Prix,Hungaroring,tsunoda,9,1,26.17,alphatauri,0,0,0,26.7285,1,0,Excluded: abnormal long stop,202,133
2023,11,Hungarian Grand Prix,Hungaroring,tsunoda,44,2,21.181,alphatauri,0,0,0,26.7285,1,0,Excluded: abnormal long stop,202,133
2023,11,Hungarian Grand Prix,Hungaroring,zhou,10,1,29.211,alfa,0,0,0,26.7285,1,0,Excluded: abnormal long stop,194,133
2023,11,Hungarian Grand Prix,Hungaroring,zhou,38,2,22.853,alfa,0,0,0,26.7285,1,0,Excluded: abnormal long stop,194,133
2023,12,Belgian Grand Prix,Circuit de Spa-Francorchamps,albon,7,1,25.015,williams,0,0,0,25.269799999999996,1,0,Excluded: abnormal long stop,271,109
2023,12,Belgian Grand Prix,Circuit de Spa-Francorchamps,albon,23,2,23.596,williams,0,0,0,25.269799999999996,1,0,Excluded: abnormal long stop,271,109
2023,12,Belgian Grand Prix,Circuit de Spa-Francorchamps,albon,33,3,23.529,williams,0,0,0,25.269799999999996,1,0,Excluded: abnormal long stop,271,109
2023,12,Belgian Grand Prix,Circuit de Spa-Francorchamps,alonso,10,1,23.085,aston_martin,0,0,0,25.269799999999996,1,0,Excluded: abnormal long stop,271,109
2023,12,Belgian Grand Prix,Circuit de Spa-Francorchamps,alonso,29,2,23.798,aston_martin,0,0,0,25.269799999999996,1,0,Excluded: abnormal long stop,271,109
2023,12,Belgian Grand Prix,Circuit de Spa-Francorchamps,bottas,6,1,23.362,alfa,0,0,0,25.269799999999996,1,0,Excluded: abnormal long stop,194,109
2023,12,Belgian Grand Prix,Circuit de Spa-Francorchamps,bottas,24,2,23.786,alfa,0,0,0,25.269799999999996,1,0,Excluded: abnormal long stop,194,109
2023,12,Belgian Grand Prix,Circuit de Spa-Francorchamps,gasly,23,1,25.664,alpine,0,0,0,25.269799999999996,1,0,Excluded: abnormal long stop,249,109
2023,12,Belgian Grand Prix,Circuit de Spa-Francorchamps,hamilton,12,1,23.09,mercedes,0,0,0,25.269799999999996,1,0,Excluded: abnormal long stop,278,109
2023,12,Belgian Grand Prix,Circuit de Spa-Francorchamps,hamilton,27,2,23.023,mercedes,0,0,0,25.269799999999996,1,0,Excluded: abnormal long stop,278,109
2023,12,Belgian Grand Prix,Circuit de Spa-Francorchamps,hamilton,42,3,23.156,mercedes,0,0,0,25.269799999999996,1,0,Excluded: abnormal long stop,278,109
2023,12,Belgian Grand Prix,Circuit de Spa-Francorchamps,hulkenberg,12,1,24.571,haas,0,0,0,25.269799999999996,1,0,Excluded: abnormal long stop,272,109
2023,12,Belgian Grand Prix,Circuit de Spa-Francorchamps,hulkenberg,24,2,25.238,haas,0,0,0,25.269799999999996,1,0,Excluded: abnormal long stop,272,109
2023,12,Belgian Grand Prix,Circuit de Spa-Francorchamps,kevinmagnussen,5,1,23.638,haas,0,0,0,25.269799999999996,1,0,Excluded: abnormal long stop,272,109
2023,12,Belgian Grand Prix,Circuit de Spa-Francorchamps,kevinmagnussen,25,2,23.572,haas,0,0,0,25.269799999999996,1,0,Excluded: abnormal long stop,272,109
2023,12,Belgian Grand Prix,Circuit de Spa-Francorchamps,leclerc,13,1,23.224,ferrari,0,0,0,25.269799999999996,1,0,Excluded: abnormal long stop,259,109
2023,12,Belgian Grand Prix,Circuit de Spa-Francorchamps,leclerc,28,2,23.148,ferrari,0,0,0,25.269799999999996,1,0,Excluded: abnormal long stop,259,109
2023,12,Belgian Grand Prix,Circuit de Spa-Francorchamps,maxverstappen,14,1,22.887,red_bull,0,0,0,25.269799999999996,1,0,Excluded: abnormal long stop,292,109
2023,12,Belgian Grand Prix,Circuit de Spa-Francorchamps,maxverstappen,30,2,23.012,red_bull,0,0,0,25.269799999999996,1,0,Excluded: abnormal long stop,292,109
2023,12,Belgian Grand Prix,Circuit de Spa-Francorchamps,norris,5,1,25.012,mclaren,0,0,0,25.269799999999996,1,0,Excluded: abnormal long stop,270,109
2023,12,Belgian Grand Prix,Circuit de Spa-Francorchamps,norris,17,2,23.744,mclaren,0,0,0,25.269799999999996,1,0,Excluded: abnormal long stop,270,109
2023,12,Belgian Grand Prix,Circuit de Spa-Francorchamps,ocon,6,1,23.085,alpine,0,0,0,25.269799999999996,1,0,Excluded: abnormal long stop,249,109
2023,12,Belgian Grand Prix,Circuit de Spa-Francorchamps,ocon,25,2,23.339,alpine,0,0,0,25.269799999999996,1,0,Excluded: abnormal long stop,249,109
2023,12,Belgian Grand Prix,Circuit de Spa-Francorchamps,perez,13,1,23.684,red_bull,0,0,0,25.269799999999996,1,0,Excluded: abnormal long stop,292,109
2023,12,Belgian Grand Prix,Circuit de Spa-Francorchamps,perez,29,2,22.71,red_bull,0,0,0,25.269799999999996,1,0,Excluded: abnormal long stop,292,109
2023,12,Belgian Grand Prix,Circuit de Spa-Francorchamps,ricciardo,5,1,22.843,alphatauri,0,0,0,25.269799999999996,1,0,Excluded: abnormal long stop,202,109
2023,12,Belgian Grand Prix,Circuit de Spa-Francorchamps,ricciardo,22,2,23.29,alphatauri,0,0,0,25.269799999999996,1,0,Excluded: abnormal long stop,202,109
2023,12,Belgian Grand Prix,Circuit de Spa-Francorchamps,russell,22,1,23.837,mercedes,0,0,0,25.269799999999996,1,0,Excluded: abnormal long stop,278,109
2023,12,Belgian Grand Prix,Circuit de Spa-Francorchamps,sainz,7,1,23.303,ferrari,0,0,0,25.269799999999996,1,0,Excluded: abnormal long stop,259,109
2023,12,Belgian Grand Prix,Circuit de Spa-Francorchamps,sargeant,8,1,23.57,williams,0,0,0,25.269799999999996,1,0,Excluded: abnormal long stop,271,109
2023,12,Belgian Grand Prix,Circuit de Spa-Francorchamps,sargeant,24,2,23.938,williams,0,0,0,25.269799999999996,1,0,Excluded: abnormal long stop,271,109
2023,12,Belgian Grand Prix,Circuit de Spa-Francorchamps,sargeant,34,3,23.109,williams,0,0,0,25.269799999999996,1,0,Excluded: abnormal long stop,271,109
2023,12,Belgian Grand Prix,Circuit de Spa-Francorchamps,stroll,20,1,25.397,aston_martin,0,0,0,25.269799999999996,1,0,Excluded: abnormal long stop,271,109
2023,12,Belgian Grand Prix,Circuit de Spa-Francorchamps,tsunoda,9,1,22.61,alphatauri,0,0,0,25.269799999999996,1,0,Excluded: abnormal long stop,202,109
2023,12,Belgian Grand Prix,Circuit de Spa-Francorchamps,tsunoda,24,2,22.737,alphatauri,0,0,0,25.269799999999996,1,0,Excluded: abnormal long stop,202,109
2023,12,Belgian Grand Prix,Circuit de Spa-Francorchamps,zhou,7,1,24.449,alfa,0,0,0,25.269799999999996,1,0,Excluded: abnormal long stop,194,109
2023,12,Belgian Grand Prix,Circuit de Spa-Francorchamps,zhou,25,2,24.045,alfa,0,0,0,25.269799999999996,1,0,Excluded: abnormal long stop,194,109
2023,13,Dutch Grand Prix,Circuit Park Zandvoort,albon,63,3,2.443475,williams,0,0,0,2.465966,0,0,Used in model: normal green-flag stop,271,144
2023,13,Dutch Grand Prix,Circuit Park Zandvoort,alonso,64,5,2.455302,aston_martin,0,0,0,2.465966,0,0,Used in model: normal green-flag stop,271,144
2023,13,Dutch Grand Prix,Circuit Park Zandvoort,bottas,63,4,2.4051129999999996,alfa,0,0,0,2.465966,0,0,Used in model: normal green-flag stop,194,144
2023,13,Dutch Grand Prix,Circuit Park Zandvoort,gasly,64,5,2.4431689999999997,alpine,0,0,0,2.465966,0,0,Used in model: normal green-flag stop,249,144
2023,13,Dutch Grand Prix,Circuit Park Zandvoort,hamilton,64,5,2.431108,mercedes,0,0,0,2.465966,0,0,Used in model: normal green-flag stop,278,144
2023,13,Dutch Grand Prix,Circuit Park Zandvoort,hulkenberg,63,4,2.410704,haas,0,0,0,2.465966,0,0,Used in model: normal green-flag stop,272,144
2023,13,Dutch Grand Prix,Circuit Park Zandvoort,kevinmagnussen,63,5,2.394733,haas,0,0,0,2.465966,0,0,Used in model: normal green-flag stop,272,144
2023,13,Dutch Grand Prix,Circuit Park Zandvoort,lawson,63,6,2.3963400000000004,alphatauri,0,0,0,2.465966,0,0,Used in model: normal green-flag stop,202,144
2023,13,Dutch Grand Prix,Circuit Park Zandvoort,maxverstappen,64,6,2.483382,red_bull,0,0,0,2.465966,1,0,Excluded: abnormal long stop,292,144
2023,13,Dutch Grand Prix,Circuit Park Zandvoort,norris,63,5,2.443212,mclaren,0,0,0,2.465966,0,0,Used in model: normal green-flag stop,270,144
2023,13,Dutch Grand Prix,Circuit Park Zandvoort,ocon,63,5,2.432201,alpine,0,0,0,2.465966,0,0,Used in model: normal green-flag stop,249,144
2023,13,Dutch Grand Prix,Circuit Park Zandvoort,perez,63,5,2.461612,red_bull,0,0,0,2.465966,0,0,Used in model: normal green-flag stop,292,144
2023,13,Dutch Grand Prix,Circuit Park Zandvoort,piastri,63,4,2.434653,mclaren,0,0,0,2.465966,0,0,Used in model: normal green-flag stop,270,144
2023,13,Dutch Grand Prix,Circuit Park Zandvoort,russell,63,5,2.446251,mercedes,0,0,0,2.465966,0,0,Used in model: normal green-flag stop,278,144
2023,13,Dutch Grand Prix,Circuit Park Zandvoort,sainz,64,5,2.4431469999999997,ferrari,0,0,0,2.465966,0,0,Used in model: normal green-flag stop,259,144
2023,13,Dutch Grand Prix,Circuit Park Zandvoort,stroll,63,6,2.4107339999999997,aston_martin,0,0,0,2.465966,0,0,Used in model: normal green-flag stop,271,144
2023,13,Dutch Grand Prix,Circuit Park Zandvoort,tsunoda,63,4,2.414895,alphatauri,0,0,0,2.465966,0,0,Used in model: normal green-flag stop,202,144
2023,14,Italian Grand Prix,Autodromo Nazionale di Monza,albon,15,1,24.538,williams,0,0,0,27.119799999999998,1,0,Excluded: abnormal long stop,271,104
2023,14,Italian Grand Prix,Autodromo Nazionale di Monza,alonso,21,1,24.798,aston_martin,0,0,0,27.119799999999998,1,0,Excluded: abnormal long stop,271,104
2023,14,Italian Grand Prix,Autodromo Nazionale di Monza,bottas,25,1,24.658,alfa,0,0,0,27.119799999999998,1,0,Excluded: abnormal long stop,194,104
2023,14,Italian Grand Prix,Autodromo Nazionale di Monza,gasly,10,1,27.376,alpine,0,0,0,27.119799999999998,1,0,Excluded: abnormal long stop,249,104
2023,14,Italian Grand Prix,Autodromo Nazionale di Monza,gasly,31,2,24.686,alpine,0,0,0,27.119799999999998,1,0,Excluded: abnormal long stop,249,104
2023,14,Italian Grand Prix,Autodromo Nazionale di Monza,hamilton,27,1,24.255,mercedes,0,0,0,27.119799999999998,1,0,Excluded: abnormal long stop,278,104
2023,14,Italian Grand Prix,Autodromo Nazionale di Monza,hulkenberg,14,1,26.095,haas,0,0,0,27.119799999999998,1,0,Excluded: abnormal long stop,272,104
2023,14,Italian Grand Prix,Autodromo Nazionale di Monza,hulkenberg,39,2,24.328,haas,0,0,0,27.119799999999998,1,0,Excluded: abnormal long stop,272,104
2023,14,Italian Grand Prix,Autodromo Nazionale di Monza,kevinmagnussen,12,1,24.66,haas,0,0,0,27.119799999999998,1,0,Excluded: abnormal long stop,272,104
2023,14,Italian Grand Prix,Autodromo Nazionale di Monza,kevinmagnussen,33,2,24.765,haas,0,0,0,27.119799999999998,1,0,Excluded: abnormal long stop,272,104
2023,14,Italian Grand Prix,Autodromo Nazionale di Monza,lawson,13,1,24.212,alphatauri,0,0,0,27.119799999999998,1,0,Excluded: abnormal long stop,202,104
2023,14,Italian Grand Prix,Autodromo Nazionale di Monza,lawson,33,2,24.281,alphatauri,0,0,0,27.119799999999998,1,0,Excluded: abnormal long stop,202,104
2023,14,Italian Grand Prix,Autodromo Nazionale di Monza,leclerc,20,1,23.931,ferrari,0,0,0,27.119799999999998,1,0,Excluded: abnormal long stop,259,104
2023,14,Italian Grand Prix,Autodromo Nazionale di Monza,maxverstappen,20,1,24.228,red_bull,0,0,0,27.119799999999998,1,0,Excluded: abnormal long stop,292,104
2023,14,Italian Grand Prix,Autodromo Nazionale di Monza,norris,22,1,23.727,mclaren,0,0,0,27.119799999999998,1,0,Excluded: abnormal long stop,270,104
2023,14,Italian Grand Prix,Autodromo Nazionale di Monza,ocon,24,1,24.249,alpine,0,0,0,27.119799999999998,1,0,Excluded: abnormal long stop,249,104
2023,14,Italian Grand Prix,Autodromo Nazionale di Monza,perez,21,1,23.819,red_bull,0,0,0,27.119799999999998,1,0,Excluded: abnormal long stop,292,104
2023,14,Italian Grand Prix,Autodromo Nazionale di Monza,piastri,23,1,24.133,mclaren,0,0,0,27.119799999999998,1,0,Excluded: abnormal long stop,270,104
2023,14,Italian Grand Prix,Autodromo Nazionale di Monza,piastri,41,2,31.799,mclaren,0,0,0,27.119799999999998,1,0,Excluded: abnormal long stop,270,104
2023,14,Italian Grand Prix,Autodromo Nazionale di Monza,russell,19,1,24.215,mercedes,0,0,0,27.119799999999998,1,0,Excluded: abnormal long stop,278,104
2023,14,Italian Grand Prix,Autodromo Nazionale di Monza,sainz,19,1,25.183,ferrari,0,0,0,27.119799999999998,1,0,Excluded: abnormal long stop,259,104
2023,14,Italian Grand Prix,Autodromo Nazionale di Monza,sargeant,14,1,24.779,williams,0,0,0,27.119799999999998,1,0,Excluded: abnormal long stop,271,104
2023,14,Italian Grand Prix,Autodromo Nazionale di Monza,stroll,20,1,25.667,aston_martin,0,0,0,27.119799999999998,1,0,Excluded: abnormal long stop,271,104
2023,14,Italian Grand Prix,Autodromo Nazionale di Monza,zhou,11,1,24.396,alfa,0,0,0,27.119799999999998,1,0,Excluded: abnormal long stop,194,104
2023,14,Italian Grand Prix,Autodromo Nazionale di Monza,zhou,33,2,25.959,alfa,0,0,0,27.119799999999998,1,0,Excluded: abnormal long stop,194,104
2023,15,Singapore Grand Prix,Marina Bay Street Circuit,albon,20,1,30.138,williams,0,0,0,49.26579999999995,1,0,Excluded: abnormal long stop,271,69
2023,15,Singapore Grand Prix,Marina Bay Street Circuit,albon,43,2,29.787,williams,0,0,0,49.26579999999995,1,0,Excluded: abnormal long stop,271,69
2023,15,Singapore Grand Prix,Marina Bay Street Circuit,alonso,20,1,30.67,aston_martin,0,0,0,49.26579999999995,1,0,Excluded: abnormal long stop,271,69
2023,15,Singapore Grand Prix,Marina Bay Street Circuit,alonso,44,2,52.708,aston_martin,0,0,0,49.26579999999995,1,0,Excluded: abnormal long stop,271,69
2023,15,Singapore Grand Prix,Marina Bay Street Circuit,bottas,40,1,30.487,alfa,0,0,0,49.26579999999995,1,0,Excluded: abnormal long stop,194,69
2023,15,Singapore Grand Prix,Marina Bay Street Circuit,gasly,20,1,31.802,alpine,0,0,0,49.26579999999995,1,0,Excluded: abnormal long stop,249,69
2023,15,Singapore Grand Prix,Marina Bay Street Circuit,hamilton,20,1,32.631,mercedes,0,0,0,49.26579999999995,1,0,Excluded: abnormal long stop,278,69
2023,15,Singapore Grand Prix,Marina Bay Street Circuit,hamilton,44,2,33.581,mercedes,0,0,0,49.26579999999995,1,0,Excluded: abnormal long stop,278,69
2023,15,Singapore Grand Prix,Marina Bay Street Circuit,hulkenberg,20,1,35.497,haas,0,0,0,49.26579999999995,1,0,Excluded: abnormal long stop,272,69
2023,15,Singapore Grand Prix,Marina Bay Street Circuit,kevinmagnussen,20,1,31.475,haas,0,0,0,49.26579999999995,1,0,Excluded: abnormal long stop,272,69
2023,15,Singapore Grand Prix,Marina Bay Street Circuit,kevinmagnussen,43,2,33.078,haas,0,0,0,49.26579999999995,1,0,Excluded: abnormal long stop,272,69
2023,15,Singapore Grand Prix,Marina Bay Street Circuit,lawson,20,1,32.348,alphatauri,0,0,0,49.26579999999995,1,0,Excluded: abnormal long stop,202,69
2023,15,Singapore Grand Prix,Marina Bay Street Circuit,leclerc,20,1,32.888,ferrari,0,0,0,49.26579999999995,1,0,Excluded: abnormal long stop,259,69
2023,15,Singapore Grand Prix,Marina Bay Street Circuit,maxverstappen,40,1,29.698,red_bull,0,0,0,49.26579999999995,1,0,Excluded: abnormal long stop,292,69
2023,15,Singapore Grand Prix,Marina Bay Street Circuit,norris,20,1,29.485,mclaren,0,0,0,49.26579999999995,1,0,Excluded: abnormal long stop,270,69
2023,15,Singapore Grand Prix,Marina Bay Street Circuit,ocon,20,1,29.755,alpine,0,0,0,49.26579999999995,1,0,Excluded: abnormal long stop,249,69
2023,15,Singapore Grand Prix,Marina Bay Street Circuit,perez,39,1,28.977,red_bull,0,0,0,49.26579999999995,1,0,Excluded: abnormal long stop,292,69
2023,15,Singapore Grand Prix,Marina Bay Street Circuit,piastri,20,1,29.369,mclaren,0,0,0,49.26579999999995,1,0,Excluded: abnormal long stop,270,69
2023,15,Singapore Grand Prix,Marina Bay Street Circuit,russell,20,1,29.976,mercedes,0,0,0,49.26579999999995,1,0,Excluded: abnormal long stop,278,69
2023,15,Singapore Grand Prix,Marina Bay Street Circuit,russell,44,2,30.039,mercedes,0,0,0,49.26579999999995,1,0,Excluded: abnormal long stop,278,69
2023,15,Singapore Grand Prix,Marina Bay Street Circuit,sainz,20,1,29.499,ferrari,0,0,0,49.26579999999995,1,0,Excluded: abnormal long stop,259,69
2023,15,Singapore Grand Prix,Marina Bay Street Circuit,sargeant,19,1,63.543,williams,0,0,0,49.26579999999995,1,0,Excluded: abnormal long stop,271,69
2023,15,Singapore Grand Prix,Marina Bay Street Circuit,sargeant,43,2,31.018,williams,0,0,0,49.26579999999995,1,0,Excluded: abnormal long stop,271,69
2023,15,Singapore Grand Prix,Marina Bay Street Circuit,zhou,2,1,30.032,alfa,0,0,0,49.26579999999995,1,0,Excluded: abnormal long stop,194,69
2023,15,Singapore Grand Prix,Marina Bay Street Circuit,zhou,20,2,30.637,alfa,0,0,0,49.26579999999995,1,0,Excluded: abnormal long stop,194,69
2023,16,Japanese Grand Prix,Suzuka Circuit,perez,13,3,2.485913,red_bull,0,0,0,2.485913,1,0,Excluded: abnormal long stop,292,24
2023,17,Qatar Grand Prix,Losail International Circuit,albon,18,1,29.253,williams,0,0,0,33.1974,1,0,Excluded: abnormal long stop,271,141
2023,17,Qatar Grand Prix,Losail International Circuit,albon,31,2,28.747,williams,0,0,0,33.1974,1,0,Excluded: abnormal long stop,271,141
2023,17,Qatar Grand Prix,Losail International Circuit,albon,44,3,28.981,williams,0,0,0,33.1974,1,0,Excluded: abnormal long stop,271,141
2023,17,Qatar Grand Prix,Losail International Circuit,alonso,11,1,28.373,aston_martin,0,0,0,33.1974,1,0,Excluded: abnormal long stop,271,141
2023,17,Qatar Grand Prix,Losail International Circuit,alonso,26,2,28.432,aston_martin,0,0,0,33.1974,1,0,Excluded: abnormal long stop,271,141
2023,17,Qatar Grand Prix,Losail International Circuit,alonso,44,3,28.393,aston_martin,0,0,0,33.1974,1,0,Excluded: abnormal long stop,271,141
2023,17,Qatar Grand Prix,Losail International Circuit,bottas,3,1,29.977,alfa,0,0,0,33.1974,1,0,Excluded: abnormal long stop,194,141
2023,17,Qatar Grand Prix,Losail International Circuit,bottas,21,2,29.387,alfa,0,0,0,33.1974,1,0,Excluded: abnormal long stop,194,141
2023,17,Qatar Grand Prix,Losail International Circuit,bottas,39,3,28.946,alfa,0,0,0,33.1974,1,0,Excluded: abnormal long stop,194,141
2023,17,Qatar Grand Prix,Losail International Circuit,gasly,11,1,28.429,alpine,0,0,0,33.1974,1,0,Excluded: abnormal long stop,249,141
2023,17,Qatar Grand Prix,Losail International Circuit,gasly,26,2,30.192,alpine,0,0,0,33.1974,1,0,Excluded: abnormal long stop,249,141
2023,17,Qatar Grand Prix,Losail International Circuit,gasly,44,3,34.856,alpine,0,0,0,33.1974,1,0,Excluded: abnormal long stop,249,141
2023,17,Qatar Grand Prix,Losail International Circuit,hulkenberg,13,1,39.879,haas,0,0,0,33.1974,1,0,Excluded: abnormal long stop,272,141
2023,17,Qatar Grand Prix,Losail International Circuit,hulkenberg,27,2,28.274,haas,0,0,0,33.1974,1,0,Excluded: abnormal long stop,272,141
2023,17,Qatar Grand Prix,Losail International Circuit,hulkenberg,39,3,28.591,haas,0,0,0,33.1974,1,0,Excluded: abnormal long stop,272,141
2023,17,Qatar Grand Prix,Losail International Circuit,kevinmagnussen,3,1,28.743,haas,0,0,0,33.1974,1,0,Excluded: abnormal long stop,272,141
2023,17,Qatar Grand Prix,Losail International Circuit,kevinmagnussen,21,2,28.948,haas,0,0,0,33.1974,1,0,Excluded: abnormal long stop,272,141
2023,17,Qatar Grand Prix,Losail International Circuit,kevinmagnussen,39,3,30.331,haas,0,0,0,33.1974,1,0,Excluded: abnormal long stop,272,141
2023,17,Qatar Grand Prix,Losail International Circuit,lawson,3,1,29.33,alphatauri,0,0,0,33.1974,1,0,Excluded: abnormal long stop,202,141
2023,17,Qatar Grand Prix,Losail International Circuit,lawson,21,2,28.665,alphatauri,0,0,0,33.1974,1,0,Excluded: abnormal long stop,202,141
2023,17,Qatar Grand Prix,Losail International Circuit,lawson,39,3,28.171,alphatauri,0,0,0,33.1974,1,0,Excluded: abnormal long stop,202,141
2023,17,Qatar Grand Prix,Losail International Circuit,leclerc,12,1,28.228,ferrari,0,0,0,33.1974,1,0,Excluded: abnormal long stop,259,141
2023,17,Qatar Grand Prix,Losail International Circuit,leclerc,25,2,27.873,ferrari,0,0,0,33.1974,1,0,Excluded: abnormal long stop,259,141
2023,17,Qatar Grand Prix,Losail International Circuit,leclerc,43,3,27.513,ferrari,0,0,0,33.1974,1,0,Excluded: abnormal long stop,259,141
2023,17,Qatar Grand Prix,Losail International Circuit,maxverstappen,17,1,28.233,red_bull,0,0,0,33.1974,1,0,Excluded: abnormal long stop,292,141
2023,17,Qatar Grand Prix,Losail International Circuit,maxverstappen,34,2,28.103,red_bull,0,0,0,33.1974,1,0,Excluded: abnormal long stop,292,141
2023,17,Qatar Grand Prix,Losail International Circuit,maxverstappen,51,3,29.726,red_bull,0,0,0,33.1974,1,0,Excluded: abnormal long stop,292,141
2023,17,Qatar Grand Prix,Losail International Circuit,norris,13,1,28.134,mclaren,0,0,0,33.1974,1,0,Excluded: abnormal long stop,270,141
2023,17,Qatar Grand Prix,Losail International Circuit,norris,27,2,27.611,mclaren,0,0,0,33.1974,1,0,Excluded: abnormal long stop,270,141
2023,17,Qatar Grand Prix,Losail International Circuit,norris,44,3,27.677,mclaren,0,0,0,33.1974,1,0,Excluded: abnormal long stop,270,141
2023,17,Qatar Grand Prix,Losail International Circuit,ocon,10,1,28.961,alpine,0,0,0,33.1974,1,0,Excluded: abnormal long stop,249,141
2023,17,Qatar Grand Prix,Losail International Circuit,ocon,25,2,28.969,alpine,0,0,0,33.1974,1,0,Excluded: abnormal long stop,249,141
2023,17,Qatar Grand Prix,Losail International Circuit,ocon,43,3,29.169,alpine,0,0,0,33.1974,1,0,Excluded: abnormal long stop,249,141
2023,17,Qatar Grand Prix,Losail International Circuit,perez,17,1,27.808,red_bull,0,0,0,33.1974,1,0,Excluded: abnormal long stop,292,141
2023,17,Qatar Grand Prix,Losail International Circuit,perez,31,2,33.246,red_bull,0,0,0,33.1974,1,0,Excluded: abnormal long stop,292,141
2023,17,Qatar Grand Prix,Losail International Circuit,perez,43,3,33.165,red_bull,0,0,0,33.1974,1,0,Excluded: abnormal long stop,292,141
2023,17,Qatar Grand Prix,Losail International Circuit,piastri,12,1,28.875,mclaren,0,0,0,33.1974,1,0,Excluded: abnormal long stop,270,141
2023,17,Qatar Grand Prix,Losail International Circuit,piastri,25,2,27.868,mclaren,0,0,0,33.1974,1,0,Excluded: abnormal long stop,270,141
2023,17,Qatar Grand Prix,Losail International Circuit,piastri,43,3,27.489,mclaren,0,0,0,33.1974,1,0,Excluded: abnormal long stop,270,141
2023,17,Qatar Grand Prix,Losail International Circuit,russell,14,2,28.542,mercedes,0,0,0,33.1974,1,0,Excluded: abnormal long stop,278,141
2023,17,Qatar Grand Prix,Losail International Circuit,russell,32,3,28.314,mercedes,0,0,0,33.1974,1,0,Excluded: abnormal long stop,278,141
2023,17,Qatar Grand Prix,Losail International Circuit,russell,50,4,28.191,mercedes,0,0,0,33.1974,1,0,Excluded: abnormal long stop,278,141
2023,17,Qatar Grand Prix,Losail International Circuit,sargeant,13,1,29.436,williams,0,0,0,33.1974,1,0,Excluded: abnormal long stop,271,141
2023,17,Qatar Grand Prix,Losail International Circuit,sargeant,26,2,29.373,williams,0,0,0,33.1974,1,0,Excluded: abnormal long stop,271,141
2023,17,Qatar Grand Prix,Losail International Circuit,stroll,3,1,28.886,aston_martin,0,0,0,33.1974,1,0,Excluded: abnormal long stop,271,141
2023,17,Qatar Grand Prix,Losail International Circuit,stroll,21,2,28.156,aston_martin,0,0,0,33.1974,1,0,Excluded: abnormal long stop,271,141
2023,17,Qatar Grand Prix,Losail International Circuit,stroll,39,3,29.399,aston_martin,0,0,0,33.1974,1,0,Excluded: abnormal long stop,271,141
2023,17,Qatar Grand Prix,Losail International Circuit,tsunoda,9,1,27.781,alphatauri,0,0,0,33.1974,1,0,Excluded: abnormal long stop,202,141
2023,17,Qatar Grand Prix,Losail International Circuit,tsunoda,22,2,27.596,alphatauri,0,0,0,33.1974,1,0,Excluded: abnormal long stop,202,141
2023,17,Qatar Grand Prix,Losail International Circuit,tsunoda,40,3,27.809,alphatauri,0,0,0,33.1974,1,0,Excluded: abnormal long stop,202,141
2023,17,Qatar Grand Prix,Losail International Circuit,zhou,18,1,28.984,alfa,0,0,0,33.1974,1,0,Excluded: abnormal long stop,194,141
2023,17,Qatar Grand Prix,Losail International Circuit,zhou,35,2,28.854,alfa,0,0,0,33.1974,1,0,Excluded: abnormal long stop,194,141
2023,17,Qatar Grand Prix,Losail International Circuit,zhou,52,3,28.815,alfa,0,0,0,33.1974,1,0,Excluded: abnormal long stop,194,141
2023,18,United States Grand Prix,Circuit of the Americas,albon,10,1,24.563,williams,0,0,0,25.85525,1,0,Excluded: abnormal long stop,271,135
2023,18,United States Grand Prix,Circuit of the Americas,albon,29,2,24.354,williams,0,0,0,25.85525,1,0,Excluded: abnormal long stop,271,135
2023,18,United States Grand Prix,Circuit of the Americas,alonso,19,1,25.055,aston_martin,0,0,0,25.85525,1,0,Excluded: abnormal long stop,271,135
2023,18,United States Grand Prix,Circuit of the Americas,alonso,42,2,24.823,aston_martin,0,0,0,25.85525,1,0,Excluded: abnormal long stop,271,135
2023,18,United States Grand Prix,Circuit of the Americas,bottas,10,1,24.783,alfa,0,0,0,25.85525,1,0,Excluded: abnormal long stop,194,135
2023,18,United States Grand Prix,Circuit of the Americas,bottas,28,2,25.02,alfa,0,0,0,25.85525,1,0,Excluded: abnormal long stop,194,135
2023,18,United States Grand Prix,Circuit of the Americas,gasly,18,1,23.9,alpine,0,0,0,25.85525,1,0,Excluded: abnormal long stop,249,135
2023,18,United States Grand Prix,Circuit of the Americas,gasly,37,2,24.88,alpine,0,0,0,25.85525,1,0,Excluded: abnormal long stop,249,135
2023,18,United States Grand Prix,Circuit of the Americas,hamilton,20,1,24.916,mercedes,0,0,0,25.85525,1,0,Excluded: abnormal long stop,278,135
2023,18,United States Grand Prix,Circuit of the Americas,hamilton,38,2,24.648,mercedes,0,0,0,25.85525,1,0,Excluded: abnormal long stop,278,135
2023,18,United States Grand Prix,Circuit of the Americas,hulkenberg,19,1,26.573,haas,0,0,0,25.85525,1,0,Excluded: abnormal long stop,272,135
2023,18,United States Grand Prix,Circuit of the Americas,hulkenberg,34,2,24.308,haas,0,0,0,25.85525,1,0,Excluded: abnormal long stop,272,135
2023,18,United States Grand Prix,Circuit of the Americas,kevinmagnussen,10,1,25.067,haas,0,0,0,25.85525,1,0,Excluded: abnormal long stop,272,135
2023,18,United States Grand Prix,Circuit of the Americas,kevinmagnussen,29,2,24.745,haas,0,0,0,25.85525,1,0,Excluded: abnormal long stop,272,135
2023,18,United States Grand Prix,Circuit of the Americas,leclerc,23,1,23.963,ferrari,0,0,0,25.85525,1,0,Excluded: abnormal long stop,259,135
2023,18,United States Grand Prix,Circuit of the Americas,maxverstappen,16,1,23.756,red_bull,0,0,0,25.85525,1,0,Excluded: abnormal long stop,292,135
2023,18,United States Grand Prix,Circuit of the Americas,maxverstappen,35,2,24.974,red_bull,0,0,0,25.85525,1,0,Excluded: abnormal long stop,292,135
2023,18,United States Grand Prix,Circuit of the Americas,norris,17,1,24.155,mclaren,0,0,0,25.85525,1,0,Excluded: abnormal long stop,270,135
2023,18,United States Grand Prix,Circuit of the Americas,norris,34,2,23.361,mclaren,0,0,0,25.85525,1,0,Excluded: abnormal long stop,270,135
2023,18,United States Grand Prix,Circuit of the Americas,perez,17,1,24.245,red_bull,0,0,0,25.85525,1,0,Excluded: abnormal long stop,292,135
2023,18,United States Grand Prix,Circuit of the Americas,perez,37,2,23.747,red_bull,0,0,0,25.85525,1,0,Excluded: abnormal long stop,292,135
2023,18,United States Grand Prix,Circuit of the Americas,ricciardo,22,1,24.364,alphatauri,0,0,0,25.85525,1,0,Excluded: abnormal long stop,202,135
2023,18,United States Grand Prix,Circuit of the Americas,ricciardo,47,2,26.513,alphatauri,0,0,0,25.85525,1,0,Excluded: abnormal long stop,202,135
2023,18,United States Grand Prix,Circuit of the Americas,russell,21,1,24.357,mercedes,0,0,0,25.85525,1,0,Excluded: abnormal long stop,278,135
2023,18,United States Grand Prix,Circuit of the Americas,russell,39,2,23.969,mercedes,0,0,0,25.85525,1,0,Excluded: abnormal long stop,278,135
2023,18,United States Grand Prix,Circuit of the Americas,sainz,17,1,23.668,ferrari,0,0,0,25.85525,1,0,Excluded: abnormal long stop,259,135
2023,18,United States Grand Prix,Circuit of the Americas,sainz,35,2,23.673,ferrari,0,0,0,25.85525,1,0,Excluded: abnormal long stop,259,135
2023,18,United States Grand Prix,Circuit of the Americas,sargeant,11,1,24.99,williams,0,0,0,25.85525,1,0,Excluded: abnormal long stop,271,135
2023,18,United States Grand Prix,Circuit of the Americas,sargeant,32,2,25.547,williams,0,0,0,25.85525,1,0,Excluded: abnormal long stop,271,135
2023,18,United States Grand Prix,Circuit of the Americas,stroll,20,1,24.457,aston_martin,0,0,0,25.85525,1,0,Excluded: abnormal long stop,271,135
2023,18,United States Grand Prix,Circuit of the Americas,stroll,40,2,23.955,aston_martin,0,0,0,25.85525,1,0,Excluded: abnormal long stop,271,135
2023,18,United States Grand Prix,Circuit of the Americas,tsunoda,17,1,24.354,alphatauri,0,0,0,25.85525,1,0,Excluded: abnormal long stop,202,135
2023,18,United States Grand Prix,Circuit of the Americas,tsunoda,34,2,24.125,alphatauri,0,0,0,25.85525,1,0,Excluded: abnormal long stop,202,135
2023,18,United States Grand Prix,Circuit of the Americas,tsunoda,54,3,23.472,alphatauri,0,0,0,25.85525,1,0,Excluded: abnormal long stop,202,135
2023,18,United States Grand Prix,Circuit of the Americas,zhou,9,1,25.636,alfa,0,0,0,25.85525,1,0,Excluded: abnormal long stop,194,135
2023,18,United States Grand Prix,Circuit of the Americas,zhou,27,2,24.717,alfa,0,0,0,25.85525,1,0,Excluded: abnormal long stop,194,135
2023,19,Mexico City Grand Prix,Autódromo Hermanos Rodríguez,albon,34,2,1.22798,williams,0,0,0,1.22970865,0,1,Excluded: very short stop,271,85
2023,19,Mexico City Grand Prix,Autódromo Hermanos Rodríguez,alonso,34,2,1.229837,aston_martin,0,0,0,1.22970865,1,1,Excluded: very short stop,271,85
2023,19,Mexico City Grand Prix,Autódromo Hermanos Rodríguez,bottas,34,2,1.229349,alfa,0,0,0,1.22970865,0,1,Excluded: very short stop,194,85
2023,19,Mexico City Grand Prix,Autódromo Hermanos Rodríguez,gasly,34,2,1.2256980000000002,alpine,0,0,0,1.22970865,0,1,Excluded: very short stop,249,85
2023,19,Mexico City Grand Prix,Autódromo Hermanos Rodríguez,hamilton,34,2,1.2129079999999999,mercedes,0,0,0,1.22970865,0,1,Excluded: very short stop,278,85
2023,19,Mexico City Grand Prix,Autódromo Hermanos Rodríguez,hulkenberg,34,2,1.219826,haas,0,0,0,1.22970865,0,1,Excluded: very short stop,272,85
2023,19,Mexico City Grand Prix,Autódromo Hermanos Rodríguez,leclerc,34,2,1.210512,ferrari,0,0,0,1.22970865,0,1,Excluded: very short stop,259,85
2023,19,Mexico City Grand Prix,Autódromo Hermanos Rodríguez,maxverstappen,34,3,1.209136,red_bull,0,0,0,1.22970865,0,1,Excluded: very short stop,292,85
2023,19,Mexico City Grand Prix,Autódromo Hermanos Rodríguez,norris,34,3,1.226386,mclaren,0,0,0,1.22970865,0,1,Excluded: very short stop,270,85
2023,19,Mexico City Grand Prix,Autódromo Hermanos Rodríguez,ocon,34,1,1.226296,alpine,0,0,0,1.22970865,0,1,Excluded: very short stop,249,85
2023,19,Mexico City Grand Prix,Autódromo Hermanos Rodríguez,piastri,34,2,1.2190640000000001,mclaren,0,0,0,1.22970865,0,1,Excluded: very short stop,270,85
2023,19,Mexico City Grand Prix,Autódromo Hermanos Rodríguez,ricciardo,34,2,1.217136,alphatauri,0,0,0,1.22970865,0,1,Excluded: very short stop,202,85
2023,19,Mexico City Grand Prix,Autódromo Hermanos Rodríguez,russell,34,2,1.2182,mercedes,0,0,0,1.22970865,0,1,Excluded: very short stop,278,85
2023,19,Mexico City Grand Prix,Autódromo Hermanos Rodríguez,sainz,34,2,1.215432,ferrari,0,0,0,1.22970865,0,1,Excluded: very short stop,259,85
2023,19,Mexico City Grand Prix,Autódromo Hermanos Rodríguez,sargeant,34,2,1.227718,williams,0,0,0,1.22970865,0,1,Excluded: very short stop,271,85
2023,19,Mexico City Grand Prix,Autódromo Hermanos Rodríguez,stroll,34,2,1.2296859999999998,aston_martin,0,0,0,1.22970865,0,1,Excluded: very short stop,271,85
2023,19,Mexico City Grand Prix,Autódromo Hermanos Rodríguez,tsunoda,34,2,1.218057,alphatauri,0,0,0,1.22970865,0,1,Excluded: very short stop,202,85
2023,19,Mexico City Grand Prix,Autódromo Hermanos Rodríguez,zhou,34,2,1.229539,alfa,0,0,0,1.22970865,0,1,Excluded: very short stop,194,85
2023,20,São Paulo Grand Prix,Autódromo José Carlos Pace,alonso,2,2,1.408154,aston_martin,0,0,0,1.4211103999999999,0,1,Excluded: very short stop,271,153
2023,20,São Paulo Grand Prix,Autódromo José Carlos Pace,bottas,2,2,1.418156,alfa,0,0,0,1.4211103999999999,0,1,Excluded: very short stop,194,153
2023,20,São Paulo Grand Prix,Autódromo José Carlos Pace,gasly,2,2,1.4167059999999998,alpine,0,0,0,1.4211103999999999,0,1,Excluded: very short stop,249,153
2023,20,São Paulo Grand Prix,Autódromo José Carlos Pace,hamilton,2,2,1.406375,mercedes,0,0,0,1.4211103999999999,0,1,Excluded: very short stop,278,153
2023,20,São Paulo Grand Prix,Autódromo José Carlos Pace,hulkenberg,2,2,1.421069,haas,0,0,0,1.4211103999999999,0,1,Excluded: very short stop,272,153
2023,20,São Paulo Grand Prix,Autódromo José Carlos Pace,maxverstappen,2,2,1.402632,red_bull,0,0,0,1.4211103999999999,0,1,Excluded: very short stop,292,153
2023,20,São Paulo Grand Prix,Autódromo José Carlos Pace,norris,2,2,1.404611,mclaren,0,0,0,1.4211103999999999,0,1,Excluded: very short stop,270,153
2023,20,São Paulo Grand Prix,Autódromo José Carlos Pace,ocon,2,2,1.414725,alpine,0,0,0,1.4211103999999999,0,1,Excluded: very short stop,249,153
2023,20,São Paulo Grand Prix,Autódromo José Carlos Pace,perez,2,2,1.411712,red_bull,0,0,0,1.4211103999999999,0,1,Excluded: very short stop,292,153
2023,20,São Paulo Grand Prix,Autódromo José Carlos Pace,russell,2,2,1.410984,mercedes,0,0,0,1.4211103999999999,0,1,Excluded: very short stop,278,153
2023,20,São Paulo Grand Prix,Autódromo José Carlos Pace,sainz,2,2,1.4137039999999998,ferrari,0,0,0,1.4211103999999999,0,1,Excluded: very short stop,259,153
2023,20,São Paulo Grand Prix,Autódromo José Carlos Pace,sargeant,2,2,1.421207,williams,0,0,0,1.4211103999999999,1,1,Excluded: very short stop,271,153
2023,20,São Paulo Grand Prix,Autódromo José Carlos Pace,stroll,2,2,1.409984,aston_martin,0,0,0,1.4211103999999999,0,1,Excluded: very short stop,271,153
2023,20,São Paulo Grand Prix,Autódromo José Carlos Pace,tsunoda,2,2,1.4154200000000001,alphatauri,0,0,0,1.4211103999999999,0,1,Excluded: very short stop,202,153
2023,20,São Paulo Grand Prix,Autódromo José Carlos Pace,zhou,2,2,1.419945,alfa,0,0,0,1.4211103999999999,0,1,Excluded: very short stop,194,153
2023,21,Las Vegas Grand Prix,Las Vegas Strip Street Circuit,albon,16,1,21.242,williams,0,0,0,25.310899999999997,1,0,Excluded: abnormal long stop,271,67
2023,21,Las Vegas Grand Prix,Las Vegas Strip Street Circuit,alonso,26,2,23.214,aston_martin,0,0,0,25.310899999999997,1,0,Excluded: abnormal long stop,271,67
2023,21,Las Vegas Grand Prix,Las Vegas Strip Street Circuit,bottas,24,2,21.575,alfa,0,0,0,25.310899999999997,1,0,Excluded: abnormal long stop,194,67
2023,21,Las Vegas Grand Prix,Las Vegas Strip Street Circuit,gasly,17,1,22.262,alpine,0,0,0,25.310899999999997,1,0,Excluded: abnormal long stop,249,67
2023,21,Las Vegas Grand Prix,Las Vegas Strip Street Circuit,hamilton,17,1,25.047,mercedes,0,0,0,25.310899999999997,1,0,Excluded: abnormal long stop,278,67
2023,21,Las Vegas Grand Prix,Las Vegas Strip Street Circuit,hamilton,26,2,22.508,mercedes,0,0,0,25.310899999999997,1,0,Excluded: abnormal long stop,278,67
2023,21,Las Vegas Grand Prix,Las Vegas Strip Street Circuit,hulkenberg,12,1,22.154,haas,0,0,0,25.310899999999997,1,0,Excluded: abnormal long stop,272,67
2023,21,Las Vegas Grand Prix,Las Vegas Strip Street Circuit,hulkenberg,26,2,25.453,haas,0,0,0,25.310899999999997,1,0,Excluded: abnormal long stop,272,67
2023,21,Las Vegas Grand Prix,Las Vegas Strip Street Circuit,kevinmagnussen,14,1,21.611,haas,0,0,0,25.310899999999997,1,0,Excluded: abnormal long stop,272,67
2023,21,Las Vegas Grand Prix,Las Vegas Strip Street Circuit,kevinmagnussen,26,2,21.868,haas,0,0,0,25.310899999999997,1,0,Excluded: abnormal long stop,272,67
2023,21,Las Vegas Grand Prix,Las Vegas Strip Street Circuit,leclerc,21,1,22.559,ferrari,0,0,0,25.310899999999997,1,0,Excluded: abnormal long stop,259,67
2023,21,Las Vegas Grand Prix,Las Vegas Strip Street Circuit,maxverstappen,16,1,26.686,red_bull,0,0,0,25.310899999999997,1,0,Excluded: abnormal long stop,292,67
2023,21,Las Vegas Grand Prix,Las Vegas Strip Street Circuit,maxverstappen,26,2,21.323,red_bull,0,0,0,25.310899999999997,1,0,Excluded: abnormal long stop,292,67
2023,21,Las Vegas Grand Prix,Las Vegas Strip Street Circuit,ocon,20,1,21.763,alpine,0,0,0,25.310899999999997,1,0,Excluded: abnormal long stop,249,67
2023,21,Las Vegas Grand Prix,Las Vegas Strip Street Circuit,perez,26,2,21.568,red_bull,0,0,0,25.310899999999997,1,0,Excluded: abnormal long stop,292,67
2023,21,Las Vegas Grand Prix,Las Vegas Strip Street Circuit,piastri,16,1,23.269,mclaren,0,0,0,25.310899999999997,1,0,Excluded: abnormal long stop,270,67
2023,21,Las Vegas Grand Prix,Las Vegas Strip Street Circuit,piastri,43,2,20.535,mclaren,0,0,0,25.310899999999997,1,0,Excluded: abnormal long stop,270,67
2023,21,Las Vegas Grand Prix,Las Vegas Strip Street Circuit,ricciardo,17,1,22.242,alphatauri,0,0,0,25.310899999999997,1,0,Excluded: abnormal long stop,202,67
2023,21,Las Vegas Grand Prix,Las Vegas Strip Street Circuit,russell,15,1,21.257,mercedes,0,0,0,25.310899999999997,1,0,Excluded: abnormal long stop,278,67
2023,21,Las Vegas Grand Prix,Las Vegas Strip Street Circuit,russell,26,2,21.952,mercedes,0,0,0,25.310899999999997,1,0,Excluded: abnormal long stop,278,67
2023,21,Las Vegas Grand Prix,Las Vegas Strip Street Circuit,sainz,3,1,21.261,ferrari,0,0,0,25.310899999999997,1,0,Excluded: abnormal long stop,259,67
2023,21,Las Vegas Grand Prix,Las Vegas Strip Street Circuit,sainz,26,2,22.63,ferrari,0,0,0,25.310899999999997,1,0,Excluded: abnormal long stop,259,67
2023,21,Las Vegas Grand Prix,Las Vegas Strip Street Circuit,sargeant,15,1,21.367,williams,0,0,0,25.310899999999997,1,0,Excluded: abnormal long stop,271,67
2023,21,Las Vegas Grand Prix,Las Vegas Strip Street Circuit,stroll,3,1,22.222,aston_martin,0,0,0,25.310899999999997,1,0,Excluded: abnormal long stop,271,67
2023,21,Las Vegas Grand Prix,Las Vegas Strip Street Circuit,stroll,26,2,22.57,aston_martin,0,0,0,25.310899999999997,1,0,Excluded: abnormal long stop,271,67
2023,21,Las Vegas Grand Prix,Las Vegas Strip Street Circuit,tsunoda,10,1,20.619,alphatauri,0,0,0,25.310899999999997,1,0,Excluded: abnormal long stop,202,67
2023,21,Las Vegas Grand Prix,Las Vegas Strip Street Circuit,tsunoda,21,2,20.894,alphatauri,0,0,0,25.310899999999997,1,0,Excluded: abnormal long stop,202,67
2023,21,Las Vegas Grand Prix,Las Vegas Strip Street Circuit,zhou,26,1,22.155,alfa,0,0,0,25.310899999999997,1,0,Excluded: abnormal long stop,194,67
2023,22,Abu Dhabi Grand Prix,Yas Marina Circuit,albon,16,1,22.17,williams,0,0,0,23.1684,1,0,Excluded: abnormal long stop,271,125
2023,22,Abu Dhabi Grand Prix,Yas Marina Circuit,albon,43,2,21.919,williams,0,0,0,23.1684,1,0,Excluded: abnormal long stop,271,125
2023,22,Abu Dhabi Grand Prix,Yas Marina Circuit,alonso,12,1,22.462,aston_martin,0,0,0,23.1684,1,0,Excluded: abnormal long stop,271,125
2023,22,Abu Dhabi Grand Prix,Yas Marina Circuit,alonso,36,2,21.841,aston_martin,0,0,0,23.1684,1,0,Excluded: abnormal long stop,271,125
2023,22,Abu Dhabi Grand Prix,Yas Marina Circuit,bottas,29,1,22.665,alfa,0,0,0,23.1684,1,0,Excluded: abnormal long stop,194,125
2023,22,Abu Dhabi Grand Prix,Yas Marina Circuit,gasly,17,1,23.091,alpine,0,0,0,23.1684,1,0,Excluded: abnormal long stop,249,125
2023,22,Abu Dhabi Grand Prix,Yas Marina Circuit,gasly,32,2,23.478,alpine,0,0,0,23.1684,1,0,Excluded: abnormal long stop,249,125
2023,22,Abu Dhabi Grand Prix,Yas Marina Circuit,hamilton,15,1,22.195,mercedes,0,0,0,23.1684,1,0,Excluded: abnormal long stop,278,125
2023,22,Abu Dhabi Grand Prix,Yas Marina Circuit,hamilton,35,2,22.045,mercedes,0,0,0,23.1684,1,0,Excluded: abnormal long stop,278,125
2023,22,Abu Dhabi Grand Prix,Yas Marina Circuit,hulkenberg,13,1,21.861,haas,0,0,0,23.1684,1,0,Excluded: abnormal long stop,272,125
2023,22,Abu Dhabi Grand Prix,Yas Marina Circuit,hulkenberg,33,2,22.081,haas,0,0,0,23.1684,1,0,Excluded: abnormal long stop,272,125
2023,22,Abu Dhabi Grand Prix,Yas Marina Circuit,kevinmagnussen,5,1,22.764,haas,0,0,0,23.1684,1,0,Excluded: abnormal long stop,272,125
2023,22,Abu Dhabi Grand Prix,Yas Marina Circuit,kevinmagnussen,22,2,22.163,haas,0,0,0,23.1684,1,0,Excluded: abnormal long stop,272,125
2023,22,Abu Dhabi Grand Prix,Yas Marina Circuit,leclerc,17,1,21.919,ferrari,0,0,0,23.1684,1,0,Excluded: abnormal long stop,259,125
2023,22,Abu Dhabi Grand Prix,Yas Marina Circuit,leclerc,35,2,21.246,ferrari,0,0,0,23.1684,1,0,Excluded: abnormal long stop,259,125
2023,22,Abu Dhabi Grand Prix,Yas Marina Circuit,maxverstappen,16,1,21.662,red_bull,0,0,0,23.1684,1,0,Excluded: abnormal long stop,292,125
2023,22,Abu Dhabi Grand Prix,Yas Marina Circuit,maxverstappen,43,2,21.275,red_bull,0,0,0,23.1684,1,0,Excluded: abnormal long stop,292,125
2023,22,Abu Dhabi Grand Prix,Yas Marina Circuit,norris,14,1,24.061,mclaren,0,0,0,23.1684,1,0,Excluded: abnormal long stop,270,125
2023,22,Abu Dhabi Grand Prix,Yas Marina Circuit,norris,33,2,21.432,mclaren,0,0,0,23.1684,1,0,Excluded: abnormal long stop,270,125
2023,22,Abu Dhabi Grand Prix,Yas Marina Circuit,ocon,15,1,22.16,alpine,0,0,0,23.1684,1,0,Excluded: abnormal long stop,249,125
2023,22,Abu Dhabi Grand Prix,Yas Marina Circuit,perez,17,1,21.446,red_bull,0,0,0,23.1684,1,0,Excluded: abnormal long stop,292,125
2023,22,Abu Dhabi Grand Prix,Yas Marina Circuit,perez,42,2,21.274,red_bull,0,0,0,23.1684,1,0,Excluded: abnormal long stop,292,125
2023,22,Abu Dhabi Grand Prix,Yas Marina Circuit,piastri,13,1,21.697,mclaren,0,0,0,23.1684,1,0,Excluded: abnormal long stop,270,125
2023,22,Abu Dhabi Grand Prix,Yas Marina Circuit,piastri,36,2,21.156,mclaren,0,0,0,23.1684,1,0,Excluded: abnormal long stop,270,125
2023,22,Abu Dhabi Grand Prix,Yas Marina Circuit,ricciardo,7,1,21.692,alphatauri,0,0,0,23.1684,1,0,Excluded: abnormal long stop,202,125
2023,22,Abu Dhabi Grand Prix,Yas Marina Circuit,ricciardo,31,2,21.74,alphatauri,0,0,0,23.1684,1,0,Excluded: abnormal long stop,202,125
2023,22,Abu Dhabi Grand Prix,Yas Marina Circuit,russell,14,1,21.65,mercedes,0,0,0,23.1684,1,0,Excluded: abnormal long stop,278,125
2023,22,Abu Dhabi Grand Prix,Yas Marina Circuit,russell,34,2,22.084,mercedes,0,0,0,23.1684,1,0,Excluded: abnormal long stop,278,125
2023,22,Abu Dhabi Grand Prix,Yas Marina Circuit,sainz,23,1,21.229,ferrari,0,0,0,23.1684,1,0,Excluded: abnormal long stop,259,125
2023,22,Abu Dhabi Grand Prix,Yas Marina Circuit,sainz,56,2,21.564,ferrari,0,0,0,23.1684,1,0,Excluded: abnormal long stop,259,125
2023,22,Abu Dhabi Grand Prix,Yas Marina Circuit,sargeant,15,1,22.124,williams,0,0,0,23.1684,1,0,Excluded: abnormal long stop,271,125
2023,22,Abu Dhabi Grand Prix,Yas Marina Circuit,sargeant,41,2,21.88,williams,0,0,0,23.1684,1,0,Excluded: abnormal long stop,271,125
2023,22,Abu Dhabi Grand Prix,Yas Marina Circuit,stroll,22,1,21.866,aston_martin,0,0,0,23.1684,1,0,Excluded: abnormal long stop,271,125
2023,22,Abu Dhabi Grand Prix,Yas Marina Circuit,stroll,42,2,21.667,aston_martin,0,0,0,23.1684,1,0,Excluded: abnormal long stop,271,125
2023,22,Abu Dhabi Grand Prix,Yas Marina Circuit,tsunoda,22,1,21.486,alphatauri,0,0,0,23.1684,1,0,Excluded: abnormal long stop,202,125
2023,22,Abu Dhabi Grand Prix,Yas Marina Circuit,zhou,13,1,22.867,alfa,0,0,0,23.1684,1,0,Excluded: abnormal long stop,194,125
2023,22,Abu Dhabi Grand Prix,Yas Marina Circuit,zhou,37,2,22.345,alfa,0,0,0,23.1684,1,0,Excluded: abnormal long stop,194,125
2024,1,Bahrain Grand Prix,Bahrain International Circuit,albon,15,1,24.681,williams,0,0,0,29.804099999999988,1,0,Excluded: abnormal long stop,271,190
2024,1,Bahrain Grand Prix,Bahrain International Circuit,albon,36,2,24.61,williams,0,0,0,29.804099999999988,1,0,Excluded: abnormal long stop,271,190
2024,1,Bahrain Grand Prix,Bahrain International Circuit,alonso,15,1,24.786,aston_martin,0,0,0,29.804099999999988,1,0,Excluded: abnormal long stop,271,190
2024,1,Bahrain Grand Prix,Bahrain International Circuit,alonso,41,2,25.109,aston_martin,0,0,0,29.804099999999988,1,0,Excluded: abnormal long stop,271,190
2024,1,Bahrain Grand Prix,Bahrain International Circuit,bottas,12,1,26.42,sauber,0,0,0,29.804099999999988,1,0,Excluded: abnormal long stop,74,190
2024,1,Bahrain Grand Prix,Bahrain International Circuit,bottas,30,2,74.773,sauber,0,0,0,29.804099999999988,1,0,Excluded: abnormal long stop,74,190
2024,1,Bahrain Grand Prix,Bahrain International Circuit,gasly,12,1,29.98,alpine,0,0,0,29.804099999999988,1,0,Excluded: abnormal long stop,249,190
2024,1,Bahrain Grand Prix,Bahrain International Circuit,gasly,31,2,26.462,alpine,0,0,0,29.804099999999988,1,0,Excluded: abnormal long stop,249,190
2024,1,Bahrain Grand Prix,Bahrain International Circuit,gasly,43,3,25.24,alpine,0,0,0,29.804099999999988,1,0,Excluded: abnormal long stop,249,190
2024,1,Bahrain Grand Prix,Bahrain International Circuit,hamilton,12,1,25.087,mercedes,0,0,0,29.804099999999988,1,0,Excluded: abnormal long stop,278,190
2024,1,Bahrain Grand Prix,Bahrain International Circuit,hamilton,33,2,24.094,mercedes,0,0,0,29.804099999999988,1,0,Excluded: abnormal long stop,278,190
2024,1,Bahrain Grand Prix,Bahrain International Circuit,hulkenberg,20,2,24.768,haas,0,0,0,29.804099999999988,1,0,Excluded: abnormal long stop,272,190
2024,1,Bahrain Grand Prix,Bahrain International Circuit,hulkenberg,41,3,24.387,haas,0,0,0,29.804099999999988,1,0,Excluded: abnormal long stop,272,190
2024,1,Bahrain Grand Prix,Bahrain International Circuit,kevinmagnussen,11,1,25.951,haas,0,0,0,29.804099999999988,1,0,Excluded: abnormal long stop,272,190
2024,1,Bahrain Grand Prix,Bahrain International Circuit,kevinmagnussen,32,2,24.446,haas,0,0,0,29.804099999999988,1,0,Excluded: abnormal long stop,272,190
2024,1,Bahrain Grand Prix,Bahrain International Circuit,leclerc,11,1,24.069,ferrari,0,0,0,29.804099999999988,1,0,Excluded: abnormal long stop,259,190
2024,1,Bahrain Grand Prix,Bahrain International Circuit,leclerc,34,2,24.136,ferrari,0,0,0,29.804099999999988,1,0,Excluded: abnormal long stop,259,190
2024,1,Bahrain Grand Prix,Bahrain International Circuit,maxverstappen,17,1,25.064,red_bull,0,0,0,29.804099999999988,1,0,Excluded: abnormal long stop,292,190
2024,1,Bahrain Grand Prix,Bahrain International Circuit,maxverstappen,37,2,24.209,red_bull,0,0,0,29.804099999999988,1,0,Excluded: abnormal long stop,292,190
2024,1,Bahrain Grand Prix,Bahrain International Circuit,norris,13,1,24.205,mclaren,0,0,0,29.804099999999988,1,0,Excluded: abnormal long stop,270,190
2024,1,Bahrain Grand Prix,Bahrain International Circuit,norris,33,2,24.705,mclaren,0,0,0,29.804099999999988,1,0,Excluded: abnormal long stop,270,190
2024,1,Bahrain Grand Prix,Bahrain International Circuit,ocon,10,1,24.877,alpine,0,0,0,29.804099999999988,1,0,Excluded: abnormal long stop,249,190
2024,1,Bahrain Grand Prix,Bahrain International Circuit,ocon,30,2,25.145,alpine,0,0,0,29.804099999999988,1,0,Excluded: abnormal long stop,249,190
2024,1,Bahrain Grand Prix,Bahrain International Circuit,perez,12,1,24.516,red_bull,0,0,0,29.804099999999988,1,0,Excluded: abnormal long stop,292,190
2024,1,Bahrain Grand Prix,Bahrain International Circuit,perez,36,2,24.563,red_bull,0,0,0,29.804099999999988,1,0,Excluded: abnormal long stop,292,190
2024,1,Bahrain Grand Prix,Bahrain International Circuit,piastri,12,1,25.45,mclaren,0,0,0,29.804099999999988,1,0,Excluded: abnormal long stop,270,190
2024,1,Bahrain Grand Prix,Bahrain International Circuit,piastri,34,2,24.852,mclaren,0,0,0,29.804099999999988,1,0,Excluded: abnormal long stop,270,190
2024,1,Bahrain Grand Prix,Bahrain International Circuit,ricciardo,13,1,24.988,rb,0,0,0,29.804099999999988,1,0,Excluded: abnormal long stop,70,190
2024,1,Bahrain Grand Prix,Bahrain International Circuit,ricciardo,35,2,24.856,rb,0,0,0,29.804099999999988,1,0,Excluded: abnormal long stop,70,190
2024,1,Bahrain Grand Prix,Bahrain International Circuit,russell,11,1,24.778,mercedes,0,0,0,29.804099999999988,1,0,Excluded: abnormal long stop,278,190
2024,1,Bahrain Grand Prix,Bahrain International Circuit,russell,31,2,24.866,mercedes,0,0,0,29.804099999999988,1,0,Excluded: abnormal long stop,278,190
2024,1,Bahrain Grand Prix,Bahrain International Circuit,sainz,14,1,24.474,ferrari,0,0,0,29.804099999999988,1,0,Excluded: abnormal long stop,259,190
2024,1,Bahrain Grand Prix,Bahrain International Circuit,sainz,35,2,23.866,ferrari,0,0,0,29.804099999999988,1,0,Excluded: abnormal long stop,259,190
2024,1,Bahrain Grand Prix,Bahrain International Circuit,sargeant,10,1,35.729,williams,0,0,0,29.804099999999988,1,0,Excluded: abnormal long stop,271,190
2024,1,Bahrain Grand Prix,Bahrain International Circuit,sargeant,28,2,25.07,williams,0,0,0,29.804099999999988,1,0,Excluded: abnormal long stop,271,190
2024,1,Bahrain Grand Prix,Bahrain International Circuit,sargeant,40,3,25.346,williams,0,0,0,29.804099999999988,1,0,Excluded: abnormal long stop,271,190
2024,1,Bahrain Grand Prix,Bahrain International Circuit,stroll,9,1,24.418,aston_martin,0,0,0,29.804099999999988,1,0,Excluded: abnormal long stop,271,190
2024,1,Bahrain Grand Prix,Bahrain International Circuit,stroll,27,2,24.545,aston_martin,0,0,0,29.804099999999988,1,0,Excluded: abnormal long stop,271,190
2024,1,Bahrain Grand Prix,Bahrain International Circuit,tsunoda,14,1,24.724,rb,0,0,0,29.804099999999988,1,0,Excluded: abnormal long stop,70,190
2024,1,Bahrain Grand Prix,Bahrain International Circuit,tsunoda,34,2,24.324,rb,0,0,0,29.804099999999988,1,0,Excluded: abnormal long stop,70,190
2024,1,Bahrain Grand Prix,Bahrain International Circuit,zhou,9,1,25.208,sauber,0,0,0,29.804099999999988,1,0,Excluded: abnormal long stop,74,190
2024,1,Bahrain Grand Prix,Bahrain International Circuit,zhou,28,2,25.094,sauber,0,0,0,29.804099999999988,1,0,Excluded: abnormal long stop,74,190
2024,2,Saudi Arabian Grand Prix,Jeddah Corniche Circuit,albon,7,1,21.723,williams,0,0,0,48.07929999999996,1,0,Excluded: abnormal long stop,271,90
2024,2,Saudi Arabian Grand Prix,Jeddah Corniche Circuit,alonso,7,1,22.129,aston_martin,0,0,0,48.07929999999996,1,0,Excluded: abnormal long stop,271,90
2024,2,Saudi Arabian Grand Prix,Jeddah Corniche Circuit,bearman,7,1,22.457,ferrari,0,0,0,48.07929999999996,1,0,Excluded: abnormal long stop,259,90
2024,2,Saudi Arabian Grand Prix,Jeddah Corniche Circuit,bottas,7,1,22.795,sauber,0,0,0,48.07929999999996,1,0,Excluded: abnormal long stop,74,90
2024,2,Saudi Arabian Grand Prix,Jeddah Corniche Circuit,bottas,35,2,23.281,sauber,0,0,0,48.07929999999996,1,0,Excluded: abnormal long stop,74,90
2024,2,Saudi Arabian Grand Prix,Jeddah Corniche Circuit,hamilton,36,1,20.17,mercedes,0,0,0,48.07929999999996,1,0,Excluded: abnormal long stop,278,90
2024,2,Saudi Arabian Grand Prix,Jeddah Corniche Circuit,hulkenberg,33,1,21.035,haas,0,0,0,48.07929999999996,1,0,Excluded: abnormal long stop,272,90
2024,2,Saudi Arabian Grand Prix,Jeddah Corniche Circuit,kevinmagnussen,7,1,21.46,haas,0,0,0,48.07929999999996,1,0,Excluded: abnormal long stop,272,90
2024,2,Saudi Arabian Grand Prix,Jeddah Corniche Circuit,leclerc,7,1,23.419,ferrari,0,0,0,48.07929999999996,1,0,Excluded: abnormal long stop,259,90
2024,2,Saudi Arabian Grand Prix,Jeddah Corniche Circuit,maxverstappen,7,1,20.607,red_bull,0,0,0,48.07929999999996,1,0,Excluded: abnormal long stop,292,90
2024,2,Saudi Arabian Grand Prix,Jeddah Corniche Circuit,norris,37,1,22.211,mclaren,0,0,0,48.07929999999996,1,0,Excluded: abnormal long stop,270,90
2024,2,Saudi Arabian Grand Prix,Jeddah Corniche Circuit,ocon,7,1,22.502,alpine,0,0,0,48.07929999999996,1,0,Excluded: abnormal long stop,249,90
2024,2,Saudi Arabian Grand Prix,Jeddah Corniche Circuit,perez,7,1,22.196,red_bull,0,0,0,48.07929999999996,1,0,Excluded: abnormal long stop,292,90
2024,2,Saudi Arabian Grand Prix,Jeddah Corniche Circuit,piastri,7,1,21.427,mclaren,0,0,0,48.07929999999996,1,0,Excluded: abnormal long stop,270,90
2024,2,Saudi Arabian Grand Prix,Jeddah Corniche Circuit,ricciardo,7,1,63.364,rb,0,0,0,48.07929999999996,1,0,Excluded: abnormal long stop,70,90
2024,2,Saudi Arabian Grand Prix,Jeddah Corniche Circuit,russell,7,1,21.013,mercedes,0,0,0,48.07929999999996,1,0,Excluded: abnormal long stop,278,90
2024,2,Saudi Arabian Grand Prix,Jeddah Corniche Circuit,sargeant,7,1,23.645,williams,0,0,0,48.07929999999996,1,0,Excluded: abnormal long stop,271,90
2024,2,Saudi Arabian Grand Prix,Jeddah Corniche Circuit,tsunoda,7,1,21.694,rb,0,0,0,48.07929999999996,1,0,Excluded: abnormal long stop,70,90
2024,2,Saudi Arabian Grand Prix,Jeddah Corniche Circuit,zhou,41,1,46.381,sauber,0,0,0,48.07929999999996,1,0,Excluded: abnormal long stop,74,90
2024,3,Australian Grand Prix,Albert Park Grand Prix Circuit,albon,6,1,17.755,williams,0,0,0,32.186,1,0,Excluded: abnormal long stop,271,70
2024,3,Australian Grand Prix,Albert Park Grand Prix Circuit,albon,27,2,17.745,williams,0,0,0,32.186,1,0,Excluded: abnormal long stop,271,70
2024,3,Australian Grand Prix,Albert Park Grand Prix Circuit,alonso,17,1,18.16,aston_martin,0,0,0,32.186,1,0,Excluded: abnormal long stop,271,70
2024,3,Australian Grand Prix,Albert Park Grand Prix Circuit,alonso,41,2,17.995,aston_martin,0,0,0,32.186,1,0,Excluded: abnormal long stop,271,70
2024,3,Australian Grand Prix,Albert Park Grand Prix Circuit,bottas,8,1,46.969,sauber,0,0,0,32.186,1,0,Excluded: abnormal long stop,74,70
2024,3,Australian Grand Prix,Albert Park Grand Prix Circuit,bottas,36,2,18.938,sauber,0,0,0,32.186,1,0,Excluded: abnormal long stop,74,70
2024,3,Australian Grand Prix,Albert Park Grand Prix Circuit,gasly,17,1,20.316,alpine,0,0,0,32.186,1,0,Excluded: abnormal long stop,249,70
2024,3,Australian Grand Prix,Albert Park Grand Prix Circuit,gasly,41,2,17.682,alpine,0,0,0,32.186,1,0,Excluded: abnormal long stop,249,70
2024,3,Australian Grand Prix,Albert Park Grand Prix Circuit,hamilton,7,1,17.596,mercedes,0,0,0,32.186,1,0,Excluded: abnormal long stop,278,70
2024,3,Australian Grand Prix,Albert Park Grand Prix Circuit,hulkenberg,17,1,18.32,haas,0,0,0,32.186,1,0,Excluded: abnormal long stop,272,70
2024,3,Australian Grand Prix,Albert Park Grand Prix Circuit,hulkenberg,35,2,18.145,haas,0,0,0,32.186,1,0,Excluded: abnormal long stop,272,70
2024,3,Australian Grand Prix,Albert Park Grand Prix Circuit,kevinmagnussen,7,1,18.301,haas,0,0,0,32.186,1,0,Excluded: abnormal long stop,272,70
2024,3,Australian Grand Prix,Albert Park Grand Prix Circuit,kevinmagnussen,33,2,18.151,haas,0,0,0,32.186,1,0,Excluded: abnormal long stop,272,70
2024,3,Australian Grand Prix,Albert Park Grand Prix Circuit,leclerc,9,1,17.409,ferrari,0,0,0,32.186,1,0,Excluded: abnormal long stop,259,70
2024,3,Australian Grand Prix,Albert Park Grand Prix Circuit,leclerc,34,2,17.308,ferrari,0,0,0,32.186,1,0,Excluded: abnormal long stop,259,70
2024,3,Australian Grand Prix,Albert Park Grand Prix Circuit,norris,14,1,17.776,mclaren,0,0,0,32.186,1,0,Excluded: abnormal long stop,270,70
2024,3,Australian Grand Prix,Albert Park Grand Prix Circuit,norris,40,2,17.653,mclaren,0,0,0,32.186,1,0,Excluded: abnormal long stop,270,70
2024,3,Australian Grand Prix,Albert Park Grand Prix Circuit,ocon,9,1,18.287,alpine,0,0,0,32.186,1,0,Excluded: abnormal long stop,249,70
2024,3,Australian Grand Prix,Albert Park Grand Prix Circuit,ocon,16,2,30.626,alpine,0,0,0,32.186,1,0,Excluded: abnormal long stop,249,70
2024,3,Australian Grand Prix,Albert Park Grand Prix Circuit,ocon,42,3,18.007,alpine,0,0,0,32.186,1,0,Excluded: abnormal long stop,249,70
2024,3,Australian Grand Prix,Albert Park Grand Prix Circuit,perez,14,1,18.112,red_bull,0,0,0,32.186,1,0,Excluded: abnormal long stop,292,70
2024,3,Australian Grand Prix,Albert Park Grand Prix Circuit,perez,35,2,17.222,red_bull,0,0,0,32.186,1,0,Excluded: abnormal long stop,292,70
2024,3,Australian Grand Prix,Albert Park Grand Prix Circuit,piastri,9,1,17.573,mclaren,0,0,0,32.186,1,0,Excluded: abnormal long stop,270,70
2024,3,Australian Grand Prix,Albert Park Grand Prix Circuit,piastri,39,2,18.533,mclaren,0,0,0,32.186,1,0,Excluded: abnormal long stop,270,70
2024,3,Australian Grand Prix,Albert Park Grand Prix Circuit,ricciardo,5,1,18.265,rb,0,0,0,32.186,1,0,Excluded: abnormal long stop,70,70
2024,3,Australian Grand Prix,Albert Park Grand Prix Circuit,ricciardo,29,2,17.751,rb,0,0,0,32.186,1,0,Excluded: abnormal long stop,70,70
2024,3,Australian Grand Prix,Albert Park Grand Prix Circuit,russell,8,1,18.046,mercedes,0,0,0,32.186,1,0,Excluded: abnormal long stop,278,70
2024,3,Australian Grand Prix,Albert Park Grand Prix Circuit,russell,45,2,17.964,mercedes,0,0,0,32.186,1,0,Excluded: abnormal long stop,278,70
2024,3,Australian Grand Prix,Albert Park Grand Prix Circuit,sainz,16,1,17.599,ferrari,0,0,0,32.186,1,0,Excluded: abnormal long stop,259,70
2024,3,Australian Grand Prix,Albert Park Grand Prix Circuit,sainz,41,2,17.74,ferrari,0,0,0,32.186,1,0,Excluded: abnormal long stop,259,70
2024,3,Australian Grand Prix,Albert Park Grand Prix Circuit,stroll,8,1,17.901,aston_martin,0,0,0,32.186,1,0,Excluded: abnormal long stop,271,70
2024,3,Australian Grand Prix,Albert Park Grand Prix Circuit,stroll,37,2,17.977,aston_martin,0,0,0,32.186,1,0,Excluded: abnormal long stop,271,70
2024,3,Australian Grand Prix,Albert Park Grand Prix Circuit,tsunoda,9,1,18.523,rb,0,0,0,32.186,1,0,Excluded: abnormal long stop,70,70
2024,3,Australian Grand Prix,Albert Park Grand Prix Circuit,tsunoda,36,2,17.535,rb,0,0,0,32.186,1,0,Excluded: abnormal long stop,70,70
2024,3,Australian Grand Prix,Albert Park Grand Prix Circuit,zhou,6,1,19.032,sauber,0,0,0,32.186,1,0,Excluded: abnormal long stop,74,70
2024,3,Australian Grand Prix,Albert Park Grand Prix Circuit,zhou,35,2,36.866,sauber,0,0,0,32.186,1,0,Excluded: abnormal long stop,74,70
2024,5,Chinese Grand Prix,Shanghai International Circuit,albon,9,1,23.273,williams,0,0,0,26.632000000000012,1,0,Excluded: abnormal long stop,271,39
2024,5,Chinese Grand Prix,Shanghai International Circuit,albon,23,2,23.6,williams,0,0,0,26.632000000000012,1,0,Excluded: abnormal long stop,271,39
2024,5,Chinese Grand Prix,Shanghai International Circuit,alonso,11,1,23.049,aston_martin,0,0,0,26.632000000000012,1,0,Excluded: abnormal long stop,271,39
2024,5,Chinese Grand Prix,Shanghai International Circuit,alonso,23,2,22.687,aston_martin,0,0,0,26.632000000000012,1,0,Excluded: abnormal long stop,271,39
2024,5,Chinese Grand Prix,Shanghai International Circuit,alonso,43,3,23.179,aston_martin,0,0,0,26.632000000000012,1,0,Excluded: abnormal long stop,271,39
2024,5,Chinese Grand Prix,Shanghai International Circuit,bottas,9,1,22.949,sauber,0,0,0,26.632000000000012,1,0,Excluded: abnormal long stop,74,39
2024,5,Chinese Grand Prix,Shanghai International Circuit,gasly,11,1,39.712,alpine,0,0,0,26.632000000000012,1,0,Excluded: abnormal long stop,249,39
2024,5,Chinese Grand Prix,Shanghai International Circuit,gasly,23,2,23.987,alpine,0,0,0,26.632000000000012,1,0,Excluded: abnormal long stop,249,39
2024,5,Chinese Grand Prix,Shanghai International Circuit,gasly,38,3,22.836,alpine,0,0,0,26.632000000000012,1,0,Excluded: abnormal long stop,249,39
2024,5,Chinese Grand Prix,Shanghai International Circuit,hamilton,9,1,22.518,mercedes,0,0,0,26.632000000000012,1,0,Excluded: abnormal long stop,278,39
2024,5,Chinese Grand Prix,Shanghai International Circuit,hamilton,21,2,22.662,mercedes,0,0,0,26.632000000000012,1,0,Excluded: abnormal long stop,278,39
2024,5,Chinese Grand Prix,Shanghai International Circuit,hulkenberg,8,1,23.004,haas,0,0,0,26.632000000000012,1,0,Excluded: abnormal long stop,272,39
2024,5,Chinese Grand Prix,Shanghai International Circuit,hulkenberg,23,2,23.336,haas,0,0,0,26.632000000000012,1,0,Excluded: abnormal long stop,272,39
2024,5,Chinese Grand Prix,Shanghai International Circuit,kevinmagnussen,17,1,22.974,haas,0,0,0,26.632000000000012,1,0,Excluded: abnormal long stop,272,39
2024,5,Chinese Grand Prix,Shanghai International Circuit,kevinmagnussen,27,2,25.727,haas,0,0,0,26.632000000000012,1,0,Excluded: abnormal long stop,272,39
2024,5,Chinese Grand Prix,Shanghai International Circuit,leclerc,21,1,22.36,ferrari,0,0,0,26.632000000000012,1,0,Excluded: abnormal long stop,259,39
2024,5,Chinese Grand Prix,Shanghai International Circuit,maxverstappen,13,1,22.456,red_bull,0,0,0,26.632000000000012,1,0,Excluded: abnormal long stop,292,39
2024,5,Chinese Grand Prix,Shanghai International Circuit,maxverstappen,23,2,22.27,red_bull,0,0,0,26.632000000000012,1,0,Excluded: abnormal long stop,292,39
2024,5,Chinese Grand Prix,Shanghai International Circuit,norris,22,1,22.161,mclaren,0,0,0,26.632000000000012,1,0,Excluded: abnormal long stop,270,39
2024,5,Chinese Grand Prix,Shanghai International Circuit,ocon,9,1,23.156,alpine,0,0,0,26.632000000000012,1,0,Excluded: abnormal long stop,249,39
2024,5,Chinese Grand Prix,Shanghai International Circuit,ocon,23,2,23.208,alpine,0,0,0,26.632000000000012,1,0,Excluded: abnormal long stop,249,39
2024,5,Chinese Grand Prix,Shanghai International Circuit,perez,13,1,22.027,red_bull,0,0,0,26.632000000000012,1,0,Excluded: abnormal long stop,292,39
2024,5,Chinese Grand Prix,Shanghai International Circuit,perez,23,2,22.371,red_bull,0,0,0,26.632000000000012,1,0,Excluded: abnormal long stop,292,39
2024,5,Chinese Grand Prix,Shanghai International Circuit,piastri,16,1,22.673,mclaren,0,0,0,26.632000000000012,1,0,Excluded: abnormal long stop,270,39
2024,5,Chinese Grand Prix,Shanghai International Circuit,piastri,24,2,22.262,mclaren,0,0,0,26.632000000000012,1,0,Excluded: abnormal long stop,270,39
2024,5,Chinese Grand Prix,Shanghai International Circuit,ricciardo,14,1,22.598,rb,0,0,0,26.632000000000012,1,0,Excluded: abnormal long stop,70,39
2024,5,Chinese Grand Prix,Shanghai International Circuit,russell,11,1,22.415,mercedes,0,0,0,26.632000000000012,1,0,Excluded: abnormal long stop,278,39
2024,5,Chinese Grand Prix,Shanghai International Circuit,russell,23,2,22.707,mercedes,0,0,0,26.632000000000012,1,0,Excluded: abnormal long stop,278,39
2024,5,Chinese Grand Prix,Shanghai International Circuit,sainz,17,1,22.629,ferrari,0,0,0,26.632000000000012,1,0,Excluded: abnormal long stop,259,39
2024,5,Chinese Grand Prix,Shanghai International Circuit,sargeant,12,1,23.229,williams,0,0,0,26.632000000000012,1,0,Excluded: abnormal long stop,271,39
2024,5,Chinese Grand Prix,Shanghai International Circuit,sargeant,24,2,22.684,williams,0,0,0,26.632000000000012,1,0,Excluded: abnormal long stop,271,39
2024,5,Chinese Grand Prix,Shanghai International Circuit,stroll,9,1,23.823,aston_martin,0,0,0,26.632000000000012,1,0,Excluded: abnormal long stop,271,39
2024,5,Chinese Grand Prix,Shanghai International Circuit,stroll,21,2,22.911,aston_martin,0,0,0,26.632000000000012,1,0,Excluded: abnormal long stop,271,39
2024,5,Chinese Grand Prix,Shanghai International Circuit,stroll,35,4,34.777,aston_martin,0,0,0,26.632000000000012,1,0,Excluded: abnormal long stop,271,39
2024,5,Chinese Grand Prix,Shanghai International Circuit,tsunoda,8,1,23.16,rb,0,0,0,26.632000000000012,1,0,Excluded: abnormal long stop,70,39
2024,5,Chinese Grand Prix,Shanghai International Circuit,tsunoda,23,2,22.387,rb,0,0,0,26.632000000000012,1,0,Excluded: abnormal long stop,70,39
2024,5,Chinese Grand Prix,Shanghai International Circuit,zhou,8,1,23.362,sauber,0,0,0,26.632000000000012,1,0,Excluded: abnormal long stop,74,39
2024,5,Chinese Grand Prix,Shanghai International Circuit,zhou,23,2,25.61,sauber,0,0,0,26.632000000000012,1,0,Excluded: abnormal long stop,74,39
2024,5,Chinese Grand Prix,Shanghai International Circuit,zhou,40,3,23.252,sauber,0,0,0,26.632000000000012,1,0,Excluded: abnormal long stop,74,39
2024,6,Miami Grand Prix,Miami International Autodrome,albon,10,1,22.828,williams,0,0,0,30.170299999999997,1,0,Excluded: abnormal long stop,271,73
2024,6,Miami Grand Prix,Miami International Autodrome,albon,53,2,22.567,williams,0,0,0,30.170299999999997,1,0,Excluded: abnormal long stop,271,73
2024,6,Miami Grand Prix,Miami International Autodrome,alonso,22,1,22.374,aston_martin,0,0,0,30.170299999999997,1,0,Excluded: abnormal long stop,271,73
2024,6,Miami Grand Prix,Miami International Autodrome,bottas,11,1,23.73,sauber,0,0,0,30.170299999999997,1,0,Excluded: abnormal long stop,74,73
2024,6,Miami Grand Prix,Miami International Autodrome,bottas,29,2,22.765,sauber,0,0,0,30.170299999999997,1,0,Excluded: abnormal long stop,74,73
2024,6,Miami Grand Prix,Miami International Autodrome,gasly,12,1,22.466,alpine,0,0,0,30.170299999999997,1,0,Excluded: abnormal long stop,249,73
2024,6,Miami Grand Prix,Miami International Autodrome,hamilton,26,1,22.107,mercedes,0,0,0,30.170299999999997,1,0,Excluded: abnormal long stop,278,73
2024,6,Miami Grand Prix,Miami International Autodrome,hulkenberg,12,1,23.055,haas,0,0,0,30.170299999999997,1,0,Excluded: abnormal long stop,272,73
2024,6,Miami Grand Prix,Miami International Autodrome,hulkenberg,28,2,22.487,haas,0,0,0,30.170299999999997,1,0,Excluded: abnormal long stop,272,73
2024,6,Miami Grand Prix,Miami International Autodrome,kevinmagnussen,22,1,23.265,haas,0,0,0,30.170299999999997,1,0,Excluded: abnormal long stop,272,73
2024,6,Miami Grand Prix,Miami International Autodrome,kevinmagnussen,28,2,29.727,haas,0,0,0,30.170299999999997,1,0,Excluded: abnormal long stop,272,73
2024,6,Miami Grand Prix,Miami International Autodrome,kevinmagnussen,31,3,30.732,haas,0,0,0,30.170299999999997,1,0,Excluded: abnormal long stop,272,73
2024,6,Miami Grand Prix,Miami International Autodrome,leclerc,19,1,21.825,ferrari,0,0,0,30.170299999999997,1,0,Excluded: abnormal long stop,259,73
2024,6,Miami Grand Prix,Miami International Autodrome,maxverstappen,23,1,22.187,red_bull,0,0,0,30.170299999999997,1,0,Excluded: abnormal long stop,292,73
2024,6,Miami Grand Prix,Miami International Autodrome,norris,29,1,22.041,mclaren,0,0,0,30.170299999999997,1,0,Excluded: abnormal long stop,270,73
2024,6,Miami Grand Prix,Miami International Autodrome,ocon,22,1,22.663,alpine,0,0,0,30.170299999999997,1,0,Excluded: abnormal long stop,249,73
2024,6,Miami Grand Prix,Miami International Autodrome,perez,17,1,21.695,red_bull,0,0,0,30.170299999999997,1,0,Excluded: abnormal long stop,292,73
2024,6,Miami Grand Prix,Miami International Autodrome,perez,28,2,22.396,red_bull,0,0,0,30.170299999999997,1,0,Excluded: abnormal long stop,292,73
2024,6,Miami Grand Prix,Miami International Autodrome,piastri,27,1,22.216,mclaren,0,0,0,30.170299999999997,1,0,Excluded: abnormal long stop,270,73
2024,6,Miami Grand Prix,Miami International Autodrome,piastri,40,2,30.409,mclaren,0,0,0,30.170299999999997,1,0,Excluded: abnormal long stop,270,73
2024,6,Miami Grand Prix,Miami International Autodrome,ricciardo,28,1,22.54,rb,0,0,0,30.170299999999997,1,0,Excluded: abnormal long stop,70,73
2024,6,Miami Grand Prix,Miami International Autodrome,russell,24,1,22.8,mercedes,0,0,0,30.170299999999997,1,0,Excluded: abnormal long stop,278,73
2024,6,Miami Grand Prix,Miami International Autodrome,sainz,27,1,22.805,ferrari,0,0,0,30.170299999999997,1,0,Excluded: abnormal long stop,259,73
2024,6,Miami Grand Prix,Miami International Autodrome,sargeant,11,1,22.611,williams,0,0,0,30.170299999999997,1,0,Excluded: abnormal long stop,271,73
2024,6,Miami Grand Prix,Miami International Autodrome,stroll,11,1,23.038,aston_martin,0,0,0,30.170299999999997,1,0,Excluded: abnormal long stop,271,73
2024,6,Miami Grand Prix,Miami International Autodrome,stroll,28,2,22.631,aston_martin,0,0,0,30.170299999999997,1,0,Excluded: abnormal long stop,271,73
2024,6,Miami Grand Prix,Miami International Autodrome,tsunoda,28,1,22.153,rb,0,0,0,30.170299999999997,1,0,Excluded: abnormal long stop,70,73
2024,6,Miami Grand Prix,Miami International Autodrome,zhou,28,1,23.017,sauber,0,0,0,30.170299999999997,1,0,Excluded: abnormal long stop,74,73
2024,7,Emilia Romagna Grand Prix,Autodromo Enzo e Dino Ferrari,albon,8,1,30.05,williams,0,0,0,32.6357,1,0,Excluded: abnormal long stop,271,69
2024,7,Emilia Romagna Grand Prix,Autodromo Enzo e Dino Ferrari,albon,9,2,33.179,williams,0,0,0,32.6357,1,0,Excluded: abnormal long stop,271,69
2024,7,Emilia Romagna Grand Prix,Autodromo Enzo e Dino Ferrari,albon,23,3,38.413,williams,0,0,0,32.6357,1,0,Excluded: abnormal long stop,271,69
2024,7,Emilia Romagna Grand Prix,Autodromo Enzo e Dino Ferrari,albon,28,4,31.131,williams,0,0,0,32.6357,1,0,Excluded: abnormal long stop,271,69
2024,7,Emilia Romagna Grand Prix,Autodromo Enzo e Dino Ferrari,alonso,7,1,31.368,aston_martin,0,0,0,32.6357,1,0,Excluded: abnormal long stop,271,69
2024,7,Emilia Romagna Grand Prix,Autodromo Enzo e Dino Ferrari,alonso,40,2,30.483,aston_martin,0,0,0,32.6357,1,0,Excluded: abnormal long stop,271,69
2024,7,Emilia Romagna Grand Prix,Autodromo Enzo e Dino Ferrari,alonso,59,3,29.931,aston_martin,0,0,0,32.6357,1,0,Excluded: abnormal long stop,271,69
2024,7,Emilia Romagna Grand Prix,Autodromo Enzo e Dino Ferrari,bottas,8,1,30.24,sauber,0,0,0,32.6357,1,0,Excluded: abnormal long stop,74,69
2024,7,Emilia Romagna Grand Prix,Autodromo Enzo e Dino Ferrari,gasly,8,1,30.081,alpine,0,0,0,32.6357,1,0,Excluded: abnormal long stop,249,69
2024,7,Emilia Romagna Grand Prix,Autodromo Enzo e Dino Ferrari,gasly,30,2,30.654,alpine,0,0,0,32.6357,1,0,Excluded: abnormal long stop,249,69
2024,7,Emilia Romagna Grand Prix,Autodromo Enzo e Dino Ferrari,hamilton,27,1,29.547,mercedes,0,0,0,32.6357,1,0,Excluded: abnormal long stop,278,69
2024,7,Emilia Romagna Grand Prix,Autodromo Enzo e Dino Ferrari,hulkenberg,13,1,29.749,haas,0,0,0,32.6357,1,0,Excluded: abnormal long stop,272,69
2024,7,Emilia Romagna Grand Prix,Autodromo Enzo e Dino Ferrari,kevinmagnussen,37,1,31.302,haas,0,0,0,32.6357,1,0,Excluded: abnormal long stop,272,69
2024,7,Emilia Romagna Grand Prix,Autodromo Enzo e Dino Ferrari,leclerc,25,1,30.149,ferrari,0,0,0,32.6357,1,0,Excluded: abnormal long stop,259,69
2024,7,Emilia Romagna Grand Prix,Autodromo Enzo e Dino Ferrari,maxverstappen,24,1,30.416,red_bull,0,0,0,32.6357,1,0,Excluded: abnormal long stop,292,69
2024,7,Emilia Romagna Grand Prix,Autodromo Enzo e Dino Ferrari,norris,22,1,29.956,mclaren,0,0,0,32.6357,1,0,Excluded: abnormal long stop,270,69
2024,7,Emilia Romagna Grand Prix,Autodromo Enzo e Dino Ferrari,ocon,25,1,30.659,alpine,0,0,0,32.6357,1,0,Excluded: abnormal long stop,249,69
2024,7,Emilia Romagna Grand Prix,Autodromo Enzo e Dino Ferrari,perez,37,1,29.669,red_bull,0,0,0,32.6357,1,0,Excluded: abnormal long stop,292,69
2024,7,Emilia Romagna Grand Prix,Autodromo Enzo e Dino Ferrari,piastri,23,1,29.77,mclaren,0,0,0,32.6357,1,0,Excluded: abnormal long stop,270,69
2024,7,Emilia Romagna Grand Prix,Autodromo Enzo e Dino Ferrari,ricciardo,11,1,30.068,rb,0,0,0,32.6357,1,0,Excluded: abnormal long stop,70,69
2024,7,Emilia Romagna Grand Prix,Autodromo Enzo e Dino Ferrari,russell,21,1,29.664,mercedes,0,0,0,32.6357,1,0,Excluded: abnormal long stop,278,69
2024,7,Emilia Romagna Grand Prix,Autodromo Enzo e Dino Ferrari,russell,52,2,29.605,mercedes,0,0,0,32.6357,1,0,Excluded: abnormal long stop,278,69
2024,7,Emilia Romagna Grand Prix,Autodromo Enzo e Dino Ferrari,sainz,27,1,30.508,ferrari,0,0,0,32.6357,1,0,Excluded: abnormal long stop,259,69
2024,7,Emilia Romagna Grand Prix,Autodromo Enzo e Dino Ferrari,sargeant,31,1,31.085,williams,0,0,0,32.6357,1,0,Excluded: abnormal long stop,271,69
2024,7,Emilia Romagna Grand Prix,Autodromo Enzo e Dino Ferrari,stroll,37,1,29.971,aston_martin,0,0,0,32.6357,1,0,Excluded: abnormal long stop,271,69
2024,7,Emilia Romagna Grand Prix,Autodromo Enzo e Dino Ferrari,tsunoda,12,1,29.628,rb,0,0,0,32.6357,1,0,Excluded: abnormal long stop,70,69
2024,7,Emilia Romagna Grand Prix,Autodromo Enzo e Dino Ferrari,zhou,33,1,30.244,sauber,0,0,0,32.6357,1,0,Excluded: abnormal long stop,74,69
2024,9,Canadian Grand Prix,Circuit Gilles Villeneuve,albon,25,1,24.753,williams,0,0,0,33.59749999999999,1,0,Excluded: abnormal long stop,271,106
2024,9,Canadian Grand Prix,Circuit Gilles Villeneuve,albon,44,2,24.804,williams,0,0,0,33.59749999999999,1,0,Excluded: abnormal long stop,271,106
2024,9,Canadian Grand Prix,Circuit Gilles Villeneuve,alonso,25,1,25.788,aston_martin,0,0,0,33.59749999999999,1,0,Excluded: abnormal long stop,271,106
2024,9,Canadian Grand Prix,Circuit Gilles Villeneuve,alonso,44,2,24.346,aston_martin,0,0,0,33.59749999999999,1,0,Excluded: abnormal long stop,271,106
2024,9,Canadian Grand Prix,Circuit Gilles Villeneuve,bottas,42,1,24.929,sauber,0,0,0,33.59749999999999,1,0,Excluded: abnormal long stop,74,106
2024,9,Canadian Grand Prix,Circuit Gilles Villeneuve,gasly,25,1,24.911,alpine,0,0,0,33.59749999999999,1,0,Excluded: abnormal long stop,249,106
2024,9,Canadian Grand Prix,Circuit Gilles Villeneuve,gasly,40,2,24.408,alpine,0,0,0,33.59749999999999,1,0,Excluded: abnormal long stop,249,106
2024,9,Canadian Grand Prix,Circuit Gilles Villeneuve,hamilton,25,1,23.762,mercedes,0,0,0,33.59749999999999,1,0,Excluded: abnormal long stop,278,106
2024,9,Canadian Grand Prix,Circuit Gilles Villeneuve,hamilton,43,2,24.226,mercedes,0,0,0,33.59749999999999,1,0,Excluded: abnormal long stop,278,106
2024,9,Canadian Grand Prix,Circuit Gilles Villeneuve,hamilton,54,3,28.817,mercedes,0,0,0,33.59749999999999,1,0,Excluded: abnormal long stop,278,106
2024,9,Canadian Grand Prix,Circuit Gilles Villeneuve,hulkenberg,12,1,24.233,haas,0,0,0,33.59749999999999,1,0,Excluded: abnormal long stop,272,106
2024,9,Canadian Grand Prix,Circuit Gilles Villeneuve,hulkenberg,25,2,24.668,haas,0,0,0,33.59749999999999,1,0,Excluded: abnormal long stop,272,106
2024,9,Canadian Grand Prix,Circuit Gilles Villeneuve,hulkenberg,44,3,24.751,haas,0,0,0,33.59749999999999,1,0,Excluded: abnormal long stop,272,106
2024,9,Canadian Grand Prix,Circuit Gilles Villeneuve,kevinmagnussen,7,1,30.472,haas,0,0,0,33.59749999999999,1,0,Excluded: abnormal long stop,272,106
2024,9,Canadian Grand Prix,Circuit Gilles Villeneuve,kevinmagnussen,25,2,26.794,haas,0,0,0,33.59749999999999,1,0,Excluded: abnormal long stop,272,106
2024,9,Canadian Grand Prix,Circuit Gilles Villeneuve,kevinmagnussen,41,3,24.833,haas,0,0,0,33.59749999999999,1,0,Excluded: abnormal long stop,272,106
2024,9,Canadian Grand Prix,Circuit Gilles Villeneuve,kevinmagnussen,54,4,26.845,haas,0,0,0,33.59749999999999,1,0,Excluded: abnormal long stop,272,106
2024,9,Canadian Grand Prix,Circuit Gilles Villeneuve,leclerc,25,1,24.031,ferrari,0,0,0,33.59749999999999,1,0,Excluded: abnormal long stop,259,106
2024,9,Canadian Grand Prix,Circuit Gilles Villeneuve,leclerc,28,2,47.186,ferrari,0,0,0,33.59749999999999,1,0,Excluded: abnormal long stop,259,106
2024,9,Canadian Grand Prix,Circuit Gilles Villeneuve,leclerc,31,3,24.629,ferrari,0,0,0,33.59749999999999,1,0,Excluded: abnormal long stop,259,106
2024,9,Canadian Grand Prix,Circuit Gilles Villeneuve,maxverstappen,25,1,24.306,red_bull,0,0,0,33.59749999999999,1,0,Excluded: abnormal long stop,292,106
2024,9,Canadian Grand Prix,Circuit Gilles Villeneuve,maxverstappen,45,2,24.246,red_bull,0,0,0,33.59749999999999,1,0,Excluded: abnormal long stop,292,106
2024,9,Canadian Grand Prix,Circuit Gilles Villeneuve,norris,26,1,23.423,mclaren,0,0,0,33.59749999999999,1,0,Excluded: abnormal long stop,270,106
2024,9,Canadian Grand Prix,Circuit Gilles Villeneuve,norris,47,2,23.983,mclaren,0,0,0,33.59749999999999,1,0,Excluded: abnormal long stop,270,106
2024,9,Canadian Grand Prix,Circuit Gilles Villeneuve,ocon,44,1,24.495,alpine,0,0,0,33.59749999999999,1,0,Excluded: abnormal long stop,249,106
2024,9,Canadian Grand Prix,Circuit Gilles Villeneuve,perez,25,1,33.762,red_bull,0,0,0,33.59749999999999,1,0,Excluded: abnormal long stop,292,106
2024,9,Canadian Grand Prix,Circuit Gilles Villeneuve,perez,43,2,24.423,red_bull,0,0,0,33.59749999999999,1,0,Excluded: abnormal long stop,292,106
2024,9,Canadian Grand Prix,Circuit Gilles Villeneuve,piastri,25,1,23.977,mclaren,0,0,0,33.59749999999999,1,0,Excluded: abnormal long stop,270,106
2024,9,Canadian Grand Prix,Circuit Gilles Villeneuve,piastri,44,2,23.476,mclaren,0,0,0,33.59749999999999,1,0,Excluded: abnormal long stop,270,106
2024,9,Canadian Grand Prix,Circuit Gilles Villeneuve,ricciardo,26,1,30.298,rb,0,0,0,33.59749999999999,1,0,Excluded: abnormal long stop,70,106
2024,9,Canadian Grand Prix,Circuit Gilles Villeneuve,ricciardo,43,2,23.86,rb,0,0,0,33.59749999999999,1,0,Excluded: abnormal long stop,70,106
2024,9,Canadian Grand Prix,Circuit Gilles Villeneuve,russell,25,1,24.044,mercedes,0,0,0,33.59749999999999,1,0,Excluded: abnormal long stop,278,106
2024,9,Canadian Grand Prix,Circuit Gilles Villeneuve,russell,45,2,25.431,mercedes,0,0,0,33.59749999999999,1,0,Excluded: abnormal long stop,278,106
2024,9,Canadian Grand Prix,Circuit Gilles Villeneuve,russell,54,3,28.157,mercedes,0,0,0,33.59749999999999,1,0,Excluded: abnormal long stop,278,106
2024,9,Canadian Grand Prix,Circuit Gilles Villeneuve,sainz,25,1,27.626,ferrari,0,0,0,33.59749999999999,1,0,Excluded: abnormal long stop,259,106
2024,9,Canadian Grand Prix,Circuit Gilles Villeneuve,sainz,43,2,24.125,ferrari,0,0,0,33.59749999999999,1,0,Excluded: abnormal long stop,259,106
2024,9,Canadian Grand Prix,Circuit Gilles Villeneuve,stroll,25,1,24.284,aston_martin,0,0,0,33.59749999999999,1,0,Excluded: abnormal long stop,271,106
2024,9,Canadian Grand Prix,Circuit Gilles Villeneuve,stroll,44,2,25.025,aston_martin,0,0,0,33.59749999999999,1,0,Excluded: abnormal long stop,271,106
2024,9,Canadian Grand Prix,Circuit Gilles Villeneuve,tsunoda,44,1,25.569,rb,0,0,0,33.59749999999999,1,0,Excluded: abnormal long stop,70,106
2024,9,Canadian Grand Prix,Circuit Gilles Villeneuve,zhou,24,1,25.598,sauber,0,0,0,33.59749999999999,1,0,Excluded: abnormal long stop,74,106
2024,9,Canadian Grand Prix,Circuit Gilles Villeneuve,zhou,44,2,65.564,sauber,0,0,0,33.59749999999999,1,0,Excluded: abnormal long stop,74,106
2024,9,Canadian Grand Prix,Circuit Gilles Villeneuve,zhou,52,3,28.375,sauber,0,0,0,33.59749999999999,1,0,Excluded: abnormal long stop,74,106
2024,10,Spanish Grand Prix,Circuit de Barcelona-Catalunya,albon,18,1,23.248,williams,0,0,0,24.984499999999997,1,0,Excluded: abnormal long stop,271,172
2024,10,Spanish Grand Prix,Circuit de Barcelona-Catalunya,albon,43,2,21.892,williams,0,0,0,24.984499999999997,1,0,Excluded: abnormal long stop,271,172
2024,10,Spanish Grand Prix,Circuit de Barcelona-Catalunya,alonso,19,1,21.957,aston_martin,0,0,0,24.984499999999997,1,0,Excluded: abnormal long stop,271,172
2024,10,Spanish Grand Prix,Circuit de Barcelona-Catalunya,alonso,45,2,22.571,aston_martin,0,0,0,24.984499999999997,1,0,Excluded: abnormal long stop,271,172
2024,10,Spanish Grand Prix,Circuit de Barcelona-Catalunya,bottas,11,1,22.744,sauber,0,0,0,24.984499999999997,1,0,Excluded: abnormal long stop,74,172
2024,10,Spanish Grand Prix,Circuit de Barcelona-Catalunya,bottas,28,2,22.963,sauber,0,0,0,24.984499999999997,1,0,Excluded: abnormal long stop,74,172
2024,10,Spanish Grand Prix,Circuit de Barcelona-Catalunya,gasly,14,1,26.097,alpine,0,0,0,24.984499999999997,1,0,Excluded: abnormal long stop,249,172
2024,10,Spanish Grand Prix,Circuit de Barcelona-Catalunya,gasly,38,2,21.687,alpine,0,0,0,24.984499999999997,1,0,Excluded: abnormal long stop,249,172
2024,10,Spanish Grand Prix,Circuit de Barcelona-Catalunya,hamilton,16,1,21.84,mercedes,0,0,0,24.984499999999997,1,0,Excluded: abnormal long stop,278,172
2024,10,Spanish Grand Prix,Circuit de Barcelona-Catalunya,hamilton,43,2,21.603,mercedes,0,0,0,24.984499999999997,1,0,Excluded: abnormal long stop,278,172
2024,10,Spanish Grand Prix,Circuit de Barcelona-Catalunya,hulkenberg,12,1,22.722,haas,0,0,0,24.984499999999997,1,0,Excluded: abnormal long stop,272,172
2024,10,Spanish Grand Prix,Circuit de Barcelona-Catalunya,hulkenberg,38,2,22.518,haas,0,0,0,24.984499999999997,1,0,Excluded: abnormal long stop,272,172
2024,10,Spanish Grand Prix,Circuit de Barcelona-Catalunya,kevinmagnussen,10,1,23.36,haas,0,0,0,24.984499999999997,1,0,Excluded: abnormal long stop,272,172
2024,10,Spanish Grand Prix,Circuit de Barcelona-Catalunya,kevinmagnussen,29,2,28.967,haas,0,0,0,24.984499999999997,1,0,Excluded: abnormal long stop,272,172
2024,10,Spanish Grand Prix,Circuit de Barcelona-Catalunya,leclerc,24,1,22.26,ferrari,0,0,0,24.984499999999997,1,0,Excluded: abnormal long stop,259,172
2024,10,Spanish Grand Prix,Circuit de Barcelona-Catalunya,leclerc,47,2,21.624,ferrari,0,0,0,24.984499999999997,1,0,Excluded: abnormal long stop,259,172
2024,10,Spanish Grand Prix,Circuit de Barcelona-Catalunya,maxverstappen,17,1,21.544,red_bull,0,0,0,24.984499999999997,1,0,Excluded: abnormal long stop,292,172
2024,10,Spanish Grand Prix,Circuit de Barcelona-Catalunya,maxverstappen,44,2,22.34,red_bull,0,0,0,24.984499999999997,1,0,Excluded: abnormal long stop,292,172
2024,10,Spanish Grand Prix,Circuit de Barcelona-Catalunya,norris,23,1,21.618,mclaren,0,0,0,24.984499999999997,1,0,Excluded: abnormal long stop,270,172
2024,10,Spanish Grand Prix,Circuit de Barcelona-Catalunya,norris,47,2,22.631,mclaren,0,0,0,24.984499999999997,1,0,Excluded: abnormal long stop,270,172
2024,10,Spanish Grand Prix,Circuit de Barcelona-Catalunya,ocon,13,1,21.834,alpine,0,0,0,24.984499999999997,1,0,Excluded: abnormal long stop,249,172
2024,10,Spanish Grand Prix,Circuit de Barcelona-Catalunya,ocon,37,2,21.921,alpine,0,0,0,24.984499999999997,1,0,Excluded: abnormal long stop,249,172
2024,10,Spanish Grand Prix,Circuit de Barcelona-Catalunya,perez,13,1,22.181,red_bull,0,0,0,24.984499999999997,1,0,Excluded: abnormal long stop,292,172
2024,10,Spanish Grand Prix,Circuit de Barcelona-Catalunya,perez,31,2,21.464,red_bull,0,0,0,24.984499999999997,1,0,Excluded: abnormal long stop,292,172
2024,10,Spanish Grand Prix,Circuit de Barcelona-Catalunya,perez,49,3,21.472,red_bull,0,0,0,24.984499999999997,1,0,Excluded: abnormal long stop,292,172
2024,10,Spanish Grand Prix,Circuit de Barcelona-Catalunya,piastri,21,1,22.224,mclaren,0,0,0,24.984499999999997,1,0,Excluded: abnormal long stop,270,172
2024,10,Spanish Grand Prix,Circuit de Barcelona-Catalunya,piastri,46,2,22.42,mclaren,0,0,0,24.984499999999997,1,0,Excluded: abnormal long stop,270,172
2024,10,Spanish Grand Prix,Circuit de Barcelona-Catalunya,ricciardo,16,1,22.364,rb,0,0,0,24.984499999999997,1,0,Excluded: abnormal long stop,70,172
2024,10,Spanish Grand Prix,Circuit de Barcelona-Catalunya,ricciardo,42,2,22.108,rb,0,0,0,24.984499999999997,1,0,Excluded: abnormal long stop,70,172
2024,10,Spanish Grand Prix,Circuit de Barcelona-Catalunya,russell,15,1,25.023,mercedes,0,0,0,24.984499999999997,1,0,Excluded: abnormal long stop,278,172
2024,10,Spanish Grand Prix,Circuit de Barcelona-Catalunya,russell,36,2,22.7,mercedes,0,0,0,24.984499999999997,1,0,Excluded: abnormal long stop,278,172
2024,10,Spanish Grand Prix,Circuit de Barcelona-Catalunya,sainz,15,1,22.194,ferrari,0,0,0,24.984499999999997,1,0,Excluded: abnormal long stop,259,172
2024,10,Spanish Grand Prix,Circuit de Barcelona-Catalunya,sainz,36,2,22.249,ferrari,0,0,0,24.984499999999997,1,0,Excluded: abnormal long stop,259,172
2024,10,Spanish Grand Prix,Circuit de Barcelona-Catalunya,sargeant,14,1,22.401,williams,0,0,0,24.984499999999997,1,0,Excluded: abnormal long stop,271,172
2024,10,Spanish Grand Prix,Circuit de Barcelona-Catalunya,sargeant,34,2,22.506,williams,0,0,0,24.984499999999997,1,0,Excluded: abnormal long stop,271,172
2024,10,Spanish Grand Prix,Circuit de Barcelona-Catalunya,stroll,17,1,21.88,aston_martin,0,0,0,24.984499999999997,1,0,Excluded: abnormal long stop,271,172
2024,10,Spanish Grand Prix,Circuit de Barcelona-Catalunya,stroll,37,2,23.381,aston_martin,0,0,0,24.984499999999997,1,0,Excluded: abnormal long stop,271,172
2024,10,Spanish Grand Prix,Circuit de Barcelona-Catalunya,tsunoda,9,1,22.064,rb,0,0,0,24.984499999999997,1,0,Excluded: abnormal long stop,70,172
2024,10,Spanish Grand Prix,Circuit de Barcelona-Catalunya,tsunoda,27,2,22.084,rb,0,0,0,24.984499999999997,1,0,Excluded: abnormal long stop,70,172
2024,10,Spanish Grand Prix,Circuit de Barcelona-Catalunya,tsunoda,44,3,22.564,rb,0,0,0,24.984499999999997,1,0,Excluded: abnormal long stop,70,172
2024,10,Spanish Grand Prix,Circuit de Barcelona-Catalunya,zhou,9,1,22.523,sauber,0,0,0,24.984499999999997,1,0,Excluded: abnormal long stop,74,172
2024,10,Spanish Grand Prix,Circuit de Barcelona-Catalunya,zhou,41,2,24.253,sauber,0,0,0,24.984499999999997,1,0,Excluded: abnormal long stop,74,172
2024,11,Austrian Grand Prix,Red Bull Ring,albon,12,1,21.878,williams,0,0,0,27.136999999999993,1,0,Excluded: abnormal long stop,271,192
2024,11,Austrian Grand Prix,Red Bull Ring,albon,39,2,21.692,williams,0,0,0,27.136999999999993,1,0,Excluded: abnormal long stop,271,192
2024,11,Austrian Grand Prix,Red Bull Ring,alonso,11,1,21.483,aston_martin,0,0,0,27.136999999999993,1,0,Excluded: abnormal long stop,271,192
2024,11,Austrian Grand Prix,Red Bull Ring,alonso,35,2,33.947,aston_martin,0,0,0,27.136999999999993,1,0,Excluded: abnormal long stop,271,192
2024,11,Austrian Grand Prix,Red Bull Ring,alonso,68,3,22.487,aston_martin,0,0,0,27.136999999999993,1,0,Excluded: abnormal long stop,271,192
2024,11,Austrian Grand Prix,Red Bull Ring,bottas,19,1,21.918,sauber,0,0,0,27.136999999999993,1,0,Excluded: abnormal long stop,74,192
2024,11,Austrian Grand Prix,Red Bull Ring,bottas,42,2,21.991,sauber,0,0,0,27.136999999999993,1,0,Excluded: abnormal long stop,74,192
2024,11,Austrian Grand Prix,Red Bull Ring,gasly,20,1,21.431,alpine,0,0,0,27.136999999999993,1,0,Excluded: abnormal long stop,249,192
2024,11,Austrian Grand Prix,Red Bull Ring,gasly,42,2,22.043,alpine,0,0,0,27.136999999999993,1,0,Excluded: abnormal long stop,249,192
2024,11,Austrian Grand Prix,Red Bull Ring,hamilton,21,1,21.563,mercedes,0,0,0,27.136999999999993,1,0,Excluded: abnormal long stop,278,192
2024,11,Austrian Grand Prix,Red Bull Ring,hamilton,53,2,27.281,mercedes,0,0,0,27.136999999999993,1,0,Excluded: abnormal long stop,278,192
2024,11,Austrian Grand Prix,Red Bull Ring,hulkenberg,11,1,22.355,haas,0,0,0,27.136999999999993,1,0,Excluded: abnormal long stop,272,192
2024,11,Austrian Grand Prix,Red Bull Ring,hulkenberg,39,2,21.814,haas,0,0,0,27.136999999999993,1,0,Excluded: abnormal long stop,272,192
2024,11,Austrian Grand Prix,Red Bull Ring,kevinmagnussen,10,1,21.518,haas,0,0,0,27.136999999999993,1,0,Excluded: abnormal long stop,272,192
2024,11,Austrian Grand Prix,Red Bull Ring,kevinmagnussen,38,2,21.832,haas,0,0,0,27.136999999999993,1,0,Excluded: abnormal long stop,272,192
2024,11,Austrian Grand Prix,Red Bull Ring,leclerc,16,2,21.685,ferrari,0,0,0,27.136999999999993,1,0,Excluded: abnormal long stop,259,192
2024,11,Austrian Grand Prix,Red Bull Ring,leclerc,33,3,22.243,ferrari,0,0,0,27.136999999999993,1,0,Excluded: abnormal long stop,259,192
2024,11,Austrian Grand Prix,Red Bull Ring,leclerc,51,4,20.903,ferrari,0,0,0,27.136999999999993,1,0,Excluded: abnormal long stop,259,192
2024,11,Austrian Grand Prix,Red Bull Ring,maxverstappen,23,1,21.899,red_bull,0,0,0,27.136999999999993,1,0,Excluded: abnormal long stop,292,192
2024,11,Austrian Grand Prix,Red Bull Ring,maxverstappen,51,2,25.841,red_bull,0,0,0,27.136999999999993,1,0,Excluded: abnormal long stop,292,192
2024,11,Austrian Grand Prix,Red Bull Ring,maxverstappen,64,3,22.729,red_bull,0,0,0,27.136999999999993,1,0,Excluded: abnormal long stop,292,192
2024,11,Austrian Grand Prix,Red Bull Ring,norris,23,1,21.617,mclaren,0,0,0,27.136999999999993,1,0,Excluded: abnormal long stop,270,192
2024,11,Austrian Grand Prix,Red Bull Ring,norris,51,2,21.411,mclaren,0,0,0,27.136999999999993,1,0,Excluded: abnormal long stop,270,192
2024,11,Austrian Grand Prix,Red Bull Ring,ocon,19,1,22.291,alpine,0,0,0,27.136999999999993,1,0,Excluded: abnormal long stop,249,192
2024,11,Austrian Grand Prix,Red Bull Ring,ocon,43,2,21.231,alpine,0,0,0,27.136999999999993,1,0,Excluded: abnormal long stop,249,192
2024,11,Austrian Grand Prix,Red Bull Ring,perez,21,1,21.291,red_bull,0,0,0,27.136999999999993,1,0,Excluded: abnormal long stop,292,192
2024,11,Austrian Grand Prix,Red Bull Ring,perez,51,2,27.5,red_bull,0,0,0,27.136999999999993,1,0,Excluded: abnormal long stop,292,192
2024,11,Austrian Grand Prix,Red Bull Ring,piastri,25,1,20.978,mclaren,0,0,0,27.136999999999993,1,0,Excluded: abnormal long stop,270,192
2024,11,Austrian Grand Prix,Red Bull Ring,piastri,51,2,20.775,mclaren,0,0,0,27.136999999999993,1,0,Excluded: abnormal long stop,270,192
2024,11,Austrian Grand Prix,Red Bull Ring,ricciardo,10,1,21.502,rb,0,0,0,27.136999999999993,1,0,Excluded: abnormal long stop,70,192
2024,11,Austrian Grand Prix,Red Bull Ring,ricciardo,37,2,21.093,rb,0,0,0,27.136999999999993,1,0,Excluded: abnormal long stop,70,192
2024,11,Austrian Grand Prix,Red Bull Ring,russell,22,1,21.673,mercedes,0,0,0,27.136999999999993,1,0,Excluded: abnormal long stop,278,192
2024,11,Austrian Grand Prix,Red Bull Ring,russell,46,2,21.229,mercedes,0,0,0,27.136999999999993,1,0,Excluded: abnormal long stop,278,192
2024,11,Austrian Grand Prix,Red Bull Ring,sainz,22,1,21.226,ferrari,0,0,0,27.136999999999993,1,0,Excluded: abnormal long stop,259,192
2024,11,Austrian Grand Prix,Red Bull Ring,sainz,47,2,21.283,ferrari,0,0,0,27.136999999999993,1,0,Excluded: abnormal long stop,259,192
2024,11,Austrian Grand Prix,Red Bull Ring,sargeant,20,2,22.502,williams,0,0,0,27.136999999999993,1,0,Excluded: abnormal long stop,271,192
2024,11,Austrian Grand Prix,Red Bull Ring,sargeant,49,3,22.093,williams,0,0,0,27.136999999999993,1,0,Excluded: abnormal long stop,271,192
2024,11,Austrian Grand Prix,Red Bull Ring,stroll,20,1,21.399,aston_martin,0,0,0,27.136999999999993,1,0,Excluded: abnormal long stop,271,192
2024,11,Austrian Grand Prix,Red Bull Ring,stroll,43,2,21.302,aston_martin,0,0,0,27.136999999999993,1,0,Excluded: abnormal long stop,271,192
2024,11,Austrian Grand Prix,Red Bull Ring,tsunoda,21,1,21.25,rb,0,0,0,27.136999999999993,1,0,Excluded: abnormal long stop,70,192
2024,11,Austrian Grand Prix,Red Bull Ring,tsunoda,44,2,23.444,rb,0,0,0,27.136999999999993,1,0,Excluded: abnormal long stop,70,192
2024,11,Austrian Grand Prix,Red Bull Ring,zhou,28,1,23.198,sauber,0,0,0,27.136999999999993,1,0,Excluded: abnormal long stop,74,192
2024,11,Austrian Grand Prix,Red Bull Ring,zhou,51,2,21.594,sauber,0,0,0,27.136999999999993,1,0,Excluded: abnormal long stop,74,192
2024,12,British Grand Prix,Silverstone Circuit,albon,27,1,34.742,williams,0,0,0,32.7278,1,0,Excluded: abnormal long stop,271,87
2024,12,British Grand Prix,Silverstone Circuit,albon,38,2,29.41,williams,0,0,0,32.7278,1,0,Excluded: abnormal long stop,271,87
2024,12,British Grand Prix,Silverstone Circuit,alonso,27,1,29.341,aston_martin,0,0,0,32.7278,1,0,Excluded: abnormal long stop,271,87
2024,12,British Grand Prix,Silverstone Circuit,alonso,38,2,29.686,aston_martin,0,0,0,32.7278,1,0,Excluded: abnormal long stop,271,87
2024,12,British Grand Prix,Silverstone Circuit,bottas,26,1,30.628,sauber,0,0,0,32.7278,1,0,Excluded: abnormal long stop,74,87
2024,12,British Grand Prix,Silverstone Circuit,bottas,37,2,31.527,sauber,0,0,0,32.7278,1,0,Excluded: abnormal long stop,74,87
2024,12,British Grand Prix,Silverstone Circuit,hamilton,27,1,28.929,mercedes,0,0,0,32.7278,1,0,Excluded: abnormal long stop,278,87
2024,12,British Grand Prix,Silverstone Circuit,hamilton,38,2,30.038,mercedes,0,0,0,32.7278,1,0,Excluded: abnormal long stop,278,87
2024,12,British Grand Prix,Silverstone Circuit,hulkenberg,26,1,29.412,haas,0,0,0,32.7278,1,0,Excluded: abnormal long stop,272,87
2024,12,British Grand Prix,Silverstone Circuit,hulkenberg,39,2,30.265,haas,0,0,0,32.7278,1,0,Excluded: abnormal long stop,272,87
2024,12,British Grand Prix,Silverstone Circuit,kevinmagnussen,27,1,30.308,haas,0,0,0,32.7278,1,0,Excluded: abnormal long stop,272,87
2024,12,British Grand Prix,Silverstone Circuit,kevinmagnussen,37,2,29.884,haas,0,0,0,32.7278,1,0,Excluded: abnormal long stop,272,87
2024,12,British Grand Prix,Silverstone Circuit,leclerc,19,1,28.481,ferrari,0,0,0,32.7278,1,0,Excluded: abnormal long stop,259,87
2024,12,British Grand Prix,Silverstone Circuit,leclerc,27,2,29.233,ferrari,0,0,0,32.7278,1,0,Excluded: abnormal long stop,259,87
2024,12,British Grand Prix,Silverstone Circuit,leclerc,37,3,29.166,ferrari,0,0,0,32.7278,1,0,Excluded: abnormal long stop,259,87
2024,12,British Grand Prix,Silverstone Circuit,maxverstappen,26,1,28.365,red_bull,0,0,0,32.7278,1,0,Excluded: abnormal long stop,292,87
2024,12,British Grand Prix,Silverstone Circuit,maxverstappen,38,2,29.076,red_bull,0,0,0,32.7278,1,0,Excluded: abnormal long stop,292,87
2024,12,British Grand Prix,Silverstone Circuit,norris,27,1,28.661,mclaren,0,0,0,32.7278,1,0,Excluded: abnormal long stop,270,87
2024,12,British Grand Prix,Silverstone Circuit,norris,39,2,30.387,mclaren,0,0,0,32.7278,1,0,Excluded: abnormal long stop,270,87
2024,12,British Grand Prix,Silverstone Circuit,ocon,19,1,28.495,alpine,0,0,0,32.7278,1,0,Excluded: abnormal long stop,249,87
2024,12,British Grand Prix,Silverstone Circuit,ocon,21,2,28.276,alpine,0,0,0,32.7278,1,0,Excluded: abnormal long stop,249,87
2024,12,British Grand Prix,Silverstone Circuit,ocon,26,3,29.289,alpine,0,0,0,32.7278,1,0,Excluded: abnormal long stop,249,87
2024,12,British Grand Prix,Silverstone Circuit,ocon,38,4,29.086,alpine,0,0,0,32.7278,1,0,Excluded: abnormal long stop,249,87
2024,12,British Grand Prix,Silverstone Circuit,perez,19,1,28.391,red_bull,0,0,0,32.7278,1,0,Excluded: abnormal long stop,292,87
2024,12,British Grand Prix,Silverstone Circuit,perez,28,2,32.313,red_bull,0,0,0,32.7278,1,0,Excluded: abnormal long stop,292,87
2024,12,British Grand Prix,Silverstone Circuit,perez,37,3,29.3,red_bull,0,0,0,32.7278,1,0,Excluded: abnormal long stop,292,87
2024,12,British Grand Prix,Silverstone Circuit,perez,47,4,28.871,red_bull,0,0,0,32.7278,1,0,Excluded: abnormal long stop,292,87
2024,12,British Grand Prix,Silverstone Circuit,piastri,28,1,29.541,mclaren,0,0,0,32.7278,1,0,Excluded: abnormal long stop,270,87
2024,12,British Grand Prix,Silverstone Circuit,piastri,38,2,29.2,mclaren,0,0,0,32.7278,1,0,Excluded: abnormal long stop,270,87
2024,12,British Grand Prix,Silverstone Circuit,ricciardo,26,1,28.875,rb,0,0,0,32.7278,1,0,Excluded: abnormal long stop,70,87
2024,12,British Grand Prix,Silverstone Circuit,ricciardo,37,2,29.873,rb,0,0,0,32.7278,1,0,Excluded: abnormal long stop,70,87
2024,12,British Grand Prix,Silverstone Circuit,russell,27,1,32.045,mercedes,0,0,0,32.7278,1,0,Excluded: abnormal long stop,278,87
2024,12,British Grand Prix,Silverstone Circuit,sainz,26,1,29.199,ferrari,0,0,0,32.7278,1,0,Excluded: abnormal long stop,259,87
2024,12,British Grand Prix,Silverstone Circuit,sainz,39,2,29.097,ferrari,0,0,0,32.7278,1,0,Excluded: abnormal long stop,259,87
2024,12,British Grand Prix,Silverstone Circuit,sainz,50,3,28.706,ferrari,0,0,0,32.7278,1,0,Excluded: abnormal long stop,259,87
2024,12,British Grand Prix,Silverstone Circuit,sargeant,27,1,32.801,williams,0,0,0,32.7278,1,0,Excluded: abnormal long stop,271,87
2024,12,British Grand Prix,Silverstone Circuit,sargeant,38,2,29.444,williams,0,0,0,32.7278,1,0,Excluded: abnormal long stop,271,87
2024,12,British Grand Prix,Silverstone Circuit,stroll,26,1,29.023,aston_martin,0,0,0,32.7278,1,0,Excluded: abnormal long stop,271,87
2024,12,British Grand Prix,Silverstone Circuit,stroll,39,2,29.469,aston_martin,0,0,0,32.7278,1,0,Excluded: abnormal long stop,271,87
2024,12,British Grand Prix,Silverstone Circuit,tsunoda,38,2,29.658,rb,0,0,0,32.7278,1,0,Excluded: abnormal long stop,70,87
2024,12,British Grand Prix,Silverstone Circuit,zhou,12,1,29.178,sauber,0,0,0,32.7278,1,0,Excluded: abnormal long stop,74,87
2024,12,British Grand Prix,Silverstone Circuit,zhou,19,2,29.838,sauber,0,0,0,32.7278,1,0,Excluded: abnormal long stop,74,87
2024,12,British Grand Prix,Silverstone Circuit,zhou,26,3,29.125,sauber,0,0,0,32.7278,1,0,Excluded: abnormal long stop,74,87
2024,12,British Grand Prix,Silverstone Circuit,zhou,37,4,33.083,sauber,0,0,0,32.7278,1,0,Excluded: abnormal long stop,74,87
2024,13,Hungarian Grand Prix,Hungaroring,albon,6,1,22.091,williams,0,0,0,22.57675,1,0,Excluded: abnormal long stop,271,133
2024,13,Hungarian Grand Prix,Hungaroring,albon,29,2,23.41,williams,0,0,0,22.57675,1,0,Excluded: abnormal long stop,271,133
2024,13,Hungarian Grand Prix,Hungaroring,alonso,7,1,22.542,aston_martin,0,0,0,22.57675,1,0,Excluded: abnormal long stop,271,133
2024,13,Hungarian Grand Prix,Hungaroring,alonso,37,2,21.8,aston_martin,0,0,0,22.57675,1,0,Excluded: abnormal long stop,271,133
2024,13,Hungarian Grand Prix,Hungaroring,bottas,16,1,22.146,sauber,0,0,0,22.57675,1,0,Excluded: abnormal long stop,74,133
2024,13,Hungarian Grand Prix,Hungaroring,bottas,45,2,21.981,sauber,0,0,0,22.57675,1,0,Excluded: abnormal long stop,74,133
2024,13,Hungarian Grand Prix,Hungaroring,gasly,28,1,21.405,alpine,0,0,0,22.57675,1,0,Excluded: abnormal long stop,249,133
2024,13,Hungarian Grand Prix,Hungaroring,hamilton,16,1,21.306,mercedes,0,0,0,22.57675,1,0,Excluded: abnormal long stop,278,133
2024,13,Hungarian Grand Prix,Hungaroring,hamilton,40,2,21.91,mercedes,0,0,0,22.57675,1,0,Excluded: abnormal long stop,278,133
2024,13,Hungarian Grand Prix,Hungaroring,hulkenberg,2,1,22.287,haas,0,0,0,22.57675,1,0,Excluded: abnormal long stop,272,133
2024,13,Hungarian Grand Prix,Hungaroring,hulkenberg,29,2,22.472,haas,0,0,0,22.57675,1,0,Excluded: abnormal long stop,272,133
2024,13,Hungarian Grand Prix,Hungaroring,kevinmagnussen,6,1,21.871,haas,0,0,0,22.57675,1,0,Excluded: abnormal long stop,272,133
2024,13,Hungarian Grand Prix,Hungaroring,kevinmagnussen,34,2,22.531,haas,0,0,0,22.57675,1,0,Excluded: abnormal long stop,272,133
2024,13,Hungarian Grand Prix,Hungaroring,leclerc,23,1,21.894,ferrari,0,0,0,22.57675,1,0,Excluded: abnormal long stop,259,133
2024,13,Hungarian Grand Prix,Hungaroring,leclerc,40,2,21.723,ferrari,0,0,0,22.57675,1,0,Excluded: abnormal long stop,259,133
2024,13,Hungarian Grand Prix,Hungaroring,maxverstappen,21,1,22.101,red_bull,0,0,0,22.57675,1,0,Excluded: abnormal long stop,292,133
2024,13,Hungarian Grand Prix,Hungaroring,maxverstappen,49,2,21.344,red_bull,0,0,0,22.57675,1,0,Excluded: abnormal long stop,292,133
2024,13,Hungarian Grand Prix,Hungaroring,norris,17,1,21.861,mclaren,0,0,0,22.57675,1,0,Excluded: abnormal long stop,270,133
2024,13,Hungarian Grand Prix,Hungaroring,norris,45,2,21.249,mclaren,0,0,0,22.57675,1,0,Excluded: abnormal long stop,270,133
2024,13,Hungarian Grand Prix,Hungaroring,ocon,6,1,21.829,alpine,0,0,0,22.57675,1,0,Excluded: abnormal long stop,249,133
2024,13,Hungarian Grand Prix,Hungaroring,ocon,30,2,21.444,alpine,0,0,0,22.57675,1,0,Excluded: abnormal long stop,249,133
2024,13,Hungarian Grand Prix,Hungaroring,ocon,64,3,21.33,alpine,0,0,0,22.57675,1,0,Excluded: abnormal long stop,249,133
2024,13,Hungarian Grand Prix,Hungaroring,perez,28,1,21.395,red_bull,0,0,0,22.57675,1,0,Excluded: abnormal long stop,292,133
2024,13,Hungarian Grand Prix,Hungaroring,perez,47,2,21.056,red_bull,0,0,0,22.57675,1,0,Excluded: abnormal long stop,292,133
2024,13,Hungarian Grand Prix,Hungaroring,piastri,18,1,21.641,mclaren,0,0,0,22.57675,1,0,Excluded: abnormal long stop,270,133
2024,13,Hungarian Grand Prix,Hungaroring,piastri,47,2,21.823,mclaren,0,0,0,22.57675,1,0,Excluded: abnormal long stop,270,133
2024,13,Hungarian Grand Prix,Hungaroring,ricciardo,7,1,21.084,rb,0,0,0,22.57675,1,0,Excluded: abnormal long stop,70,133
2024,13,Hungarian Grand Prix,Hungaroring,ricciardo,28,2,21.378,rb,0,0,0,22.57675,1,0,Excluded: abnormal long stop,70,133
2024,13,Hungarian Grand Prix,Hungaroring,russell,33,1,21.369,mercedes,0,0,0,22.57675,1,0,Excluded: abnormal long stop,278,133
2024,13,Hungarian Grand Prix,Hungaroring,russell,53,2,21.328,mercedes,0,0,0,22.57675,1,0,Excluded: abnormal long stop,278,133
2024,13,Hungarian Grand Prix,Hungaroring,sainz,21,1,21.655,ferrari,0,0,0,22.57675,1,0,Excluded: abnormal long stop,259,133
2024,13,Hungarian Grand Prix,Hungaroring,sainz,47,2,21.439,ferrari,0,0,0,22.57675,1,0,Excluded: abnormal long stop,259,133
2024,13,Hungarian Grand Prix,Hungaroring,sargeant,8,1,21.757,williams,0,0,0,22.57675,1,0,Excluded: abnormal long stop,271,133
2024,13,Hungarian Grand Prix,Hungaroring,sargeant,33,2,21.398,williams,0,0,0,22.57675,1,0,Excluded: abnormal long stop,271,133
2024,13,Hungarian Grand Prix,Hungaroring,sargeant,63,3,21.908,williams,0,0,0,22.57675,1,0,Excluded: abnormal long stop,271,133
2024,13,Hungarian Grand Prix,Hungaroring,stroll,14,1,23.237,aston_martin,0,0,0,22.57675,1,0,Excluded: abnormal long stop,271,133
2024,13,Hungarian Grand Prix,Hungaroring,stroll,45,2,22.276,aston_martin,0,0,0,22.57675,1,0,Excluded: abnormal long stop,271,133
2024,13,Hungarian Grand Prix,Hungaroring,tsunoda,29,1,21.467,rb,0,0,0,22.57675,1,0,Excluded: abnormal long stop,70,133
2024,13,Hungarian Grand Prix,Hungaroring,zhou,7,1,21.993,sauber,0,0,0,22.57675,1,0,Excluded: abnormal long stop,74,133
2024,13,Hungarian Grand Prix,Hungaroring,zhou,36,2,22.183,sauber,0,0,0,22.57675,1,0,Excluded: abnormal long stop,74,133
2024,14,Belgian Grand Prix,Circuit de Spa-Francorchamps,albon,8,1,23.606,williams,0,0,0,23.644550000000002,1,0,Excluded: abnormal long stop,271,109
2024,14,Belgian Grand Prix,Circuit de Spa-Francorchamps,albon,23,2,23.146,williams,0,0,0,23.644550000000002,1,0,Excluded: abnormal long stop,271,109
2024,14,Belgian Grand Prix,Circuit de Spa-Francorchamps,alonso,13,1,23.075,aston_martin,0,0,0,23.644550000000002,1,0,Excluded: abnormal long stop,271,109
2024,14,Belgian Grand Prix,Circuit de Spa-Francorchamps,bottas,11,1,23.147,sauber,0,0,0,23.644550000000002,1,0,Excluded: abnormal long stop,74,109
2024,14,Belgian Grand Prix,Circuit de Spa-Francorchamps,bottas,35,2,22.949,sauber,0,0,0,23.644550000000002,1,0,Excluded: abnormal long stop,74,109
2024,14,Belgian Grand Prix,Circuit de Spa-Francorchamps,gasly,9,1,22.9,alpine,0,0,0,23.644550000000002,1,0,Excluded: abnormal long stop,249,109
2024,14,Belgian Grand Prix,Circuit de Spa-Francorchamps,gasly,28,2,22.844,alpine,0,0,0,23.644550000000002,1,0,Excluded: abnormal long stop,249,109
2024,14,Belgian Grand Prix,Circuit de Spa-Francorchamps,hamilton,11,1,23.188,mercedes,0,0,0,23.644550000000002,1,0,Excluded: abnormal long stop,278,109
2024,14,Belgian Grand Prix,Circuit de Spa-Francorchamps,hamilton,26,2,22.704,mercedes,0,0,0,23.644550000000002,1,0,Excluded: abnormal long stop,278,109
2024,14,Belgian Grand Prix,Circuit de Spa-Francorchamps,hulkenberg,7,1,23.562,haas,0,0,0,23.644550000000002,1,0,Excluded: abnormal long stop,272,109
2024,14,Belgian Grand Prix,Circuit de Spa-Francorchamps,hulkenberg,20,2,23.268,haas,0,0,0,23.644550000000002,1,0,Excluded: abnormal long stop,272,109
2024,14,Belgian Grand Prix,Circuit de Spa-Francorchamps,kevinmagnussen,17,1,23.619,haas,0,0,0,23.644550000000002,1,0,Excluded: abnormal long stop,272,109
2024,14,Belgian Grand Prix,Circuit de Spa-Francorchamps,leclerc,12,1,22.942,ferrari,0,0,0,23.644550000000002,1,0,Excluded: abnormal long stop,259,109
2024,14,Belgian Grand Prix,Circuit de Spa-Francorchamps,leclerc,25,2,23.33,ferrari,0,0,0,23.644550000000002,1,0,Excluded: abnormal long stop,259,109
2024,14,Belgian Grand Prix,Circuit de Spa-Francorchamps,maxverstappen,10,1,23.214,red_bull,0,0,0,23.644550000000002,1,0,Excluded: abnormal long stop,292,109
2024,14,Belgian Grand Prix,Circuit de Spa-Francorchamps,maxverstappen,28,2,22.943,red_bull,0,0,0,23.644550000000002,1,0,Excluded: abnormal long stop,292,109
2024,14,Belgian Grand Prix,Circuit de Spa-Francorchamps,norris,15,1,22.682,mclaren,0,0,0,23.644550000000002,1,0,Excluded: abnormal long stop,270,109
2024,14,Belgian Grand Prix,Circuit de Spa-Francorchamps,norris,29,2,22.61,mclaren,0,0,0,23.644550000000002,1,0,Excluded: abnormal long stop,270,109
2024,14,Belgian Grand Prix,Circuit de Spa-Francorchamps,ocon,12,1,23.366,alpine,0,0,0,23.644550000000002,1,0,Excluded: abnormal long stop,249,109
2024,14,Belgian Grand Prix,Circuit de Spa-Francorchamps,ocon,30,2,23.546,alpine,0,0,0,23.644550000000002,1,0,Excluded: abnormal long stop,249,109
2024,14,Belgian Grand Prix,Circuit de Spa-Francorchamps,perez,11,1,22.692,red_bull,0,0,0,23.644550000000002,1,0,Excluded: abnormal long stop,292,109
2024,14,Belgian Grand Prix,Circuit de Spa-Francorchamps,perez,21,2,22.648,red_bull,0,0,0,23.644550000000002,1,0,Excluded: abnormal long stop,292,109
2024,14,Belgian Grand Prix,Circuit de Spa-Francorchamps,perez,42,3,22.632,red_bull,0,0,0,23.644550000000002,1,0,Excluded: abnormal long stop,292,109
2024,14,Belgian Grand Prix,Circuit de Spa-Francorchamps,piastri,11,1,22.623,mclaren,0,0,0,23.644550000000002,1,0,Excluded: abnormal long stop,270,109
2024,14,Belgian Grand Prix,Circuit de Spa-Francorchamps,piastri,30,2,24.125,mclaren,0,0,0,23.644550000000002,1,0,Excluded: abnormal long stop,270,109
2024,14,Belgian Grand Prix,Circuit de Spa-Francorchamps,ricciardo,8,1,22.643,rb,0,0,0,23.644550000000002,1,0,Excluded: abnormal long stop,70,109
2024,14,Belgian Grand Prix,Circuit de Spa-Francorchamps,ricciardo,21,2,22.328,rb,0,0,0,23.644550000000002,1,0,Excluded: abnormal long stop,70,109
2024,14,Belgian Grand Prix,Circuit de Spa-Francorchamps,russell,10,1,22.686,mercedes,0,0,0,23.644550000000002,1,0,Excluded: abnormal long stop,278,109
2024,14,Belgian Grand Prix,Circuit de Spa-Francorchamps,sainz,20,1,23.08,ferrari,0,0,0,23.644550000000002,1,0,Excluded: abnormal long stop,259,109
2024,14,Belgian Grand Prix,Circuit de Spa-Francorchamps,sainz,28,2,23.089,ferrari,0,0,0,23.644550000000002,1,0,Excluded: abnormal long stop,259,109
2024,14,Belgian Grand Prix,Circuit de Spa-Francorchamps,sargeant,8,1,23.338,williams,0,0,0,23.644550000000002,1,0,Excluded: abnormal long stop,271,109
2024,14,Belgian Grand Prix,Circuit de Spa-Francorchamps,sargeant,24,2,23.692,williams,0,0,0,23.644550000000002,1,0,Excluded: abnormal long stop,271,109
2024,14,Belgian Grand Prix,Circuit de Spa-Francorchamps,stroll,12,1,23.01,aston_martin,0,0,0,23.644550000000002,1,0,Excluded: abnormal long stop,271,109
2024,14,Belgian Grand Prix,Circuit de Spa-Francorchamps,tsunoda,15,1,23.452,rb,0,0,0,23.644550000000002,1,0,Excluded: abnormal long stop,70,109
2024,15,Dutch Grand Prix,Circuit Park Zandvoort,albon,12,1,21.258,williams,0,0,0,22.4955,1,0,Excluded: abnormal long stop,271,144
2024,15,Dutch Grand Prix,Circuit Park Zandvoort,albon,54,2,21.016,williams,0,0,0,22.4955,1,0,Excluded: abnormal long stop,271,144
2024,15,Dutch Grand Prix,Circuit Park Zandvoort,alonso,31,1,21.348,aston_martin,0,0,0,22.4955,1,0,Excluded: abnormal long stop,271,144
2024,15,Dutch Grand Prix,Circuit Park Zandvoort,bottas,15,1,21.095,sauber,0,0,0,22.4955,1,0,Excluded: abnormal long stop,74,144
2024,15,Dutch Grand Prix,Circuit Park Zandvoort,bottas,43,2,21.273,sauber,0,0,0,22.4955,1,0,Excluded: abnormal long stop,74,144
2024,15,Dutch Grand Prix,Circuit Park Zandvoort,gasly,32,1,22.646,alpine,0,0,0,22.4955,1,0,Excluded: abnormal long stop,249,144
2024,15,Dutch Grand Prix,Circuit Park Zandvoort,hamilton,23,1,21.168,mercedes,0,0,0,22.4955,1,0,Excluded: abnormal long stop,278,144
2024,15,Dutch Grand Prix,Circuit Park Zandvoort,hamilton,48,2,21.026,mercedes,0,0,0,22.4955,1,0,Excluded: abnormal long stop,278,144
2024,15,Dutch Grand Prix,Circuit Park Zandvoort,hulkenberg,14,1,21.619,haas,0,0,0,22.4955,1,0,Excluded: abnormal long stop,272,144
2024,15,Dutch Grand Prix,Circuit Park Zandvoort,kevinmagnussen,40,1,21.403,haas,0,0,0,22.4955,1,0,Excluded: abnormal long stop,272,144
2024,15,Dutch Grand Prix,Circuit Park Zandvoort,leclerc,24,1,20.841,ferrari,0,0,0,22.4955,1,0,Excluded: abnormal long stop,259,144
2024,15,Dutch Grand Prix,Circuit Park Zandvoort,maxverstappen,27,1,20.785,red_bull,0,0,0,22.4955,1,0,Excluded: abnormal long stop,292,144
2024,15,Dutch Grand Prix,Circuit Park Zandvoort,norris,28,1,21.536,mclaren,0,0,0,22.4955,1,0,Excluded: abnormal long stop,270,144
2024,15,Dutch Grand Prix,Circuit Park Zandvoort,ocon,30,1,21.015,alpine,0,0,0,22.4955,1,0,Excluded: abnormal long stop,249,144
2024,15,Dutch Grand Prix,Circuit Park Zandvoort,perez,29,1,22.934,red_bull,0,0,0,22.4955,1,0,Excluded: abnormal long stop,292,144
2024,15,Dutch Grand Prix,Circuit Park Zandvoort,piastri,33,1,20.969,mclaren,0,0,0,22.4955,1,0,Excluded: abnormal long stop,270,144
2024,15,Dutch Grand Prix,Circuit Park Zandvoort,ricciardo,29,1,20.942,rb,0,0,0,22.4955,1,0,Excluded: abnormal long stop,70,144
2024,15,Dutch Grand Prix,Circuit Park Zandvoort,russell,25,1,21.846,mercedes,0,0,0,22.4955,1,0,Excluded: abnormal long stop,278,144
2024,15,Dutch Grand Prix,Circuit Park Zandvoort,russell,54,2,21.159,mercedes,0,0,0,22.4955,1,0,Excluded: abnormal long stop,278,144
2024,15,Dutch Grand Prix,Circuit Park Zandvoort,sainz,30,1,20.84,ferrari,0,0,0,22.4955,1,0,Excluded: abnormal long stop,259,144
2024,15,Dutch Grand Prix,Circuit Park Zandvoort,sargeant,22,1,22.03,williams,0,0,0,22.4955,1,0,Excluded: abnormal long stop,271,144
2024,15,Dutch Grand Prix,Circuit Park Zandvoort,stroll,30,1,21.385,aston_martin,0,0,0,22.4955,1,0,Excluded: abnormal long stop,271,144
2024,15,Dutch Grand Prix,Circuit Park Zandvoort,tsunoda,14,1,21.249,rb,0,0,0,22.4955,1,0,Excluded: abnormal long stop,70,144
2024,15,Dutch Grand Prix,Circuit Park Zandvoort,tsunoda,32,2,20.88,rb,0,0,0,22.4955,1,0,Excluded: abnormal long stop,70,144
2024,15,Dutch Grand Prix,Circuit Park Zandvoort,zhou,18,1,21.214,sauber,0,0,0,22.4955,1,0,Excluded: abnormal long stop,74,144
2024,15,Dutch Grand Prix,Circuit Park Zandvoort,zhou,51,2,22.044,sauber,0,0,0,22.4955,1,0,Excluded: abnormal long stop,74,144
2024,16,Italian Grand Prix,Autodromo Nazionale di Monza,albon,17,1,24.801,williams,0,0,0,34.829999999999984,1,0,Excluded: abnormal long stop,271,104
2024,16,Italian Grand Prix,Autodromo Nazionale di Monza,alonso,12,1,24.866,aston_martin,0,0,0,34.829999999999984,1,0,Excluded: abnormal long stop,271,104
2024,16,Italian Grand Prix,Autodromo Nazionale di Monza,alonso,35,2,24.501,aston_martin,0,0,0,34.829999999999984,1,0,Excluded: abnormal long stop,271,104
2024,16,Italian Grand Prix,Autodromo Nazionale di Monza,bottas,33,1,24.41,sauber,0,0,0,34.829999999999984,1,0,Excluded: abnormal long stop,74,104
2024,16,Italian Grand Prix,Autodromo Nazionale di Monza,colapinto,16,1,25.147,williams,0,0,0,34.829999999999984,1,0,Excluded: abnormal long stop,271,104
2024,16,Italian Grand Prix,Autodromo Nazionale di Monza,gasly,10,1,24.335,alpine,0,0,0,34.829999999999984,1,0,Excluded: abnormal long stop,249,104
2024,16,Italian Grand Prix,Autodromo Nazionale di Monza,gasly,30,2,24.203,alpine,0,0,0,34.829999999999984,1,0,Excluded: abnormal long stop,249,104
2024,16,Italian Grand Prix,Autodromo Nazionale di Monza,hamilton,15,1,24.469,mercedes,0,0,0,34.829999999999984,1,0,Excluded: abnormal long stop,278,104
2024,16,Italian Grand Prix,Autodromo Nazionale di Monza,hamilton,37,2,24.155,mercedes,0,0,0,34.829999999999984,1,0,Excluded: abnormal long stop,278,104
2024,16,Italian Grand Prix,Autodromo Nazionale di Monza,hulkenberg,5,1,38.875,haas,0,0,0,34.829999999999984,1,0,Excluded: abnormal long stop,272,104
2024,16,Italian Grand Prix,Autodromo Nazionale di Monza,hulkenberg,32,2,36.576,haas,0,0,0,34.829999999999984,1,0,Excluded: abnormal long stop,272,104
2024,16,Italian Grand Prix,Autodromo Nazionale di Monza,kevinmagnussen,14,1,25.672,haas,0,0,0,34.829999999999984,1,0,Excluded: abnormal long stop,272,104
2024,16,Italian Grand Prix,Autodromo Nazionale di Monza,leclerc,15,1,24.551,ferrari,0,0,0,34.829999999999984,1,0,Excluded: abnormal long stop,259,104
2024,16,Italian Grand Prix,Autodromo Nazionale di Monza,maxverstappen,22,1,28.198,red_bull,0,0,0,34.829999999999984,1,0,Excluded: abnormal long stop,292,104
2024,16,Italian Grand Prix,Autodromo Nazionale di Monza,maxverstappen,41,2,24.15,red_bull,0,0,0,34.829999999999984,1,0,Excluded: abnormal long stop,292,104
2024,16,Italian Grand Prix,Autodromo Nazionale di Monza,norris,14,1,24.169,mclaren,0,0,0,34.829999999999984,1,0,Excluded: abnormal long stop,270,104
2024,16,Italian Grand Prix,Autodromo Nazionale di Monza,norris,32,2,24.87,mclaren,0,0,0,34.829999999999984,1,0,Excluded: abnormal long stop,270,104
2024,16,Italian Grand Prix,Autodromo Nazionale di Monza,ocon,31,1,24.146,alpine,0,0,0,34.829999999999984,1,0,Excluded: abnormal long stop,249,104
2024,16,Italian Grand Prix,Autodromo Nazionale di Monza,perez,23,1,24.728,red_bull,0,0,0,34.829999999999984,1,0,Excluded: abnormal long stop,292,104
2024,16,Italian Grand Prix,Autodromo Nazionale di Monza,perez,35,2,24.03,red_bull,0,0,0,34.829999999999984,1,0,Excluded: abnormal long stop,292,104
2024,16,Italian Grand Prix,Autodromo Nazionale di Monza,piastri,16,1,23.793,mclaren,0,0,0,34.829999999999984,1,0,Excluded: abnormal long stop,270,104
2024,16,Italian Grand Prix,Autodromo Nazionale di Monza,piastri,38,2,24.67,mclaren,0,0,0,34.829999999999984,1,0,Excluded: abnormal long stop,270,104
2024,16,Italian Grand Prix,Autodromo Nazionale di Monza,ricciardo,11,1,30.317,rb,0,0,0,34.829999999999984,1,0,Excluded: abnormal long stop,70,104
2024,16,Italian Grand Prix,Autodromo Nazionale di Monza,russell,11,1,32.696,mercedes,0,0,0,34.829999999999984,1,0,Excluded: abnormal long stop,278,104
2024,16,Italian Grand Prix,Autodromo Nazionale di Monza,russell,33,2,26.297,mercedes,0,0,0,34.829999999999984,1,0,Excluded: abnormal long stop,278,104
2024,16,Italian Grand Prix,Autodromo Nazionale di Monza,sainz,19,1,24.313,ferrari,0,0,0,34.829999999999984,1,0,Excluded: abnormal long stop,259,104
2024,16,Italian Grand Prix,Autodromo Nazionale di Monza,stroll,19,1,24.98,aston_martin,0,0,0,34.829999999999984,1,0,Excluded: abnormal long stop,271,104
2024,16,Italian Grand Prix,Autodromo Nazionale di Monza,stroll,36,2,24.209,aston_martin,0,0,0,34.829999999999984,1,0,Excluded: abnormal long stop,271,104
2024,16,Italian Grand Prix,Autodromo Nazionale di Monza,stroll,50,3,25.269,aston_martin,0,0,0,34.829999999999984,1,0,Excluded: abnormal long stop,271,104
2024,16,Italian Grand Prix,Autodromo Nazionale di Monza,zhou,15,1,27.138,sauber,0,0,0,34.829999999999984,1,0,Excluded: abnormal long stop,74,104
2024,17,Azerbaijan Grand Prix,Baku City Circuit,albon,31,1,20.287,williams,0,0,0,21.617,1,0,Excluded: abnormal long stop,271,88
2024,17,Azerbaijan Grand Prix,Baku City Circuit,alonso,11,1,20.073,aston_martin,0,0,0,21.617,1,0,Excluded: abnormal long stop,271,88
2024,17,Azerbaijan Grand Prix,Baku City Circuit,bearman,14,1,21.276,haas,0,0,0,21.617,1,0,Excluded: abnormal long stop,272,88
2024,17,Azerbaijan Grand Prix,Baku City Circuit,bottas,11,1,20.045,sauber,0,0,0,21.617,1,0,Excluded: abnormal long stop,74,88
2024,17,Azerbaijan Grand Prix,Baku City Circuit,colapinto,10,1,20.596,williams,0,0,0,21.617,1,0,Excluded: abnormal long stop,271,88
2024,17,Azerbaijan Grand Prix,Baku City Circuit,gasly,50,1,20.257,alpine,0,0,0,21.617,1,0,Excluded: abnormal long stop,249,88
2024,17,Azerbaijan Grand Prix,Baku City Circuit,hamilton,12,1,21.289,mercedes,0,0,0,21.617,1,0,Excluded: abnormal long stop,278,88
2024,17,Azerbaijan Grand Prix,Baku City Circuit,hulkenberg,15,1,21.617,haas,0,0,0,21.617,1,0,Excluded: abnormal long stop,272,88
2024,17,Azerbaijan Grand Prix,Baku City Circuit,leclerc,16,1,20.671,ferrari,0,0,0,21.617,1,0,Excluded: abnormal long stop,259,88
2024,17,Azerbaijan Grand Prix,Baku City Circuit,maxverstappen,12,1,21.145,red_bull,0,0,0,21.617,1,0,Excluded: abnormal long stop,292,88
2024,17,Azerbaijan Grand Prix,Baku City Circuit,maxverstappen,49,2,20.725,red_bull,0,0,0,21.617,1,0,Excluded: abnormal long stop,292,88
2024,17,Azerbaijan Grand Prix,Baku City Circuit,norris,37,1,19.712,mclaren,0,0,0,21.617,1,0,Excluded: abnormal long stop,270,88
2024,17,Azerbaijan Grand Prix,Baku City Circuit,ocon,49,1,20.634,alpine,0,0,0,21.617,1,0,Excluded: abnormal long stop,249,88
2024,17,Azerbaijan Grand Prix,Baku City Circuit,perez,13,1,20.63,red_bull,0,0,0,21.617,1,0,Excluded: abnormal long stop,292,88
2024,17,Azerbaijan Grand Prix,Baku City Circuit,piastri,15,1,20.181,mclaren,0,0,0,21.617,1,0,Excluded: abnormal long stop,270,88
2024,17,Azerbaijan Grand Prix,Baku City Circuit,ricciardo,49,1,21.984,rb,0,0,0,21.617,1,0,Excluded: abnormal long stop,70,88
2024,17,Azerbaijan Grand Prix,Baku City Circuit,russell,12,1,19.954,mercedes,0,0,0,21.617,1,0,Excluded: abnormal long stop,278,88
2024,17,Azerbaijan Grand Prix,Baku City Circuit,sainz,17,1,21.483,ferrari,0,0,0,21.617,1,0,Excluded: abnormal long stop,259,88
2024,17,Azerbaijan Grand Prix,Baku City Circuit,stroll,22,2,20.214,aston_martin,0,0,0,21.617,1,0,Excluded: abnormal long stop,271,88
2024,17,Azerbaijan Grand Prix,Baku City Circuit,tsunoda,12,1,20.922,rb,0,0,0,21.617,1,0,Excluded: abnormal long stop,70,88
2024,17,Azerbaijan Grand Prix,Baku City Circuit,zhou,34,1,20.52,sauber,0,0,0,21.617,1,0,Excluded: abnormal long stop,74,88
2024,18,Singapore Grand Prix,Marina Bay Street Circuit,albon,11,1,29.126,williams,0,0,0,31.2042,1,0,Excluded: abnormal long stop,271,69
2024,18,Singapore Grand Prix,Marina Bay Street Circuit,alonso,25,1,29.251,aston_martin,0,0,0,31.2042,1,0,Excluded: abnormal long stop,271,69
2024,18,Singapore Grand Prix,Marina Bay Street Circuit,bottas,33,1,30.423,sauber,0,0,0,31.2042,1,0,Excluded: abnormal long stop,74,69
2024,18,Singapore Grand Prix,Marina Bay Street Circuit,colapinto,29,1,29.772,williams,0,0,0,31.2042,1,0,Excluded: abnormal long stop,271,69
2024,18,Singapore Grand Prix,Marina Bay Street Circuit,gasly,37,1,31.509,alpine,0,0,0,31.2042,1,0,Excluded: abnormal long stop,249,69
2024,18,Singapore Grand Prix,Marina Bay Street Circuit,hamilton,17,1,29.272,mercedes,0,0,0,31.2042,1,0,Excluded: abnormal long stop,278,69
2024,18,Singapore Grand Prix,Marina Bay Street Circuit,hulkenberg,29,1,29.808,haas,0,0,0,31.2042,1,0,Excluded: abnormal long stop,272,69
2024,18,Singapore Grand Prix,Marina Bay Street Circuit,kevinmagnussen,28,1,29.707,haas,0,0,0,31.2042,1,0,Excluded: abnormal long stop,272,69
2024,18,Singapore Grand Prix,Marina Bay Street Circuit,kevinmagnussen,49,2,31.291,haas,0,0,0,31.2042,1,0,Excluded: abnormal long stop,272,69
2024,18,Singapore Grand Prix,Marina Bay Street Circuit,leclerc,36,1,29.042,ferrari,0,0,0,31.2042,1,0,Excluded: abnormal long stop,259,69
2024,18,Singapore Grand Prix,Marina Bay Street Circuit,maxverstappen,29,1,29.655,red_bull,0,0,0,31.2042,1,0,Excluded: abnormal long stop,292,69
2024,18,Singapore Grand Prix,Marina Bay Street Circuit,norris,30,1,29.091,mclaren,0,0,0,31.2042,1,0,Excluded: abnormal long stop,270,69
2024,18,Singapore Grand Prix,Marina Bay Street Circuit,ocon,29,1,29.601,alpine,0,0,0,31.2042,1,0,Excluded: abnormal long stop,249,69
2024,18,Singapore Grand Prix,Marina Bay Street Circuit,perez,28,1,28.99,red_bull,0,0,0,31.2042,1,0,Excluded: abnormal long stop,292,69
2024,18,Singapore Grand Prix,Marina Bay Street Circuit,piastri,38,1,29.152,mclaren,0,0,0,31.2042,1,0,Excluded: abnormal long stop,270,69
2024,18,Singapore Grand Prix,Marina Bay Street Circuit,ricciardo,10,1,30.316,rb,0,0,0,31.2042,1,0,Excluded: abnormal long stop,70,69
2024,18,Singapore Grand Prix,Marina Bay Street Circuit,ricciardo,46,2,29.066,rb,0,0,0,31.2042,1,0,Excluded: abnormal long stop,70,69
2024,18,Singapore Grand Prix,Marina Bay Street Circuit,ricciardo,58,3,29.653,rb,0,0,0,31.2042,1,0,Excluded: abnormal long stop,70,69
2024,18,Singapore Grand Prix,Marina Bay Street Circuit,russell,27,1,28.739,mercedes,0,0,0,31.2042,1,0,Excluded: abnormal long stop,278,69
2024,18,Singapore Grand Prix,Marina Bay Street Circuit,sainz,13,1,29.385,ferrari,0,0,0,31.2042,1,0,Excluded: abnormal long stop,259,69
2024,18,Singapore Grand Prix,Marina Bay Street Circuit,stroll,26,1,29.816,aston_martin,0,0,0,31.2042,1,0,Excluded: abnormal long stop,271,69
2024,18,Singapore Grand Prix,Marina Bay Street Circuit,tsunoda,33,1,29.662,rb,0,0,0,31.2042,1,0,Excluded: abnormal long stop,70,69
2024,18,Singapore Grand Prix,Marina Bay Street Circuit,zhou,34,1,29.36,sauber,0,0,0,31.2042,1,0,Excluded: abnormal long stop,74,69
2024,19,United States Grand Prix,Circuit of the Americas,albon,3,1,34.983,williams,0,0,0,29.2171,1,0,Excluded: abnormal long stop,271,135
2024,19,United States Grand Prix,Circuit of the Americas,albon,33,2,24.391,williams,0,0,0,29.2171,1,0,Excluded: abnormal long stop,271,135
2024,19,United States Grand Prix,Circuit of the Americas,alonso,26,1,24.247,aston_martin,0,0,0,29.2171,1,0,Excluded: abnormal long stop,271,135
2024,19,United States Grand Prix,Circuit of the Americas,bottas,15,1,24.439,sauber,0,0,0,29.2171,1,0,Excluded: abnormal long stop,74,135
2024,19,United States Grand Prix,Circuit of the Americas,colapinto,39,1,23.971,williams,0,0,0,29.2171,1,0,Excluded: abnormal long stop,271,135
2024,19,United States Grand Prix,Circuit of the Americas,gasly,18,1,28.228,alpine,0,0,0,29.2171,1,0,Excluded: abnormal long stop,249,135
2024,19,United States Grand Prix,Circuit of the Americas,hulkenberg,27,1,24.5,haas,0,0,0,29.2171,1,0,Excluded: abnormal long stop,272,135
2024,19,United States Grand Prix,Circuit of the Americas,kevinmagnussen,17,1,23.966,haas,0,0,0,29.2171,1,0,Excluded: abnormal long stop,272,135
2024,19,United States Grand Prix,Circuit of the Americas,kevinmagnussen,38,2,24.087,haas,0,0,0,29.2171,1,0,Excluded: abnormal long stop,272,135
2024,19,United States Grand Prix,Circuit of the Americas,lawson,36,1,23.839,rb,0,0,0,29.2171,1,0,Excluded: abnormal long stop,70,135
2024,19,United States Grand Prix,Circuit of the Americas,leclerc,26,1,23.817,ferrari,0,0,0,29.2171,1,0,Excluded: abnormal long stop,259,135
2024,19,United States Grand Prix,Circuit of the Americas,maxverstappen,25,1,24.228,red_bull,0,0,0,29.2171,1,0,Excluded: abnormal long stop,292,135
2024,19,United States Grand Prix,Circuit of the Americas,norris,31,1,23.731,mclaren,0,0,0,29.2171,1,0,Excluded: abnormal long stop,270,135
2024,19,United States Grand Prix,Circuit of the Americas,ocon,31,1,24.156,alpine,0,0,0,29.2171,1,0,Excluded: abnormal long stop,249,135
2024,19,United States Grand Prix,Circuit of the Americas,ocon,51,2,26.175,alpine,0,0,0,29.2171,1,0,Excluded: abnormal long stop,249,135
2024,19,United States Grand Prix,Circuit of the Americas,perez,26,1,23.58,red_bull,0,0,0,29.2171,1,0,Excluded: abnormal long stop,292,135
2024,19,United States Grand Prix,Circuit of the Americas,piastri,32,1,24.107,mclaren,0,0,0,29.2171,1,0,Excluded: abnormal long stop,270,135
2024,19,United States Grand Prix,Circuit of the Americas,russell,40,1,29.327,mercedes,0,0,0,29.2171,1,0,Excluded: abnormal long stop,278,135
2024,19,United States Grand Prix,Circuit of the Americas,sainz,21,1,23.963,ferrari,0,0,0,29.2171,1,0,Excluded: abnormal long stop,259,135
2024,19,United States Grand Prix,Circuit of the Americas,stroll,27,1,26.399,aston_martin,0,0,0,29.2171,1,0,Excluded: abnormal long stop,271,135
2024,19,United States Grand Prix,Circuit of the Americas,tsunoda,18,1,24.193,rb,0,0,0,29.2171,1,0,Excluded: abnormal long stop,70,135
2024,19,United States Grand Prix,Circuit of the Americas,zhou,13,1,24.433,sauber,0,0,0,29.2171,1,0,Excluded: abnormal long stop,74,135
2024,19,United States Grand Prix,Circuit of the Americas,zhou,35,2,24.89,sauber,0,0,0,29.2171,1,0,Excluded: abnormal long stop,74,135
2024,20,Mexico City Grand Prix,Autódromo Hermanos Rodríguez,bottas,49,1,22.505,sauber,0,0,0,30.299,1,0,Excluded: abnormal long stop,74,85
2024,20,Mexico City Grand Prix,Autódromo Hermanos Rodríguez,colapinto,47,1,23.895,williams,0,0,0,30.299,1,0,Excluded: abnormal long stop,271,85
2024,20,Mexico City Grand Prix,Autódromo Hermanos Rodríguez,gasly,28,1,23.204,alpine,0,0,0,30.299,1,0,Excluded: abnormal long stop,249,85
2024,20,Mexico City Grand Prix,Autódromo Hermanos Rodríguez,hamilton,28,1,22.538,mercedes,0,0,0,30.299,1,0,Excluded: abnormal long stop,278,85
2024,20,Mexico City Grand Prix,Autódromo Hermanos Rodríguez,hulkenberg,29,1,23.077,haas,0,0,0,30.299,1,0,Excluded: abnormal long stop,272,85
2024,20,Mexico City Grand Prix,Autódromo Hermanos Rodríguez,kevinmagnussen,30,1,23.332,haas,0,0,0,30.299,1,0,Excluded: abnormal long stop,272,85
2024,20,Mexico City Grand Prix,Autódromo Hermanos Rodríguez,lawson,39,1,22.586,rb,0,0,0,30.299,1,0,Excluded: abnormal long stop,70,85
2024,20,Mexico City Grand Prix,Autódromo Hermanos Rodríguez,lawson,65,2,30.299,rb,0,0,0,30.299,1,0,Excluded: abnormal long stop,70,85
2024,20,Mexico City Grand Prix,Autódromo Hermanos Rodríguez,leclerc,31,1,22.86,ferrari,0,0,0,30.299,1,0,Excluded: abnormal long stop,259,85
2024,20,Mexico City Grand Prix,Autódromo Hermanos Rodríguez,leclerc,69,2,22.69,ferrari,0,0,0,30.299,1,0,Excluded: abnormal long stop,259,85
2024,20,Mexico City Grand Prix,Autódromo Hermanos Rodríguez,maxverstappen,26,1,43.73,red_bull,0,0,0,30.299,1,0,Excluded: abnormal long stop,292,85
2024,20,Mexico City Grand Prix,Autódromo Hermanos Rodríguez,norris,30,1,22.111,mclaren,0,0,0,30.299,1,0,Excluded: abnormal long stop,270,85
2024,20,Mexico City Grand Prix,Autódromo Hermanos Rodríguez,ocon,48,1,23.245,alpine,0,0,0,30.299,1,0,Excluded: abnormal long stop,249,85
2024,20,Mexico City Grand Prix,Autódromo Hermanos Rodríguez,perez,20,1,27.73,red_bull,0,0,0,30.299,1,0,Excluded: abnormal long stop,292,85
2024,20,Mexico City Grand Prix,Autódromo Hermanos Rodríguez,perez,43,2,22.174,red_bull,0,0,0,30.299,1,0,Excluded: abnormal long stop,292,85
2024,20,Mexico City Grand Prix,Autódromo Hermanos Rodríguez,perez,68,3,21.92,red_bull,0,0,0,30.299,1,0,Excluded: abnormal long stop,292,85
2024,20,Mexico City Grand Prix,Autódromo Hermanos Rodríguez,piastri,39,1,21.825,mclaren,0,0,0,30.299,1,0,Excluded: abnormal long stop,270,85
2024,20,Mexico City Grand Prix,Autódromo Hermanos Rodríguez,russell,31,1,22.462,mercedes,0,0,0,30.299,1,0,Excluded: abnormal long stop,278,85
2024,20,Mexico City Grand Prix,Autódromo Hermanos Rodríguez,sainz,32,1,22.249,ferrari,0,0,0,30.299,1,0,Excluded: abnormal long stop,259,85
2024,20,Mexico City Grand Prix,Autódromo Hermanos Rodríguez,stroll,26,1,22.592,aston_martin,0,0,0,30.299,1,0,Excluded: abnormal long stop,271,85
2024,20,Mexico City Grand Prix,Autódromo Hermanos Rodríguez,zhou,43,1,22.935,sauber,0,0,0,30.299,1,0,Excluded: abnormal long stop,74,85
2024,21,São Paulo Grand Prix,Autódromo José Carlos Pace,alonso,32,2,1.4228720000000001,aston_martin,0,0,0,1.4253369999999999,0,1,Excluded: very short stop,271,153
2024,21,São Paulo Grand Prix,Autódromo José Carlos Pace,bearman,32,2,1.4247370000000001,haas,0,0,0,1.4253369999999999,0,1,Excluded: very short stop,272,153
2024,21,São Paulo Grand Prix,Autódromo José Carlos Pace,bottas,32,1,1.422094,sauber,0,0,0,1.4253369999999999,0,1,Excluded: very short stop,74,153
2024,21,São Paulo Grand Prix,Autódromo José Carlos Pace,gasly,32,1,1.407586,alpine,0,0,0,1.4253369999999999,0,1,Excluded: very short stop,249,153
2024,21,São Paulo Grand Prix,Autódromo José Carlos Pace,hamilton,32,2,1.425703,mercedes,0,0,0,1.4253369999999999,1,1,Excluded: very short stop,278,153
2024,21,São Paulo Grand Prix,Autódromo José Carlos Pace,lawson,32,2,1.422722,rb,0,0,0,1.4253369999999999,0,1,Excluded: very short stop,70,153
2024,21,São Paulo Grand Prix,Autódromo José Carlos Pace,leclerc,32,2,1.42026,ferrari,0,0,0,1.4253369999999999,0,1,Excluded: very short stop,259,153
2024,21,São Paulo Grand Prix,Autódromo José Carlos Pace,maxverstappen,32,1,1.4093030000000002,red_bull,0,0,0,1.4253369999999999,0,1,Excluded: very short stop,292,153
2024,21,São Paulo Grand Prix,Autódromo José Carlos Pace,norris,32,2,1.4153630000000001,mclaren,0,0,0,1.4253369999999999,0,1,Excluded: very short stop,270,153
2024,21,São Paulo Grand Prix,Autódromo José Carlos Pace,ocon,32,1,1.408695,alpine,0,0,0,1.4253369999999999,0,1,Excluded: very short stop,249,153
2024,21,São Paulo Grand Prix,Autódromo José Carlos Pace,perez,32,2,1.425215,red_bull,0,0,0,1.4253369999999999,0,1,Excluded: very short stop,292,153
2024,21,São Paulo Grand Prix,Autódromo José Carlos Pace,piastri,32,2,1.42027,mclaren,0,0,0,1.4253369999999999,0,1,Excluded: very short stop,270,153
2024,21,São Paulo Grand Prix,Autódromo José Carlos Pace,russell,32,2,1.415838,mercedes,0,0,0,1.4253369999999999,0,1,Excluded: very short stop,278,153
2024,21,São Paulo Grand Prix,Autódromo José Carlos Pace,sainz,32,2,1.4246590000000001,ferrari,0,0,0,1.4253369999999999,0,1,Excluded: very short stop,259,153
2024,21,São Paulo Grand Prix,Autódromo José Carlos Pace,tsunoda,32,2,1.41903,rb,0,0,0,1.4253369999999999,0,1,Excluded: very short stop,70,153
2024,21,São Paulo Grand Prix,Autódromo José Carlos Pace,zhou,31,3,1.283154,sauber,0,0,0,1.4253369999999999,0,1,Excluded: very short stop,74,153
2024,22,Las Vegas Grand Prix,Las Vegas Strip Street Circuit,albon,9,1,22.012,williams,0,0,0,23.437200000000008,1,0,Excluded: abnormal long stop,271,67
2024,22,Las Vegas Grand Prix,Las Vegas Strip Street Circuit,alonso,4,1,21.407,aston_martin,0,0,0,23.437200000000008,1,0,Excluded: abnormal long stop,271,67
2024,22,Las Vegas Grand Prix,Las Vegas Strip Street Circuit,alonso,24,2,21.407,aston_martin,0,0,0,23.437200000000008,1,0,Excluded: abnormal long stop,271,67
2024,22,Las Vegas Grand Prix,Las Vegas Strip Street Circuit,bottas,17,1,21.623,sauber,0,0,0,23.437200000000008,1,0,Excluded: abnormal long stop,74,67
2024,22,Las Vegas Grand Prix,Las Vegas Strip Street Circuit,bottas,35,2,22.821,sauber,0,0,0,23.437200000000008,1,0,Excluded: abnormal long stop,74,67
2024,22,Las Vegas Grand Prix,Las Vegas Strip Street Circuit,colapinto,16,1,21.17,williams,0,0,0,23.437200000000008,1,0,Excluded: abnormal long stop,271,67
2024,22,Las Vegas Grand Prix,Las Vegas Strip Street Circuit,colapinto,26,2,21.221,williams,0,0,0,23.437200000000008,1,0,Excluded: abnormal long stop,271,67
2024,22,Las Vegas Grand Prix,Las Vegas Strip Street Circuit,gasly,10,1,22.179,alpine,0,0,0,23.437200000000008,1,0,Excluded: abnormal long stop,249,67
2024,22,Las Vegas Grand Prix,Las Vegas Strip Street Circuit,hamilton,13,1,21.067,mercedes,0,0,0,23.437200000000008,1,0,Excluded: abnormal long stop,278,67
2024,22,Las Vegas Grand Prix,Las Vegas Strip Street Circuit,hamilton,27,2,21.355,mercedes,0,0,0,23.437200000000008,1,0,Excluded: abnormal long stop,278,67
2024,22,Las Vegas Grand Prix,Las Vegas Strip Street Circuit,hulkenberg,14,1,21.511,haas,0,0,0,23.437200000000008,1,0,Excluded: abnormal long stop,272,67
2024,22,Las Vegas Grand Prix,Las Vegas Strip Street Circuit,hulkenberg,33,2,21.702,haas,0,0,0,23.437200000000008,1,0,Excluded: abnormal long stop,272,67
2024,22,Las Vegas Grand Prix,Las Vegas Strip Street Circuit,kevinmagnussen,17,1,21.963,haas,0,0,0,23.437200000000008,1,0,Excluded: abnormal long stop,272,67
2024,22,Las Vegas Grand Prix,Las Vegas Strip Street Circuit,lawson,11,1,21.049,rb,0,0,0,23.437200000000008,1,0,Excluded: abnormal long stop,70,67
2024,22,Las Vegas Grand Prix,Las Vegas Strip Street Circuit,lawson,38,2,20.642,rb,0,0,0,23.437200000000008,1,0,Excluded: abnormal long stop,70,67
2024,22,Las Vegas Grand Prix,Las Vegas Strip Street Circuit,leclerc,9,1,21.329,ferrari,0,0,0,23.437200000000008,1,0,Excluded: abnormal long stop,259,67
2024,22,Las Vegas Grand Prix,Las Vegas Strip Street Circuit,leclerc,31,2,21.585,ferrari,0,0,0,23.437200000000008,1,0,Excluded: abnormal long stop,259,67
2024,22,Las Vegas Grand Prix,Las Vegas Strip Street Circuit,maxverstappen,11,1,20.697,red_bull,0,0,0,23.437200000000008,1,0,Excluded: abnormal long stop,292,67
2024,22,Las Vegas Grand Prix,Las Vegas Strip Street Circuit,maxverstappen,27,2,22.254,red_bull,0,0,0,23.437200000000008,1,0,Excluded: abnormal long stop,292,67
2024,22,Las Vegas Grand Prix,Las Vegas Strip Street Circuit,norris,9,1,21.194,mclaren,0,0,0,23.437200000000008,1,0,Excluded: abnormal long stop,270,67
2024,22,Las Vegas Grand Prix,Las Vegas Strip Street Circuit,norris,30,2,20.668,mclaren,0,0,0,23.437200000000008,1,0,Excluded: abnormal long stop,270,67
2024,22,Las Vegas Grand Prix,Las Vegas Strip Street Circuit,norris,48,3,21.059,mclaren,0,0,0,23.437200000000008,1,0,Excluded: abnormal long stop,270,67
2024,22,Las Vegas Grand Prix,Las Vegas Strip Street Circuit,ocon,11,1,15.79,alpine,0,0,0,23.437200000000008,1,0,Excluded: abnormal long stop,249,67
2024,22,Las Vegas Grand Prix,Las Vegas Strip Street Circuit,ocon,12,2,21.142,alpine,0,0,0,23.437200000000008,1,0,Excluded: abnormal long stop,249,67
2024,22,Las Vegas Grand Prix,Las Vegas Strip Street Circuit,ocon,45,3,21.858,alpine,0,0,0,23.437200000000008,1,0,Excluded: abnormal long stop,249,67
2024,22,Las Vegas Grand Prix,Las Vegas Strip Street Circuit,perez,17,1,21.294,red_bull,0,0,0,23.437200000000008,1,0,Excluded: abnormal long stop,292,67
2024,22,Las Vegas Grand Prix,Las Vegas Strip Street Circuit,perez,32,2,21.034,red_bull,0,0,0,23.437200000000008,1,0,Excluded: abnormal long stop,292,67
2024,22,Las Vegas Grand Prix,Las Vegas Strip Street Circuit,piastri,10,1,27.732,mclaren,0,0,0,23.437200000000008,1,0,Excluded: abnormal long stop,270,67
2024,22,Las Vegas Grand Prix,Las Vegas Strip Street Circuit,piastri,25,2,21.082,mclaren,0,0,0,23.437200000000008,1,0,Excluded: abnormal long stop,270,67
2024,22,Las Vegas Grand Prix,Las Vegas Strip Street Circuit,russell,12,1,21.072,mercedes,0,0,0,23.437200000000008,1,0,Excluded: abnormal long stop,278,67
2024,22,Las Vegas Grand Prix,Las Vegas Strip Street Circuit,russell,32,2,20.975,mercedes,0,0,0,23.437200000000008,1,0,Excluded: abnormal long stop,278,67
2024,22,Las Vegas Grand Prix,Las Vegas Strip Street Circuit,sainz,10,1,21.048,ferrari,0,0,0,23.437200000000008,1,0,Excluded: abnormal long stop,259,67
2024,22,Las Vegas Grand Prix,Las Vegas Strip Street Circuit,sainz,28,2,20.879,ferrari,0,0,0,23.437200000000008,1,0,Excluded: abnormal long stop,259,67
2024,22,Las Vegas Grand Prix,Las Vegas Strip Street Circuit,stroll,9,1,34.863,aston_martin,0,0,0,23.437200000000008,1,0,Excluded: abnormal long stop,271,67
2024,22,Las Vegas Grand Prix,Las Vegas Strip Street Circuit,stroll,28,2,21.588,aston_martin,0,0,0,23.437200000000008,1,0,Excluded: abnormal long stop,271,67
2024,22,Las Vegas Grand Prix,Las Vegas Strip Street Circuit,tsunoda,10,1,21.168,rb,0,0,0,23.437200000000008,1,0,Excluded: abnormal long stop,70,67
2024,22,Las Vegas Grand Prix,Las Vegas Strip Street Circuit,tsunoda,29,2,21.208,rb,0,0,0,23.437200000000008,1,0,Excluded: abnormal long stop,70,67
2024,22,Las Vegas Grand Prix,Las Vegas Strip Street Circuit,zhou,11,1,22.96,sauber,0,0,0,23.437200000000008,1,0,Excluded: abnormal long stop,74,67
2024,22,Las Vegas Grand Prix,Las Vegas Strip Street Circuit,zhou,34,2,21.761,sauber,0,0,0,23.437200000000008,1,0,Excluded: abnormal long stop,74,67
2024,23,Qatar Grand Prix,Losail International Circuit,albon,35,1,29.179,williams,0,0,0,38.18079999999999,1,0,Excluded: abnormal long stop,271,141
2024,23,Qatar Grand Prix,Losail International Circuit,albon,36,2,22.71,williams,0,0,0,38.18079999999999,1,0,Excluded: abnormal long stop,271,141
2024,23,Qatar Grand Prix,Losail International Circuit,albon,37,3,36.548,williams,0,0,0,38.18079999999999,1,0,Excluded: abnormal long stop,271,141
2024,23,Qatar Grand Prix,Losail International Circuit,albon,55,4,39.687,williams,0,0,0,38.18079999999999,1,0,Excluded: abnormal long stop,271,141
2024,23,Qatar Grand Prix,Losail International Circuit,alonso,35,1,28.628,aston_martin,0,0,0,38.18079999999999,1,0,Excluded: abnormal long stop,271,141
2024,23,Qatar Grand Prix,Losail International Circuit,alonso,36,2,28.592,aston_martin,0,0,0,38.18079999999999,1,0,Excluded: abnormal long stop,271,141
2024,23,Qatar Grand Prix,Losail International Circuit,alonso,37,3,32.811,aston_martin,0,0,0,38.18079999999999,1,0,Excluded: abnormal long stop,271,141
2024,23,Qatar Grand Prix,Losail International Circuit,bottas,24,1,29.034,sauber,0,0,0,38.18079999999999,1,0,Excluded: abnormal long stop,74,141
2024,23,Qatar Grand Prix,Losail International Circuit,bottas,35,2,28.968,sauber,0,0,0,38.18079999999999,1,0,Excluded: abnormal long stop,74,141
2024,23,Qatar Grand Prix,Losail International Circuit,bottas,36,3,28.14,sauber,0,0,0,38.18079999999999,1,0,Excluded: abnormal long stop,74,141
2024,23,Qatar Grand Prix,Losail International Circuit,gasly,35,1,28.792,alpine,0,0,0,38.18079999999999,1,0,Excluded: abnormal long stop,249,141
2024,23,Qatar Grand Prix,Losail International Circuit,gasly,36,2,22.717,alpine,0,0,0,38.18079999999999,1,0,Excluded: abnormal long stop,249,141
2024,23,Qatar Grand Prix,Losail International Circuit,gasly,37,3,30.488,alpine,0,0,0,38.18079999999999,1,0,Excluded: abnormal long stop,249,141
2024,23,Qatar Grand Prix,Losail International Circuit,hamilton,34,1,37.915,mercedes,0,0,0,38.18079999999999,1,0,Excluded: abnormal long stop,278,141
2024,23,Qatar Grand Prix,Losail International Circuit,hamilton,35,2,23.412,mercedes,0,0,0,38.18079999999999,1,0,Excluded: abnormal long stop,278,141
2024,23,Qatar Grand Prix,Losail International Circuit,hamilton,36,3,26.815,mercedes,0,0,0,38.18079999999999,1,0,Excluded: abnormal long stop,278,141
2024,23,Qatar Grand Prix,Losail International Circuit,hamilton,47,4,22.705,mercedes,0,0,0,38.18079999999999,1,0,Excluded: abnormal long stop,278,141
2024,23,Qatar Grand Prix,Losail International Circuit,hulkenberg,31,2,28.343,haas,0,0,0,38.18079999999999,1,0,Excluded: abnormal long stop,272,141
2024,23,Qatar Grand Prix,Losail International Circuit,hulkenberg,36,3,23.81,haas,0,0,0,38.18079999999999,1,0,Excluded: abnormal long stop,272,141
2024,23,Qatar Grand Prix,Losail International Circuit,hulkenberg,37,4,37.692,haas,0,0,0,38.18079999999999,1,0,Excluded: abnormal long stop,272,141
2024,23,Qatar Grand Prix,Losail International Circuit,kevinmagnussen,27,1,28.543,haas,0,0,0,38.18079999999999,1,0,Excluded: abnormal long stop,272,141
2024,23,Qatar Grand Prix,Losail International Circuit,kevinmagnussen,36,2,22.696,haas,0,0,0,38.18079999999999,1,0,Excluded: abnormal long stop,272,141
2024,23,Qatar Grand Prix,Losail International Circuit,kevinmagnussen,37,3,33.363,haas,0,0,0,38.18079999999999,1,0,Excluded: abnormal long stop,272,141
2024,23,Qatar Grand Prix,Losail International Circuit,lawson,35,1,45.049,rb,0,0,0,38.18079999999999,1,0,Excluded: abnormal long stop,70,141
2024,23,Qatar Grand Prix,Losail International Circuit,lawson,36,2,22.737,rb,0,0,0,38.18079999999999,1,0,Excluded: abnormal long stop,70,141
2024,23,Qatar Grand Prix,Losail International Circuit,lawson,37,3,26.79,rb,0,0,0,38.18079999999999,1,0,Excluded: abnormal long stop,70,141
2024,23,Qatar Grand Prix,Losail International Circuit,lawson,40,4,34.655,rb,0,0,0,38.18079999999999,1,0,Excluded: abnormal long stop,70,141
2024,23,Qatar Grand Prix,Losail International Circuit,leclerc,35,1,28.46,ferrari,0,0,0,38.18079999999999,1,0,Excluded: abnormal long stop,259,141
2024,23,Qatar Grand Prix,Losail International Circuit,leclerc,36,2,25.675,ferrari,0,0,0,38.18079999999999,1,0,Excluded: abnormal long stop,259,141
2024,23,Qatar Grand Prix,Losail International Circuit,leclerc,37,3,28.983,ferrari,0,0,0,38.18079999999999,1,0,Excluded: abnormal long stop,259,141
2024,23,Qatar Grand Prix,Losail International Circuit,maxverstappen,35,1,28.303,red_bull,0,0,0,38.18079999999999,1,0,Excluded: abnormal long stop,292,141
2024,23,Qatar Grand Prix,Losail International Circuit,maxverstappen,36,2,23.884,red_bull,0,0,0,38.18079999999999,1,0,Excluded: abnormal long stop,292,141
2024,23,Qatar Grand Prix,Losail International Circuit,maxverstappen,37,3,22.703,red_bull,0,0,0,38.18079999999999,1,0,Excluded: abnormal long stop,292,141
2024,23,Qatar Grand Prix,Losail International Circuit,norris,35,1,28.024,mclaren,0,0,0,38.18079999999999,1,0,Excluded: abnormal long stop,270,141
2024,23,Qatar Grand Prix,Losail International Circuit,norris,36,2,25.592,mclaren,0,0,0,38.18079999999999,1,0,Excluded: abnormal long stop,270,141
2024,23,Qatar Grand Prix,Losail International Circuit,norris,37,3,28.746,mclaren,0,0,0,38.18079999999999,1,0,Excluded: abnormal long stop,270,141
2024,23,Qatar Grand Prix,Losail International Circuit,norris,45,4,36.069,mclaren,0,0,0,38.18079999999999,1,0,Excluded: abnormal long stop,270,141
2024,23,Qatar Grand Prix,Losail International Circuit,perez,35,1,28.088,red_bull,0,0,0,38.18079999999999,1,0,Excluded: abnormal long stop,292,141
2024,23,Qatar Grand Prix,Losail International Circuit,perez,36,2,22.705,red_bull,0,0,0,38.18079999999999,1,0,Excluded: abnormal long stop,292,141
2024,23,Qatar Grand Prix,Losail International Circuit,perez,37,3,29.459,red_bull,0,0,0,38.18079999999999,1,0,Excluded: abnormal long stop,292,141
2024,23,Qatar Grand Prix,Losail International Circuit,piastri,34,1,27.818,mclaren,0,0,0,38.18079999999999,1,0,Excluded: abnormal long stop,270,141
2024,23,Qatar Grand Prix,Losail International Circuit,piastri,36,2,22.867,mclaren,0,0,0,38.18079999999999,1,0,Excluded: abnormal long stop,270,141
2024,23,Qatar Grand Prix,Losail International Circuit,piastri,37,3,29.326,mclaren,0,0,0,38.18079999999999,1,0,Excluded: abnormal long stop,270,141
2024,23,Qatar Grand Prix,Losail International Circuit,russell,23,1,32.309,mercedes,0,0,0,38.18079999999999,1,0,Excluded: abnormal long stop,278,141
2024,23,Qatar Grand Prix,Losail International Circuit,russell,35,2,27.87,mercedes,0,0,0,38.18079999999999,1,0,Excluded: abnormal long stop,278,141
2024,23,Qatar Grand Prix,Losail International Circuit,russell,36,3,22.763,mercedes,0,0,0,38.18079999999999,1,0,Excluded: abnormal long stop,278,141
2024,23,Qatar Grand Prix,Losail International Circuit,russell,37,4,34.037,mercedes,0,0,0,38.18079999999999,1,0,Excluded: abnormal long stop,278,141
2024,23,Qatar Grand Prix,Losail International Circuit,sainz,34,1,36.143,ferrari,0,0,0,38.18079999999999,1,0,Excluded: abnormal long stop,259,141
2024,23,Qatar Grand Prix,Losail International Circuit,sainz,36,2,22.776,ferrari,0,0,0,38.18079999999999,1,0,Excluded: abnormal long stop,259,141
2024,23,Qatar Grand Prix,Losail International Circuit,sainz,37,3,34.356,ferrari,0,0,0,38.18079999999999,1,0,Excluded: abnormal long stop,259,141
2024,23,Qatar Grand Prix,Losail International Circuit,stroll,7,2,41.674,aston_martin,0,0,0,38.18079999999999,1,0,Excluded: abnormal long stop,271,141
2024,23,Qatar Grand Prix,Losail International Circuit,tsunoda,35,1,29.024,rb,0,0,0,38.18079999999999,1,0,Excluded: abnormal long stop,70,141
2024,23,Qatar Grand Prix,Losail International Circuit,tsunoda,36,2,22.714,rb,0,0,0,38.18079999999999,1,0,Excluded: abnormal long stop,70,141
2024,23,Qatar Grand Prix,Losail International Circuit,tsunoda,37,3,35.849,rb,0,0,0,38.18079999999999,1,0,Excluded: abnormal long stop,70,141
2024,23,Qatar Grand Prix,Losail International Circuit,tsunoda,40,4,29.271,rb,0,0,0,38.18079999999999,1,0,Excluded: abnormal long stop,70,141
2024,23,Qatar Grand Prix,Losail International Circuit,zhou,35,1,29.085,sauber,0,0,0,38.18079999999999,1,0,Excluded: abnormal long stop,74,141
2024,23,Qatar Grand Prix,Losail International Circuit,zhou,36,2,23.228,sauber,0,0,0,38.18079999999999,1,0,Excluded: abnormal long stop,74,141
2024,23,Qatar Grand Prix,Losail International Circuit,zhou,37,3,34.818,sauber,0,0,0,38.18079999999999,1,0,Excluded: abnormal long stop,74,141
2024,24,Abu Dhabi Grand Prix,Yas Marina Circuit,albon,12,1,22.065,williams,0,0,0,32.731300000000005,1,0,Excluded: abnormal long stop,271,125
2024,24,Abu Dhabi Grand Prix,Yas Marina Circuit,alonso,13,1,23.326,aston_martin,0,0,0,32.731300000000005,1,0,Excluded: abnormal long stop,271,125
2024,24,Abu Dhabi Grand Prix,Yas Marina Circuit,alonso,37,2,22.437,aston_martin,0,0,0,32.731300000000005,1,0,Excluded: abnormal long stop,271,125
2024,24,Abu Dhabi Grand Prix,Yas Marina Circuit,bottas,6,1,41.144,sauber,0,0,0,32.731300000000005,1,0,Excluded: abnormal long stop,74,125
2024,24,Abu Dhabi Grand Prix,Yas Marina Circuit,colapinto,3,1,24.941,williams,0,0,0,32.731300000000005,1,0,Excluded: abnormal long stop,271,125
2024,24,Abu Dhabi Grand Prix,Yas Marina Circuit,doohan,22,1,22.08,alpine,0,0,0,32.731300000000005,1,0,Excluded: abnormal long stop,249,125
2024,24,Abu Dhabi Grand Prix,Yas Marina Circuit,gasly,14,1,22.059,alpine,0,0,0,32.731300000000005,1,0,Excluded: abnormal long stop,249,125
2024,24,Abu Dhabi Grand Prix,Yas Marina Circuit,hamilton,34,1,21.694,mercedes,0,0,0,32.731300000000005,1,0,Excluded: abnormal long stop,278,125
2024,24,Abu Dhabi Grand Prix,Yas Marina Circuit,hulkenberg,13,1,21.53,haas,0,0,0,32.731300000000005,1,0,Excluded: abnormal long stop,272,125
2024,24,Abu Dhabi Grand Prix,Yas Marina Circuit,kevinmagnussen,12,1,26.363,haas,0,0,0,32.731300000000005,1,0,Excluded: abnormal long stop,272,125
2024,24,Abu Dhabi Grand Prix,Yas Marina Circuit,kevinmagnussen,29,2,21.678,haas,0,0,0,32.731300000000005,1,0,Excluded: abnormal long stop,272,125
2024,24,Abu Dhabi Grand Prix,Yas Marina Circuit,kevinmagnussen,30,3,22.815,haas,0,0,0,32.731300000000005,1,0,Excluded: abnormal long stop,272,125
2024,24,Abu Dhabi Grand Prix,Yas Marina Circuit,kevinmagnussen,55,4,22.09,haas,0,0,0,32.731300000000005,1,0,Excluded: abnormal long stop,272,125
2024,24,Abu Dhabi Grand Prix,Yas Marina Circuit,lawson,23,1,23.415,rb,0,0,0,32.731300000000005,1,0,Excluded: abnormal long stop,70,125
2024,24,Abu Dhabi Grand Prix,Yas Marina Circuit,lawson,24,2,22.565,rb,0,0,0,32.731300000000005,1,0,Excluded: abnormal long stop,70,125
2024,24,Abu Dhabi Grand Prix,Yas Marina Circuit,lawson,29,3,32.317,rb,0,0,0,32.731300000000005,1,0,Excluded: abnormal long stop,70,125
2024,24,Abu Dhabi Grand Prix,Yas Marina Circuit,leclerc,20,1,21.869,ferrari,0,0,0,32.731300000000005,1,0,Excluded: abnormal long stop,259,125
2024,24,Abu Dhabi Grand Prix,Yas Marina Circuit,maxverstappen,29,1,32.652,red_bull,0,0,0,32.731300000000005,1,0,Excluded: abnormal long stop,292,125
2024,24,Abu Dhabi Grand Prix,Yas Marina Circuit,norris,26,1,21.276,mclaren,0,0,0,32.731300000000005,1,0,Excluded: abnormal long stop,270,125
2024,24,Abu Dhabi Grand Prix,Yas Marina Circuit,piastri,4,1,23.582,mclaren,0,0,0,32.731300000000005,1,0,Excluded: abnormal long stop,270,125
2024,24,Abu Dhabi Grand Prix,Yas Marina Circuit,piastri,32,2,32.774,mclaren,0,0,0,32.731300000000005,1,0,Excluded: abnormal long stop,270,125
2024,24,Abu Dhabi Grand Prix,Yas Marina Circuit,russell,26,1,21.656,mercedes,0,0,0,32.731300000000005,1,0,Excluded: abnormal long stop,278,125
2024,24,Abu Dhabi Grand Prix,Yas Marina Circuit,sainz,25,1,21.28,ferrari,0,0,0,32.731300000000005,1,0,Excluded: abnormal long stop,259,125
2024,24,Abu Dhabi Grand Prix,Yas Marina Circuit,stroll,11,1,23.266,aston_martin,0,0,0,32.731300000000005,1,0,Excluded: abnormal long stop,271,125
2024,24,Abu Dhabi Grand Prix,Yas Marina Circuit,stroll,32,2,22.053,aston_martin,0,0,0,32.731300000000005,1,0,Excluded: abnormal long stop,271,125
2024,24,Abu Dhabi Grand Prix,Yas Marina Circuit,tsunoda,22,1,21.869,rb,0,0,0,32.731300000000005,1,0,Excluded: abnormal long stop,70,125
2024,24,Abu Dhabi Grand Prix,Yas Marina Circuit,zhou,12,1,23.024,sauber,0,0,0,32.731300000000005,1,0,Excluded: abnormal long stop,74,125
2024,24,Abu Dhabi Grand Prix,Yas Marina Circuit,zhou,39,2,28.765,sauber,0,0,0,32.731300000000005,1,0,Excluded: abnormal long stop,74,125
