season,round,race_name,circuit,driver_join_id,pit_lap,stop_number,pit_stop_time_s,constructor,result_status_text,damage_crash_proxy,penalty_text_proxy,track_status,under_safety_car,under_yellow_flag,under_red_flag,under_any_non_green,race_has_safety_car,race_safety_car_lap_share,race_has_yellow_flag,race_has_red_flag,race_q95_stop,very_short_stop_proxy,abnormal_long_stop_proxy,penalty_duration_proxy,penalty_proxy,point_type,constructor_n,circuit_n,pred_simple,pred_adjusted,residual_simple,residual_adjusted
2021,1,Bahrain Grand Prix,Bahrain International Circuit,alonso,11,1,24.373,alpine,Brakes,0,0,unknown,0,0,0,0,0,0,0,0,32.04295,0,1,0,0,Abnormal long stop,249,190,25.808283827243528,25.61576802198673,-1.435283827243527,-1.2427680219867305
2021,1,Bahrain Grand Prix,Bahrain International Circuit,alonso,29,2,24.775,alpine,Brakes,0,0,unknown,0,0,0,0,0,0,0,0,32.04295,0,1,0,0,Abnormal long stop,249,190,25.808283827243528,25.805777387171467,-1.0332838272435296,-1.0307773871714687
2021,1,Bahrain Grand Prix,Bahrain International Circuit,bottas,16,1,24.262,mercedes,Finished,0,0,unknown,0,0,0,0,0,0,0,0,32.04295,0,1,0,0,Abnormal long stop,278,190,25.986966483424503,25.349029874360234,-1.7249664834245024,-1.0870298743602334
2021,1,Bahrain Grand Prix,Bahrain International Circuit,bottas,30,2,32.897,mercedes,Finished,0,0,unknown,0,0,0,0,0,0,0,0,32.04295,0,1,0,0,Abnormal long stop,278,190,25.986966483424503,25.530495690824836,6.910033516575496,7.366504309175163
2021,1,Bahrain Grand Prix,Bahrain International Circuit,bottas,54,3,24.566,mercedes,Finished,0,0,unknown,0,0,0,0,0,0,0,0,32.04295,0,1,0,0,Abnormal long stop,278,190,25.986966483424503,26.063481865395953,-1.420966483424504,-1.4974818653959545
2021,1,Bahrain Grand Prix,Bahrain International Circuit,gasly,4,1,38.338,alphatauri,Retired,1,0,unknown,0,0,0,0,0,0,0,0,32.04295,0,1,0,0,Possible damage/crash race,202,190,25.326147460594886,26.646455468736647,13.011852539405115,11.691544531263354
2021,1,Bahrain Grand Prix,Bahrain International Circuit,gasly,19,2,24.317,alphatauri,Retired,1,0,unknown,0,0,0,0,0,0,0,0,32.04295,0,1,0,0,Possible damage/crash race,202,190,25.326147460594886,26.830057172381288,-1.0091474605948854,-2.513057172381288
2021,1,Bahrain Grand Prix,Bahrain International Circuit,gasly,39,3,24.983,alphatauri,Retired,1,0,unknown,0,0,0,0,0,0,0,0,32.04295,0,1,0,0,Possible damage/crash race,202,190,25.326147460594886,27.35449979823226,-0.343147460594885,-2.3714997982322608
2021,1,Bahrain Grand Prix,Bahrain International Circuit,giovinazzi,12,1,31.998,alfa,+1 Lap,0,0,unknown,0,0,0,0,0,0,0,0,32.04295,0,1,0,0,Abnormal long stop,194,190,25.782742667828536,25.635370690173282,6.215257332171465,6.362629309826719
2021,1,Bahrain Grand Prix,Bahrain International Circuit,giovinazzi,30,2,24.223,alfa,+1 Lap,0,0,unknown,0,0,0,0,0,0,0,0,32.04295,0,1,0,0,Abnormal long stop,194,190,25.782742667828536,25.825380055358018,-1.5597426678285373,-1.6023800553580188
2021,1,Bahrain Grand Prix,Bahrain International Circuit,hamilton,13,1,24.839,mercedes,Finished,0,0,unknown,0,0,0,0,0,0,0,0,32.04295,0,1,0,0,Abnormal long stop,278,190,25.986966483424503,25.34262221282013,-1.1479664834245042,-0.5036222128201331
2021,1,Bahrain Grand Prix,Bahrain International Circuit,hamilton,28,2,24.076,mercedes,Finished,0,0,unknown,0,0,0,0,0,0,0,0,32.04295,0,1,0,0,Abnormal long stop,278,190,25.986966483424503,25.526223916464772,-1.9109664834245024,-1.450223916464772
2021,1,Bahrain Grand Prix,Bahrain International Circuit,latifi,14,1,26.046,williams,Retired,1,0,unknown,0,0,0,0,0,0,0,0,32.04295,0,1,0,0,Possible damage/crash race,271,190,26.83779606192943,27.099650275812557,-0.791796061929432,-1.0536502758125579
2021,1,Bahrain Grand Prix,Bahrain International Circuit,latifi,32,2,23.983,williams,Retired,1,0,unknown,0,0,0,0,0,0,0,0,32.04295,0,1,0,0,Possible damage/crash race,271,190,26.83779606192943,27.289659640997296,-2.854796061929431,-3.306659640997296
2021,1,Bahrain Grand Prix,Bahrain International Circuit,leclerc,12,1,24.925,ferrari,Finished,0,0,unknown,0,0,0,0,0,0,0,0,32.04295,0,1,0,0,Abnormal long stop,259,190,25.615931411045338,25.071218853962918,-0.6909314110453373,-0.14621885396291745
2021,1,Bahrain Grand Prix,Bahrain International Circuit,leclerc,32,2,24.176,ferrari,Finished,0,0,unknown,0,0,0,0,0,0,0,0,32.04295,0,1,0,0,Abnormal long stop,259,190,25.615931411045338,25.265499993507724,-1.4399314110453396,-1.0894999935077259
2021,1,Bahrain Grand Prix,Bahrain International Circuit,maxverstappen,17,1,24.767,red_bull,Finished,0,0,unknown,0,0,0,0,0,0,0,0,32.04295,0,1,0,0,Abnormal long stop,292,190,25.53880113273873,24.792015258143365,-0.7718011327387302,-0.025015258143366026
2021,1,Bahrain Grand Prix,Bahrain International Circuit,maxverstappen,39,2,23.848,red_bull,Finished,0,0,unknown,0,0,0,0,0,0,0,0,32.04295,0,1,0,0,Abnormal long stop,292,190,25.53880113273873,24.99056817204824,-1.6908011327387307,-1.1425681720482395
2021,1,Bahrain Grand Prix,Bahrain International Circuit,mickschumacher,14,1,25.798,haas,+1 Lap,0,0,unknown,0,0,0,0,0,0,0,0,32.04295,0,1,0,0,Abnormal long stop,272,190,26.98634579386108,26.2987795249535,-1.1883457938610817,-0.5007795249535008
2021,1,Bahrain Grand Prix,Bahrain International Circuit,mickschumacher,33,2,25.343,haas,+1 Lap,0,0,unknown,0,0,0,0,0,0,0,0,32.04295,0,1,0,0,Abnormal long stop,272,190,26.98634579386108,26.49092477731827,-1.64334579386108,-1.14792477731827
2021,1,Bahrain Grand Prix,Bahrain International Circuit,norris,12,1,24.899,mclaren,Finished,0,0,unknown,0,0,0,0,0,0,0,0,32.04295,0,1,0,0,Abnormal long stop,270,190,25.589526790454936,25.240438180674865,-0.6905267904549355,-0.34143818067486364
2021,1,Bahrain Grand Prix,Bahrain International Circuit,norris,33,2,25.64,mclaren,Finished,0,0,unknown,0,0,0,0,0,0,0,0,32.04295,0,1,0,0,Abnormal long stop,270,190,25.589526790454936,25.436855207399706,0.05047320954506418,0.20314479260029472
2021,1,Bahrain Grand Prix,Bahrain International Circuit,ocon,13,1,25.226,alpine,+1 Lap,0,0,unknown,0,0,0,0,0,0,0,0,32.04295,0,1,0,0,Abnormal long stop,249,190,25.808283827243528,25.620039796346795,-0.5822838272435291,-0.39403979634679587
2021,1,Bahrain Grand Prix,Bahrain International Circuit,ocon,31,2,24.471,alpine,+1 Lap,0,0,unknown,0,0,0,0,0,0,0,0,32.04295,0,1,0,0,Abnormal long stop,249,190,25.808283827243528,25.810049161531538,-1.3372838272435281,-1.3390491615315376
2021,1,Bahrain Grand Prix,Bahrain International Circuit,perez,2,1,23.993,red_bull,Finished,0,0,unknown,0,0,0,0,0,0,0,0,32.04295,0,1,0,0,Abnormal long stop,292,190,25.53880113273873,24.759976950442855,-1.545801132738731,-0.7669769504428565
2021,1,Bahrain Grand Prix,Bahrain International Circuit,perez,19,2,24.105,red_bull,Finished,0,0,unknown,0,0,0,0,0,0,0,0,32.04295,0,1,0,0,Abnormal long stop,292,190,25.53880113273873,24.94785042844756,-1.4338011327387292,-0.8428504284475586
2021,1,Bahrain Grand Prix,Bahrain International Circuit,perez,38,3,24.191,red_bull,Finished,0,0,unknown,0,0,0,0,0,0,0,0,32.04295,0,1,0,0,Abnormal long stop,292,190,25.53880113273873,25.4701571671185,-1.3478011327387307,-1.2791571671185018
2021,1,Bahrain Grand Prix,Bahrain International Circuit,raikkonen,13,1,24.107,alfa,Finished,0,0,unknown,0,0,0,0,0,0,0,0,32.04295,0,1,0,0,Abnormal long stop,194,190,25.782742667828536,25.637506577353314,-1.675742667828537,-1.5305065773533144
2021,1,Bahrain Grand Prix,Bahrain International Circuit,raikkonen,29,2,24.046,alfa,Finished,0,0,unknown,0,0,0,0,0,0,0,0,32.04295,0,1,0,0,Abnormal long stop,194,190,25.782742667828536,25.823244168177986,-1.736742667828537,-1.7772441681779867
2021,1,Bahrain Grand Prix,Bahrain International Circuit,ricciardo,13,1,24.688,mclaren,Finished,0,0,unknown,0,0,0,0,0,0,0,0,32.04295,0,1,0,0,Abnormal long stop,270,190,25.589526790454936,25.242574067854896,-0.9015267904549376,-0.5545740678548974
2021,1,Bahrain Grand Prix,Bahrain International Circuit,ricciardo,32,2,24.655,mclaren,Finished,0,0,unknown,0,0,0,0,0,0,0,0,32.04295,0,1,0,0,Abnormal long stop,270,190,25.589526790454936,25.43471932021967,-0.9345267904549353,-0.7797193202196695
2021,1,Bahrain Grand Prix,Bahrain International Circuit,russell,13,1,24.621,williams,+1 Lap,0,0,unknown,0,0,0,0,0,0,0,0,32.04295,0,1,0,0,Abnormal long stop,271,190,26.83779606192943,25.633598593145457,-2.2167960619294327,-1.0125985931454586
2021,1,Bahrain Grand Prix,Bahrain International Circuit,russell,36,2,24.248,williams,+1 Lap,0,0,unknown,0,0,0,0,0,0,0,0,32.04295,0,1,0,0,Abnormal long stop,271,190,26.83779606192943,25.83428739423037,-2.5897960619294302,-1.586287394230368
2021,1,Bahrain Grand Prix,Bahrain International Circuit,sainz,15,1,24.353,ferrari,Finished,0,0,unknown,0,0,0,0,0,0,0,0,32.04295,0,1,0,0,Abnormal long stop,259,190,25.615931411045338,25.07762651550302,-1.2629314110453365,-0.7246265155030187
2021,1,Bahrain Grand Prix,Bahrain International Circuit,sainz,37,2,24.341,ferrari,Finished,0,0,unknown,0,0,0,0,0,0,0,0,32.04295,0,1,0,0,Abnormal long stop,259,190,25.615931411045338,25.276179429407893,-1.274931411045337,-0.9351794294078921
2021,1,Bahrain Grand Prix,Bahrain International Circuit,stroll,12,1,24.884,aston_martin,Finished,0,0,unknown,0,0,0,0,0,0,0,0,32.04295,0,1,0,0,Abnormal long stop,271,190,25.803827201064184,25.411053134278504,-0.9198272010641837,-0.5270531342785034
2021,1,Bahrain Grand Prix,Bahrain International Circuit,stroll,28,2,25.525,aston_martin,Finished,0,0,unknown,0,0,0,0,0,0,0,0,32.04295,0,1,0,0,Abnormal long stop,271,190,25.803827201064184,25.596790725103176,-0.27882720106418546,-0.07179072510317752
2021,1,Bahrain Grand Prix,Bahrain International Circuit,tsunoda,15,1,25.046,alphatauri,Finished,0,0,unknown,0,0,0,0,0,0,0,0,32.04295,0,1,0,0,Abnormal long stop,202,190,25.326147460594886,25.20603443222996,-0.28014746059488616,-0.16003443222995983
2021,1,Bahrain Grand Prix,Bahrain International Circuit,tsunoda,33,2,24.328,alphatauri,Finished,0,0,unknown,0,0,0,0,0,0,0,0,32.04295,0,1,0,0,Abnormal long stop,202,190,25.326147460594886,25.3960437974147,-0.9981474605948861,-1.068043797414699
2021,1,Bahrain Grand Prix,Bahrain International Circuit,vettel,24,1,24.626,aston_martin,+1 Lap,0,0,unknown,0,0,0,0,0,0,0,0,32.04295,0,1,0,0,Abnormal long stop,271,190,25.803827201064184,25.43668378043891,-1.1778272010641828,-0.8106837804389073
2021,2,Emilia Romagna Grand Prix,Autodromo Enzo e Dino Ferrari,alonso,32,2,1.488372,alpine,Finished,0,0,unknown,0,0,0,0,0,0,0,0,1.6118594,1,0,0,0,Suspiciously short stop,249,69,23.544737276145767,4.838270304435428,-22.05636527614577,-3.3498983044354276
2021,2,Emilia Romagna Grand Prix,Autodromo Enzo e Dino Ferrari,gasly,32,3,1.453539,alphatauri,Finished,0,0,unknown,0,0,0,0,0,0,0,0,1.6118594,1,0,0,0,Suspiciously short stop,202,69,23.062600909497124,4.901718048208819,-21.609061909497125,-3.448179048208819
2021,2,Emilia Romagna Grand Prix,Autodromo Enzo e Dino Ferrari,giovinazzi,32,2,1.496541,alfa,+1 Lap,0,0,unknown,0,0,0,0,0,0,0,0,1.6118594,1,0,0,0,Suspiciously short stop,194,69,23.519196116730775,4.855737085441943,-22.022655116730775,-3.359196085441943
2021,2,Emilia Romagna Grand Prix,Autodromo Enzo e Dino Ferrari,hamilton,32,3,1.494731,mercedes,Finished,0,0,unknown,0,0,0,0,0,0,0,0,1.6118594,1,0,0,0,Suspiciously short stop,278,69,23.723419932326742,5.042577603159062,-22.22868893232674,-3.547846603159062
2021,2,Emilia Romagna Grand Prix,Autodromo Enzo e Dino Ferrari,leclerc,33,2,1.609484,ferrari,Finished,0,0,unknown,0,0,0,0,0,0,0,0,1.6118594,1,0,0,0,Suspiciously short stop,259,69,23.352384859947577,4.293721136411614,-21.74290085994758,-2.684237136411614
2021,2,Emilia Romagna Grand Prix,Autodromo Enzo e Dino Ferrari,maxverstappen,33,2,1.621361,red_bull,Finished,0,0,unknown,0,0,0,0,0,0,0,0,1.6118594,1,1,0,0,Abnormal long stop,292,69,23.275254581640972,20.620059678087443,-21.653893581640972,-18.998698678087443
2021,2,Emilia Romagna Grand Prix,Autodromo Enzo e Dino Ferrari,mazepin,31,3,1.486154,haas,+2 Laps,0,0,unknown,0,0,0,0,0,0,0,0,1.6118594,1,0,0,0,Suspiciously short stop,272,69,24.722799242763323,5.994463140932361,-23.236645242763323,-4.5083091409323615
2021,2,Emilia Romagna Grand Prix,Autodromo Enzo e Dino Ferrari,mickschumacher,31,3,1.521462,haas,+2 Laps,0,0,unknown,0,0,0,0,0,0,0,0,1.6118594,1,0,0,0,Suspiciously short stop,272,69,24.722799242763323,5.994463140932361,-23.201337242763323,-4.473001140932361
2021,2,Emilia Romagna Grand Prix,Autodromo Enzo e Dino Ferrari,norris,33,2,1.584953,mclaren,Finished,0,0,unknown,0,0,0,0,0,0,0,0,1.6118594,1,0,0,0,Suspiciously short stop,270,69,23.32598023935718,4.462940463123562,-21.74102723935718,-2.8779874631235622
2021,2,Emilia Romagna Grand Prix,Autodromo Enzo e Dino Ferrari,ocon,32,4,1.478974,alpine,Finished,0,0,unknown,0,0,0,0,0,0,0,0,1.6118594,1,0,0,0,Suspiciously short stop,249,69,23.544737276145767,6.804656196637572,-22.065763276145766,-5.325682196637572
2021,2,Emilia Romagna Grand Prix,Autodromo Enzo e Dino Ferrari,perez,33,2,1.5811579999999998,red_bull,Finished,0,0,unknown,0,0,0,0,0,0,0,0,1.6118594,1,0,0,0,Suspiciously short stop,292,69,23.275254581640972,4.003838104691891,-21.694096581640974,-2.422680104691891
2021,2,Emilia Romagna Grand Prix,Autodromo Enzo e Dino Ferrari,raikkonen,32,2,1.492612,alfa,Finished,0,0,unknown,0,0,0,0,0,0,0,0,1.6118594,1,0,0,0,Suspiciously short stop,194,69,23.519196116730775,4.855737085441943,-22.026584116730774,-3.3631250854419426
2021,2,Emilia Romagna Grand Prix,Autodromo Enzo e Dino Ferrari,ricciardo,33,2,1.574827,mclaren,Finished,0,0,unknown,0,0,0,0,0,0,0,0,1.6118594,1,0,0,0,Suspiciously short stop,270,69,23.32598023935718,4.462940463123562,-21.75115323935718,-2.8881134631235623
2021,2,Emilia Romagna Grand Prix,Autodromo Enzo e Dino Ferrari,sainz,33,2,1.582211,ferrari,Finished,0,0,unknown,0,0,0,0,0,0,0,0,1.6118594,1,0,0,0,Suspiciously short stop,259,69,23.352384859947577,4.293721136411614,-21.770173859947576,-2.711510136411614
2021,2,Emilia Romagna Grand Prix,Autodromo Enzo e Dino Ferrari,stroll,32,2,1.49209,aston_martin,Finished,0,0,unknown,0,0,0,0,0,0,0,0,1.6118594,1,0,0,0,Suspiciously short stop,271,69,23.540280649966427,4.631419529547166,-22.048190649966426,-3.139329529547166
2021,2,Emilia Romagna Grand Prix,Autodromo Enzo e Dino Ferrari,tsunoda,32,2,1.491384,alphatauri,Finished,0,0,unknown,0,0,0,0,0,0,0,0,1.6118594,1,0,0,0,Suspiciously short stop,202,69,23.062600909497124,4.419993165958519,-21.571216909497124,-2.9286091659585187
2021,2,Emilia Romagna Grand Prix,Autodromo Enzo e Dino Ferrari,vettel,32,4,1.452323,aston_martin,Gearbox,0,0,unknown,0,0,0,0,0,0,0,0,1.6118594,1,0,0,0,Suspiciously short stop,271,69,23.540280649966427,6.59780542174931,-22.087957649966427,-5.1454824217493105
2021,3,Portuguese Grand Prix,Autódromo Internacional do Algarve,alonso,2,1,21.452,alpine,Finished,0,0,unknown,0,0,0,0,0,0,0,0,27.0872,0,1,0,0,Abnormal long stop,249,60,23.62938218744925,23.591866586556208,-2.177382187449247,-2.139866586556206
2021,3,Portuguese Grand Prix,Autódromo Internacional do Algarve,alonso,3,2,21.621,alpine,Finished,0,0,unknown,0,0,0,0,0,0,0,0,27.0872,0,1,0,0,Abnormal long stop,249,60,23.62938218744925,23.745565869680366,-2.00838218744925,-2.1245658696803673
2021,3,Portuguese Grand Prix,Autódromo Internacional do Algarve,alonso,40,3,26.442,alpine,Finished,0,0,unknown,0,0,0,0,0,0,0,0,27.0872,0,1,0,0,Abnormal long stop,249,60,23.62938218744925,24.306318577591924,2.8126178125507515,2.1356814224080765
2021,3,Portuguese Grand Prix,Autódromo Internacional do Algarve,bottas,2,1,21.377,mercedes,Finished,0,0,unknown,0,0,0,0,0,0,0,0,27.0872,0,1,0,0,Abnormal long stop,278,60,23.80806484363022,23.314449003029544,-2.431064843630221,-1.9374490030295455
2021,3,Portuguese Grand Prix,Autódromo Internacional do Algarve,bottas,3,2,22.072,mercedes,Finished,0,0,unknown,0,0,0,0,0,0,0,0,27.0872,0,1,0,0,Abnormal long stop,278,60,23.80806484363022,23.468148286153706,-1.7360648436302206,-1.3961482861537071
2021,3,Portuguese Grand Prix,Autódromo Internacional do Algarve,bottas,36,3,26.938,mercedes,Finished,0,0,unknown,0,0,0,0,0,0,0,0,27.0872,0,1,0,0,Abnormal long stop,278,60,23.80806484363022,24.02035744534512,3.129935156369779,2.917642554654879
2021,3,Portuguese Grand Prix,Autódromo Internacional do Algarve,bottas,63,4,26.573,mercedes,Finished,0,0,unknown,0,0,0,0,0,0,0,0,27.0872,0,1,0,0,Abnormal long stop,278,60,23.80806484363022,25.562687409157885,2.7649351563697806,1.0103125908421156
2021,3,Portuguese Grand Prix,Autódromo Internacional do Algarve,gasly,2,1,21.353,alphatauri,Finished,0,0,unknown,0,0,0,0,0,0,0,0,27.0872,0,1,0,0,Abnormal long stop,202,60,23.147245820800602,23.173589448079298,-1.794245820800601,-1.8205894480792963
2021,3,Portuguese Grand Prix,Autódromo Internacional do Algarve,gasly,3,2,22.319,alphatauri,Finished,0,0,unknown,0,0,0,0,0,0,0,0,27.0872,0,1,0,0,Abnormal long stop,202,60,23.147245820800602,23.327288731203463,-0.8282458208006034,-1.0082887312034643
2021,3,Portuguese Grand Prix,Autódromo Internacional do Algarve,gasly,24,3,26.172,alphatauri,Finished,0,0,unknown,0,0,0,0,0,0,0,0,27.0872,0,1,0,0,Abnormal long stop,202,60,23.147245820800602,23.853867244234472,3.024754179199398,2.3181327557655287
2021,3,Portuguese Grand Prix,Autódromo Internacional do Algarve,giovinazzi,2,1,22.485,alfa,+1 Lap,0,0,unknown,0,0,0,0,0,0,0,0,27.0872,0,1,0,0,Abnormal long stop,194,60,23.603841028034257,23.609333367562723,-1.1188410280342573,-1.1243333675627234
2021,3,Portuguese Grand Prix,Autódromo Internacional do Algarve,giovinazzi,3,2,22.669,alfa,+1 Lap,0,0,unknown,0,0,0,0,0,0,0,0,27.0872,0,1,0,0,Abnormal long stop,194,60,23.603841028034257,23.763032650686885,-0.9348410280342563,-1.0940326506868843
2021,3,Portuguese Grand Prix,Autódromo Internacional do Algarve,giovinazzi,22,3,26.729,alfa,+1 Lap,0,0,unknown,0,0,0,0,0,0,0,0,27.0872,0,1,0,0,Abnormal long stop,194,60,23.603841028034257,24.28533938935783,3.1251589719657424,2.443660610642169
2021,3,Portuguese Grand Prix,Autódromo Internacional do Algarve,hamilton,2,1,22.426,mercedes,Finished,0,0,unknown,0,0,0,0,0,0,0,0,27.0872,0,1,0,0,Abnormal long stop,278,60,23.80806484363022,23.314449003029544,-1.3820648436302214,-0.888449003029546
2021,3,Portuguese Grand Prix,Autódromo Internacional do Algarve,hamilton,3,2,22.164,mercedes,Finished,0,0,unknown,0,0,0,0,0,0,0,0,27.0872,0,1,0,0,Abnormal long stop,278,60,23.80806484363022,23.468148286153706,-1.6440648436302183,-1.3041482861537048
2021,3,Portuguese Grand Prix,Autódromo Internacional do Algarve,hamilton,37,3,26.907,mercedes,Finished,0,0,unknown,0,0,0,0,0,0,0,0,27.0872,0,1,0,0,Abnormal long stop,278,60,23.80806484363022,24.02249333252516,3.0989351563697802,2.8845066674748416
2021,3,Portuguese Grand Prix,Autódromo Internacional do Algarve,latifi,2,1,21.97,williams,+2 Laps,0,0,unknown,0,0,0,0,0,0,0,0,27.0872,0,1,0,0,Abnormal long stop,271,60,24.658894422135152,23.60542538335487,-2.688894422135153,-1.635425383354871
2021,3,Portuguese Grand Prix,Autódromo Internacional do Algarve,latifi,3,2,21.73,williams,+2 Laps,0,0,unknown,0,0,0,0,0,0,0,0,27.0872,0,1,0,0,Abnormal long stop,271,60,24.658894422135152,23.759124666479035,-2.9288944221351514,-2.029124666479035
2021,3,Portuguese Grand Prix,Autódromo Internacional do Algarve,latifi,24,3,26.595,williams,+2 Laps,0,0,unknown,0,0,0,0,0,0,0,0,27.0872,0,1,0,0,Abnormal long stop,271,60,24.658894422135152,24.285703179510044,1.936105577864847,2.309296820489955
2021,3,Portuguese Grand Prix,Autódromo Internacional do Algarve,leclerc,2,1,21.323,ferrari,Finished,0,0,unknown,0,0,0,0,0,0,0,0,27.0872,0,1,0,0,Abnormal long stop,259,60,23.43702977125106,23.04518153135236,-2.114029771251058,-1.7221815313523585
2021,3,Portuguese Grand Prix,Autódromo Internacional do Algarve,leclerc,3,2,22.587,ferrari,Finished,0,0,unknown,0,0,0,0,0,0,0,0,27.0872,0,1,0,0,Abnormal long stop,259,60,23.43702977125106,23.19888081447652,-0.8500297712510587,-0.6118808144765211
2021,3,Portuguese Grand Prix,Autódromo Internacional do Algarve,leclerc,25,3,27.082,ferrari,Finished,0,0,unknown,0,0,0,0,0,0,0,0,27.0872,0,1,0,0,Abnormal long stop,259,60,23.43702977125106,23.727595214687568,3.6449702287489423,3.3544047853124326
2021,3,Portuguese Grand Prix,Autódromo Internacional do Algarve,maxverstappen,2,1,22.718,red_bull,Finished,0,0,unknown,0,0,0,0,0,0,0,0,27.0872,0,1,0,0,Abnormal long stop,292,60,23.35989949294445,22.755298499632637,-0.6418994929444501,-0.037298499632637316
2021,3,Portuguese Grand Prix,Autódromo Internacional do Algarve,maxverstappen,3,2,22.104,red_bull,Finished,0,0,unknown,0,0,0,0,0,0,0,0,27.0872,0,1,0,0,Abnormal long stop,292,60,23.35989949294445,22.9089977827568,-1.255899492944451,-0.8049977827568
2021,3,Portuguese Grand Prix,Autódromo Internacional do Algarve,maxverstappen,35,3,26.743,red_bull,Finished,0,0,unknown,0,0,0,0,0,0,0,0,27.0872,0,1,0,0,Abnormal long stop,292,60,23.35989949294445,23.459071054768184,3.3831005070555484,3.283928945231814
2021,3,Portuguese Grand Prix,Autódromo Internacional do Algarve,maxverstappen,64,4,26.319,red_bull,Finished,0,0,unknown,0,0,0,0,0,0,0,0,27.0872,0,1,0,0,Abnormal long stop,292,60,23.35989949294445,25.005672792941013,2.959100507055549,1.313327207058986
2021,3,Portuguese Grand Prix,Autódromo Internacional do Algarve,mazepin,2,1,21.372,haas,+2 Laps,0,0,unknown,0,0,0,0,0,0,0,0,27.0872,0,1,0,0,Abnormal long stop,272,60,24.8074441540668,24.268470427982876,-3.4354441540668006,-2.8964704279828766
2021,3,Portuguese Grand Prix,Autódromo Internacional do Algarve,mazepin,3,2,21.404,haas,+2 Laps,0,0,unknown,0,0,0,0,0,0,0,0,27.0872,0,1,0,0,Abnormal long stop,272,60,24.8074441540668,24.42216971110704,-3.4034441540668006,-3.0181697111070385
2021,3,Portuguese Grand Prix,Autódromo Internacional do Algarve,mazepin,31,3,27.186,haas,+2 Laps,0,0,unknown,0,0,0,0,0,0,0,0,27.0872,0,1,0,0,Abnormal long stop,272,60,24.8074441540668,24.96369943439829,2.3785558459331995,2.22230056560171
2021,3,Portuguese Grand Prix,Autódromo Internacional do Algarve,mazepin,43,4,26.984,haas,+2 Laps,0,0,unknown,0,0,0,0,0,0,0,0,27.0872,0,1,0,0,Abnormal long stop,272,60,24.8074441540668,26.473991090510538,2.1765558459332013,0.5100089094894642
2021,3,Portuguese Grand Prix,Autódromo Internacional do Algarve,mickschumacher,2,1,22.019,haas,+2 Laps,0,0,unknown,0,0,0,0,0,0,0,0,27.0872,0,1,0,0,Abnormal long stop,272,60,24.8074441540668,24.268470427982876,-2.788444154066802,-2.249470427982878
2021,3,Portuguese Grand Prix,Autódromo Internacional do Algarve,mickschumacher,3,2,21.454,haas,+2 Laps,0,0,unknown,0,0,0,0,0,0,0,0,27.0872,0,1,0,0,Abnormal long stop,272,60,24.8074441540668,24.42216971110704,-3.3534441540668,-2.9681697111070378
2021,3,Portuguese Grand Prix,Autódromo Internacional do Algarve,mickschumacher,32,3,27.245,haas,+2 Laps,0,0,unknown,0,0,0,0,0,0,0,0,27.0872,0,1,0,0,Abnormal long stop,272,60,24.8074441540668,24.96583532157832,2.4375558459332005,2.2791646784216795
2021,3,Portuguese Grand Prix,Autódromo Internacional do Algarve,norris,2,1,21.407,mclaren,Finished,0,0,unknown,0,0,0,0,0,0,0,0,27.0872,0,1,0,0,Abnormal long stop,270,60,23.410625150660657,23.21440085806431,-2.003625150660657,-1.8074008580643088
2021,3,Portuguese Grand Prix,Autódromo Internacional do Algarve,norris,3,2,22.551,mclaren,Finished,0,0,unknown,0,0,0,0,0,0,0,0,27.0872,0,1,0,0,Abnormal long stop,270,60,23.410625150660657,23.368100141188467,-0.8596251506606585,-0.8171001411884689
2021,3,Portuguese Grand Prix,Autódromo Internacional do Algarve,norris,22,3,26.952,mclaren,Finished,0,0,unknown,0,0,0,0,0,0,0,0,27.0872,0,1,0,0,Abnormal long stop,270,60,23.410625150660657,23.890406879859412,3.541374849339345,3.0615931201405893
2021,3,Portuguese Grand Prix,Autódromo Internacional do Algarve,ocon,2,1,21.275,alpine,Finished,0,0,unknown,0,0,0,0,0,0,0,0,27.0872,0,1,0,0,Abnormal long stop,249,60,23.62938218744925,23.591866586556208,-2.35438218744925,-2.316866586556209
2021,3,Portuguese Grand Prix,Autódromo Internacional do Algarve,ocon,3,2,22.24,alpine,Finished,0,0,unknown,0,0,0,0,0,0,0,0,27.0872,0,1,0,0,Abnormal long stop,249,60,23.62938218744925,23.745565869680366,-1.3893821874492502,-1.5055658696803675
2021,3,Portuguese Grand Prix,Autódromo Internacional do Algarve,ocon,22,3,27.033,alpine,Finished,0,0,unknown,0,0,0,0,0,0,0,0,27.0872,0,1,0,0,Abnormal long stop,249,60,23.62938218744925,24.26787260835131,3.4036178125507526,2.76512739164869
2021,3,Portuguese Grand Prix,Autódromo Internacional do Algarve,perez,2,1,21.89,red_bull,Finished,0,0,unknown,0,0,0,0,0,0,0,0,27.0872,0,1,0,0,Abnormal long stop,292,60,23.35989949294445,22.755298499632637,-1.4698994929444495,-0.8652984996326367
2021,3,Portuguese Grand Prix,Autódromo Internacional do Algarve,perez,3,2,22.1,red_bull,Finished,0,0,unknown,0,0,0,0,0,0,0,0,27.0872,0,1,0,0,Abnormal long stop,292,60,23.35989949294445,22.9089977827568,-1.2598994929444487,-0.8089977827567978
2021,3,Portuguese Grand Prix,Autódromo Internacional do Algarve,perez,51,3,26.607,red_bull,Finished,0,0,unknown,0,0,0,0,0,0,0,0,27.0872,0,1,0,0,Abnormal long stop,292,60,23.35989949294445,23.493245249648727,3.247100507055549,3.113754750351273
2021,3,Portuguese Grand Prix,Autódromo Internacional do Algarve,ricciardo,2,1,21.965,mclaren,Finished,0,0,unknown,0,0,0,0,0,0,0,0,27.0872,0,1,0,0,Abnormal long stop,270,60,23.410625150660657,23.21440085806431,-1.445625150660657,-1.249400858064309
2021,3,Portuguese Grand Prix,Autódromo Internacional do Algarve,ricciardo,3,2,22.355,mclaren,Finished,0,0,unknown,0,0,0,0,0,0,0,0,27.0872,0,1,0,0,Abnormal long stop,270,60,23.410625150660657,23.368100141188467,-1.0556251506606564,-1.0131001411884668
2021,3,Portuguese Grand Prix,Autódromo Internacional do Algarve,ricciardo,41,3,28.639,mclaren,Finished,0,0,unknown,0,0,0,0,0,0,0,0,27.0872,0,1,0,0,Abnormal long stop,270,60,23.410625150660657,23.930988736280057,5.2283748493393425,4.708011263719943
2021,3,Portuguese Grand Prix,Autódromo Internacional do Algarve,russell,2,1,23.532,williams,+1 Lap,0,0,unknown,0,0,0,0,0,0,0,0,27.0872,0,1,0,0,Abnormal long stop,271,60,24.658894422135152,23.60542538335487,-1.1268944221351518,-0.07342538335486992
2021,3,Portuguese Grand Prix,Autódromo Internacional do Algarve,russell,3,2,22.755,williams,+1 Lap,0,0,unknown,0,0,0,0,0,0,0,0,27.0872,0,1,0,0,Abnormal long stop,271,60,24.658894422135152,23.759124666479035,-1.9038944221351528,-1.0041246664790364
2021,3,Portuguese Grand Prix,Autódromo Internacional do Algarve,russell,28,3,26.843,williams,+1 Lap,0,0,unknown,0,0,0,0,0,0,0,0,27.0872,0,1,0,0,Abnormal long stop,271,60,24.658894422135152,24.29424672823018,2.184105577864848,2.5487532717698187
2021,3,Portuguese Grand Prix,Autódromo Internacional do Algarve,sainz,2,1,22.029,ferrari,Finished,0,0,unknown,0,0,0,0,0,0,0,0,27.0872,0,1,0,0,Abnormal long stop,259,60,23.43702977125106,23.04518153135236,-1.4080297712510585,-1.016181531352359
2021,3,Portuguese Grand Prix,Autódromo Internacional do Algarve,sainz,3,2,22.244,ferrari,Finished,0,0,unknown,0,0,0,0,0,0,0,0,27.0872,0,1,0,0,Abnormal long stop,259,60,23.43702977125106,23.19888081447652,-1.1930297712510587,-0.9548808144765211
2021,3,Portuguese Grand Prix,Autódromo Internacional do Algarve,sainz,21,3,25.892,ferrari,Finished,0,0,unknown,0,0,0,0,0,0,0,0,27.0872,0,1,0,0,Abnormal long stop,259,60,23.43702977125106,23.719051665967434,2.454970228748941,2.172948334032565
2021,3,Portuguese Grand Prix,Autódromo Internacional do Algarve,stroll,2,1,22.264,aston_martin,+1 Lap,0,0,unknown,0,0,0,0,0,0,0,0,27.0872,0,1,0,0,Abnormal long stop,271,60,23.624925561269905,23.385015811667948,-1.3609255612699052,-1.1210158116679487
2021,3,Portuguese Grand Prix,Autódromo Internacional do Algarve,stroll,3,2,22.176,aston_martin,+1 Lap,0,0,unknown,0,0,0,0,0,0,0,0,27.0872,0,1,0,0,Abnormal long stop,271,60,23.624925561269905,23.53871509479211,-1.4489255612699061,-1.3627150947921116
2021,3,Portuguese Grand Prix,Autódromo Internacional do Algarve,stroll,39,3,26.027,aston_martin,+1 Lap,0,0,unknown,0,0,0,0,0,0,0,0,27.0872,0,1,0,0,Abnormal long stop,271,60,23.624925561269905,24.09733191552363,2.4020744387300965,1.929668084476372
2021,3,Portuguese Grand Prix,Autódromo Internacional do Algarve,tsunoda,2,1,22.266,alphatauri,+1 Lap,0,0,unknown,0,0,0,0,0,0,0,0,27.0872,0,1,0,0,Abnormal long stop,202,60,23.147245820800602,23.173589448079298,-0.8812458208006042,-0.9075894480792996
2021,3,Portuguese Grand Prix,Autódromo Internacional do Algarve,tsunoda,3,2,22.542,alphatauri,+1 Lap,0,0,unknown,0,0,0,0,0,0,0,0,27.0872,0,1,0,0,Abnormal long stop,202,60,23.147245820800602,23.327288731203463,-0.6052458208006009,-0.7852887312034618
2021,3,Portuguese Grand Prix,Autódromo Internacional do Algarve,tsunoda,21,3,26.202,alphatauri,+1 Lap,0,0,unknown,0,0,0,0,0,0,0,0,27.0872,0,1,0,0,Abnormal long stop,202,60,23.147245820800602,23.84745958269437,3.0547541791993993,2.354540417305632
2021,3,Portuguese Grand Prix,Autódromo Internacional do Algarve,vettel,2,1,21.398,aston_martin,+1 Lap,0,0,unknown,0,0,0,0,0,0,0,0,27.0872,0,1,0,0,Abnormal long stop,271,60,23.624925561269905,23.385015811667948,-2.226925561269905,-1.9870158116679484
2021,3,Portuguese Grand Prix,Autódromo Internacional do Algarve,vettel,3,2,21.75,aston_martin,+1 Lap,0,0,unknown,0,0,0,0,0,0,0,0,27.0872,0,1,0,0,Abnormal long stop,271,60,23.624925561269905,23.53871509479211,-1.8749255612699045,-1.78871509479211
2021,3,Portuguese Grand Prix,Autódromo Internacional do Algarve,vettel,22,3,26.62,aston_martin,+1 Lap,0,0,unknown,0,0,0,0,0,0,0,0,27.0872,0,1,0,0,Abnormal long stop,271,60,23.624925561269905,24.061021833463055,2.9950744387300965,2.5589781665369458
2021,4,Spanish Grand Prix,Circuit de Barcelona-Catalunya,alonso,21,1,22.043,alpine,+1 Lap,0,0,unknown,0,0,0,0,0,0,0,0,26.945999999999998,0,1,0,0,Abnormal long stop,249,172,22.590629105771303,22.808697050934697,-0.5476291057713034,-0.7656970509346976
2021,4,Spanish Grand Prix,Circuit de Barcelona-Catalunya,alonso,61,2,23.479,alpine,+1 Lap,0,0,unknown,0,0,0,0,0,0,0,0,26.945999999999998,0,1,0,0,Abnormal long stop,249,172,22.590629105771303,23.045695934080182,0.8883708942286965,0.43330406591981685
2021,4,Spanish Grand Prix,Circuit de Barcelona-Catalunya,bottas,23,1,22.311,mercedes,Finished,0,0,unknown,0,0,0,0,0,0,0,0,26.945999999999998,0,1,0,0,Abnormal long stop,278,172,22.769311761952277,22.5355512417681,-0.4583117619522774,-0.2245512417681006
2021,4,Spanish Grand Prix,Circuit de Barcelona-Catalunya,bottas,53,2,21.638,mercedes,Finished,0,0,unknown,0,0,0,0,0,0,0,0,26.945999999999998,0,1,0,0,Abnormal long stop,278,172,22.769311761952277,22.751191253113248,-1.1313117619522757,-1.1131912531132464
2021,4,Spanish Grand Prix,Circuit de Barcelona-Catalunya,gasly,18,1,28.042,alphatauri,+1 Lap,0,0,unknown,0,0,0,0,0,0,0,0,26.945999999999998,0,1,0,0,Abnormal long stop,202,172,22.10849273912266,22.384012250917692,5.933507260877342,5.657987749082309
2021,4,Spanish Grand Prix,Circuit de Barcelona-Catalunya,gasly,47,2,26.065,alphatauri,+1 Lap,0,0,unknown,0,0,0,0,0,0,0,0,26.945999999999998,0,1,0,0,Abnormal long stop,202,172,22.10849273912266,22.5975163750828,3.9565072608773413,3.4674836249172003
2021,4,Spanish Grand Prix,Circuit de Barcelona-Catalunya,giovinazzi,8,1,54.673,alfa,+1 Lap,0,0,unknown,0,0,0,0,0,0,0,0,26.945999999999998,0,1,0,0,Abnormal long stop,194,172,22.56508794635631,22.798397298600772,32.10791205364369,31.87460270139923
2021,4,Spanish Grand Prix,Circuit de Barcelona-Catalunya,giovinazzi,39,2,22.871,alfa,+1 Lap,0,0,unknown,0,0,0,0,0,0,0,0,26.945999999999998,0,1,0,0,Abnormal long stop,194,172,22.56508794635631,23.01617319712595,0.3059120536436879,-0.14517319712595267
2021,4,Spanish Grand Prix,Circuit de Barcelona-Catalunya,hamilton,28,1,22.22,mercedes,Finished,0,0,unknown,0,0,0,0,0,0,0,0,26.945999999999998,0,1,0,0,Abnormal long stop,278,172,22.769311761952277,22.54623067766827,-0.5493117619522785,-0.32623067766827063
2021,4,Spanish Grand Prix,Circuit de Barcelona-Catalunya,hamilton,42,2,22.078,mercedes,Finished,0,0,unknown,0,0,0,0,0,0,0,0,26.945999999999998,0,1,0,0,Abnormal long stop,278,172,22.769311761952277,22.72769649413287,-0.691311761952278,-0.649696494132872
2021,4,Spanish Grand Prix,Circuit de Barcelona-Catalunya,latifi,9,1,26.672,williams,+1 Lap,0,0,unknown,0,0,0,0,0,0,0,0,26.945999999999998,0,1,0,0,Abnormal long stop,271,172,23.620141340457206,22.796625201572954,3.051858659542795,3.875374798427046
2021,4,Spanish Grand Prix,Circuit de Barcelona-Catalunya,latifi,27,2,21.424,williams,+1 Lap,0,0,unknown,0,0,0,0,0,0,0,0,26.945999999999998,0,1,0,0,Abnormal long stop,271,172,23.620141340457206,22.986634566757694,-2.1961413404572063,-1.5626345667576942
2021,4,Spanish Grand Prix,Circuit de Barcelona-Catalunya,latifi,50,3,22.405,williams,+1 Lap,0,0,unknown,0,0,0,0,0,0,0,0,26.945999999999998,0,1,0,0,Abnormal long stop,271,172,23.620141340457206,23.517484854148773,-1.2151413404572047,-1.1124848541487715
2021,4,Spanish Grand Prix,Circuit de Barcelona-Catalunya,leclerc,28,1,21.613,ferrari,Finished,0,0,unknown,0,0,0,0,0,0,0,0,26.945999999999998,0,1,0,0,Abnormal long stop,259,172,22.398276689573112,22.27696320599109,-0.7852766895731129,-0.6639632059910916
2021,4,Spanish Grand Prix,Circuit de Barcelona-Catalunya,leclerc,58,2,22.292,ferrari,Finished,0,0,unknown,0,0,0,0,0,0,0,0,26.945999999999998,0,1,0,0,Abnormal long stop,259,172,22.398276689573112,22.492603217336235,-0.10627668957311087,-0.20060321733623354
2021,4,Spanish Grand Prix,Circuit de Barcelona-Catalunya,maxverstappen,24,1,23.565,red_bull,Finished,0,0,unknown,0,0,0,0,0,0,0,0,26.945999999999998,0,1,0,0,Abnormal long stop,292,172,22.321146411266504,21.97853662555123,1.2438535887334972,1.5864633744487726
2021,4,Spanish Grand Prix,Circuit de Barcelona-Catalunya,maxverstappen,60,2,21.592,red_bull,Finished,0,0,unknown,0,0,0,0,0,0,0,0,26.945999999999998,0,1,0,0,Abnormal long stop,292,172,22.321146411266504,22.20699195997658,-0.7291464112665054,-0.6149919599765816
2021,4,Spanish Grand Prix,Circuit de Barcelona-Catalunya,mazepin,22,1,23.098,haas,+2 Laps,0,0,unknown,0,0,0,0,0,0,0,0,26.945999999999998,0,1,0,0,Abnormal long stop,272,172,23.768691072388854,23.487436779541397,-0.6706910723888555,-0.38943677954139844
2021,4,Spanish Grand Prix,Circuit de Barcelona-Catalunya,mazepin,42,2,22.502,haas,+2 Laps,0,0,unknown,0,0,0,0,0,0,0,0,26.945999999999998,0,1,0,0,Abnormal long stop,272,172,23.768691072388854,23.681717919086207,-1.2666910723888556,-1.1797179190862082
2021,4,Spanish Grand Prix,Circuit de Barcelona-Catalunya,mickschumacher,23,1,24.006,haas,+2 Laps,0,0,unknown,0,0,0,0,0,0,0,0,26.945999999999998,0,1,0,0,Abnormal long stop,272,172,23.768691072388854,23.489572666721436,0.23730892761114575,0.516427333278564
2021,4,Spanish Grand Prix,Circuit de Barcelona-Catalunya,mickschumacher,50,2,22.31,haas,+2 Laps,0,0,unknown,0,0,0,0,0,0,0,0,26.945999999999998,0,1,0,0,Abnormal long stop,272,172,23.768691072388854,23.698805016526478,-1.4586910723888558,-1.3888050165264794
2021,4,Spanish Grand Prix,Circuit de Barcelona-Catalunya,norris,23,1,21.864,mclaren,+1 Lap,0,0,unknown,0,0,0,0,0,0,0,0,26.945999999999998,0,1,0,0,Abnormal long stop,270,172,22.37187206898271,22.43550309680287,-0.5078720689827101,-0.5715030968028678
2021,4,Spanish Grand Prix,Circuit de Barcelona-Catalunya,norris,51,2,22.467,mclaren,+1 Lap,0,0,unknown,0,0,0,0,0,0,0,0,26.945999999999998,0,1,0,0,Abnormal long stop,270,172,22.37187206898271,22.646871333787946,0.09512793101728789,-0.17987133378794695
2021,4,Spanish Grand Prix,Circuit de Barcelona-Catalunya,ocon,23,1,22.798,alpine,+1 Lap,0,0,unknown,0,0,0,0,0,0,0,0,26.945999999999998,0,1,0,0,Abnormal long stop,249,172,22.590629105771303,22.812968825294767,0.2073708942286956,-0.014968825294769061
2021,4,Spanish Grand Prix,Circuit de Barcelona-Catalunya,perez,27,1,22.382,red_bull,Finished,0,0,unknown,0,0,0,0,0,0,0,0,26.945999999999998,0,1,0,0,Abnormal long stop,292,172,22.321146411266504,21.98494428709133,0.06085358873349733,0.3970557129086707
2021,4,Spanish Grand Prix,Circuit de Barcelona-Catalunya,perez,57,2,21.345,red_bull,Finished,0,0,unknown,0,0,0,0,0,0,0,0,26.945999999999998,0,1,0,0,Abnormal long stop,292,172,22.321146411266504,22.20058429843648,-0.9761464112665053,-0.8555842984364794
2021,4,Spanish Grand Prix,Circuit de Barcelona-Catalunya,raikkonen,37,1,21.572,alfa,+1 Lap,0,0,unknown,0,0,0,0,0,0,0,0,26.945999999999998,0,1,0,0,Abnormal long stop,194,172,22.56508794635631,22.860338026821758,-0.9930879463563116,-1.2883380268217586
2021,4,Spanish Grand Prix,Circuit de Barcelona-Catalunya,ricciardo,25,1,22.406,mclaren,Finished,0,0,unknown,0,0,0,0,0,0,0,0,26.945999999999998,0,1,0,0,Abnormal long stop,270,172,22.37187206898271,22.439774871162935,0.03412793101728795,-0.03377487116293665
2021,4,Spanish Grand Prix,Circuit de Barcelona-Catalunya,ricciardo,46,2,21.762,mclaren,Finished,0,0,unknown,0,0,0,0,0,0,0,0,26.945999999999998,0,1,0,0,Abnormal long stop,270,172,22.37187206898271,22.636191897887773,-0.6098720689827104,-0.8741918978877727
2021,4,Spanish Grand Prix,Circuit de Barcelona-Catalunya,russell,9,1,23.814,williams,+1 Lap,0,0,unknown,0,0,0,0,0,0,0,0,26.945999999999998,0,1,0,0,Abnormal long stop,271,172,23.620141340457206,22.796625201572954,0.19385865954279424,1.0173747984270456
2021,4,Spanish Grand Prix,Circuit de Barcelona-Catalunya,russell,28,2,21.919,williams,+1 Lap,0,0,unknown,0,0,0,0,0,0,0,0,26.945999999999998,0,1,0,0,Abnormal long stop,271,172,23.620141340457206,22.988770453937725,-1.7011413404572053,-1.0697704539377249
2021,4,Spanish Grand Prix,Circuit de Barcelona-Catalunya,sainz,22,1,21.779,ferrari,Finished,0,0,unknown,0,0,0,0,0,0,0,0,26.945999999999998,0,1,0,0,Abnormal long stop,259,172,22.398276689573112,22.264147882910887,-0.6192766895731125,-0.48514788291088706
2021,4,Spanish Grand Prix,Circuit de Barcelona-Catalunya,sainz,46,2,21.856,ferrari,Finished,0,0,unknown,0,0,0,0,0,0,0,0,26.945999999999998,0,1,0,0,Abnormal long stop,259,172,22.398276689573112,22.466972571175827,-0.5422766895731108,-0.6109725711758252
2021,4,Spanish Grand Prix,Circuit de Barcelona-Catalunya,stroll,22,1,21.756,aston_martin,+1 Lap,0,0,unknown,0,0,0,0,0,0,0,0,26.945999999999998,0,1,0,0,Abnormal long stop,271,172,22.58617247959196,22.60398216322647,-0.8301724795919583,-0.8479821632264688
2021,4,Spanish Grand Prix,Circuit de Barcelona-Catalunya,stroll,39,2,21.432,aston_martin,+1 Lap,0,0,unknown,0,0,0,0,0,0,0,0,26.945999999999998,0,1,0,0,Abnormal long stop,271,172,22.58617247959196,22.791855641231177,-1.15417247959196,-1.359855641231178
2021,4,Spanish Grand Prix,Circuit de Barcelona-Catalunya,vettel,21,1,23.087,aston_martin,+1 Lap,0,0,unknown,0,0,0,0,0,0,0,0,26.945999999999998,0,1,0,0,Abnormal long stop,271,172,22.58617247959196,22.601846276046437,0.5008275204080412,0.4851537239535624
2021,4,Spanish Grand Prix,Circuit de Barcelona-Catalunya,vettel,38,2,21.973,aston_martin,+1 Lap,0,0,unknown,0,0,0,0,0,0,0,0,26.945999999999998,0,1,0,0,Abnormal long stop,271,172,22.58617247959196,22.78971975405114,-0.6131724795919595,-0.8167197540511424
2021,5,Monaco Grand Prix,Circuit de Monaco,alonso,45,1,23.803,alpine,+1 Lap,0,0,unknown,0,0,0,0,0,0,0,0,24.8375,0,1,0,0,Abnormal long stop,249,71,19.90461703412053,25.62980902720794,3.8983829658794704,-1.8268090272079398
2021,5,Monaco Grand Prix,Circuit de Monaco,gasly,30,1,24.428,alphatauri,Finished,0,0,unknown,0,0,0,0,0,0,0,0,24.8375,0,1,0,0,Abnormal long stop,202,71,19.422480667471888,25.179493581030528,5.005519332528113,-0.7514935810305268
2021,5,Monaco Grand Prix,Circuit de Monaco,giovinazzi,33,1,24.521,alfa,+1 Lap,0,0,unknown,0,0,0,0,0,0,0,0,24.8375,0,1,0,0,Abnormal long stop,194,71,19.87907587470554,25.62164516205405,4.641924125294462,-1.1006451620540503
2021,5,Monaco Grand Prix,Circuit de Monaco,hamilton,29,1,23.783,mercedes,Finished,0,0,unknown,0,0,0,0,0,0,0,0,24.8375,0,1,0,0,Abnormal long stop,278,71,20.083299690301505,25.318217248800735,3.699700309698496,-1.535217248800734
2021,5,Monaco Grand Prix,Circuit de Monaco,hamilton,67,2,24.244,mercedes,Finished,0,0,unknown,0,0,0,0,0,0,0,0,24.8375,0,1,0,0,Abnormal long stop,278,71,20.083299690301505,25.550944357586154,4.160700309698495,-1.3069443575861541
2021,5,Monaco Grand Prix,Circuit de Monaco,latifi,43,1,23.703,williams,+1 Lap,0,0,unknown,0,0,0,0,0,0,0,0,24.8375,0,1,0,0,Abnormal long stop,271,71,20.934129268806437,25.639096049646536,2.7688707311935623,-1.9360960496465367
2021,5,Monaco Grand Prix,Circuit de Monaco,maxverstappen,34,1,23.746,red_bull,Finished,0,0,unknown,0,0,0,0,0,0,0,0,24.8375,0,1,0,0,Abnormal long stop,292,71,19.635134339615732,24.769746181303997,4.110865660384267,-1.0237461813039985
2021,5,Monaco Grand Prix,Circuit de Monaco,mazepin,34,1,25.202,haas,+3 Laps,0,0,unknown,0,0,0,0,0,0,0,0,24.8375,0,1,0,0,Abnormal long stop,272,71,21.082679000738086,26.282918109654236,4.119320999261916,-1.0809181096542346
2021,5,Monaco Grand Prix,Circuit de Monaco,mickschumacher,37,1,24.797,haas,+3 Laps,0,0,unknown,0,0,0,0,0,0,0,0,24.8375,0,1,0,0,Abnormal long stop,272,71,21.082679000738086,26.28932577119434,3.714320999261915,-1.4923257711943378
2021,5,Monaco Grand Prix,Circuit de Monaco,norris,30,1,23.874,mclaren,Finished,0,0,unknown,0,0,0,0,0,0,0,0,24.8375,0,1,0,0,Abnormal long stop,270,71,19.685859997331942,25.22030499101553,4.188140002668057,-1.3463049910155327
2021,5,Monaco Grand Prix,Circuit de Monaco,ocon,37,1,23.935,alpine,+1 Lap,0,0,unknown,0,0,0,0,0,0,0,0,24.8375,0,1,0,0,Abnormal long stop,249,71,19.90461703412053,25.61272192976767,4.030382965879468,-1.6777219297676709
2021,5,Monaco Grand Prix,Circuit de Monaco,perez,35,1,24.548,red_bull,Finished,0,0,unknown,0,0,0,0,0,0,0,0,24.8375,0,1,0,0,Abnormal long stop,292,71,19.635134339615732,24.771882068484032,4.912865660384266,-0.22388206848403414
2021,5,Monaco Grand Prix,Circuit de Monaco,raikkonen,43,1,24.077,alfa,+1 Lap,0,0,unknown,0,0,0,0,0,0,0,0,24.8375,0,1,0,0,Abnormal long stop,194,71,19.87907587470554,25.64300403385439,4.197924125294463,-1.5660040338543872
2021,5,Monaco Grand Prix,Circuit de Monaco,ricciardo,36,1,24.715,mclaren,+1 Lap,0,0,unknown,0,0,0,0,0,0,0,0,24.8375,0,1,0,0,Abnormal long stop,270,71,19.685859997331942,25.233120314095736,5.029140002668058,-0.5181203140957358
2021,5,Monaco Grand Prix,Circuit de Monaco,russell,31,1,23.928,williams,+1 Lap,0,0,unknown,0,0,0,0,0,0,0,0,24.8375,0,1,0,0,Abnormal long stop,271,71,20.934129268806437,25.613465403486128,2.9938707311935637,-1.685465403486127
2021,5,Monaco Grand Prix,Circuit de Monaco,sainz,32,1,24.15,ferrari,Finished,0,0,unknown,0,0,0,0,0,0,0,0,24.8375,0,1,0,0,Abnormal long stop,259,71,19.71226461792234,25.055357438663656,4.437735382077658,-0.9053574386636569
2021,5,Monaco Grand Prix,Circuit de Monaco,stroll,58,1,23.474,aston_martin,+1 Lap,0,0,unknown,0,0,0,0,0,0,0,0,24.8375,0,1,0,0,Abnormal long stop,271,71,19.90016040794119,25.450724785660125,3.5738395920588104,-1.9767247856601244
2021,5,Monaco Grand Prix,Circuit de Monaco,tsunoda,64,1,24.43,alphatauri,+1 Lap,0,0,unknown,0,0,0,0,0,0,0,0,24.8375,0,1,0,0,Abnormal long stop,202,71,19.422480667471888,25.252113745151682,5.007519332528112,-0.8221137451516825
2021,5,Monaco Grand Prix,Circuit de Monaco,vettel,31,1,24.369,aston_martin,Finished,0,0,unknown,0,0,0,0,0,0,0,0,24.8375,0,1,0,0,Abnormal long stop,271,71,19.90016040794119,25.393055831799206,4.46883959205881,-1.0240558317992061
2021,6,Azerbaijan Grand Prix,Baku City Circuit,alonso,48,4,2.014526,alpine,Finished,0,0,unknown,0,0,0,0,0,0,0,0,2.0385726,0,0,0,0,Normal stop,249,88,17.812415605336966,6.196777431671573,-15.797889605336966,-4.182251431671573
2021,6,Azerbaijan Grand Prix,Baku City Circuit,bottas,48,3,2.035229,mercedes,Finished,0,0,unknown,0,0,0,0,0,0,0,0,2.0385726,0,0,0,0,Normal stop,278,88,17.99109826151794,4.434698838193064,-15.95586926151794,-2.399469838193064
2021,6,Azerbaijan Grand Prix,Baku City Circuit,gasly,48,3,2.00183,alphatauri,Finished,0,0,unknown,0,0,0,0,0,0,0,0,2.0385726,0,0,0,0,Normal stop,202,88,17.330279238688323,4.293839283242821,-15.328449238688323,-2.2920092832428214
2021,6,Azerbaijan Grand Prix,Baku City Circuit,giovinazzi,48,4,2.017324,alfa,Finished,0,0,unknown,0,0,0,0,0,0,0,0,2.0385726,0,0,0,0,Normal stop,194,88,17.786874445921978,6.214244212678089,-15.769550445921977,-4.196920212678089
2021,6,Azerbaijan Grand Prix,Baku City Circuit,hamilton,48,3,2.000923,mercedes,Finished,0,0,unknown,0,0,0,0,0,0,0,0,2.0385726,0,0,0,0,Normal stop,278,88,17.99109826151794,4.434698838193064,-15.99017526151794,-2.4337758381930645
2021,6,Azerbaijan Grand Prix,Baku City Circuit,latifi,48,2,2.048175,williams,Finished,0,0,unknown,0,0,0,0,0,0,0,0,2.0385726,0,1,0,0,Abnormal long stop,271,88,18.841927840022873,20.860171909663645,-16.793752840022872,-18.811996909663645
2021,6,Azerbaijan Grand Prix,Baku City Circuit,leclerc,48,3,2.002544,ferrari,Finished,0,0,unknown,0,0,0,0,0,0,0,0,2.0385726,0,0,0,0,Normal stop,259,88,17.62006318913878,4.165431366515882,-15.617519189138779,-2.1628873665158825
2021,6,Azerbaijan Grand Prix,Baku City Circuit,mazepin,47,5,1.828965,haas,Finished,0,0,unknown,0,0,0,0,0,0,0,0,2.0385726,0,0,0,0,Normal stop,272,88,18.99047757195452,5.380457647787782,-17.16151257195452,-3.551492647787782
2021,6,Azerbaijan Grand Prix,Baku City Circuit,mickschumacher,48,5,2.014176,haas,Finished,0,0,unknown,0,0,0,0,0,0,0,0,2.0385726,0,0,0,0,Normal stop,272,88,18.99047757195452,5.382593534967816,-16.976301571954522,-3.368417534967816
2021,6,Azerbaijan Grand Prix,Baku City Circuit,norris,48,3,2.010409,mclaren,Finished,0,0,unknown,0,0,0,0,0,0,0,0,2.0385726,0,0,0,0,Normal stop,270,88,17.593658568548378,4.33465069322783,-15.583249568548379,-2.3242416932278296
2021,6,Azerbaijan Grand Prix,Baku City Circuit,perez,48,3,1.9984659999999999,red_bull,Finished,0,0,unknown,0,0,0,0,0,0,0,0,2.0385726,0,0,0,0,Normal stop,292,88,17.54293291083217,3.875548334796159,-15.54446691083217,-1.8770823347961592
2021,6,Azerbaijan Grand Prix,Baku City Circuit,raikkonen,48,3,2.016437,alfa,Finished,0,0,unknown,0,0,0,0,0,0,0,0,2.0385726,0,0,0,0,Normal stop,194,88,17.786874445921978,4.7295832027262446,-15.770437445921978,-2.7131462027262447
2021,6,Azerbaijan Grand Prix,Baku City Circuit,ricciardo,48,3,2.015163,mclaren,Finished,0,0,unknown,0,0,0,0,0,0,0,0,2.0385726,0,0,0,0,Normal stop,270,88,17.593658568548378,4.33465069322783,-15.578495568548378,-2.31948769322783
2021,6,Azerbaijan Grand Prix,Baku City Circuit,russell,48,4,2.036172,williams,Gearbox,0,0,unknown,0,0,0,0,0,0,0,0,2.0385726,0,0,0,0,Normal stop,271,88,18.841927840022873,6.210336228470236,-16.805755840022872,-4.174164228470236
2021,6,Azerbaijan Grand Prix,Baku City Circuit,sainz,48,3,2.012724,ferrari,Finished,0,0,unknown,0,0,0,0,0,0,0,0,2.0385726,0,0,0,0,Normal stop,259,88,17.62006318913878,4.165431366515882,-15.607339189138779,-2.1527073665158825
2021,6,Azerbaijan Grand Prix,Baku City Circuit,tsunoda,48,3,2.003526,alphatauri,Finished,0,0,unknown,0,0,0,0,0,0,0,0,2.0385726,0,0,0,0,Normal stop,202,88,17.330279238688323,4.293839283242821,-15.326753238688323,-2.2903132832428215
2021,6,Azerbaijan Grand Prix,Baku City Circuit,vettel,48,3,2.000416,aston_martin,Finished,0,0,unknown,0,0,0,0,0,0,0,0,2.0385726,0,0,0,0,Normal stop,271,88,17.807958979157625,4.505265646831468,-15.807542979157626,-2.504849646831468
2021,7,French Grand Prix,Circuit Paul Ricard,alonso,18,1,31.288,alpine,Finished,0,0,unknown,0,0,0,0,0,0,0,0,31.365949999999998,0,1,0,0,Abnormal long stop,249,47,34.52832253256644,34.0791296098287,-3.2403225325664415,-2.7911296098286975
2021,7,French Grand Prix,Circuit Paul Ricard,bottas,17,1,30.572,mercedes,Finished,0,0,unknown,0,0,0,0,0,0,0,0,31.365949999999998,0,1,0,0,Abnormal long stop,278,47,34.70700518874742,33.799576139121996,-4.135005188747417,-3.2275761391219966
2021,7,French Grand Prix,Circuit Paul Ricard,gasly,17,1,30.781,alphatauri,Finished,0,0,unknown,0,0,0,0,0,0,0,0,31.365949999999998,0,1,0,0,Abnormal long stop,202,47,34.046186165917796,33.658716584171756,-3.2651861659177968,-2.8777165841717576
2021,7,French Grand Prix,Circuit Paul Ricard,giovinazzi,28,1,30.586,alfa,+1 Lap,0,0,unknown,0,0,0,0,0,0,0,0,31.365949999999998,0,1,0,0,Abnormal long stop,194,47,34.50278137315145,34.11795526263555,-3.9167813731514514,-3.531955262635549
2021,7,French Grand Prix,Circuit Paul Ricard,hamilton,19,1,30.263,mercedes,Finished,0,0,unknown,0,0,0,0,0,0,0,0,31.365949999999998,0,1,0,0,Abnormal long stop,278,47,34.70700518874742,33.80384791348206,-4.444005188747415,-3.5408479134820574
2021,7,French Grand Prix,Circuit Paul Ricard,latifi,18,1,29.775,williams,+1 Lap,0,0,unknown,0,0,0,0,0,0,0,0,31.365949999999998,0,1,0,0,Abnormal long stop,271,47,35.557834767252345,34.09268840662736,-5.782834767252346,-4.3176884066273615
2021,7,French Grand Prix,Circuit Paul Ricard,leclerc,14,1,30.798,ferrari,+1 Lap,0,0,unknown,0,0,0,0,0,0,0,0,31.365949999999998,0,1,0,0,Abnormal long stop,259,47,34.33597011636825,33.52390100590472,-3.5379701163682533,-2.7259010059047206
2021,7,French Grand Prix,Circuit Paul Ricard,leclerc,38,2,31.368,ferrari,+1 Lap,0,0,unknown,0,0,0,0,0,0,0,0,31.365949999999998,0,1,0,0,Abnormal long stop,259,47,34.33597011636825,33.72672569416966,-2.967970116368253,-2.35872569416966
2021,7,French Grand Prix,Circuit Paul Ricard,maxverstappen,18,1,29.803,red_bull,Finished,0,0,unknown,0,0,0,0,0,0,0,0,31.365949999999998,0,1,0,0,Abnormal long stop,292,47,34.25883983806165,33.24256152290513,-4.455839838061646,-3.4395615229051266
2021,7,French Grand Prix,Circuit Paul Ricard,maxverstappen,32,2,30.123,red_bull,Finished,0,0,unknown,0,0,0,0,0,0,0,0,31.365949999999998,0,1,0,0,Abnormal long stop,292,47,34.25883983806165,33.42402733936973,-4.135839838061646,-3.3010273393697283
2021,7,French Grand Prix,Circuit Paul Ricard,mazepin,31,1,30.983,haas,+1 Lap,0,0,unknown,0,0,0,0,0,0,0,0,31.365949999999998,0,1,0,0,Abnormal long stop,272,47,35.706384499184,34.78349998459581,-4.723384499183997,-3.800499984595806
2021,7,French Grand Prix,Circuit Paul Ricard,mickschumacher,15,1,31.457,haas,+1 Lap,0,0,unknown,0,0,0,0,0,0,0,0,31.365949999999998,0,1,0,0,Abnormal long stop,272,47,35.706384499184,34.749325789715265,-4.249384499183996,-3.292325789715264
2021,7,French Grand Prix,Circuit Paul Ricard,norris,24,1,30.531,mclaren,Finished,0,0,unknown,0,0,0,0,0,0,0,0,31.365949999999998,0,1,0,0,Abnormal long stop,270,47,34.30956549577785,33.714479204417,-3.7785654957778547,-3.1834792044170044
2021,7,French Grand Prix,Circuit Paul Ricard,ocon,28,1,30.207,alpine,+1 Lap,0,0,unknown,0,0,0,0,0,0,0,0,31.365949999999998,0,1,0,0,Abnormal long stop,249,47,34.52832253256644,34.100488481629036,-4.321322532566441,-3.893488481629035
2021,7,French Grand Prix,Circuit Paul Ricard,perez,24,1,29.682,red_bull,Finished,0,0,unknown,0,0,0,0,0,0,0,0,31.365949999999998,0,1,0,0,Abnormal long stop,292,47,34.25883983806165,33.255376845985325,-4.576839838061648,-3.573376845985326
2021,7,French Grand Prix,Circuit Paul Ricard,raikkonen,33,1,31.327,alfa,+1 Lap,0,0,unknown,0,0,0,0,0,0,0,0,31.365949999999998,0,1,0,0,Abnormal long stop,194,47,34.50278137315145,34.12863469853572,-3.175781373151448,-2.801634698535718
2021,7,French Grand Prix,Circuit Paul Ricard,ricciardo,16,1,29.951,mclaren,Finished,0,0,unknown,0,0,0,0,0,0,0,0,31.365949999999998,0,1,0,0,Abnormal long stop,270,47,34.30956549577785,33.69739210697673,-4.358565495777853,-3.746392106976728
2021,7,French Grand Prix,Circuit Paul Ricard,russell,17,1,30.092,williams,+1 Lap,0,0,unknown,0,0,0,0,0,0,0,0,31.365949999999998,0,1,0,0,Abnormal long stop,271,47,35.557834767252345,34.09055251944733,-5.465834767252346,-3.9985525194473297
2021,7,French Grand Prix,Circuit Paul Ricard,sainz,17,1,30.534,ferrari,Finished,0,0,unknown,0,0,0,0,0,0,0,0,31.365949999999998,0,1,0,0,Abnormal long stop,259,47,34.33597011636825,33.530308667444814,-3.8019701163682527,-2.996308667444815
2021,7,French Grand Prix,Circuit Paul Ricard,stroll,34,1,30.996,aston_martin,Finished,0,0,unknown,0,0,0,0,0,0,0,0,31.365949999999998,0,1,0,0,Abnormal long stop,271,47,34.5238659063871,33.90645302982098,-3.5278659063871025,-2.9104530298209816
2021,7,French Grand Prix,Circuit Paul Ricard,tsunoda,15,1,30.226,alphatauri,+1 Lap,0,0,unknown,0,0,0,0,0,0,0,0,31.365949999999998,0,1,0,0,Abnormal long stop,202,47,34.046186165917796,33.654444809811686,-3.8201861659177965,-3.428444809811687
2021,7,French Grand Prix,Circuit Paul Ricard,vettel,37,1,31.069,aston_martin,Finished,0,0,unknown,0,0,0,0,0,0,0,0,31.365949999999998,0,1,0,0,Abnormal long stop,271,47,34.5238659063871,33.91286069136108,-3.454865906387102,-2.8438606913610833
2021,8,Styrian Grand Prix,Red Bull Ring,alonso,27,1,21.131,alpine,+1 Lap,0,0,unknown,0,0,0,0,0,0,0,0,36.61739999999999,0,1,0,0,Abnormal long stop,249,192,22.069031177667675,21.87005982144261,-0.9380311776676749,-0.7390598214426092
2021,8,Styrian Grand Prix,Red Bull Ring,bottas,27,1,21.752,mercedes,Finished,0,0,unknown,0,0,0,0,0,0,0,0,36.61739999999999,0,1,0,0,Abnormal long stop,278,192,22.24771383384865,21.592642237915946,-0.49571383384865086,0.15935776208405272
2021,8,Styrian Grand Prix,Red Bull Ring,giovinazzi,23,1,21.21,alfa,+1 Lap,0,0,unknown,0,0,0,0,0,0,0,0,36.61739999999999,0,1,0,0,Abnormal long stop,194,192,22.043490018252683,21.878983053728994,-0.8334900182526823,-0.6689830537289936
2021,8,Styrian Grand Prix,Red Bull Ring,hamilton,28,1,21.219,mercedes,Finished,0,0,unknown,0,0,0,0,0,0,0,0,36.61739999999999,0,1,0,0,Abnormal long stop,278,192,22.24771383384865,21.59477812509598,-1.0287138338486486,-0.3757781250959802
2021,8,Styrian Grand Prix,Red Bull Ring,hamilton,69,2,21.64,mercedes,Finished,0,0,unknown,0,0,0,0,0,0,0,0,36.61739999999999,0,1,0,0,Abnormal long stop,278,192,22.24771383384865,21.8339128954215,-0.6077138338486492,-0.19391289542149792
2021,8,Styrian Grand Prix,Red Bull Ring,latifi,25,2,21.953,williams,+3 Laps,0,0,unknown,0,0,0,0,0,0,0,0,36.61739999999999,0,1,0,0,Abnormal long stop,271,192,23.098543412353578,22.030910239825335,-1.1455434123535788,-0.07791023982533574
2021,8,Styrian Grand Prix,Red Bull Ring,leclerc,37,2,21.924,ferrari,+1 Lap,0,0,unknown,0,0,0,0,0,0,0,0,36.61739999999999,0,1,0,0,Abnormal long stop,259,192,21.876678761469485,21.496297033983232,0.04732123853051462,0.42770296601676705
2021,8,Styrian Grand Prix,Red Bull Ring,maxverstappen,29,1,20.936,red_bull,Finished,0,0,unknown,0,0,0,0,0,0,0,0,36.61739999999999,0,1,0,0,Abnormal long stop,292,192,21.799548483162877,21.03776350887911,-0.8635484831628766,-0.10176350887910957
2021,8,Styrian Grand Prix,Red Bull Ring,mazepin,21,1,22.759,haas,+3 Laps,0,0,unknown,0,0,0,0,0,0,0,0,36.61739999999999,0,1,0,0,Abnormal long stop,272,192,23.247093144285227,22.533848339789074,-0.48809314428522654,0.22515166021092625
2021,8,Styrian Grand Prix,Red Bull Ring,mickschumacher,33,1,22.4,haas,+2 Laps,0,0,unknown,0,0,0,0,0,0,0,0,36.61739999999999,0,1,0,0,Abnormal long stop,272,192,23.247093144285227,22.559478985949482,-0.8470931442852283,-0.15947898594948384
2021,8,Styrian Grand Prix,Red Bull Ring,norris,31,1,21.692,mclaren,+1 Lap,0,0,unknown,0,0,0,0,0,0,0,0,36.61739999999999,0,1,0,0,Abnormal long stop,270,192,21.850274140879083,21.50113764167085,-0.1582741408790831,0.19086235832914866
2021,8,Styrian Grand Prix,Red Bull Ring,ocon,36,1,21.238,alpine,+1 Lap,0,0,unknown,0,0,0,0,0,0,0,0,36.61739999999999,0,1,0,0,Abnormal long stop,249,192,22.069031177667675,21.889282806062916,-0.8310311776676755,-0.6512828060629161
2021,8,Styrian Grand Prix,Red Bull Ring,perez,26,1,23.477,red_bull,Finished,0,0,unknown,0,0,0,0,0,0,0,0,36.61739999999999,0,1,0,0,Abnormal long stop,292,192,21.799548483162877,21.031355847339007,1.6774515168371238,2.445644152660993
2021,8,Styrian Grand Prix,Red Bull Ring,perez,54,2,20.961,red_bull,Finished,0,0,unknown,0,0,0,0,0,0,0,0,36.61739999999999,0,1,0,0,Abnormal long stop,292,192,21.799548483162877,21.242724084324088,-0.838548483162878,-0.2817240843240896
2021,8,Styrian Grand Prix,Red Bull Ring,raikkonen,36,1,21.227,alfa,+1 Lap,0,0,unknown,0,0,0,0,0,0,0,0,36.61739999999999,0,1,0,0,Abnormal long stop,194,192,22.043490018252683,21.906749587069434,-0.8164900182526829,-0.6797495870694341
2021,8,Styrian Grand Prix,Red Bull Ring,ricciardo,41,1,21.41,mclaren,+1 Lap,0,0,unknown,0,0,0,0,0,0,0,0,36.61739999999999,0,1,0,0,Abnormal long stop,270,192,21.850274140879083,21.52249651347119,-0.4402741408790831,-0.11249651347118927
2021,8,Styrian Grand Prix,Red Bull Ring,russell,25,1,37.309,williams,Engine,0,0,unknown,0,0,0,0,0,0,0,0,36.61739999999999,0,1,0,0,Abnormal long stop,271,192,23.098543412353578,21.87934684388121,14.21045658764642,15.429653156118789
2021,8,Styrian Grand Prix,Red Bull Ring,russell,26,2,46.315,williams,Engine,0,0,unknown,0,0,0,0,0,0,0,0,36.61739999999999,0,1,0,0,Abnormal long stop,271,192,23.098543412353578,22.03304612700537,23.21645658764642,24.281953872994627
2021,8,Styrian Grand Prix,Red Bull Ring,sainz,41,1,21.226,ferrari,+1 Lap,0,0,unknown,0,0,0,0,0,0,0,0,36.61739999999999,0,1,0,0,Abnormal long stop,259,192,21.876678761469485,21.353277186759243,-0.6506787614694858,-0.12727718675924393
2021,8,Styrian Grand Prix,Red Bull Ring,stroll,28,1,20.936,aston_martin,+1 Lap,0,0,unknown,0,0,0,0,0,0,0,0,36.61739999999999,0,1,0,0,Abnormal long stop,271,192,22.06457455148833,21.665344933734385,-1.128574551488331,-0.7293449337343851
2021,8,Styrian Grand Prix,Red Bull Ring,tsunoda,26,1,21.234,alphatauri,+1 Lap,0,0,unknown,0,0,0,0,0,0,0,0,36.61739999999999,0,1,0,0,Abnormal long stop,202,192,21.586894811019032,21.44964679578567,-0.35289481101903064,-0.2156467957856698
2021,8,Styrian Grand Prix,Red Bull Ring,vettel,27,1,21.546,aston_martin,+1 Lap,0,0,unknown,0,0,0,0,0,0,0,0,36.61739999999999,0,1,0,0,Abnormal long stop,271,192,22.06457455148833,21.66320904655435,-0.5185745514883315,-0.1172090465543505
2021,9,Austrian Grand Prix,Red Bull Ring,alonso,32,1,22.663,alpine,+1 Lap,0,0,unknown,0,0,0,0,0,0,0,0,26.577999999999996,0,1,0,0,Abnormal long stop,249,192,22.069031177667675,21.880739257342782,0.5939688223323252,0.7822607426572183
2021,9,Austrian Grand Prix,Red Bull Ring,bottas,30,1,21.071,mercedes,Finished,0,0,unknown,0,0,0,0,0,0,0,0,26.577999999999996,0,1,0,0,Abnormal long stop,278,192,22.24771383384865,21.59904989945605,-1.1767138338486482,-0.5280498994560467
2021,9,Austrian Grand Prix,Red Bull Ring,gasly,13,1,22.564,alphatauri,Finished,0,0,unknown,0,0,0,0,0,0,0,0,26.577999999999996,0,1,0,0,Abnormal long stop,202,192,21.586894811019032,21.421880262445228,0.9771051889809677,1.142119737554772
2021,9,Austrian Grand Prix,Red Bull Ring,gasly,45,2,20.85,alphatauri,Finished,0,0,unknown,0,0,0,0,0,0,0,0,26.577999999999996,0,1,0,0,Abnormal long stop,202,192,21.586894811019032,21.641792048150442,-0.736894811019031,-0.791792048150441
2021,9,Austrian Grand Prix,Red Bull Ring,giovinazzi,29,2,27.122,alfa,+1 Lap,0,0,unknown,0,0,0,0,0,0,0,0,26.577999999999996,0,1,0,0,Abnormal long stop,194,192,22.043490018252683,22.043361772753325,5.078509981747317,5.078638227246675
2021,9,Austrian Grand Prix,Red Bull Ring,hamilton,31,1,21.005,mercedes,Finished,0,0,unknown,0,0,0,0,0,0,0,0,26.577999999999996,0,1,0,0,Abnormal long stop,278,192,22.24771383384865,21.601185786636083,-1.2427138338486508,-0.5961857866360845
2021,9,Austrian Grand Prix,Red Bull Ring,hamilton,53,2,21.421,mercedes,Finished,0,0,unknown,0,0,0,0,0,0,0,0,26.577999999999996,0,1,0,0,Abnormal long stop,278,192,22.24771383384865,21.799738700540956,-0.8267138338486504,-0.37873870054095704
2021,9,Austrian Grand Prix,Red Bull Ring,latifi,33,1,21.152,williams,+1 Lap,0,0,unknown,0,0,0,0,0,0,0,0,26.577999999999996,0,1,0,0,Abnormal long stop,271,192,23.098543412353578,21.89643394132148,-1.9465434123535772,-0.7444339413214784
2021,9,Austrian Grand Prix,Red Bull Ring,leclerc,34,1,21.143,ferrari,Finished,0,0,unknown,0,0,0,0,0,0,0,0,26.577999999999996,0,1,0,0,Abnormal long stop,259,192,21.876678761469485,21.338325976499,-0.7336787614694842,-0.1953259764989994
2021,9,Austrian Grand Prix,Red Bull Ring,maxverstappen,32,1,21.09,red_bull,Finished,0,0,unknown,0,0,0,0,0,0,0,0,26.577999999999996,0,1,0,0,Abnormal long stop,292,192,21.799548483162877,21.04417117041921,-0.7095484831628767,0.045828829580788266
2021,9,Austrian Grand Prix,Red Bull Ring,maxverstappen,60,2,21.236,red_bull,Finished,0,0,unknown,0,0,0,0,0,0,0,0,26.577999999999996,0,1,0,0,Abnormal long stop,292,192,21.799548483162877,21.255539407404292,-0.5635484831628759,-0.01953940740429161
2021,9,Austrian Grand Prix,Red Bull Ring,mazepin,45,2,23.182,haas,+2 Laps,0,0,unknown,0,0,0,0,0,0,0,0,26.577999999999996,0,1,0,0,Abnormal long stop,272,192,23.247093144285227,22.736673028054017,-0.06509314428522828,0.44532697194598114
2021,9,Austrian Grand Prix,Red Bull Ring,mickschumacher,34,1,21.798,haas,+2 Laps,0,0,unknown,0,0,0,0,0,0,0,0,26.577999999999996,0,1,0,0,Abnormal long stop,272,192,23.247093144285227,22.561614873129518,-1.4490931442852286,-0.7636148731295194
2021,9,Austrian Grand Prix,Red Bull Ring,norris,30,1,26.474,mclaren,Finished,0,0,unknown,0,0,0,0,0,0,0,0,26.577999999999996,0,1,0,0,Abnormal long stop,270,192,21.850274140879083,21.499001754490813,4.623725859120917,4.9749982455091875
2021,9,Austrian Grand Prix,Red Bull Ring,perez,32,1,21.735,red_bull,Finished,0,0,unknown,0,0,0,0,0,0,0,0,26.577999999999996,0,1,0,0,Abnormal long stop,292,192,21.799548483162877,21.04417117041921,-0.06454848316287709,0.6908288295807878
2021,9,Austrian Grand Prix,Red Bull Ring,raikkonen,37,1,21.896,alfa,+1 Lap,0,0,unknown,0,0,0,0,0,0,0,0,26.577999999999996,0,1,0,0,Abnormal long stop,194,192,22.043490018252683,21.908885474249466,-0.14749001825268238,-0.01288547424946529
2021,9,Austrian Grand Prix,Red Bull Ring,ricciardo,29,1,21.151,mclaren,Finished,0,0,unknown,0,0,0,0,0,0,0,0,26.577999999999996,0,1,0,0,Abnormal long stop,270,192,21.850274140879083,21.49686586731078,-0.6992741408790835,-0.3458658673107813
2021,9,Austrian Grand Prix,Red Bull Ring,russell,30,1,21.606,williams,+1 Lap,0,0,unknown,0,0,0,0,0,0,0,0,26.577999999999996,0,1,0,0,Abnormal long stop,271,192,23.098543412353578,21.890026279781377,-1.4925434123535766,-0.28402627978137573
2021,9,Austrian Grand Prix,Red Bull Ring,sainz,48,1,21.431,ferrari,Finished,0,0,unknown,0,0,0,0,0,0,0,0,26.577999999999996,0,1,0,0,Abnormal long stop,259,192,21.876678761469485,21.36822839701948,-0.44567876146948393,0.06277160298052209
2021,9,Austrian Grand Prix,Red Bull Ring,stroll,14,1,21.391,aston_martin,+1 Lap,0,0,unknown,0,0,0,0,0,0,0,0,26.577999999999996,0,1,0,0,Abnormal long stop,271,192,22.06457455148833,21.63544251321391,-0.6735745514883327,-0.24444251321391164
2021,9,Austrian Grand Prix,Red Bull Ring,stroll,46,2,21.472,aston_martin,+1 Lap,0,0,unknown,0,0,0,0,0,0,0,0,26.577999999999996,0,1,0,0,Abnormal long stop,271,192,22.06457455148833,21.855354298919124,-0.5925745514883296,-0.383354298919123
2021,9,Austrian Grand Prix,Red Bull Ring,tsunoda,12,1,21.145,alphatauri,+1 Lap,0,0,unknown,0,0,0,0,0,0,0,0,26.577999999999996,0,1,0,0,Abnormal long stop,202,192,21.586894811019032,21.419744375265196,-0.44189481101903283,-0.2747443752651968
2021,9,Austrian Grand Prix,Red Bull Ring,tsunoda,51,2,26.604,alphatauri,+1 Lap,0,0,unknown,0,0,0,0,0,0,0,0,26.577999999999996,0,1,0,0,Abnormal long stop,202,192,21.586894811019032,21.654607371230647,5.017105188980967,4.949392628769353
2021,9,Austrian Grand Prix,Red Bull Ring,vettel,17,1,21.086,aston_martin,Collision,1,0,unknown,0,0,0,0,0,0,0,0,26.577999999999996,0,1,0,0,Possible damage/crash race,271,192,22.06457455148833,23.105765970241073,-0.9785745514883324,-2.0197659702410746
2021,9,Austrian Grand Prix,Red Bull Ring,vettel,49,2,20.841,aston_martin,Collision,1,0,unknown,0,0,0,0,0,0,0,0,26.577999999999996,0,1,0,0,Possible damage/crash race,271,192,22.06457455148833,23.325677755946288,-1.2235745514883298,-2.4846777559462865
2021,10,British Grand Prix,Silverstone Circuit,alonso,2,1,2.05858,alpine,Finished,0,0,unknown,0,0,0,0,0,0,0,0,2.0769957,0,0,0,0,Normal stop,249,87,23.230334848698753,9.99047941201755,-21.171754848698754,-7.9318994120175494
2021,10,British Grand Prix,Silverstone Circuit,bottas,2,1,2.049149,mercedes,Finished,0,0,unknown,0,0,0,0,0,0,0,0,2.0769957,0,0,0,0,Normal stop,278,87,23.409017504879728,9.713061828490886,-21.359868504879728,-7.663912828490886
2021,10,British Grand Prix,Silverstone Circuit,gasly,2,1,2.067244,alphatauri,Finished,0,0,unknown,0,0,0,0,0,0,0,0,2.0769957,0,0,0,0,Normal stop,202,87,22.74819848205011,9.572202273540643,-20.68095448205011,-7.504958273540643
2021,10,British Grand Prix,Silverstone Circuit,giovinazzi,2,1,2.07025,alfa,+1 Lap,0,0,unknown,0,0,0,0,0,0,0,0,2.0769957,0,0,0,0,Normal stop,194,87,23.20479368928376,10.007946193024067,-21.13454368928376,-7.937696193024067
2021,10,British Grand Prix,Silverstone Circuit,hamilton,2,1,2.048376,mercedes,Finished,0,0,unknown,0,0,0,0,0,0,0,0,2.0769957,0,0,0,0,Normal stop,278,87,23.409017504879728,9.713061828490886,-21.360641504879727,-7.664685828490886
2021,10,British Grand Prix,Silverstone Circuit,latifi,2,1,2.0771640000000002,williams,+1 Lap,0,0,unknown,0,0,0,0,0,0,0,0,2.0769957,0,1,0,0,Abnormal long stop,271,87,24.259847083384656,26.620259782211765,-22.182683083384656,-24.543095782211765
2021,10,British Grand Prix,Silverstone Circuit,leclerc,2,1,2.047731,ferrari,Finished,0,0,unknown,0,0,0,0,0,0,0,0,2.0769957,0,0,0,0,Normal stop,259,87,23.037982432500563,9.443794356813704,-20.990251432500564,-7.396063356813704
2021,10,British Grand Prix,Silverstone Circuit,mazepin,2,1,2.076977,haas,+1 Lap,0,0,unknown,0,0,0,0,0,0,0,0,2.0769957,0,0,0,0,Normal stop,272,87,24.408396815316305,10.667083253444218,-22.331419815316305,-8.590106253444219
2021,10,British Grand Prix,Silverstone Circuit,mickschumacher,2,1,2.0757280000000002,haas,+1 Lap,0,0,unknown,0,0,0,0,0,0,0,0,2.0769957,0,0,0,0,Normal stop,272,87,24.408396815316305,10.667083253444218,-22.332668815316303,-8.591355253444219
2021,10,British Grand Prix,Silverstone Circuit,norris,2,1,2.052218,mclaren,Finished,0,0,unknown,0,0,0,0,0,0,0,0,2.0769957,0,0,0,0,Normal stop,270,87,23.01157781191016,9.61301368352565,-20.95935981191016,-7.560795683525651
2021,10,British Grand Prix,Silverstone Circuit,ocon,2,1,2.066994,alpine,Finished,0,0,unknown,0,0,0,0,0,0,0,0,2.0769957,0,0,0,0,Normal stop,249,87,23.230334848698753,9.99047941201755,-21.163340848698752,-7.923485412017549
2021,10,British Grand Prix,Silverstone Circuit,perez,2,1,2.0764050000000003,red_bull,+1 Lap,0,0,unknown,0,0,0,0,0,0,0,0,2.0769957,0,0,0,0,Normal stop,292,87,22.960852154193955,9.153911325093981,-20.884447154193953,-7.077506325093981
2021,10,British Grand Prix,Silverstone Circuit,raikkonen,2,1,2.0629839999999997,alfa,+1 Lap,0,0,unknown,0,0,0,0,0,0,0,0,2.0769957,0,0,0,0,Normal stop,194,87,23.20479368928376,10.007946193024067,-21.14180968928376,-7.944962193024066
2021,10,British Grand Prix,Silverstone Circuit,ricciardo,2,1,2.051281,mclaren,Finished,0,0,unknown,0,0,0,0,0,0,0,0,2.0769957,0,0,0,0,Normal stop,270,87,23.01157781191016,9.61301368352565,-20.960296811910162,-7.561732683525651
2021,10,British Grand Prix,Silverstone Circuit,russell,2,1,2.072543,williams,+1 Lap,0,0,unknown,0,0,0,0,0,0,0,0,2.0769957,0,0,0,0,Normal stop,271,87,24.259847083384656,10.004038208816214,-22.187304083384657,-7.931495208816214
2021,10,British Grand Prix,Silverstone Circuit,sainz,2,1,2.059122,ferrari,Finished,0,0,unknown,0,0,0,0,0,0,0,0,2.0769957,0,0,0,0,Normal stop,259,87,23.037982432500563,9.443794356813704,-20.978860432500564,-7.384672356813704
2021,10,British Grand Prix,Silverstone Circuit,stroll,2,1,2.0678609999999997,aston_martin,Finished,0,0,unknown,0,0,0,0,0,0,0,0,2.0769957,0,0,0,0,Normal stop,271,87,23.22587822251941,9.78362863712929,-21.15801722251941,-7.71576763712929
2021,10,British Grand Prix,Silverstone Circuit,tsunoda,2,1,2.075695,alphatauri,Finished,0,0,unknown,0,0,0,0,0,0,0,0,2.0769957,0,0,0,0,Normal stop,202,87,22.74819848205011,9.572202273540643,-20.67250348205011,-7.496507273540644
2021,10,British Grand Prix,Silverstone Circuit,vettel,2,1,2.055222,aston_martin,Retired,1,0,unknown,0,0,0,0,0,0,0,0,2.0769957,0,0,0,0,Possible damage/crash race,271,87,23.22587822251941,11.247544432616351,-21.17065622251941,-9.19232243261635
2021,11,Hungarian Grand Prix,Hungaroring,alonso,2,1,1.454979,alpine,Finished,0,0,unknown,0,0,0,0,0,0,0,0,1.4576837,1,0,0,0,Suspiciously short stop,249,133,19.744935185683524,-1.9460796002323755,-18.289956185683522,3.4010586002323757
2021,11,Hungarian Grand Prix,Hungaroring,gasly,2,1,1.457615,alphatauri,Finished,0,0,unknown,0,0,0,0,0,0,0,0,1.4576837,1,0,0,0,Suspiciously short stop,202,133,19.262798819034877,-2.364356738709283,-17.805183819034877,3.821971738709283
2021,11,Hungarian Grand Prix,Hungaroring,giovinazzi,2,2,1.456349,alfa,+1 Lap,0,0,unknown,0,0,0,0,0,0,0,0,1.4576837,1,0,0,0,Suspiciously short stop,194,133,19.71939402626853,-1.7770494232817313,-18.263045026268532,3.233398423281731
2021,11,Hungarian Grand Prix,Hungaroring,hamilton,2,1,1.449259,mercedes,Finished,0,0,unknown,0,0,0,0,0,0,0,0,1.4576837,1,0,0,0,Suspiciously short stop,278,133,19.923617841864495,-2.22349718375904,-18.474358841864493,3.67275618375904
2021,11,Hungarian Grand Prix,Hungaroring,latifi,2,1,1.454435,williams,Finished,0,0,unknown,0,0,0,0,0,0,0,0,1.4576837,1,0,0,0,Suspiciously short stop,271,133,20.774447420369427,-1.9325208034337118,-19.320012420369427,3.386955803433712
2021,11,Hungarian Grand Prix,Hungaroring,maxverstappen,2,2,1.456349,red_bull,Finished,0,0,unknown,0,0,0,0,0,0,0,0,1.4576837,1,0,0,0,Suspiciously short stop,292,133,19.475452491178725,-2.631084291211817,-18.019103491178726,4.087433291211816
2021,11,Hungarian Grand Prix,Hungaroring,mazepin,2,2,1.4574200000000002,haas,Collision,1,0,unknown,0,0,0,0,0,0,0,0,1.4576837,1,0,0,0,Possible damage/crash race,272,133,20.922997152301075,0.3460034326254835,-19.465577152301076,1.1114165673745167
2021,11,Hungarian Grand Prix,Hungaroring,mickschumacher,2,1,1.457042,haas,+1 Lap,0,0,unknown,0,0,0,0,0,0,0,0,1.4576837,1,0,0,0,Suspiciously short stop,272,133,20.922997152301075,-1.269475758805707,-19.465955152301074,2.726517758805707
2021,11,Hungarian Grand Prix,Hungaroring,ocon,2,1,1.45019,alpine,Finished,0,0,unknown,0,0,0,0,0,0,0,0,1.4576837,1,0,0,0,Suspiciously short stop,249,133,19.744935185683524,-1.9460796002323755,-18.294745185683524,3.3962696002323756
2021,11,Hungarian Grand Prix,Hungaroring,raikkonen,2,1,1.4578440000000001,alfa,+1 Lap,0,0,unknown,0,0,0,0,0,0,0,0,1.4576837,1,1,0,0,Abnormal long stop,194,133,19.71939402626853,14.687608754169691,-18.26155002626853,-13.229764754169691
2021,11,Hungarian Grand Prix,Hungaroring,ricciardo,2,1,1.457127,mclaren,+1 Lap,0,0,unknown,0,0,0,0,0,0,0,0,1.4576837,1,0,0,0,Suspiciously short stop,270,133,19.52617814889493,-2.323545328724274,-18.069051148894932,3.7806723287242745
2021,11,Hungarian Grand Prix,Hungaroring,russell,2,1,1.457487,williams,Finished,0,0,unknown,0,0,0,0,0,0,0,0,1.4576837,1,0,0,0,Suspiciously short stop,271,133,20.774447420369427,-1.9325208034337118,-19.316960420369426,3.3900078034337118
2021,11,Hungarian Grand Prix,Hungaroring,sainz,2,1,1.4525270000000001,ferrari,Finished,0,0,unknown,0,0,0,0,0,0,0,0,1.4576837,1,0,0,0,Suspiciously short stop,259,133,19.552582769485333,-2.4927646554362215,-18.100055769485333,3.945291655436222
2021,11,Hungarian Grand Prix,Hungaroring,tsunoda,2,1,1.4536300000000002,alphatauri,Finished,0,0,unknown,0,0,0,0,0,0,0,0,1.4576837,1,0,0,0,Suspiciously short stop,202,133,19.262798819034877,-2.364356738709283,-17.809168819034877,3.8179867387092834
2021,11,Hungarian Grand Prix,Hungaroring,vettel,2,1,1.4518900000000001,aston_martin,Disqualified,0,1,unknown,0,0,0,0,0,0,0,0,1.4576837,1,0,0,1,Possible penalty stop,271,133,19.74047855950418,-1.4687450971824214,-18.28858855950418,2.9206350971824215
2021,13,Dutch Grand Prix,Circuit Park Zandvoort,alonso,33,1,19.018,alpine,+1 Lap,0,0,unknown,0,0,0,0,0,0,0,0,25.150999999999996,0,1,0,0,Abnormal long stop,249,144,17.761788307223867,21.0050800435263,1.2562116927761338,-1.9870800435262979
2021,13,Dutch Grand Prix,Circuit Park Zandvoort,bottas,31,1,18.873,mercedes,Finished,0,0,unknown,0,0,0,0,0,0,0,0,25.150999999999996,0,1,0,0,Abnormal long stop,278,144,17.940470963404838,20.723390685639565,0.9325290365951631,-1.8503906856395638
2021,13,Dutch Grand Prix,Circuit Park Zandvoort,bottas,67,2,21.73,mercedes,Finished,0,0,unknown,0,0,0,0,0,0,0,0,25.150999999999996,0,1,0,0,Abnormal long stop,278,144,17.940470963404838,20.951846020064917,3.7895290365951624,0.7781539799350838
2021,13,Dutch Grand Prix,Circuit Park Zandvoort,gasly,24,1,19.163,alphatauri,+1 Lap,0,0,unknown,0,0,0,0,0,0,0,0,25.150999999999996,0,1,0,0,Abnormal long stop,202,144,17.27965194057522,20.567579920429083,1.8833480594247796,-1.4045799204290823
2021,13,Dutch Grand Prix,Circuit Park Zandvoort,giovinazzi,27,1,19.049,alfa,+2 Laps,0,0,unknown,0,0,0,0,0,0,0,0,25.150999999999996,0,1,0,0,Abnormal long stop,194,144,17.736247147808875,21.00973150145261,1.3127528521911245,-1.96073150145261
2021,13,Dutch Grand Prix,Circuit Park Zandvoort,giovinazzi,33,2,20.043,alfa,+2 Laps,0,0,unknown,0,0,0,0,0,0,0,0,25.150999999999996,0,1,0,0,Abnormal long stop,194,144,17.736247147808875,21.17411022047694,2.3067528521911242,-1.1311102204769412
2021,13,Dutch Grand Prix,Circuit Park Zandvoort,hamilton,20,1,19.77,mercedes,Finished,0,0,unknown,0,0,0,0,0,0,0,0,25.150999999999996,0,1,0,0,Abnormal long stop,278,144,17.940470963404838,20.699895926659195,1.8295290365951615,-0.9298959266591957
2021,13,Dutch Grand Prix,Circuit Park Zandvoort,hamilton,39,2,18.868,mercedes,Finished,0,0,unknown,0,0,0,0,0,0,0,0,25.150999999999996,0,1,0,0,Abnormal long stop,278,144,17.940470963404838,20.892041179023966,0.9275290365951605,-2.0240411790239676
2021,13,Dutch Grand Prix,Circuit Park Zandvoort,hamilton,70,3,19.202,mercedes,Finished,0,0,unknown,0,0,0,0,0,0,0,0,25.150999999999996,0,1,0,0,Abnormal long stop,278,144,17.940470963404838,21.43997856385532,1.2615290365951637,-2.237978563855318
2021,13,Dutch Grand Prix,Circuit Park Zandvoort,kubica,40,1,19.708,alfa,+2 Laps,0,0,unknown,0,0,0,0,0,0,0,0,25.150999999999996,0,1,0,0,Abnormal long stop,194,144,17.736247147808875,21.037498034793053,1.9717528521911234,-1.3294980347930547
2021,13,Dutch Grand Prix,Circuit Park Zandvoort,latifi,23,1,20.646,williams,+2 Laps,0,0,unknown,0,0,0,0,0,0,0,0,25.150999999999996,0,1,0,0,Abnormal long stop,271,144,18.79130054190977,20.99727996852462,1.8546994580902307,-0.3512799685246186
2021,13,Dutch Grand Prix,Circuit Park Zandvoort,leclerc,34,1,19.49,ferrari,+1 Lap,0,0,unknown,0,0,0,0,0,0,0,0,25.150999999999996,0,1,0,0,Abnormal long stop,259,144,17.569435891025677,20.460530875502485,1.9205641089743217,-0.9705308755024866
2021,13,Dutch Grand Prix,Circuit Park Zandvoort,maxverstappen,21,1,19.142,red_bull,Finished,0,0,unknown,0,0,0,0,0,0,0,0,25.150999999999996,0,1,0,0,Abnormal long stop,292,144,17.49230561271907,20.14288131044232,1.649694387280931,-1.0008813104423204
2021,13,Dutch Grand Prix,Circuit Park Zandvoort,maxverstappen,40,2,18.578,red_bull,Finished,0,0,unknown,0,0,0,0,0,0,0,0,25.150999999999996,0,1,0,0,Abnormal long stop,292,144,17.49230561271907,20.335026562807094,1.085694387280931,-1.757026562807095
2021,13,Dutch Grand Prix,Circuit Park Zandvoort,mazepin,33,1,19.999,haas,Hydraulics,0,0,unknown,0,0,0,0,0,0,0,0,25.150999999999996,0,1,0,0,Abnormal long stop,272,144,18.93985027384142,21.681683884952967,1.05914972615858,-1.6826838849529686
2021,13,Dutch Grand Prix,Circuit Park Zandvoort,mickschumacher,4,1,35.573,haas,+3 Laps,0,0,unknown,0,0,0,0,0,0,0,0,25.150999999999996,0,1,0,0,Abnormal long stop,272,144,18.93985027384142,21.619743156731982,16.63314972615858,13.953256843268019
2021,13,Dutch Grand Prix,Circuit Park Zandvoort,mickschumacher,30,2,24.578,haas,+3 Laps,0,0,unknown,0,0,0,0,0,0,0,0,25.150999999999996,0,1,0,0,Abnormal long stop,272,144,18.93985027384142,21.826839619356992,5.638149726158581,2.7511603806430074
2021,13,Dutch Grand Prix,Circuit Park Zandvoort,norris,42,1,20.443,mclaren,+1 Lap,0,0,unknown,0,0,0,0,0,0,0,0,25.150999999999996,0,1,0,0,Abnormal long stop,270,144,17.543031270435275,20.646837299654706,2.8999687295647263,-0.20383729965470465
2021,13,Dutch Grand Prix,Circuit Park Zandvoort,ocon,31,1,19.24,alpine,+1 Lap,0,0,unknown,0,0,0,0,0,0,0,0,25.150999999999996,0,1,0,0,Abnormal long stop,249,144,17.761788307223867,21.000808269166228,1.4782116927761315,-1.7608082691662297
2021,13,Dutch Grand Prix,Circuit Park Zandvoort,perez,8,1,19.287,red_bull,+1 Lap,0,0,unknown,0,0,0,0,0,0,0,0,25.150999999999996,0,1,0,0,Abnormal long stop,292,144,17.49230561271907,20.11511477710188,1.7946943872809307,-0.8281147771018809
2021,13,Dutch Grand Prix,Circuit Park Zandvoort,perez,47,2,18.555,red_bull,+1 Lap,0,0,unknown,0,0,0,0,0,0,0,0,25.150999999999996,0,1,0,0,Abnormal long stop,292,144,17.49230561271907,20.34997777306733,1.0626943872809314,-1.7949777730673304
2021,13,Dutch Grand Prix,Circuit Park Zandvoort,ricciardo,30,1,19.449,mclaren,+1 Lap,0,0,unknown,0,0,0,0,0,0,0,0,25.150999999999996,0,1,0,0,Abnormal long stop,270,144,17.543031270435275,20.621206653494298,1.9059687295647265,-1.172206653494296
2021,13,Dutch Grand Prix,Circuit Park Zandvoort,russell,27,1,18.634,williams,Gearbox,0,0,unknown,0,0,0,0,0,0,0,0,25.150999999999996,0,1,0,0,Abnormal long stop,271,144,18.79130054190977,21.005823517244757,-0.15730054190976972,-2.3718235172447564
2021,13,Dutch Grand Prix,Circuit Park Zandvoort,russell,68,2,25.533,williams,Gearbox,0,0,unknown,0,0,0,0,0,0,0,0,25.150999999999996,0,1,0,0,Abnormal long stop,271,144,18.79130054190977,21.244958287570277,6.741699458090231,4.288041712429724
2021,13,Dutch Grand Prix,Circuit Park Zandvoort,sainz,31,1,20.327,ferrari,+1 Lap,0,0,unknown,0,0,0,0,0,0,0,0,25.150999999999996,0,1,0,0,Abnormal long stop,259,144,17.569435891025677,20.454123213962383,2.757564108974325,-0.12712321396238124
2021,13,Dutch Grand Prix,Circuit Park Zandvoort,stroll,27,1,19.389,aston_martin,+2 Laps,0,0,unknown,0,0,0,0,0,0,0,0,25.150999999999996,0,1,0,0,Abnormal long stop,271,144,17.757331681044523,20.785413945557835,1.6316683189554766,-1.3964139455578355
2021,13,Dutch Grand Prix,Circuit Park Zandvoort,tsunoda,31,1,19.85,alphatauri,Power Unit,0,0,unknown,0,0,0,0,0,0,0,0,25.150999999999996,0,1,0,0,Abnormal long stop,202,144,17.27965194057522,20.582531130689325,2.5703480594247807,-0.7325311306893241
2021,13,Dutch Grand Prix,Circuit Park Zandvoort,vettel,10,1,18.664,aston_martin,+2 Laps,0,0,unknown,0,0,0,0,0,0,0,0,25.150999999999996,0,1,0,0,Abnormal long stop,271,144,17.757331681044523,20.749103863497258,0.9066683189554787,-2.085103863497256
2021,13,Dutch Grand Prix,Circuit Park Zandvoort,vettel,44,2,18.681,aston_martin,+2 Laps,0,0,unknown,0,0,0,0,0,0,0,0,25.150999999999996,0,1,0,0,Abnormal long stop,271,144,17.757331681044523,20.97328742356254,0.9236683189554782,-2.292287423562538
2021,14,Italian Grand Prix,Autodromo Nazionale di Monza,alonso,25,1,24.797,alpine,Finished,0,0,unknown,0,0,0,0,0,0,0,0,30.917,0,1,0,0,Abnormal long stop,249,104,25.16727488056301,25.40786419591987,-0.3702748805630094,-0.61086419591987
2021,14,Italian Grand Prix,Autodromo Nazionale di Monza,bottas,26,1,24.308,mercedes,Finished,0,0,unknown,0,0,0,0,0,0,0,0,30.917,0,1,0,0,Abnormal long stop,278,104,25.34595753674398,25.13258249957324,-1.0379575367439813,-0.8245824995732391
2021,14,Italian Grand Prix,Autodromo Nazionale di Monza,giovinazzi,25,2,30.551,alfa,Finished,0,0,unknown,0,0,0,0,0,0,0,0,30.917,0,1,0,0,Abnormal long stop,194,104,25.141733721148018,25.576894372870516,5.40926627885198,4.974105627129482
2021,14,Italian Grand Prix,Autodromo Nazionale di Monza,hamilton,25,1,25.619,mercedes,Collision,1,0,unknown,0,0,0,0,0,0,0,0,30.917,0,1,0,0,Possible damage/crash race,278,104,25.34595753674398,26.59436240788027,0.27304246325601866,-0.9753624078802687
2021,14,Italian Grand Prix,Autodromo Nazionale di Monza,kubica,26,1,24.501,alfa,Finished,0,0,unknown,0,0,0,0,0,0,0,0,30.917,0,1,0,0,Abnormal long stop,194,104,25.141733721148018,25.42746686410642,-0.6407337211480169,-0.9264668641064198
2021,14,Italian Grand Prix,Autodromo Nazionale di Monza,latifi,23,1,24.168,williams,Finished,0,0,unknown,0,0,0,0,0,0,0,0,30.917,0,1,0,0,Abnormal long stop,271,104,26.196787115248917,25.417151218358466,-2.0287871152489174,-1.2491512183584668
2021,14,Italian Grand Prix,Autodromo Nazionale di Monza,leclerc,26,1,24.557,ferrari,Finished,0,0,unknown,0,0,0,0,0,0,0,0,30.917,0,1,0,0,Abnormal long stop,259,104,24.97492246436482,24.86331502789606,-0.41792246436482117,-0.306315027896062
2021,14,Italian Grand Prix,Autodromo Nazionale di Monza,maxverstappen,23,1,32.456,red_bull,Collision,1,0,unknown,0,0,0,0,0,0,0,0,30.917,0,1,0,0,Possible damage/crash race,292,104,24.89779218605821,26.030940130123295,7.558207813941792,6.4250598698767085
2021,14,Italian Grand Prix,Autodromo Nazionale di Monza,mazepin,24,1,24.928,haas,Power Unit,0,0,unknown,0,0,0,0,0,0,0,0,30.917,0,1,0,0,Abnormal long stop,272,104,26.345336847180562,26.082332150166508,-1.417336847180561,-1.154332150166507
2021,14,Italian Grand Prix,Autodromo Nazionale di Monza,mazepin,28,2,24.806,haas,Power Unit,0,0,unknown,0,0,0,0,0,0,0,0,30.917,0,1,0,0,Abnormal long stop,272,104,26.345336847180562,26.24243909483077,-1.5393368471805609,-1.4364390948307708
2021,14,Italian Grand Prix,Autodromo Nazionale di Monza,mazepin,39,3,30.917,haas,Power Unit,0,0,unknown,0,0,0,0,0,0,0,0,30.917,0,1,0,0,Abnormal long stop,272,104,26.345336847180562,26.747658736061442,4.57166315281944,4.169341263938559
2021,14,Italian Grand Prix,Autodromo Nazionale di Monza,mickschumacher,23,1,24.714,haas,Finished,0,0,unknown,0,0,0,0,0,0,0,0,30.917,0,1,0,0,Abnormal long stop,272,104,26.345336847180562,26.080196262986473,-1.6313368471805632,-1.366196262986474
2021,14,Italian Grand Prix,Autodromo Nazionale di Monza,norris,24,1,24.168,mclaren,Finished,0,0,unknown,0,0,0,0,0,0,0,0,30.917,0,1,0,0,Abnormal long stop,270,104,24.948517843774418,25.02826258024794,-0.7805178437744189,-0.8602625802479409
2021,14,Italian Grand Prix,Autodromo Nazionale di Monza,ocon,26,1,30.333,alpine,Finished,0,0,unknown,0,0,0,0,0,0,0,0,30.917,0,1,0,0,Abnormal long stop,249,104,25.16727488056301,25.410000083099906,5.165725119436988,4.922999916900093
2021,14,Italian Grand Prix,Autodromo Nazionale di Monza,perez,26,1,23.906,red_bull,Finished,0,0,unknown,0,0,0,0,0,0,0,0,30.917,0,1,0,0,Abnormal long stop,292,104,24.89779218605821,24.573431996176335,-0.9917921860582126,-0.6674319961763366
2021,14,Italian Grand Prix,Autodromo Nazionale di Monza,ricciardo,22,1,23.812,mclaren,Finished,0,0,unknown,0,0,0,0,0,0,0,0,30.917,0,1,0,0,Abnormal long stop,270,104,24.948517843774418,25.02399080588787,-1.136517843774417,-1.2119908058878686
2021,14,Italian Grand Prix,Autodromo Nazionale di Monza,russell,26,1,24.156,williams,Finished,0,0,unknown,0,0,0,0,0,0,0,0,30.917,0,1,0,0,Abnormal long stop,271,104,26.196787115248917,25.423558879898568,-2.040787115248918,-1.2675588798985693
2021,14,Italian Grand Prix,Autodromo Nazionale di Monza,sainz,26,1,24.283,ferrari,Finished,0,0,unknown,0,0,0,0,0,0,0,0,30.917,0,1,0,0,Abnormal long stop,259,104,24.97492246436482,24.86331502789606,-0.6919224643648185,-0.5803150278960594
2021,14,Italian Grand Prix,Autodromo Nazionale di Monza,stroll,25,1,24.846,aston_martin,Finished,0,0,unknown,0,0,0,0,0,0,0,0,30.917,0,1,0,0,Abnormal long stop,271,104,25.162818254383666,25.201013421031615,-0.31681825438366573,-0.3550134210316145
2021,14,Italian Grand Prix,Autodromo Nazionale di Monza,vettel,22,1,25.157,aston_martin,Finished,0,0,unknown,0,0,0,0,0,0,0,0,30.917,0,1,0,0,Abnormal long stop,271,104,25.162818254383666,25.194605759491512,-0.0058182543836657885,-0.03760575949151246
2021,14,Italian Grand Prix,Autodromo Nazionale di Monza,vettel,26,2,25.927,aston_martin,Finished,0,0,unknown,0,0,0,0,0,0,0,0,30.917,0,1,0,0,Abnormal long stop,271,104,25.162818254383666,25.354712704155773,0.7641817456163338,0.5722872958442267
2021,15,Russian Grand Prix,Sochi Autodrom,alonso,36,1,30.157,alpine,Finished,0,0,unknown,0,0,0,0,0,0,0,0,34.167500000000004,0,1,0,0,Abnormal long stop,249,39,31.346579188126995,31.506229344902568,-1.189579188126995,-1.349229344902568
2021,15,Russian Grand Prix,Sochi Autodrom,alonso,50,2,30.702,alpine,Finished,0,0,unknown,0,0,0,0,0,0,0,0,34.167500000000004,0,1,0,0,Abnormal long stop,249,39,31.346579188126995,31.68769516136717,-0.6445791881269933,-0.9856951613671683
2021,15,Russian Grand Prix,Sochi Autodrom,bottas,28,1,29.936,mercedes,Finished,0,0,unknown,0,0,0,0,0,0,0,0,34.167500000000004,0,1,0,0,Abnormal long stop,278,39,31.52526184430797,31.211724663935634,-1.5892618443079698,-1.2757246639356339
2021,15,Russian Grand Prix,Sochi Autodrom,bottas,47,2,29.569,mercedes,Finished,0,0,unknown,0,0,0,0,0,0,0,0,34.167500000000004,0,1,0,0,Abnormal long stop,278,39,31.52526184430797,31.403869916300405,-1.9562618443079707,-1.8348699163004056
2021,15,Russian Grand Prix,Sochi Autodrom,gasly,33,1,29.354,alphatauri,+1 Lap,0,0,unknown,0,0,0,0,0,0,0,0,34.167500000000004,0,1,0,0,Abnormal long stop,202,39,30.864442821478352,31.08154454488556,-1.5104428214783532,-1.7275445448855606
2021,15,Russian Grand Prix,Sochi Autodrom,gasly,50,2,31.915,alphatauri,+1 Lap,0,0,unknown,0,0,0,0,0,0,0,0,34.167500000000004,0,1,0,0,Abnormal long stop,202,39,30.864442821478352,31.269418022890264,1.0505571785216468,0.6455819771097353
2021,15,Russian Grand Prix,Sochi Autodrom,giovinazzi,36,1,30.081,alfa,+1 Lap,0,0,unknown,0,0,0,0,0,0,0,0,34.167500000000004,0,1,0,0,Abnormal long stop,194,39,31.321038028712003,31.523696125909083,-1.2400380287120036,-1.4426961259090838
2021,15,Russian Grand Prix,Sochi Autodrom,giovinazzi,50,2,33.961,alfa,+1 Lap,0,0,unknown,0,0,0,0,0,0,0,0,34.167500000000004,0,1,0,0,Abnormal long stop,194,39,31.321038028712003,31.705161942373685,2.6399619712879954,2.2558380576263133
2021,15,Russian Grand Prix,Sochi Autodrom,hamilton,26,1,29.878,mercedes,Finished,0,0,unknown,0,0,0,0,0,0,0,0,34.167500000000004,0,1,0,0,Abnormal long stop,278,39,31.52526184430797,31.207452889575563,-1.6472618443079696,-1.3294528895755633
2021,15,Russian Grand Prix,Sochi Autodrom,hamilton,49,2,30.045,mercedes,Finished,0,0,unknown,0,0,0,0,0,0,0,0,34.167500000000004,0,1,0,0,Abnormal long stop,278,39,31.52526184430797,31.40814169066047,-1.480261844307968,-1.3631416906604699
2021,15,Russian Grand Prix,Sochi Autodrom,latifi,13,1,30.056,williams,Accident,1,0,unknown,0,0,0,0,0,0,0,0,34.167500000000004,0,1,0,0,Possible damage/crash race,271,39,32.376091422812905,32.93457853204752,-2.3200914228129044,-2.8785785320475163
2021,15,Russian Grand Prix,Sochi Autodrom,leclerc,35,1,31.849,ferrari,+1 Lap,0,0,unknown,0,0,0,0,0,0,0,0,34.167500000000004,0,1,0,0,Abnormal long stop,259,39,31.154226771928805,30.957408402518688,0.6947732280711953,0.8915915974813124
2021,15,Russian Grand Prix,Sochi Autodrom,leclerc,51,2,32.648,ferrari,+1 Lap,0,0,unknown,0,0,0,0,0,0,0,0,34.167500000000004,0,1,0,0,Abnormal long stop,259,39,31.154226771928805,31.143145993343357,1.4937732280711984,1.5048540066566467
2021,15,Russian Grand Prix,Sochi Autodrom,maxverstappen,26,1,29.578,red_bull,Finished,0,0,unknown,0,0,0,0,0,0,0,0,34.167500000000004,0,1,0,0,Abnormal long stop,292,39,31.0770964936222,30.64830238617866,-1.4990964936222007,-1.0703023861786605
2021,15,Russian Grand Prix,Sochi Autodrom,maxverstappen,48,2,31.017,red_bull,Finished,0,0,unknown,0,0,0,0,0,0,0,0,34.167500000000004,0,1,0,0,Abnormal long stop,292,39,31.0770964936222,30.846855300083533,-0.0600964936222006,0.17014469991646664
2021,15,Russian Grand Prix,Sochi Autodrom,mazepin,14,1,30.127,haas,+2 Laps,0,0,unknown,0,0,0,0,0,0,0,0,34.167500000000004,0,1,0,0,Abnormal long stop,272,39,32.52464115474455,32.13584366836849,-2.3976411547445515,-2.0088436683684883
2021,15,Russian Grand Prix,Sochi Autodrom,mazepin,46,2,33.931,haas,+2 Laps,0,0,unknown,0,0,0,0,0,0,0,0,34.167500000000004,0,1,0,0,Abnormal long stop,272,39,32.52464115474455,32.3557554540737,1.406358845255447,1.5752445459262958
2021,15,Russian Grand Prix,Sochi Autodrom,mickschumacher,20,1,29.996,haas,Oil leak,0,0,unknown,0,0,0,0,0,0,0,0,34.167500000000004,0,1,0,0,Abnormal long stop,272,39,32.52464115474455,32.14865899144869,-2.5286411547445518,-2.1526589914486927
2021,15,Russian Grand Prix,Sochi Autodrom,norris,28,1,29.824,mclaren,Finished,0,0,unknown,0,0,0,0,0,0,0,0,34.167500000000004,0,1,0,0,Abnormal long stop,270,39,31.127822151338407,31.1116765189704,-1.3038221513384052,-1.2876765189703967
2021,15,Russian Grand Prix,Sochi Autodrom,norris,51,2,32.67,mclaren,Finished,0,0,unknown,0,0,0,0,0,0,0,0,34.167500000000004,0,1,0,0,Abnormal long stop,270,39,31.127822151338407,31.312365320055306,1.542177848661595,1.3576346799446952
2021,15,Russian Grand Prix,Sochi Autodrom,ocon,15,1,29.901,alpine,+1 Lap,0,0,unknown,0,0,0,0,0,0,0,0,34.167500000000004,0,1,0,0,Abnormal long stop,249,39,31.346579188126995,31.461375714121857,-1.4455791881269953,-1.5603757141218573
2021,15,Russian Grand Prix,Sochi Autodrom,ocon,50,2,33.264,alpine,+1 Lap,0,0,unknown,0,0,0,0,0,0,0,0,34.167500000000004,0,1,0,0,Abnormal long stop,249,39,31.346579188126995,31.68769516136717,1.9174208118730078,1.5763048386328329
2021,15,Russian Grand Prix,Sochi Autodrom,perez,36,1,36.026,red_bull,Finished,0,0,unknown,0,0,0,0,0,0,0,0,34.167500000000004,0,1,0,0,Abnormal long stop,292,39,31.0770964936222,30.669661257978998,4.948903506377803,5.356338742021006
2021,15,Russian Grand Prix,Sochi Autodrom,perez,50,2,32.313,red_bull,Finished,0,0,unknown,0,0,0,0,0,0,0,0,34.167500000000004,0,1,0,0,Abnormal long stop,292,39,31.0770964936222,30.8511270744436,1.2359035063778023,1.4618729255564027
2021,15,Russian Grand Prix,Sochi Autodrom,raikkonen,15,1,30.102,alfa,Finished,0,0,unknown,0,0,0,0,0,0,0,0,34.167500000000004,0,1,0,0,Abnormal long stop,194,39,31.321038028712003,31.47884249512837,-1.2190380287120028,-1.3768424951283684
2021,15,Russian Grand Prix,Sochi Autodrom,raikkonen,47,2,30.131,alfa,Finished,0,0,unknown,0,0,0,0,0,0,0,0,34.167500000000004,0,1,0,0,Abnormal long stop,194,39,31.321038028712003,31.698754280833583,-1.190038028712003,-1.567754280833583
2021,15,Russian Grand Prix,Sochi Autodrom,ricciardo,22,1,33.617,mclaren,Finished,0,0,unknown,0,0,0,0,0,0,0,0,34.167500000000004,0,1,0,0,Abnormal long stop,270,39,31.127822151338407,31.098861195890194,2.4891778486615905,2.518138804109803
2021,15,Russian Grand Prix,Sochi Autodrom,ricciardo,48,2,31.016,mclaren,Finished,0,0,unknown,0,0,0,0,0,0,0,0,34.167500000000004,0,1,0,0,Abnormal long stop,270,39,31.127822151338407,31.305957658515204,-0.11182215133840856,-0.28995765851520616
2021,15,Russian Grand Prix,Sochi Autodrom,russell,13,1,30.665,williams,Finished,0,0,unknown,0,0,0,0,0,0,0,0,34.167500000000004,0,1,0,0,Abnormal long stop,271,39,32.376091422812905,31.470662736560453,-1.7110914228129062,-0.8056627365604534
2021,15,Russian Grand Prix,Sochi Autodrom,russell,47,2,32.081,williams,Finished,0,0,unknown,0,0,0,0,0,0,0,0,34.167500000000004,0,1,0,0,Abnormal long stop,271,39,32.376091422812905,31.694846296625734,-0.29509142281290224,0.38615370337426924
2021,15,Russian Grand Prix,Sochi Autodrom,sainz,14,1,30.715,ferrari,Finished,0,0,unknown,0,0,0,0,0,0,0,0,34.167500000000004,0,1,0,0,Abnormal long stop,259,39,31.154226771928805,30.912554771737973,-0.439226771928805,-0.1975547717379733
2021,15,Russian Grand Prix,Sochi Autodrom,sainz,48,2,30.677,ferrari,Finished,0,0,unknown,0,0,0,0,0,0,0,0,34.167500000000004,0,1,0,0,Abnormal long stop,259,39,31.154226771928805,31.136738331803254,-0.47722677192880525,-0.45973833180325485
2021,15,Russian Grand Prix,Sochi Autodrom,stroll,12,1,30.241,aston_martin,Finished,0,0,unknown,0,0,0,0,0,0,0,0,34.167500000000004,0,1,0,0,Abnormal long stop,271,39,31.342122561947654,31.248117277693492,-1.1011225619476548,-1.0071172776934922
2021,15,Russian Grand Prix,Sochi Autodrom,stroll,48,2,43.124,aston_martin,Finished,0,0,unknown,0,0,0,0,0,0,0,0,34.167500000000004,0,1,0,0,Abnormal long stop,271,39,31.342122561947654,31.476572612118844,11.781877438052348,11.647427387881159
2021,15,Russian Grand Prix,Sochi Autodrom,tsunoda,13,1,30.112,alphatauri,+1 Lap,0,0,unknown,0,0,0,0,0,0,0,0,34.167500000000004,0,1,0,0,Abnormal long stop,202,39,30.864442821478352,31.038826801284884,-0.7524428214783541,-0.9268268012848857
2021,15,Russian Grand Prix,Sochi Autodrom,tsunoda,47,2,30.98,alphatauri,+1 Lap,0,0,unknown,0,0,0,0,0,0,0,0,34.167500000000004,0,1,0,0,Abnormal long stop,202,39,30.864442821478352,31.26301036135016,0.11555717852164804,-0.28301036135016133
2021,15,Russian Grand Prix,Sochi Autodrom,tsunoda,49,3,30.972,alphatauri,+1 Lap,0,0,unknown,0,0,0,0,0,0,0,0,34.167500000000004,0,1,0,0,Abnormal long stop,202,39,30.864442821478352,31.74900701796053,0.10755717852164892,-0.7770070179605284
2021,15,Russian Grand Prix,Sochi Autodrom,vettel,26,1,29.242,aston_martin,+1 Lap,0,0,unknown,0,0,0,0,0,0,0,0,34.167500000000004,0,1,0,0,Abnormal long stop,271,39,31.342122561947654,31.27801969821397,-2.1001225619476536,-2.0360196982139698
2021,15,Russian Grand Prix,Sochi Autodrom,vettel,50,2,32.128,aston_martin,+1 Lap,0,0,unknown,0,0,0,0,0,0,0,0,34.167500000000004,0,1,0,0,Abnormal long stop,271,39,31.342122561947654,31.48084438647891,0.7858774380523457,0.6471556135210896
2021,16,Turkish Grand Prix,Istanbul Park,alonso,30,1,29.116,alpine,+1 Lap,0,0,unknown,0,0,0,0,0,0,0,0,29.619950000000003,0,1,0,0,Abnormal long stop,249,20,24.62011977553403,24.92326741966885,4.495880224465971,4.19273258033115
2021,16,Turkish Grand Prix,Istanbul Park,bottas,37,1,22.962,mercedes,Finished,0,0,unknown,0,0,0,0,0,0,0,0,29.619950000000003,0,1,0,0,Abnormal long stop,278,20,24.798802431715004,24.660801046402423,-1.8368024317150038,-1.6988010464024228
2021,16,Turkish Grand Prix,Istanbul Park,gasly,39,1,29.31,alphatauri,Finished,0,0,unknown,0,0,0,0,0,0,0,0,29.619950000000003,0,1,0,0,Abnormal long stop,202,20,24.137983408885386,24.52421326581225,5.1720165911146125,4.785786734187749
2021,16,Turkish Grand Prix,Istanbul Park,giovinazzi,40,1,23.15,alfa,+1 Lap,0,0,unknown,0,0,0,0,0,0,0,0,29.619950000000003,0,1,0,0,Abnormal long stop,194,20,24.594578616119037,24.962093072475707,-1.4445786161190384,-1.812093072475708
2021,16,Turkish Grand Prix,Istanbul Park,hamilton,50,1,22.684,mercedes,Finished,0,0,unknown,0,0,0,0,0,0,0,0,29.619950000000003,0,1,0,0,Abnormal long stop,278,20,24.798802431715004,24.688567579742863,-2.1148024317150025,-2.0045675797428615
2021,16,Turkish Grand Prix,Istanbul Park,latifi,34,1,24.104,williams,+1 Lap,0,0,unknown,0,0,0,0,0,0,0,0,29.619950000000003,0,1,0,0,Abnormal long stop,271,20,25.649632010219932,24.94536976518765,-1.5456320102199328,-0.8413697651876504
2021,16,Turkish Grand Prix,Istanbul Park,leclerc,47,1,23.646,ferrari,Finished,0,0,unknown,0,0,0,0,0,0,0,0,29.619950000000003,0,1,0,0,Abnormal long stop,259,20,24.42776735933584,24.412892446525582,-0.7817673593358379,-0.7668924465255813
2021,16,Turkish Grand Prix,Istanbul Park,maxverstappen,36,1,22.442,red_bull,Finished,0,0,unknown,0,0,0,0,0,0,0,0,29.619950000000003,0,1,0,0,Abnormal long stop,292,20,24.35063708102923,24.099514655825484,-1.9086370810292301,-1.6575146558254836
2021,16,Turkish Grand Prix,Istanbul Park,mazepin,35,1,23.829,haas,+2 Laps,0,0,unknown,0,0,0,0,0,0,0,0,29.619950000000003,0,1,0,0,Abnormal long stop,272,20,25.79818174215158,25.610550696995688,-1.96918174215158,-1.7815506969956871
2021,16,Turkish Grand Prix,Istanbul Park,mickschumacher,39,1,23.892,haas,+2 Laps,0,0,unknown,0,0,0,0,0,0,0,0,29.619950000000003,0,1,0,0,Abnormal long stop,272,20,25.79818174215158,25.61909424571582,-1.9061817421515812,-1.727094245715822
2021,16,Turkish Grand Prix,Istanbul Park,norris,34,1,23.239,mclaren,Finished,0,0,unknown,0,0,0,0,0,0,0,0,29.619950000000003,0,1,0,0,Abnormal long stop,270,20,24.401362738745437,24.55434523989709,-1.1623627387454363,-1.3153452398970877
2021,16,Turkish Grand Prix,Istanbul Park,perez,37,1,22.463,red_bull,Finished,0,0,unknown,0,0,0,0,0,0,0,0,29.619950000000003,0,1,0,0,Abnormal long stop,292,20,24.35063708102923,24.10165054300552,-1.8876370810292293,-1.638650543005518
2021,16,Turkish Grand Prix,Istanbul Park,raikkonen,37,1,23.164,alfa,+1 Lap,0,0,unknown,0,0,0,0,0,0,0,0,29.619950000000003,0,1,0,0,Abnormal long stop,194,20,24.594578616119037,24.955685410935605,-1.4305786161190355,-1.791685410935603
2021,16,Turkish Grand Prix,Istanbul Park,ricciardo,21,1,23.028,mclaren,+1 Lap,0,0,unknown,0,0,0,0,0,0,0,0,29.619950000000003,0,1,0,0,Abnormal long stop,270,20,24.401362738745437,24.526578706556645,-1.3733627387454383,-1.4985787065566463
2021,16,Turkish Grand Prix,Istanbul Park,russell,35,1,23.551,williams,+1 Lap,0,0,unknown,0,0,0,0,0,0,0,0,29.619950000000003,0,1,0,0,Abnormal long stop,271,20,25.649632010219932,24.94750565236768,-2.0986320102199336,-1.3965056523676829
2021,16,Turkish Grand Prix,Istanbul Park,sainz,36,1,28.353,ferrari,Finished,0,0,unknown,0,0,0,0,0,0,0,0,29.619950000000003,0,1,0,0,Abnormal long stop,259,20,24.42776735933584,24.38939768754521,3.925232640664163,3.9636023124547926
2021,16,Turkish Grand Prix,Istanbul Park,stroll,39,1,35.509,aston_martin,Finished,0,0,unknown,0,0,0,0,0,0,0,0,29.619950000000003,0,1,0,0,Abnormal long stop,271,20,24.615663149354685,24.735639629400893,10.893336850645316,10.773360370599107
2021,16,Turkish Grand Prix,Istanbul Park,tsunoda,35,1,23.329,alphatauri,+1 Lap,0,0,unknown,0,0,0,0,0,0,0,0,29.619950000000003,0,1,0,0,Abnormal long stop,202,20,24.137983408885386,24.51566971709211,-0.8089834088853856,-1.1866697170921086
2021,16,Turkish Grand Prix,Istanbul Park,vettel,36,1,23.5,aston_martin,+1 Lap,0,0,unknown,0,0,0,0,0,0,0,0,29.619950000000003,0,1,0,0,Abnormal long stop,271,20,24.615663149354685,24.72923196786079,-1.1156631493546847,-1.229231967860791
2021,16,Turkish Grand Prix,Istanbul Park,vettel,37,2,23.514,aston_martin,+1 Lap,0,0,unknown,0,0,0,0,0,0,0,0,29.619950000000003,0,1,0,0,Abnormal long stop,271,20,24.615663149354685,24.882931250984957,-1.1016631493546853,-1.3689312509849572
2021,17,United States Grand Prix,Circuit of the Americas,alonso,7,1,23.576,alpine,Rear wing,0,0,unknown,0,0,0,0,0,0,0,0,27.153199999999984,0,1,0,0,Abnormal long stop,249,135,24.81942219117706,24.814988469694775,-1.2434221911770607,-1.2389884696947746
2021,17,United States Grand Prix,Circuit of the Americas,alonso,28,2,23.844,alpine,Rear wing,0,0,unknown,0,0,0,0,0,0,0,0,27.153199999999984,0,1,0,0,Abnormal long stop,249,135,24.81942219117706,25.011405496419616,-0.97542219117706,-1.1674054964196152
2021,17,United States Grand Prix,Circuit of the Americas,alonso,39,3,23.314,alpine,Rear wing,0,0,unknown,0,0,0,0,0,0,0,0,27.153199999999984,0,1,0,0,Abnormal long stop,249,135,24.81942219117706,25.516625137650287,-1.505422191177061,-2.202625137650287
2021,17,United States Grand Prix,Circuit of the Americas,bottas,15,1,24.444,mercedes,Finished,0,0,unknown,0,0,0,0,0,0,0,0,27.153199999999984,0,1,0,0,Abnormal long stop,278,135,24.998104847358036,24.554657983608383,-0.5541048473580368,-0.11065798360838386
2021,17,United States Grand Prix,Circuit of the Americas,bottas,34,2,23.619,mercedes,Finished,0,0,unknown,0,0,0,0,0,0,0,0,27.153199999999984,0,1,0,0,Abnormal long stop,278,135,24.998104847358036,24.746803235973154,-1.379104847358036,-1.127803235973154
2021,17,United States Grand Prix,Circuit of the Americas,gasly,10,1,23.745,alphatauri,Suspension,1,0,unknown,0,0,0,0,0,0,0,0,27.153199999999984,0,1,0,0,Possible damage/crash race,202,135,24.33728582452842,25.867034788245032,-0.5922858245284175,-2.1220347882450312
2021,17,United States Grand Prix,Circuit of the Americas,giovinazzi,8,1,23.993,alfa,+1 Lap,0,0,unknown,0,0,0,0,0,0,0,0,27.153199999999984,0,1,0,0,Abnormal long stop,194,135,24.79388103176207,24.834591137881326,-0.8008810317620707,-0.841591137881327
2021,17,United States Grand Prix,Circuit of the Americas,giovinazzi,26,2,23.502,alfa,+1 Lap,0,0,unknown,0,0,0,0,0,0,0,0,27.153199999999984,0,1,0,0,Abnormal long stop,194,135,24.79388103176207,25.024600503066065,-1.2918810317620704,-1.5226005030660659
2021,17,United States Grand Prix,Circuit of the Americas,hamilton,13,1,24.481,mercedes,Finished,0,0,unknown,0,0,0,0,0,0,0,0,27.153199999999984,0,1,0,0,Abnormal long stop,278,135,24.998104847358036,24.550386209248312,-0.5171048473580342,-0.06938620924831085
2021,17,United States Grand Prix,Circuit of the Americas,hamilton,37,2,23.676,mercedes,Finished,0,0,unknown,0,0,0,0,0,0,0,0,27.153199999999984,0,1,0,0,Abnormal long stop,278,135,24.998104847358036,24.753210897513256,-1.3221048473580375,-1.0772108975132575
2021,17,United States Grand Prix,Circuit of the Americas,latifi,5,1,32.61,williams,+1 Lap,0,0,unknown,0,0,0,0,0,0,0,0,27.153199999999984,0,1,0,0,Abnormal long stop,271,135,25.848934425862964,24.824275492133367,6.761065574137035,7.785724507866632
2021,17,United States Grand Prix,Circuit of the Americas,latifi,25,2,23.653,williams,+1 Lap,0,0,unknown,0,0,0,0,0,0,0,0,27.153199999999984,0,1,0,0,Abnormal long stop,271,135,25.848934425862964,25.018556631678177,-2.1959344258629656,-1.365556631678178
2021,17,United States Grand Prix,Circuit of the Americas,leclerc,12,1,24.011,ferrari,Finished,0,0,unknown,0,0,0,0,0,0,0,0,27.153199999999984,0,1,0,0,Abnormal long stop,259,135,24.62706977497887,24.278982850391095,-0.6160697749788717,-0.26798285039109615
2021,17,United States Grand Prix,Circuit of the Americas,leclerc,32,2,23.805,ferrari,Finished,0,0,unknown,0,0,0,0,0,0,0,0,27.153199999999984,0,1,0,0,Abnormal long stop,259,135,24.62706977497887,24.473263989935905,-0.8220697749788712,-0.6682639899359053
2021,17,United States Grand Prix,Circuit of the Americas,maxverstappen,10,1,23.727,red_bull,Finished,0,0,unknown,0,0,0,0,0,0,0,0,27.153199999999984,0,1,0,0,Abnormal long stop,292,135,24.549939496672263,23.984828044311307,-0.8229394966722623,-0.25782804431130657
2021,17,United States Grand Prix,Circuit of the Americas,maxverstappen,29,2,24.052,red_bull,Finished,0,0,unknown,0,0,0,0,0,0,0,0,27.153199999999984,0,1,0,0,Abnormal long stop,292,135,24.549939496672263,24.17697329667608,-0.497939496672263,-0.1249732966760817
2021,17,United States Grand Prix,Circuit of the Americas,mazepin,24,2,24.611,haas,+2 Laps,0,0,unknown,0,0,0,0,0,0,0,0,27.153199999999984,0,1,0,0,Abnormal long stop,272,135,25.997484157794613,25.679465789126148,-1.3864841577946123,-1.0684657891261473
2021,17,United States Grand Prix,Circuit of the Americas,mazepin,37,3,24.169,haas,+2 Laps,0,0,unknown,0,0,0,0,0,0,0,0,27.153199999999984,0,1,0,0,Abnormal long stop,272,135,25.997484157794613,26.18895720471689,-1.8284841577946125,-2.0199572047168886
2021,17,United States Grand Prix,Circuit of the Americas,mickschumacher,11,1,24.293,haas,+2 Laps,0,0,unknown,0,0,0,0,0,0,0,0,27.153199999999984,0,1,0,0,Abnormal long stop,272,135,25.997484157794613,25.500135859841578,-1.7044841577946137,-1.2071358598415785
2021,17,United States Grand Prix,Circuit of the Americas,mickschumacher,34,2,24.247,haas,+2 Laps,0,0,unknown,0,0,0,0,0,0,0,0,27.153199999999984,0,1,0,0,Abnormal long stop,272,135,25.997484157794613,25.700824660926486,-1.750484157794613,-1.453824660926486
2021,17,United States Grand Prix,Circuit of the Americas,norris,10,1,24.385,mclaren,Finished,0,0,unknown,0,0,0,0,0,0,0,0,27.153199999999984,0,1,0,0,Abnormal long stop,270,135,24.60066515438847,24.44393040274298,-0.21566515438846778,-0.058930402742976895
2021,17,United States Grand Prix,Circuit of the Americas,norris,30,2,25.548,mclaren,Finished,0,0,unknown,0,0,0,0,0,0,0,0,27.153199999999984,0,1,0,0,Abnormal long stop,270,135,24.60066515438847,24.638211542287785,0.9473348456115289,0.9097884577122137
2021,17,United States Grand Prix,Circuit of the Americas,ocon,3,1,40.8,alpine,Mechanical,0,0,unknown,0,0,0,0,0,0,0,0,27.153199999999984,0,1,0,0,Abnormal long stop,249,135,24.81942219117706,24.80644492097464,15.980577808822936,15.993555079025356
2021,17,United States Grand Prix,Circuit of the Americas,ocon,25,2,23.919,alpine,Mechanical,0,0,unknown,0,0,0,0,0,0,0,0,27.153199999999984,0,1,0,0,Abnormal long stop,249,135,24.81942219117706,25.004997834879514,-0.9004221911770607,-1.0859978348795138
2021,17,United States Grand Prix,Circuit of the Americas,perez,12,1,25.018,red_bull,Finished,0,0,unknown,0,0,0,0,0,0,0,0,27.153199999999984,0,1,0,0,Abnormal long stop,292,135,24.549939496672263,23.989099818671377,0.4680605033277381,1.0289001813286234
2021,17,United States Grand Prix,Circuit of the Americas,perez,30,2,23.604,red_bull,Finished,0,0,unknown,0,0,0,0,0,0,0,0,27.153199999999984,0,1,0,0,Abnormal long stop,292,135,24.549939496672263,24.179109183856113,-0.9459394966722634,-0.5751091838561138
2021,17,United States Grand Prix,Circuit of the Americas,raikkonen,12,1,24.191,alfa,+1 Lap,0,0,unknown,0,0,0,0,0,0,0,0,27.153199999999984,0,1,0,0,Abnormal long stop,194,135,24.79388103176207,24.84313468660146,-0.6028810317620703,-0.6521346866014603
2021,17,United States Grand Prix,Circuit of the Americas,raikkonen,31,2,24.09,alfa,+1 Lap,0,0,unknown,0,0,0,0,0,0,0,0,27.153199999999984,0,1,0,0,Abnormal long stop,194,135,24.79388103176207,25.035279938966234,-0.7038810317620694,-0.9452799389662339
2021,17,United States Grand Prix,Circuit of the Americas,ricciardo,11,1,24.176,mclaren,Finished,0,0,unknown,0,0,0,0,0,0,0,0,27.153199999999984,0,1,0,0,Abnormal long stop,270,135,24.60066515438847,24.44606628992301,-0.42466515438847097,-0.27006628992301174
2021,17,United States Grand Prix,Circuit of the Americas,ricciardo,30,2,24.036,mclaren,Finished,0,0,unknown,0,0,0,0,0,0,0,0,27.153199999999984,0,1,0,0,Abnormal long stop,270,135,24.60066515438847,24.638211542287785,-0.564665154388468,-0.6022115422877832
2021,17,United States Grand Prix,Circuit of the Americas,russell,9,1,23.572,williams,+1 Lap,0,0,unknown,0,0,0,0,0,0,0,0,27.153199999999984,0,1,0,0,Abnormal long stop,271,135,25.848934425862964,24.832819040853508,-2.276934425862965,-1.2608190408535087
2021,17,United States Grand Prix,Circuit of the Americas,russell,31,2,24.98,williams,+1 Lap,0,0,unknown,0,0,0,0,0,0,0,0,27.153199999999984,0,1,0,0,Abnormal long stop,271,135,25.848934425862964,25.03137195475838,-0.8689344258629639,-0.05137195475838041
2021,17,United States Grand Prix,Circuit of the Americas,sainz,11,1,23.414,ferrari,Finished,0,0,unknown,0,0,0,0,0,0,0,0,27.153199999999984,0,1,0,0,Abnormal long stop,259,135,24.62706977497887,24.276846963211064,-1.2130697749788695,-0.8628469632110622
2021,17,United States Grand Prix,Circuit of the Americas,sainz,29,2,26.866,ferrari,Finished,0,0,unknown,0,0,0,0,0,0,0,0,27.153199999999984,0,1,0,0,Abnormal long stop,259,135,24.62706977497887,24.466856328395803,2.2389302250211287,2.3991436716041967
2021,17,United States Grand Prix,Circuit of the Americas,stroll,18,1,23.827,aston_martin,+1 Lap,0,0,unknown,0,0,0,0,0,0,0,0,27.153199999999984,0,1,0,0,Abnormal long stop,271,135,24.814965564997717,24.63163245378689,-0.9879655649977153,-0.804632453786887
2021,17,United States Grand Prix,Circuit of the Americas,stroll,34,2,23.455,aston_martin,+1 Lap,0,0,unknown,0,0,0,0,0,0,0,0,27.153199999999984,0,1,0,0,Abnormal long stop,271,135,24.814965564997717,24.817370044611557,-1.3599655649977187,-1.3623700446115592
2021,17,United States Grand Prix,Circuit of the Americas,tsunoda,9,1,23.802,alphatauri,+1 Lap,0,0,unknown,0,0,0,0,0,0,0,0,27.153199999999984,0,1,0,0,Abnormal long stop,202,135,24.33728582452842,24.400983105577936,-0.5352858245284189,-0.5989831055779362
2021,17,United States Grand Prix,Circuit of the Americas,tsunoda,32,2,23.529,alphatauri,+1 Lap,0,0,unknown,0,0,0,0,0,0,0,0,27.153199999999984,0,1,0,0,Abnormal long stop,202,135,24.33728582452842,24.601671906662844,-0.8082858245284186,-1.072671906662844
2021,17,United States Grand Prix,Circuit of the Americas,vettel,17,1,24.977,aston_martin,+1 Lap,0,0,unknown,0,0,0,0,0,0,0,0,27.153199999999984,0,1,0,0,Abnormal long stop,271,135,24.814965564997717,24.629496566606853,0.16203443500228332,0.3475034333931468
2021,17,United States Grand Prix,Circuit of the Americas,vettel,38,2,23.849,aston_martin,+1 Lap,0,0,unknown,0,0,0,0,0,0,0,0,27.153199999999984,0,1,0,0,Abnormal long stop,271,135,24.814965564997717,24.82591359333169,-0.9659655649977168,-0.976913593331691
2021,18,Mexico City Grand Prix,Autódromo Hermanos Rodríguez,alonso,39,1,23.985,alpine,+1 Lap,0,0,unknown,0,0,0,0,0,0,0,0,26.404300000000003,0,1,0,0,Abnormal long stop,249,85,18.700186836968708,23.439902248608668,5.284813163031291,0.5450977513913315
2021,18,Mexico City Grand Prix,Autódromo Hermanos Rodríguez,bottas,40,2,31.664,mercedes,+2 Laps,0,0,unknown,0,0,0,0,0,0,0,0,26.404300000000003,0,1,0,0,Abnormal long stop,278,85,18.878869493149683,23.316183948206167,12.785130506850319,8.347816051793835
2021,18,Mexico City Grand Prix,Autódromo Hermanos Rodríguez,bottas,63,3,22.68,mercedes,+2 Laps,0,0,unknown,0,0,0,0,0,0,0,0,26.404300000000003,0,1,0,0,Abnormal long stop,278,85,18.878869493149683,23.847034235597242,3.801130506850317,-1.1670342355972423
2021,18,Mexico City Grand Prix,Autódromo Hermanos Rodríguez,bottas,67,4,26.443,mercedes,+2 Laps,0,0,unknown,0,0,0,0,0,0,0,0,26.404300000000003,0,1,0,0,Abnormal long stop,278,85,18.878869493149683,25.340238794269226,7.564130506850319,1.1027612057307756
2021,18,Mexico City Grand Prix,Autódromo Hermanos Rodríguez,gasly,31,1,22.549,alphatauri,Finished,0,0,unknown,0,0,0,0,0,0,0,0,26.404300000000003,0,1,0,0,Abnormal long stop,202,85,18.218050470320065,23.00453801269149,4.330949529679934,-0.4555380126914912
2021,18,Mexico City Grand Prix,Autódromo Hermanos Rodríguez,giovinazzi,16,1,22.205,alfa,+1 Lap,0,0,unknown,0,0,0,0,0,0,0,0,26.404300000000003,0,1,0,0,Abnormal long stop,194,85,18.674645677553716,23.4082436244744,3.530354322446282,-1.2032436244744034
2021,18,Mexico City Grand Prix,Autódromo Hermanos Rodríguez,hamilton,29,1,22.373,mercedes,Finished,0,0,unknown,0,0,0,0,0,0,0,0,26.404300000000003,0,1,0,0,Abnormal long stop,278,85,18.878869493149683,23.141125793281663,3.4941305068503183,-0.7681257932816621
2021,18,Mexico City Grand Prix,Autódromo Hermanos Rodríguez,latifi,11,1,23.681,williams,+2 Laps,0,0,unknown,0,0,0,0,0,0,0,0,26.404300000000003,0,1,0,0,Abnormal long stop,271,85,19.72969907165461,23.39365620436638,3.9513009283453897,0.2873437956336211
2021,18,Mexico City Grand Prix,Autódromo Hermanos Rodríguez,latifi,49,2,22.739,williams,+2 Laps,0,0,unknown,0,0,0,0,0,0,0,0,26.404300000000003,0,1,0,0,Abnormal long stop,271,85,19.72969907165461,23.6263833131518,3.0093009283453895,-0.8873833131517976
2021,18,Mexico City Grand Prix,Autódromo Hermanos Rodríguez,leclerc,30,1,22.085,ferrari,Finished,0,0,unknown,0,0,0,0,0,0,0,0,26.404300000000003,0,1,0,0,Abnormal long stop,259,85,18.507834420770518,22.873994208784517,3.577165579229483,-0.7889942087845156
2021,18,Mexico City Grand Prix,Autódromo Hermanos Rodríguez,maxverstappen,33,1,21.908,red_bull,Finished,0,0,unknown,0,0,0,0,0,0,0,0,26.404300000000003,0,1,0,0,Abnormal long stop,292,85,18.43070414246391,22.590518838604893,3.4772958575360917,-0.6825188386048922
2021,18,Mexico City Grand Prix,Autódromo Hermanos Rodríguez,mazepin,13,1,25.094,haas,+3 Laps,0,0,unknown,0,0,0,0,0,0,0,0,26.404300000000003,0,1,0,0,Abnormal long stop,272,85,19.87824880358626,24.06097302335445,5.215751196413741,1.0330269766455515
2021,18,Mexico City Grand Prix,Autódromo Hermanos Rodríguez,mazepin,58,2,23.637,haas,+3 Laps,0,0,unknown,0,0,0,0,0,0,0,0,26.404300000000003,0,1,0,0,Abnormal long stop,272,85,19.87824880358626,24.308651342400108,3.7587511964137406,-0.6716513424001072
2021,18,Mexico City Grand Prix,Autódromo Hermanos Rodríguez,norris,44,1,22.534,mclaren,+1 Lap,0,0,unknown,0,0,0,0,0,0,0,0,26.404300000000003,0,1,0,0,Abnormal long stop,270,85,18.481429800180116,23.073115956016938,4.052570199819883,-0.5391159560169392
2021,18,Mexico City Grand Prix,Autódromo Hermanos Rodríguez,ocon,14,1,23.1,alpine,+1 Lap,0,0,unknown,0,0,0,0,0,0,0,0,26.404300000000003,0,1,0,0,Abnormal long stop,249,85,18.700186836968708,23.38650506910782,4.399813163031293,-0.28650506910781814
2021,18,Mexico City Grand Prix,Autódromo Hermanos Rodríguez,perez,40,1,22.114,red_bull,Finished,0,0,unknown,0,0,0,0,0,0,0,0,26.404300000000003,0,1,0,0,Abnormal long stop,292,85,18.43070414246391,22.605470048865133,3.6832958575360912,-0.491470048865132
2021,18,Mexico City Grand Prix,Autódromo Hermanos Rodríguez,raikkonen,32,1,22.424,alfa,+1 Lap,0,0,unknown,0,0,0,0,0,0,0,0,26.404300000000003,0,1,0,0,Abnormal long stop,194,85,18.674645677553716,23.442417819354947,3.7493543224462833,-1.0184178193549478
2021,18,Mexico City Grand Prix,Autódromo Hermanos Rodríguez,ricciardo,38,2,22.813,mclaren,+1 Lap,0,0,unknown,0,0,0,0,0,0,0,0,26.404300000000003,0,1,0,0,Abnormal long stop,270,85,18.481429800180116,23.21186402888086,4.331570199819883,-0.3988640288808618
2021,18,Mexico City Grand Prix,Autódromo Hermanos Rodríguez,russell,15,1,21.984,williams,+2 Laps,0,0,unknown,0,0,0,0,0,0,0,0,26.404300000000003,0,1,0,0,Abnormal long stop,271,85,19.72969907165461,23.402199753086517,2.2543009283453905,-1.4181997530865154
2021,18,Mexico City Grand Prix,Autódromo Hermanos Rodríguez,sainz,42,1,22.031,ferrari,+1 Lap,0,0,unknown,0,0,0,0,0,0,0,0,26.404300000000003,0,1,0,0,Abnormal long stop,259,85,18.507834420770518,22.899624854944925,3.523165579229481,-0.868624854944926
2021,18,Mexico City Grand Prix,Autódromo Hermanos Rodríguez,stroll,12,1,23.586,aston_martin,+2 Laps,0,0,unknown,0,0,0,0,0,0,0,0,26.404300000000003,0,1,0,0,Abnormal long stop,271,85,18.695730210789364,23.17538251985949,4.890269789210635,0.4106174801405089
2021,18,Mexico City Grand Prix,Autódromo Hermanos Rodríguez,stroll,34,2,26.056,aston_martin,+2 Laps,0,0,unknown,0,0,0,0,0,0,0,0,26.404300000000003,0,1,0,0,Abnormal long stop,271,85,18.695730210789364,23.373935433764366,7.360269789210637,2.682064566235635
2021,18,Mexico City Grand Prix,Autódromo Hermanos Rodríguez,vettel,33,1,22.277,aston_martin,+1 Lap,0,0,unknown,0,0,0,0,0,0,0,0,26.404300000000003,0,1,0,0,Abnormal long stop,271,85,18.695730210789364,23.220236150640204,3.581269789210637,-0.9432361506402032
2021,19,São Paulo Grand Prix,Autódromo José Carlos Pace,alonso,7,1,17.751,alpine,+1 Lap,0,0,unknown,0,0,0,0,0,0,0,0,25.086999999999996,0,1,0,0,Abnormal long stop,249,153,17.976872639129855,22.480842475567762,-0.22587263912985378,-4.729842475567761
2021,19,São Paulo Grand Prix,Autódromo José Carlos Pace,alonso,8,2,17.705,alpine,+1 Lap,0,0,unknown,0,0,0,0,0,0,0,0,25.086999999999996,0,1,0,0,Abnormal long stop,249,153,17.976872639129855,22.634541758691928,-0.2718726391298567,-4.929541758691929
2021,19,São Paulo Grand Prix,Autódromo José Carlos Pace,alonso,34,3,24.375,alpine,+1 Lap,0,0,unknown,0,0,0,0,0,0,0,0,25.086999999999996,0,1,0,0,Abnormal long stop,249,153,17.976872639129855,23.17179970762311,6.398127360870145,1.2032002923768914
2021,19,São Paulo Grand Prix,Autódromo José Carlos Pace,bottas,7,1,17.899,mercedes,Finished,0,0,unknown,0,0,0,0,0,0,0,0,25.086999999999996,0,1,0,0,Abnormal long stop,278,153,18.15555529531083,22.2034248920411,-0.25655529531082877,-4.304424892041098
2021,19,São Paulo Grand Prix,Autódromo José Carlos Pace,bottas,8,2,17.837,mercedes,Finished,0,0,unknown,0,0,0,0,0,0,0,0,25.086999999999996,0,1,0,0,Abnormal long stop,278,153,18.15555529531083,22.35712417516526,-0.31855529531082993,-4.520124175165261
2021,19,São Paulo Grand Prix,Autódromo José Carlos Pace,bottas,30,3,23.263,mercedes,Finished,0,0,unknown,0,0,0,0,0,0,0,0,25.086999999999996,0,1,0,0,Abnormal long stop,278,153,18.15555529531083,22.885838575376308,5.107444704689172,0.3771614246236936
2021,19,São Paulo Grand Prix,Autódromo José Carlos Pace,bottas,41,4,22.856,mercedes,Finished,0,0,unknown,0,0,0,0,0,0,0,0,25.086999999999996,0,1,0,0,Abnormal long stop,278,153,18.15555529531083,24.393994344308524,4.700444704689172,-1.5379943443085224
2021,19,São Paulo Grand Prix,Autódromo José Carlos Pace,gasly,7,1,19.439,alphatauri,+1 Lap,0,0,unknown,0,0,0,0,0,0,0,0,25.086999999999996,0,1,0,0,Abnormal long stop,202,153,17.494736272481212,22.062565337090856,1.9442637275187877,-2.623565337090856
2021,19,São Paulo Grand Prix,Autódromo José Carlos Pace,gasly,8,2,18.608,alphatauri,+1 Lap,0,0,unknown,0,0,0,0,0,0,0,0,25.086999999999996,0,1,0,0,Abnormal long stop,202,153,17.494736272481212,22.216264620215018,1.1132637275187882,-3.6082646202150173
2021,19,São Paulo Grand Prix,Autódromo José Carlos Pace,gasly,25,3,23.116,alphatauri,+1 Lap,0,0,unknown,0,0,0,0,0,0,0,0,25.086999999999996,0,1,0,0,Abnormal long stop,202,153,17.494736272481212,22.734299584525896,5.621263727518787,0.3817004154741035
2021,19,São Paulo Grand Prix,Autódromo José Carlos Pace,gasly,51,4,23.039,alphatauri,+1 Lap,0,0,unknown,0,0,0,0,0,0,0,0,25.086999999999996,0,1,0,0,Abnormal long stop,202,153,17.494736272481212,24.274493661158623,5.544263727518789,-1.2354936611586211
2021,19,São Paulo Grand Prix,Autódromo José Carlos Pace,giovinazzi,7,1,17.713,alfa,+1 Lap,0,0,unknown,0,0,0,0,0,0,0,0,25.086999999999996,0,1,0,0,Abnormal long stop,194,153,17.951331479714863,22.49830925657428,-0.23833147971486213,-4.78530925657428
2021,19,São Paulo Grand Prix,Autódromo José Carlos Pace,giovinazzi,8,2,17.929,alfa,+1 Lap,0,0,unknown,0,0,0,0,0,0,0,0,25.086999999999996,0,1,0,0,Abnormal long stop,194,153,17.951331479714863,22.652008539698443,-0.0223314797148646,-4.723008539698444
2021,19,São Paulo Grand Prix,Autódromo José Carlos Pace,giovinazzi,29,3,23.618,alfa,+1 Lap,0,0,unknown,0,0,0,0,0,0,0,0,25.086999999999996,0,1,0,0,Abnormal long stop,194,153,17.951331479714863,23.178587052729455,5.6666685202851355,0.4394129472705437
2021,19,São Paulo Grand Prix,Autódromo José Carlos Pace,giovinazzi,42,4,22.83,alfa,+1 Lap,0,0,unknown,0,0,0,0,0,0,0,0,25.086999999999996,0,1,0,0,Abnormal long stop,194,153,17.951331479714863,24.69101459602174,4.878668520285135,-1.861014596021743
2021,19,São Paulo Grand Prix,Autódromo José Carlos Pace,hamilton,7,1,17.91,mercedes,Finished,0,0,unknown,0,0,0,0,0,0,0,0,25.086999999999996,0,1,0,0,Abnormal long stop,278,153,18.15555529531083,22.2034248920411,-0.24555529531082954,-4.293424892041099
2021,19,São Paulo Grand Prix,Autódromo José Carlos Pace,hamilton,8,2,18.66,mercedes,Finished,0,0,unknown,0,0,0,0,0,0,0,0,25.086999999999996,0,1,0,0,Abnormal long stop,278,153,18.15555529531083,22.35712417516526,0.5044447046891705,-3.6971241751652606
2021,19,São Paulo Grand Prix,Autódromo José Carlos Pace,hamilton,26,3,22.69,mercedes,Finished,0,0,unknown,0,0,0,0,0,0,0,0,25.086999999999996,0,1,0,0,Abnormal long stop,278,153,18.15555529531083,22.877295026656174,4.534444704689172,-0.18729502665617304
2021,19,São Paulo Grand Prix,Autódromo José Carlos Pace,hamilton,43,4,22.664,mercedes,Finished,0,0,unknown,0,0,0,0,0,0,0,0,25.086999999999996,0,1,0,0,Abnormal long stop,278,153,18.15555529531083,24.398266118668595,4.508444704689172,-1.734266118668593
2021,19,São Paulo Grand Prix,Autódromo José Carlos Pace,latifi,7,1,18.153,williams,+1 Lap,0,0,unknown,0,0,0,0,0,0,0,0,25.086999999999996,0,1,0,0,Abnormal long stop,271,153,19.006384873815758,22.494401272366428,-0.8533848738157594,-4.341401272366429
2021,19,São Paulo Grand Prix,Autódromo José Carlos Pace,latifi,8,2,18.784,williams,+1 Lap,0,0,unknown,0,0,0,0,0,0,0,0,25.086999999999996,0,1,0,0,Abnormal long stop,271,153,19.006384873815758,22.64810055549059,-0.22238487381575922,-3.864100555490591
2021,19,São Paulo Grand Prix,Autódromo José Carlos Pace,latifi,13,3,22.936,williams,+1 Lap,0,0,unknown,0,0,0,0,0,0,0,0,25.086999999999996,0,1,0,0,Abnormal long stop,271,153,19.006384873815758,23.14050487364106,3.929615126184242,-0.20450487364105996
2021,19,São Paulo Grand Prix,Autódromo José Carlos Pace,latifi,39,4,22.958,williams,+1 Lap,0,0,unknown,0,0,0,0,0,0,0,0,25.086999999999996,0,1,0,0,Abnormal long stop,271,153,19.006384873815758,24.680698950273786,3.9516151261842403,-1.722698950273788
2021,19,São Paulo Grand Prix,Autódromo José Carlos Pace,leclerc,7,1,17.943,ferrari,Finished,0,0,unknown,0,0,0,0,0,0,0,0,25.086999999999996,0,1,0,0,Abnormal long stop,259,153,17.784520222931665,21.934157420363917,0.1584797770683366,-3.9911574203639155
2021,19,São Paulo Grand Prix,Autódromo José Carlos Pace,leclerc,8,2,17.771,ferrari,Finished,0,0,unknown,0,0,0,0,0,0,0,0,25.086999999999996,0,1,0,0,Abnormal long stop,259,153,17.784520222931665,22.087856703488082,-0.013520222931663994,-4.316856703488082
2021,19,São Paulo Grand Prix,Autódromo José Carlos Pace,leclerc,27,3,22.667,ferrari,Finished,0,0,unknown,0,0,0,0,0,0,0,0,25.086999999999996,0,1,0,0,Abnormal long stop,259,153,17.784520222931665,22.610163442159028,4.882479777068337,0.05683655784097397
2021,19,São Paulo Grand Prix,Autódromo José Carlos Pace,leclerc,52,4,23.064,ferrari,Finished,0,0,unknown,0,0,0,0,0,0,0,0,25.086999999999996,0,1,0,0,Abnormal long stop,259,153,17.784520222931665,24.14822163161172,5.279479777068335,-1.0842216316117188
2021,19,São Paulo Grand Prix,Autódromo José Carlos Pace,maxverstappen,7,1,17.916,red_bull,Finished,0,0,unknown,0,0,0,0,0,0,0,0,25.086999999999996,0,1,0,0,Abnormal long stop,292,153,17.707389944625056,21.64427438864419,0.20861005537494393,-3.7282743886441914
2021,19,São Paulo Grand Prix,Autódromo José Carlos Pace,maxverstappen,8,2,17.807,red_bull,Finished,0,0,unknown,0,0,0,0,0,0,0,0,25.086999999999996,0,1,0,0,Abnormal long stop,292,153,17.707389944625056,21.797973671768357,0.09961005537494216,-3.9909736717683586
2021,19,São Paulo Grand Prix,Autódromo José Carlos Pace,maxverstappen,27,3,22.722,red_bull,Finished,0,0,unknown,0,0,0,0,0,0,0,0,25.086999999999996,0,1,0,0,Abnormal long stop,292,153,17.707389944625056,22.320280410439302,5.014610055374945,0.40171958956069886
2021,19,São Paulo Grand Prix,Autódromo José Carlos Pace,maxverstappen,40,4,22.766,red_bull,Finished,0,0,unknown,0,0,0,0,0,0,0,0,25.086999999999996,0,1,0,0,Abnormal long stop,292,153,17.707389944625056,23.83270795373159,5.058610055374942,-1.0667079537315907
2021,19,São Paulo Grand Prix,Autódromo José Carlos Pace,mazepin,7,1,17.995,haas,+2 Laps,0,0,unknown,0,0,0,0,0,0,0,0,25.086999999999996,0,1,0,0,Abnormal long stop,272,153,19.154934605747407,23.15744631699443,-1.1599346057474058,-5.16244631699443
2021,19,São Paulo Grand Prix,Autódromo José Carlos Pace,mazepin,8,2,18.467,haas,+2 Laps,0,0,unknown,0,0,0,0,0,0,0,0,25.086999999999996,0,1,0,0,Abnormal long stop,272,153,19.154934605747407,23.311145600118593,-0.6879346057474081,-4.844145600118594
2021,19,São Paulo Grand Prix,Autódromo José Carlos Pace,mazepin,34,3,23.546,haas,+2 Laps,0,0,unknown,0,0,0,0,0,0,0,0,25.086999999999996,0,1,0,0,Abnormal long stop,272,153,19.154934605747407,23.848403549049777,4.391065394252593,-0.30240354904977806
2021,19,São Paulo Grand Prix,Autódromo José Carlos Pace,mickschumacher,7,1,17.861,haas,+2 Laps,0,0,unknown,0,0,0,0,0,0,0,0,25.086999999999996,0,1,0,0,Abnormal long stop,272,153,19.154934605747407,23.15744631699443,-1.2939346057474062,-5.29644631699443
2021,19,São Paulo Grand Prix,Autódromo José Carlos Pace,mickschumacher,8,2,18.588,haas,+2 Laps,0,0,unknown,0,0,0,0,0,0,0,0,25.086999999999996,0,1,0,0,Abnormal long stop,272,153,19.154934605747407,23.311145600118593,-0.5669346057474058,-4.723145600118592
2021,19,São Paulo Grand Prix,Autódromo José Carlos Pace,mickschumacher,11,3,41.173,haas,+2 Laps,0,0,unknown,0,0,0,0,0,0,0,0,25.086999999999996,0,1,0,0,Abnormal long stop,272,153,19.154934605747407,23.799278143908996,22.018065394252595,17.373721856091006
2021,19,São Paulo Grand Prix,Autódromo José Carlos Pace,mickschumacher,29,4,25.597,haas,+2 Laps,0,0,unknown,0,0,0,0,0,0,0,0,25.086999999999996,0,1,0,0,Abnormal long stop,272,153,19.154934605747407,25.322385123101455,6.4420653942525945,0.27461487689854636
2021,19,São Paulo Grand Prix,Autódromo José Carlos Pace,mickschumacher,61,5,24.627,haas,+2 Laps,0,0,unknown,0,0,0,0,0,0,0,0,25.086999999999996,0,1,0,0,Abnormal long stop,272,153,19.154934605747407,23.899945774732114,5.472065394252592,0.7270542252678851
2021,19,São Paulo Grand Prix,Autódromo José Carlos Pace,norris,6,2,17.719,mclaren,+1 Lap,0,0,unknown,0,0,0,0,0,0,0,0,25.086999999999996,0,1,0,0,Abnormal long stop,270,153,17.758115602341263,22.252804255839962,-0.03911560234126199,-4.533804255839961
2021,19,São Paulo Grand Prix,Autódromo José Carlos Pace,norris,7,3,17.673,mclaren,+1 Lap,0,0,unknown,0,0,0,0,0,0,0,0,25.086999999999996,0,1,0,0,Abnormal long stop,270,153,17.758115602341263,22.73666502527029,-0.08511560234126492,-5.063665025270293
2021,19,São Paulo Grand Prix,Autódromo José Carlos Pace,norris,8,4,19.176,mclaren,+1 Lap,0,0,unknown,0,0,0,0,0,0,0,0,25.086999999999996,0,1,0,0,Abnormal long stop,270,153,17.758115602341263,24.223461922402173,1.4178843976587352,-5.047461922402174
2021,19,São Paulo Grand Prix,Autódromo José Carlos Pace,norris,37,5,24.211,mclaren,+1 Lap,0,0,unknown,0,0,0,0,0,0,0,0,25.086999999999996,0,1,0,0,Abnormal long stop,270,153,17.758115602341263,22.794614912492733,6.452884397658735,1.4163850875072654
2021,19,São Paulo Grand Prix,Autódromo José Carlos Pace,ocon,7,1,19.285,alpine,+1 Lap,0,0,unknown,0,0,0,0,0,0,0,0,25.086999999999996,0,1,0,0,Abnormal long stop,249,153,17.976872639129855,22.480842475567762,1.3081273608701451,-3.195842475567762
2021,19,São Paulo Grand Prix,Autódromo José Carlos Pace,ocon,8,2,17.818,alpine,+1 Lap,0,0,unknown,0,0,0,0,0,0,0,0,25.086999999999996,0,1,0,0,Abnormal long stop,249,153,17.976872639129855,22.634541758691928,-0.1588726391298536,-4.816541758691926
2021,19,São Paulo Grand Prix,Autódromo José Carlos Pace,ocon,30,3,23.504,alpine,+1 Lap,0,0,unknown,0,0,0,0,0,0,0,0,25.086999999999996,0,1,0,0,Abnormal long stop,249,153,17.976872639129855,23.163256158902975,5.527127360870146,0.3407438410970265
2021,19,São Paulo Grand Prix,Autódromo José Carlos Pace,perez,7,1,18.308,red_bull,Finished,0,0,unknown,0,0,0,0,0,0,0,0,25.086999999999996,0,1,0,0,Abnormal long stop,292,153,17.707389944625056,21.64427438864419,0.6006100553749434,-3.336274388644192
2021,19,São Paulo Grand Prix,Autódromo José Carlos Pace,perez,8,2,18.136,red_bull,Finished,0,0,unknown,0,0,0,0,0,0,0,0,25.086999999999996,0,1,0,0,Abnormal long stop,292,153,17.707389944625056,21.797973671768357,0.4286100553749428,-3.661973671768358
2021,19,São Paulo Grand Prix,Autódromo José Carlos Pace,perez,28,3,23.165,red_bull,Finished,0,0,unknown,0,0,0,0,0,0,0,0,25.086999999999996,0,1,0,0,Abnormal long stop,292,153,17.707389944625056,22.322416297619334,5.457610055374943,0.842583702380665
2021,19,São Paulo Grand Prix,Autódromo José Carlos Pace,perez,42,4,22.656,red_bull,Finished,0,0,unknown,0,0,0,0,0,0,0,0,25.086999999999996,0,1,0,0,Abnormal long stop,292,153,17.707389944625056,23.836979728091656,4.948610055374942,-1.180979728091657
2021,19,São Paulo Grand Prix,Autódromo José Carlos Pace,perez,69,5,22.916,red_bull,Finished,0,0,unknown,0,0,0,0,0,0,0,0,25.086999999999996,0,1,0,0,Abnormal long stop,292,153,17.707389944625056,22.403860943822146,5.208610055374944,0.5121390561778547
2021,19,São Paulo Grand Prix,Autódromo José Carlos Pace,raikkonen,7,1,18.327,alfa,+1 Lap,0,0,unknown,0,0,0,0,0,0,0,0,25.086999999999996,0,1,0,0,Abnormal long stop,194,153,17.951331479714863,22.49830925657428,0.37566852028513864,-4.171309256574279
2021,19,São Paulo Grand Prix,Autódromo José Carlos Pace,raikkonen,8,2,18.763,alfa,+1 Lap,0,0,unknown,0,0,0,0,0,0,0,0,25.086999999999996,0,1,0,0,Abnormal long stop,194,153,17.951331479714863,22.652008539698443,0.8116685202851386,-3.889008539698441
2021,19,São Paulo Grand Prix,Autódromo José Carlos Pace,raikkonen,28,3,23.541,alfa,+1 Lap,0,0,unknown,0,0,0,0,0,0,0,0,25.086999999999996,0,1,0,0,Abnormal long stop,194,153,17.951331479714863,23.176451165549423,5.589668520285137,0.3645488344505772
2021,19,São Paulo Grand Prix,Autódromo José Carlos Pace,raikkonen,52,4,22.666,alfa,+1 Lap,0,0,unknown,0,0,0,0,0,0,0,0,25.086999999999996,0,1,0,0,Abnormal long stop,194,153,17.951331479714863,24.71237346782208,4.714668520285137,-2.046373467822079
2021,19,São Paulo Grand Prix,Autódromo José Carlos Pace,ricciardo,7,1,19.732,mclaren,Power loss,0,0,unknown,0,0,0,0,0,0,0,0,25.086999999999996,0,1,0,0,Abnormal long stop,270,153,17.758115602341263,22.103376747075863,1.9738843976587361,-2.371376747075864
2021,19,São Paulo Grand Prix,Autódromo José Carlos Pace,ricciardo,8,2,18.347,mclaren,Power loss,0,0,unknown,0,0,0,0,0,0,0,0,25.086999999999996,0,1,0,0,Abnormal long stop,270,153,17.758115602341263,22.25707603020003,0.5888843976587381,-3.9100760302000275
2021,19,São Paulo Grand Prix,Autódromo José Carlos Pace,ricciardo,30,3,22.839,mclaren,Power loss,0,0,unknown,0,0,0,0,0,0,0,0,25.086999999999996,0,1,0,0,Abnormal long stop,270,153,17.758115602341263,22.785790430411076,5.0808843976587355,0.053209569588922534
2021,19,São Paulo Grand Prix,Autódromo José Carlos Pace,russell,6,1,22.978,williams,+1 Lap,0,0,unknown,0,0,0,0,0,0,0,0,25.086999999999996,0,1,0,0,Abnormal long stop,271,153,19.006384873815758,22.492265385186396,3.9716151261842434,0.48573461481360525
2021,19,São Paulo Grand Prix,Autódromo José Carlos Pace,russell,7,2,20.844,williams,+1 Lap,0,0,unknown,0,0,0,0,0,0,0,0,25.086999999999996,0,1,0,0,Abnormal long stop,271,153,19.006384873815758,22.645964668310555,1.837615126184243,-1.8019646683105535
2021,19,São Paulo Grand Prix,Autódromo José Carlos Pace,russell,8,3,18.179,williams,+1 Lap,0,0,unknown,0,0,0,0,0,0,0,0,25.086999999999996,0,1,0,0,Abnormal long stop,271,153,19.006384873815758,23.12982543774089,-0.8273848738157596,-4.9508254377408925
2021,19,São Paulo Grand Prix,Autódromo José Carlos Pace,russell,41,4,23.132,williams,+1 Lap,0,0,unknown,0,0,0,0,0,0,0,0,25.086999999999996,0,1,0,0,Abnormal long stop,271,153,19.006384873815758,24.684970724633853,4.125615126184243,-1.5529707246338518
2021,19,São Paulo Grand Prix,Autódromo José Carlos Pace,sainz,7,1,18.46,ferrari,Finished,0,0,unknown,0,0,0,0,0,0,0,0,25.086999999999996,0,1,0,0,Abnormal long stop,259,153,17.784520222931665,21.934157420363917,0.6754797770683361,-3.474157420363916
2021,19,São Paulo Grand Prix,Autódromo José Carlos Pace,sainz,8,2,18.373,ferrari,Finished,0,0,unknown,0,0,0,0,0,0,0,0,25.086999999999996,0,1,0,0,Abnormal long stop,259,153,17.784520222931665,22.087856703488082,0.5884797770683363,-3.7148567034880813
2021,19,São Paulo Grand Prix,Autódromo José Carlos Pace,sainz,26,3,23.321,ferrari,Finished,0,0,unknown,0,0,0,0,0,0,0,0,25.086999999999996,0,1,0,0,Abnormal long stop,259,153,17.784520222931665,22.60802755497899,5.536479777068337,0.7129724450210126
2021,19,São Paulo Grand Prix,Autódromo José Carlos Pace,sainz,53,4,22.745,ferrari,Finished,0,0,unknown,0,0,0,0,0,0,0,0,25.086999999999996,0,1,0,0,Abnormal long stop,259,153,17.784520222931665,24.150357518791754,4.960479777068336,-1.405357518791753
2021,19,São Paulo Grand Prix,Autódromo José Carlos Pace,stroll,7,1,17.948,aston_martin,Collision damage,1,0,unknown,0,0,0,0,0,0,0,0,25.086999999999996,0,1,0,0,Possible damage/crash race,271,153,17.97241601295051,23.737907496166567,-0.024416012950510435,-5.789907496166567
2021,19,São Paulo Grand Prix,Autódromo José Carlos Pace,stroll,8,2,17.935,aston_martin,Collision damage,1,0,unknown,0,0,0,0,0,0,0,0,25.086999999999996,0,1,0,0,Possible damage/crash race,271,153,17.97241601295051,23.89160677929073,-0.03741601295051211,-5.9566067792907305
2021,19,São Paulo Grand Prix,Autódromo José Carlos Pace,stroll,22,3,24.997,aston_martin,Collision damage,1,0,unknown,0,0,0,0,0,0,0,0,25.086999999999996,0,1,0,0,Possible damage/crash race,271,153,17.97241601295051,24.403234082061505,7.024583987049489,0.5937659179384944
2021,19,São Paulo Grand Prix,Autódromo José Carlos Pace,tsunoda,4,1,31.939,alphatauri,+1 Lap,0,0,unknown,0,0,0,0,0,0,0,0,25.086999999999996,0,1,0,0,Abnormal long stop,202,153,17.494736272481212,22.056157675550757,14.444263727518788,9.882842324449243
2021,19,São Paulo Grand Prix,Autódromo José Carlos Pace,tsunoda,6,2,17.758,alphatauri,+1 Lap,0,0,unknown,0,0,0,0,0,0,0,0,25.086999999999996,0,1,0,0,Abnormal long stop,202,153,17.494736272481212,22.21199284585495,0.2632637275187868,-4.453992845854952
2021,19,São Paulo Grand Prix,Autódromo José Carlos Pace,tsunoda,7,3,17.711,alphatauri,+1 Lap,0,0,unknown,0,0,0,0,0,0,0,0,25.086999999999996,0,1,0,0,Abnormal long stop,202,153,17.494736272481212,22.695853615285284,0.2162637275187862,-4.984853615285285
2021,19,São Paulo Grand Prix,Autódromo José Carlos Pace,tsunoda,8,4,18.499,alphatauri,+1 Lap,0,0,unknown,0,0,0,0,0,0,0,0,25.086999999999996,0,1,0,0,Abnormal long stop,202,153,17.494736272481212,24.182650512417162,1.0042637275187865,-5.683650512417163
2021,19,São Paulo Grand Prix,Autódromo José Carlos Pace,tsunoda,39,5,35.416,alphatauri,+1 Lap,0,0,unknown,0,0,0,0,0,0,0,0,25.086999999999996,0,1,0,0,Abnormal long stop,202,153,17.494736272481212,22.758075276867793,17.921263727518784,12.657924723132204
2021,19,São Paulo Grand Prix,Autódromo José Carlos Pace,vettel,7,1,18.107,aston_martin,+1 Lap,0,0,unknown,0,0,0,0,0,0,0,0,25.086999999999996,0,1,0,0,Abnormal long stop,271,153,17.97241601295051,22.273991700679503,0.13458398704948848,-4.166991700679503
2021,19,São Paulo Grand Prix,Autódromo José Carlos Pace,vettel,8,2,17.896,aston_martin,+1 Lap,0,0,unknown,0,0,0,0,0,0,0,0,25.086999999999996,0,1,0,0,Abnormal long stop,271,153,17.97241601295051,22.427690983803664,-0.07641601295051004,-4.531690983803664
2021,19,São Paulo Grand Prix,Autódromo José Carlos Pace,vettel,28,3,24.464,aston_martin,+1 Lap,0,0,unknown,0,0,0,0,0,0,0,0,25.086999999999996,0,1,0,0,Abnormal long stop,271,153,17.97241601295051,22.952133609654645,6.491583987049488,1.5118663903453538
2021,19,São Paulo Grand Prix,Autódromo José Carlos Pace,vettel,55,4,22.978,aston_martin,+1 Lap,0,0,unknown,0,0,0,0,0,0,0,0,25.086999999999996,0,1,0,0,Abnormal long stop,271,153,17.97241601295051,24.494463573467407,5.005583987049491,-1.516463573467405
2021,20,Qatar Grand Prix,Losail International Circuit,alonso,23,1,25.991,alpine,Finished,0,0,unknown,0,0,0,0,0,0,0,0,31.256599999999978,0,1,0,0,Abnormal long stop,249,141,28.20191871862343,28.147761011176964,-2.2109187186234287,-2.1567610111769646
2021,20,Qatar Grand Prix,Losail International Circuit,bottas,33,1,36.341,mercedes,Damage,1,0,unknown,0,0,0,0,0,0,0,0,31.256599999999978,0,1,0,0,Possible damage/crash race,278,141,28.3806013748044,29.355618094937697,7.960398625195602,6.9853819050623045
2021,20,Qatar Grand Prix,Losail International Circuit,gasly,13,1,25.63,alphatauri,+1 Lap,0,0,unknown,0,0,0,0,0,0,0,0,31.256599999999978,0,1,0,0,Abnormal long stop,202,141,27.719782351974786,27.70812500089972,-2.0897823519747867,-2.078125000899721
2021,20,Qatar Grand Prix,Losail International Circuit,gasly,35,2,26.109,alphatauri,+1 Lap,0,0,unknown,0,0,0,0,0,0,0,0,31.256599999999978,0,1,0,0,Abnormal long stop,202,141,27.719782351974786,27.906677914804593,-1.610782351974784,-1.7976779148045914
2021,20,Qatar Grand Prix,Losail International Circuit,giovinazzi,15,1,25.987,alfa,+1 Lap,0,0,unknown,0,0,0,0,0,0,0,0,31.256599999999978,0,1,0,0,Abnormal long stop,194,141,28.176377559208436,28.148140694743205,-2.189377559208438,-2.1611406947432066
2021,20,Qatar Grand Prix,Losail International Circuit,giovinazzi,32,2,25.347,alfa,+1 Lap,0,0,unknown,0,0,0,0,0,0,0,0,31.256599999999978,0,1,0,0,Abnormal long stop,194,141,28.176377559208436,28.336014172747912,-2.829377559208435,-2.989014172747911
2021,20,Qatar Grand Prix,Losail International Circuit,hamilton,18,1,25.235,mercedes,Finished,0,0,unknown,0,0,0,0,0,0,0,0,31.256599999999978,0,1,0,0,Abnormal long stop,278,141,28.3806013748044,27.859663991750125,-3.1456013748044,-2.6246639917501255
2021,20,Qatar Grand Prix,Losail International Circuit,hamilton,42,2,25.381,mercedes,Finished,0,0,unknown,0,0,0,0,0,0,0,0,31.256599999999978,0,1,0,0,Abnormal long stop,278,141,28.3806013748044,28.062488680015072,-2.9996013748043993,-2.6814886800150717
2021,20,Qatar Grand Prix,Losail International Circuit,latifi,18,1,25.811,williams,Puncture,1,0,unknown,0,0,0,0,0,0,0,0,31.256599999999978,0,1,0,0,Possible damage/crash race,271,141,29.231430953309335,29.61455616756252,-3.420430953309335,-3.803556167562519
2021,20,Qatar Grand Prix,Losail International Circuit,leclerc,27,1,25.799,ferrari,Finished,0,0,unknown,0,0,0,0,0,0,0,0,31.256599999999978,0,1,0,0,Abnormal long stop,259,141,28.009566302425238,27.609619504693253,-2.2105663024252387,-1.8106195046932534
2021,20,Qatar Grand Prix,Losail International Circuit,maxverstappen,17,1,25.3,red_bull,Finished,0,0,unknown,0,0,0,0,0,0,0,0,31.256599999999978,0,1,0,0,Abnormal long stop,292,141,27.93243602411863,27.29837760117319,-2.632436024118629,-1.998377601173189
2021,20,Qatar Grand Prix,Losail International Circuit,maxverstappen,41,2,25.175,red_bull,Finished,0,0,unknown,0,0,0,0,0,0,0,0,31.256599999999978,0,1,0,0,Abnormal long stop,292,141,27.93243602411863,27.501202289438133,-2.757436024118629,-2.3262022894381325
2021,20,Qatar Grand Prix,Losail International Circuit,maxverstappen,55,3,25.465,red_bull,Finished,0,0,unknown,0,0,0,0,0,0,0,0,31.256599999999978,0,1,0,0,Abnormal long stop,292,141,27.93243602411863,28.012829592208906,-2.46743602411863,-2.547829592208906
2021,20,Qatar Grand Prix,Losail International Circuit,mazepin,31,1,26.515,haas,+2 Laps,0,0,unknown,0,0,0,0,0,0,0,0,31.256599999999978,0,1,0,0,Abnormal long stop,272,141,29.37998068524098,28.841451950043904,-2.8649806852409796,-2.3264519500439036
2021,20,Qatar Grand Prix,Losail International Circuit,mickschumacher,22,1,25.881,haas,+1 Lap,0,0,unknown,0,0,0,0,0,0,0,0,31.256599999999978,0,1,0,0,Abnormal long stop,272,141,29.37998068524098,28.822228965423598,-3.49898068524098,-2.9412289654235977
2021,20,Qatar Grand Prix,Losail International Circuit,norris,25,1,25.319,mclaren,+1 Lap,0,0,unknown,0,0,0,0,0,0,0,0,31.256599999999978,0,1,0,0,Abnormal long stop,270,141,27.983161681834837,27.774567057045132,-2.6641616818348375,-2.4555670570451333
2021,20,Qatar Grand Prix,Losail International Circuit,norris,49,2,26.552,mclaren,+1 Lap,0,0,unknown,0,0,0,0,0,0,0,0,31.256599999999978,0,1,0,0,Abnormal long stop,270,141,27.983161681834837,27.977391745310076,-1.431161681834837,-1.4253917453100762
2021,20,Qatar Grand Prix,Losail International Circuit,ocon,24,1,25.517,alpine,Finished,0,0,unknown,0,0,0,0,0,0,0,0,31.256599999999978,0,1,0,0,Abnormal long stop,249,141,28.20191871862343,28.149896898357,-2.684918718623429,-2.632896898357
2021,20,Qatar Grand Prix,Losail International Circuit,perez,19,1,25.419,red_bull,Finished,0,0,unknown,0,0,0,0,0,0,0,0,31.256599999999978,0,1,0,0,Abnormal long stop,292,141,27.93243602411863,27.302649375533257,-2.5134360241186293,-1.8836493755332562
2021,20,Qatar Grand Prix,Losail International Circuit,perez,41,2,25.42,red_bull,Finished,0,0,unknown,0,0,0,0,0,0,0,0,31.256599999999978,0,1,0,0,Abnormal long stop,292,141,27.93243602411863,27.501202289438133,-2.512436024118628,-2.0812022894381315
2021,20,Qatar Grand Prix,Losail International Circuit,raikkonen,10,1,26.174,alfa,+1 Lap,0,0,unknown,0,0,0,0,0,0,0,0,31.256599999999978,0,1,0,0,Abnormal long stop,194,141,28.176377559208436,28.13746125884304,-2.002377559208437,-1.96346125884304
2021,20,Qatar Grand Prix,Losail International Circuit,raikkonen,30,2,25.633,alfa,+1 Lap,0,0,unknown,0,0,0,0,0,0,0,0,31.256599999999978,0,1,0,0,Abnormal long stop,194,141,28.176377559208436,28.331742398387842,-2.5433775592084373,-2.698742398387843
2021,20,Qatar Grand Prix,Losail International Circuit,ricciardo,26,1,25.562,mclaren,+1 Lap,0,0,unknown,0,0,0,0,0,0,0,0,31.256599999999978,0,1,0,0,Abnormal long stop,270,141,27.983161681834837,27.776702944225164,-2.4211616818348354,-2.214702944225163
2021,20,Qatar Grand Prix,Losail International Circuit,russell,17,1,26.121,williams,+2 Laps,0,0,unknown,0,0,0,0,0,0,0,0,31.256599999999978,0,1,0,0,Abnormal long stop,271,141,29.231430953309335,28.148504484895422,-3.1104309533093364,-2.027504484895424
2021,20,Qatar Grand Prix,Losail International Circuit,russell,49,2,35.006,williams,+2 Laps,0,0,unknown,0,0,0,0,0,0,0,0,31.256599999999978,0,1,0,0,Abnormal long stop,271,141,29.231430953309335,28.368416270600637,5.774569046690665,6.637583729399363
2021,20,Qatar Grand Prix,Losail International Circuit,sainz,27,1,25.639,ferrari,Finished,0,0,unknown,0,0,0,0,0,0,0,0,31.256599999999978,0,1,0,0,Abnormal long stop,259,141,28.009566302425238,27.609619504693253,-2.370566302425239,-1.9706195046932535
2021,20,Qatar Grand Prix,Losail International Circuit,stroll,23,1,26.157,aston_martin,Finished,0,0,unknown,0,0,0,0,0,0,0,0,31.256599999999978,0,1,0,0,Abnormal long stop,271,141,28.197462092444084,27.940910236288705,-2.040462092444084,-1.7839102362887047
2021,20,Qatar Grand Prix,Losail International Circuit,tsunoda,9,1,25.659,alphatauri,+1 Lap,0,0,unknown,0,0,0,0,0,0,0,0,31.256599999999978,0,1,0,0,Abnormal long stop,202,141,27.719782351974786,27.69958145217958,-2.0607823519747868,-2.0405814521795804
2021,20,Qatar Grand Prix,Losail International Circuit,tsunoda,34,2,26.674,alphatauri,+1 Lap,0,0,unknown,0,0,0,0,0,0,0,0,31.256599999999978,0,1,0,0,Abnormal long stop,202,141,27.719782351974786,27.904542027624558,-1.0457823519747862,-1.2305420276245584
2021,20,Qatar Grand Prix,Losail International Circuit,vettel,26,1,25.726,aston_martin,+1 Lap,0,0,unknown,0,0,0,0,0,0,0,0,31.256599999999978,0,1,0,0,Abnormal long stop,271,141,28.197462092444084,27.947317897828807,-2.471462092444085,-2.2213178978288077
2021,21,Saudi Arabian Grand Prix,Jeddah Corniche Circuit,alonso,13,2,1.01985,alpine,+1 Lap,0,0,unknown,0,0,0,0,0,0,0,0,1.1054228,1,0,0,0,Suspiciously short stop,249,90,15.630745866586638,-0.8429713288946239,-14.610895866586638,1.8628213288946238
2021,21,Saudi Arabian Grand Prix,Jeddah Corniche Circuit,alonso,15,3,1.101826,alpine,+1 Lap,0,0,unknown,0,0,0,0,0,0,0,0,1.1054228,1,0,0,0,Suspiciously short stop,249,90,15.630745866586638,-0.35697467228425594,-14.528919866586637,1.458800672284256
2021,21,Saudi Arabian Grand Prix,Jeddah Corniche Circuit,bottas,15,3,1.089473,mercedes,Finished,0,0,unknown,0,0,0,0,0,0,0,0,1.1054228,1,0,0,0,Suspiciously short stop,278,90,15.809428522767613,-0.6343922558109201,-14.719955522767613,1.72386525581092
2021,21,Saudi Arabian Grand Prix,Jeddah Corniche Circuit,gasly,13,1,1.001775,alphatauri,Finished,0,0,unknown,0,0,0,0,0,0,0,0,1.1054228,1,0,0,0,Suspiciously short stop,202,90,15.148609499937995,-1.4128118633156594,-14.146834499937995,2.4145868633156597
2021,21,Saudi Arabian Grand Prix,Jeddah Corniche Circuit,gasly,15,2,1.092287,alphatauri,Finished,0,0,unknown,0,0,0,0,0,0,0,0,1.1054228,1,0,0,0,Suspiciously short stop,202,90,15.148609499937995,-1.2569766930114632,-14.056322499937995,2.349263693011463
2021,21,Saudi Arabian Grand Prix,Jeddah Corniche Circuit,giovinazzi,13,1,1.004917,alfa,Finished,0,0,unknown,0,0,0,0,0,0,0,0,1.1054228,1,0,0,0,Suspiciously short stop,194,90,15.605204707171648,-0.9770679438322363,-14.600287707171647,1.9819849438322363
2021,21,Saudi Arabian Grand Prix,Jeddah Corniche Circuit,giovinazzi,15,2,1.094749,alfa,Finished,0,0,unknown,0,0,0,0,0,0,0,0,1.1054228,1,0,0,0,Suspiciously short stop,194,90,15.605204707171648,-0.8212327735280391,-14.510455707171648,1.9159817735280391
2021,21,Saudi Arabian Grand Prix,Jeddah Corniche Circuit,hamilton,15,3,1.086674,mercedes,Finished,0,0,unknown,0,0,0,0,0,0,0,0,1.1054228,1,0,0,0,Suspiciously short stop,278,90,15.809428522767613,-0.6343922558109201,-14.722754522767612,1.72106625581092
2021,21,Saudi Arabian Grand Prix,Jeddah Corniche Circuit,latifi,13,2,1.0172569999999999,williams,Finished,0,0,unknown,0,0,0,0,0,0,0,0,1.1054228,1,0,0,0,Suspiciously short stop,271,90,16.660258101272543,-0.8294125320959607,-15.643001101272542,1.8466695320959605
2021,21,Saudi Arabian Grand Prix,Jeddah Corniche Circuit,latifi,15,3,1.107052,williams,Finished,0,0,unknown,0,0,0,0,0,0,0,0,1.1054228,1,1,0,0,Abnormal long stop,271,90,16.660258101272543,16.27280569790996,-15.553206101272544,-15.16575369790996
2021,21,Saudi Arabian Grand Prix,Jeddah Corniche Circuit,leclerc,15,3,1.095192,ferrari,Finished,0,0,unknown,0,0,0,0,0,0,0,0,1.1054228,1,0,0,0,Suspiciously short stop,259,90,15.43839345038845,-0.903659727488102,-14.343201450388449,1.998851727488102
2021,21,Saudi Arabian Grand Prix,Jeddah Corniche Circuit,maxverstappen,15,2,1.087591,red_bull,Finished,0,0,unknown,0,0,0,0,0,0,0,0,1.1054228,1,0,0,0,Suspiciously short stop,292,90,15.361263172081841,-1.6752676414581247,-14.273672172081842,2.7628586414581244
2021,21,Saudi Arabian Grand Prix,Jeddah Corniche Circuit,mazepin,13,1,1.019226,haas,Collision,1,0,unknown,0,0,0,0,0,0,0,0,1.1054228,1,0,0,0,Possible damage/crash race,272,90,16.80880783320419,1.1459849120749794,-15.789581833204192,-0.12675891207497947
2021,21,Saudi Arabian Grand Prix,Jeddah Corniche Circuit,norris,13,2,1.017303,mclaren,Finished,0,0,unknown,0,0,0,0,0,0,0,0,1.1054228,1,0,0,0,Suspiciously short stop,270,90,15.411988829798048,-1.2204370573865226,-14.394685829798048,2.2377400573865227
2021,21,Saudi Arabian Grand Prix,Jeddah Corniche Circuit,norris,15,3,1.116576,mclaren,Finished,0,0,unknown,0,0,0,0,0,0,0,0,1.1054228,1,1,0,0,Abnormal long stop,270,90,15.411988829798048,15.881781172619398,-14.295412829798048,-14.765205172619398
2021,21,Saudi Arabian Grand Prix,Jeddah Corniche Circuit,ocon,15,2,1.08829,alpine,Finished,0,0,unknown,0,0,0,0,0,0,0,0,1.1054228,1,0,0,0,Suspiciously short stop,249,90,15.630745866586638,-0.8386995545345552,-14.542455866586637,1.9269895545345552
2021,21,Saudi Arabian Grand Prix,Jeddah Corniche Circuit,perez,13,2,1.002619,red_bull,Collision,1,0,unknown,0,0,0,0,0,0,0,0,1.1054228,1,0,0,0,Possible damage/crash race,292,90,15.361263172081841,-0.21562362033113036,-14.358644172081842,1.2182426203311303
2021,21,Saudi Arabian Grand Prix,Jeddah Corniche Circuit,raikkonen,13,1,1.008569,alfa,+1 Lap,0,0,unknown,0,0,0,0,0,0,0,0,1.1054228,1,0,0,0,Suspiciously short stop,194,90,15.605204707171648,-0.9770679438322363,-14.596635707171648,1.9856369438322363
2021,21,Saudi Arabian Grand Prix,Jeddah Corniche Circuit,raikkonen,15,2,1.0992819999999999,alfa,+1 Lap,0,0,unknown,0,0,0,0,0,0,0,0,1.1054228,1,0,0,0,Suspiciously short stop,194,90,15.605204707171648,-0.8212327735280391,-14.505922707171647,1.920514773528039
2021,21,Saudi Arabian Grand Prix,Jeddah Corniche Circuit,ricciardo,15,2,1.087296,mclaren,Finished,0,0,unknown,0,0,0,0,0,0,0,0,1.1054228,1,0,0,0,Suspiciously short stop,270,90,15.411988829798048,-1.216165283026454,-14.324692829798048,2.3034612830264543
2021,21,Saudi Arabian Grand Prix,Jeddah Corniche Circuit,russell,13,2,1.021615,williams,Collision,1,0,unknown,0,0,0,0,0,0,0,0,1.1054228,1,0,0,0,Possible damage/crash race,271,90,16.660258101272543,0.6345032633911023,-15.638643101272542,0.38711173660889764
2021,21,Saudi Arabian Grand Prix,Jeddah Corniche Circuit,sainz,13,1,1.004618,ferrari,Finished,0,0,unknown,0,0,0,0,0,0,0,0,1.1054228,1,0,0,0,Suspiciously short stop,259,90,15.43839345038845,-1.5412197800425984,-14.433775450388449,2.545837780042598
2021,21,Saudi Arabian Grand Prix,Jeddah Corniche Circuit,sainz,15,2,1.097194,ferrari,Finished,0,0,unknown,0,0,0,0,0,0,0,0,1.1054228,1,0,0,0,Suspiciously short stop,259,90,15.43839345038845,-1.3853846097384013,-14.34119945038845,2.4825786097384013
2021,21,Saudi Arabian Grand Prix,Jeddah Corniche Circuit,stroll,13,2,1.020939,aston_martin,Finished,0,0,unknown,0,0,0,0,0,0,0,0,1.1054228,1,0,0,0,Suspiciously short stop,271,90,15.626289240407297,-1.0498221037828843,-14.605350240407297,2.0707611037828846
2021,21,Saudi Arabian Grand Prix,Jeddah Corniche Circuit,stroll,15,3,1.102979,aston_martin,Finished,0,0,unknown,0,0,0,0,0,0,0,0,1.1054228,1,0,0,0,Suspiciously short stop,271,90,15.626289240407297,-0.5638254471725164,-14.523310240407298,1.6668044471725163
2021,21,Saudi Arabian Grand Prix,Jeddah Corniche Circuit,tsunoda,13,1,1.006407,alphatauri,+1 Lap,0,0,unknown,0,0,0,0,0,0,0,0,1.1054228,1,0,0,0,Suspiciously short stop,202,90,15.148609499937995,-1.4128118633156594,-14.142202499937996,2.4192188633156597
2021,21,Saudi Arabian Grand Prix,Jeddah Corniche Circuit,tsunoda,15,2,1.100644,alphatauri,+1 Lap,0,0,unknown,0,0,0,0,0,0,0,0,1.1054228,1,0,0,0,Suspiciously short stop,202,90,15.148609499937995,-1.2569766930114632,-14.047965499937995,2.357620693011463
2021,21,Saudi Arabian Grand Prix,Jeddah Corniche Circuit,vettel,13,1,1.0123039999999999,aston_martin,Collision damage,1,0,unknown,0,0,0,0,0,0,0,0,1.1054228,1,0,0,0,Possible damage/crash race,271,90,15.626289240407297,0.26253029576005016,-14.613985240407297,0.7497737042399497
2021,21,Saudi Arabian Grand Prix,Jeddah Corniche Circuit,vettel,15,2,1.098749,aston_martin,Collision damage,1,0,unknown,0,0,0,0,0,0,0,0,1.1054228,1,0,0,0,Possible damage/crash race,271,90,15.626289240407297,0.4183654660642473,-14.527540240407298,0.6803835339357527
2021,22,Abu Dhabi Grand Prix,Yas Marina Circuit,alonso,36,1,21.304,alpine,Finished,0,0,unknown,0,0,0,0,0,0,0,0,22.458599999999997,0,1,0,0,Abnormal long stop,249,125,22.359807921321526,22.544929317831265,-1.0558079213215272,-1.2409293178312666
2021,22,Abu Dhabi Grand Prix,Yas Marina Circuit,bottas,30,1,21.669,mercedes,Finished,0,0,unknown,0,0,0,0,0,0,0,0,22.458599999999997,0,1,0,0,Abnormal long stop,278,125,22.5384905775025,22.254696411224394,-0.8694905775024999,-0.5856964112243936
2021,22,Abu Dhabi Grand Prix,Yas Marina Circuit,gasly,36,1,22.133,alphatauri,Finished,0,0,unknown,0,0,0,0,0,0,0,0,22.458599999999997,0,1,0,0,Abnormal long stop,202,125,21.87767155467288,22.12665217935436,0.2553284453271196,0.006347820645640212
2021,22,Abu Dhabi Grand Prix,Yas Marina Circuit,gasly,54,2,21.92,alphatauri,Finished,0,0,unknown,0,0,0,0,0,0,0,0,22.458599999999997,0,1,0,0,Abnormal long stop,202,125,21.87767155467288,22.316661544539098,0.04232844532712221,-0.3966615445390964
2021,22,Abu Dhabi Grand Prix,Yas Marina Circuit,giovinazzi,17,1,22.283,alfa,Gearbox,0,0,unknown,0,0,0,0,0,0,0,0,22.458599999999997,0,1,0,0,Abnormal long stop,194,125,22.334266761906534,22.521814242417136,-0.051266761906532565,-0.2388142424171349
2021,22,Abu Dhabi Grand Prix,Yas Marina Circuit,hamilton,14,1,21.595,mercedes,Finished,0,0,unknown,0,0,0,0,0,0,0,0,22.458599999999997,0,1,0,0,Abnormal long stop,278,125,22.5384905775025,22.220522216343852,-0.9434905775025015,-0.6255222163438532
2021,22,Abu Dhabi Grand Prix,Yas Marina Circuit,latifi,28,1,21.241,williams,Accident,1,0,unknown,0,0,0,0,0,0,0,0,22.458599999999997,0,1,0,0,Possible damage/crash race,271,125,23.38932015600743,24.00531681267672,-2.148320156007429,-2.7643168126767215
2021,22,Abu Dhabi Grand Prix,Yas Marina Circuit,leclerc,15,1,22.461,ferrari,Finished,0,0,unknown,0,0,0,0,0,0,0,0,22.458599999999997,0,1,0,0,Abnormal long stop,259,125,22.167455505123336,21.953390631846705,0.293544494876663,0.5076093681532932
2021,22,Abu Dhabi Grand Prix,Yas Marina Circuit,leclerc,35,2,21.173,ferrari,Finished,0,0,unknown,0,0,0,0,0,0,0,0,22.458599999999997,0,1,0,0,Abnormal long stop,259,125,22.167455505123336,22.14767177139151,-0.9944555051233372,-0.9746717713915132
2021,22,Abu Dhabi Grand Prix,Yas Marina Circuit,maxverstappen,13,1,21.152,red_bull,Finished,0,0,unknown,0,0,0,0,0,0,0,0,22.458599999999997,0,1,0,0,Abnormal long stop,292,125,22.090325226816727,21.659235825766913,-0.9383252268167261,-0.5072358257669123
2021,22,Abu Dhabi Grand Prix,Yas Marina Circuit,maxverstappen,36,2,21.871,red_bull,Finished,0,0,unknown,0,0,0,0,0,0,0,0,22.458599999999997,0,1,0,0,Abnormal long stop,292,125,22.090325226816727,21.85992462685182,-0.2193252268167285,0.011075373148177192
2021,22,Abu Dhabi Grand Prix,Yas Marina Circuit,maxverstappen,53,3,21.453,red_bull,Finished,0,0,unknown,0,0,0,0,0,0,0,0,22.458599999999997,0,1,0,0,Abnormal long stop,292,125,22.090325226816727,22.3779595911627,-0.6373252268167278,-0.9249595911627004
2021,22,Abu Dhabi Grand Prix,Yas Marina Circuit,mickschumacher,10,1,22.124,haas,+1 Lap,0,0,unknown,0,0,0,0,0,0,0,0,22.458599999999997,0,1,0,0,Abnormal long stop,272,125,23.53786988793908,23.166000092577054,-1.4138698879390823,-1.0420000925770552
2021,22,Abu Dhabi Grand Prix,Yas Marina Circuit,mickschumacher,52,2,22.07,haas,+1 Lap,0,0,unknown,0,0,0,0,0,0,0,0,22.458599999999997,0,1,0,0,Abnormal long stop,272,125,23.53786988793908,23.407270750082603,-1.4678698879390808,-1.3372707500826024
2021,22,Abu Dhabi Grand Prix,Yas Marina Circuit,norris,17,1,21.38,mclaren,Finished,0,0,unknown,0,0,0,0,0,0,0,0,22.458599999999997,0,1,0,0,Abnormal long stop,270,125,22.141050884532937,22.126881732918722,-0.7610508845329385,-0.7468817329187232
2021,22,Abu Dhabi Grand Prix,Yas Marina Circuit,norris,48,2,22.173,mclaren,Finished,0,0,unknown,0,0,0,0,0,0,0,0,22.458599999999997,0,1,0,0,Abnormal long stop,270,125,22.141050884532937,22.3446576314439,0.03194911546706081,-0.1716576314439031
2021,22,Abu Dhabi Grand Prix,Yas Marina Circuit,ocon,15,1,21.677,alpine,Finished,0,0,unknown,0,0,0,0,0,0,0,0,22.458599999999997,0,1,0,0,Abnormal long stop,249,125,22.359807921321526,22.500075687050554,-0.6828079213215261,-0.8230756870505544
2021,22,Abu Dhabi Grand Prix,Yas Marina Circuit,perez,21,1,21.471,red_bull,Engine,0,0,unknown,0,0,0,0,0,0,0,0,22.458599999999997,0,1,0,0,Abnormal long stop,292,125,22.090325226816727,21.676322923207184,-0.6193252268167271,-0.20532292320718426
2021,22,Abu Dhabi Grand Prix,Yas Marina Circuit,perez,36,2,21.413,red_bull,Engine,0,0,unknown,0,0,0,0,0,0,0,0,22.458599999999997,0,1,0,0,Abnormal long stop,292,125,22.090325226816727,21.85992462685182,-0.6773252268167269,-0.4469246268518212
2021,22,Abu Dhabi Grand Prix,Yas Marina Circuit,perez,53,3,21.385,red_bull,Engine,0,0,unknown,0,0,0,0,0,0,0,0,22.458599999999997,0,1,0,0,Abnormal long stop,292,125,22.090325226816727,22.3779595911627,-0.7053252268167256,-0.9929595911626983
2021,22,Abu Dhabi Grand Prix,Yas Marina Circuit,raikkonen,21,1,22.338,alfa,Brakes,0,0,unknown,0,0,0,0,0,0,0,0,22.458599999999997,0,1,0,0,Abnormal long stop,194,125,22.334266761906534,22.53035779113727,0.0037332380934671505,-0.19235779113726892
2021,22,Abu Dhabi Grand Prix,Yas Marina Circuit,ricciardo,18,1,21.449,mclaren,+1 Lap,0,0,unknown,0,0,0,0,0,0,0,0,22.458599999999997,0,1,0,0,Abnormal long stop,270,125,22.141050884532937,22.129017620098754,-0.6920508845329358,-0.6800176200987522
2021,22,Abu Dhabi Grand Prix,Yas Marina Circuit,ricciardo,52,2,22.056,mclaren,+1 Lap,0,0,unknown,0,0,0,0,0,0,0,0,22.458599999999997,0,1,0,0,Abnormal long stop,270,125,22.141050884532937,22.353201180164035,-0.08505088453293652,-0.2972011801640342
2021,22,Abu Dhabi Grand Prix,Yas Marina Circuit,sainz,19,1,22.213,ferrari,Finished,0,0,unknown,0,0,0,0,0,0,0,0,22.458599999999997,0,1,0,0,Abnormal long stop,259,125,22.167455505123336,21.961934180566843,0.04554449487666545,0.2510658194331583
2021,22,Abu Dhabi Grand Prix,Yas Marina Circuit,stroll,21,1,22.288,aston_martin,+1 Lap,0,0,unknown,0,0,0,0,0,0,0,0,22.458599999999997,0,1,0,0,Abnormal long stop,271,125,22.355351295142185,22.306040235242495,-0.06735129514218485,-0.018040235242494873
2021,22,Abu Dhabi Grand Prix,Yas Marina Circuit,stroll,52,2,22.661,aston_martin,+1 Lap,0,0,unknown,0,0,0,0,0,0,0,0,22.458599999999997,0,1,0,0,Abnormal long stop,271,125,22.355351295142185,22.523816133767674,0.30564870485781626,0.13718386623232703
2021,22,Abu Dhabi Grand Prix,Yas Marina Circuit,tsunoda,23,1,22.455,alphatauri,Finished,0,0,unknown,0,0,0,0,0,0,0,0,22.458599999999997,0,1,0,0,Abnormal long stop,202,125,21.87767155467288,22.09888564601392,0.5773284453271188,0.3561143539860794
2021,22,Abu Dhabi Grand Prix,Yas Marina Circuit,tsunoda,53,2,21.909,alphatauri,Finished,0,0,unknown,0,0,0,0,0,0,0,0,22.458599999999997,0,1,0,0,Abnormal long stop,202,125,21.87767155467288,22.314525657359063,0.031328445327119425,-0.405525657359064
2021,22,Abu Dhabi Grand Prix,Yas Marina Circuit,vettel,23,1,21.221,aston_martin,Finished,0,0,unknown,0,0,0,0,0,0,0,0,22.458599999999997,0,1,0,0,Abnormal long stop,271,125,22.355351295142185,22.310312009602566,-1.134351295142185,-1.0893120096025655
2022,1,Bahrain Grand Prix,Bahrain International Circuit,albon,13,1,24.874,williams,Finished,0,0,unknown,0,0,0,0,1,0.12280701754385964,1,0,27.365299999999998,0,1,0,0,Abnormal long stop,271,190,26.83779606192943,26.531871408798228,-1.9637960619294326,-1.6578714087982291
2022,1,Bahrain Grand Prix,Bahrain International Circuit,albon,35,2,25.57,williams,Finished,0,0,unknown,0,0,0,0,1,0.12280701754385964,1,0,27.365299999999998,0,1,0,0,Abnormal long stop,271,190,26.83779606192943,26.7304243227031,-1.267796061929431,-1.1604243227031006
2022,1,Bahrain Grand Prix,Bahrain International Circuit,albon,46,3,25.055,williams,Finished,0,0,unknown,0,0,0,0,1,0.12280701754385964,1,0,27.365299999999998,0,1,0,0,Abnormal long stop,271,190,26.83779606192943,27.235643963933775,-1.7827960619294316,-2.1806439639337754
2022,1,Bahrain Grand Prix,Bahrain International Circuit,alonso,11,1,25.365,alpine,Finished,0,0,unknown,0,0,0,0,1,0.12280701754385964,1,0,27.365299999999998,0,1,0,0,Abnormal long stop,249,190,25.808283827243528,26.514040837639495,-0.44328382724352977,-1.1490408376394967
2022,1,Bahrain Grand Prix,Bahrain International Circuit,alonso,25,2,24.909,alpine,Finished,0,0,unknown,0,0,0,0,1,0.12280701754385964,1,0,27.365299999999998,0,1,0,0,Abnormal long stop,249,190,25.808283827243528,26.695506654104097,-0.8992838272435293,-1.7865066541040981
2022,1,Bahrain Grand Prix,Bahrain International Circuit,alonso,42,3,24.508,alpine,Finished,0,0,unknown,0,0,0,0,1,0.12280701754385964,1,0,27.365299999999998,0,1,0,0,Abnormal long stop,249,190,25.808283827243528,27.213541618414975,-1.300283827243529,-2.7055416184149763
2022,1,Bahrain Grand Prix,Bahrain International Circuit,bottas,14,1,25.893,alfa,Finished,0,0,unknown,0,0,0,0,1,0.12280701754385964,1,0,27.365299999999998,0,1,0,0,Abnormal long stop,194,190,25.782742667828536,26.537915280186112,0.11025733217146438,-0.6449152801861118
2022,1,Bahrain Grand Prix,Bahrain International Circuit,bottas,36,2,25.156,alfa,Finished,0,0,unknown,0,0,0,0,1,0.12280701754385964,1,0,27.365299999999998,0,1,0,0,Abnormal long stop,194,190,25.782742667828536,26.736468194090985,-0.6267426678285375,-1.5804681940909866
2022,1,Bahrain Grand Prix,Bahrain International Circuit,bottas,45,3,25.188,alfa,Finished,0,0,unknown,0,0,0,0,1,0.12280701754385964,1,0,27.365299999999998,0,1,0,0,Abnormal long stop,194,190,25.782742667828536,27.237416060961593,-0.5947426678285375,-2.049416060961594
2022,1,Bahrain Grand Prix,Bahrain International Circuit,gasly,14,1,24.575,alphatauri,Power Unit,0,0,unknown,0,0,0,0,1,0.12280701754385964,1,0,27.365299999999998,0,1,0,0,Abnormal long stop,202,190,25.326147460594886,26.102171360702688,-0.7511474605948862,-1.5271713607026882
2022,1,Bahrain Grand Prix,Bahrain International Circuit,gasly,32,2,25.875,alphatauri,Power Unit,0,0,unknown,0,0,0,0,1,0.12280701754385964,1,0,27.365299999999998,0,1,0,0,Abnormal long stop,202,190,25.326147460594886,26.29218072588743,0.5488525394051145,-0.41718072588743027
2022,1,Bahrain Grand Prix,Bahrain International Circuit,hamilton,11,1,25.201,mercedes,Finished,0,0,unknown,0,0,0,0,1,0.12280701754385964,1,0,27.365299999999998,0,1,0,0,Abnormal long stop,278,190,25.986966483424503,26.23662325411283,-0.7859664834245024,-1.0356232541128279
2022,1,Bahrain Grand Prix,Bahrain International Circuit,hamilton,27,2,25.796,mercedes,Finished,0,0,unknown,0,0,0,0,1,0.12280701754385964,1,0,27.365299999999998,0,1,0,0,Abnormal long stop,278,190,25.986966483424503,26.422360844937504,-0.1909664834245035,-0.6263608449375049
2022,1,Bahrain Grand Prix,Bahrain International Circuit,hamilton,44,3,25.579,mercedes,Finished,0,0,unknown,0,0,0,0,1,0.12280701754385964,1,0,27.365299999999998,0,1,0,0,Abnormal long stop,278,190,25.986966483424503,26.94039580924838,-0.40796648342450226,-1.3613958092483784
2022,1,Bahrain Grand Prix,Bahrain International Circuit,hulkenberg,19,1,27.365,aston_martin,Finished,0,0,unknown,0,0,0,0,1,0.12280701754385964,1,0,27.365299999999998,0,1,0,0,Abnormal long stop,271,190,25.803827201064184,26.324277160191507,1.5611727989358144,1.0407228398084918
2022,1,Bahrain Grand Prix,Bahrain International Circuit,hulkenberg,37,2,26.712,aston_martin,Finished,0,0,unknown,0,0,0,0,1,0.12280701754385964,1,0,27.365299999999998,0,1,0,0,Abnormal long stop,271,190,25.803827201064184,26.514286525376246,0.9081727989358157,0.19771347462375388
2022,1,Bahrain Grand Prix,Bahrain International Circuit,hulkenberg,44,3,25.748,aston_martin,Finished,0,0,unknown,0,0,0,0,1,0.12280701754385964,1,0,27.365299999999998,0,1,0,0,Abnormal long stop,271,190,25.803827201064184,27.010962617886783,-0.05582720106418293,-1.2629626178867817
2022,1,Bahrain Grand Prix,Bahrain International Circuit,kevinmagnussen,14,1,25.478,haas,Finished,0,0,unknown,0,0,0,0,1,0.12280701754385964,1,0,27.365299999999998,0,1,0,0,Abnormal long stop,272,190,26.98634579386108,27.197052340606263,-1.5083457938610785,-1.719052340606261
2022,1,Bahrain Grand Prix,Bahrain International Circuit,kevinmagnussen,34,2,25.876,haas,Finished,0,0,unknown,0,0,0,0,1,0.12280701754385964,1,0,27.365299999999998,0,1,0,0,Abnormal long stop,272,190,26.98634579386108,27.39133348015107,-1.1103457938610788,-1.5153334801510674
2022,1,Bahrain Grand Prix,Bahrain International Circuit,kevinmagnussen,46,3,26.051,haas,Finished,0,0,unknown,0,0,0,0,1,0.12280701754385964,1,0,27.365299999999998,0,1,0,0,Abnormal long stop,272,190,26.98634579386108,27.898689008561778,-0.9353457938610816,-1.8476890085617796
2022,1,Bahrain Grand Prix,Bahrain International Circuit,latifi,14,1,24.457,williams,Finished,0,0,unknown,0,0,0,0,1,0.12280701754385964,1,0,27.365299999999998,0,1,0,0,Abnormal long stop,271,190,26.83779606192943,26.53400729597826,-2.3807960619294306,-2.077007295978259
2022,1,Bahrain Grand Prix,Bahrain International Circuit,latifi,32,2,24.778,williams,Finished,0,0,unknown,0,0,0,0,1,0.12280701754385964,1,0,27.365299999999998,0,1,0,0,Abnormal long stop,271,190,26.83779606192943,26.724016661163,-2.0597960619294327,-1.946016661163
2022,1,Bahrain Grand Prix,Bahrain International Circuit,latifi,45,3,24.658,williams,Finished,0,0,unknown,0,0,0,0,1,0.12280701754385964,1,0,27.365299999999998,0,1,0,0,Abnormal long stop,271,190,26.83779606192943,27.23350807675374,-2.17979606192943,-2.5755080767537386
2022,1,Bahrain Grand Prix,Bahrain International Circuit,leclerc,15,1,25.012,ferrari,Finished,0,0,unknown,0,0,0,0,1,0.12280701754385964,1,0,27.365299999999998,0,1,0,0,Abnormal long stop,259,190,25.615931411045338,25.975899331155787,-0.6039314110453375,-0.9638993311557869
2022,1,Bahrain Grand Prix,Bahrain International Circuit,leclerc,31,2,24.527,ferrari,Finished,0,0,unknown,0,0,0,0,1,0.12280701754385964,1,0,27.365299999999998,0,1,0,0,Abnormal long stop,259,190,25.615931411045338,26.161636921980456,-1.088931411045337,-1.634636921980455
2022,1,Bahrain Grand Prix,Bahrain International Circuit,leclerc,46,3,24.613,ferrari,Finished,0,0,unknown,0,0,0,0,1,0.12280701754385964,1,0,27.365299999999998,0,1,0,0,Abnormal long stop,259,190,25.615931411045338,26.675400111931264,-1.0029314110453385,-2.0624001119312645
2022,1,Bahrain Grand Prix,Bahrain International Circuit,maxverstappen,14,1,24.897,red_bull,Fuel pressure,0,0,unknown,0,0,0,0,1,0.12280701754385964,1,0,27.365299999999998,0,1,0,0,Abnormal long stop,292,190,25.53880113273873,25.683880412256027,-0.6418011327387312,-0.7868804122560284
2022,1,Bahrain Grand Prix,Bahrain International Circuit,maxverstappen,30,2,24.937,red_bull,Fuel pressure,0,0,unknown,0,0,0,0,1,0.12280701754385964,1,0,27.365299999999998,0,1,0,0,Abnormal long stop,292,190,25.53880113273873,25.869618003080696,-0.6018011327387285,-0.9326180030806945
2022,1,Bahrain Grand Prix,Bahrain International Circuit,maxverstappen,43,3,24.402,red_bull,Fuel pressure,0,0,unknown,0,0,0,0,1,0.12280701754385964,1,0,27.365299999999998,0,1,0,0,Abnormal long stop,292,190,25.53880113273873,26.37910941867144,-1.1368011327387286,-1.9771094186714393
2022,1,Bahrain Grand Prix,Bahrain International Circuit,mickschumacher,12,1,25.214,haas,Finished,0,0,unknown,0,0,0,0,1,0.12280701754385964,1,0,27.365299999999998,0,1,0,0,Abnormal long stop,272,190,26.98634579386108,27.192780566246196,-1.7723457938610814,-1.978780566246197
2022,1,Bahrain Grand Prix,Bahrain International Circuit,mickschumacher,35,2,25.586,haas,Finished,0,0,unknown,0,0,0,0,1,0.12280701754385964,1,0,27.365299999999998,0,1,0,0,Abnormal long stop,272,190,26.98634579386108,27.393469367331107,-1.4003457938610815,-1.8074693673311089
2022,1,Bahrain Grand Prix,Bahrain International Circuit,norris,24,1,24.568,mclaren,Finished,0,0,unknown,0,0,0,0,1,0.12280701754385964,1,0,27.365299999999998,0,1,0,0,Abnormal long stop,270,190,25.589526790454936,26.16434164248804,-1.021526790454935,-1.5963416424880386
2022,1,Bahrain Grand Prix,Bahrain International Circuit,norris,41,2,27.367,mclaren,Finished,0,0,unknown,0,0,0,0,1,0.12280701754385964,1,0,27.365299999999998,0,1,0,0,Abnormal long stop,270,190,25.589526790454936,26.35221512049274,1.7774732095450645,1.0147848795072605
2022,1,Bahrain Grand Prix,Bahrain International Circuit,norris,45,3,24.975,mclaren,Finished,0,0,unknown,0,0,0,0,1,0.12280701754385964,1,0,27.365299999999998,0,1,0,0,Abnormal long stop,270,190,25.589526790454936,26.84248355146318,-0.614526790454935,-1.8674835514631773
2022,1,Bahrain Grand Prix,Bahrain International Circuit,ocon,14,1,30.484,alpine,Finished,0,0,unknown,0,0,0,0,1,0.12280701754385964,1,0,27.365299999999998,0,1,0,0,Abnormal long stop,249,190,25.808283827243528,26.520448499179597,4.6757161727564736,3.9635515008204045
2022,1,Bahrain Grand Prix,Bahrain International Circuit,ocon,30,2,25.393,alpine,Finished,0,0,unknown,0,0,0,0,1,0.12280701754385964,1,0,27.365299999999998,0,1,0,0,Abnormal long stop,249,190,25.808283827243528,26.706186090004266,-0.4152838272435275,-1.3131860900042653
2022,1,Bahrain Grand Prix,Bahrain International Circuit,ocon,43,3,24.233,alpine,Finished,0,0,unknown,0,0,0,0,1,0.12280701754385964,1,0,27.365299999999998,0,1,0,0,Abnormal long stop,249,190,25.808283827243528,27.21567750559501,-1.5752838272435277,-2.98267750559501
2022,1,Bahrain Grand Prix,Bahrain International Circuit,perez,15,1,25.046,red_bull,Fuel pressure,0,0,unknown,0,0,0,0,1,0.12280701754385964,1,0,27.365299999999998,0,1,0,0,Abnormal long stop,292,190,25.53880113273873,25.686016299436062,-0.4928011327387303,-0.6400162994360628
2022,1,Bahrain Grand Prix,Bahrain International Circuit,perez,33,2,24.173,red_bull,Fuel pressure,0,0,unknown,0,0,0,0,1,0.12280701754385964,1,0,27.365299999999998,0,1,0,0,Abnormal long stop,292,190,25.53880113273873,25.876025664620798,-1.3658011327387314,-1.7030256646207995
2022,1,Bahrain Grand Prix,Bahrain International Circuit,perez,43,3,24.947,red_bull,Fuel pressure,0,0,unknown,0,0,0,0,1,0.12280701754385964,1,0,27.365299999999998,0,1,0,0,Abnormal long stop,292,190,25.53880113273873,26.37910941867144,-0.5918011327387305,-1.4321094186714411
2022,1,Bahrain Grand Prix,Bahrain International Circuit,ricciardo,17,1,24.915,mclaren,Finished,0,0,unknown,0,0,0,0,1,0.12280701754385964,1,0,27.365299999999998,0,1,0,0,Abnormal long stop,270,190,25.589526790454936,26.1493904322278,-0.6745267904549372,-1.2343904322278014
2022,1,Bahrain Grand Prix,Bahrain International Circuit,ricciardo,33,2,24.885,mclaren,Finished,0,0,unknown,0,0,0,0,1,0.12280701754385964,1,0,27.365299999999998,0,1,0,0,Abnormal long stop,270,190,25.589526790454936,26.33512802305247,-0.7045267904549348,-1.4501280230524678
2022,1,Bahrain Grand Prix,Bahrain International Circuit,ricciardo,44,3,25.139,mclaren,Finished,0,0,unknown,0,0,0,0,1,0.12280701754385964,1,0,27.365299999999998,0,1,0,0,Abnormal long stop,270,190,25.589526790454936,26.840347664283144,-0.45052679045493704,-1.7013476642831442
2022,1,Bahrain Grand Prix,Bahrain International Circuit,russell,15,1,25.888,mercedes,Finished,0,0,unknown,0,0,0,0,1,0.12280701754385964,1,0,27.365299999999998,0,1,0,0,Abnormal long stop,278,190,25.986966483424503,26.245166802832966,-0.0989664834245012,-0.357166802832964
2022,1,Bahrain Grand Prix,Bahrain International Circuit,russell,33,2,25.334,mercedes,Finished,0,0,unknown,0,0,0,0,1,0.12280701754385964,1,0,27.365299999999998,0,1,0,0,Abnormal long stop,278,190,25.986966483424503,26.435176168017705,-0.6529664834245033,-1.1011761680177052
2022,1,Bahrain Grand Prix,Bahrain International Circuit,russell,45,3,25.574,mercedes,Finished,0,0,unknown,0,0,0,0,1,0.12280701754385964,1,0,27.365299999999998,0,1,0,0,Abnormal long stop,278,190,25.986966483424503,26.94253169642841,-0.41296648342450126,-1.368531696428409
2022,1,Bahrain Grand Prix,Bahrain International Circuit,sainz,14,1,24.666,ferrari,Finished,0,0,unknown,0,0,0,0,1,0.12280701754385964,1,0,27.365299999999998,0,1,0,0,Abnormal long stop,259,190,25.615931411045338,25.973763443975752,-0.9499314110453376,-1.3077634439757517
2022,1,Bahrain Grand Prix,Bahrain International Circuit,sainz,33,2,24.438,ferrari,Finished,0,0,unknown,0,0,0,0,1,0.12280701754385964,1,0,27.365299999999998,0,1,0,0,Abnormal long stop,259,190,25.615931411045338,26.165908696340523,-1.1779314110453392,-1.7279086963405241
2022,1,Bahrain Grand Prix,Bahrain International Circuit,sainz,44,3,24.287,ferrari,Finished,0,0,unknown,0,0,0,0,1,0.12280701754385964,1,0,27.365299999999998,0,1,0,0,Abnormal long stop,259,190,25.615931411045338,26.671128337571197,-1.328931411045339,-2.384128337571198
2022,1,Bahrain Grand Prix,Bahrain International Circuit,stroll,18,1,25.739,aston_martin,Finished,0,0,unknown,0,0,0,0,1,0.12280701754385964,1,0,27.365299999999998,0,1,0,0,Abnormal long stop,271,190,25.803827201064184,26.32214127301147,-0.06482720106418327,-0.5831412730114707
2022,1,Bahrain Grand Prix,Bahrain International Circuit,stroll,38,2,26.957,aston_martin,Finished,0,0,unknown,0,0,0,0,1,0.12280701754385964,1,0,27.365299999999998,0,1,0,0,Abnormal long stop,271,190,25.803827201064184,26.51642241255628,1.1531727989358167,0.44057758744371966
2022,1,Bahrain Grand Prix,Bahrain International Circuit,stroll,45,3,25.039,aston_martin,Finished,0,0,unknown,0,0,0,0,1,0.12280701754385964,1,0,27.365299999999998,0,1,0,0,Abnormal long stop,271,190,25.803827201064184,27.013098505066814,-0.7648272010641826,-1.974098505066813
2022,1,Bahrain Grand Prix,Bahrain International Circuit,tsunoda,15,1,26.095,alphatauri,Finished,0,0,unknown,0,0,0,0,1,0.12280701754385964,1,0,27.365299999999998,0,1,0,0,Abnormal long stop,202,190,25.326147460594886,26.104307247882723,0.7688525394051133,-0.009307247882723857
2022,1,Bahrain Grand Prix,Bahrain International Circuit,tsunoda,29,2,24.35,alphatauri,Finished,0,0,unknown,0,0,0,0,1,0.12280701754385964,1,0,27.365299999999998,0,1,0,0,Abnormal long stop,202,190,25.326147460594886,26.285773064347328,-0.9761474605948841,-1.9357730643473268
2022,1,Bahrain Grand Prix,Bahrain International Circuit,tsunoda,44,3,24.188,alphatauri,Finished,0,0,unknown,0,0,0,0,1,0.12280701754385964,1,0,27.365299999999998,0,1,0,0,Abnormal long stop,202,190,25.326147460594886,26.799536254298136,-1.1381474605948867,-2.6115362542981373
2022,1,Bahrain Grand Prix,Bahrain International Circuit,zhou,15,1,25.428,alfa,Finished,0,0,unknown,0,0,0,0,1,0.12280701754385964,1,0,27.365299999999998,0,1,0,0,Abnormal long stop,194,190,25.782742667828536,26.540051167366148,-0.3547426678285355,-1.1120511673661468
2022,1,Bahrain Grand Prix,Bahrain International Circuit,zhou,37,2,25.291,alfa,Finished,0,0,unknown,0,0,0,0,1,0.12280701754385964,1,0,27.365299999999998,0,1,0,0,Abnormal long stop,194,190,25.782742667828536,26.73860408127102,-0.49174266782853593,-1.4476040812710202
2022,1,Bahrain Grand Prix,Bahrain International Circuit,zhou,45,3,28.647,alfa,Finished,0,0,unknown,0,0,0,0,1,0.12280701754385964,1,0,27.365299999999998,0,1,0,0,Abnormal long stop,194,190,25.782742667828536,27.237416060961593,2.864257332171462,1.4095839390384057
2022,2,Saudi Arabian Grand Prix,Jeddah Corniche Circuit,albon,13,1,20.683,williams,Collision damage,1,0,unknown,0,0,0,0,1,0.22,1,0,23.91139999999998,0,1,0,0,Possible damage/crash race,271,90,16.660258101272543,24.604208407468732,4.022741898727457,-3.9212084074687326
2022,2,Saudi Arabian Grand Prix,Jeddah Corniche Circuit,alonso,16,1,21.543,alpine,Water pump,0,0,unknown,0,0,0,0,1,0.22,1,0,23.91139999999998,0,1,0,0,Abnormal long stop,249,90,15.630745866586638,23.133141476723107,5.912254133413361,-1.5901414767231081
2022,2,Saudi Arabian Grand Prix,Jeddah Corniche Circuit,bottas,16,1,22.561,alfa,Cooling system,0,0,unknown,0,0,0,0,1,0.22,1,0,23.91139999999998,0,1,0,0,Abnormal long stop,194,90,15.605204707171648,23.150608257729623,6.955795292828352,-0.5896082577296227
2022,2,Saudi Arabian Grand Prix,Jeddah Corniche Circuit,bottas,35,2,22.71,alfa,Cooling system,0,0,unknown,0,0,0,0,1,0.22,1,0,23.91139999999998,0,1,0,0,Abnormal long stop,194,90,15.605204707171648,23.342753510094393,7.104795292828353,-0.6327535100943926
2022,2,Saudi Arabian Grand Prix,Jeddah Corniche Circuit,gasly,15,1,22.82,alphatauri,Finished,0,0,unknown,0,0,0,0,1,0.22,1,0,23.91139999999998,0,1,0,0,Abnormal long stop,202,90,15.148609499937995,22.712728451066166,7.671390500062005,0.10727154893383428
2022,2,Saudi Arabian Grand Prix,Jeddah Corniche Circuit,hamilton,40,1,21.788,mercedes,Finished,0,0,unknown,0,0,0,0,1,0.22,1,0,23.91139999999998,0,1,0,0,Abnormal long stop,278,90,15.809428522767613,22.906985185517257,5.9785714772323875,-1.118985185517257
2022,2,Saudi Arabian Grand Prix,Jeddah Corniche Circuit,hulkenberg,37,1,21.425,aston_martin,Finished,0,0,unknown,0,0,0,0,1,0.22,1,0,23.91139999999998,0,1,0,0,Abnormal long stop,271,90,15.626289240407297,22.97114433261556,5.798710759592703,-1.5461443326155582
2022,2,Saudi Arabian Grand Prix,Jeddah Corniche Circuit,kevinmagnussen,37,1,22.374,haas,Finished,0,0,unknown,0,0,0,0,1,0.22,1,0,23.91139999999998,0,1,0,0,Abnormal long stop,272,90,16.80880783320419,23.854598948930487,5.565192166795807,-1.4805989489304885
2022,2,Saudi Arabian Grand Prix,Jeddah Corniche Circuit,leclerc,16,1,21.038,ferrari,Finished,0,0,unknown,0,0,0,0,1,0.22,1,0,23.91139999999998,0,1,0,0,Abnormal long stop,259,90,15.43839345038845,22.586456421519262,5.599606549611551,-1.548456421519262
2022,2,Saudi Arabian Grand Prix,Jeddah Corniche Circuit,maxverstappen,16,1,20.731,red_bull,Finished,0,0,unknown,0,0,0,0,1,0.22,1,0,23.91139999999998,0,1,0,0,Abnormal long stop,292,90,15.361263172081841,22.296573389799537,5.36973682791816,-1.5655733897995354
2022,2,Saudi Arabian Grand Prix,Jeddah Corniche Circuit,norris,16,1,20.383,mclaren,Finished,0,0,unknown,0,0,0,0,1,0.22,1,0,23.91139999999998,0,1,0,0,Abnormal long stop,270,90,15.411988829798048,22.75567574823121,4.971011170201951,-2.3726757482312095
2022,2,Saudi Arabian Grand Prix,Jeddah Corniche Circuit,ocon,16,1,21.141,alpine,Finished,0,0,unknown,0,0,0,0,1,0.22,1,0,23.91139999999998,0,1,0,0,Abnormal long stop,249,90,15.630745866586638,23.133141476723107,5.51025413341336,-1.9921414767231092
2022,2,Saudi Arabian Grand Prix,Jeddah Corniche Circuit,perez,15,1,20.481,red_bull,Finished,0,0,unknown,0,0,0,0,1,0.22,1,0,23.91139999999998,0,1,0,0,Abnormal long stop,292,90,15.361263172081841,22.294437502619502,5.11973682791816,-1.8134375026195002
2022,2,Saudi Arabian Grand Prix,Jeddah Corniche Circuit,ricciardo,8,1,20.65,mclaren,Gearbox,0,0,unknown,0,0,0,0,1,0.22,1,0,23.91139999999998,0,1,0,0,Abnormal long stop,270,90,15.411988829798048,22.738588650790938,5.2380111702019505,-2.088588650790939
2022,2,Saudi Arabian Grand Prix,Jeddah Corniche Circuit,russell,16,1,21.415,mercedes,Finished,0,0,unknown,0,0,0,0,1,0.22,1,0,23.91139999999998,0,1,0,0,Abnormal long stop,278,90,15.809428522767613,22.855723893196444,5.605571477232386,-1.440723893196445
2022,2,Saudi Arabian Grand Prix,Jeddah Corniche Circuit,sainz,16,1,21.521,ferrari,Finished,0,0,unknown,0,0,0,0,1,0.22,1,0,23.91139999999998,0,1,0,0,Abnormal long stop,259,90,15.43839345038845,22.586456421519262,6.082606549611551,-1.0654564215192615
2022,2,Saudi Arabian Grand Prix,Jeddah Corniche Circuit,stroll,13,1,22.339,aston_martin,+1 Lap,0,0,unknown,0,0,0,0,1,0.22,1,0,23.91139999999998,0,1,0,0,Abnormal long stop,271,90,15.626289240407297,22.919883040294746,6.712710759592701,-0.5808830402947471
2022,2,Saudi Arabian Grand Prix,Jeddah Corniche Circuit,zhou,16,1,33.734,alfa,Finished,0,0,unknown,0,0,0,0,1,0.22,1,0,23.91139999999998,0,1,0,0,Abnormal long stop,194,90,15.605204707171648,23.150608257729623,18.128795292828354,10.58339174227038
2022,2,Saudi Arabian Grand Prix,Jeddah Corniche Circuit,zhou,27,2,15.103,alfa,Finished,0,0,unknown,0,0,0,0,1,0.22,1,0,23.91139999999998,0,1,0,0,Abnormal long stop,194,90,15.605204707171648,23.325666412654122,-0.5022047071716482,-8.222666412654123
2022,3,Australian Grand Prix,Albert Park Grand Prix Circuit,albon,57,1,19.845,williams,Finished,0,0,unknown,0,0,0,0,1,0.1724137931034483,1,0,19.80915,0,1,0,0,Abnormal long stop,271,70,16.874049384694505,18.971869737534007,2.970950615305494,0.8731302624659918
2022,3,Australian Grand Prix,Albert Park Grand Prix Circuit,alonso,39,1,18.796,alpine,+1 Lap,0,0,unknown,0,0,0,0,1,0.1724137931034483,1,0,19.80915,0,1,0,0,Abnormal long stop,249,70,15.8445371500086,18.919864971494732,2.9514628499913993,-0.12386497149473286
2022,3,Australian Grand Prix,Albert Park Grand Prix Circuit,alonso,53,2,18.394,alpine,+1 Lap,0,0,unknown,0,0,0,0,1,0.1724137931034483,1,0,19.80915,0,1,0,0,Abnormal long stop,249,70,15.8445371500086,19.101330787959334,2.5494628499913983,-0.7073307879593358
2022,3,Australian Grand Prix,Albert Park Grand Prix Circuit,bottas,22,1,18.413,alfa,Finished,0,0,unknown,0,0,0,0,1,0.1724137931034483,1,0,19.80915,0,1,0,0,Abnormal long stop,194,70,15.818995990593608,18.90102167044067,2.594004009406392,-0.4880216704406699
2022,3,Australian Grand Prix,Albert Park Grand Prix Circuit,gasly,21,1,18.926,alphatauri,Finished,0,0,unknown,0,0,0,0,1,0.1724137931034483,1,0,19.80915,0,1,0,0,Abnormal long stop,202,70,15.362400783359956,18.463141863777214,3.5635992166400428,0.4628581362227848
2022,3,Australian Grand Prix,Albert Park Grand Prix Circuit,hamilton,22,1,17.877,mercedes,Finished,0,0,unknown,0,0,0,0,1,0.1724137931034483,1,0,19.80915,0,1,0,0,Abnormal long stop,278,70,16.023219806189573,18.606137305907488,1.853780193810426,-0.7291373059074893
2022,3,Australian Grand Prix,Albert Park Grand Prix Circuit,kevinmagnussen,39,1,19.111,haas,+1 Lap,0,0,unknown,0,0,0,0,1,0.1724137931034483,1,0,19.80915,0,1,0,0,Abnormal long stop,272,70,17.022599116626154,19.596468812921398,2.088400883373847,-0.4854688129213969
2022,3,Australian Grand Prix,Albert Park Grand Prix Circuit,latifi,13,1,18.552,williams,+1 Lap,0,0,unknown,0,0,0,0,1,0.1724137931034483,1,0,19.80915,0,1,0,0,Abnormal long stop,271,70,16.874049384694505,18.877890701612515,1.6779506153054946,-0.325890701612515
2022,3,Australian Grand Prix,Albert Park Grand Prix Circuit,latifi,23,2,17.936,williams,+1 Lap,0,0,unknown,0,0,0,0,1,0.1724137931034483,1,0,19.80915,0,1,0,0,Abnormal long stop,271,70,16.874049384694505,19.05081296935698,1.061950615305495,-1.1148129693569793
2022,3,Australian Grand Prix,Albert Park Grand Prix Circuit,leclerc,22,1,17.973,ferrari,Finished,0,0,unknown,0,0,0,0,1,0.1724137931034483,1,0,19.80915,0,1,0,0,Abnormal long stop,259,70,15.65218473381041,18.33686983423031,2.320815266189589,-0.36386983423031083
2022,3,Australian Grand Prix,Albert Park Grand Prix Circuit,maxverstappen,18,1,18.281,red_bull,Fuel leak,0,0,unknown,0,0,0,0,1,0.1724137931034483,1,0,19.80915,0,1,0,0,Abnormal long stop,292,70,15.575054455503802,18.038443253790447,2.7059455444961973,0.24255674620955148
2022,3,Australian Grand Prix,Albert Park Grand Prix Circuit,mickschumacher,14,1,19.039,haas,+1 Lap,0,0,unknown,0,0,0,0,1,0.1724137931034483,1,0,19.80915,0,1,0,0,Abnormal long stop,272,70,17.022599116626154,19.54307163342055,2.016400883373848,-0.5040716334205477
2022,3,Australian Grand Prix,Albert Park Grand Prix Circuit,norris,20,1,17.556,mclaren,Finished,0,0,unknown,0,0,0,0,1,0.1724137931034483,1,0,19.80915,0,1,0,0,Abnormal long stop,270,70,15.62578011322001,18.50181738658219,1.930219886779991,-0.9458173865821884
2022,3,Australian Grand Prix,Albert Park Grand Prix Circuit,ocon,17,1,19.128,alpine,Finished,0,0,unknown,0,0,0,0,1,0.1724137931034483,1,0,19.80915,0,1,0,0,Abnormal long stop,249,70,15.8445371500086,18.872875453533986,3.2834628499914,0.2551245464660141
2022,3,Australian Grand Prix,Albert Park Grand Prix Circuit,perez,20,1,17.434,red_bull,Finished,0,0,unknown,0,0,0,0,1,0.1724137931034483,1,0,19.80915,0,1,0,0,Abnormal long stop,292,70,15.575054455503802,18.042715028150518,1.8589455444961995,-0.6087150281505167
2022,3,Australian Grand Prix,Albert Park Grand Prix Circuit,ricciardo,21,1,18.15,mclaren,Finished,0,0,unknown,0,0,0,0,1,0.1724137931034483,1,0,19.80915,0,1,0,0,Abnormal long stop,270,70,15.62578011322001,18.503953273762225,2.5242198867799885,-0.35395327376222596
2022,3,Australian Grand Prix,Albert Park Grand Prix Circuit,russell,23,1,18.479,mercedes,Finished,0,0,unknown,0,0,0,0,1,0.1724137931034483,1,0,19.80915,0,1,0,0,Abnormal long stop,278,70,16.023219806189573,18.608273193087523,2.4557801938104262,-0.12927319308752416
2022,3,Australian Grand Prix,Albert Park Grand Prix Circuit,stroll,3,1,18.242,aston_martin,Finished,0,0,unknown,0,0,0,0,1,0.1724137931034483,1,0,19.80915,0,1,0,0,Abnormal long stop,271,70,15.840080523829258,18.636122258125248,2.401919476170743,-0.3941222581252468
2022,3,Australian Grand Prix,Albert Park Grand Prix Circuit,stroll,4,2,18.56,aston_martin,Finished,0,0,unknown,0,0,0,0,1,0.1724137931034483,1,0,19.80915,0,1,0,0,Abnormal long stop,271,70,15.840080523829258,18.78982154124941,2.719919476170741,-0.2298215412494109
2022,3,Australian Grand Prix,Albert Park Grand Prix Circuit,stroll,23,3,20.402,aston_martin,Finished,0,0,unknown,0,0,0,0,1,0.1724137931034483,1,0,19.80915,0,1,0,0,Abnormal long stop,271,70,15.840080523829258,19.312128279920355,4.561919476170743,1.0898717200796462
2022,3,Australian Grand Prix,Albert Park Grand Prix Circuit,tsunoda,18,1,18.443,alphatauri,+1 Lap,0,0,unknown,0,0,0,0,1,0.1724137931034483,1,0,19.80915,0,1,0,0,Abnormal long stop,202,70,15.362400783359956,18.45673420223711,3.0805992166400458,-0.013734202237110082
2022,3,Australian Grand Prix,Albert Park Grand Prix Circuit,zhou,21,1,18.38,alfa,Finished,0,0,unknown,0,0,0,0,1,0.1724137931034483,1,0,19.80915,0,1,0,0,Abnormal long stop,194,70,15.818995990593608,18.89888578326064,2.561004009406391,-0.5188857832606395
2022,4,Emilia Romagna Grand Prix,Autodromo Enzo e Dino Ferrari,albon,17,1,30.793,williams,+1 Lap,0,0,unknown,0,0,0,0,1,0.06349206349206349,1,0,36.00099999999999,0,1,0,0,Abnormal long stop,271,69,24.574249510831674,30.269130340200352,6.218750489168325,0.5238696597996473
2022,4,Emilia Romagna Grand Prix,Autodromo Enzo e Dino Ferrari,bottas,18,1,40.957,alfa,Finished,0,0,unknown,0,0,0,0,1,0.06349206349206349,1,0,36.00099999999999,0,1,0,0,Abnormal long stop,194,69,23.519196116730775,30.275174211588233,17.437803883269225,10.681825788411768
2022,4,Emilia Romagna Grand Prix,Autodromo Enzo e Dino Ferrari,gasly,17,1,30.405,alphatauri,+1 Lap,0,0,unknown,0,0,0,0,1,0.06349206349206349,1,0,36.00099999999999,0,1,0,0,Abnormal long stop,202,69,23.062600909497124,29.83729440492478,7.342399090502877,0.5677055950752212
2022,4,Emilia Romagna Grand Prix,Autodromo Enzo e Dino Ferrari,hamilton,18,1,32.74,mercedes,+1 Lap,0,0,unknown,0,0,0,0,1,0.06349206349206349,1,0,36.00099999999999,0,1,0,0,Abnormal long stop,278,69,23.723419932326742,29.980289847055055,9.01658006767326,2.7597101529449475
2022,4,Emilia Romagna Grand Prix,Autodromo Enzo e Dino Ferrari,kevinmagnussen,18,1,33.765,haas,Finished,0,0,unknown,0,0,0,0,1,0.06349206349206349,1,0,36.00099999999999,0,1,0,0,Abnormal long stop,272,69,24.722799242763323,30.934311272008387,9.042200757236678,2.830688727991614
2022,4,Emilia Romagna Grand Prix,Autodromo Enzo e Dino Ferrari,latifi,18,1,31.125,williams,+1 Lap,0,0,unknown,0,0,0,0,1,0.06349206349206349,1,0,36.00099999999999,0,1,0,0,Abnormal long stop,271,69,24.574249510831674,30.271266227380384,6.550750489168326,0.8537337726196164
2022,4,Emilia Romagna Grand Prix,Autodromo Enzo e Dino Ferrari,leclerc,19,1,31.794,ferrari,Finished,0,0,unknown,0,0,0,0,1,0.06349206349206349,1,0,36.00099999999999,0,1,0,0,Abnormal long stop,259,69,23.352384859947577,29.713158262557904,8.441615140052424,2.080841737442096
2022,4,Emilia Romagna Grand Prix,Autodromo Enzo e Dino Ferrari,leclerc,49,2,30.042,ferrari,Finished,0,0,unknown,0,0,0,0,1,0.06349206349206349,1,0,36.00099999999999,0,1,0,0,Abnormal long stop,259,69,23.352384859947577,29.928798273903055,6.689615140052425,0.11320172609694623
2022,4,Emilia Romagna Grand Prix,Autodromo Enzo e Dino Ferrari,leclerc,53,3,36.56,ferrari,Finished,0,0,unknown,0,0,0,0,1,0.06349206349206349,1,0,36.00099999999999,0,1,0,0,Abnormal long stop,259,69,23.352384859947577,30.419066704873487,13.207615140052425,6.140933295126516
2022,4,Emilia Romagna Grand Prix,Autodromo Enzo e Dino Ferrari,maxverstappen,19,1,30.001,red_bull,Finished,0,0,unknown,0,0,0,0,1,0.06349206349206349,1,0,36.00099999999999,0,1,0,0,Abnormal long stop,292,69,23.275254581640972,29.423275230838183,6.725745418359029,0.5777247691618186
2022,4,Emilia Romagna Grand Prix,Autodromo Enzo e Dino Ferrari,maxverstappen,51,2,29.942,red_bull,Finished,0,0,unknown,0,0,0,0,1,0.06349206349206349,1,0,36.00099999999999,0,1,0,0,Abnormal long stop,292,69,23.275254581640972,29.6431870165434,6.666745418359028,0.29881298345659957
2022,4,Emilia Romagna Grand Prix,Autodromo Enzo e Dino Ferrari,mickschumacher,18,1,31.32,haas,+1 Lap,0,0,unknown,0,0,0,0,1,0.06349206349206349,1,0,36.00099999999999,0,1,0,0,Abnormal long stop,272,69,24.722799242763323,30.934311272008387,6.597200757236678,0.3856887279916137
2022,4,Emilia Romagna Grand Prix,Autodromo Enzo e Dino Ferrari,mickschumacher,52,2,30.984,haas,+1 Lap,0,0,unknown,0,0,0,0,1,0.06349206349206349,1,0,36.00099999999999,0,1,0,0,Abnormal long stop,272,69,24.722799242763323,31.158494832073668,6.261200757236679,-0.17449483207366612
2022,4,Emilia Romagna Grand Prix,Autodromo Enzo e Dino Ferrari,norris,19,1,30.07,mclaren,Finished,0,0,unknown,0,0,0,0,1,0.06349206349206349,1,0,36.00099999999999,0,1,0,0,Abnormal long stop,270,69,23.32598023935718,29.882377589269854,6.744019760642821,0.18762241073014607
2022,4,Emilia Romagna Grand Prix,Autodromo Enzo e Dino Ferrari,ocon,18,1,31.409,alpine,+1 Lap,0,0,unknown,0,0,0,0,1,0.06349206349206349,1,0,36.00099999999999,0,1,0,0,Abnormal long stop,249,69,23.544737276145767,30.257707430581718,7.864262723854232,1.1512925694182812
2022,4,Emilia Romagna Grand Prix,Autodromo Enzo e Dino Ferrari,perez,18,1,30.366,red_bull,Finished,0,0,unknown,0,0,0,0,1,0.06349206349206349,1,0,36.00099999999999,0,1,0,0,Abnormal long stop,292,69,23.275254581640972,29.421139343658147,7.0907454183590275,0.9448606563418522
2022,4,Emilia Romagna Grand Prix,Autodromo Enzo e Dino Ferrari,perez,50,2,29.627,red_bull,Finished,0,0,unknown,0,0,0,0,1,0.06349206349206349,1,0,36.00099999999999,0,1,0,0,Abnormal long stop,292,69,23.275254581640972,29.641051129363365,6.351745418359027,-0.014051129363366499
2022,4,Emilia Romagna Grand Prix,Autodromo Enzo e Dino Ferrari,ricciardo,2,1,32.362,mclaren,+1 Lap,0,0,unknown,0,0,0,0,1,0.06349206349206349,1,0,36.00099999999999,0,1,0,0,Abnormal long stop,270,69,23.32598023935718,29.846067507209277,9.036019760642823,2.515932492790725
2022,4,Emilia Romagna Grand Prix,Autodromo Enzo e Dino Ferrari,ricciardo,16,2,30.422,mclaren,+1 Lap,0,0,unknown,0,0,0,0,1,0.06349206349206349,1,0,36.00099999999999,0,1,0,0,Abnormal long stop,270,69,23.32598023935718,30.027533323673882,7.096019760642822,0.3944666763261182
2022,4,Emilia Romagna Grand Prix,Autodromo Enzo e Dino Ferrari,ricciardo,30,3,30.155,mclaren,+1 Lap,0,0,unknown,0,0,0,0,1,0.06349206349206349,1,0,36.00099999999999,0,1,0,0,Abnormal long stop,270,69,23.32598023935718,30.539160626444655,6.829019760642822,-0.384160626444654
2022,4,Emilia Romagna Grand Prix,Autodromo Enzo e Dino Ferrari,russell,18,1,31.079,mercedes,Finished,0,0,unknown,0,0,0,0,1,0.06349206349206349,1,0,36.00099999999999,0,1,0,0,Abnormal long stop,278,69,23.723419932326742,29.980289847055055,7.355580067673259,1.0987101529449461
2022,4,Emilia Romagna Grand Prix,Autodromo Enzo e Dino Ferrari,stroll,18,1,32.667,aston_martin,+1 Lap,0,0,unknown,0,0,0,0,1,0.06349206349206349,1,0,36.00099999999999,0,1,0,0,Abnormal long stop,271,69,23.540280649966427,30.050856655693458,9.126719350033575,2.6161433443065434
2022,4,Emilia Romagna Grand Prix,Autodromo Enzo e Dino Ferrari,tsunoda,18,1,30.372,alphatauri,Finished,0,0,unknown,0,0,0,0,1,0.06349206349206349,1,0,36.00099999999999,0,1,0,0,Abnormal long stop,202,69,23.062600909497124,29.83943029210481,7.309399090502875,0.5325697078951883
2022,4,Emilia Romagna Grand Prix,Autodromo Enzo e Dino Ferrari,vettel,17,1,30.484,aston_martin,Finished,0,0,unknown,0,0,0,0,1,0.06349206349206349,1,0,36.00099999999999,0,1,0,0,Abnormal long stop,271,69,23.540280649966427,30.048720768513427,6.943719350033575,0.4352792314865752
2022,4,Emilia Romagna Grand Prix,Autodromo Enzo e Dino Ferrari,zhou,18,1,32.203,alfa,+1 Lap,0,0,unknown,0,0,0,0,1,0.06349206349206349,1,0,36.00099999999999,0,1,0,0,Abnormal long stop,194,69,23.519196116730775,30.275174211588233,8.683803883269228,1.92782578841177
2022,5,Miami Grand Prix,Miami International Autodrome,albon,16,1,20.059,williams,Finished,0,0,unknown,0,0,0,0,1,0.14035087719298245,1,0,21.977999999999998,0,1,0,0,Abnormal long stop,271,73,23.05522685397657,22.764489340669396,-2.9962268539765695,-2.705489340669395
2022,5,Miami Grand Prix,Miami International Autodrome,alonso,15,1,21.638,alpine,Finished,0,0,unknown,0,0,0,0,1,0.14035087719298245,1,0,21.977999999999998,0,1,0,0,Abnormal long stop,249,73,22.025714619290667,22.7487946566907,-0.38771461929066575,-1.1107946566906968
2022,5,Miami Grand Prix,Miami International Autodrome,bottas,26,1,19.614,alfa,Finished,0,0,unknown,0,0,0,0,1,0.14035087719298245,1,0,21.977999999999998,0,1,0,0,Abnormal long stop,194,73,22.000173459875676,22.789756196677587,-2.3861734598756748,-3.175756196677586
2022,5,Miami Grand Prix,Miami International Autodrome,gasly,16,1,19.543,alphatauri,Suspension,1,0,unknown,0,0,0,0,1,0.14035087719298245,1,0,21.977999999999998,0,1,0,0,Possible damage/crash race,202,73,21.54357825264202,23.796569200880885,-2.000578252642022,-4.253569200880886
2022,5,Miami Grand Prix,Miami International Autodrome,gasly,40,2,19.007,alphatauri,Suspension,1,0,unknown,0,0,0,0,1,0.14035087719298245,1,0,21.977999999999998,0,1,0,0,Possible damage/crash race,202,73,21.54357825264202,23.99939388914583,-2.5365782526420197,-4.992393889145827
2022,5,Miami Grand Prix,Miami International Autodrome,hamilton,22,1,18.82,mercedes,Finished,0,0,unknown,0,0,0,0,1,0.14035087719298245,1,0,21.977999999999998,0,1,0,0,Abnormal long stop,278,73,22.20439727547164,22.48632828342427,-3.3843972754716383,-3.6663282834242708
2022,5,Miami Grand Prix,Miami International Autodrome,kevinmagnussen,12,1,19.76,haas,Front wing,0,0,unknown,0,0,0,0,1,0.14035087719298245,1,0,21.977999999999998,0,1,0,0,Abnormal long stop,272,73,23.20377658590822,23.41899083657726,-3.4437765859082177,-3.65899083657726
2022,5,Miami Grand Prix,Miami International Autodrome,kevinmagnussen,42,2,20.673,haas,Front wing,0,0,unknown,0,0,0,0,1,0.14035087719298245,1,0,21.977999999999998,0,1,0,0,Abnormal long stop,272,73,23.20377658590822,23.63463084792241,-2.530776585908221,-2.961630847922411
2022,5,Miami Grand Prix,Miami International Autodrome,latifi,34,1,19.185,williams,Finished,0,0,unknown,0,0,0,0,1,0.14035087719298245,1,0,21.977999999999998,0,1,0,0,Abnormal long stop,271,73,23.05522685397657,22.802935309910005,-3.870226853976572,-3.6179353099100062
2022,5,Miami Grand Prix,Miami International Autodrome,leclerc,24,1,19.697,ferrari,Finished,0,0,unknown,0,0,0,0,1,0.14035087719298245,1,0,21.977999999999998,0,1,0,0,Abnormal long stop,259,73,21.833362203092477,22.221332586107156,-2.136362203092478,-2.524332586107157
2022,5,Miami Grand Prix,Miami International Autodrome,maxverstappen,26,1,18.798,red_bull,Finished,0,0,unknown,0,0,0,0,1,0.14035087719298245,1,0,21.977999999999998,0,1,0,0,Abnormal long stop,292,73,21.756231924785865,21.9357213287475,-2.958231924785867,-3.137721328747503
2022,5,Miami Grand Prix,Miami International Autodrome,mickschumacher,14,1,20.413,haas,Finished,0,0,unknown,0,0,0,0,1,0.14035087719298245,1,0,21.977999999999998,0,1,0,0,Abnormal long stop,272,73,23.20377658590822,23.42326261093733,-2.790776585908219,-3.0102626109373283
2022,5,Miami Grand Prix,Miami International Autodrome,mickschumacher,54,2,32.381,haas,Finished,0,0,unknown,0,0,0,0,1,0.14035087719298245,1,0,21.977999999999998,0,1,0,0,Abnormal long stop,272,73,23.20377658590822,23.660261494082818,9.177223414091781,8.720738505917183
2022,5,Miami Grand Prix,Miami International Autodrome,norris,18,1,19.986,mclaren,Collision,1,0,unknown,0,0,0,0,1,0.14035087719298245,1,0,21.977999999999998,0,1,0,0,Possible damage/crash race,270,73,21.806957582502076,23.841652385225963,-1.820957582502075,-3.8556523852259623
2022,5,Miami Grand Prix,Miami International Autodrome,ocon,41,1,19.019,alpine,Finished,0,0,unknown,0,0,0,0,1,0.14035087719298245,1,0,21.977999999999998,0,1,0,0,Abnormal long stop,249,73,22.025714619290667,22.80432772337158,-3.006714619290669,-3.78532772337158
2022,5,Miami Grand Prix,Miami International Autodrome,perez,27,1,18.519,red_bull,Finished,0,0,unknown,0,0,0,0,1,0.14035087719298245,1,0,21.977999999999998,0,1,0,0,Abnormal long stop,292,73,21.756231924785865,21.937857215927533,-3.237231924785867,-3.4188572159275346
2022,5,Miami Grand Prix,Miami International Autodrome,perez,41,2,18.433,red_bull,Finished,0,0,unknown,0,0,0,0,1,0.14035087719298245,1,0,21.977999999999998,0,1,0,0,Abnormal long stop,292,73,21.756231924785865,22.11932303239214,-3.3232319247858655,-3.6863230323921385
2022,5,Miami Grand Prix,Miami International Autodrome,ricciardo,30,1,19.484,mclaren,Finished,0,0,unknown,0,0,0,0,1,0.14035087719298245,1,0,21.977999999999998,0,1,0,0,Abnormal long stop,270,73,21.806957582502076,22.40336723589931,-2.322957582502074,-2.9193672358993084
2022,5,Miami Grand Prix,Miami International Autodrome,ricciardo,41,2,19.28,mclaren,Finished,0,0,unknown,0,0,0,0,1,0.14035087719298245,1,0,21.977999999999998,0,1,0,0,Abnormal long stop,270,73,21.806957582502076,22.578425390823806,-2.5269575825020745,-3.2984253908238053
2022,5,Miami Grand Prix,Miami International Autodrome,russell,40,1,19.035,mercedes,Finished,0,0,unknown,0,0,0,0,1,0.14035087719298245,1,0,21.977999999999998,0,1,0,0,Abnormal long stop,278,73,22.20439727547164,22.52477425266488,-3.1693972754716384,-3.48977425266488
2022,5,Miami Grand Prix,Miami International Autodrome,sainz,27,1,22.063,ferrari,Finished,0,0,unknown,0,0,0,0,1,0.14035087719298245,1,0,21.977999999999998,0,1,0,0,Abnormal long stop,259,73,21.833362203092477,22.227740247647258,0.22963779690752162,-0.16474024764725925
2022,5,Miami Grand Prix,Miami International Autodrome,stroll,40,1,19.074,aston_martin,Finished,0,0,unknown,0,0,0,0,1,0.14035087719298245,1,0,21.977999999999998,0,1,0,0,Abnormal long stop,271,73,22.021257993111323,22.595341061303284,-2.9472579931113216,-3.521341061303282
2022,5,Miami Grand Prix,Miami International Autodrome,tsunoda,11,1,18.87,alphatauri,Finished,0,0,unknown,0,0,0,0,1,0.14035087719298245,1,0,21.977999999999998,0,1,0,0,Abnormal long stop,202,73,21.54357825264202,22.32197396949365,-2.67357825264202,-3.4519739694936504
2022,5,Miami Grand Prix,Miami International Autodrome,tsunoda,41,2,19.618,alphatauri,Finished,0,0,unknown,0,0,0,0,1,0.14035087719298245,1,0,21.977999999999998,0,1,0,0,Abnormal long stop,202,73,21.54357825264202,22.5376139808388,-1.9255782526420226,-2.9196139808388004
2022,5,Miami Grand Prix,Miami International Autodrome,vettel,41,1,19.861,aston_martin,Collision,1,0,unknown,0,0,0,0,1,0.14035087719298245,1,0,21.977999999999998,0,1,0,0,Possible damage/crash race,271,73,22.021257993111323,24.06139274397038,-2.1602579931113226,-4.200392743970379
2022,6,Spanish Grand Prix,Circuit de Barcelona-Catalunya,albon,11,1,23.419,williams,+2 Laps,0,0,unknown,0,0,0,0,0,0,1,0,23.845,0,1,0,0,Abnormal long stop,271,172,23.620141340457206,22.80089697593302,-0.20114134045720533,0.6181030240669791
2022,6,Spanish Grand Prix,Circuit de Barcelona-Catalunya,albon,25,2,22.657,williams,+2 Laps,0,0,unknown,0,0,0,0,0,0,1,0,23.845,0,1,0,0,Abnormal long stop,271,172,23.620141340457206,22.982362792397623,-0.9631413404572058,-0.3253627923976232
2022,6,Spanish Grand Prix,Circuit de Barcelona-Catalunya,albon,45,3,23.328,williams,+2 Laps,0,0,unknown,0,0,0,0,0,0,1,0,23.845,0,1,0,0,Abnormal long stop,271,172,23.620141340457206,23.506805418248604,-0.2921413404572064,-0.1788054182486043
2022,6,Spanish Grand Prix,Circuit de Barcelona-Catalunya,albon,54,4,23.404,williams,+2 Laps,0,0,unknown,0,0,0,0,0,0,1,0,23.845,0,1,0,0,Abnormal long stop,271,172,23.620141340457206,25.010689412820753,-0.2161413404572059,-1.606689412820753
2022,6,Spanish Grand Prix,Circuit de Barcelona-Catalunya,alonso,10,1,22.375,alpine,+1 Lap,0,0,unknown,0,0,0,0,0,0,1,0,23.845,0,1,0,0,Abnormal long stop,249,172,22.590629105771303,22.785202291954324,-0.21562910577130268,-0.4102022919543238
2022,6,Spanish Grand Prix,Circuit de Barcelona-Catalunya,alonso,31,2,21.914,alpine,+1 Lap,0,0,unknown,0,0,0,0,0,0,1,0,23.845,0,1,0,0,Abnormal long stop,249,172,22.590629105771303,22.981619318679165,-0.6766291057713012,-1.0676193186791636
2022,6,Spanish Grand Prix,Circuit de Barcelona-Catalunya,alonso,53,3,25.407,alpine,+1 Lap,0,0,unknown,0,0,0,0,0,0,1,0,23.845,0,1,0,0,Abnormal long stop,249,172,22.590629105771303,23.510333718890212,2.8163708942286974,1.8966662811097876
2022,6,Spanish Grand Prix,Circuit de Barcelona-Catalunya,bottas,14,1,22.987,alfa,Finished,0,0,unknown,0,0,0,0,0,0,1,0,23.845,0,1,0,0,Abnormal long stop,194,172,22.56508794635631,22.811212621680976,0.42191205364368756,0.17578737831902203
2022,6,Spanish Grand Prix,Circuit de Barcelona-Catalunya,bottas,34,2,22.541,alfa,Finished,0,0,unknown,0,0,0,0,0,0,1,0,23.845,0,1,0,0,Abnormal long stop,194,172,22.56508794635631,23.005493761225782,-0.024087946356310397,-0.464493761225782
2022,6,Spanish Grand Prix,Circuit de Barcelona-Catalunya,gasly,10,1,22.008,alphatauri,+1 Lap,0,0,unknown,0,0,0,0,0,0,1,0,23.845,0,1,0,0,Abnormal long stop,202,172,22.10849273912266,22.366925153477418,-0.10049273912266088,-0.3589251534774185
2022,6,Spanish Grand Prix,Circuit de Barcelona-Catalunya,gasly,29,2,27.947,alphatauri,+1 Lap,0,0,unknown,0,0,0,0,0,0,1,0,23.845,0,1,0,0,Abnormal long stop,202,172,22.10849273912266,22.559070405842192,5.838507260877339,5.387929594157807
2022,6,Spanish Grand Prix,Circuit de Barcelona-Catalunya,gasly,46,3,21.838,alphatauri,+1 Lap,0,0,unknown,0,0,0,0,0,0,1,0,23.845,0,1,0,0,Abnormal long stop,202,172,22.10849273912266,23.077105370153063,-0.27049273912265903,-1.2391053701530623
2022,6,Spanish Grand Prix,Circuit de Barcelona-Catalunya,hamilton,22,2,22.105,mercedes,Finished,0,0,unknown,0,0,0,0,0,0,1,0,23.845,0,1,0,0,Abnormal long stop,278,172,22.769311761952277,22.684978750532196,-0.6643117619522769,-0.5799787505321952
2022,6,Spanish Grand Prix,Circuit de Barcelona-Catalunya,hamilton,48,3,22.241,mercedes,Finished,0,0,unknown,0,0,0,0,0,0,1,0,23.845,0,1,0,0,Abnormal long stop,278,172,22.769311761952277,23.222236699463377,-0.5283117619522777,-0.981236699463377
2022,6,Spanish Grand Prix,Circuit de Barcelona-Catalunya,kevinmagnussen,29,2,23.878,haas,+2 Laps,0,0,unknown,0,0,0,0,0,0,1,0,23.845,0,1,0,0,Abnormal long stop,272,172,23.768691072388854,23.653951385745767,0.10930892761114563,0.22404861425423306
2022,6,Spanish Grand Prix,Circuit de Barcelona-Catalunya,latifi,12,1,23.189,williams,+2 Laps,0,0,unknown,0,0,0,0,0,0,1,0,23.845,0,1,0,0,Abnormal long stop,271,172,23.620141340457206,22.803032863113057,-0.43114134045720576,0.3859671368869435
2022,6,Spanish Grand Prix,Circuit de Barcelona-Catalunya,latifi,26,2,22.311,williams,+2 Laps,0,0,unknown,0,0,0,0,0,0,1,0,23.845,0,1,0,0,Abnormal long stop,271,172,23.620141340457206,22.984498679577662,-1.3091413404572059,-0.6734986795776621
2022,6,Spanish Grand Prix,Circuit de Barcelona-Catalunya,latifi,50,3,22.761,williams,+2 Laps,0,0,unknown,0,0,0,0,0,0,1,0,23.845,0,1,0,0,Abnormal long stop,271,172,23.620141340457206,23.517484854148773,-0.8591413404572066,-0.7564848541487734
2022,6,Spanish Grand Prix,Circuit de Barcelona-Catalunya,leclerc,21,1,21.794,ferrari,Turbo,0,0,unknown,0,0,0,0,0,0,1,0,23.845,0,1,0,0,Abnormal long stop,259,172,22.398276689573112,22.26201199573085,-0.604276689573112,-0.4680119957308513
2022,6,Spanish Grand Prix,Circuit de Barcelona-Catalunya,maxverstappen,13,1,22.173,red_bull,Finished,0,0,unknown,0,0,0,0,0,0,1,0,23.845,0,1,0,0,Abnormal long stop,292,172,22.321146411266504,21.955041866570856,-0.14814641126650585,0.21795813342914272
2022,6,Spanish Grand Prix,Circuit de Barcelona-Catalunya,maxverstappen,28,2,21.966,red_bull,Finished,0,0,unknown,0,0,0,0,0,0,1,0,23.845,0,1,0,0,Abnormal long stop,292,172,22.321146411266504,22.138643570215493,-0.35514641126650304,-0.1726435702154916
2022,6,Spanish Grand Prix,Circuit de Barcelona-Catalunya,maxverstappen,44,3,21.941,red_bull,Finished,0,0,unknown,0,0,0,0,0,0,1,0,23.845,0,1,0,0,Abnormal long stop,292,172,22.321146411266504,22.654542647346336,-0.38014641126650517,-0.7135426473463369
2022,6,Spanish Grand Prix,Circuit de Barcelona-Catalunya,mickschumacher,12,1,23.582,haas,+1 Lap,0,0,unknown,0,0,0,0,0,0,1,0,23.845,0,1,0,0,Abnormal long stop,272,172,23.768691072388854,23.46607790774106,-0.18669107238885374,0.11592209225894123
2022,6,Spanish Grand Prix,Circuit de Barcelona-Catalunya,mickschumacher,30,2,23.127,haas,+1 Lap,0,0,unknown,0,0,0,0,0,0,1,0,23.845,0,1,0,0,Abnormal long stop,272,172,23.768691072388854,23.6560872729258,-0.6416910723888556,-0.5290872729257998
2022,6,Spanish Grand Prix,Circuit de Barcelona-Catalunya,norris,12,1,21.916,mclaren,Finished,0,0,unknown,0,0,0,0,0,0,1,0,23.845,0,1,0,0,Abnormal long stop,270,172,22.37187206898271,22.412008337822495,-0.4558720689827105,-0.4960083378224951
2022,6,Spanish Grand Prix,Circuit de Barcelona-Catalunya,norris,33,2,23.341,mclaren,Finished,0,0,unknown,0,0,0,0,0,0,1,0,23.845,0,1,0,0,Abnormal long stop,270,172,22.37187206898271,22.608425364547333,0.9691279310172902,0.7325746354526679
2022,6,Spanish Grand Prix,Circuit de Barcelona-Catalunya,norris,51,3,22.165,mclaren,Finished,0,0,unknown,0,0,0,0,0,0,1,0,23.845,0,1,0,0,Abnormal long stop,270,172,22.37187206898271,23.128596216038247,-0.2068720689827117,-0.9635962160382476
2022,6,Spanish Grand Prix,Circuit de Barcelona-Catalunya,ocon,13,1,22.137,alpine,Finished,0,0,unknown,0,0,0,0,0,0,1,0,23.845,0,1,0,0,Abnormal long stop,249,172,22.590629105771303,22.791609953494426,-0.4536291057713022,-0.6546099534944254
2022,6,Spanish Grand Prix,Circuit de Barcelona-Catalunya,ocon,35,2,22.953,alpine,Finished,0,0,unknown,0,0,0,0,0,0,1,0,23.845,0,1,0,0,Abnormal long stop,249,172,22.590629105771303,22.9901628673993,0.3623708942286967,-0.037162867399299415
2022,6,Spanish Grand Prix,Circuit de Barcelona-Catalunya,ocon,52,3,22.033,alpine,Finished,0,0,unknown,0,0,0,0,0,0,1,0,23.845,0,1,0,0,Abnormal long stop,249,172,22.590629105771303,23.508197831710177,-0.5576291057713014,-1.475197831710176
2022,6,Spanish Grand Prix,Circuit de Barcelona-Catalunya,perez,17,1,22.032,red_bull,Finished,0,0,unknown,0,0,0,0,0,0,1,0,23.845,0,1,0,0,Abnormal long stop,292,172,22.321146411266504,21.963585415290993,-0.2891464112665041,0.06841458470900719
2022,6,Spanish Grand Prix,Circuit de Barcelona-Catalunya,perez,37,2,21.619,red_bull,Finished,0,0,unknown,0,0,0,0,0,0,1,0,23.845,0,1,0,0,Abnormal long stop,292,172,22.321146411266504,22.1578665548358,-0.7021464112665043,-0.5388665548357991
2022,6,Spanish Grand Prix,Circuit de Barcelona-Catalunya,perez,53,3,21.694,red_bull,Finished,0,0,unknown,0,0,0,0,0,0,1,0,23.845,0,1,0,0,Abnormal long stop,292,172,22.321146411266504,22.673765631966642,-0.627146411266505,-0.979765631966643
2022,6,Spanish Grand Prix,Circuit de Barcelona-Catalunya,ricciardo,11,1,22.124,mclaren,+1 Lap,0,0,unknown,0,0,0,0,0,0,1,0,23.845,0,1,0,0,Abnormal long stop,270,172,22.37187206898271,22.40987245064246,-0.24787206898271208,-0.2858724506424615
2022,6,Spanish Grand Prix,Circuit de Barcelona-Catalunya,ricciardo,31,2,22.399,mclaren,+1 Lap,0,0,unknown,0,0,0,0,0,0,1,0,23.845,0,1,0,0,Abnormal long stop,270,172,22.37187206898271,22.604153590187266,0.027127931017290052,-0.20515359018726542
2022,6,Spanish Grand Prix,Circuit de Barcelona-Catalunya,ricciardo,48,3,22.154,mclaren,+1 Lap,0,0,unknown,0,0,0,0,0,0,1,0,23.845,0,1,0,0,Abnormal long stop,270,172,22.37187206898271,23.122188554498145,-0.21787206898271094,-0.9681885544981448
2022,6,Spanish Grand Prix,Circuit de Barcelona-Catalunya,russell,13,1,22.154,mercedes,Finished,0,0,unknown,0,0,0,0,0,0,1,0,23.845,0,1,0,0,Abnormal long stop,278,172,22.769311761952277,22.51419236996776,-0.6153117619522774,-0.36019236996775916
2022,6,Spanish Grand Prix,Circuit de Barcelona-Catalunya,russell,36,2,22.039,mercedes,Finished,0,0,unknown,0,0,0,0,0,0,1,0,23.845,0,1,0,0,Abnormal long stop,278,172,22.769311761952277,22.714881171052667,-0.7303117619522759,-0.6758811710526658
2022,6,Spanish Grand Prix,Circuit de Barcelona-Catalunya,russell,51,3,22.815,mercedes,Finished,0,0,unknown,0,0,0,0,0,0,1,0,23.845,0,1,0,0,Abnormal long stop,278,172,22.769311761952277,23.22864436100348,0.04568823804772393,-0.41364436100347746
2022,6,Spanish Grand Prix,Circuit de Barcelona-Catalunya,sainz,10,1,22.341,ferrari,Finished,0,0,unknown,0,0,0,0,0,0,1,0,23.845,0,1,0,0,Abnormal long stop,259,172,22.398276689573112,22.23851723675048,-0.05727668957311138,0.10248276324952243
2022,6,Spanish Grand Prix,Circuit de Barcelona-Catalunya,sainz,31,2,21.867,ferrari,Finished,0,0,unknown,0,0,0,0,0,0,1,0,23.845,0,1,0,0,Abnormal long stop,259,172,22.398276689573112,22.43493426347532,-0.5312766895731116,-0.5679342634753191
2022,6,Spanish Grand Prix,Circuit de Barcelona-Catalunya,sainz,45,3,22.302,ferrari,Finished,0,0,unknown,0,0,0,0,0,0,1,0,23.845,0,1,0,0,Abnormal long stop,259,172,22.398276689573112,22.946561566246093,-0.09627668957311286,-0.6445615662460931
2022,6,Spanish Grand Prix,Circuit de Barcelona-Catalunya,stroll,14,1,22.833,aston_martin,+1 Lap,0,0,unknown,0,0,0,0,0,0,1,0,23.845,0,1,0,0,Abnormal long stop,271,172,22.58617247959196,22.5868950657862,0.2468275204080399,0.24610493421379687
2022,6,Spanish Grand Prix,Circuit de Barcelona-Catalunya,stroll,27,2,23.394,aston_martin,+1 Lap,0,0,unknown,0,0,0,0,0,0,1,0,23.845,0,1,0,0,Abnormal long stop,271,172,22.58617247959196,22.76622499507077,0.8078275204080398,0.6277750049292301
2022,6,Spanish Grand Prix,Circuit de Barcelona-Catalunya,stroll,46,3,23.812,aston_martin,+1 Lap,0,0,unknown,0,0,0,0,0,0,1,0,23.845,0,1,0,0,Abnormal long stop,271,172,22.58617247959196,23.288531733741713,1.2258275204080427,0.5234682662582877
2022,6,Spanish Grand Prix,Circuit de Barcelona-Catalunya,tsunoda,11,1,23.083,alphatauri,+1 Lap,0,0,unknown,0,0,0,0,0,0,1,0,23.845,0,1,0,0,Abnormal long stop,202,172,22.10849273912266,22.36906104065745,0.9745072608773384,0.7139389593425491
2022,6,Spanish Grand Prix,Circuit de Barcelona-Catalunya,tsunoda,32,2,22.802,alphatauri,+1 Lap,0,0,unknown,0,0,0,0,0,0,1,0,23.845,0,1,0,0,Abnormal long stop,202,172,22.10849273912266,22.565478067382294,0.6935072608773396,0.2365219326177055
2022,6,Spanish Grand Prix,Circuit de Barcelona-Catalunya,tsunoda,52,3,22.316,alphatauri,+1 Lap,0,0,unknown,0,0,0,0,0,0,1,0,23.845,0,1,0,0,Abnormal long stop,202,172,22.10849273912266,23.089920693233267,0.20750726087733895,-0.7739206932332685
2022,6,Spanish Grand Prix,Circuit de Barcelona-Catalunya,vettel,21,1,22.536,aston_martin,+1 Lap,0,0,unknown,0,0,0,0,0,0,1,0,23.845,0,1,0,0,Abnormal long stop,271,172,22.58617247959196,22.601846276046437,-0.05017247959195714,-0.065846276046436
2022,6,Spanish Grand Prix,Circuit de Barcelona-Catalunya,vettel,42,2,22.456,aston_martin,+1 Lap,0,0,unknown,0,0,0,0,0,0,1,0,23.845,0,1,0,0,Abnormal long stop,271,172,22.58617247959196,22.79826330277128,-0.130172479591959,-0.34226330277127914
2022,6,Spanish Grand Prix,Circuit de Barcelona-Catalunya,zhou,10,1,23.109,alfa,Power loss,0,0,unknown,0,0,0,0,0,0,1,0,23.845,0,1,0,0,Abnormal long stop,194,172,22.56508794635631,22.80266907296084,0.543912053643691,0.30633092703916276
2022,7,Monaco Grand Prix,Circuit de Monaco,albon,29,3,1.185676,williams,Mechanical,0,0,unknown,0,0,0,0,1,0.125,1,1,1.1865170999999997,1,0,0,0,Suspiciously short stop,271,71,20.934129268806437,2.9781587706549884,-19.748453268806436,-1.7924827706549884
2022,7,Monaco Grand Prix,Circuit de Monaco,alonso,30,2,1.182058,alpine,Finished,0,0,unknown,0,0,0,0,1,0.125,1,1,1.1865170999999997,1,0,0,0,Suspiciously short stop,249,71,19.90461703412053,2.485010978786061,-18.72255903412053,-1.302952978786061
2022,7,Monaco Grand Prix,Circuit de Monaco,bottas,30,2,1.1866990000000002,alfa,Finished,0,0,unknown,0,0,0,0,1,0.125,1,1,1.1865170999999997,1,1,0,0,Abnormal long stop,194,71,19.87907587470554,19.11869933318813,-18.692376874705538,-17.932000333188128
2022,7,Monaco Grand Prix,Circuit de Monaco,gasly,30,3,1.16946,alphatauri,Finished,0,0,unknown,0,0,0,0,1,0.125,1,1,1.1865170999999997,1,0,0,0,Suspiciously short stop,202,71,19.422480667471888,2.5484587225594524,-18.253020667471887,-1.3789987225594524
2022,7,Monaco Grand Prix,Circuit de Monaco,hamilton,30,3,1.186281,mercedes,Finished,0,0,unknown,0,0,0,0,1,0.125,1,1,1.1865170999999997,1,0,0,0,Suspiciously short stop,278,71,20.083299690301505,2.6893182775096953,-18.897018690301504,-1.5030372775096954
2022,7,Monaco Grand Prix,Circuit de Monaco,latifi,29,4,1.1818389999999999,williams,+1 Lap,0,0,unknown,0,0,0,0,1,0.125,1,1,1.1865170999999997,1,0,0,0,Suspiciously short stop,271,71,20.934129268806437,4.462819780606833,-19.752290268806437,-3.280980780606833
2022,7,Monaco Grand Prix,Circuit de Monaco,leclerc,30,3,1.176822,ferrari,Finished,0,0,unknown,0,0,0,0,1,0.125,1,1,1.1865170999999997,1,0,0,0,Suspiciously short stop,259,71,19.71226461792234,2.4200508058325134,-18.53544261792234,-1.2432288058325134
2022,7,Monaco Grand Prix,Circuit de Monaco,maxverstappen,30,3,1.175575,red_bull,Finished,0,0,unknown,0,0,0,0,1,0.125,1,1,1.1865170999999997,1,0,0,0,Suspiciously short stop,292,71,19.635134339615732,2.13016777411279,-18.459559339615733,-0.95459277411279
2022,7,Monaco Grand Prix,Circuit de Monaco,norris,30,3,1.1830289999999999,mclaren,Finished,0,0,unknown,0,0,0,0,1,0.125,1,1,1.1865170999999997,1,0,0,0,Suspiciously short stop,270,71,19.685859997331942,2.5892701325444616,-18.50283099733194,-1.4062411325444617
2022,7,Monaco Grand Prix,Circuit de Monaco,ocon,30,2,1.1864849999999998,alpine,Finished,0,0,unknown,0,0,0,0,1,0.125,1,1,1.1865170999999997,1,0,0,0,Suspiciously short stop,249,71,19.90461703412053,2.485010978786061,-18.71813203412053,-1.2985259787860612
2022,7,Monaco Grand Prix,Circuit de Monaco,perez,30,3,1.172062,red_bull,Finished,0,0,unknown,0,0,0,0,1,0.125,1,1,1.1865170999999997,1,0,0,0,Suspiciously short stop,292,71,19.635134339615732,2.13016777411279,-18.46307233961573,-0.9581057741127901
2022,7,Monaco Grand Prix,Circuit de Monaco,ricciardo,30,2,1.168673,mclaren,Finished,0,0,unknown,0,0,0,0,1,0.125,1,1,1.1865170999999997,1,0,0,0,Suspiciously short stop,270,71,19.685859997331942,2.1075452502941623,-18.51718699733194,-0.9388722502941622
2022,7,Monaco Grand Prix,Circuit de Monaco,russell,30,2,1.177545,mercedes,Finished,0,0,unknown,0,0,0,0,1,0.125,1,1,1.1865170999999997,1,0,0,0,Suspiciously short stop,278,71,20.083299690301505,2.207593395259395,-18.905754690301507,-1.030048395259395
2022,7,Monaco Grand Prix,Circuit de Monaco,sainz,30,2,1.174793,ferrari,Finished,0,0,unknown,0,0,0,0,1,0.125,1,1,1.1865170999999997,1,0,0,0,Suspiciously short stop,259,71,19.71226461792234,1.9383259235822141,-18.53747161792234,-0.7635329235822141
2022,7,Monaco Grand Prix,Circuit de Monaco,stroll,29,4,1.1749649999999998,aston_martin,Finished,0,0,unknown,0,0,0,0,1,0.125,1,1,1.1865170999999997,1,0,0,0,Suspiciously short stop,271,71,19.90016040794119,4.2424102089199085,-18.72519540794119,-3.0674452089199087
2022,7,Monaco Grand Prix,Circuit de Monaco,tsunoda,29,3,1.174444,alphatauri,+1 Lap,0,0,unknown,0,0,0,0,1,0.125,1,1,1.1865170999999997,1,0,0,0,Suspiciously short stop,202,71,19.422480667471888,2.546322835379417,-18.248036667471887,-1.3718788353794171
2022,7,Monaco Grand Prix,Circuit de Monaco,vettel,30,3,1.169495,aston_martin,Finished,0,0,unknown,0,0,0,0,1,0.125,1,1,1.1865170999999997,1,0,0,0,Suspiciously short stop,271,71,19.90016040794119,2.759885086148099,-18.73066540794119,-1.590390086148099
2022,7,Monaco Grand Prix,Circuit de Monaco,zhou,29,2,1.174235,alfa,+1 Lap,0,0,unknown,0,0,0,0,1,0.125,1,1,1.1865170999999997,1,0,0,0,Suspiciously short stop,194,71,19.87907587470554,2.500341872612541,-18.70484087470554,-1.3261068726125411
2022,8,Azerbaijan Grand Prix,Baku City Circuit,albon,9,1,25.577,williams,+1 Lap,0,0,unknown,0,0,0,0,1,0.11764705882352941,1,0,28.6684,0,1,0,0,Abnormal long stop,271,88,18.841927840022873,21.572364255073886,6.735072159977129,4.004635744926116
2022,8,Azerbaijan Grand Prix,Baku City Circuit,albon,29,2,21.54,williams,+1 Lap,0,0,unknown,0,0,0,0,1,0.11764705882352941,1,0,28.6684,0,1,0,0,Abnormal long stop,271,88,18.841927840022873,21.76664539461869,2.6980721599771265,-0.22664539461868927
2022,8,Azerbaijan Grand Prix,Baku City Circuit,alonso,18,1,20.571,alpine,Finished,0,0,unknown,0,0,0,0,1,0.11764705882352941,1,0,28.6684,0,1,0,0,Abnormal long stop,249,88,17.812415605336966,21.578028442895526,2.7585843946630355,-1.0070284428955247
2022,8,Azerbaijan Grand Prix,Baku City Circuit,bottas,33,1,20.979,alfa,+1 Lap,0,0,unknown,0,0,0,0,1,0.11764705882352941,1,0,28.6684,0,1,0,0,Abnormal long stop,194,88,17.786874445921978,21.627533531602552,3.1921255540780216,-0.6485335316025527
2022,8,Azerbaijan Grand Prix,Baku City Circuit,gasly,9,1,22.698,alphatauri,Finished,0,0,unknown,0,0,0,0,1,0.11764705882352941,1,0,28.6684,0,1,0,0,Abnormal long stop,202,88,17.330279238688323,21.140528319798314,5.367720761311677,1.5574716802016866
2022,8,Azerbaijan Grand Prix,Baku City Circuit,hamilton,9,1,21.47,mercedes,Finished,0,0,unknown,0,0,0,0,1,0.11764705882352941,1,0,28.6684,0,1,0,0,Abnormal long stop,278,88,17.99109826151794,21.281387874748557,3.478901738482058,0.1886121252514421
2022,8,Azerbaijan Grand Prix,Baku City Circuit,hamilton,33,2,20.831,mercedes,Finished,0,0,unknown,0,0,0,0,1,0.11764705882352941,1,0,28.6684,0,1,0,0,Abnormal long stop,278,88,17.99109826151794,21.4842125630135,2.839901738482059,-0.6532125630135006
2022,8,Azerbaijan Grand Prix,Baku City Circuit,kevinmagnussen,9,1,21.555,haas,Power Unit,0,0,unknown,0,0,0,0,1,0.11764705882352941,1,0,28.6684,0,1,0,0,Abnormal long stop,272,88,18.99047757195452,22.23540929970189,2.5645224280454784,-0.6804092997018891
2022,8,Azerbaijan Grand Prix,Baku City Circuit,latifi,3,1,29.395,williams,+1 Lap,0,0,unknown,0,0,0,0,1,0.11764705882352941,1,0,28.6684,0,1,0,0,Abnormal long stop,271,88,18.841927840022873,21.55954893199368,10.553072159977127,7.835451068006318
2022,8,Azerbaijan Grand Prix,Baku City Circuit,latifi,17,2,22.069,williams,+1 Lap,0,0,unknown,0,0,0,0,1,0.11764705882352941,1,0,28.6684,0,1,0,0,Abnormal long stop,271,88,18.841927840022873,21.74101474845828,3.2270721599771264,0.327985251541719
2022,8,Azerbaijan Grand Prix,Baku City Circuit,leclerc,9,1,23.212,ferrari,Power Unit,0,0,unknown,0,0,0,0,1,0.11764705882352941,1,0,28.6684,0,1,0,0,Abnormal long stop,259,88,17.62006318913878,21.012120403071375,5.59193681086122,2.199879596928625
2022,8,Azerbaijan Grand Prix,Baku City Circuit,maxverstappen,18,1,21.468,red_bull,Finished,0,0,unknown,0,0,0,0,1,0.11764705882352941,1,0,28.6684,0,1,0,0,Abnormal long stop,292,88,17.54293291083217,20.741460355971956,3.925067089167829,0.726539644028044
2022,8,Azerbaijan Grand Prix,Baku City Circuit,maxverstappen,33,2,20.722,red_bull,Finished,0,0,unknown,0,0,0,0,1,0.11764705882352941,1,0,28.6684,0,1,0,0,Abnormal long stop,292,88,17.54293291083217,20.925062059616593,3.1790670891678303,-0.20306205961659174
2022,8,Azerbaijan Grand Prix,Baku City Circuit,mickschumacher,9,1,26.973,haas,+1 Lap,0,0,unknown,0,0,0,0,1,0.11764705882352941,1,0,28.6684,0,1,0,0,Abnormal long stop,272,88,18.99047757195452,22.23540929970189,7.982522428045478,4.73759070029811
2022,8,Azerbaijan Grand Prix,Baku City Circuit,mickschumacher,23,2,22.231,haas,+1 Lap,0,0,unknown,0,0,0,0,1,0.11764705882352941,1,0,28.6684,0,1,0,0,Abnormal long stop,272,88,18.99047757195452,22.41687511616649,3.2405224280454803,-0.1858751161664891
2022,8,Azerbaijan Grand Prix,Baku City Circuit,norris,20,1,21.443,mclaren,Finished,0,0,unknown,0,0,0,0,1,0.11764705882352941,1,0,28.6684,0,1,0,0,Abnormal long stop,270,88,17.593658568548378,21.204834488763698,3.8493414314516237,0.23816551123630347
2022,8,Azerbaijan Grand Prix,Baku City Circuit,ocon,33,1,22.638,alpine,Finished,0,0,unknown,0,0,0,0,1,0.11764705882352941,1,0,28.6684,0,1,0,0,Abnormal long stop,249,88,17.812415605336966,21.610066750596037,4.825584394663036,1.027933249403965
2022,8,Azerbaijan Grand Prix,Baku City Circuit,perez,16,1,23.379,red_bull,Finished,0,0,unknown,0,0,0,0,1,0.11764705882352941,1,0,28.6684,0,1,0,0,Abnormal long stop,292,88,17.54293291083217,20.73718858161189,5.83606708916783,2.6418114183881123
2022,8,Azerbaijan Grand Prix,Baku City Circuit,perez,33,2,22.349,red_bull,Finished,0,0,unknown,0,0,0,0,1,0.11764705882352941,1,0,28.6684,0,1,0,0,Abnormal long stop,292,88,17.54293291083217,20.925062059616593,4.806067089167829,1.4239379403834072
2022,8,Azerbaijan Grand Prix,Baku City Circuit,ricciardo,33,1,21.794,mclaren,Finished,0,0,unknown,0,0,0,0,1,0.11764705882352941,1,0,28.6684,0,1,0,0,Abnormal long stop,270,88,17.593658568548378,21.232601022104138,4.200341431451623,0.5613989778958626
2022,8,Azerbaijan Grand Prix,Baku City Circuit,russell,9,1,20.538,mercedes,Finished,0,0,unknown,0,0,0,0,1,0.11764705882352941,1,0,28.6684,0,1,0,0,Abnormal long stop,278,88,17.99109826151794,21.281387874748557,2.5469017384820596,-0.7433878747485565
2022,8,Azerbaijan Grand Prix,Baku City Circuit,russell,33,2,20.527,mercedes,Finished,0,0,unknown,0,0,0,0,1,0.11764705882352941,1,0,28.6684,0,1,0,0,Abnormal long stop,278,88,17.99109826151794,21.4842125630135,2.5359017384820604,-0.9572125630134991
2022,8,Azerbaijan Grand Prix,Baku City Circuit,stroll,30,1,22.059,aston_martin,Vibrations,0,0,unknown,0,0,0,0,1,0.11764705882352941,1,0,28.6684,0,1,0,0,Abnormal long stop,271,88,17.807958979157625,21.39680831416767,4.251041020842376,0.6621916858323296
2022,8,Azerbaijan Grand Prix,Baku City Circuit,tsunoda,9,1,23.083,alphatauri,+1 Lap,0,0,unknown,0,0,0,0,1,0.11764705882352941,1,0,28.6684,0,1,0,0,Abnormal long stop,202,88,17.330279238688323,21.140528319798314,5.752720761311675,1.9424716802016846
2022,8,Azerbaijan Grand Prix,Baku City Circuit,tsunoda,38,2,41.5,alphatauri,+1 Lap,0,0,unknown,0,0,0,0,1,0.11764705882352941,1,0,28.6684,0,1,0,0,Abnormal long stop,202,88,17.330279238688323,21.354032443963426,24.169720761311677,20.145967556036574
2022,8,Azerbaijan Grand Prix,Baku City Circuit,vettel,9,1,20.249,aston_martin,Finished,0,0,unknown,0,0,0,0,1,0.11764705882352941,1,0,28.6684,0,1,0,0,Abnormal long stop,271,88,17.807958979157625,21.35195468338696,2.4410410208423734,-1.1029546833869617
2022,8,Azerbaijan Grand Prix,Baku City Circuit,zhou,9,1,23.001,alfa,Hydraulics,0,0,unknown,0,0,0,0,1,0.11764705882352941,1,0,28.6684,0,1,0,0,Abnormal long stop,194,88,17.786874445921978,21.57627223928174,5.214125554078024,1.4247277607182625
2022,9,Canadian Grand Prix,Circuit Gilles Villeneuve,albon,18,1,23.804,williams,Finished,0,0,unknown,0,0,0,0,1,0.18571428571428572,1,0,33.736599999999996,0,1,0,0,Abnormal long stop,271,106,27.11604853619839,26.36362207601985,-3.312048536198393,-2.5596220760198527
2022,9,Canadian Grand Prix,Circuit Gilles Villeneuve,albon,48,2,23.53,williams,Finished,0,0,unknown,0,0,0,0,1,0.18571428571428572,1,0,33.736599999999996,0,1,0,0,Abnormal long stop,271,106,27.11604853619839,26.579262087364995,-3.5860485361983905,-3.049262087364994
2022,9,Canadian Grand Prix,Circuit Gilles Villeneuve,alonso,28,1,23.779,alpine,Finished,0,0,unknown,0,0,0,0,1,0.18571428571428572,1,0,33.736599999999996,0,1,0,0,Abnormal long stop,249,106,26.086536301512485,26.371422151021523,-2.307536301512485,-2.5924221510215233
2022,9,Canadian Grand Prix,Circuit Gilles Villeneuve,alonso,49,2,25.139,alpine,Finished,0,0,unknown,0,0,0,0,1,0.18571428571428572,1,0,33.736599999999996,0,1,0,0,Abnormal long stop,249,106,26.086536301512485,26.567839177746368,-0.9475363015124856,-1.4288391777463687
2022,9,Canadian Grand Prix,Circuit Gilles Villeneuve,bottas,49,1,26.089,alfa,Finished,0,0,unknown,0,0,0,0,1,0.18571428571428572,1,0,33.736599999999996,0,1,0,0,Abnormal long stop,194,106,26.060995142097493,26.433742562808753,0.02800485790250562,-0.34474256280875437
2022,9,Canadian Grand Prix,Circuit Gilles Villeneuve,gasly,5,1,23.557,alphatauri,Finished,0,0,unknown,0,0,0,0,1,0.18571428571428572,1,0,33.736599999999996,0,1,0,0,Abnormal long stop,202,106,25.604399934863842,25.90401960740384,-2.0473999348638436,-2.3470196074038405
2022,9,Canadian Grand Prix,Circuit Gilles Villeneuve,gasly,36,2,23.613,alphatauri,Finished,0,0,unknown,0,0,0,0,1,0.18571428571428572,1,0,33.736599999999996,0,1,0,0,Abnormal long stop,202,106,25.604399934863842,26.12179550592902,-1.9913999348638427,-2.508795505929019
2022,9,Canadian Grand Prix,Circuit Gilles Villeneuve,hamilton,9,1,23.845,mercedes,Finished,0,0,unknown,0,0,0,0,1,0.18571428571428572,1,0,33.736599999999996,0,1,0,0,Abnormal long stop,278,106,26.265218957693456,26.053422711074216,-2.420218957693457,-2.208422711074217
2022,9,Canadian Grand Prix,Circuit Gilles Villeneuve,hamilton,44,2,23.841,mercedes,Finished,0,0,unknown,0,0,0,0,1,0.18571428571428572,1,0,33.736599999999996,0,1,0,0,Abnormal long stop,278,106,26.265218957693456,26.279742158319532,-2.424218957693455,-2.4387421583195312
2022,9,Canadian Grand Prix,Circuit Gilles Villeneuve,kevinmagnussen,7,1,38.262,haas,Finished,0,0,unknown,0,0,0,0,1,0.18571428571428572,1,0,33.736599999999996,0,1,0,0,Abnormal long stop,272,106,27.264598268130037,27.00317236166748,10.997401731869964,11.25882763833252
2022,9,Canadian Grand Prix,Circuit Gilles Villeneuve,latifi,9,1,24.02,williams,Finished,0,0,unknown,0,0,0,0,1,0.18571428571428572,1,0,33.736599999999996,0,1,0,0,Abnormal long stop,271,106,27.11604853619839,26.344399091399545,-3.096048536198392,-2.3243990913995454
2022,9,Canadian Grand Prix,Circuit Gilles Villeneuve,latifi,37,2,30.034,williams,Finished,0,0,unknown,0,0,0,0,1,0.18571428571428572,1,0,33.736599999999996,0,1,0,0,Abnormal long stop,271,106,27.11604853619839,26.555767328384622,2.9179514638016073,3.478232671615377
2022,9,Canadian Grand Prix,Circuit Gilles Villeneuve,leclerc,41,1,26.199,ferrari,Finished,0,0,unknown,0,0,0,0,1,0.18571428571428572,1,0,33.736599999999996,0,1,0,0,Abnormal long stop,259,106,25.894183885314295,25.85250362915812,0.3048161146857069,0.34649637084188
2022,9,Canadian Grand Prix,Circuit Gilles Villeneuve,maxverstappen,9,1,24.217,red_bull,Finished,0,0,unknown,0,0,0,0,1,0.18571428571428572,1,0,33.736599999999996,0,1,0,0,Abnormal long stop,292,106,25.817053607007686,25.49427220767731,-1.6000536070076876,-1.27727220767731
2022,9,Canadian Grand Prix,Circuit Gilles Villeneuve,maxverstappen,43,2,23.704,red_bull,Finished,0,0,unknown,0,0,0,0,1,0.18571428571428572,1,0,33.736599999999996,0,1,0,0,Abnormal long stop,292,106,25.817053607007686,25.718455767742594,-2.1130536070076857,-2.014455767742593
2022,9,Canadian Grand Prix,Circuit Gilles Villeneuve,norris,19,1,43.032,mclaren,Finished,0,0,unknown,0,0,0,0,1,0.18571428571428572,1,0,33.736599999999996,0,1,0,0,Abnormal long stop,270,106,25.867779264723893,25.97473343790932,17.164220735276103,17.057266562090675
2022,9,Canadian Grand Prix,Circuit Gilles Villeneuve,norris,42,2,24.134,mclaren,Finished,0,0,unknown,0,0,0,0,1,0.18571428571428572,1,0,33.736599999999996,0,1,0,0,Abnormal long stop,270,106,25.867779264723893,26.17542223899423,-1.7337792647238928,-2.0414222389942296
2022,9,Canadian Grand Prix,Circuit Gilles Villeneuve,ocon,19,1,25.684,alpine,Finished,0,0,unknown,0,0,0,0,1,0.18571428571428572,1,0,33.736599999999996,0,1,0,0,Abnormal long stop,249,106,26.086536301512485,26.35219916640122,-0.4025363015124839,-0.6681991664012195
2022,9,Canadian Grand Prix,Circuit Gilles Villeneuve,ocon,49,2,23.945,alpine,Finished,0,0,unknown,0,0,0,0,1,0.18571428571428572,1,0,33.736599999999996,0,1,0,0,Abnormal long stop,249,106,26.086536301512485,26.567839177746368,-2.1415363015124846,-2.6228391777463678
2022,9,Canadian Grand Prix,Circuit Gilles Villeneuve,ricciardo,19,1,27.937,mclaren,Finished,0,0,unknown,0,0,0,0,1,0.18571428571428572,1,0,33.736599999999996,0,1,0,0,Abnormal long stop,270,106,25.867779264723893,25.97473343790932,2.069220735276108,1.9622665620906794
2022,9,Canadian Grand Prix,Circuit Gilles Villeneuve,ricciardo,49,2,24.833,mclaren,Finished,0,0,unknown,0,0,0,0,1,0.18571428571428572,1,0,33.736599999999996,0,1,0,0,Abnormal long stop,270,106,25.867779264723893,26.19037344925447,-1.0347792647238947,-1.357373449254471
2022,9,Canadian Grand Prix,Circuit Gilles Villeneuve,russell,19,1,23.951,mercedes,Finished,0,0,unknown,0,0,0,0,1,0.18571428571428572,1,0,33.736599999999996,0,1,0,0,Abnormal long stop,278,106,26.265218957693456,26.074781582874557,-2.3142189576934555,-2.1237815828745568
2022,9,Canadian Grand Prix,Circuit Gilles Villeneuve,russell,45,2,24.069,mercedes,Finished,0,0,unknown,0,0,0,0,1,0.18571428571428572,1,0,33.736599999999996,0,1,0,0,Abnormal long stop,278,106,26.265218957693456,26.281878045499568,-2.196218957693457,-2.2128780454995685
2022,9,Canadian Grand Prix,Circuit Gilles Villeneuve,sainz,20,1,24.215,ferrari,Finished,0,0,unknown,0,0,0,0,1,0.18571428571428572,1,0,33.736599999999996,0,1,0,0,Abnormal long stop,259,106,25.894183885314295,25.807649998377407,-1.6791838853142949,-1.5926499983774072
2022,9,Canadian Grand Prix,Circuit Gilles Villeneuve,sainz,49,2,24.881,ferrari,Finished,0,0,unknown,0,0,0,0,1,0.18571428571428572,1,0,33.736599999999996,0,1,0,0,Abnormal long stop,259,106,25.894183885314295,26.021154122542523,-1.0131838853142945,-1.1401541225425227
2022,9,Canadian Grand Prix,Circuit Gilles Villeneuve,stroll,47,1,25.252,aston_martin,Finished,0,0,unknown,0,0,0,0,1,0.18571428571428572,1,0,33.736599999999996,0,1,0,0,Abnormal long stop,271,106,26.08207967533314,26.20515323255391,-0.8300796753331419,-0.9531532325539125
2022,9,Canadian Grand Prix,Circuit Gilles Villeneuve,tsunoda,9,1,23.248,alphatauri,Accident,1,0,unknown,0,0,0,0,1,0.18571428571428572,1,0,33.736599999999996,0,1,0,0,Possible damage/crash race,202,106,25.604399934863842,27.376478951611034,-2.356399934863841,-4.128478951611033
2022,9,Canadian Grand Prix,Circuit Gilles Villeneuve,tsunoda,47,2,23.45,alphatauri,Accident,1,0,unknown,0,0,0,0,1,0.18571428571428572,1,0,33.736599999999996,0,1,0,0,Possible damage/crash race,202,106,25.604399934863842,27.609206060396456,-2.154399934863843,-4.159206060396457
2022,9,Canadian Grand Prix,Circuit Gilles Villeneuve,vettel,5,1,23.406,aston_martin,Finished,0,0,unknown,0,0,0,0,1,0.18571428571428572,1,0,33.736599999999996,0,1,0,0,Abnormal long stop,271,106,26.08207967533314,26.115445970992486,-2.676079675333142,-2.709445970992487
2022,9,Canadian Grand Prix,Circuit Gilles Villeneuve,vettel,19,2,23.681,aston_martin,Finished,0,0,unknown,0,0,0,0,1,0.18571428571428572,1,0,33.736599999999996,0,1,0,0,Abnormal long stop,271,106,26.08207967533314,26.296911787457088,-2.40107967533314,-2.6159117874570867
2022,9,Canadian Grand Prix,Circuit Gilles Villeneuve,zhou,19,1,24.281,alfa,Finished,0,0,unknown,0,0,0,0,1,0.18571428571428572,1,0,33.736599999999996,0,1,0,0,Abnormal long stop,194,106,26.060995142097493,26.369665947407736,-1.7799951420974942,-2.088665947407737
2022,9,Canadian Grand Prix,Circuit Gilles Villeneuve,zhou,49,2,23.98,alfa,Finished,0,0,unknown,0,0,0,0,1,0.18571428571428572,1,0,33.736599999999996,0,1,0,0,Abnormal long stop,194,106,26.060995142097493,26.585305958752883,-2.0809951420974926,-2.605305958752883
2022,11,Austrian Grand Prix,Red Bull Ring,albon,11,1,22.301,williams,+1 Lap,0,0,unknown,0,0,0,0,1,0.056338028169014086,1,0,27.61,0,1,0,0,Abnormal long stop,271,192,23.098543412353578,23.37611861966403,-0.7975434123535798,-1.0751186196640319
2022,11,Austrian Grand Prix,Red Bull Ring,albon,41,2,22.122,williams,+1 Lap,0,0,unknown,0,0,0,0,1,0.056338028169014086,1,0,27.61,0,1,0,0,Abnormal long stop,271,192,23.098543412353578,23.591758631009178,-0.9765434123535783,-1.469758631009178
2022,11,Austrian Grand Prix,Red Bull Ring,alonso,27,1,21.552,alpine,+1 Lap,0,0,unknown,0,0,0,0,1,0.056338028169014086,1,0,27.61,0,1,0,0,Abnormal long stop,249,192,22.069031177667675,23.396734017745914,-0.5170311776676755,-1.844734017745914
2022,11,Austrian Grand Prix,Red Bull Ring,alonso,57,2,21.827,alpine,+1 Lap,0,0,unknown,0,0,0,0,1,0.056338028169014086,1,0,27.61,0,1,0,0,Abnormal long stop,249,192,22.069031177667675,23.612374029091058,-0.24203117766767335,-1.7853740290910558
2022,11,Austrian Grand Prix,Red Bull Ring,alonso,58,3,24.252,alpine,+1 Lap,0,0,unknown,0,0,0,0,1,0.056338028169014086,1,0,27.61,0,1,0,0,Abnormal long stop,249,192,22.069031177667675,24.09623479852139,2.182968822332324,0.15576520147860862
2022,11,Austrian Grand Prix,Red Bull Ring,bottas,6,1,24.677,alfa,+1 Lap,0,0,unknown,0,0,0,0,1,0.056338028169014086,1,0,27.61,0,1,0,0,Abnormal long stop,194,192,22.043490018252683,23.369347167971714,2.6335099817473164,1.3076528320282854
2022,11,Austrian Grand Prix,Red Bull Ring,bottas,39,2,22.278,alfa,+1 Lap,0,0,unknown,0,0,0,0,1,0.056338028169014086,1,0,27.61,0,1,0,0,Abnormal long stop,194,192,22.043490018252683,23.59139484085696,0.23450998174731552,-1.3133948408569616
2022,11,Austrian Grand Prix,Red Bull Ring,gasly,12,1,22.724,alphatauri,+1 Lap,0,0,unknown,0,0,0,0,1,0.056338028169014086,1,0,27.61,0,1,0,0,Abnormal long stop,202,192,21.586894811019032,22.946418571568493,1.1371051889809678,-0.2224185715684932
2022,11,Austrian Grand Prix,Red Bull Ring,gasly,40,2,27.61,alphatauri,+1 Lap,0,0,unknown,0,0,0,0,1,0.056338028169014086,1,0,27.61,0,1,0,0,Abnormal long stop,202,192,21.586894811019032,23.157786808553574,6.023105188980967,4.452213191446425
2022,11,Austrian Grand Prix,Red Bull Ring,hamilton,28,1,23.026,mercedes,Finished,0,0,unknown,0,0,0,0,1,0.056338028169014086,1,0,27.61,0,1,0,0,Abnormal long stop,278,192,22.24771383384865,23.12145232139928,0.77828616615135,-0.09545232139927862
2022,11,Austrian Grand Prix,Red Bull Ring,hamilton,51,2,22.697,mercedes,Finished,0,0,unknown,0,0,0,0,1,0.056338028169014086,1,0,27.61,0,1,0,0,Abnormal long stop,278,192,22.24771383384865,23.322141122484187,0.4492861661513494,-0.6251411224841874
2022,11,Austrian Grand Prix,Red Bull Ring,kevinmagnussen,15,1,22.205,haas,+1 Lap,0,0,unknown,0,0,0,0,1,0.056338028169014086,1,0,27.61,0,1,0,0,Abnormal long stop,272,192,23.247093144285227,24.04770721301217,-1.0420931442852286,-1.8427072130121722
2022,11,Austrian Grand Prix,Red Bull Ring,kevinmagnussen,41,2,22.088,haas,+1 Lap,0,0,unknown,0,0,0,0,1,0.056338028169014086,1,0,27.61,0,1,0,0,Abnormal long stop,272,192,23.247093144285227,24.254803675637184,-1.159093144285226,-2.1668036756371833
2022,11,Austrian Grand Prix,Red Bull Ring,latifi,12,1,21.722,williams,Undertray,0,0,unknown,0,0,0,0,1,0.056338028169014086,1,0,27.61,0,1,0,0,Abnormal long stop,271,192,23.098543412353578,23.378254506844065,-1.376543412353577,-1.6562545068440642
2022,11,Austrian Grand Prix,Red Bull Ring,latifi,35,2,21.206,williams,Undertray,0,0,unknown,0,0,0,0,1,0.056338028169014086,1,0,27.61,0,1,0,0,Abnormal long stop,271,192,23.098543412353578,23.578943307928974,-1.8925434123535787,-2.372943307928974
2022,11,Austrian Grand Prix,Red Bull Ring,leclerc,26,1,21.532,ferrari,Finished,0,0,unknown,0,0,0,0,1,0.056338028169014086,1,0,27.61,0,1,0,0,Abnormal long stop,259,192,21.876678761469485,22.847913075362033,-0.34467876146948484,-1.3159130753620332
2022,11,Austrian Grand Prix,Red Bull Ring,leclerc,49,2,21.319,ferrari,Finished,0,0,unknown,0,0,0,0,1,0.056338028169014086,1,0,27.61,0,1,0,0,Abnormal long stop,259,192,21.876678761469485,23.048601876446938,-0.5576787614694858,-1.7296018764469387
2022,11,Austrian Grand Prix,Red Bull Ring,leclerc,58,3,21.65,ferrari,Finished,0,0,unknown,0,0,0,0,1,0.056338028169014086,1,0,27.61,0,1,0,0,Abnormal long stop,259,192,21.876678761469485,23.549549743317545,-0.2266787614694863,-1.8995497433175466
2022,11,Austrian Grand Prix,Red Bull Ring,maxverstappen,13,1,22.022,red_bull,Finished,0,0,unknown,0,0,0,0,1,0.056338028169014086,1,0,27.61,0,1,0,0,Abnormal long stop,292,192,21.799548483162877,22.530263510301868,0.22245151683712194,-0.5082635103018696
2022,11,Austrian Grand Prix,Red Bull Ring,maxverstappen,36,2,21.444,red_bull,Finished,0,0,unknown,0,0,0,0,1,0.056338028169014086,1,0,27.61,0,1,0,0,Abnormal long stop,292,192,21.799548483162877,22.730952311386773,-0.35554848316287746,-1.2869523113867736
2022,11,Austrian Grand Prix,Red Bull Ring,maxverstappen,58,3,21.319,red_bull,Finished,0,0,unknown,0,0,0,0,1,0.056338028169014086,1,0,27.61,0,1,0,0,Abnormal long stop,292,192,21.799548483162877,23.25966671159782,-0.48054848316287746,-1.940666711597821
2022,11,Austrian Grand Prix,Red Bull Ring,mickschumacher,16,1,22.12,haas,+1 Lap,0,0,unknown,0,0,0,0,1,0.056338028169014086,1,0,27.61,0,1,0,0,Abnormal long stop,272,192,23.247093144285227,24.049843100192206,-1.127093144285226,-1.9298431001922047
2022,11,Austrian Grand Prix,Red Bull Ring,mickschumacher,43,2,22.88,haas,+1 Lap,0,0,unknown,0,0,0,0,1,0.056338028169014086,1,0,27.61,0,1,0,0,Abnormal long stop,272,192,23.247093144285227,24.259075449997248,-0.3670931442852279,-1.3790754499972486
2022,11,Austrian Grand Prix,Red Bull Ring,norris,14,1,22.684,mclaren,+1 Lap,0,0,unknown,0,0,0,0,1,0.056338028169014086,1,0,27.61,0,1,0,0,Abnormal long stop,270,192,21.850274140879083,22.99150175591357,0.8337258591209178,-0.3075017559135702
2022,11,Austrian Grand Prix,Red Bull Ring,norris,43,2,27.324,mclaren,+1 Lap,0,0,unknown,0,0,0,0,1,0.056338028169014086,1,0,27.61,0,1,0,0,Abnormal long stop,270,192,21.850274140879083,23.205005880078684,5.473725859120918,4.118994119921318
2022,11,Austrian Grand Prix,Red Bull Ring,ocon,16,1,21.755,alpine,Finished,0,0,unknown,0,0,0,0,1,0.056338028169014086,1,0,27.61,0,1,0,0,Abnormal long stop,249,192,22.069031177667675,23.373239258765537,-0.3140311776676761,-1.6182392587655379
2022,11,Austrian Grand Prix,Red Bull Ring,ocon,44,2,22.109,alpine,Finished,0,0,unknown,0,0,0,0,1,0.056338028169014086,1,0,27.61,0,1,0,0,Abnormal long stop,249,192,22.069031177667675,23.584607495750614,0.03996882233232668,-1.4756074957506122
2022,11,Austrian Grand Prix,Red Bull Ring,ricciardo,12,1,21.356,mclaren,+1 Lap,0,0,unknown,0,0,0,0,1,0.056338028169014086,1,0,27.61,0,1,0,0,Abnormal long stop,270,192,21.850274140879083,22.987229981553504,-0.4942741408790816,-1.6312299815535027
2022,11,Austrian Grand Prix,Red Bull Ring,ricciardo,44,2,21.889,mclaren,+1 Lap,0,0,unknown,0,0,0,0,1,0.056338028169014086,1,0,27.61,0,1,0,0,Abnormal long stop,270,192,21.850274140879083,23.207141767258715,0.038725859120916084,-1.318141767258716
2022,11,Austrian Grand Prix,Red Bull Ring,russell,11,1,38.201,mercedes,Finished,0,0,unknown,0,0,0,0,1,0.056338028169014086,1,0,27.61,0,1,0,0,Abnormal long stop,278,192,22.24771383384865,23.0851422393387,15.95328616615135,15.1158577606613
2022,11,Austrian Grand Prix,Red Bull Ring,russell,40,2,21.731,mercedes,Finished,0,0,unknown,0,0,0,0,1,0.056338028169014086,1,0,27.61,0,1,0,0,Abnormal long stop,278,192,22.24771383384865,23.298646363503813,-0.5167138338486481,-1.5676463635038118
2022,11,Austrian Grand Prix,Red Bull Ring,sainz,27,1,21.212,ferrari,Power Unit,0,0,unknown,0,0,0,0,1,0.056338028169014086,1,0,27.61,0,1,0,0,Abnormal long stop,259,192,21.876678761469485,22.850048962542065,-0.6646787614694851,-1.6380489625420651
2022,11,Austrian Grand Prix,Red Bull Ring,sainz,50,2,21.492,ferrari,Power Unit,0,0,unknown,0,0,0,0,1,0.056338028169014086,1,0,27.61,0,1,0,0,Abnormal long stop,259,192,21.876678761469485,23.050737763626973,-0.384678761469484,-1.5587377636269721
2022,11,Austrian Grand Prix,Red Bull Ring,stroll,29,1,21.431,aston_martin,+1 Lap,0,0,unknown,0,0,0,0,1,0.056338028169014086,1,0,27.61,0,1,0,0,Abnormal long stop,271,192,22.06457455148833,23.194155017217717,-0.63357455148833,-1.7631550172177164
2022,11,Austrian Grand Prix,Red Bull Ring,stroll,48,2,21.952,aston_martin,+1 Lap,0,0,unknown,0,0,0,0,1,0.056338028169014086,1,0,27.61,0,1,0,0,Abnormal long stop,271,192,22.06457455148833,23.38630026958249,-0.11257455148832918,-1.43430026958249
2022,11,Austrian Grand Prix,Red Bull Ring,tsunoda,26,1,21.749,alphatauri,+1 Lap,0,0,unknown,0,0,0,0,1,0.056338028169014086,1,0,27.61,0,1,0,0,Abnormal long stop,202,192,21.586894811019032,22.97632099208897,0.16210518898096637,-1.2273209920889698
2022,11,Austrian Grand Prix,Red Bull Ring,tsunoda,46,2,21.519,alphatauri,+1 Lap,0,0,unknown,0,0,0,0,1,0.056338028169014086,1,0,27.61,0,1,0,0,Abnormal long stop,202,192,21.586894811019032,23.17060213163378,-0.06789481101903405,-1.65160213163378
2022,11,Austrian Grand Prix,Red Bull Ring,vettel,20,1,22.112,aston_martin,+1 Lap,0,0,unknown,0,0,0,0,1,0.056338028169014086,1,0,27.61,0,1,0,0,Abnormal long stop,271,192,22.06457455148833,23.17493203259741,0.04742544851166741,-1.0629320325974128
2022,11,Austrian Grand Prix,Red Bull Ring,vettel,44,2,21.583,aston_martin,+1 Lap,0,0,unknown,0,0,0,0,1,0.056338028169014086,1,0,27.61,0,1,0,0,Abnormal long stop,271,192,22.06457455148833,23.377756720862358,-0.4815745514883325,-1.7947567208623596
2022,11,Austrian Grand Prix,Red Bull Ring,zhou,24,1,22.704,alfa,+1 Lap,0,0,unknown,0,0,0,0,1,0.056338028169014086,1,0,27.61,0,1,0,0,Abnormal long stop,194,192,22.043490018252683,23.407793137212327,0.6605099817473175,-0.7037931372123261
2022,11,Austrian Grand Prix,Red Bull Ring,zhou,46,2,28.86,alfa,+1 Lap,0,0,unknown,0,0,0,0,1,0.056338028169014086,1,0,27.61,0,1,0,0,Abnormal long stop,194,192,22.043490018252683,23.6063460511172,6.816509981747316,5.2536539488828
2022,12,French Grand Prix,Circuit Paul Ricard,albon,18,1,37.38,williams,Finished,0,0,unknown,0,0,0,0,1,0.09433962264150944,1,0,44.25599999999999,0,1,0,0,Abnormal long stop,271,47,35.557834767252345,35.260093496268496,1.8221652327476576,2.1199065037315066
2022,12,French Grand Prix,Circuit Paul Ricard,alonso,18,1,36.524,alpine,Finished,0,0,unknown,0,0,0,0,1,0.09433962264150944,1,0,44.25599999999999,0,1,0,0,Abnormal long stop,249,47,34.52832253256644,35.246534699469834,1.9956774674335591,1.2774653005301673
2022,12,French Grand Prix,Circuit Paul Ricard,bottas,18,1,37.855,alfa,Finished,0,0,unknown,0,0,0,0,1,0.09433962264150944,1,0,44.25599999999999,0,1,0,0,Abnormal long stop,194,47,34.50278137315145,35.264001480476345,3.352218626848547,2.5909985195236516
2022,12,French Grand Prix,Circuit Paul Ricard,bottas,36,2,36.52,alfa,Finished,0,0,unknown,0,0,0,0,1,0.09433962264150944,1,0,44.25599999999999,0,1,0,0,Abnormal long stop,194,47,34.50278137315145,35.45401084566108,2.0172186268485532,1.0659891543389222
2022,12,French Grand Prix,Circuit Paul Ricard,gasly,18,1,35.969,alphatauri,Finished,0,0,unknown,0,0,0,0,1,0.09433962264150944,1,0,44.25599999999999,0,1,0,0,Abnormal long stop,202,47,34.046186165917796,34.828257560992924,1.9228138340822056,1.1407424390070773
2022,12,French Grand Prix,Circuit Paul Ricard,hamilton,18,1,37.189,mercedes,Finished,0,0,unknown,0,0,0,0,1,0.09433962264150944,1,0,44.25599999999999,0,1,0,0,Abnormal long stop,278,47,34.70700518874742,34.96911711594316,2.4819948112525836,2.2198828840568368
2022,12,French Grand Prix,Circuit Paul Ricard,kevinmagnussen,8,1,36.779,haas,Collision damage,1,0,unknown,0,0,0,0,1,0.09433962264150944,1,0,44.25599999999999,0,1,0,0,Possible damage/crash race,272,47,35.706384499184,37.365695464583226,1.0726155008160063,-0.5866954645832223
2022,12,French Grand Prix,Circuit Paul Ricard,kevinmagnussen,18,2,36.403,haas,Collision damage,1,0,unknown,0,0,0,0,1,0.09433962264150944,1,0,44.25599999999999,0,1,0,0,Possible damage/crash race,272,47,35.706384499184,37.53861773232769,0.6966155008160015,-1.1356177323276881
2022,12,French Grand Prix,Circuit Paul Ricard,latifi,19,1,37.497,williams,Collision damage,1,0,unknown,0,0,0,0,1,0.09433962264150944,1,0,44.25599999999999,0,1,0,0,Possible damage/crash race,271,47,35.557834767252345,36.72614517893559,1.939165232747655,0.77085482106441106
2022,12,French Grand Prix,Circuit Paul Ricard,latifi,38,2,36.942,williams,Collision damage,1,0,unknown,0,0,0,0,1,0.09433962264150944,1,0,44.25599999999999,0,1,0,0,Possible damage/crash race,271,47,35.557834767252345,36.91829043130036,1.3841652327476552,0.023709568699636918
2022,12,French Grand Prix,Circuit Paul Ricard,maxverstappen,16,1,35.266,red_bull,Finished,0,0,unknown,0,0,0,0,1,0.09433962264150944,1,0,44.25599999999999,0,1,0,0,Abnormal long stop,292,47,34.25883983806165,34.40569483818619,1.0071601619383515,0.8603051618138053
2022,12,French Grand Prix,Circuit Paul Ricard,mickschumacher,9,1,36.704,haas,Finished,0,0,unknown,0,0,0,0,1,0.09433962264150944,1,0,44.25599999999999,0,1,0,0,Abnormal long stop,272,47,35.706384499184,35.90391555627619,0.9976155008160035,0.8000844437238115
2022,12,French Grand Prix,Circuit Paul Ricard,mickschumacher,18,2,37.003,haas,Finished,0,0,unknown,0,0,0,0,1,0.09433962264150944,1,0,44.25599999999999,0,1,0,0,Abnormal long stop,272,47,35.706384499184,36.074701936840626,1.296615500816003,0.9282980631593745
2022,12,French Grand Prix,Circuit Paul Ricard,norris,18,1,37.539,mclaren,Finished,0,0,unknown,0,0,0,0,1,0.09433962264150944,1,0,44.25599999999999,0,1,0,0,Abnormal long stop,270,47,34.30956549577785,34.869068970977935,3.229434504222148,2.6699310290220666
2022,12,French Grand Prix,Circuit Paul Ricard,ocon,18,1,44.747,alpine,Finished,0,0,unknown,0,0,0,0,1,0.09433962264150944,1,0,44.25599999999999,0,1,0,0,Abnormal long stop,249,47,34.52832253256644,35.246534699469834,10.218677467433558,9.500465300530166
2022,12,French Grand Prix,Circuit Paul Ricard,perez,18,1,38.061,red_bull,Finished,0,0,unknown,0,0,0,0,1,0.09433962264150944,1,0,44.25599999999999,0,1,0,0,Abnormal long stop,292,47,34.25883983806165,34.409966612546256,3.802160161938353,3.6510333874537437
2022,12,French Grand Prix,Circuit Paul Ricard,ricciardo,18,1,36.264,mclaren,Finished,0,0,unknown,0,0,0,0,1,0.09433962264150944,1,0,44.25599999999999,0,1,0,0,Abnormal long stop,270,47,34.30956549577785,34.869068970977935,1.9544345042221494,1.394931029022068
2022,12,French Grand Prix,Circuit Paul Ricard,russell,18,1,38.277,mercedes,Finished,0,0,unknown,0,0,0,0,1,0.09433962264150944,1,0,44.25599999999999,0,1,0,0,Abnormal long stop,278,47,34.70700518874742,34.96911711594316,3.5699948112525846,3.3078828840568377
2022,12,French Grand Prix,Circuit Paul Ricard,sainz,18,1,41.458,ferrari,Finished,0,0,unknown,0,0,0,0,1,0.09433962264150944,1,0,44.25599999999999,0,1,0,0,Abnormal long stop,259,47,34.33597011636825,34.69984964426598,7.122029883631747,6.758150355734017
2022,12,French Grand Prix,Circuit Paul Ricard,sainz,42,2,42.292,ferrari,Finished,0,0,unknown,0,0,0,0,1,0.09433962264150944,1,0,44.25599999999999,0,1,0,0,Abnormal long stop,259,47,34.33597011636825,34.90267433253092,7.95602988363175,7.38932566746908
2022,12,French Grand Prix,Circuit Paul Ricard,stroll,18,1,39.844,aston_martin,Finished,0,0,unknown,0,0,0,0,1,0.09433962264150944,1,0,44.25599999999999,0,1,0,0,Abnormal long stop,271,47,34.5238659063871,35.03968392458157,5.3201340936129,4.804316075418434
2022,12,French Grand Prix,Circuit Paul Ricard,tsunoda,11,1,37.648,alphatauri,Undertray,0,0,unknown,0,0,0,0,1,0.09433962264150944,1,0,44.25599999999999,0,1,0,0,Abnormal long stop,202,47,34.046186165917796,34.81330635073268,3.6018138340822077,2.8346936492673223
2022,12,French Grand Prix,Circuit Paul Ricard,vettel,19,1,36.671,aston_martin,Finished,0,0,unknown,0,0,0,0,1,0.09433962264150944,1,0,44.25599999999999,0,1,0,0,Abnormal long stop,271,47,34.5238659063871,35.041819811761606,2.147134093612898,1.6291801882383936
2022,12,French Grand Prix,Circuit Paul Ricard,zhou,9,1,36.444,alfa,+6 Laps,0,0,unknown,0,0,0,0,1,0.09433962264150944,1,0,44.25599999999999,0,1,0,0,Abnormal long stop,194,47,34.50278137315145,35.24477849585604,1.9412186268485527,1.1992215041439636
2022,12,French Grand Prix,Circuit Paul Ricard,zhou,22,2,50.79,alfa,+6 Laps,0,0,unknown,0,0,0,0,1,0.09433962264150944,1,0,44.25599999999999,0,1,0,0,Abnormal long stop,194,47,34.50278137315145,35.4241084251406,16.28721862684855,15.365891574859397
2022,13,Hungarian Grand Prix,Hungaroring,albon,2,1,31.224,williams,+1 Lap,0,0,unknown,0,0,0,0,1,0.1,1,0,28.749049999999997,0,1,0,0,Abnormal long stop,271,133,20.774447420369427,23.32323415480041,10.449552579630573,7.90076584519959
2022,13,Hungarian Grand Prix,Hungaroring,albon,21,2,21.816,williams,+1 Lap,0,0,unknown,0,0,0,0,1,0.1,1,0,28.749049999999997,0,1,0,0,Abnormal long stop,271,133,20.774447420369427,23.51537940716518,1.0415525796305722,-1.699379407165182
2022,13,Hungarian Grand Prix,Hungaroring,albon,40,3,24.298,williams,+1 Lap,0,0,unknown,0,0,0,0,1,0.1,1,0,28.749049999999997,0,1,0,0,Abnormal long stop,271,133,20.774447420369427,24.037686145836126,3.5235525796305716,0.2603138541638721
2022,13,Hungarian Grand Prix,Hungaroring,alonso,21,1,22.083,alpine,+1 Lap,0,0,unknown,0,0,0,0,1,0.1,1,0,28.749049999999997,0,1,0,0,Abnormal long stop,249,133,19.744935185683524,23.35025721442239,2.338064814316475,-1.26725721442239
2022,13,Hungarian Grand Prix,Hungaroring,bottas,26,1,22.272,alfa,Power Unit,0,0,unknown,0,0,0,0,1,0.1,1,0,28.749049999999997,0,1,0,0,Abnormal long stop,194,133,19.71939402626853,23.378403431329073,2.552605973731467,-1.106403431329074
2022,13,Hungarian Grand Prix,Hungaroring,gasly,16,1,21.675,alphatauri,+1 Lap,0,0,unknown,0,0,0,0,1,0.1,1,0,28.749049999999997,0,1,0,0,Abnormal long stop,202,133,19.262798819034877,22.921300640045313,2.4122011809651234,-1.2463006400453125
2022,13,Hungarian Grand Prix,Hungaroring,gasly,46,2,21.489,alphatauri,+1 Lap,0,0,unknown,0,0,0,0,1,0.1,1,0,28.749049999999997,0,1,0,0,Abnormal long stop,202,133,19.262798819034877,23.136940651390457,2.2262011809651234,-1.6479406513904564
2022,13,Hungarian Grand Prix,Hungaroring,hamilton,19,1,21.699,mercedes,Finished,0,0,unknown,0,0,0,0,1,0.1,1,0,28.749049999999997,0,1,0,0,Abnormal long stop,278,133,19.923617841864495,23.068567856535658,1.775382158135507,-1.3695678565356566
2022,13,Hungarian Grand Prix,Hungaroring,hamilton,51,2,22.095,mercedes,Finished,0,0,unknown,0,0,0,0,1,0.1,1,0,28.749049999999997,0,1,0,0,Abnormal long stop,278,133,19.923617841864495,23.28847964224087,2.171382158135504,-1.1934796422408702
2022,13,Hungarian Grand Prix,Hungaroring,kevinmagnussen,6,1,29.641,haas,+1 Lap,0,0,unknown,0,0,0,0,1,0.1,1,0,28.749049999999997,0,1,0,0,Abnormal long stop,272,133,20.922997152301075,23.99482274814855,8.718002847698923,5.646177251851448
2022,13,Hungarian Grand Prix,Hungaroring,kevinmagnussen,35,2,23.21,haas,+1 Lap,0,0,unknown,0,0,0,0,1,0.1,1,0,28.749049999999997,0,1,0,0,Abnormal long stop,272,133,20.922997152301075,24.20832687231366,2.2870028476989255,-0.9983268723136582
2022,13,Hungarian Grand Prix,Hungaroring,kevinmagnussen,67,3,23.147,haas,+1 Lap,0,0,unknown,0,0,0,0,1,0.1,1,0,28.749049999999997,0,1,0,0,Abnormal long stop,272,133,20.922997152301075,24.758400144325044,2.224002847698923,-1.6114001443250459
2022,13,Hungarian Grand Prix,Hungaroring,latifi,18,1,21.865,williams,+1 Lap,0,0,unknown,0,0,0,0,1,0.1,1,0,28.749049999999997,0,1,0,0,Abnormal long stop,271,133,20.774447420369427,23.357408349680952,1.0905525796305717,-1.4924083496809537
2022,13,Hungarian Grand Prix,Hungaroring,latifi,39,2,22.452,williams,+1 Lap,0,0,unknown,0,0,0,0,1,0.1,1,0,28.749049999999997,0,1,0,0,Abnormal long stop,271,133,20.774447420369427,23.55382537640579,1.677552579630575,-1.1018253764057881
2022,13,Hungarian Grand Prix,Hungaroring,latifi,56,3,28.777,williams,+1 Lap,0,0,unknown,0,0,0,0,1,0.1,1,0,28.749049999999997,0,1,0,0,Abnormal long stop,271,133,20.774447420369427,24.07186034071667,8.002552579630574,4.705139659283333
2022,13,Hungarian Grand Prix,Hungaroring,leclerc,21,1,21.775,ferrari,Finished,0,0,unknown,0,0,0,0,1,0.1,1,0,28.749049999999997,0,1,0,0,Abnormal long stop,259,133,19.552582769485333,22.803572159218543,2.222417230514665,-1.0285721592185446
2022,13,Hungarian Grand Prix,Hungaroring,leclerc,39,2,21.972,ferrari,Finished,0,0,unknown,0,0,0,0,1,0.1,1,0,28.749049999999997,0,1,0,0,Abnormal long stop,259,133,19.552582769485333,22.993581524403282,2.419417230514668,-1.021581524403281
2022,13,Hungarian Grand Prix,Hungaroring,leclerc,54,3,21.544,ferrari,Finished,0,0,unknown,0,0,0,0,1,0.1,1,0,28.749049999999997,0,1,0,0,Abnormal long stop,259,133,19.552582769485333,23.50734471435409,1.9914172305146671,-1.9633447143540899
2022,13,Hungarian Grand Prix,Hungaroring,maxverstappen,16,1,21.351,red_bull,Finished,0,0,unknown,0,0,0,0,1,0.1,1,0,28.749049999999997,0,1,0,0,Abnormal long stop,292,133,19.475452491178725,22.50300969159865,1.875547508821274,-1.15200969159865
2022,13,Hungarian Grand Prix,Hungaroring,maxverstappen,38,2,21.228,red_bull,Finished,0,0,unknown,0,0,0,0,1,0.1,1,0,28.749049999999997,0,1,0,0,Abnormal long stop,292,133,19.475452491178725,22.701562605503526,1.7525475088212765,-1.473562605503524
2022,13,Hungarian Grand Prix,Hungaroring,mickschumacher,21,1,22.953,haas,+1 Lap,0,0,unknown,0,0,0,0,1,0.1,1,0,28.749049999999997,0,1,0,0,Abnormal long stop,272,133,20.922997152301075,24.026861055849057,2.030002847698924,-1.0738610558490578
2022,13,Hungarian Grand Prix,Hungaroring,mickschumacher,41,2,22.566,haas,+1 Lap,0,0,unknown,0,0,0,0,1,0.1,1,0,28.749049999999997,0,1,0,0,Abnormal long stop,272,133,20.922997152301075,24.221142195393863,1.6430028476989236,-1.6551421953938643
2022,13,Hungarian Grand Prix,Hungaroring,norris,14,1,23.567,mclaren,Finished,0,0,unknown,0,0,0,0,1,0.1,1,0,28.749049999999997,0,1,0,0,Abnormal long stop,270,133,19.52617814889493,22.957840275670254,4.040821851105068,0.6091597243297464
2022,13,Hungarian Grand Prix,Hungaroring,norris,42,2,21.855,mclaren,Finished,0,0,unknown,0,0,0,0,1,0.1,1,0,28.749049999999997,0,1,0,0,Abnormal long stop,270,133,19.52617814889493,23.169208512655334,2.3288218511050687,-1.314208512655334
2022,13,Hungarian Grand Prix,Hungaroring,ocon,23,1,23.581,alpine,+1 Lap,0,0,unknown,0,0,0,0,1,0.1,1,0,28.749049999999997,0,1,0,0,Abnormal long stop,249,133,19.744935185683524,23.354528988782455,3.836064814316476,0.22647101121754432
2022,13,Hungarian Grand Prix,Hungaroring,perez,18,1,21.118,red_bull,Finished,0,0,unknown,0,0,0,0,1,0.1,1,0,28.749049999999997,0,1,0,0,Abnormal long stop,292,133,19.475452491178725,22.507281465958716,1.6425475088212735,-1.3892814659587174
2022,13,Hungarian Grand Prix,Hungaroring,perez,42,2,21.167,red_bull,Finished,0,0,unknown,0,0,0,0,1,0.1,1,0,28.749049999999997,0,1,0,0,Abnormal long stop,292,133,19.475452491178725,22.71010615422366,1.6915475088212766,-1.5431061542236577
2022,13,Hungarian Grand Prix,Hungaroring,ricciardo,15,1,21.558,mclaren,+1 Lap,0,0,unknown,0,0,0,0,1,0.1,1,0,28.749049999999997,0,1,0,0,Abnormal long stop,270,133,19.52617814889493,22.959976162850285,2.031821851105068,-1.4019761628502856
2022,13,Hungarian Grand Prix,Hungaroring,ricciardo,46,2,21.521,mclaren,+1 Lap,0,0,unknown,0,0,0,0,1,0.1,1,0,28.749049999999997,0,1,0,0,Abnormal long stop,270,133,19.52617814889493,23.177752061375468,1.994821851105069,-1.6567520613754674
2022,13,Hungarian Grand Prix,Hungaroring,russell,16,1,22.763,mercedes,Finished,0,0,unknown,0,0,0,0,1,0.1,1,0,28.749049999999997,0,1,0,0,Abnormal long stop,278,133,19.923617841864495,23.062160194995556,2.839382158135507,-0.29916019499555446
2022,13,Hungarian Grand Prix,Hungaroring,russell,39,2,21.743,mercedes,Finished,0,0,unknown,0,0,0,0,1,0.1,1,0,28.749049999999997,0,1,0,0,Abnormal long stop,278,133,19.923617841864495,23.26284899608046,1.8193821581355039,-1.5198489960804622
2022,13,Hungarian Grand Prix,Hungaroring,sainz,17,1,22.82,ferrari,Finished,0,0,unknown,0,0,0,0,1,0.1,1,0,28.749049999999997,0,1,0,0,Abnormal long stop,259,133,19.552582769485333,22.795028610498406,3.267417230514667,0.024971389501594388
2022,13,Hungarian Grand Prix,Hungaroring,sainz,47,2,23.456,ferrari,Finished,0,0,unknown,0,0,0,0,1,0.1,1,0,28.749049999999997,0,1,0,0,Abnormal long stop,259,133,19.552582769485333,23.010668621843553,3.903417230514666,0.4453313781564461
2022,13,Hungarian Grand Prix,Hungaroring,stroll,14,1,21.779,aston_martin,+1 Lap,0,0,unknown,0,0,0,0,1,0.1,1,0,28.749049999999997,0,1,0,0,Abnormal long stop,271,133,19.74047855950418,23.12845522927389,2.0385214404958205,-1.3494552292738895
2022,13,Hungarian Grand Prix,Hungaroring,stroll,46,2,21.615,aston_martin,+1 Lap,0,0,unknown,0,0,0,0,1,0.1,1,0,28.749049999999997,0,1,0,0,Abnormal long stop,271,133,19.74047855950418,23.348367014979104,1.874521440495819,-1.7333670149791054
2022,13,Hungarian Grand Prix,Hungaroring,tsunoda,13,1,21.577,alphatauri,+2 Laps,0,0,unknown,0,0,0,0,1,0.1,1,0,28.749049999999997,0,1,0,0,Abnormal long stop,202,133,19.262798819034877,22.91489297850521,2.3142011809651244,-1.3378929785052094
2022,13,Hungarian Grand Prix,Hungaroring,tsunoda,33,2,22.016,alphatauri,+2 Laps,0,0,unknown,0,0,0,0,1,0.1,1,0,28.749049999999997,0,1,0,0,Abnormal long stop,202,133,19.262798819034877,23.109174118050017,2.753201180965121,-1.093174118050019
2022,13,Hungarian Grand Prix,Hungaroring,tsunoda,51,3,22.128,alphatauri,+2 Laps,0,0,unknown,0,0,0,0,1,0.1,1,0,28.749049999999997,0,1,0,0,Abnormal long stop,202,133,19.262798819034877,23.629344969540927,2.8652011809651228,-1.501344969540927
2022,13,Hungarian Grand Prix,Hungaroring,vettel,15,1,21.402,aston_martin,+1 Lap,0,0,unknown,0,0,0,0,1,0.1,1,0,28.749049999999997,0,1,0,0,Abnormal long stop,271,133,19.74047855950418,23.130591116453925,1.6615214404958216,-1.7285911164539236
2022,13,Hungarian Grand Prix,Hungaroring,vettel,46,2,25.03,aston_martin,+1 Lap,0,0,unknown,0,0,0,0,1,0.1,1,0,28.749049999999997,0,1,0,0,Abnormal long stop,271,133,19.74047855950418,23.348367014979104,5.289521440495822,1.6816329850208973
2022,13,Hungarian Grand Prix,Hungaroring,zhou,27,1,22.321,alfa,+1 Lap,0,0,unknown,0,0,0,0,1,0.1,1,0,28.749049999999997,0,1,0,0,Abnormal long stop,194,133,19.71939402626853,23.380539318509108,2.60160597373147,-1.0595393185091062
2022,13,Hungarian Grand Prix,Hungaroring,zhou,51,2,28.218,alfa,+1 Lap,0,0,unknown,0,0,0,0,1,0.1,1,0,28.749049999999997,0,1,0,0,Abnormal long stop,194,133,19.71939402626853,23.58336400677405,8.498605973731468,4.634635993225949
2022,14,Belgian Grand Prix,Circuit de Spa-Francorchamps,albon,10,1,23.334,williams,Finished,0,0,unknown,0,0,0,0,1,0.06818181818181818,1,0,27.301,0,1,0,0,Abnormal long stop,271,109,24.31014353425072,24.479410924237186,-0.9761435342507205,-1.1454109242371864
2022,14,Belgian Grand Prix,Circuit de Spa-Francorchamps,albon,26,2,24.415,williams,Finished,0,0,unknown,0,0,0,0,1,0.06818181818181818,1,0,27.301,0,1,0,0,Abnormal long stop,271,109,24.31014353425072,24.665148515061855,0.10485646574927898,-0.25014851506185565
2022,14,Belgian Grand Prix,Circuit de Spa-Francorchamps,alonso,11,1,22.641,alpine,Finished,0,0,unknown,0,0,0,0,1,0.06818181818181818,1,0,27.301,0,1,0,0,Abnormal long stop,249,109,23.280631299564817,24.467988014618555,-0.6396312995648188,-1.826988014618557
2022,14,Belgian Grand Prix,Circuit de Spa-Francorchamps,alonso,25,2,23.954,alpine,Finished,0,0,unknown,0,0,0,0,1,0.06818181818181818,1,0,27.301,0,1,0,0,Abnormal long stop,249,109,23.280631299564817,24.649453831083157,0.6733687004351836,-0.6954538310831566
2022,14,Belgian Grand Prix,Circuit de Spa-Francorchamps,gasly,10,1,22.857,alphatauri,Finished,0,0,unknown,0,0,0,0,1,0.06818181818181818,1,0,27.301,0,1,0,0,Abnormal long stop,202,109,22.798494932916174,24.047574988961614,0.05850506708382497,-1.1905749889616146
2022,14,Belgian Grand Prix,Circuit de Spa-Francorchamps,gasly,22,2,22.542,alphatauri,Finished,0,0,unknown,0,0,0,0,1,0.06818181818181818,1,0,27.301,0,1,0,0,Abnormal long stop,202,109,22.798494932916174,24.224769031066145,-0.25649493291617276,-1.6827690310661438
2022,14,Belgian Grand Prix,Circuit de Spa-Francorchamps,kevinmagnussen,11,1,26.815,haas,+1 Lap,0,0,unknown,0,0,0,0,1,0.06818181818181818,1,0,27.301,0,1,0,0,Abnormal long stop,272,109,24.45869326618237,25.14459185604522,2.3563067338176324,1.6704081439547807
2022,14,Belgian Grand Prix,Circuit de Spa-Francorchamps,kevinmagnussen,27,2,23.396,haas,+1 Lap,0,0,unknown,0,0,0,0,1,0.06818181818181818,1,0,27.301,0,1,0,0,Abnormal long stop,272,109,24.45869326618237,25.330329446869897,-1.062693266182368,-1.9343294468698957
2022,14,Belgian Grand Prix,Circuit de Spa-Francorchamps,latifi,3,1,35.825,williams,+1 Lap,0,0,unknown,0,0,0,0,1,0.06818181818181818,1,0,27.301,0,1,0,0,Abnormal long stop,271,109,24.31014353425072,24.464459713976947,11.514856465749283,11.360540286023056
2022,14,Belgian Grand Prix,Circuit de Spa-Francorchamps,latifi,15,2,24.168,williams,+1 Lap,0,0,unknown,0,0,0,0,1,0.06818181818181818,1,0,27.301,0,1,0,0,Abnormal long stop,271,109,24.31014353425072,24.64165375608148,-0.1421435342507209,-0.4736537560814824
2022,14,Belgian Grand Prix,Circuit de Spa-Francorchamps,latifi,34,3,23.414,williams,+1 Lap,0,0,unknown,0,0,0,0,1,0.06818181818181818,1,0,27.301,0,1,0,0,Abnormal long stop,271,109,24.31014353425072,25.163960494752427,-0.8961435342507187,-1.7499604947524254
2022,14,Belgian Grand Prix,Circuit de Spa-Francorchamps,leclerc,3,1,24.198,ferrari,Finished,0,0,unknown,0,0,0,0,1,0.06818181818181818,1,0,27.301,0,1,0,0,Abnormal long stop,259,109,23.088278883366627,23.90421586197444,1.1097211166333736,0.29378413802556125
2022,14,Belgian Grand Prix,Circuit de Spa-Francorchamps,leclerc,25,2,23.189,ferrari,Finished,0,0,unknown,0,0,0,0,1,0.06818181818181818,1,0,27.301,0,1,0,0,Abnormal long stop,259,109,23.088278883366627,24.102768775879312,0.10072111663337324,-0.913768775879312
2022,14,Belgian Grand Prix,Circuit de Spa-Francorchamps,leclerc,42,3,23.334,ferrari,Finished,0,0,unknown,0,0,0,0,1,0.06818181818181818,1,0,27.301,0,1,0,0,Abnormal long stop,259,109,23.088278883366627,24.62080374019019,0.24572111663337282,-1.2868037401901908
2022,14,Belgian Grand Prix,Circuit de Spa-Francorchamps,maxverstappen,15,1,22.882,red_bull,Finished,0,0,unknown,0,0,0,0,1,0.06818181818181818,1,0,27.301,0,1,0,0,Abnormal long stop,292,109,23.01114860506002,23.639963476415122,-0.12914860506001702,-0.7579634764151209
2022,14,Belgian Grand Prix,Circuit de Spa-Francorchamps,maxverstappen,30,2,22.322,red_bull,Finished,0,0,unknown,0,0,0,0,1,0.06818181818181818,1,0,27.301,0,1,0,0,Abnormal long stop,292,109,23.01114860506002,23.823565180059756,-0.6891486050600193,-1.5015651800597567
2022,14,Belgian Grand Prix,Circuit de Spa-Francorchamps,mickschumacher,14,1,24.158,haas,+1 Lap,0,0,unknown,0,0,0,0,1,0.06818181818181818,1,0,27.301,0,1,0,0,Abnormal long stop,272,109,24.45869326618237,25.150999517585323,-0.3006932661823676,-0.9929995175853215
2022,14,Belgian Grand Prix,Circuit de Spa-Francorchamps,mickschumacher,30,2,24.982,haas,+1 Lap,0,0,unknown,0,0,0,0,1,0.06818181818181818,1,0,27.301,0,1,0,0,Abnormal long stop,272,109,24.45869326618237,25.33673710840999,0.5233067338176305,-0.3547371084099922
2022,14,Belgian Grand Prix,Circuit de Spa-Francorchamps,norris,13,1,23.036,mclaren,Finished,0,0,unknown,0,0,0,0,1,0.06818181818181818,1,0,27.301,0,1,0,0,Abnormal long stop,270,109,23.061874262776225,24.094794060486723,-0.025874262776223844,-1.058794060486722
2022,14,Belgian Grand Prix,Circuit de Spa-Francorchamps,norris,29,2,23.56,mclaren,Finished,0,0,unknown,0,0,0,0,1,0.06818181818181818,1,0,27.301,0,1,0,0,Abnormal long stop,270,109,23.061874262776225,24.280531651311396,0.4981257372237735,-0.7205316513113971
2022,14,Belgian Grand Prix,Circuit de Spa-Francorchamps,ocon,12,1,23.511,alpine,Finished,0,0,unknown,0,0,0,0,1,0.06818181818181818,1,0,27.301,0,1,0,0,Abnormal long stop,249,109,23.280631299564817,24.47012390179859,0.2303687004351822,-0.9591239017985913
2022,14,Belgian Grand Prix,Circuit de Spa-Francorchamps,ocon,32,2,23.491,alpine,Finished,0,0,unknown,0,0,0,0,1,0.06818181818181818,1,0,27.301,0,1,0,0,Abnormal long stop,249,109,23.280631299564817,24.664405041343397,0.21036870043518263,-1.173405041343397
2022,14,Belgian Grand Prix,Circuit de Spa-Francorchamps,perez,14,1,22.349,red_bull,Finished,0,0,unknown,0,0,0,0,1,0.06818181818181818,1,0,27.301,0,1,0,0,Abnormal long stop,292,109,23.01114860506002,23.637827589235087,-0.6621486050600183,-1.288827589235087
2022,14,Belgian Grand Prix,Circuit de Spa-Francorchamps,perez,27,2,22.65,red_bull,Finished,0,0,unknown,0,0,0,0,1,0.06818181818181818,1,0,27.301,0,1,0,0,Abnormal long stop,292,109,23.01114860506002,23.817157518519657,-0.3611486050600199,-1.1671575185196588
2022,14,Belgian Grand Prix,Circuit de Spa-Francorchamps,ricciardo,12,1,23.085,mclaren,Finished,0,0,unknown,0,0,0,0,1,0.06818181818181818,1,0,27.301,0,1,0,0,Abnormal long stop,270,109,23.061874262776225,24.092658173306692,0.023125737223775644,-1.007658173306691
2022,14,Belgian Grand Prix,Circuit de Spa-Francorchamps,ricciardo,32,2,23.146,mclaren,Finished,0,0,unknown,0,0,0,0,1,0.06818181818181818,1,0,27.301,0,1,0,0,Abnormal long stop,270,109,23.061874262776225,24.286939312851498,0.08412573722377559,-1.140939312851497
2022,14,Belgian Grand Prix,Circuit de Spa-Francorchamps,russell,13,1,22.825,mercedes,Finished,0,0,unknown,0,0,0,0,1,0.06818181818181818,1,0,27.301,0,1,0,0,Abnormal long stop,278,109,23.45931395574579,24.19484220545196,-0.6343139557457924,-1.3698422054519597
2022,14,Belgian Grand Prix,Circuit de Spa-Francorchamps,russell,29,2,22.977,mercedes,Finished,0,0,unknown,0,0,0,0,1,0.06818181818181818,1,0,27.301,0,1,0,0,Abnormal long stop,278,109,23.45931395574579,24.380579796276628,-0.4823139557457914,-1.4035797962766274
2022,14,Belgian Grand Prix,Circuit de Spa-Francorchamps,sainz,11,1,22.543,ferrari,Finished,0,0,unknown,0,0,0,0,1,0.06818181818181818,1,0,27.301,0,1,0,0,Abnormal long stop,259,109,23.088278883366627,23.92130295941471,-0.5452788833666276,-1.378302959414711
2022,14,Belgian Grand Prix,Circuit de Spa-Francorchamps,sainz,25,2,22.75,ferrari,Finished,0,0,unknown,0,0,0,0,1,0.06818181818181818,1,0,27.301,0,1,0,0,Abnormal long stop,259,109,23.088278883366627,24.102768775879312,-0.3382788833666268,-1.352768775879312
2022,14,Belgian Grand Prix,Circuit de Spa-Francorchamps,stroll,15,1,23.555,aston_martin,Finished,0,0,unknown,0,0,0,0,1,0.06818181818181818,1,0,27.301,0,1,0,0,Abnormal long stop,271,109,23.276174673385473,24.26968078845043,0.27882532661452686,-0.7146807884504298
2022,14,Belgian Grand Prix,Circuit de Spa-Francorchamps,stroll,26,2,23.349,aston_martin,Finished,0,0,unknown,0,0,0,0,1,0.06818181818181818,1,0,27.301,0,1,0,0,Abnormal long stop,271,109,23.276174673385473,24.44473894337493,0.07282532661452734,-1.0957389433749292
2022,14,Belgian Grand Prix,Circuit de Spa-Francorchamps,tsunoda,18,1,30.055,alphatauri,Finished,0,0,unknown,0,0,0,0,1,0.06818181818181818,1,0,27.301,0,1,0,0,Abnormal long stop,202,109,22.798494932916174,24.064662086401885,7.256505067083825,5.990337913598115
2022,14,Belgian Grand Prix,Circuit de Spa-Francorchamps,tsunoda,30,2,24.253,alphatauri,Finished,0,0,unknown,0,0,0,0,1,0.06818181818181818,1,0,27.301,0,1,0,0,Abnormal long stop,202,109,22.798494932916174,24.24185612850642,1.4545050670838258,0.011143871493580093
2022,14,Belgian Grand Prix,Circuit de Spa-Francorchamps,vettel,14,1,23.222,aston_martin,Finished,0,0,unknown,0,0,0,0,1,0.06818181818181818,1,0,27.301,0,1,0,0,Abnormal long stop,271,109,23.276174673385473,24.267544901270394,-0.05417467338547155,-1.045544901270393
2022,14,Belgian Grand Prix,Circuit de Spa-Francorchamps,vettel,33,2,22.833,aston_martin,Finished,0,0,unknown,0,0,0,0,1,0.06818181818181818,1,0,27.301,0,1,0,0,Abnormal long stop,271,109,23.276174673385473,24.459690153635165,-0.44317467338547445,-1.6266901536351668
2022,14,Belgian Grand Prix,Circuit de Spa-Francorchamps,zhou,14,1,23.744,alfa,Finished,0,0,unknown,0,0,0,0,1,0.06818181818181818,1,0,27.301,0,1,0,0,Abnormal long stop,194,109,23.255090140149825,24.491862457165173,0.48890985985017466,-0.7478624571651729
2022,14,Belgian Grand Prix,Circuit de Spa-Francorchamps,zhou,28,2,23.364,alfa,Finished,0,0,unknown,0,0,0,0,1,0.06818181818181818,1,0,27.301,0,1,0,0,Abnormal long stop,194,109,23.255090140149825,24.673328273629775,0.10890985985017565,-1.3093282736297738
2022,15,Dutch Grand Prix,Circuit Park Zandvoort,albon,21,1,19.325,williams,Finished,0,0,unknown,0,0,0,0,1,0.16666666666666666,1,0,24.485350000000004,0,1,0,0,Abnormal long stop,271,144,18.79130054190977,21.476629541172453,0.5336994580902292,-2.151629541172454
2022,15,Dutch Grand Prix,Circuit Park Zandvoort,albon,42,2,19.911,williams,Finished,0,0,unknown,0,0,0,0,1,0.16666666666666666,1,0,24.485350000000004,0,1,0,0,Abnormal long stop,271,144,18.79130054190977,21.67304656789729,1.1196994580902313,-1.7620465678972899
2022,15,Dutch Grand Prix,Circuit Park Zandvoort,albon,55,3,20.508,williams,Finished,0,0,unknown,0,0,0,0,1,0.16666666666666666,1,0,24.485350000000004,0,1,0,0,Abnormal long stop,271,144,18.79130054190977,22.182537983488036,1.716699458090229,-1.6745379834880367
2022,15,Dutch Grand Prix,Circuit Park Zandvoort,albon,56,4,14.114,williams,Finished,0,0,unknown,0,0,0,0,1,0.16666666666666666,1,0,24.485350000000004,0,0,0,0,Normal stop,271,144,18.79130054190977,7.053113307224358,-4.677300541909769,7.060886692775643
2022,15,Dutch Grand Prix,Circuit Park Zandvoort,alonso,12,1,19.578,alpine,Finished,0,0,unknown,0,0,0,0,1,0.16666666666666666,1,0,24.485350000000004,0,1,0,0,Abnormal long stop,249,144,17.761788307223867,21.443847759753478,1.8162116927761325,-1.8658477597534784
2022,15,Dutch Grand Prix,Circuit Park Zandvoort,alonso,47,2,21.501,alpine,Finished,0,0,unknown,0,0,0,0,1,0.16666666666666666,1,0,24.485350000000004,0,1,0,0,Abnormal long stop,249,144,17.761788307223867,21.670167206998798,3.7392116927761343,-0.16916720699879662
2022,15,Dutch Grand Prix,Circuit Park Zandvoort,alonso,57,3,15.762,alpine,Finished,0,0,unknown,0,0,0,0,1,0.16666666666666666,1,0,24.485350000000004,0,1,0,0,Abnormal long stop,249,144,17.761788307223867,22.173250961049437,-1.9997883072238665,-6.411250961049436
2022,15,Dutch Grand Prix,Circuit Park Zandvoort,bottas,16,1,19.741,alfa,Engine,0,0,unknown,0,0,0,0,1,0.16666666666666666,1,0,24.485350000000004,0,1,0,0,Abnormal long stop,194,144,17.736247147808875,21.46985808948013,2.0047528521911246,-1.7288580894801306
2022,15,Dutch Grand Prix,Circuit Park Zandvoort,bottas,34,2,21.049,alfa,Engine,0,0,unknown,0,0,0,0,1,0.16666666666666666,1,0,24.485350000000004,0,1,0,0,Abnormal long stop,194,144,17.736247147808875,21.659867454664873,3.3127528521911245,-0.6108674546648736
2022,15,Dutch Grand Prix,Circuit Park Zandvoort,gasly,11,1,18.789,alphatauri,Finished,0,0,unknown,0,0,0,0,1,0.16666666666666666,1,0,24.485350000000004,0,1,0,0,Abnormal long stop,202,144,17.27965194057522,21.02343473409654,1.5093480594247808,-2.2344347340965385
2022,15,Dutch Grand Prix,Circuit Park Zandvoort,gasly,32,2,18.7,alphatauri,Finished,0,0,unknown,0,0,0,0,1,0.16666666666666666,1,0,24.485350000000004,0,1,0,0,Abnormal long stop,202,144,17.27965194057522,21.219851760821378,1.4203480594247786,-2.5198517608213784
2022,15,Dutch Grand Prix,Circuit Park Zandvoort,gasly,56,3,18.572,alphatauri,Finished,0,0,unknown,0,0,0,0,1,0.16666666666666666,1,0,24.485350000000004,0,1,0,0,Abnormal long stop,202,144,17.27965194057522,21.752837935392495,1.2923480594247785,-3.1808379353924963
2022,15,Dutch Grand Prix,Circuit Park Zandvoort,gasly,57,4,13.973,alphatauri,Finished,0,0,unknown,0,0,0,0,1,0.16666666666666666,1,0,24.485350000000004,0,0,0,0,Normal stop,202,144,17.27965194057522,6.62341325912882,-3.30665194057522,7.349586740871181
2022,15,Dutch Grand Prix,Circuit Park Zandvoort,hamilton,29,1,19.046,mercedes,Finished,0,0,unknown,0,0,0,0,1,0.16666666666666666,1,0,24.485350000000004,0,1,0,0,Abnormal long stop,278,144,17.940470963404838,21.202740258287392,1.1055290365951613,-2.1567402582873925
2022,15,Dutch Grand Prix,Circuit Park Zandvoort,hamilton,48,2,19.164,mercedes,Finished,0,0,unknown,0,0,0,0,1,0.16666666666666666,1,0,24.485350000000004,0,1,0,0,Abnormal long stop,278,144,17.940470963404838,21.394885510652166,1.2235290365951634,-2.230885510652165
2022,15,Dutch Grand Prix,Circuit Park Zandvoort,hamilton,57,3,14.155,mercedes,Finished,0,0,unknown,0,0,0,0,1,0.16666666666666666,1,0,24.485350000000004,0,0,0,0,Normal stop,278,144,17.940470963404838,5.279611804127218,-3.7854709634048387,8.87538819587278
2022,15,Dutch Grand Prix,Circuit Park Zandvoort,kevinmagnussen,14,1,20.785,haas,Finished,0,0,unknown,0,0,0,0,1,0.16666666666666666,1,0,24.485350000000004,0,1,0,0,Abnormal long stop,272,144,18.93985027384142,22.124723375540217,1.8451497261585814,-1.339723375540217
2022,15,Dutch Grand Prix,Circuit Park Zandvoort,kevinmagnussen,34,2,23.71,haas,Finished,0,0,unknown,0,0,0,0,1,0.16666666666666666,1,0,24.485350000000004,0,1,0,0,Abnormal long stop,272,144,18.93985027384142,22.319004515085023,4.770149726158582,1.3909954849149777
2022,15,Dutch Grand Prix,Circuit Park Zandvoort,kevinmagnussen,47,3,23.663,haas,Finished,0,0,unknown,0,0,0,0,1,0.16666666666666666,1,0,24.485350000000004,0,1,0,0,Abnormal long stop,272,144,18.93985027384142,22.828495930675764,4.7231497261585815,0.834504069324236
2022,15,Dutch Grand Prix,Circuit Park Zandvoort,kevinmagnussen,56,4,14.175,haas,Finished,0,0,unknown,0,0,0,0,1,0.16666666666666666,1,0,24.485350000000004,0,0,0,0,Normal stop,272,144,18.93985027384142,7.716158351852362,-4.764850273841418,6.458841648147638
2022,15,Dutch Grand Prix,Circuit Park Zandvoort,latifi,13,1,20.284,williams,+1 Lap,0,0,unknown,0,0,0,0,1,0.16666666666666666,1,0,24.485350000000004,0,1,0,0,Abnormal long stop,271,144,18.79130054190977,21.45954244373218,1.4926994580902289,-1.17554244373218
2022,15,Dutch Grand Prix,Circuit Park Zandvoort,latifi,26,2,20.733,williams,+1 Lap,0,0,unknown,0,0,0,0,1,0.16666666666666666,1,0,24.485350000000004,0,1,0,0,Abnormal long stop,271,144,18.79130054190977,21.63887237301675,1.9416994580902305,-0.9058723730167486
2022,15,Dutch Grand Prix,Circuit Park Zandvoort,latifi,54,3,20.051,williams,+1 Lap,0,0,unknown,0,0,0,0,1,0.16666666666666666,1,0,24.485350000000004,0,1,0,0,Abnormal long stop,271,144,18.79130054190977,22.180402096307997,1.2596994580902283,-2.1294020963079987
2022,15,Dutch Grand Prix,Circuit Park Zandvoort,latifi,55,4,14.459,williams,+1 Lap,0,0,unknown,0,0,0,0,1,0.16666666666666666,1,0,24.485350000000004,0,0,0,0,Normal stop,271,144,18.79130054190977,7.050977420044324,-4.33230054190977,7.408022579955675
2022,15,Dutch Grand Prix,Circuit Park Zandvoort,leclerc,17,1,19.08,ferrari,Finished,0,0,unknown,0,0,0,0,1,0.16666666666666666,1,0,24.485350000000004,0,1,0,0,Abnormal long stop,259,144,17.569435891025677,20.907842140449805,1.5105641089743216,-1.8278421404498069
2022,15,Dutch Grand Prix,Circuit Park Zandvoort,leclerc,45,2,19.084,ferrari,Finished,0,0,unknown,0,0,0,0,1,0.16666666666666666,1,0,24.485350000000004,0,1,0,0,Abnormal long stop,259,144,17.569435891025677,21.119210377434886,1.514564108974323,-2.035210377434886
2022,15,Dutch Grand Prix,Circuit Park Zandvoort,leclerc,56,3,19.576,ferrari,Finished,0,0,unknown,0,0,0,0,1,0.16666666666666666,1,0,24.485350000000004,0,1,0,0,Abnormal long stop,259,144,17.569435891025677,21.624430018665553,2.006564108974324,-2.0484300186655524
2022,15,Dutch Grand Prix,Circuit Park Zandvoort,leclerc,57,4,14.008,ferrari,Finished,0,0,unknown,0,0,0,0,1,0.16666666666666666,1,0,24.485350000000004,0,0,0,0,Normal stop,259,144,17.569435891025677,6.495005342401882,-3.5614358910256776,7.512994657598117
2022,15,Dutch Grand Prix,Circuit Park Zandvoort,maxverstappen,18,1,19.634,red_bull,Finished,0,0,unknown,0,0,0,0,1,0.16666666666666666,1,0,24.485350000000004,0,1,0,0,Abnormal long stop,292,144,17.49230561271907,20.620094995910115,2.141694387280932,-0.9860949959101148
2022,15,Dutch Grand Prix,Circuit Park Zandvoort,maxverstappen,48,2,19.61,red_bull,Finished,0,0,unknown,0,0,0,0,1,0.16666666666666666,1,0,24.485350000000004,0,1,0,0,Abnormal long stop,292,144,17.49230561271907,20.835735007255263,2.117694387280931,-1.2257350072552633
2022,15,Dutch Grand Prix,Circuit Park Zandvoort,maxverstappen,56,3,19.655,red_bull,Finished,0,0,unknown,0,0,0,0,1,0.16666666666666666,1,0,24.485350000000004,0,1,0,0,Abnormal long stop,292,144,17.49230561271907,21.33454698694583,2.1626943872809328,-1.6795469869458302
2022,15,Dutch Grand Prix,Circuit Park Zandvoort,maxverstappen,57,4,14.113,red_bull,Finished,0,0,unknown,0,0,0,0,1,0.16666666666666666,1,0,24.485350000000004,0,0,0,0,Normal stop,292,144,17.49230561271907,6.2051223106821585,-3.379305612719069,7.907877689317841
2022,15,Dutch Grand Prix,Circuit Park Zandvoort,mickschumacher,13,1,26.813,haas,Finished,0,0,unknown,0,0,0,0,1,0.16666666666666666,1,0,24.485350000000004,0,1,0,0,Abnormal long stop,272,144,18.93985027384142,22.122587488360182,7.87314972615858,4.690412511639817
2022,15,Dutch Grand Prix,Circuit Park Zandvoort,mickschumacher,33,2,21.814,haas,Finished,0,0,unknown,0,0,0,0,1,0.16666666666666666,1,0,24.485350000000004,0,1,0,0,Abnormal long stop,272,144,18.93985027384142,22.316868627904988,2.8741497261585813,-0.5028686279049879
2022,15,Dutch Grand Prix,Circuit Park Zandvoort,mickschumacher,47,3,20.283,haas,Finished,0,0,unknown,0,0,0,0,1,0.16666666666666666,1,0,24.485350000000004,0,1,0,0,Abnormal long stop,272,144,18.93985027384142,22.828495930675764,1.3431497261585825,-2.545495930675763
2022,15,Dutch Grand Prix,Circuit Park Zandvoort,mickschumacher,56,4,14.144,haas,Finished,0,0,unknown,0,0,0,0,1,0.16666666666666666,1,0,24.485350000000004,0,0,0,0,Normal stop,272,144,18.93985027384142,7.716158351852362,-4.795850273841419,6.427841648147638
2022,15,Dutch Grand Prix,Circuit Park Zandvoort,norris,17,1,19.303,mclaren,Finished,0,0,unknown,0,0,0,0,1,0.16666666666666666,1,0,24.485350000000004,0,1,0,0,Abnormal long stop,270,144,17.543031270435275,21.07706146716175,1.7599687295647257,-1.7740614671617507
2022,15,Dutch Grand Prix,Circuit Park Zandvoort,norris,47,2,21.117,mclaren,Finished,0,0,unknown,0,0,0,0,1,0.16666666666666666,1,0,24.485350000000004,0,1,0,0,Abnormal long stop,270,144,17.543031270435275,21.2927014785069,3.5739687295647258,-0.1757014785068982
2022,15,Dutch Grand Prix,Circuit Park Zandvoort,norris,57,3,21.264,mclaren,Finished,0,0,unknown,0,0,0,0,1,0.16666666666666666,1,0,24.485350000000004,0,1,0,0,Abnormal long stop,270,144,17.543031270435275,21.795785232557538,3.7209687295647242,-0.5317852325575387
2022,15,Dutch Grand Prix,Circuit Park Zandvoort,ocon,18,1,19.455,alpine,Finished,0,0,unknown,0,0,0,0,1,0.16666666666666666,1,0,24.485350000000004,0,1,0,0,Abnormal long stop,249,144,17.761788307223867,21.456663082833682,1.6932116927761314,-2.0016630828336837
2022,15,Dutch Grand Prix,Circuit Park Zandvoort,ocon,56,2,21.602,alpine,Finished,0,0,unknown,0,0,0,0,1,0.16666666666666666,1,0,24.485350000000004,0,1,0,0,Abnormal long stop,249,144,17.761788307223867,21.689390191619104,3.8402116927761334,-0.08739019161910377
2022,15,Dutch Grand Prix,Circuit Park Zandvoort,ocon,57,3,14.041,alpine,Finished,0,0,unknown,0,0,0,0,1,0.16666666666666666,1,0,24.485350000000004,0,0,0,0,Normal stop,249,144,17.761788307223867,5.557029387653884,-3.7207883072238666,8.483970612346116
2022,15,Dutch Grand Prix,Circuit Park Zandvoort,perez,14,1,18.835,red_bull,Finished,0,0,unknown,0,0,0,0,1,0.16666666666666666,1,0,24.485350000000004,0,1,0,0,Abnormal long stop,292,144,17.49230561271907,20.611551447189978,1.3426943872809325,-1.776551447189977
2022,15,Dutch Grand Prix,Circuit Park Zandvoort,perez,40,2,18.738,red_bull,Finished,0,0,unknown,0,0,0,0,1,0.16666666666666666,1,0,24.485350000000004,0,1,0,0,Abnormal long stop,292,144,17.49230561271907,20.81864790981499,1.2456943872809312,-2.080647909814992
2022,15,Dutch Grand Prix,Circuit Park Zandvoort,perez,56,3,19.25,red_bull,Finished,0,0,unknown,0,0,0,0,1,0.16666666666666666,1,0,24.485350000000004,0,1,0,0,Abnormal long stop,292,144,17.49230561271907,21.33454698694583,1.7576943872809316,-2.0845469869458313
2022,15,Dutch Grand Prix,Circuit Park Zandvoort,perez,57,4,14.113,red_bull,Finished,0,0,unknown,0,0,0,0,1,0.16666666666666666,1,0,24.485350000000004,0,0,0,0,Normal stop,292,144,17.49230561271907,6.2051223106821585,-3.379305612719069,7.907877689317841
2022,15,Dutch Grand Prix,Circuit Park Zandvoort,ricciardo,11,1,19.546,mclaren,Finished,0,0,unknown,0,0,0,0,1,0.16666666666666666,1,0,24.485350000000004,0,1,0,0,Abnormal long stop,270,144,17.543031270435275,21.064246144081547,2.0029687295647243,-1.518246144081548
2022,15,Dutch Grand Prix,Circuit Park Zandvoort,ricciardo,27,2,19.567,mclaren,Finished,0,0,unknown,0,0,0,0,1,0.16666666666666666,1,0,24.485350000000004,0,1,0,0,Abnormal long stop,270,144,17.543031270435275,21.24998373490622,2.023968729564725,-1.6829837349062196
2022,15,Dutch Grand Prix,Circuit Park Zandvoort,ricciardo,47,3,19.718,mclaren,Finished,0,0,unknown,0,0,0,0,1,0.16666666666666666,1,0,24.485350000000004,0,1,0,0,Abnormal long stop,270,144,17.543031270435275,21.774426360757197,2.174968729564725,-2.0564263607571966
2022,15,Dutch Grand Prix,Circuit Park Zandvoort,ricciardo,55,4,20.295,mclaren,Finished,0,0,unknown,0,0,0,0,1,0.16666666666666666,1,0,24.485350000000004,0,1,0,0,Abnormal long stop,270,144,17.543031270435275,23.276174468149314,2.7519687295647266,-2.9811744681493124
2022,15,Dutch Grand Prix,Circuit Park Zandvoort,ricciardo,56,5,14.493,mclaren,Finished,0,0,unknown,0,0,0,0,1,0.16666666666666666,1,0,24.485350000000004,0,0,0,0,Normal stop,270,144,17.543031270435275,5.171301043803371,-3.0500312704352748,9.321698956196629
2022,15,Dutch Grand Prix,Circuit Park Zandvoort,russell,31,1,19.359,mercedes,Finished,0,0,unknown,0,0,0,0,1,0.16666666666666666,1,0,24.485350000000004,0,1,0,0,Abnormal long stop,278,144,17.940470963404838,21.207012032647462,1.4185290365951637,-1.8480120326474605
2022,15,Dutch Grand Prix,Circuit Park Zandvoort,russell,48,2,20.742,mercedes,Finished,0,0,unknown,0,0,0,0,1,0.16666666666666666,1,0,24.485350000000004,0,1,0,0,Abnormal long stop,278,144,17.940470963404838,21.394885510652166,2.801529036595163,-0.6528855106521654
2022,15,Dutch Grand Prix,Circuit Park Zandvoort,russell,57,3,21.363,mercedes,Finished,0,0,unknown,0,0,0,0,1,0.16666666666666666,1,0,24.485350000000004,0,1,0,0,Abnormal long stop,278,144,17.940470963404838,21.89583337752277,3.4225290365951615,-0.5328333775227705
2022,15,Dutch Grand Prix,Circuit Park Zandvoort,sainz,14,1,29.705,ferrari,Finished,0,0,unknown,0,0,0,0,1,0.16666666666666666,1,0,24.485350000000004,0,1,0,0,Abnormal long stop,259,144,17.569435891025677,20.901434478909703,12.135564108974322,8.803565521090295
2022,15,Dutch Grand Prix,Circuit Park Zandvoort,sainz,43,2,19.493,ferrari,Finished,0,0,unknown,0,0,0,0,1,0.16666666666666666,1,0,24.485350000000004,0,1,0,0,Abnormal long stop,259,144,17.569435891025677,21.114938603074815,1.9235641089743218,-1.6219386030748169
2022,15,Dutch Grand Prix,Circuit Park Zandvoort,sainz,57,3,21.164,ferrari,Finished,0,0,unknown,0,0,0,0,1,0.16666666666666666,1,0,24.485350000000004,0,1,0,0,Abnormal long stop,259,144,17.569435891025677,21.626565905845588,3.5945641089743248,-0.46256590584558666
2022,15,Dutch Grand Prix,Circuit Park Zandvoort,stroll,16,1,20.205,aston_martin,Finished,0,0,unknown,0,0,0,0,1,0.16666666666666666,1,0,24.485350000000004,0,1,0,0,Abnormal long stop,271,144,17.757331681044523,21.245540533585356,2.4476683189554755,-1.0405405335853573
2022,15,Dutch Grand Prix,Circuit Park Zandvoort,stroll,38,2,20.214,aston_martin,Finished,0,0,unknown,0,0,0,0,1,0.16666666666666666,1,0,24.485350000000004,0,1,0,0,Abnormal long stop,271,144,17.757331681044523,21.44409344749023,2.456668318955476,-1.2300934474902299
2022,15,Dutch Grand Prix,Circuit Park Zandvoort,stroll,56,3,19.141,aston_martin,Finished,0,0,unknown,0,0,0,0,1,0.16666666666666666,1,0,24.485350000000004,0,1,0,0,Abnormal long stop,271,144,17.757331681044523,21.964264298981142,1.3836683189554755,-2.823264298981144
2022,15,Dutch Grand Prix,Circuit Park Zandvoort,stroll,57,4,14.118,aston_martin,Finished,0,0,unknown,0,0,0,0,1,0.16666666666666666,1,0,24.485350000000004,0,0,0,0,Normal stop,271,144,17.757331681044523,6.8348396227174675,-3.6393316810445224,7.283160377282533
2022,15,Dutch Grand Prix,Circuit Park Zandvoort,tsunoda,13,1,18.774,alphatauri,Differential,0,0,unknown,0,0,0,0,1,0.16666666666666666,1,0,24.485350000000004,0,1,0,0,Abnormal long stop,202,144,17.27965194057522,21.027706508456607,1.4943480594247802,-2.253706508456606
2022,15,Dutch Grand Prix,Circuit Park Zandvoort,tsunoda,42,2,19.293,alphatauri,Differential,0,0,unknown,0,0,0,0,1,0.16666666666666666,1,0,24.485350000000004,0,1,0,0,Abnormal long stop,202,144,17.27965194057522,21.24121063262172,2.0133480594247786,-1.94821063262172
2022,15,Dutch Grand Prix,Circuit Park Zandvoort,tsunoda,43,3,52.684,alphatauri,Differential,0,0,unknown,0,0,0,0,1,0.16666666666666666,1,0,24.485350000000004,0,1,0,0,Abnormal long stop,202,144,17.27965194057522,21.725071402052055,35.40434805942478,30.958928597947942
2022,15,Dutch Grand Prix,Circuit Park Zandvoort,vettel,9,1,22.391,aston_martin,Finished,0,0,unknown,0,0,0,0,1,0.16666666666666666,1,0,24.485350000000004,0,1,0,0,Abnormal long stop,271,144,17.757331681044523,21.23058932332512,4.6336683189554755,1.1604106766748785
2022,15,Dutch Grand Prix,Circuit Park Zandvoort,vettel,35,2,19.156,aston_martin,Finished,0,0,unknown,0,0,0,0,1,0.16666666666666666,1,0,24.485350000000004,0,1,0,0,Abnormal long stop,271,144,17.757331681044523,21.437685785950126,1.398668318955476,-2.2816857859501276
2022,15,Dutch Grand Prix,Circuit Park Zandvoort,vettel,48,3,18.709,aston_martin,Finished,0,0,unknown,0,0,0,0,1,0.16666666666666666,1,0,24.485350000000004,0,1,0,0,Abnormal long stop,271,144,17.757331681044523,21.94717720154087,0.9516683189554769,-3.2381772015408714
2022,15,Dutch Grand Prix,Circuit Park Zandvoort,vettel,56,4,14.349,aston_martin,Finished,0,0,unknown,0,0,0,0,1,0.16666666666666666,1,0,24.485350000000004,0,0,0,0,Normal stop,271,144,17.757331681044523,6.832703735537434,-3.4083316810445226,7.516296264462566
2022,15,Dutch Grand Prix,Circuit Park Zandvoort,zhou,12,1,19.548,alfa,Finished,0,0,unknown,0,0,0,0,1,0.16666666666666666,1,0,24.485350000000004,0,1,0,0,Abnormal long stop,194,144,17.736247147808875,21.461314540759997,1.8117528521911233,-1.9133145407599983
2022,15,Dutch Grand Prix,Circuit Park Zandvoort,zhou,37,2,25.433,alfa,Finished,0,0,unknown,0,0,0,0,1,0.16666666666666666,1,0,24.485350000000004,0,1,0,0,Abnormal long stop,194,144,17.736247147808875,21.666275116204975,7.696752852191125,3.7667248837950247
2022,15,Dutch Grand Prix,Circuit Park Zandvoort,zhou,55,3,20.188,alfa,Finished,0,0,unknown,0,0,0,0,1,0.16666666666666666,1,0,24.485350000000004,0,1,0,0,Abnormal long stop,194,144,17.736247147808875,22.186445967695885,2.451752852191124,-1.9984459676958863
2022,15,Dutch Grand Prix,Circuit Park Zandvoort,zhou,56,4,14.128,alfa,Finished,0,0,unknown,0,0,0,0,1,0.16666666666666666,1,0,24.485350000000004,0,0,0,0,Normal stop,194,144,17.736247147808875,7.057021291432211,-3.608247147808875,7.0709787085677895
2022,16,Italian Grand Prix,Autodromo Nazionale di Monza,bottas,35,1,24.758,alfa,+1 Lap,0,0,unknown,0,0,0,0,1,0.20754716981132076,1,0,26.7582,0,1,0,0,Abnormal long stop,194,104,25.141733721148018,25.54382473250714,-0.38373372114801896,-0.785824732507141
2022,16,Italian Grand Prix,Autodromo Nazionale di Monza,devries,19,1,24.628,williams,Finished,0,0,unknown,0,0,0,0,1,0.20754716981132076,1,0,26.7582,0,1,0,0,Abnormal long stop,271,104,26.196787115248917,25.505742553418745,-1.5687871152489166,-0.8777425534187451
2022,16,Italian Grand Prix,Autodromo Nazionale di Monza,gasly,18,1,25.376,alphatauri,Finished,0,0,unknown,0,0,0,0,1,0.20754716981132076,1,0,26.7582,0,1,0,0,Abnormal long stop,202,104,24.685138513914367,25.07177073096314,0.6908614860856339,0.30422926903685976
2022,16,Italian Grand Prix,Autodromo Nazionale di Monza,hamilton,33,1,24.282,mercedes,Finished,0,0,unknown,0,0,0,0,1,0.20754716981132076,1,0,26.7582,0,1,0,0,Abnormal long stop,278,104,25.34595753674398,25.244668593613895,-1.063957536743981,-0.9626685936138948
2022,16,Italian Grand Prix,Autodromo Nazionale di Monza,kevinmagnussen,24,1,30.164,haas,+1 Lap,0,0,unknown,0,0,0,0,1,0.20754716981132076,1,0,26.7582,0,1,0,0,Abnormal long stop,272,104,26.345336847180562,26.17946703394692,3.8186631528194397,3.984532966053081
2022,16,Italian Grand Prix,Autodromo Nazionale di Monza,kevinmagnussen,46,2,24.846,haas,+1 Lap,0,0,unknown,0,0,0,0,1,0.20754716981132076,1,0,26.7582,0,1,0,0,Abnormal long stop,272,104,26.345336847180562,26.378019947851794,-1.4993368471805617,-1.5320199478517935
2022,16,Italian Grand Prix,Autodromo Nazionale di Monza,latifi,15,1,26.782,williams,+1 Lap,0,0,unknown,0,0,0,0,1,0.20754716981132076,1,0,26.7582,0,1,0,0,Abnormal long stop,271,104,26.196787115248917,25.49719900469861,0.5852128847510834,1.2848009953013886
2022,16,Italian Grand Prix,Autodromo Nazionale di Monza,latifi,47,2,24.263,williams,+1 Lap,0,0,unknown,0,0,0,0,1,0.20754716981132076,1,0,26.7582,0,1,0,0,Abnormal long stop,271,104,26.196787115248917,25.717110790403826,-1.933787115248915,-1.4541107904038242
2022,16,Italian Grand Prix,Autodromo Nazionale di Monza,leclerc,12,1,23.531,ferrari,Finished,0,0,unknown,0,0,0,0,1,0.20754716981132076,1,0,26.7582,0,1,0,0,Abnormal long stop,259,104,24.97492246436482,24.930547491156,-1.443922464364821,-1.3995474911559995
2022,16,Italian Grand Prix,Autodromo Nazionale di Monza,leclerc,33,2,23.904,ferrari,Finished,0,0,unknown,0,0,0,0,1,0.20754716981132076,1,0,26.7582,0,1,0,0,Abnormal long stop,259,104,24.97492246436482,25.12696451788084,-1.0709224643648199,-1.2229645178808397
2022,16,Italian Grand Prix,Autodromo Nazionale di Monza,leclerc,48,3,23.719,ferrari,Finished,0,0,unknown,0,0,0,0,1,0.20754716981132076,1,0,26.7582,0,1,0,0,Abnormal long stop,259,104,24.97492246436482,25.640727707831648,-1.2559224643648186,-1.9217277078316464
2022,16,Italian Grand Prix,Autodromo Nazionale di Monza,maxverstappen,25,1,23.791,red_bull,Finished,0,0,unknown,0,0,0,0,1,0.20754716981132076,1,0,26.7582,0,1,0,0,Abnormal long stop,292,104,24.89779218605821,24.668430992776717,-1.106792186058211,-0.8774309927767163
2022,16,Italian Grand Prix,Autodromo Nazionale di Monza,maxverstappen,48,2,24.091,red_bull,Finished,0,0,unknown,0,0,0,0,1,0.20754716981132076,1,0,26.7582,0,1,0,0,Abnormal long stop,292,104,24.89779218605821,24.86911979386162,-0.8067921860582103,-0.7781197938616202
2022,16,Italian Grand Prix,Autodromo Nazionale di Monza,mickschumacher,33,1,24.817,haas,Finished,0,0,unknown,0,0,0,0,1,0.20754716981132076,1,0,26.7582,0,1,0,0,Abnormal long stop,272,104,26.345336847180562,26.198690018567227,-1.5283368471805616,-1.3816900185672267
2022,16,Italian Grand Prix,Autodromo Nazionale di Monza,norris,35,1,26.714,mclaren,Finished,0,0,unknown,0,0,0,0,1,0.20754716981132076,1,0,26.7582,0,1,0,0,Abnormal long stop,270,104,24.948517843774418,25.148892223008726,1.7654821562255805,1.5651077769912725
2022,16,Italian Grand Prix,Autodromo Nazionale di Monza,norris,47,2,24.784,mclaren,Finished,0,0,unknown,0,0,0,0,1,0.20754716981132076,1,0,26.7582,0,1,0,0,Abnormal long stop,270,104,24.948517843774418,25.32608626511326,-0.16451784377441925,-0.5420862651132623
2022,16,Italian Grand Prix,Autodromo Nazionale di Monza,ocon,19,1,24.336,alpine,Finished,0,0,unknown,0,0,0,0,1,0.20754716981132076,1,0,26.7582,0,1,0,0,Abnormal long stop,249,104,25.16727488056301,25.492183756620083,-0.8312748805630115,-1.1561837566200843
2022,16,Italian Grand Prix,Autodromo Nazionale di Monza,perez,7,1,23.698,red_bull,Finished,0,0,unknown,0,0,0,0,1,0.20754716981132076,1,0,26.7582,0,1,0,0,Abnormal long stop,292,104,24.89779218605821,24.629985023536104,-1.199792186058211,-0.9319850235361038
2022,16,Italian Grand Prix,Autodromo Nazionale di Monza,perez,42,2,23.299,red_bull,Finished,0,0,unknown,0,0,0,0,1,0.20754716981132076,1,0,26.7582,0,1,0,0,Abnormal long stop,292,104,24.89779218605821,24.85630447078142,-1.598792186058212,-1.5573044707814212
2022,16,Italian Grand Prix,Autodromo Nazionale di Monza,ricciardo,19,1,25.164,mclaren,Oil leak,0,0,unknown,0,0,0,0,1,0.20754716981132076,1,0,26.7582,0,1,0,0,Abnormal long stop,270,104,24.948517843774418,25.114718028128184,0.2154821562255833,0.049281971871817376
2022,16,Italian Grand Prix,Autodromo Nazionale di Monza,russell,23,1,25.075,mercedes,Finished,0,0,unknown,0,0,0,0,1,0.20754716981132076,1,0,26.7582,0,1,0,0,Abnormal long stop,278,104,25.34595753674398,25.223309721813553,-0.2709575367439818,-0.14830972181355406
2022,16,Italian Grand Prix,Autodromo Nazionale di Monza,russell,47,2,24.114,mercedes,Finished,0,0,unknown,0,0,0,0,1,0.20754716981132076,1,0,26.7582,0,1,0,0,Abnormal long stop,278,104,25.34595753674398,25.426134410078497,-1.2319575367439803,-1.312134410078496
2022,16,Italian Grand Prix,Autodromo Nazionale di Monza,sainz,30,1,23.728,ferrari,Finished,0,0,unknown,0,0,0,0,1,0.20754716981132076,1,0,26.7582,0,1,0,0,Abnormal long stop,259,104,24.97492246436482,24.96899346039661,-1.2469224643648182,-1.2409934603966093
2022,16,Italian Grand Prix,Autodromo Nazionale di Monza,sainz,47,2,24.525,ferrari,Finished,0,0,unknown,0,0,0,0,1,0.20754716981132076,1,0,26.7582,0,1,0,0,Abnormal long stop,259,104,24.97492246436482,25.15686693840131,-0.4499224643648212,-0.6318669384013127
2022,16,Italian Grand Prix,Autodromo Nazionale di Monza,stroll,18,1,24.254,aston_martin,Engine,0,0,unknown,0,0,0,0,1,0.20754716981132076,1,0,26.7582,0,1,0,0,Abnormal long stop,271,104,25.162818254383666,25.283197094551788,-0.9088182543836645,-1.0291970945517868
2022,16,Italian Grand Prix,Autodromo Nazionale di Monza,tsunoda,19,1,24.009,alphatauri,+1 Lap,0,0,unknown,0,0,0,0,1,0.20754716981132076,1,0,26.7582,0,1,0,0,Abnormal long stop,202,104,24.685138513914367,25.073906618143177,-0.676138513914367,-1.0649066181431763
2022,16,Italian Grand Prix,Autodromo Nazionale di Monza,tsunoda,47,2,23.904,alphatauri,+1 Lap,0,0,unknown,0,0,0,0,1,0.20754716981132076,1,0,26.7582,0,1,0,0,Abnormal long stop,202,104,24.685138513914367,25.285274855128254,-0.7811385139143674,-1.3812748551282539
2022,16,Italian Grand Prix,Autodromo Nazionale di Monza,zhou,18,1,25.366,alfa,Finished,0,0,unknown,0,0,0,0,1,0.20754716981132076,1,0,26.7582,0,1,0,0,Abnormal long stop,194,104,25.141733721148018,25.507514650446563,0.22426627885198158,-0.1415146504465632
2022,17,Singapore Grand Prix,Marina Bay Street Circuit,bottas,33,1,32.167,alfa,Finished,0,0,unknown,0,0,0,0,1,0.3050847457627119,1,0,39.247,0,1,0,0,Abnormal long stop,194,69,31.13287450506762,30.79202916763101,1.0341254949323826,1.3749708323689909
2022,17,Singapore Grand Prix,Marina Bay Street Circuit,gasly,33,1,29.867,alphatauri,Finished,0,0,unknown,0,0,0,0,1,0.3050847457627119,1,0,39.247,0,1,0,0,Abnormal long stop,202,69,30.67627929783397,30.356285248147586,-0.8092792978339673,-0.4892852481475849
2022,17,Singapore Grand Prix,Marina Bay Street Circuit,hamilton,34,1,41.019,mercedes,Finished,0,0,unknown,0,0,0,0,1,0.3050847457627119,1,0,39.247,0,1,0,0,Abnormal long stop,278,69,31.337098320663586,30.499280690277864,9.681901679336413,10.519719309722134
2022,17,Singapore Grand Prix,Marina Bay Street Circuit,kevinmagnussen,7,1,39.247,haas,Finished,0,0,unknown,0,0,0,0,1,0.3050847457627119,1,0,39.247,0,1,0,0,Abnormal long stop,272,69,32.336477631100166,31.395633161370284,6.910522368899834,7.8513668386297155
2022,17,Singapore Grand Prix,Marina Bay Street Circuit,kevinmagnussen,33,2,32.603,haas,Finished,0,0,unknown,0,0,0,0,1,0.3050847457627119,1,0,39.247,0,1,0,0,Abnormal long stop,272,69,32.336477631100166,31.60272962399529,0.26652236889983527,1.0002703760047105
2022,17,Singapore Grand Prix,Marina Bay Street Circuit,leclerc,34,1,32.058,ferrari,Finished,0,0,unknown,0,0,0,0,1,0.3050847457627119,1,0,39.247,0,1,0,0,Abnormal long stop,259,69,30.96606324828442,30.230013218600686,1.0919367517155791,1.8279867813993143
2022,17,Singapore Grand Prix,Marina Bay Street Circuit,maxverstappen,35,1,29.407,red_bull,Finished,0,0,unknown,0,0,0,0,1,0.3050847457627119,1,0,39.247,0,1,0,0,Abnormal long stop,292,69,30.888932969977812,29.942266074060996,-1.4819329699778123,-0.5352660740609956
2022,17,Singapore Grand Prix,Marina Bay Street Circuit,maxverstappen,40,2,29.775,red_bull,Finished,0,0,unknown,0,0,0,0,1,0.3050847457627119,1,0,39.247,0,1,0,0,Abnormal long stop,292,69,30.888932969977812,30.10450890590529,-1.1139329699778138,-0.3295089059052927
2022,17,Singapore Grand Prix,Marina Bay Street Circuit,mickschumacher,34,1,31.201,haas,+1 Lap,0,0,unknown,0,0,0,0,1,0.3050847457627119,1,0,39.247,0,1,0,0,Abnormal long stop,272,69,32.336477631100166,31.453302115231196,-1.1354776311001658,-0.2523021152311955
2022,17,Singapore Grand Prix,Marina Bay Street Circuit,mickschumacher,41,2,34.722,haas,+1 Lap,0,0,unknown,0,0,0,0,1,0.3050847457627119,1,0,39.247,0,1,0,0,Abnormal long stop,272,69,32.336477631100166,31.619816721435566,2.385522368899835,3.1021832785644357
2022,17,Singapore Grand Prix,Marina Bay Street Circuit,norris,36,1,30.528,mclaren,Finished,0,0,unknown,0,0,0,0,1,0.3050847457627119,1,0,39.247,0,1,0,0,Abnormal long stop,270,69,30.93965862769402,30.4035043196727,-0.4116586276940204,0.12449568032729985
2022,17,Singapore Grand Prix,Marina Bay Street Circuit,perez,35,1,29.55,red_bull,Finished,0,0,unknown,0,0,0,0,1,0.3050847457627119,1,0,39.247,0,1,0,0,Abnormal long stop,292,69,30.888932969977812,29.942266074060996,-1.3389329699778116,-0.3922660740609949
2022,17,Singapore Grand Prix,Marina Bay Street Circuit,ricciardo,36,1,30.946,mclaren,Finished,0,0,unknown,0,0,0,0,1,0.3050847457627119,1,0,39.247,0,1,0,0,Abnormal long stop,270,69,30.93965862769402,30.4035043196727,0.006341372305982418,0.5424956803273027
2022,17,Singapore Grand Prix,Marina Bay Street Circuit,russell,21,1,30.378,mercedes,+2 Laps,0,0,unknown,0,0,0,0,1,0.3050847457627119,1,0,39.247,0,1,0,0,Abnormal long stop,278,69,31.337098320663586,30.471514156937424,-0.9590983206635855,-0.09351415693742382
2022,17,Singapore Grand Prix,Marina Bay Street Circuit,russell,35,2,29.713,mercedes,+2 Laps,0,0,unknown,0,0,0,0,1,0.3050847457627119,1,0,39.247,0,1,0,0,Abnormal long stop,278,69,31.337098320663586,30.65297997340203,-1.6240983206635846,-0.9399799734020284
2022,17,Singapore Grand Prix,Marina Bay Street Circuit,russell,41,3,33.211,mercedes,+2 Laps,0,0,unknown,0,0,0,0,1,0.3050847457627119,1,0,39.247,0,1,0,0,Abnormal long stop,278,69,31.337098320663586,31.147520178732535,1.873901679336413,2.063479821267464
2022,17,Singapore Grand Prix,Marina Bay Street Circuit,russell,51,4,29.893,mercedes,+2 Laps,0,0,unknown,0,0,0,0,1,0.3050847457627119,1,0,39.247,0,1,0,0,Abnormal long stop,278,69,31.337098320663586,32.653540060484715,-1.444098320663585,-2.760540060484715
2022,17,Singapore Grand Prix,Marina Bay Street Circuit,sainz,35,1,30.603,ferrari,Finished,0,0,unknown,0,0,0,0,1,0.3050847457627119,1,0,39.247,0,1,0,0,Abnormal long stop,259,69,30.96606324828442,30.232149105780717,-0.36306324828441916,0.3708508942192843
2022,17,Singapore Grand Prix,Marina Bay Street Circuit,stroll,35,1,29.863,aston_martin,Finished,0,0,unknown,0,0,0,0,1,0.3050847457627119,1,0,39.247,0,1,0,0,Abnormal long stop,271,69,31.153959038303267,30.571983386096306,-1.2909590383032672,-0.7089833860963068
2022,17,Singapore Grand Prix,Marina Bay Street Circuit,tsunoda,33,1,31.293,alphatauri,Accident,1,0,unknown,0,0,0,0,1,0.3050847457627119,1,0,39.247,0,1,0,0,Possible damage/crash race,202,69,30.67627929783397,31.820201043634654,0.616720702166031,-0.5272010436346548
2022,17,Singapore Grand Prix,Marina Bay Street Circuit,vettel,34,1,29.704,aston_martin,Finished,0,0,unknown,0,0,0,0,1,0.3050847457627119,1,0,39.247,0,1,0,0,Abnormal long stop,271,69,31.153959038303267,30.569847498916268,-1.4499590383032661,-0.865847498916267
2022,18,Japanese Grand Prix,Suzuka Circuit,alonso,8,2,24.106,alpine,Finished,0,0,unknown,0,0,0,0,1,0.06896551724137931,1,1,25.8685,0,1,0,0,Abnormal long stop,249,24,23.866406871516027,23.88778410652033,0.23959312848397474,0.21821589347967318
2022,18,Japanese Grand Prix,Suzuka Circuit,alonso,22,3,24.123,alpine,Finished,0,0,unknown,0,0,0,0,1,0.06896551724137931,1,1,25.8685,0,1,0,0,Abnormal long stop,249,24,23.866406871516027,24.399411409291105,0.2565931284839742,-0.27641140929110364
2022,18,Japanese Grand Prix,Suzuka Circuit,bottas,6,2,24.869,alfa,Finished,0,0,unknown,0,0,0,0,1,0.06896551724137931,1,1,25.8685,0,1,0,0,Abnormal long stop,194,24,23.840865712101035,23.900979113166777,1.0281342878989648,0.968020886833223
2022,18,Japanese Grand Prix,Suzuka Circuit,gasly,7,3,24.966,alphatauri,Finished,0,0,unknown,0,0,0,0,1,0.06896551724137931,1,1,25.8685,0,1,0,0,Abnormal long stop,202,24,23.384270504867384,23.949095963113688,1.5817294951326168,1.016904036886313
2022,18,Japanese Grand Prix,Suzuka Circuit,gasly,19,4,23.966,alphatauri,Finished,0,0,unknown,0,0,0,0,1,0.06896551724137931,1,1,25.8685,0,1,0,0,Abnormal long stop,202,24,23.384270504867384,25.459387619225943,0.5817294951326168,-1.4933876192259419
2022,18,Japanese Grand Prix,Suzuka Circuit,hamilton,7,2,25.059,mercedes,Finished,0,0,unknown,0,0,0,0,1,0.06896551724137931,1,1,25.8685,0,1,0,0,Abnormal long stop,278,24,24.045089527697,23.60823063581363,1.0139104723029995,1.450769364186371
2022,18,Japanese Grand Prix,Suzuka Circuit,kevinmagnussen,7,2,25.594,haas,Finished,0,0,unknown,0,0,0,0,1,0.06896551724137931,1,1,25.8685,0,1,0,0,Abnormal long stop,272,24,25.04446883813358,24.562252060766966,0.5495311618664225,1.0317479392330355
2022,18,Japanese Grand Prix,Suzuka Circuit,latifi,5,2,24.785,williams,Finished,0,0,unknown,0,0,0,0,1,0.06896551724137931,1,1,25.8685,0,1,0,0,Abnormal long stop,271,24,24.89591910620193,23.89493524177889,-0.1109191062019299,0.8900647582211114
2022,18,Japanese Grand Prix,Suzuka Circuit,leclerc,7,2,25.899,ferrari,Finished,0,0,unknown,0,0,0,0,1,0.06896551724137931,1,1,25.8685,0,1,0,0,Abnormal long stop,259,24,23.674054455317837,23.338963164136448,2.224945544682164,2.560036835863553
2022,18,Japanese Grand Prix,Suzuka Circuit,maxverstappen,7,2,24.308,red_bull,Finished,0,0,unknown,0,0,0,0,1,0.06896551724137931,1,1,25.8685,0,1,0,0,Abnormal long stop,292,24,23.59692417701123,23.049080132416726,0.7110758229887715,1.2589198675832733
2022,18,Japanese Grand Prix,Suzuka Circuit,mickschumacher,11,2,24.608,haas,Finished,0,0,unknown,0,0,0,0,1,0.06896551724137931,1,1,25.8685,0,1,0,0,Abnormal long stop,272,24,25.04446883813358,24.5707956094871,-0.4364688381335782,0.03720439051290114
2022,18,Japanese Grand Prix,Suzuka Circuit,norris,6,2,24.595,mclaren,Finished,0,0,unknown,0,0,0,0,1,0.06896551724137931,1,1,25.8685,0,1,0,0,Abnormal long stop,270,24,23.647649834727435,23.506046603668363,0.9473501652725638,1.088953396331636
2022,18,Japanese Grand Prix,Suzuka Circuit,ocon,7,2,25.172,alpine,Finished,0,0,unknown,0,0,0,0,1,0.06896551724137931,1,1,25.8685,0,1,0,0,Abnormal long stop,249,24,23.866406871516027,23.885648219340297,1.3055931284839737,1.2863517806597038
2022,18,Japanese Grand Prix,Suzuka Circuit,perez,7,2,25.322,red_bull,Finished,0,0,unknown,0,0,0,0,1,0.06896551724137931,1,1,25.8685,0,1,0,0,Abnormal long stop,292,24,23.59692417701123,23.049080132416726,1.7250758229887708,2.2729198675832727
2022,18,Japanese Grand Prix,Suzuka Circuit,ricciardo,8,2,25.377,mclaren,Finished,0,0,unknown,0,0,0,0,1,0.06896551724137931,1,1,25.8685,0,1,0,0,Abnormal long stop,270,24,23.647649834727435,23.51031837802843,1.7293501652725638,1.8666816219715692
2022,18,Japanese Grand Prix,Suzuka Circuit,russell,7,2,28.728,mercedes,Finished,0,0,unknown,0,0,0,0,1,0.06896551724137931,1,1,25.8685,0,1,0,0,Abnormal long stop,278,24,24.045089527697,23.60823063581363,4.682910472303,5.1197693641863715
2022,18,Japanese Grand Prix,Suzuka Circuit,stroll,7,2,24.005,aston_martin,Finished,0,0,unknown,0,0,0,0,1,0.06896551724137931,1,1,25.8685,0,1,0,0,Abnormal long stop,271,24,23.861950245336683,23.678797444452037,0.14304975466331626,0.32620255554796174
2022,18,Japanese Grand Prix,Suzuka Circuit,stroll,19,3,23.87,aston_martin,Finished,0,0,unknown,0,0,0,0,1,0.06896551724137931,1,1,25.8685,0,1,0,0,Abnormal long stop,271,24,23.861950245336683,24.18615297286274,0.008049754663318254,-0.3161529728627386
2022,18,Japanese Grand Prix,Suzuka Circuit,tsunoda,7,2,24.439,alphatauri,Finished,0,0,unknown,0,0,0,0,1,0.06896551724137931,1,1,25.8685,0,1,0,0,Abnormal long stop,202,24,23.384270504867384,23.467371080863387,1.0547294951326158,0.971628919136613
2022,18,Japanese Grand Prix,Suzuka Circuit,tsunoda,20,3,23.756,alphatauri,Finished,0,0,unknown,0,0,0,0,1,0.06896551724137931,1,1,25.8685,0,1,0,0,Abnormal long stop,202,24,23.384270504867384,23.976862496454128,0.371729495132616,-0.22086249645412792
2022,18,Japanese Grand Prix,Suzuka Circuit,vettel,5,2,24.218,aston_martin,Finished,0,0,unknown,0,0,0,0,1,0.06896551724137931,1,1,25.8685,0,1,0,0,Abnormal long stop,271,24,23.861950245336683,23.674525670091967,0.35604975466331723,0.5434743299080331
2022,18,Japanese Grand Prix,Suzuka Circuit,zhou,9,2,24.563,alfa,Finished,0,0,unknown,0,0,0,0,1,0.06896551724137931,1,1,25.8685,0,1,0,0,Abnormal long stop,194,24,23.840865712101035,23.90738677470688,0.7221342878989638,0.6556132252931199
2022,18,Japanese Grand Prix,Suzuka Circuit,zhou,18,3,24.266,alfa,Finished,0,0,unknown,0,0,0,0,1,0.06896551724137931,1,1,25.8685,0,1,0,0,Abnormal long stop,194,24,23.840865712101035,24.408334641577486,0.42513428789896324,-0.14233464157748799
2022,19,United States Grand Prix,Circuit of the Americas,albon,9,1,24.624,williams,Finished,0,0,unknown,0,0,0,0,1,0.14285714285714285,1,0,33.729749999999996,0,1,0,0,Abnormal long stop,271,135,25.848934425862964,25.541536899411472,-1.2249344258629655,-0.9175368994114734
2022,19,United States Grand Prix,Circuit of the Americas,albon,18,2,24.311,williams,Finished,0,0,unknown,0,0,0,0,1,0.14285714285714285,1,0,33.729749999999996,0,1,0,0,Abnormal long stop,271,135,25.848934425862964,25.71232327997591,-1.5379344258629644,-1.4013232799759088
2022,19,United States Grand Prix,Circuit of the Americas,alonso,18,1,23.87,alpine,Finished,0,0,unknown,0,0,0,0,1,0.14285714285714285,1,0,33.729749999999996,0,1,0,0,Abnormal long stop,249,135,24.81942219117706,25.547201087233116,-0.9494221911770602,-1.6772010872331151
2022,19,United States Grand Prix,Circuit of the Americas,alonso,22,2,39.707,alpine,Finished,0,0,unknown,0,0,0,0,1,0.14285714285714285,1,0,33.729749999999996,0,1,0,0,Abnormal long stop,249,135,24.81942219117706,25.70730803189738,14.88757780882294,13.99969196810262
2022,19,United States Grand Prix,Circuit of the Americas,bottas,10,1,25.013,alfa,Spun off,0,0,unknown,0,0,0,0,1,0.14285714285714285,1,0,33.729749999999996,0,1,0,0,Abnormal long stop,194,135,24.79388103176207,25.54758077079936,0.21911896823793242,-0.5345807707993586
2022,19,United States Grand Prix,Circuit of the Americas,gasly,11,1,23.67,alphatauri,Finished,0,0,unknown,0,0,0,0,1,0.14285714285714285,1,0,33.729749999999996,0,1,0,0,Abnormal long stop,202,135,24.33728582452842,25.11397273849597,-0.6672858245284168,-1.4439727384959689
2022,19,United States Grand Prix,Circuit of the Americas,gasly,32,2,28.918,alphatauri,Finished,0,0,unknown,0,0,0,0,1,0.14285714285714285,1,0,33.729749999999996,0,1,0,0,Abnormal long stop,202,135,24.33728582452842,25.310389765220812,4.580714175471581,3.6076102347791874
2022,19,United States Grand Prix,Circuit of the Americas,hamilton,12,1,24.362,mercedes,Finished,0,0,unknown,0,0,0,0,1,0.14285714285714285,1,0,33.729749999999996,0,1,0,0,Abnormal long stop,278,135,24.998104847358036,25.256968180626245,-0.6361048473580375,-0.8949681806262468
2022,19,United States Grand Prix,Circuit of the Americas,hamilton,34,2,24.135,mercedes,Finished,0,0,unknown,0,0,0,0,1,0.14285714285714285,1,0,33.729749999999996,0,1,0,0,Abnormal long stop,278,135,24.998104847358036,25.45552109453112,-0.8631048473580343,-1.32052109453112
2022,19,United States Grand Prix,Circuit of the Americas,kevinmagnussen,18,1,29.039,haas,Finished,0,0,unknown,0,0,0,0,1,0.14285714285714285,1,0,33.729749999999996,0,1,0,0,Abnormal long stop,272,135,25.997484157794613,26.223804928659785,3.0415158422053885,2.8151950713402165
2022,19,United States Grand Prix,Circuit of the Americas,latifi,5,1,25.321,williams,Finished,0,0,unknown,0,0,0,0,1,0.14285714285714285,1,0,33.729749999999996,0,1,0,0,Abnormal long stop,271,135,25.848934425862964,25.532993350691335,-0.5279344258629628,-0.2119933506913334
2022,19,United States Grand Prix,Circuit of the Americas,latifi,18,2,24.195,williams,Finished,0,0,unknown,0,0,0,0,1,0.14285714285714285,1,0,33.729749999999996,0,1,0,0,Abnormal long stop,271,135,25.848934425862964,25.71232327997591,-1.653934425862964,-1.5173232799759084
2022,19,United States Grand Prix,Circuit of the Americas,leclerc,18,1,24.314,ferrari,Finished,0,0,unknown,0,0,0,0,1,0.14285714285714285,1,0,33.729749999999996,0,1,0,0,Abnormal long stop,259,135,24.62706977497887,25.000516032029267,-0.3130697749788709,-0.6865160320292674
2022,19,United States Grand Prix,Circuit of the Americas,leclerc,35,2,23.755,ferrari,Finished,0,0,unknown,0,0,0,0,1,0.14285714285714285,1,0,33.729749999999996,0,1,0,0,Abnormal long stop,259,135,24.62706977497887,25.188389510033975,-0.872069774978872,-1.433389510033976
2022,19,United States Grand Prix,Circuit of the Americas,maxverstappen,13,1,23.866,red_bull,Finished,0,0,unknown,0,0,0,0,1,0.14285714285714285,1,0,33.729749999999996,0,1,0,0,Abnormal long stop,292,135,24.549939496672263,24.699953564409377,-0.683939496672263,-0.8339535644093772
2022,19,United States Grand Prix,Circuit of the Americas,maxverstappen,35,2,32.254,red_bull,Finished,0,0,unknown,0,0,0,0,1,0.14285714285714285,1,0,33.729749999999996,0,1,0,0,Abnormal long stop,292,135,24.549939496672263,24.898506478314253,7.704060503327735,7.355493521685744
2022,19,United States Grand Prix,Circuit of the Americas,mickschumacher,18,1,25.209,haas,Finished,0,0,unknown,0,0,0,0,1,0.14285714285714285,1,0,33.729749999999996,0,1,0,0,Abnormal long stop,272,135,25.997484157794613,26.223804928659785,-0.7884841577946133,-1.0148049286597853
2022,19,United States Grand Prix,Circuit of the Americas,mickschumacher,33,2,24.651,haas,Finished,0,0,unknown,0,0,0,0,1,0.14285714285714285,1,0,33.729749999999996,0,1,0,0,Abnormal long stop,272,135,25.997484157794613,26.40740663230442,-1.3464841577946132,-1.7564066323044187
2022,19,United States Grand Prix,Circuit of the Americas,norris,14,1,24.026,mclaren,Finished,0,0,unknown,0,0,0,0,1,0.14285714285714285,1,0,33.729749999999996,0,1,0,0,Abnormal long stop,270,135,24.60066515438847,25.16119181002108,-0.5746651543884695,-1.1351918100210803
2022,19,United States Grand Prix,Circuit of the Americas,norris,34,2,23.702,mclaren,Finished,0,0,unknown,0,0,0,0,1,0.14285714285714285,1,0,33.729749999999996,0,1,0,0,Abnormal long stop,270,135,24.60066515438847,25.35547294956589,-0.8986651543884676,-1.653472949565888
2022,19,United States Grand Prix,Circuit of the Americas,ocon,18,1,24.816,alpine,Finished,0,0,unknown,0,0,0,0,1,0.14285714285714285,1,0,33.729749999999996,0,1,0,0,Abnormal long stop,249,135,24.81942219117706,25.547201087233116,-0.003422191177062217,-0.7312010872331172
2022,19,United States Grand Prix,Circuit of the Americas,ocon,45,2,24.711,alpine,Finished,0,0,unknown,0,0,0,0,1,0.14285714285714285,1,0,33.729749999999996,0,1,0,0,Abnormal long stop,249,135,24.81942219117706,25.75643343703816,-0.10842219117706264,-1.045433437038163
2022,19,United States Grand Prix,Circuit of the Americas,perez,14,1,23.403,red_bull,Finished,0,0,unknown,0,0,0,0,1,0.14285714285714285,1,0,33.729749999999996,0,1,0,0,Abnormal long stop,292,135,24.549939496672263,24.70208945158941,-1.146939496672264,-1.2990894515894098
2022,19,United States Grand Prix,Circuit of the Americas,perez,38,2,24.801,red_bull,Finished,0,0,unknown,0,0,0,0,1,0.14285714285714285,1,0,33.729749999999996,0,1,0,0,Abnormal long stop,292,135,24.549939496672263,24.904914139854355,0.2510605033277358,-0.10391413985435705
2022,19,United States Grand Prix,Circuit of the Americas,ricciardo,10,1,26.206,mclaren,Finished,0,0,unknown,0,0,0,0,1,0.14285714285714285,1,0,33.729749999999996,0,1,0,0,Abnormal long stop,270,135,24.60066515438847,25.152648261300943,1.6053348456115302,1.0533517386990567
2022,19,United States Grand Prix,Circuit of the Americas,ricciardo,35,2,24.436,mclaren,Finished,0,0,unknown,0,0,0,0,1,0.14285714285714285,1,0,33.729749999999996,0,1,0,0,Abnormal long stop,270,135,24.60066515438847,25.357608836745925,-0.1646651543884694,-0.921608836745925
2022,19,United States Grand Prix,Circuit of the Americas,russell,13,1,30.038,mercedes,Finished,0,0,unknown,0,0,0,0,1,0.14285714285714285,1,0,33.729749999999996,0,1,0,0,Abnormal long stop,278,135,24.998104847358036,25.259104067806284,5.039895152641964,4.778895932193716
2022,19,United States Grand Prix,Circuit of the Americas,russell,36,2,24.509,mercedes,Finished,0,0,unknown,0,0,0,0,1,0.14285714285714285,1,0,33.729749999999996,0,1,0,0,Abnormal long stop,278,135,24.998104847358036,25.45979286889119,-0.4891048473580355,-0.9507928688911882
2022,19,United States Grand Prix,Circuit of the Americas,russell,54,3,23.947,mercedes,Finished,0,0,unknown,0,0,0,0,1,0.14285714285714285,1,0,33.729749999999996,0,1,0,0,Abnormal long stop,278,135,24.998104847358036,25.979963720382102,-1.0511048473580367,-2.032963720382103
2022,19,United States Grand Prix,Circuit of the Americas,stroll,15,1,25.417,aston_martin,Collision,1,0,unknown,0,0,0,0,1,0.14285714285714285,1,0,33.729749999999996,0,1,0,0,Possible damage/crash race,271,135,24.814965564997717,26.797858446291816,0.6020344350022846,-1.380858446291814
2022,19,United States Grand Prix,Circuit of the Americas,tsunoda,10,1,23.688,alphatauri,Finished,0,0,unknown,0,0,0,0,1,0.14285714285714285,1,0,33.729749999999996,0,1,0,0,Abnormal long stop,202,135,24.33728582452842,25.11183685131594,-0.6492858245284197,-1.42383685131594
2022,19,United States Grand Prix,Circuit of the Americas,tsunoda,33,2,23.241,alphatauri,Finished,0,0,unknown,0,0,0,0,1,0.14285714285714285,1,0,33.729749999999996,0,1,0,0,Abnormal long stop,202,135,24.33728582452842,25.312525652400844,-1.0962858245284188,-2.071525652400844
2022,19,United States Grand Prix,Circuit of the Americas,vettel,18,1,24.307,aston_martin,Finished,0,0,unknown,0,0,0,0,1,0.14285714285714285,1,0,33.729749999999996,0,1,0,0,Abnormal long stop,271,135,24.814965564997717,25.340350312344857,-0.5079655649977184,-1.033350312344858
2022,19,United States Grand Prix,Circuit of the Americas,vettel,41,2,38.157,aston_martin,Finished,0,0,unknown,0,0,0,0,1,0.14285714285714285,1,0,33.729749999999996,0,1,0,0,Abnormal long stop,271,135,24.814965564997717,25.541039113429765,13.34203443500228,12.615960886570232
2022,19,United States Grand Prix,Circuit of the Americas,zhou,9,1,27.326,alfa,Finished,0,0,unknown,0,0,0,0,1,0.14285714285714285,1,0,33.729749999999996,0,1,0,0,Abnormal long stop,194,135,24.79388103176207,25.545444883619325,2.5321189682379313,1.7805551163806754
2022,19,United States Grand Prix,Circuit of the Americas,zhou,23,2,25.015,alfa,Finished,0,0,unknown,0,0,0,0,1,0.14285714285714285,1,0,33.729749999999996,0,1,0,0,Abnormal long stop,194,135,24.79388103176207,25.72691070008393,0.2211189682379313,-0.71191070008393
2022,20,Mexico City Grand Prix,Autódromo Hermanos Rodríguez,albon,38,1,23.182,williams,+1 Lap,0,0,unknown,0,0,0,0,1,0.056338028169014086,1,0,24.824599999999997,0,1,0,0,Abnormal long stop,271,85,19.72969907165461,24.977999354530596,3.4523009283453874,-1.795999354530597
2022,20,Mexico City Grand Prix,Autódromo Hermanos Rodríguez,alonso,40,1,23.159,alpine,Engine,0,0,unknown,0,0,0,0,1,0.056338028169014086,1,0,24.824599999999997,0,1,0,0,Abnormal long stop,249,85,18.700186836968708,24.968712332092,4.458813163031291,-1.8097123320920012
2022,20,Mexico City Grand Prix,Autódromo Hermanos Rodríguez,bottas,39,1,23.863,alfa,+1 Lap,0,0,unknown,0,0,0,0,1,0.056338028169014086,1,0,24.824599999999997,0,1,0,0,Abnormal long stop,194,85,18.674645677553716,24.98404322591848,5.188354322446283,-1.1210432259184806
2022,20,Mexico City Grand Prix,Autódromo Hermanos Rodríguez,gasly,40,1,29.168,alphatauri,+1 Lap,0,0,unknown,0,0,0,0,1,0.056338028169014086,1,0,24.824599999999997,0,1,0,0,Abnormal long stop,202,85,18.218050470320065,24.550435193615094,10.949949529679934,4.617564806384905
2022,20,Mexico City Grand Prix,Autódromo Hermanos Rodríguez,hamilton,29,1,23.194,mercedes,Finished,0,0,unknown,0,0,0,0,1,0.056338028169014086,1,0,24.824599999999997,0,1,0,0,Abnormal long stop,278,85,18.878869493149683,24.667799989584964,4.315130506850316,-1.4737999895849647
2022,20,Mexico City Grand Prix,Autódromo Hermanos Rodríguez,kevinmagnussen,38,1,23.722,haas,+1 Lap,0,0,unknown,0,0,0,0,1,0.056338028169014086,1,0,24.824599999999997,0,1,0,0,Abnormal long stop,272,85,19.87824880358626,25.641044399158602,3.8437511964137414,-1.9190443991586008
2022,20,Mexico City Grand Prix,Autódromo Hermanos Rodríguez,latifi,23,1,23.826,williams,+2 Laps,0,0,unknown,0,0,0,0,1,0.056338028169014086,1,0,24.824599999999997,0,1,0,0,Abnormal long stop,271,85,19.72969907165461,24.945961046830085,4.096300928345389,-1.1199610468300847
2022,20,Mexico City Grand Prix,Autódromo Hermanos Rodríguez,latifi,52,2,24.039,williams,+2 Laps,0,0,unknown,0,0,0,0,1,0.056338028169014086,1,0,24.824599999999997,0,1,0,0,Abnormal long stop,271,85,19.72969907165461,25.1594651709952,4.30930092834539,-1.1204651709951996
2022,20,Mexico City Grand Prix,Autódromo Hermanos Rodríguez,leclerc,28,1,22.193,ferrari,Finished,0,0,unknown,0,0,0,0,1,0.056338028169014086,1,0,24.824599999999997,0,1,0,0,Abnormal long stop,259,85,18.507834420770518,24.396396630727747,3.6851655792294835,-2.2033966307277453
2022,20,Mexico City Grand Prix,Autódromo Hermanos Rodríguez,maxverstappen,25,1,22.487,red_bull,Finished,0,0,unknown,0,0,0,0,1,0.056338028169014086,1,0,24.824599999999997,0,1,0,0,Abnormal long stop,292,85,18.43070414246391,24.10010593746792,4.056295857536089,-1.613105937467921
2022,20,Mexico City Grand Prix,Autódromo Hermanos Rodríguez,mickschumacher,24,1,23.679,haas,+1 Lap,0,0,unknown,0,0,0,0,1,0.056338028169014086,1,0,24.824599999999997,0,1,0,0,Abnormal long stop,272,85,19.87824880358626,25.611141978638127,3.8007511964137386,-1.9321419786381284
2022,20,Mexico City Grand Prix,Autódromo Hermanos Rodríguez,norris,31,1,22.585,mclaren,+1 Lap,0,0,unknown,0,0,0,0,1,0.056338028169014086,1,0,24.824599999999997,0,1,0,0,Abnormal long stop,270,85,18.481429800180116,24.572023618979795,4.103570199819885,-1.9870236189797943
2022,20,Mexico City Grand Prix,Autódromo Hermanos Rodríguez,ocon,33,1,22.343,alpine,+1 Lap,0,0,unknown,0,0,0,0,1,0.056338028169014086,1,0,24.824599999999997,0,1,0,0,Abnormal long stop,249,85,18.700186836968708,24.95376112183176,3.642813163031292,-2.610761121831761
2022,20,Mexico City Grand Prix,Autódromo Hermanos Rodríguez,perez,23,1,24.892,red_bull,Finished,0,0,unknown,0,0,0,0,1,0.056338028169014086,1,0,24.824599999999997,0,1,0,0,Abnormal long stop,292,85,18.43070414246391,24.095834163107853,6.46129585753609,0.7961658368921469
2022,20,Mexico City Grand Prix,Autódromo Hermanos Rodríguez,ricciardo,44,1,22.28,mclaren,+1 Lap,0,0,unknown,0,0,0,0,1,0.056338028169014086,1,0,24.824599999999997,0,1,0,0,Abnormal long stop,270,85,18.481429800180116,24.599790152320235,3.798570199819885,-2.319790152320234
2022,20,Mexico City Grand Prix,Autódromo Hermanos Rodríguez,russell,34,1,22.795,mercedes,Finished,0,0,unknown,0,0,0,0,1,0.056338028169014086,1,0,24.824599999999997,0,1,0,0,Abnormal long stop,278,85,18.878869493149683,24.67847942548513,3.916130506850319,-1.8834794254851275
2022,20,Mexico City Grand Prix,Autódromo Hermanos Rodríguez,russell,69,2,23.118,mercedes,Finished,0,0,unknown,0,0,0,0,1,0.056338028169014086,1,0,24.824599999999997,0,1,0,0,Abnormal long stop,278,85,18.878869493149683,24.90479887273045,4.239130506850316,-1.7867988727304507
2022,20,Mexico City Grand Prix,Autódromo Hermanos Rodríguez,sainz,29,1,23.469,ferrari,Finished,0,0,unknown,0,0,0,0,1,0.056338028169014086,1,0,24.824599999999997,0,1,0,0,Abnormal long stop,259,85,18.507834420770518,24.39853251790778,4.961165579229483,-0.9295325179077771
2022,20,Mexico City Grand Prix,Autódromo Hermanos Rodríguez,stroll,17,1,23.509,aston_martin,+1 Lap,0,0,unknown,0,0,0,0,1,0.056338028169014086,1,0,24.824599999999997,0,1,0,0,Abnormal long stop,271,85,18.695730210789364,24.71273615206296,4.813269789210636,-1.2037361520629588
2022,20,Mexico City Grand Prix,Autódromo Hermanos Rodríguez,stroll,40,2,23.119,aston_martin,+1 Lap,0,0,unknown,0,0,0,0,1,0.056338028169014086,1,0,24.824599999999997,0,1,0,0,Abnormal long stop,271,85,18.695730210789364,24.913424953147867,4.423269789210636,-1.7944249531478675
2022,20,Mexico City Grand Prix,Autódromo Hermanos Rodríguez,tsunoda,29,1,22.468,alphatauri,Collision damage,1,0,unknown,0,0,0,0,1,0.056338028169014086,1,0,24.824599999999997,0,1,0,0,Possible damage/crash race,202,85,18.218050470320065,25.990856230121782,4.249949529679935,-3.522856230121782
2022,20,Mexico City Grand Prix,Autódromo Hermanos Rodríguez,vettel,38,1,22.534,aston_martin,+1 Lap,0,0,unknown,0,0,0,0,1,0.056338028169014086,1,0,24.824599999999997,0,1,0,0,Abnormal long stop,271,85,18.695730210789364,24.757589782843674,3.838269789210635,-2.223589782843675
2022,20,Mexico City Grand Prix,Autódromo Hermanos Rodríguez,zhou,45,1,24.218,alfa,+1 Lap,0,0,unknown,0,0,0,0,1,0.056338028169014086,1,0,24.824599999999997,0,1,0,0,Abnormal long stop,194,85,18.674645677553716,24.996858548998684,5.543354322446284,-0.7788585489986843
2022,21,São Paulo Grand Prix,Autódromo José Carlos Pace,albon,4,1,24.361,williams,Finished,0,0,unknown,0,0,0,0,0,0,0,0,29.9687,0,1,0,0,Abnormal long stop,271,153,19.006384873815758,22.48799361082633,5.3546151261842425,1.8730063891736712
2022,21,São Paulo Grand Prix,Autódromo José Carlos Pace,albon,25,2,23.352,williams,Finished,0,0,unknown,0,0,0,0,0,0,0,0,29.9687,0,1,0,0,Abnormal long stop,271,153,19.006384873815758,22.684410637551167,4.345615126184242,0.6675893624488332
2022,21,São Paulo Grand Prix,Autódromo José Carlos Pace,albon,47,3,23.322,williams,Finished,0,0,unknown,0,0,0,0,0,0,0,0,29.9687,0,1,0,0,Abnormal long stop,271,153,19.006384873815758,23.213125037762214,4.315615126184241,0.1088749622377847
2022,21,São Paulo Grand Prix,Autódromo José Carlos Pace,alonso,14,1,23.478,alpine,Finished,0,0,unknown,0,0,0,0,0,0,0,0,29.9687,0,1,0,0,Abnormal long stop,249,153,17.976872639129855,22.495793685828005,5.5011273608701465,0.9822063141719966
2022,21,São Paulo Grand Prix,Autódromo José Carlos Pace,alonso,35,2,28.855,alpine,Finished,0,0,unknown,0,0,0,0,0,0,0,0,29.9687,0,1,0,0,Abnormal long stop,249,153,17.976872639129855,22.692210712552843,10.878127360870145,6.162789287447158
2022,21,São Paulo Grand Prix,Autódromo José Carlos Pace,alonso,52,3,23.79,alpine,Finished,0,0,unknown,0,0,0,0,0,0,0,0,29.9687,0,1,0,0,Abnormal long stop,249,153,17.976872639129855,23.21024567686372,5.813127360870144,0.5797543231362781
2022,21,São Paulo Grand Prix,Autódromo José Carlos Pace,bottas,24,1,23.908,alfa,Finished,0,0,unknown,0,0,0,0,0,0,0,0,29.9687,0,1,0,0,Abnormal long stop,194,153,17.951331479714863,22.534619338634855,5.956668520285138,1.3733806613651467
2022,21,São Paulo Grand Prix,Autódromo José Carlos Pace,bottas,45,2,24.616,alfa,Finished,0,0,unknown,0,0,0,0,0,0,0,0,29.9687,0,1,0,0,Abnormal long stop,194,153,17.951331479714863,22.7310363653597,6.664668520285137,1.8849636346403003
2022,21,São Paulo Grand Prix,Autódromo José Carlos Pace,gasly,19,1,23.46,alphatauri,Finished,0,0,unknown,0,0,0,0,0,0,0,0,29.9687,0,1,0,0,Abnormal long stop,202,153,17.494736272481212,22.088195983251264,5.9652637275187885,1.3718040167487366
2022,21,São Paulo Grand Prix,Autódromo José Carlos Pace,gasly,35,2,23.328,alphatauri,Finished,0,0,unknown,0,0,0,0,0,0,0,0,29.9687,0,1,0,0,Abnormal long stop,202,153,17.494736272481212,22.273933574075933,5.833263727518787,1.0540664259240664
2022,21,São Paulo Grand Prix,Autódromo José Carlos Pace,gasly,52,3,23.009,alphatauri,Finished,0,0,unknown,0,0,0,0,0,0,0,0,29.9687,0,1,0,0,Abnormal long stop,202,153,17.494736272481212,22.79196853838681,5.514263727518788,0.21703146161318898
2022,21,São Paulo Grand Prix,Autódromo José Carlos Pace,hamilton,29,1,24.081,mercedes,Finished,0,0,unknown,0,0,0,0,0,0,0,0,29.9687,0,1,0,0,Abnormal long stop,278,153,18.15555529531083,22.25041441000185,5.92544470468917,1.830585589998151
2022,21,São Paulo Grand Prix,Autódromo José Carlos Pace,hamilton,48,2,23.415,mercedes,Finished,0,0,unknown,0,0,0,0,0,0,0,0,29.9687,0,1,0,0,Abnormal long stop,278,153,18.15555529531083,22.44255966236662,5.2594447046891695,0.9724403376333797
2022,21,São Paulo Grand Prix,Autódromo José Carlos Pace,latifi,20,1,28.807,williams,Finished,0,0,unknown,0,0,0,0,0,0,0,0,29.9687,0,1,0,0,Abnormal long stop,271,153,19.006384873815758,22.52216780570687,9.80061512618424,6.284832194293127
2022,21,São Paulo Grand Prix,Autódromo José Carlos Pace,latifi,32,2,24.292,williams,Finished,0,0,unknown,0,0,0,0,0,0,0,0,29.9687,0,1,0,0,Abnormal long stop,271,153,19.006384873815758,22.699361847811407,5.2856151261842435,1.592638152188595
2022,21,São Paulo Grand Prix,Autódromo José Carlos Pace,latifi,52,3,23.64,williams,Finished,0,0,unknown,0,0,0,0,0,0,0,0,29.9687,0,1,0,0,Abnormal long stop,271,153,19.006384873815758,23.223804473662383,4.633615126184242,0.41619552633761714
2022,21,São Paulo Grand Prix,Autódromo José Carlos Pace,leclerc,7,1,30.08,ferrari,Finished,0,0,unknown,0,0,0,0,0,0,0,0,29.9687,0,1,0,0,Abnormal long stop,259,153,17.784520222931665,21.934157420363917,12.295479777068334,8.145842579636081
2022,21,São Paulo Grand Prix,Autódromo José Carlos Pace,leclerc,21,2,23.172,ferrari,Finished,0,0,unknown,0,0,0,0,0,0,0,0,29.9687,0,1,0,0,Abnormal long stop,259,153,17.784520222931665,22.115623236828522,5.387479777068336,1.0563767631714782
2022,21,São Paulo Grand Prix,Autódromo José Carlos Pace,leclerc,44,3,23.124,ferrari,Finished,0,0,unknown,0,0,0,0,0,0,0,0,29.9687,0,1,0,0,Abnormal long stop,259,153,17.784520222931665,22.6464735242196,5.339479777068334,0.4775264757803974
2022,21,São Paulo Grand Prix,Autódromo José Carlos Pace,maxverstappen,7,1,30.942,red_bull,Finished,0,0,unknown,0,0,0,0,0,0,0,0,29.9687,0,1,0,0,Abnormal long stop,292,153,17.707389944625056,21.64427438864419,13.234610055374944,9.297725611355808
2022,21,São Paulo Grand Prix,Autódromo José Carlos Pace,maxverstappen,23,2,31.682,red_bull,Finished,0,0,unknown,0,0,0,0,0,0,0,0,29.9687,0,1,0,0,Abnormal long stop,292,153,17.707389944625056,21.830011979468868,13.974610055374942,9.851988020531131
2022,21,São Paulo Grand Prix,Autódromo José Carlos Pace,maxverstappen,48,3,24.102,red_bull,Finished,0,0,unknown,0,0,0,0,0,0,0,0,29.9687,0,1,0,0,Abnormal long stop,292,153,17.707389944625056,22.365134041220017,6.394610055374944,1.7368659587799833
2022,21,São Paulo Grand Prix,Autódromo José Carlos Pace,mickschumacher,24,1,24.487,haas,Finished,0,0,unknown,0,0,0,0,0,0,0,0,29.9687,0,1,0,0,Abnormal long stop,272,153,19.154934605747407,23.193756399055008,5.3320653942525915,1.2932436009449901
2022,21,São Paulo Grand Prix,Autódromo José Carlos Pace,mickschumacher,46,2,25.156,haas,Finished,0,0,unknown,0,0,0,0,0,0,0,0,29.9687,0,1,0,0,Abnormal long stop,272,153,19.154934605747407,23.392309312959885,6.001065394252592,1.7636906870401141
2022,21,São Paulo Grand Prix,Autódromo José Carlos Pace,norris,24,1,29.338,mclaren,Gearbox,0,0,unknown,0,0,0,0,0,0,0,0,29.9687,0,1,0,0,Abnormal long stop,270,153,17.758115602341263,22.139686829136444,11.579884397658738,7.198313170863557
2022,21,São Paulo Grand Prix,Autódromo José Carlos Pace,norris,45,2,24.669,mclaren,Gearbox,0,0,unknown,0,0,0,0,0,0,0,0,29.9687,0,1,0,0,Abnormal long stop,270,153,17.758115602341263,22.336103855861285,6.910884397658737,2.332896144138715
2022,21,São Paulo Grand Prix,Autódromo José Carlos Pace,ocon,24,1,23.868,alpine,Finished,0,0,unknown,0,0,0,0,0,0,0,0,29.9687,0,1,0,0,Abnormal long stop,249,153,17.976872639129855,22.517152557628343,5.8911273608701435,1.3508474423716557
2022,21,São Paulo Grand Prix,Autódromo José Carlos Pace,ocon,47,2,24.445,alpine,Finished,0,0,unknown,0,0,0,0,0,0,0,0,29.9687,0,1,0,0,Abnormal long stop,249,153,17.976872639129855,22.71784135871325,6.468127360870145,1.7271586412867492
2022,21,São Paulo Grand Prix,Autódromo José Carlos Pace,perez,23,1,22.869,red_bull,Finished,0,0,unknown,0,0,0,0,0,0,0,0,29.9687,0,1,0,0,Abnormal long stop,292,153,17.707389944625056,21.67844858352474,5.161610055374943,1.1905514164752589
2022,21,São Paulo Grand Prix,Autódromo José Carlos Pace,perez,47,2,23.152,red_bull,Finished,0,0,unknown,0,0,0,0,0,0,0,0,29.9687,0,1,0,0,Abnormal long stop,292,153,17.707389944625056,21.88127327178968,5.444610055374945,1.2707267282103203
2022,21,São Paulo Grand Prix,Autódromo José Carlos Pace,russell,24,1,23.521,mercedes,Finished,0,0,unknown,0,0,0,0,0,0,0,0,29.9687,0,1,0,0,Abnormal long stop,278,153,18.15555529531083,22.239734974101676,5.365444704689171,1.2812650258983247
2022,21,São Paulo Grand Prix,Autódromo José Carlos Pace,russell,49,2,23.48,mercedes,Finished,0,0,unknown,0,0,0,0,0,0,0,0,29.9687,0,1,0,0,Abnormal long stop,278,153,18.15555529531083,22.44469554954665,5.324444704689171,1.0353044504533493
2022,21,São Paulo Grand Prix,Autódromo José Carlos Pace,sainz,17,1,25.206,ferrari,Finished,0,0,unknown,0,0,0,0,0,0,0,0,29.9687,0,1,0,0,Abnormal long stop,259,153,17.784520222931665,21.955516292164262,7.421479777068335,3.2504837078357376
2022,21,São Paulo Grand Prix,Autódromo José Carlos Pace,sainz,36,2,23.483,ferrari,Finished,0,0,unknown,0,0,0,0,0,0,0,0,29.9687,0,1,0,0,Abnormal long stop,259,153,17.784520222931665,22.147661544529033,5.698479777068336,1.3353384554709677
2022,21,São Paulo Grand Prix,Autódromo José Carlos Pace,sainz,53,3,23.816,ferrari,Finished,0,0,unknown,0,0,0,0,0,0,0,0,29.9687,0,1,0,0,Abnormal long stop,259,153,17.784520222931665,22.665696508839908,6.031479777068334,1.1503034911600913
2022,21,São Paulo Grand Prix,Autódromo José Carlos Pace,stroll,29,1,23.469,aston_martin,Finished,0,0,unknown,0,0,0,0,0,0,0,0,29.9687,0,1,0,0,Abnormal long stop,271,153,17.97241601295051,22.320981218640252,5.49658398704949,1.1480187813597489
2022,21,São Paulo Grand Prix,Autódromo José Carlos Pace,stroll,48,2,23.764,aston_martin,Finished,0,0,unknown,0,0,0,0,0,0,0,0,29.9687,0,1,0,0,Abnormal long stop,271,153,17.97241601295051,22.513126471005023,5.7915839870494885,1.2508735289949762
2022,21,São Paulo Grand Prix,Autódromo José Carlos Pace,tsunoda,20,1,23.287,alphatauri,+1 Lap,0,0,unknown,0,0,0,0,0,0,0,0,29.9687,0,1,0,0,Abnormal long stop,202,153,17.494736272481212,22.0903318704313,5.792263727518787,1.1966681295686996
2022,21,São Paulo Grand Prix,Autódromo José Carlos Pace,tsunoda,40,2,23.645,alphatauri,+1 Lap,0,0,unknown,0,0,0,0,0,0,0,0,29.9687,0,1,0,0,Abnormal long stop,202,153,17.494736272481212,22.284613009976106,6.150263727518787,1.360386990023894
2022,21,São Paulo Grand Prix,Autódromo José Carlos Pace,tsunoda,54,3,23.635,alphatauri,+1 Lap,0,0,unknown,0,0,0,0,0,0,0,0,29.9687,0,1,0,0,Abnormal long stop,202,153,17.494736272481212,22.796240312746882,6.140263727518789,0.8387596872531198
2022,21,São Paulo Grand Prix,Autódromo José Carlos Pace,vettel,26,1,24.248,aston_martin,Finished,0,0,unknown,0,0,0,0,0,0,0,0,29.9687,0,1,0,0,Abnormal long stop,271,153,17.97241601295051,22.31457355710015,6.27558398704949,1.9334264428998509
2022,21,São Paulo Grand Prix,Autódromo José Carlos Pace,vettel,45,2,24.028,aston_martin,Finished,0,0,unknown,0,0,0,0,0,0,0,0,29.9687,0,1,0,0,Abnormal long stop,271,153,17.97241601295051,22.50671880946492,6.055583987049488,1.5212811905350776
2022,21,São Paulo Grand Prix,Autódromo José Carlos Pace,zhou,16,1,24.332,alfa,Finished,0,0,unknown,0,0,0,0,0,0,0,0,29.9687,0,1,0,0,Abnormal long stop,194,153,17.951331479714863,22.517532241194587,6.380668520285138,1.8144677588054137
2022,21,São Paulo Grand Prix,Autódromo José Carlos Pace,zhou,37,2,25.111,alfa,Finished,0,0,unknown,0,0,0,0,0,0,0,0,29.9687,0,1,0,0,Abnormal long stop,194,153,17.951331479714863,22.71394926791943,7.159668520285138,2.3970507320805723
2022,22,Abu Dhabi Grand Prix,Yas Marina Circuit,albon,12,1,21.793,williams,+1 Lap,0,0,unknown,0,0,0,0,0,0,0,0,24.7085,0,1,0,0,Abnormal long stop,271,125,23.38932015600743,22.507226822309114,-1.5963201560074296,-0.714226822309115
2022,22,Abu Dhabi Grand Prix,Yas Marina Circuit,albon,35,2,21.798,williams,+1 Lap,0,0,unknown,0,0,0,0,0,0,0,0,24.7085,0,1,0,0,Abnormal long stop,271,125,23.38932015600743,22.707915623394026,-1.5913201560074306,-0.9099156233940278
2022,22,Abu Dhabi Grand Prix,Yas Marina Circuit,alonso,19,1,21.74,alpine,Water leak,0,0,unknown,0,0,0,0,0,0,0,0,24.7085,0,1,0,0,Abnormal long stop,249,125,22.359807921321526,22.508619235770688,-0.6198079213215273,-0.7686192357706894
2022,22,Abu Dhabi Grand Prix,Yas Marina Circuit,bottas,30,1,22.573,alfa,+1 Lap,0,0,unknown,0,0,0,0,0,0,0,0,24.7085,0,1,0,0,Abnormal long stop,194,125,22.334266761906534,22.549580775757576,0.23873323809346658,0.023419224242424264
2022,22,Abu Dhabi Grand Prix,Yas Marina Circuit,gasly,14,1,21.855,alphatauri,+1 Lap,0,0,unknown,0,0,0,0,0,0,0,0,24.7085,0,1,0,0,Abnormal long stop,202,125,21.87767155467288,22.079662661393613,-0.02267155467287907,-0.22466266139361224
2022,22,Abu Dhabi Grand Prix,Yas Marina Circuit,hamilton,18,1,21.27,mercedes,Hydraulics,0,0,unknown,0,0,0,0,0,0,0,0,24.7085,0,1,0,0,Abnormal long stop,278,125,22.5384905775025,22.229065765063986,-1.2684905775025008,-0.9590657650639862
2022,22,Abu Dhabi Grand Prix,Yas Marina Circuit,kevinmagnussen,28,1,22.387,haas,+1 Lap,0,0,unknown,0,0,0,0,0,0,0,0,24.7085,0,1,0,0,Abnormal long stop,272,125,23.53786988793908,23.204446061817663,-1.1508698879390806,-0.8174460618176624
2022,22,Abu Dhabi Grand Prix,Yas Marina Circuit,latifi,15,1,22.423,williams,Collision damage,1,0,unknown,0,0,0,0,0,0,0,0,24.7085,0,1,0,0,Possible damage/crash race,271,125,23.38932015600743,23.977550279336278,-0.9663201560074306,-1.5545502793362793
2022,22,Abu Dhabi Grand Prix,Yas Marina Circuit,latifi,38,2,25.174,williams,Collision damage,1,0,unknown,0,0,0,0,0,0,0,0,24.7085,0,1,0,0,Possible damage/crash race,271,125,23.38932015600743,24.17823908042119,1.7846798439925706,0.9957609195788102
2022,22,Abu Dhabi Grand Prix,Yas Marina Circuit,leclerc,21,1,22.21,ferrari,Finished,0,0,unknown,0,0,0,0,0,0,0,0,24.7085,0,1,0,0,Abnormal long stop,259,125,22.167455505123336,21.96620595492691,0.04254449487666534,0.24379404507309133
2022,22,Abu Dhabi Grand Prix,Yas Marina Circuit,maxverstappen,20,1,22.735,red_bull,Finished,0,0,unknown,0,0,0,0,0,0,0,0,24.7085,0,1,0,0,Abnormal long stop,292,125,22.090325226816727,21.674187036027153,0.6446747731832723,1.0608129639728467
2022,22,Abu Dhabi Grand Prix,Yas Marina Circuit,mickschumacher,14,1,22.276,haas,+1 Lap,0,0,unknown,0,0,0,0,0,0,0,0,24.7085,0,1,0,0,Abnormal long stop,272,125,23.53786988793908,23.174543641297188,-1.2618698879390813,-0.8985436412971879
2022,22,Abu Dhabi Grand Prix,Yas Marina Circuit,mickschumacher,34,2,23.53,haas,+1 Lap,0,0,unknown,0,0,0,0,0,0,0,0,24.7085,0,1,0,0,Abnormal long stop,272,125,23.53786988793908,23.368824780841994,-0.007869887939079945,0.16117521915800737
2022,22,Abu Dhabi Grand Prix,Yas Marina Circuit,norris,15,1,22.234,mclaren,Finished,0,0,unknown,0,0,0,0,0,0,0,0,24.7085,0,1,0,0,Abnormal long stop,270,125,22.141050884532937,22.122609958558655,0.0929491154670643,0.11139004144134645
2022,22,Abu Dhabi Grand Prix,Yas Marina Circuit,norris,42,2,21.559,mclaren,Finished,0,0,unknown,0,0,0,0,0,0,0,0,24.7085,0,1,0,0,Abnormal long stop,270,125,22.141050884532937,22.331842308363697,-0.5820508845329364,-0.7728423083636962
2022,22,Abu Dhabi Grand Prix,Yas Marina Circuit,ocon,14,1,21.895,alpine,Finished,0,0,unknown,0,0,0,0,0,0,0,0,24.7085,0,1,0,0,Abnormal long stop,249,125,22.359807921321526,22.49793979987052,-0.46480792132152615,-0.6029397998705193
2022,22,Abu Dhabi Grand Prix,Yas Marina Circuit,ocon,41,2,21.734,alpine,Finished,0,0,unknown,0,0,0,0,0,0,0,0,24.7085,0,1,0,0,Abnormal long stop,249,125,22.359807921321526,22.70717214967556,-0.625807921321524,-0.973172149675559
2022,22,Abu Dhabi Grand Prix,Yas Marina Circuit,perez,15,1,21.36,red_bull,Finished,0,0,unknown,0,0,0,0,0,0,0,0,24.7085,0,1,0,0,Abnormal long stop,292,125,22.090325226816727,21.663507600126984,-0.7303252268167277,-0.3035076001269843
2022,22,Abu Dhabi Grand Prix,Yas Marina Circuit,perez,33,2,21.367,red_bull,Finished,0,0,unknown,0,0,0,0,0,0,0,0,24.7085,0,1,0,0,Abnormal long stop,292,125,22.090325226816727,21.85351696531172,-0.7233252268167263,-0.4865169653117185
2022,22,Abu Dhabi Grand Prix,Yas Marina Circuit,ricciardo,19,1,21.893,mclaren,Finished,0,0,unknown,0,0,0,0,0,0,0,0,24.7085,0,1,0,0,Abnormal long stop,270,125,22.141050884532937,22.13115350727879,-0.24805088453293678,-0.23815350727878837
2022,22,Abu Dhabi Grand Prix,Yas Marina Circuit,russell,15,1,24.243,mercedes,Finished,0,0,unknown,0,0,0,0,0,0,0,0,24.7085,0,1,0,0,Abnormal long stop,278,125,22.5384905775025,22.22265810352389,1.7045094224974982,2.0203418964761077
2022,22,Abu Dhabi Grand Prix,Yas Marina Circuit,russell,39,2,27.931,mercedes,Finished,0,0,unknown,0,0,0,0,0,0,0,0,24.7085,0,1,0,0,Abnormal long stop,278,125,22.5384905775025,22.42548279178883,5.3925094224975005,5.50551720821117
2022,22,Abu Dhabi Grand Prix,Yas Marina Circuit,sainz,17,1,21.93,ferrari,Finished,0,0,unknown,0,0,0,0,0,0,0,0,24.7085,0,1,0,0,Abnormal long stop,259,125,22.167455505123336,21.957662406206772,-0.2374555051233358,-0.027662406206772516
2022,22,Abu Dhabi Grand Prix,Yas Marina Circuit,sainz,39,2,21.575,ferrari,Finished,0,0,unknown,0,0,0,0,0,0,0,0,24.7085,0,1,0,0,Abnormal long stop,259,125,22.167455505123336,22.15621532011165,-0.5924555051233362,-0.5812153201116494
2022,22,Abu Dhabi Grand Prix,Yas Marina Circuit,stroll,13,1,21.814,aston_martin,Finished,0,0,unknown,0,0,0,0,0,0,0,0,24.7085,0,1,0,0,Abnormal long stop,271,125,22.355351295142185,22.288953137802224,-0.541351295142185,-0.47495313780222403
2022,22,Abu Dhabi Grand Prix,Yas Marina Circuit,stroll,40,2,21.802,aston_martin,Finished,0,0,unknown,0,0,0,0,0,0,0,0,24.7085,0,1,0,0,Abnormal long stop,271,125,22.355351295142185,22.49818548760727,-0.5533512951421855,-0.69618548760727
2022,22,Abu Dhabi Grand Prix,Yas Marina Circuit,tsunoda,14,1,21.591,alphatauri,Finished,0,0,unknown,0,0,0,0,0,0,0,0,24.7085,0,1,0,0,Abnormal long stop,202,125,21.87767155467288,22.079662661393613,-0.2866715546728784,-0.4886626613936116
2022,22,Abu Dhabi Grand Prix,Yas Marina Circuit,tsunoda,38,2,22.262,alphatauri,Finished,0,0,unknown,0,0,0,0,0,0,0,0,24.7085,0,1,0,0,Abnormal long stop,202,125,21.87767155467288,22.282487349658556,0.38432844532712096,-0.020487349658555587
2022,22,Abu Dhabi Grand Prix,Yas Marina Circuit,vettel,25,1,23.186,aston_martin,Finished,0,0,unknown,0,0,0,0,0,0,0,0,24.7085,0,1,0,0,Abnormal long stop,271,125,22.355351295142185,22.314583783962632,0.8306487048578148,0.8714162160373675
2022,22,Abu Dhabi Grand Prix,Yas Marina Circuit,zhou,15,1,22.435,alfa,+1 Lap,0,0,unknown,0,0,0,0,0,0,0,0,24.7085,0,1,0,0,Abnormal long stop,194,125,22.334266761906534,22.51754246805707,0.1007332380934649,-0.08254246805707055
2022,22,Abu Dhabi Grand Prix,Yas Marina Circuit,zhou,44,2,23.159,alfa,+1 Lap,0,0,unknown,0,0,0,0,0,0,0,0,24.7085,0,1,0,0,Abnormal long stop,194,125,22.334266761906534,22.731046592222178,0.8247332380934651,0.42795340777782087
2023,1,Bahrain Grand Prix,Bahrain International Circuit,albon,11,1,25.054,williams,Finished,0,0,unknown,0,0,0,0,0,0,0,0,35.92039999999999,0,1,0,0,Abnormal long stop,271,190,26.83779606192943,25.629326818785394,-1.7837960619294329,-0.5753268187853955
2023,1,Bahrain Grand Prix,Bahrain International Circuit,albon,26,2,24.92,williams,Finished,0,0,unknown,0,0,0,0,0,0,0,0,35.92039999999999,0,1,0,0,Abnormal long stop,271,190,26.83779606192943,25.81292852243003,-1.9177960619294296,-0.8929285224300294
2023,1,Bahrain Grand Prix,Bahrain International Circuit,albon,40,3,24.458,williams,Finished,0,0,unknown,0,0,0,0,0,0,0,0,35.92039999999999,0,1,0,0,Abnormal long stop,271,190,26.83779606192943,26.324555825200804,-2.379796061929433,-1.8665558252008054
2023,1,Bahrain Grand Prix,Bahrain International Circuit,alonso,14,1,25.8,aston_martin,Finished,0,0,unknown,0,0,0,0,0,0,0,0,35.92039999999999,0,1,0,0,Abnormal long stop,271,190,25.803827201064184,25.41532490863857,-0.0038272010641833276,0.3846750913614301
2023,1,Bahrain Grand Prix,Bahrain International Circuit,alonso,34,2,24.869,aston_martin,Finished,0,0,unknown,0,0,0,0,0,0,0,0,35.92039999999999,0,1,0,0,Abnormal long stop,271,190,25.803827201064184,25.60960604818338,-0.9348272010641843,-0.7406060481833805
2023,1,Bahrain Grand Prix,Bahrain International Circuit,bottas,11,1,25.399,alfa,Finished,0,0,unknown,0,0,0,0,0,0,0,0,35.92039999999999,0,1,0,0,Abnormal long stop,194,190,25.782742667828536,25.633234802993243,-0.3837426678285354,-0.2342348029932424
2023,1,Bahrain Grand Prix,Bahrain International Circuit,bottas,29,2,25.643,alfa,Finished,0,0,unknown,0,0,0,0,0,0,0,0,35.92039999999999,0,1,0,0,Abnormal long stop,194,190,25.782742667828536,25.823244168177986,-0.13974266782853562,-0.1802441681779854
2023,1,Bahrain Grand Prix,Bahrain International Circuit,devries,11,1,25.018,alphatauri,Lapped,0,0,unknown,0,0,0,0,0,0,0,0,35.92039999999999,0,1,0,0,Abnormal long stop,202,190,25.326147460594886,25.197490883509822,-0.30814746059488485,-0.17949088350982123
2023,1,Bahrain Grand Prix,Bahrain International Circuit,devries,27,2,25.234,alphatauri,Lapped,0,0,unknown,0,0,0,0,0,0,0,0,35.92039999999999,0,1,0,0,Abnormal long stop,202,190,25.326147460594886,25.383228474334494,-0.09214746059488377,-0.1492284743344925
2023,1,Bahrain Grand Prix,Bahrain International Circuit,gasly,9,1,25.885,alpine,Finished,0,0,unknown,0,0,0,0,0,0,0,0,35.92039999999999,0,1,0,0,Abnormal long stop,249,190,25.808283827243528,25.61149624762666,0.07671617275647336,0.27350375237334035
2023,1,Bahrain Grand Prix,Bahrain International Circuit,gasly,25,2,24.879,alpine,Finished,0,0,unknown,0,0,0,0,0,0,0,0,35.92039999999999,0,1,0,0,Abnormal long stop,249,190,25.808283827243528,25.797233838451334,-0.9292838272435269,-0.9182338384513322
2023,1,Bahrain Grand Prix,Bahrain International Circuit,gasly,40,3,24.736,alpine,Finished,0,0,unknown,0,0,0,0,0,0,0,0,35.92039999999999,0,1,0,0,Abnormal long stop,249,190,25.808283827243528,26.31099702840214,-1.0722838272435276,-1.5749970284021408
2023,1,Bahrain Grand Prix,Bahrain International Circuit,hamilton,12,1,24.682,mercedes,Finished,0,0,unknown,0,0,0,0,0,0,0,0,35.92039999999999,0,1,0,0,Abnormal long stop,278,190,25.986966483424503,25.3404863256401,-1.3049664834245043,-0.6584863256401015
2023,1,Bahrain Grand Prix,Bahrain International Circuit,hamilton,30,2,24.69,mercedes,Finished,0,0,unknown,0,0,0,0,0,0,0,0,35.92039999999999,0,1,0,0,Abnormal long stop,278,190,25.986966483424503,25.530495690824836,-1.2969664834245016,-0.8404956908248344
2023,1,Bahrain Grand Prix,Bahrain International Circuit,hulkenberg,11,1,26.075,haas,Lapped,0,0,unknown,0,0,0,0,0,0,0,0,35.92039999999999,0,1,0,0,Abnormal long stop,272,190,26.98634579386108,26.292371863413397,-0.9113457938610807,-0.21737186341339765
2023,1,Bahrain Grand Prix,Bahrain International Circuit,hulkenberg,26,2,37.769,haas,Lapped,0,0,unknown,0,0,0,0,0,0,0,0,35.92039999999999,0,1,0,0,Abnormal long stop,272,190,26.98634579386108,26.475973567058034,10.782654206138918,11.293026432941964
2023,1,Bahrain Grand Prix,Bahrain International Circuit,hulkenberg,40,3,27.08,haas,Lapped,0,0,unknown,0,0,0,0,0,0,0,0,35.92039999999999,0,1,0,0,Abnormal long stop,272,190,26.98634579386108,26.98760086982881,0.09365420613891828,0.09239913017118795
2023,1,Bahrain Grand Prix,Bahrain International Circuit,kevinmagnussen,15,1,25.439,haas,Lapped,0,0,unknown,0,0,0,0,0,0,0,0,35.92039999999999,0,1,0,0,Abnormal long stop,272,190,26.98634579386108,26.300915412133534,-1.54734579386108,-0.8619154121335342
2023,1,Bahrain Grand Prix,Bahrain International Circuit,kevinmagnussen,29,2,25.344,haas,Lapped,0,0,unknown,0,0,0,0,0,0,0,0,35.92039999999999,0,1,0,0,Abnormal long stop,272,190,26.98634579386108,26.482381228598136,-1.6423457938610788,-1.138381228598135
2023,1,Bahrain Grand Prix,Bahrain International Circuit,kevinmagnussen,40,3,25.125,haas,Lapped,0,0,unknown,0,0,0,0,0,0,0,0,35.92039999999999,0,1,0,0,Abnormal long stop,272,190,26.98634579386108,26.98760086982881,-1.86134579386108,-1.8626008698288103
2023,1,Bahrain Grand Prix,Bahrain International Circuit,leclerc,13,1,24.345,ferrari,Retired,1,0,unknown,0,0,0,0,0,0,0,0,35.92039999999999,0,1,0,0,Possible damage/crash race,259,190,25.615931411045338,26.53727053663001,-1.2709314110453391,-2.192270536630012
2023,1,Bahrain Grand Prix,Bahrain International Circuit,leclerc,33,2,24.644,ferrari,Retired,1,0,unknown,0,0,0,0,0,0,0,0,35.92039999999999,0,1,0,0,Possible damage/crash race,259,190,25.615931411045338,26.73155167617482,-0.9719314110453396,-2.0875516761748223
2023,1,Bahrain Grand Prix,Bahrain International Circuit,maxverstappen,14,1,24.289,red_bull,Finished,0,0,unknown,0,0,0,0,0,0,0,0,35.92039999999999,0,1,0,0,Abnormal long stop,292,190,25.53880113273873,24.785607596603263,-1.2498011327387282,-0.4966075966032619
2023,1,Bahrain Grand Prix,Bahrain International Circuit,maxverstappen,36,2,24.91,red_bull,Finished,0,0,unknown,0,0,0,0,0,0,0,0,35.92039999999999,0,1,0,0,Abnormal long stop,292,190,25.53880113273873,24.984160510508136,-0.6288011327387295,-0.07416051050813621
2023,1,Bahrain Grand Prix,Bahrain International Circuit,norris,10,1,32.766,mclaren,Lapped,0,0,unknown,0,0,0,0,0,0,0,0,35.92039999999999,0,1,0,0,Abnormal long stop,270,190,25.589526790454936,25.236166406314794,7.176473209545062,7.529833593685204
2023,1,Bahrain Grand Prix,Bahrain International Circuit,norris,17,2,33.661,mclaren,Lapped,0,0,unknown,0,0,0,0,0,0,0,0,35.92039999999999,0,1,0,0,Abnormal long stop,270,190,25.589526790454936,25.402681012519164,8.071473209545065,8.258318987480838
2023,1,Bahrain Grand Prix,Bahrain International Circuit,norris,27,3,33.467,mclaren,Lapped,0,0,unknown,0,0,0,0,0,0,0,0,35.92039999999999,0,1,0,0,Abnormal long stop,270,190,25.589526790454936,25.905764766569803,7.877473209545062,7.561235233430196
2023,1,Bahrain Grand Prix,Bahrain International Circuit,norris,37,4,33.236,mclaren,Lapped,0,0,unknown,0,0,0,0,0,0,0,0,35.92039999999999,0,1,0,0,Abnormal long stop,270,190,25.589526790454936,27.411784648321987,7.646473209545061,5.82421535167801
2023,1,Bahrain Grand Prix,Bahrain International Circuit,norris,47,5,30.71,mclaren,Lapped,0,0,unknown,0,0,0,0,0,0,0,0,35.92039999999999,0,1,0,0,Abnormal long stop,270,190,25.589526790454936,25.9423557819919,5.1204732095450645,4.767644218008101
2023,1,Bahrain Grand Prix,Bahrain International Circuit,norris,54,6,31.494,mclaren,Lapped,0,0,unknown,0,0,0,0,0,0,0,0,35.92039999999999,0,1,0,0,Abnormal long stop,270,190,25.589526790454936,22.305296922001027,5.904473209545063,9.188703077998973
2023,1,Bahrain Grand Prix,Bahrain International Circuit,ocon,12,1,24.966,alpine,Retired,1,0,unknown,0,0,0,0,0,0,0,0,35.92039999999999,0,1,0,0,Possible damage/crash race,249,190,25.808283827243528,27.081819704653824,-0.8422838272435271,-2.1158197046538234
2023,1,Bahrain Grand Prix,Bahrain International Circuit,ocon,15,2,41.462,alpine,Retired,1,0,unknown,0,0,0,0,0,0,0,0,35.92039999999999,0,1,0,0,Possible damage/crash race,249,190,25.808283827243528,27.239790762138057,15.653716172756475,14.222209237861946
2023,1,Bahrain Grand Prix,Bahrain International Circuit,ocon,32,3,44.518,alpine,Retired,1,0,unknown,0,0,0,0,0,0,0,0,35.92039999999999,0,1,0,0,Possible damage/crash race,249,190,25.808283827243528,27.757825726448935,18.709716172756472,16.760174273551065
2023,1,Bahrain Grand Prix,Bahrain International Circuit,perez,17,1,24.264,red_bull,Finished,0,0,unknown,0,0,0,0,0,0,0,0,35.92039999999999,0,1,0,0,Abnormal long stop,292,190,25.53880113273873,24.792015258143365,-1.2748011327387303,-0.5280152581433661
2023,1,Bahrain Grand Prix,Bahrain International Circuit,perez,34,2,25.091,red_bull,Finished,0,0,unknown,0,0,0,0,0,0,0,0,35.92039999999999,0,1,0,0,Abnormal long stop,292,190,25.53880113273873,24.97988873614807,-0.44780113273872857,0.1111112638519316
2023,1,Bahrain Grand Prix,Bahrain International Circuit,russell,13,1,27.062,mercedes,Finished,0,0,unknown,0,0,0,0,0,0,0,0,35.92039999999999,0,1,0,0,Abnormal long stop,278,190,25.986966483424503,25.34262221282013,1.0750335165754983,1.7193777871798694
2023,1,Bahrain Grand Prix,Bahrain International Circuit,russell,31,2,24.406,mercedes,Finished,0,0,unknown,0,0,0,0,0,0,0,0,35.92039999999999,0,1,0,0,Abnormal long stop,278,190,25.986966483424503,25.532631578004874,-1.580966483424504,-1.1266315780048757
2023,1,Bahrain Grand Prix,Bahrain International Circuit,sainz,13,1,24.5,ferrari,Finished,0,0,unknown,0,0,0,0,0,0,0,0,35.92039999999999,0,1,0,0,Abnormal long stop,259,190,25.615931411045338,25.07335474114295,-1.115931411045338,-0.5733547411429498
2023,1,Bahrain Grand Prix,Bahrain International Circuit,sainz,31,2,24.227,ferrari,Finished,0,0,unknown,0,0,0,0,0,0,0,0,35.92039999999999,0,1,0,0,Abnormal long stop,259,190,25.615931411045338,25.263364106327693,-1.3889314110453377,-1.0363641063276923
2023,1,Bahrain Grand Prix,Bahrain International Circuit,sargeant,12,1,25.6,williams,Lapped,0,0,unknown,0,0,0,0,0,0,0,0,35.92039999999999,0,1,0,0,Abnormal long stop,271,190,26.83779606192943,25.631462705965426,-1.23779606192943,-0.03146270596542422
2023,1,Bahrain Grand Prix,Bahrain International Circuit,sargeant,30,2,25.67,williams,Lapped,0,0,unknown,0,0,0,0,0,0,0,0,35.92039999999999,0,1,0,0,Abnormal long stop,271,190,26.83779606192943,25.821472071150165,-1.1677960619294296,-0.15147207115016315
2023,1,Bahrain Grand Prix,Bahrain International Circuit,sargeant,40,3,25.047,williams,Lapped,0,0,unknown,0,0,0,0,0,0,0,0,35.92039999999999,0,1,0,0,Abnormal long stop,271,190,26.83779606192943,26.324555825200804,-1.7907960619294307,-1.2775558252008032
2023,1,Bahrain Grand Prix,Bahrain International Circuit,stroll,15,1,25.449,aston_martin,Finished,0,0,unknown,0,0,0,0,0,0,0,0,35.92039999999999,0,1,0,0,Abnormal long stop,271,190,25.803827201064184,25.417460795818606,-0.3548272010641824,0.031539204181395775
2023,1,Bahrain Grand Prix,Bahrain International Circuit,stroll,30,2,24.639,aston_martin,Finished,0,0,unknown,0,0,0,0,0,0,0,0,35.92039999999999,0,1,0,0,Abnormal long stop,271,190,25.803827201064184,25.60106249946324,-1.1648272010641847,-0.9620624994632401
2023,1,Bahrain Grand Prix,Bahrain International Circuit,tsunoda,10,1,25.267,alphatauri,Finished,0,0,unknown,0,0,0,0,0,0,0,0,35.92039999999999,0,1,0,0,Abnormal long stop,202,190,25.326147460594886,25.195354996329787,-0.05914746059488607,0.07164500367021276
2023,1,Bahrain Grand Prix,Bahrain International Circuit,tsunoda,26,2,24.372,alphatauri,Finished,0,0,unknown,0,0,0,0,0,0,0,0,35.92039999999999,0,1,0,0,Abnormal long stop,202,190,25.326147460594886,25.381092587154463,-0.9541474605948856,-1.0090925871544627
2023,1,Bahrain Grand Prix,Bahrain International Circuit,tsunoda,40,3,25.818,alphatauri,Finished,0,0,unknown,0,0,0,0,0,0,0,0,35.92039999999999,0,1,0,0,Abnormal long stop,202,190,25.326147460594886,25.892719889925235,0.49185253940511586,-0.07471988992523393
2023,1,Bahrain Grand Prix,Bahrain International Circuit,zhou,12,1,25.787,alfa,Lapped,0,0,unknown,0,0,0,0,0,0,0,0,35.92039999999999,0,1,0,0,Abnormal long stop,194,190,25.782742667828536,25.635370690173282,0.0042573321714627355,0.15162930982671696
2023,1,Bahrain Grand Prix,Bahrain International Circuit,zhou,32,2,25.282,alfa,Lapped,0,0,unknown,0,0,0,0,0,0,0,0,35.92039999999999,0,1,0,0,Abnormal long stop,194,190,25.782742667828536,25.829651829718088,-0.5007426678285363,-0.5476518297180881
2023,1,Bahrain Grand Prix,Bahrain International Circuit,zhou,54,3,30.167,alfa,Lapped,0,0,unknown,0,0,0,0,0,0,0,0,35.92039999999999,0,1,0,0,Abnormal long stop,194,190,25.782742667828536,26.358366229929132,4.384257332171465,3.8086337700708697
2023,2,Saudi Arabian Grand Prix,Jeddah Corniche Circuit,albon,17,1,21.397,williams,Retired,1,0,unknown,0,0,0,0,0,0,0,0,26.410199999999996,0,1,0,0,Possible damage/crash race,271,90,16.660258101272543,24.633346795053132,4.736741898727455,-3.2363467950531337
2023,2,Saudi Arabian Grand Prix,Jeddah Corniche Circuit,alonso,18,1,26.879,aston_martin,Finished,0,0,unknown,0,0,0,0,0,0,0,0,26.410199999999996,0,1,0,0,Abnormal long stop,271,90,15.626289240407297,22.95115731505918,11.252710759592704,3.9278426849408206
2023,2,Saudi Arabian Grand Prix,Jeddah Corniche Circuit,bottas,9,1,21.505,alfa,Lapped,0,0,unknown,0,0,0,0,0,0,0,0,26.410199999999996,0,1,0,0,Abnormal long stop,194,90,15.605204707171648,23.15625188633365,5.899795292828351,-1.6512518863336503
2023,2,Saudi Arabian Grand Prix,Jeddah Corniche Circuit,bottas,17,2,22.191,alfa,Lapped,0,0,unknown,0,0,0,0,0,0,0,0,26.410199999999996,0,1,0,0,Abnormal long stop,194,90,15.605204707171648,23.32490237971805,6.585795292828351,-1.1339023797180516
2023,2,Saudi Arabian Grand Prix,Jeddah Corniche Circuit,bottas,35,3,21.808,alfa,Lapped,0,0,unknown,0,0,0,0,0,0,0,0,26.410199999999996,0,1,0,0,Abnormal long stop,194,90,15.605204707171648,23.84507323120896,6.202795292828352,-2.0370732312089608
2023,2,Saudi Arabian Grand Prix,Jeddah Corniche Circuit,devries,17,1,21.116,alphatauri,Finished,0,0,unknown,0,0,0,0,0,0,0,0,26.410199999999996,0,1,0,0,Abnormal long stop,202,90,15.148609499937995,22.737595064290502,5.967390500062004,-1.6215950642905028
2023,2,Saudi Arabian Grand Prix,Jeddah Corniche Circuit,gasly,14,1,20.719,alpine,Finished,0,0,unknown,0,0,0,0,0,0,0,0,26.410199999999996,0,1,0,0,Abnormal long stop,249,90,15.630745866586638,23.149464541227303,5.088254133413363,-2.430464541227302
2023,2,Saudi Arabian Grand Prix,Jeddah Corniche Circuit,hamilton,18,1,21.102,mercedes,Finished,0,0,unknown,0,0,0,0,0,0,0,0,26.410199999999996,0,1,0,0,Abnormal long stop,278,90,15.809428522767613,22.880590506420774,5.2925714772323875,-1.7785905064207732
2023,2,Saudi Arabian Grand Prix,Jeddah Corniche Circuit,hulkenberg,11,1,21.567,haas,Finished,0,0,unknown,0,0,0,0,0,0,0,0,26.410199999999996,0,1,0,0,Abnormal long stop,272,90,16.80880783320419,23.819660721113873,4.7581921667958085,-2.252660721113873
2023,2,Saudi Arabian Grand Prix,Jeddah Corniche Circuit,kevinmagnussen,8,1,20.87,haas,Finished,0,0,unknown,0,0,0,0,0,0,0,0,26.410199999999996,0,1,0,0,Abnormal long stop,272,90,16.80880783320419,23.81325305957377,4.061192166795809,-2.9432530595737703
2023,2,Saudi Arabian Grand Prix,Jeddah Corniche Circuit,leclerc,16,1,20.026,ferrari,Finished,0,0,unknown,0,0,0,0,0,0,0,0,26.410199999999996,0,1,0,0,Abnormal long stop,259,90,15.43839345038845,22.607051260383525,4.58760654961155,-2.581051260383525
2023,2,Saudi Arabian Grand Prix,Jeddah Corniche Circuit,maxverstappen,18,1,20.824,red_bull,Finished,0,0,unknown,0,0,0,0,0,0,0,0,26.410199999999996,0,1,0,0,Abnormal long stop,292,90,15.361263172081841,22.32144000302387,5.46273682791816,-1.4974400030238684
2023,2,Saudi Arabian Grand Prix,Jeddah Corniche Circuit,norris,2,1,29.444,mclaren,Finished,0,0,unknown,0,0,0,0,0,0,0,0,26.410199999999996,0,1,0,0,Abnormal long stop,270,90,15.411988829798048,22.746368166574996,14.032011170201951,6.697631833425003
2023,2,Saudi Arabian Grand Prix,Jeddah Corniche Circuit,norris,19,2,21.352,mclaren,Finished,0,0,unknown,0,0,0,0,0,0,0,0,26.410199999999996,0,1,0,0,Abnormal long stop,270,90,15.411988829798048,22.934241644579703,5.940011170201952,-1.5822416445797032
2023,2,Saudi Arabian Grand Prix,Jeddah Corniche Circuit,ocon,16,1,20.762,alpine,Finished,0,0,unknown,0,0,0,0,0,0,0,0,26.410199999999996,0,1,0,0,Abnormal long stop,249,90,15.630745866586638,23.153736315587373,5.131254133413362,-2.391736315587373
2023,2,Saudi Arabian Grand Prix,Jeddah Corniche Circuit,perez,18,1,20.715,red_bull,Finished,0,0,unknown,0,0,0,0,0,0,0,0,26.410199999999996,0,1,0,0,Abnormal long stop,292,90,15.361263172081841,22.32144000302387,5.3537368279181585,-1.6064400030238701
2023,2,Saudi Arabian Grand Prix,Jeddah Corniche Circuit,russell,18,1,20.828,mercedes,Finished,0,0,unknown,0,0,0,0,0,0,0,0,26.410199999999996,0,1,0,0,Abnormal long stop,278,90,15.809428522767613,22.880590506420774,5.018571477232387,-2.052590506420774
2023,2,Saudi Arabian Grand Prix,Jeddah Corniche Circuit,sainz,15,1,20.76,ferrari,Finished,0,0,unknown,0,0,0,0,0,0,0,0,26.410199999999996,0,1,0,0,Abnormal long stop,259,90,15.43839345038845,22.604915373203493,5.321606549611552,-1.8449153732034915
2023,2,Saudi Arabian Grand Prix,Jeddah Corniche Circuit,sargeant,18,1,21.064,williams,Finished,0,0,unknown,0,0,0,0,0,0,0,0,26.410199999999996,0,1,0,0,Abnormal long stop,271,90,16.660258101272543,23.171566886746103,4.403741898727457,-2.1075668867461026
2023,2,Saudi Arabian Grand Prix,Jeddah Corniche Circuit,stroll,13,1,21.15,aston_martin,Retired,1,0,unknown,0,0,0,0,0,0,0,0,26.410199999999996,0,1,0,0,Possible damage/crash race,271,90,15.626289240407297,24.404393674646073,5.523710759592701,-3.2543936746460744
2023,2,Saudi Arabian Grand Prix,Jeddah Corniche Circuit,tsunoda,17,1,21.414,alphatauri,Finished,0,0,unknown,0,0,0,0,0,0,0,0,26.410199999999996,0,1,0,0,Abnormal long stop,202,90,15.148609499937995,22.737595064290502,6.265390500062006,-1.323595064290501
2023,2,Saudi Arabian Grand Prix,Jeddah Corniche Circuit,zhou,11,1,21.703,alfa,Finished,0,0,unknown,0,0,0,0,0,0,0,0,26.410199999999996,0,1,0,0,Abnormal long stop,194,90,15.605204707171648,23.16052366069372,6.097795292828351,-1.4575236606937203
2023,2,Saudi Arabian Grand Prix,Jeddah Corniche Circuit,zhou,18,2,21.282,alfa,Finished,0,0,unknown,0,0,0,0,0,0,0,0,26.410199999999996,0,1,0,0,Abnormal long stop,194,90,15.605204707171648,23.327038266898082,5.676795292828352,-2.045038266898082
2023,3,Australian Grand Prix,Albert Park Grand Prix Circuit,alonso,57,3,1.8450730000000002,aston_martin,Finished,0,0,unknown,0,0,0,0,0,0,0,0,1.8700243000000003,0,0,0,0,Normal stop,271,70,15.840080523829258,2.3392391643570436,-13.995007523829258,-0.4941661643570434
2023,3,Australian Grand Prix,Albert Park Grand Prix Circuit,bottas,57,6,1.8671820000000001,alfa,Finished,0,0,unknown,0,0,0,0,0,0,0,0,1.8700243000000003,0,0,0,0,Normal stop,194,70,15.818995990593608,-1.0945800781778723,-13.951813990593608,2.9617620781778724
2023,3,Australian Grand Prix,Albert Park Grand Prix Circuit,hamilton,57,3,1.859435,mercedes,Finished,0,0,unknown,0,0,0,0,0,0,0,0,1.8700243000000003,0,0,0,0,Normal stop,278,70,16.023219806189573,2.268672355718639,-14.163784806189573,-0.40923735571863906
2023,3,Australian Grand Prix,Albert Park Grand Prix Circuit,hulkenberg,57,3,1.8690550000000001,haas,Finished,0,0,unknown,0,0,0,0,0,0,0,0,1.8700243000000003,0,0,0,0,Normal stop,272,70,17.022599116626154,3.222693780671972,-15.153544116626154,-1.3536387806719719
2023,3,Australian Grand Prix,Albert Park Grand Prix Circuit,maxverstappen,57,3,1.8565019999999999,red_bull,Finished,0,0,unknown,0,0,0,0,0,0,0,0,1.8700243000000003,0,0,0,0,Normal stop,292,70,15.575054455503802,1.7095218523217341,-13.7185524555038,0.14698014767826573
2023,3,Australian Grand Prix,Albert Park Grand Prix Circuit,norris,57,3,1.864087,mclaren,Finished,0,0,unknown,0,0,0,0,0,0,0,0,1.8700243000000003,0,0,0,0,Normal stop,270,70,15.62578011322001,2.1686242107534053,-13.76169311322001,-0.30453721075340523
2023,3,Australian Grand Prix,Albert Park Grand Prix Circuit,perez,57,5,1.8535679999999999,red_bull,Finished,0,0,unknown,0,0,0,0,0,0,0,0,1.8700243000000003,0,0,0,0,Normal stop,292,70,15.575054455503802,1.7033951241431535,-13.721486455503802,0.15017287585684636
2023,3,Australian Grand Prix,Albert Park Grand Prix Circuit,piastri,57,4,1.8662260000000002,mclaren,Finished,0,0,unknown,0,0,0,0,0,0,0,0,1.8700243000000003,0,0,0,0,Normal stop,270,70,15.62578011322001,3.65328522070525,-13.759554113220009,-1.7870592207052498
2023,3,Australian Grand Prix,Albert Park Grand Prix Circuit,sainz,57,4,1.8615540000000002,ferrari,Finished,0,0,unknown,0,0,0,0,0,0,0,0,1.8700243000000003,0,0,0,0,Normal stop,259,70,15.65218473381041,3.4840658939933027,-13.79063073381041,-1.6225118939933025
2023,3,Australian Grand Prix,Albert Park Grand Prix Circuit,stroll,57,3,1.845925,aston_martin,Finished,0,0,unknown,0,0,0,0,0,0,0,0,1.8700243000000003,0,0,0,0,Normal stop,271,70,15.840080523829258,2.3392391643570436,-13.994155523829258,-0.49331416435704356
2023,3,Australian Grand Prix,Albert Park Grand Prix Circuit,tsunoda,57,4,1.8712090000000001,alphatauri,Finished,0,0,unknown,0,0,0,0,0,0,0,0,1.8700243000000003,0,1,0,0,Abnormal long stop,202,70,15.362400783359956,20.228695384115795,-13.491191783359955,-18.357486384115795
2023,3,Australian Grand Prix,Albert Park Grand Prix Circuit,zhou,57,5,1.8649980000000002,alfa,Finished,0,0,unknown,0,0,0,0,0,0,0,0,1.8700243000000003,0,0,0,0,Normal stop,194,70,15.818995990593608,2.5574299920732395,-13.953997990593608,-0.6924319920732394
2023,4,Azerbaijan Grand Prix,Baku City Circuit,albon,7,1,21.103,williams,Finished,0,0,unknown,0,0,0,0,0,0,0,0,24.5893,0,1,0,0,Abnormal long stop,271,88,18.841927840022873,20.621037139338124,2.261072159977129,0.4819628606618771
2023,4,Azerbaijan Grand Prix,Baku City Circuit,alonso,11,1,23.148,aston_martin,Finished,0,0,unknown,0,0,0,0,0,0,0,0,24.5893,0,1,0,0,Abnormal long stop,271,88,17.807958979157625,20.40917111637134,5.340041020842374,2.73882888362866
2023,4,Azerbaijan Grand Prix,Baku City Circuit,bottas,6,1,20.967,alfa,Lapped,0,0,unknown,0,0,0,0,0,0,0,0,24.5893,0,1,0,0,Abnormal long stop,194,88,17.786874445921978,20.622809236365942,3.180125554078021,0.34419076363405665
2023,4,Azerbaijan Grand Prix,Baku City Circuit,bottas,12,2,22.354,alfa,Lapped,0,0,unknown,0,0,0,0,0,0,0,0,24.5893,0,1,0,0,Abnormal long stop,194,88,17.786874445921978,20.787187955390273,4.567125554078022,1.5668120446097262
2023,4,Azerbaijan Grand Prix,Baku City Circuit,bottas,34,3,21.012,alfa,Lapped,0,0,unknown,0,0,0,0,0,0,0,0,24.5893,0,1,0,0,Abnormal long stop,194,88,17.786874445921978,21.31590235560132,3.225125554078023,-0.30390235560131984
2023,4,Azerbaijan Grand Prix,Baku City Circuit,gasly,5,1,20.235,alpine,Finished,0,0,unknown,0,0,0,0,0,0,0,0,24.5893,0,1,0,0,Abnormal long stop,249,88,17.812415605336966,20.603206568179395,2.4225843946630334,-0.3682065681793958
2023,4,Azerbaijan Grand Prix,Baku City Circuit,gasly,23,2,21.169,alpine,Finished,0,0,unknown,0,0,0,0,0,0,0,0,24.5893,0,1,0,0,Abnormal long stop,249,88,17.812415605336966,20.79321593336413,3.3565843946630345,0.3757840666358696
2023,4,Azerbaijan Grand Prix,Baku City Circuit,hamilton,9,1,20.324,mercedes,Finished,0,0,unknown,0,0,0,0,0,0,0,0,24.5893,0,1,0,0,Abnormal long stop,278,88,17.99109826151794,20.334332533372866,2.332901738482061,-0.010332533372864106
2023,4,Azerbaijan Grand Prix,Baku City Circuit,hulkenberg,49,1,24.748,haas,Lapped,0,0,unknown,0,0,0,0,0,0,0,0,24.5893,0,1,0,0,Abnormal long stop,272,88,18.99047757195452,21.373789445527557,5.75752242804548,3.3742105544724446
2023,4,Azerbaijan Grand Prix,Baku City Circuit,kevinmagnussen,10,1,30.951,haas,Finished,0,0,unknown,0,0,0,0,0,0,0,0,24.5893,0,1,0,0,Abnormal long stop,272,88,18.99047757195452,21.290489845506233,11.96052242804548,9.660510154493767
2023,4,Azerbaijan Grand Prix,Baku City Circuit,leclerc,11,1,21.126,ferrari,Finished,0,0,unknown,0,0,0,0,0,0,0,0,24.5893,0,1,0,0,Abnormal long stop,259,88,17.62006318913878,20.06933683605575,3.505936810861222,1.0566631639442505
2023,4,Azerbaijan Grand Prix,Baku City Circuit,maxverstappen,10,1,20.707,red_bull,Finished,0,0,unknown,0,0,0,0,0,0,0,0,24.5893,0,1,0,0,Abnormal long stop,292,88,17.54293291083217,19.777317917155994,3.1640670891678297,0.9296820828440069
2023,4,Azerbaijan Grand Prix,Baku City Circuit,norris,9,1,20.346,mclaren,Finished,0,0,unknown,0,0,0,0,0,0,0,0,24.5893,0,1,0,0,Abnormal long stop,270,88,17.593658568548378,20.23428438840763,2.7523414314516224,0.11171561159236987
2023,4,Azerbaijan Grand Prix,Baku City Circuit,ocon,50,1,20.367,alpine,Finished,0,0,unknown,0,0,0,0,0,0,0,0,24.5893,0,1,0,0,Abnormal long stop,249,88,17.812415605336966,20.69932149128092,2.554584394663035,-0.3323214912809185
2023,4,Azerbaijan Grand Prix,Baku City Circuit,perez,11,1,20.389,red_bull,Finished,0,0,unknown,0,0,0,0,0,0,0,0,24.5893,0,1,0,0,Abnormal long stop,292,88,17.54293291083217,19.77945380433603,2.8460670891678284,0.6095461956639703
2023,4,Azerbaijan Grand Prix,Baku City Circuit,piastri,8,1,20.902,mclaren,Finished,0,0,unknown,0,0,0,0,0,0,0,0,24.5893,0,1,0,0,Abnormal long stop,270,88,17.593658568548378,20.2321485012276,3.3083414314516233,0.6698514987724025
2023,4,Azerbaijan Grand Prix,Baku City Circuit,russell,11,1,20.459,mercedes,Finished,0,0,unknown,0,0,0,0,0,0,0,0,24.5893,0,1,0,0,Abnormal long stop,278,88,17.99109826151794,20.338604307732936,2.467901738482059,0.12039569226706348
2023,4,Azerbaijan Grand Prix,Baku City Circuit,russell,49,2,21.389,mercedes,Finished,0,0,unknown,0,0,0,0,0,0,0,0,24.5893,0,1,0,0,Abnormal long stop,278,88,17.99109826151794,20.57133141651835,3.3979017384820587,0.8176685834816482
2023,4,Azerbaijan Grand Prix,Baku City Circuit,sainz,11,1,21.97,ferrari,Finished,0,0,unknown,0,0,0,0,0,0,0,0,24.5893,0,1,0,0,Abnormal long stop,259,88,17.62006318913878,20.06933683605575,4.3499368108612195,1.9006631639442482
2023,4,Azerbaijan Grand Prix,Baku City Circuit,sargeant,8,1,21.015,williams,Finished,0,0,unknown,0,0,0,0,0,0,0,0,24.5893,0,1,0,0,Abnormal long stop,271,88,18.841927840022873,20.62317302651816,2.173072159977128,0.3918269734818409
2023,4,Azerbaijan Grand Prix,Baku City Circuit,stroll,11,1,23.161,aston_martin,Finished,0,0,unknown,0,0,0,0,0,0,0,0,24.5893,0,1,0,0,Abnormal long stop,271,88,17.807958979157625,20.40917111637134,5.353041020842376,2.7518288836286615
2023,4,Azerbaijan Grand Prix,Baku City Circuit,tsunoda,8,1,20.497,alphatauri,Finished,0,0,unknown,0,0,0,0,0,0,0,0,24.5893,0,1,0,0,Abnormal long stop,202,88,17.330279238688323,20.191337091242588,3.1667207613116766,0.3056629087574123
2023,4,Azerbaijan Grand Prix,Baku City Circuit,zhou,11,1,22.247,alfa,Retired,1,0,unknown,0,0,0,0,0,0,0,0,24.5893,0,1,0,0,Possible damage/crash race,194,88,17.786874445921978,22.097404467753176,4.460125554078022,0.1495955322468241
2023,5,Miami Grand Prix,Miami International Autodrome,albon,22,1,22.482,williams,Finished,0,0,unknown,0,0,0,0,0,0,0,0,25.332400000000018,0,1,0,0,Abnormal long stop,271,73,23.05522685397657,22.04489243555478,-0.5732268539765712,0.4371075644452205
2023,5,Miami Grand Prix,Miami International Autodrome,alonso,24,1,22.631,aston_martin,Finished,0,0,unknown,0,0,0,0,0,0,0,0,25.332400000000018,0,1,0,0,Abnormal long stop,271,73,22.021257993111323,21.828754638227924,0.609742006888677,0.8022453617720764
2023,5,Miami Grand Prix,Miami International Autodrome,bottas,15,1,23.158,alfa,Finished,0,0,unknown,0,0,0,0,0,0,0,0,25.332400000000018,0,1,0,0,Abnormal long stop,194,73,22.000173459875676,22.033849209502396,1.1578265401243257,1.1241507904976054
2023,5,Miami Grand Prix,Miami International Autodrome,devries,15,1,23.487,alphatauri,Finished,0,0,unknown,0,0,0,0,0,0,0,0,25.332400000000018,0,1,0,0,Abnormal long stop,202,73,21.54357825264202,21.59810529001897,1.9434217473579771,1.8888947099810274
2023,5,Miami Grand Prix,Miami International Autodrome,gasly,15,1,22.417,alpine,Finished,0,0,unknown,0,0,0,0,0,0,0,0,25.332400000000018,0,1,0,0,Abnormal long stop,249,73,22.025714619290667,22.01638242849588,0.39128538070933416,0.4006175715041209
2023,5,Miami Grand Prix,Miami International Autodrome,hamilton,37,1,22.15,mercedes,Finished,0,0,unknown,0,0,0,0,0,0,0,0,25.332400000000018,0,1,0,0,Abnormal long stop,278,73,22.20439727547164,21.785954362929964,-0.05439727547163997,0.3640456370700349
2023,5,Miami Grand Prix,Miami International Autodrome,hulkenberg,33,1,23.12,haas,Finished,0,0,unknown,0,0,0,0,0,0,0,0,25.332400000000018,0,1,0,0,Abnormal long stop,272,73,23.20377658590822,22.73143223916316,-0.08377658590821824,0.3885677608368425
2023,5,Miami Grand Prix,Miami International Autodrome,kevinmagnussen,14,1,22.616,haas,Finished,0,0,unknown,0,0,0,0,0,0,0,0,25.332400000000018,0,1,0,0,Abnormal long stop,272,73,23.20377658590822,22.690850382742514,-0.5877765859082196,-0.07485038274251465
2023,5,Miami Grand Prix,Miami International Autodrome,leclerc,17,1,22.068,ferrari,Finished,0,0,unknown,0,0,0,0,0,0,0,0,25.332400000000018,0,1,0,0,Abnormal long stop,259,73,21.833362203092477,21.4739691476521,0.23463779690752418,0.5940308523479025
2023,5,Miami Grand Prix,Miami International Autodrome,maxverstappen,45,1,22.688,red_bull,Finished,0,0,unknown,0,0,0,0,0,0,0,0,25.332400000000018,0,1,0,0,Abnormal long stop,292,73,21.756231924785865,21.243890956973328,0.9317680752141335,1.4441090430266712
2023,5,Miami Grand Prix,Miami International Autodrome,norris,4,1,24.09,mclaren,Finished,0,0,unknown,0,0,0,0,0,0,0,0,25.332400000000018,0,1,0,0,Abnormal long stop,270,73,21.806957582502076,21.615421941023605,2.2830424174979242,2.4745780589763946
2023,5,Miami Grand Prix,Miami International Autodrome,ocon,39,1,21.942,alpine,Finished,0,0,unknown,0,0,0,0,0,0,0,0,25.332400000000018,0,1,0,0,Abnormal long stop,249,73,22.025714619290667,22.067643720816694,-0.08371461929066726,-0.12564372081669362
2023,5,Miami Grand Prix,Miami International Autodrome,perez,20,1,21.884,red_bull,Finished,0,0,unknown,0,0,0,0,0,0,0,0,25.332400000000018,0,1,0,0,Abnormal long stop,292,73,21.756231924785865,21.19049377747248,0.12776807521413502,0.693506222527521
2023,5,Miami Grand Prix,Miami International Autodrome,piastri,5,1,22.205,mclaren,Lapped,0,0,unknown,0,0,0,0,0,0,0,0,25.332400000000018,0,1,0,0,Abnormal long stop,270,73,21.806957582502076,21.61755782820364,0.3980424174979227,0.5874421717963578
2023,5,Miami Grand Prix,Miami International Autodrome,russell,17,1,22.335,mercedes,Finished,0,0,unknown,0,0,0,0,0,0,0,0,25.332400000000018,0,1,0,0,Abnormal long stop,278,73,22.20439727547164,21.74323661932928,0.1306027245283623,0.5917633806707201
2023,5,Miami Grand Prix,Miami International Autodrome,sainz,18,1,22.278,ferrari,Finished,0,0,unknown,0,0,0,0,0,0,0,0,25.332400000000018,0,1,0,0,Abnormal long stop,259,73,21.833362203092477,21.476105034832134,0.4446377969075215,0.8018949651678646
2023,5,Miami Grand Prix,Miami International Autodrome,sargeant,2,1,48.938,williams,Lapped,0,0,unknown,0,0,0,0,0,0,0,0,25.332400000000018,0,1,0,0,Abnormal long stop,271,73,23.05522685397657,22.0021746919541,25.882773146023432,26.935825308045903
2023,5,Miami Grand Prix,Miami International Autodrome,stroll,42,1,22.651,aston_martin,Finished,0,0,unknown,0,0,0,0,0,0,0,0,25.332400000000018,0,1,0,0,Abnormal long stop,271,73,22.021257993111323,21.867200607468536,0.6297420068886765,0.7837993925314635
2023,5,Miami Grand Prix,Miami International Autodrome,tsunoda,36,1,22.39,alphatauri,Finished,0,0,unknown,0,0,0,0,0,0,0,0,25.332400000000018,0,1,0,0,Abnormal long stop,202,73,21.54357825264202,21.642958920799686,0.8464217473579794,0.747041079200315
2023,5,Miami Grand Prix,Miami International Autodrome,zhou,31,1,22.796,alfa,Finished,0,0,unknown,0,0,0,0,0,0,0,0,25.332400000000018,0,1,0,0,Abnormal long stop,194,73,22.000173459875676,22.068023404382938,0.7958265401243239,0.7279765956170614
2023,6,Monaco Grand Prix,Circuit de Monaco,albon,18,1,24.29,williams,Lapped,0,0,unknown,0,0,0,0,0,0,0,0,34.06265,0,1,0,0,Abnormal long stop,271,71,20.934129268806437,25.585698870145688,3.355870731193562,-1.2956988701456886
2023,6,Monaco Grand Prix,Circuit de Monaco,albon,52,2,26.99,williams,Lapped,0,0,unknown,0,0,0,0,0,0,0,0,34.06265,0,1,0,0,Abnormal long stop,271,71,20.934129268806437,25.809882430210973,6.055870731193561,1.1801175697890258
2023,6,Monaco Grand Prix,Circuit de Monaco,alonso,54,1,24.414,aston_martin,Finished,0,0,unknown,0,0,0,0,0,0,0,0,34.06265,0,1,0,0,Abnormal long stop,271,71,19.90016040794119,25.442181236939987,4.513839592058812,-1.0281812369399859
2023,6,Monaco Grand Prix,Circuit de Monaco,alonso,55,2,25.916,aston_martin,Finished,0,0,unknown,0,0,0,0,0,0,0,0,34.06265,0,1,0,0,Abnormal long stop,271,71,19.90016040794119,25.59588052006415,6.015839592058811,0.3201194799358511
2023,6,Monaco Grand Prix,Circuit de Monaco,bottas,51,1,30.395,alfa,Lapped,0,0,unknown,0,0,0,0,0,0,0,0,34.06265,0,1,0,0,Abnormal long stop,194,71,19.87907587470554,25.66009113129466,10.515924125294461,4.73490886870534
2023,6,Monaco Grand Prix,Circuit de Monaco,devries,53,1,24.539,alphatauri,Lapped,0,0,unknown,0,0,0,0,0,0,0,0,34.06265,0,1,0,0,Abnormal long stop,202,71,19.422480667471888,25.228618986171305,5.116519332528114,-0.689618986171304
2023,6,Monaco Grand Prix,Circuit de Monaco,gasly,47,1,23.902,alpine,Finished,0,0,unknown,0,0,0,0,0,0,0,0,34.06265,0,1,0,0,Abnormal long stop,249,71,19.90461703412053,25.63408080156801,3.9973829658794706,-1.73208080156801
2023,6,Monaco Grand Prix,Circuit de Monaco,gasly,54,2,29.949,alpine,Finished,0,0,unknown,0,0,0,0,0,0,0,0,34.06265,0,1,0,0,Abnormal long stop,249,71,19.90461703412053,25.800595407772374,10.044382965879471,4.148404592227628
2023,6,Monaco Grand Prix,Circuit de Monaco,hamilton,31,1,24.594,mercedes,Finished,0,0,unknown,0,0,0,0,0,0,0,0,34.06265,0,1,0,0,Abnormal long stop,278,71,20.083299690301505,25.3224890231608,4.510700309698496,-0.7284890231607974
2023,6,Monaco Grand Prix,Circuit de Monaco,hamilton,54,2,26.685,mercedes,Finished,0,0,unknown,0,0,0,0,0,0,0,0,34.06265,0,1,0,0,Abnormal long stop,278,71,20.083299690301505,25.52317782424571,6.601700309698494,1.1618221757542884
2023,6,Monaco Grand Prix,Circuit de Monaco,hulkenberg,54,2,34.725,haas,Lapped,0,0,unknown,0,0,0,0,0,0,0,0,34.06265,0,1,0,0,Abnormal long stop,272,71,21.082679000738086,26.477199249199042,13.642320999261916,8.247800750800959
2023,6,Monaco Grand Prix,Circuit de Monaco,hulkenberg,59,3,25.672,haas,Lapped,0,0,unknown,0,0,0,0,0,0,0,0,34.06265,0,1,0,0,Abnormal long stop,272,71,21.082679000738086,26.969603567349512,4.589320999261915,-1.2976035673495119
2023,6,Monaco Grand Prix,Circuit de Monaco,kevinmagnussen,56,1,51.052,haas,Retired,1,0,unknown,0,0,0,0,0,0,0,0,34.06265,0,1,0,0,Possible damage/crash race,272,71,21.082679000738086,27.793823423102047,29.969320999261914,23.258176576897952
2023,6,Monaco Grand Prix,Circuit de Monaco,leclerc,44,1,24.192,ferrari,Finished,0,0,unknown,0,0,0,0,0,0,0,0,34.06265,0,1,0,0,Abnormal long stop,259,71,19.71226461792234,25.08098808482406,4.47973538207766,-0.8889880848240601
2023,6,Monaco Grand Prix,Circuit de Monaco,leclerc,55,2,25.713,ferrari,Finished,0,0,unknown,0,0,0,0,0,0,0,0,34.06265,0,1,0,0,Abnormal long stop,259,71,19.71226461792234,25.25604623974856,6.000735382077661,0.45695376025144085
2023,6,Monaco Grand Prix,Circuit de Monaco,maxverstappen,55,1,24.798,red_bull,Finished,0,0,unknown,0,0,0,0,0,0,0,0,34.06265,0,1,0,0,Abnormal long stop,292,71,19.635134339615732,24.814599812084712,5.162865660384266,-0.016599812084713506
2023,6,Monaco Grand Prix,Circuit de Monaco,norris,50,1,24.663,mclaren,Lapped,0,0,unknown,0,0,0,0,0,0,0,0,34.06265,0,1,0,0,Abnormal long stop,270,71,19.685859997331942,25.26302273461621,4.977140002668058,-0.6000227346162106
2023,6,Monaco Grand Prix,Circuit de Monaco,norris,54,2,33.428,mclaren,Lapped,0,0,unknown,0,0,0,0,0,0,0,0,34.06265,0,1,0,0,Abnormal long stop,270,71,19.685859997331942,25.423129679280475,13.742140002668055,8.004870320719522
2023,6,Monaco Grand Prix,Circuit de Monaco,ocon,32,1,25.833,alpine,Finished,0,0,unknown,0,0,0,0,0,0,0,0,34.06265,0,1,0,0,Abnormal long stop,249,71,19.90461703412053,25.6020424938675,5.928382965879468,0.23095750613249777
2023,6,Monaco Grand Prix,Circuit de Monaco,ocon,54,2,24.707,alpine,Finished,0,0,unknown,0,0,0,0,0,0,0,0,34.06265,0,1,0,0,Abnormal long stop,249,71,19.90461703412053,25.800595407772374,4.80238296587947,-1.0935954077723729
2023,6,Monaco Grand Prix,Circuit de Monaco,perez,34,2,32.749,red_bull,Lapped,0,0,unknown,0,0,0,0,0,0,0,0,34.06265,0,1,0,0,Abnormal long stop,292,71,19.635134339615732,24.921309577248124,13.11386566038427,7.827690422751878
2023,6,Monaco Grand Prix,Circuit de Monaco,perez,53,3,24.217,red_bull,Lapped,0,0,unknown,0,0,0,0,0,0,0,0,34.06265,0,1,0,0,Abnormal long stop,292,71,19.635134339615732,25.44361631591907,4.581865660384267,-1.2266163159190704
2023,6,Monaco Grand Prix,Circuit de Monaco,perez,57,4,29.337,red_bull,Lapped,0,0,unknown,0,0,0,0,0,0,0,0,34.06265,0,1,0,0,Abnormal long stop,292,71,19.635134339615732,26.93682087459105,9.701865660384268,2.4001791254089504
2023,6,Monaco Grand Prix,Circuit de Monaco,perez,70,5,25.466,red_bull,Lapped,0,0,unknown,0,0,0,0,0,0,0,0,34.06265,0,1,0,0,Abnormal long stop,292,71,19.635134339615732,25.473799669801068,5.830865660384269,-0.0077996698010665
2023,6,Monaco Grand Prix,Circuit de Monaco,piastri,54,1,25.851,mclaren,Lapped,0,0,unknown,0,0,0,0,0,0,0,0,34.06265,0,1,0,0,Abnormal long stop,270,71,19.685859997331942,25.271566283336348,6.165140002668057,0.579433716663651
2023,6,Monaco Grand Prix,Circuit de Monaco,russell,54,1,30.98,mercedes,Finished,0,0,unknown,0,0,0,0,0,0,0,0,34.06265,0,1,0,0,Abnormal long stop,278,71,20.083299690301505,25.371614428301584,10.896700309698495,5.608385571698417
2023,6,Monaco Grand Prix,Circuit de Monaco,sainz,33,1,24.252,ferrari,Finished,0,0,unknown,0,0,0,0,0,0,0,0,34.06265,0,1,0,0,Abnormal long stop,259,71,19.71226461792234,25.057493325843687,4.539735382077659,-0.8054933258436883
2023,6,Monaco Grand Prix,Circuit de Monaco,sainz,55,2,29.3,ferrari,Finished,0,0,unknown,0,0,0,0,0,0,0,0,34.06265,0,1,0,0,Abnormal long stop,259,71,19.71226461792234,25.25604623974856,9.58773538207766,4.043953760251441
2023,6,Monaco Grand Prix,Circuit de Monaco,sargeant,20,1,24.376,williams,Lapped,0,0,unknown,0,0,0,0,0,0,0,0,34.06265,0,1,0,0,Abnormal long stop,271,71,20.934129268806437,25.589970644505755,3.441870731193564,-1.2139706445057534
2023,6,Monaco Grand Prix,Circuit de Monaco,sargeant,23,2,27.774,williams,Lapped,0,0,unknown,0,0,0,0,0,0,0,0,34.06265,0,1,0,0,Abnormal long stop,271,71,20.934129268806437,25.747941701989987,6.839870731193564,2.026058298010014
2023,6,Monaco Grand Prix,Circuit de Monaco,sargeant,52,3,25.946,williams,Lapped,0,0,unknown,0,0,0,0,0,0,0,0,34.06265,0,1,0,0,Abnormal long stop,271,71,20.934129268806437,26.29160731246127,5.011870731193564,-0.34560731246126863
2023,6,Monaco Grand Prix,Circuit de Monaco,stroll,51,1,24.656,aston_martin,Retired,1,0,unknown,0,0,0,0,0,0,0,0,34.06265,0,1,0,0,Possible damage/crash race,271,71,19.90016040794119,26.89968937088695,4.755839592058809,-2.243689370886951
2023,6,Monaco Grand Prix,Circuit de Monaco,tsunoda,53,1,33.706,alphatauri,Lapped,0,0,unknown,0,0,0,0,0,0,0,0,34.06265,0,1,0,0,Abnormal long stop,202,71,19.422480667471888,25.228618986171305,14.283519332528115,8.477381013828698
2023,6,Monaco Grand Prix,Circuit de Monaco,zhou,52,2,25.26,alfa,Lapped,0,0,unknown,0,0,0,0,0,0,0,0,34.06265,0,1,0,0,Abnormal long stop,194,71,19.87907587470554,25.813790414418822,5.380924125294463,-0.5537904144188204
2023,7,Spanish Grand Prix,Circuit de Barcelona-Catalunya,albon,16,1,23.319,williams,Lapped,0,0,unknown,0,0,0,0,0,0,0,0,24.10935,0,1,0,0,Abnormal long stop,271,172,23.620141340457206,22.81157641183319,-0.30114134045720675,0.5074235881668088
2023,7,Spanish Grand Prix,Circuit de Barcelona-Catalunya,albon,37,2,23.449,williams,Lapped,0,0,unknown,0,0,0,0,0,0,0,0,24.10935,0,1,0,0,Abnormal long stop,271,172,23.620141340457206,23.00799343855803,-0.1711413404572042,0.44100656144197004
2023,7,Spanish Grand Prix,Circuit de Barcelona-Catalunya,alonso,19,1,22.558,aston_martin,Finished,0,0,unknown,0,0,0,0,0,0,0,0,24.10935,0,1,0,0,Abnormal long stop,271,172,22.58617247959196,22.597574501686367,-0.028172479591958677,-0.039574501686367114
2023,7,Spanish Grand Prix,Circuit de Barcelona-Catalunya,alonso,44,2,22.896,aston_martin,Finished,0,0,unknown,0,0,0,0,0,0,0,0,24.10935,0,1,0,0,Abnormal long stop,271,172,22.58617247959196,22.802535077131346,0.3098275204080423,0.09346492286865526
2023,7,Spanish Grand Prix,Circuit de Barcelona-Catalunya,bottas,5,1,23.691,alfa,Lapped,0,0,unknown,0,0,0,0,0,0,0,0,24.10935,0,1,0,0,Abnormal long stop,194,172,22.56508794635631,22.79198963706067,1.1259120536436882,0.8990103629393289
2023,7,Spanish Grand Prix,Circuit de Barcelona-Catalunya,bottas,39,2,24.097,alfa,Lapped,0,0,unknown,0,0,0,0,0,0,0,0,24.10935,0,1,0,0,Abnormal long stop,194,172,22.56508794635631,23.01617319712595,1.5319120536436905,1.08082680287405
2023,7,Spanish Grand Prix,Circuit de Barcelona-Catalunya,devries,9,1,22.522,alphatauri,Lapped,0,0,unknown,0,0,0,0,0,0,0,0,24.10935,0,1,0,0,Abnormal long stop,202,172,22.10849273912266,22.364789266297386,0.41350726087733847,0.15721073370261252
2023,7,Spanish Grand Prix,Circuit de Barcelona-Catalunya,devries,38,2,21.976,alphatauri,Lapped,0,0,unknown,0,0,0,0,0,0,0,0,24.10935,0,1,0,0,Abnormal long stop,202,172,22.10849273912266,22.578293390462495,-0.1324927391226609,-0.6022933904624956
2023,7,Spanish Grand Prix,Circuit de Barcelona-Catalunya,gasly,19,1,23.388,alpine,Finished,0,0,unknown,0,0,0,0,0,0,0,0,24.10935,0,1,0,0,Abnormal long stop,249,172,22.590629105771303,22.80442527657463,0.797370894228699,0.5835747234253716
2023,7,Spanish Grand Prix,Circuit de Barcelona-Catalunya,gasly,39,2,23.61,alpine,Finished,0,0,unknown,0,0,0,0,0,0,0,0,24.10935,0,1,0,0,Abnormal long stop,249,172,22.590629105771303,22.998706416119436,1.0193708942286968,0.6112935838805633
2023,7,Spanish Grand Prix,Circuit de Barcelona-Catalunya,hamilton,24,1,22.575,mercedes,Finished,0,0,unknown,0,0,0,0,0,0,0,0,24.10935,0,1,0,0,Abnormal long stop,278,172,22.769311761952277,22.537687128948132,-0.19431176195227806,0.03731287105186709
2023,7,Spanish Grand Prix,Circuit de Barcelona-Catalunya,hamilton,50,2,22.731,mercedes,Finished,0,0,unknown,0,0,0,0,0,0,0,0,24.10935,0,1,0,0,Abnormal long stop,278,172,22.769311761952277,22.744783591573146,-0.0383117619522757,-0.01378359157314435
2023,7,Spanish Grand Prix,Circuit de Barcelona-Catalunya,hulkenberg,8,1,22.298,haas,Lapped,0,0,unknown,0,0,0,0,0,0,0,0,24.10935,0,1,0,0,Abnormal long stop,272,172,23.768691072388854,23.457534359020926,-1.4706910723888562,-1.1595343590209275
2023,7,Spanish Grand Prix,Circuit de Barcelona-Catalunya,hulkenberg,26,2,23.257,haas,Lapped,0,0,unknown,0,0,0,0,0,0,0,0,24.10935,0,1,0,0,Abnormal long stop,272,172,23.768691072388854,23.647543724205665,-0.511691072388853,-0.3905437242056635
2023,7,Spanish Grand Prix,Circuit de Barcelona-Catalunya,hulkenberg,43,3,24.484,haas,Lapped,0,0,unknown,0,0,0,0,0,0,0,0,24.10935,0,1,0,0,Abnormal long stop,272,172,23.768691072388854,24.16557868851654,0.7153089276111473,0.318421311483462
2023,7,Spanish Grand Prix,Circuit de Barcelona-Catalunya,kevinmagnussen,10,1,22.124,haas,Lapped,0,0,unknown,0,0,0,0,0,0,0,0,24.10935,0,1,0,0,Abnormal long stop,272,172,23.768691072388854,23.46180613338099,-1.6446910723888557,-1.3378061333809903
2023,7,Spanish Grand Prix,Circuit de Barcelona-Catalunya,kevinmagnussen,24,2,24.8,haas,Lapped,0,0,unknown,0,0,0,0,0,0,0,0,24.10935,0,1,0,0,Abnormal long stop,272,172,23.768691072388854,23.643271949845595,1.0313089276111462,1.1567280501544062
2023,7,Spanish Grand Prix,Circuit de Barcelona-Catalunya,kevinmagnussen,42,3,22.291,haas,Lapped,0,0,unknown,0,0,0,0,0,0,0,0,24.10935,0,1,0,0,Abnormal long stop,272,172,23.768691072388854,24.163442801336508,-1.477691072388854,-1.8724428013365078
2023,7,Spanish Grand Prix,Circuit de Barcelona-Catalunya,leclerc,16,1,21.778,ferrari,Finished,0,0,unknown,0,0,0,0,0,0,0,0,24.10935,0,1,0,0,Abnormal long stop,259,172,22.398276689573112,22.251332559830683,-0.6202766895731138,-0.4733325598306841
2023,7,Spanish Grand Prix,Circuit de Barcelona-Catalunya,leclerc,41,2,23.003,ferrari,Finished,0,0,unknown,0,0,0,0,0,0,0,0,24.10935,0,1,0,0,Abnormal long stop,259,172,22.398276689573112,22.456293135275658,0.6047233104268877,0.5467068647243423
2023,7,Spanish Grand Prix,Circuit de Barcelona-Catalunya,maxverstappen,26,1,22.241,red_bull,Finished,0,0,unknown,0,0,0,0,0,0,0,0,24.10935,0,1,0,0,Abnormal long stop,292,172,22.321146411266504,21.9828083999113,-0.08014641126650446,0.25819160008870057
2023,7,Spanish Grand Prix,Circuit de Barcelona-Catalunya,maxverstappen,52,2,22.357,red_bull,Finished,0,0,unknown,0,0,0,0,0,0,0,0,24.10935,0,1,0,0,Abnormal long stop,292,172,22.321146411266504,22.189904862536306,0.0358535887334952,0.16709513746369353
2023,7,Spanish Grand Prix,Circuit de Barcelona-Catalunya,norris,22,2,22.85,mclaren,Lapped,0,0,unknown,0,0,0,0,0,0,0,0,24.10935,0,1,0,0,Abnormal long stop,270,172,22.37187206898271,22.58493060556696,0.47812793101729056,0.26506939443304134
2023,7,Spanish Grand Prix,Circuit de Barcelona-Catalunya,norris,50,3,22.062,mclaren,Lapped,0,0,unknown,0,0,0,0,0,0,0,0,24.10935,0,1,0,0,Abnormal long stop,270,172,22.37187206898271,23.12646032885821,-0.3098720689827097,-1.0644603288582104
2023,7,Spanish Grand Prix,Circuit de Barcelona-Catalunya,ocon,13,1,22.112,alpine,Finished,0,0,unknown,0,0,0,0,0,0,0,0,24.10935,0,1,0,0,Abnormal long stop,249,172,22.590629105771303,22.791609953494426,-0.47862910577130435,-0.6796099534944275
2023,7,Spanish Grand Prix,Circuit de Barcelona-Catalunya,ocon,35,2,24.11,alpine,Finished,0,0,unknown,0,0,0,0,0,0,0,0,24.10935,0,1,0,0,Abnormal long stop,249,172,22.590629105771303,22.9901628673993,1.5193708942286968,1.1198371326007006
2023,7,Spanish Grand Prix,Circuit de Barcelona-Catalunya,perez,27,1,21.775,red_bull,Finished,0,0,unknown,0,0,0,0,0,0,0,0,24.10935,0,1,0,0,Abnormal long stop,292,172,22.321146411266504,21.98494428709133,-0.5461464112665055,-0.20994428709133217
2023,7,Spanish Grand Prix,Circuit de Barcelona-Catalunya,perez,50,2,21.537,red_bull,Finished,0,0,unknown,0,0,0,0,0,0,0,0,24.10935,0,1,0,0,Abnormal long stop,292,172,22.321146411266504,22.18563308817624,-0.7841464112665051,-0.6486330881762399
2023,7,Spanish Grand Prix,Circuit de Barcelona-Catalunya,piastri,17,1,22.37,mclaren,Lapped,0,0,unknown,0,0,0,0,0,0,0,0,24.10935,0,1,0,0,Abnormal long stop,270,172,22.37187206898271,22.422687773722664,-0.0018720689827098624,-0.05268777372266342
2023,7,Spanish Grand Prix,Circuit de Barcelona-Catalunya,piastri,39,2,22.862,mclaren,Lapped,0,0,unknown,0,0,0,0,0,0,0,0,24.10935,0,1,0,0,Abnormal long stop,270,172,22.37187206898271,22.621240687627537,0.49012793101728747,0.24075931237246095
2023,7,Spanish Grand Prix,Circuit de Barcelona-Catalunya,russell,25,1,22.275,mercedes,Finished,0,0,unknown,0,0,0,0,0,0,0,0,24.10935,0,1,0,0,Abnormal long stop,278,172,22.769311761952277,22.539823016128167,-0.49431176195227877,-0.26482301612816883
2023,7,Spanish Grand Prix,Circuit de Barcelona-Catalunya,russell,45,2,22.054,mercedes,Finished,0,0,unknown,0,0,0,0,0,0,0,0,24.10935,0,1,0,0,Abnormal long stop,278,172,22.769311761952277,22.734104155672973,-0.7153117619522789,-0.680104155672975
2023,7,Spanish Grand Prix,Circuit de Barcelona-Catalunya,sainz,15,1,22.321,ferrari,Finished,0,0,unknown,0,0,0,0,0,0,0,0,24.10935,0,1,0,0,Abnormal long stop,259,172,22.398276689573112,22.249196672650648,-0.07727668957311096,0.07180332734935391
2023,7,Spanish Grand Prix,Circuit de Barcelona-Catalunya,sainz,41,2,22.375,ferrari,Finished,0,0,unknown,0,0,0,0,0,0,0,0,24.10935,0,1,0,0,Abnormal long stop,259,172,22.398276689573112,22.456293135275658,-0.023276689573112463,-0.08129313527565785
2023,7,Spanish Grand Prix,Circuit de Barcelona-Catalunya,sargeant,17,1,22.583,williams,Lapped,0,0,unknown,0,0,0,0,0,0,0,0,24.10935,0,1,0,0,Abnormal long stop,271,172,23.620141340457206,22.813712299013226,-1.0371413404572074,-0.2307122990132271
2023,7,Spanish Grand Prix,Circuit de Barcelona-Catalunya,sargeant,36,2,23.827,williams,Lapped,0,0,unknown,0,0,0,0,0,0,0,0,24.10935,0,1,0,0,Abnormal long stop,271,172,23.620141340457206,23.005857551378,0.20685865954279592,0.8211424486220018
2023,7,Spanish Grand Prix,Circuit de Barcelona-Catalunya,stroll,14,1,22.355,aston_martin,Finished,0,0,unknown,0,0,0,0,0,0,0,0,24.10935,0,1,0,0,Abnormal long stop,271,172,22.58617247959196,22.5868950657862,-0.23117247959195808,-0.23189506578620112
2023,7,Spanish Grand Prix,Circuit de Barcelona-Catalunya,stroll,34,2,23.371,aston_martin,Finished,0,0,unknown,0,0,0,0,0,0,0,0,24.10935,0,1,0,0,Abnormal long stop,271,172,22.58617247959196,22.781176205331008,0.7848275204080402,0.589823794668991
2023,7,Spanish Grand Prix,Circuit de Barcelona-Catalunya,tsunoda,10,1,22.176,alphatauri,Finished,0,0,unknown,0,0,0,0,0,0,0,0,24.10935,0,1,0,0,Abnormal long stop,202,172,22.10849273912266,22.366925153477418,0.06750726087733838,-0.19092515347741923
2023,7,Spanish Grand Prix,Circuit de Barcelona-Catalunya,tsunoda,34,2,22.009,alphatauri,Finished,0,0,unknown,0,0,0,0,0,0,0,0,24.10935,0,1,0,0,Abnormal long stop,202,172,22.10849273912266,22.56974984174236,-0.09949273912265966,-0.5607498417423606
2023,7,Spanish Grand Prix,Circuit de Barcelona-Catalunya,zhou,9,1,23.43,alfa,Finished,0,0,unknown,0,0,0,0,0,0,0,0,24.10935,0,1,0,0,Abnormal long stop,194,172,22.56508794635631,22.800533185780807,0.864912053643689,0.6294668142191924
2023,7,Spanish Grand Prix,Circuit de Barcelona-Catalunya,zhou,36,2,22.889,alfa,Finished,0,0,unknown,0,0,0,0,0,0,0,0,24.10935,0,1,0,0,Abnormal long stop,194,172,22.56508794635631,23.00976553558585,0.3239120536436886,-0.1207655355858499
2023,8,Canadian Grand Prix,Circuit Gilles Villeneuve,albon,12,1,25.064,williams,Finished,0,0,unknown,0,0,0,0,0,0,0,0,27.5186,0,1,0,0,Abnormal long stop,271,106,27.11604853619839,26.047262615171807,-2.0520485361983916,-0.9832626151718067
2023,8,Canadian Grand Prix,Circuit Gilles Villeneuve,alonso,12,1,24.031,aston_martin,Finished,0,0,unknown,0,0,0,0,0,0,0,0,27.5186,0,1,0,0,Abnormal long stop,271,106,26.08207967533314,25.826853043484885,-2.051079675333142,-1.795853043484886
2023,8,Canadian Grand Prix,Circuit Gilles Villeneuve,alonso,41,2,23.928,aston_martin,Finished,0,0,unknown,0,0,0,0,0,0,0,0,27.5186,0,1,0,0,Abnormal long stop,271,106,26.08207967533314,26.040357167649994,-2.15407967533314,-2.112357167649993
2023,8,Canadian Grand Prix,Circuit Gilles Villeneuve,bottas,36,1,24.038,alfa,Finished,0,0,unknown,0,0,0,0,0,0,0,0,27.5186,0,1,0,0,Abnormal long stop,194,106,26.060995142097493,26.102431891700473,-2.0229951420974928,-2.0644318917004725
2023,8,Canadian Grand Prix,Circuit Gilles Villeneuve,devries,11,1,24.96,alphatauri,Lapped,0,0,unknown,0,0,0,0,0,0,0,0,27.5186,0,1,0,0,Abnormal long stop,202,106,25.604399934863842,25.6132907927162,-0.6443999348638414,-0.6532907927161986
2023,8,Canadian Grand Prix,Circuit Gilles Villeneuve,devries,50,2,23.786,alphatauri,Lapped,0,0,unknown,0,0,0,0,0,0,0,0,27.5186,0,1,0,0,Abnormal long stop,202,106,25.604399934863842,25.848153788681653,-1.8183999348638409,-2.062153788681652
2023,8,Canadian Grand Prix,Circuit Gilles Villeneuve,gasly,10,1,27.515,alpine,Finished,0,0,unknown,0,0,0,0,0,0,0,0,27.5186,0,1,0,0,Abnormal long stop,249,106,26.086536301512485,26.029432044013078,1.4284636984875156,1.485567955986923
2023,8,Canadian Grand Prix,Circuit Gilles Villeneuve,gasly,33,2,24.117,alpine,Finished,0,0,unknown,0,0,0,0,0,0,0,0,27.5186,0,1,0,0,Abnormal long stop,249,106,26.086536301512485,26.230120845097982,-1.969536301512484,-2.1131208450979813
2023,8,Canadian Grand Prix,Circuit Gilles Villeneuve,hamilton,12,1,24.339,mercedes,Finished,0,0,unknown,0,0,0,0,0,0,0,0,27.5186,0,1,0,0,Abnormal long stop,278,106,26.265218957693456,25.756286234846478,-1.9262189576934574,-1.417286234846479
2023,8,Canadian Grand Prix,Circuit Gilles Villeneuve,hamilton,40,2,23.749,mercedes,Finished,0,0,unknown,0,0,0,0,0,0,0,0,27.5186,0,1,0,0,Abnormal long stop,278,106,26.265218957693456,25.96765447183156,-2.5162189576934573,-2.2186544718315595
2023,8,Canadian Grand Prix,Circuit Gilles Villeneuve,hulkenberg,11,1,24.88,haas,Lapped,0,0,unknown,0,0,0,0,0,0,0,0,27.5186,0,1,0,0,Abnormal long stop,272,106,27.264598268130037,26.708171772619778,-2.3845982681300377,-1.828171772619779
2023,8,Canadian Grand Prix,Circuit Gilles Villeneuve,hulkenberg,31,2,24.2,haas,Lapped,0,0,unknown,0,0,0,0,0,0,0,0,27.5186,0,1,0,0,Abnormal long stop,272,106,27.264598268130037,26.902452912164584,-3.0645982681300374,-2.702452912164585
2023,8,Canadian Grand Prix,Circuit Gilles Villeneuve,kevinmagnussen,35,1,24.909,haas,Lapped,0,0,unknown,0,0,0,0,0,0,0,0,27.5186,0,1,0,0,Abnormal long stop,272,106,27.264598268130037,26.759433064940595,-2.355598268130038,-1.8504330649405958
2023,8,Canadian Grand Prix,Circuit Gilles Villeneuve,kevinmagnussen,53,2,24.515,haas,Lapped,0,0,unknown,0,0,0,0,0,0,0,0,27.5186,0,1,0,0,Abnormal long stop,272,106,27.264598268130037,26.94944243012533,-2.749598268130036,-2.43444243012533
2023,8,Canadian Grand Prix,Circuit Gilles Villeneuve,leclerc,39,1,24.343,ferrari,Finished,0,0,unknown,0,0,0,0,0,0,0,0,27.5186,0,1,0,0,Abnormal long stop,259,106,25.894183885314295,25.544687717030214,-1.5511838853142947,-1.2016877170302145
2023,8,Canadian Grand Prix,Circuit Gilles Villeneuve,maxverstappen,12,1,23.644,red_bull,Finished,0,0,unknown,0,0,0,0,0,0,0,0,27.5186,0,1,0,0,Abnormal long stop,292,106,25.817053607007686,25.197135731449574,-2.173053607007688,-1.5531357314495757
2023,8,Canadian Grand Prix,Circuit Gilles Villeneuve,maxverstappen,42,2,23.91,red_bull,Finished,0,0,unknown,0,0,0,0,0,0,0,0,27.5186,0,1,0,0,Abnormal long stop,292,106,25.817053607007686,25.412775742794718,-1.9070536070076862,-1.502775742794718
2023,8,Canadian Grand Prix,Circuit Gilles Villeneuve,norris,12,1,25.862,mclaren,Finished,0,0,unknown,0,0,0,0,0,0,0,0,27.5186,0,1,0,0,Abnormal long stop,270,106,25.867779264723893,25.656238089881246,-0.005779264723894784,0.20576191011875267
2023,8,Canadian Grand Prix,Circuit Gilles Villeneuve,norris,35,2,23.57,mclaren,Finished,0,0,unknown,0,0,0,0,0,0,0,0,27.5186,0,1,0,0,Abnormal long stop,270,106,25.867779264723893,25.856926890966154,-2.297779264723893,-2.2869268909661535
2023,8,Canadian Grand Prix,Circuit Gilles Villeneuve,ocon,12,1,24.402,alpine,Finished,0,0,unknown,0,0,0,0,0,0,0,0,27.5186,0,1,0,0,Abnormal long stop,249,106,26.086536301512485,26.033703818373144,-1.684536301512484,-1.6317038183731434
2023,8,Canadian Grand Prix,Circuit Gilles Villeneuve,ocon,36,2,23.698,alpine,Finished,0,0,unknown,0,0,0,0,0,0,0,0,27.5186,0,1,0,0,Abnormal long stop,249,106,26.086536301512485,26.236528506638084,-2.3885363015124845,-2.538528506638084
2023,8,Canadian Grand Prix,Circuit Gilles Villeneuve,perez,37,1,23.281,red_bull,Finished,0,0,unknown,0,0,0,0,0,0,0,0,27.5186,0,1,0,0,Abnormal long stop,292,106,25.817053607007686,25.250532910950422,-2.5360536070076876,-1.9695329109504236
2023,8,Canadian Grand Prix,Circuit Gilles Villeneuve,perez,68,2,23.218,red_bull,Finished,0,0,unknown,0,0,0,0,0,0,0,0,27.5186,0,1,0,0,Abnormal long stop,292,106,25.817053607007686,25.4683088094756,-2.5990536070076864,-2.2503088094756016
2023,8,Canadian Grand Prix,Circuit Gilles Villeneuve,piastri,12,1,24.828,mclaren,Finished,0,0,unknown,0,0,0,0,0,0,0,0,27.5186,0,1,0,0,Abnormal long stop,270,106,25.867779264723893,25.656238089881246,-1.0397792647238937,-0.8282380898812463
2023,8,Canadian Grand Prix,Circuit Gilles Villeneuve,piastri,37,2,23.436,mclaren,Finished,0,0,unknown,0,0,0,0,0,0,0,0,27.5186,0,1,0,0,Abnormal long stop,270,106,25.867779264723893,25.86119866532622,-2.431779264723893,-2.4251986653262207
2023,8,Canadian Grand Prix,Circuit Gilles Villeneuve,russell,12,1,88.943,mercedes,Retired,1,0,unknown,0,0,0,0,0,0,0,0,27.5186,0,1,0,0,Possible damage/crash race,278,106,26.265218957693456,27.22020203033354,62.67778104230654,61.72279796966646
2023,8,Canadian Grand Prix,Circuit Gilles Villeneuve,sainz,38,1,24.133,ferrari,Finished,0,0,unknown,0,0,0,0,0,0,0,0,27.5186,0,1,0,0,Abnormal long stop,259,106,25.894183885314295,25.542551829850183,-1.7611838853142956,-1.4095518298501837
2023,8,Canadian Grand Prix,Circuit Gilles Villeneuve,stroll,11,1,23.711,aston_martin,Finished,0,0,unknown,0,0,0,0,0,0,0,0,27.5186,0,1,0,0,Abnormal long stop,271,106,26.08207967533314,25.82471715630485,-2.3710796753331422,-2.113717156304851
2023,8,Canadian Grand Prix,Circuit Gilles Villeneuve,stroll,27,2,23.839,aston_martin,Finished,0,0,unknown,0,0,0,0,0,0,0,0,27.5186,0,1,0,0,Abnormal long stop,271,106,26.08207967533314,26.010454747129522,-2.243079675333142,-2.1714547471295234
2023,8,Canadian Grand Prix,Circuit Gilles Villeneuve,tsunoda,34,2,27.523,alphatauri,Finished,0,0,unknown,0,0,0,0,0,0,0,0,27.5186,0,1,0,0,Abnormal long stop,202,106,25.604399934863842,25.81397959380111,1.9186000651361574,1.7090204061988885
2023,8,Canadian Grand Prix,Circuit Gilles Villeneuve,zhou,12,1,24.161,alfa,Lapped,0,0,unknown,0,0,0,0,0,0,0,0,27.5186,0,1,0,0,Abnormal long stop,194,106,26.060995142097493,26.05117059937966,-1.8999951420974917,-1.8901705993796583
2023,8,Canadian Grand Prix,Circuit Gilles Villeneuve,zhou,32,2,27.509,alfa,Lapped,0,0,unknown,0,0,0,0,0,0,0,0,27.5186,0,1,0,0,Abnormal long stop,194,106,26.060995142097493,26.245451738924466,1.4480048579025073,1.2635482610755346
2023,9,Austrian Grand Prix,Red Bull Ring,albon,2,1,16.737,williams,Finished,0,0,unknown,0,0,0,0,0,0,0,0,28.583,0,1,0,0,Abnormal long stop,271,192,23.098543412353578,21.830221438740427,-6.36154341235358,-5.093221438740429
2023,9,Austrian Grand Prix,Red Bull Ring,albon,14,2,21.562,williams,Finished,0,0,unknown,0,0,0,0,0,0,0,0,28.583,0,1,0,0,Abnormal long stop,271,192,23.098543412353578,22.007415480844962,-1.536543412353577,-0.44541548084496085
2023,9,Austrian Grand Prix,Red Bull Ring,albon,41,3,27.683,williams,Finished,0,0,unknown,0,0,0,0,0,0,0,0,28.583,0,1,0,0,Abnormal long stop,271,192,23.098543412353578,22.54680931695618,4.584456587646422,5.1361906830438215
2023,9,Austrian Grand Prix,Red Bull Ring,alonso,2,1,16.6,aston_martin,Finished,0,0,unknown,0,0,0,0,0,0,0,0,28.583,0,1,0,0,Abnormal long stop,271,192,22.06457455148833,21.6098118670535,-5.4645745514883295,-5.0098118670535
2023,9,Austrian Grand Prix,Red Bull Ring,alonso,15,2,22.371,aston_martin,Finished,0,0,unknown,0,0,0,0,0,0,0,0,28.583,0,1,0,0,Abnormal long stop,271,192,22.06457455148833,21.789141796338072,0.30642544851166775,0.5818582036619269
2023,9,Austrian Grand Prix,Red Bull Ring,alonso,44,3,21.993,aston_martin,Finished,0,0,unknown,0,0,0,0,0,0,0,0,28.583,0,1,0,0,Abnormal long stop,271,192,22.06457455148833,22.332807406809355,-0.07157455148833236,-0.3398074068093564
2023,9,Austrian Grand Prix,Red Bull Ring,bottas,2,1,17.13,alfa,Lapped,0,0,unknown,0,0,0,0,0,0,0,0,28.583,0,1,0,0,Abnormal long stop,194,192,22.043490018252683,21.83412942294828,-4.913490018252684,-4.704129422948281
2023,9,Austrian Grand Prix,Red Bull Ring,bottas,21,2,31.785,alfa,Lapped,0,0,unknown,0,0,0,0,0,0,0,0,28.583,0,1,0,0,Abnormal long stop,194,192,22.043490018252683,22.02627467531305,9.741509981747317,9.75872532468695
2023,9,Austrian Grand Prix,Red Bull Ring,bottas,40,3,21.975,alfa,Lapped,0,0,unknown,0,0,0,0,0,0,0,0,28.583,0,1,0,0,Abnormal long stop,194,192,22.043490018252683,22.548581413983996,-0.06849001825268175,-0.5735814139839945
2023,9,Austrian Grand Prix,Red Bull Ring,devries,2,1,17.033,alphatauri,Lapped,0,0,unknown,0,0,0,0,0,0,0,0,28.583,0,1,0,0,Abnormal long stop,202,192,21.586894811019032,21.398385503464855,-4.553894811019031,-4.365385503464854
2023,9,Austrian Grand Prix,Red Bull Ring,devries,12,2,21.333,alphatauri,Lapped,0,0,unknown,0,0,0,0,0,0,0,0,28.583,0,1,0,0,Abnormal long stop,202,192,21.586894811019032,21.571307771209323,-0.253894811019034,-0.23830777120932467
2023,9,Austrian Grand Prix,Red Bull Ring,devries,37,3,21.074,alphatauri,Lapped,0,0,unknown,0,0,0,0,0,0,0,0,28.583,0,1,0,0,Abnormal long stop,202,192,21.586894811019032,22.106429832960472,-0.5128948110190308,-1.0324298329604709
2023,9,Austrian Grand Prix,Red Bull Ring,gasly,2,1,16.38,alpine,Finished,0,0,unknown,0,0,0,0,0,0,0,0,28.583,0,1,0,0,Abnormal long stop,249,192,22.069031177667675,21.81666264194176,-5.689031177667676,-5.436662641941762
2023,9,Austrian Grand Prix,Red Bull Ring,gasly,14,2,21.814,alpine,Finished,0,0,unknown,0,0,0,0,0,0,0,0,28.583,0,1,0,0,Abnormal long stop,249,192,22.069031177667675,21.9938566840463,-0.255031177667675,-0.17985668404629962
2023,9,Austrian Grand Prix,Red Bull Ring,gasly,44,3,27.804,alpine,Finished,0,0,unknown,0,0,0,0,0,0,0,0,28.583,0,1,0,0,Abnormal long stop,249,192,22.069031177667675,22.539658181697618,5.734968822332323,5.2643418183023805
2023,9,Austrian Grand Prix,Red Bull Ring,hamilton,2,1,16.415,mercedes,Finished,0,0,unknown,0,0,0,0,0,0,0,0,28.583,0,1,0,0,Abnormal long stop,278,192,22.24771383384865,21.539245058415098,-5.832713833848651,-5.124245058415099
2023,9,Austrian Grand Prix,Red Bull Ring,hamilton,14,2,21.993,mercedes,Finished,0,0,unknown,0,0,0,0,0,0,0,0,28.583,0,1,0,0,Abnormal long stop,278,192,22.24771383384865,21.716439100519633,-0.2547138338486512,0.27656089948036566
2023,9,Austrian Grand Prix,Red Bull Ring,hamilton,42,3,27.724,mercedes,Finished,0,0,unknown,0,0,0,0,0,0,0,0,28.583,0,1,0,0,Abnormal long stop,278,192,22.24771383384865,22.257968823810884,5.4762861661513504,5.466031176189116
2023,9,Austrian Grand Prix,Red Bull Ring,hulkenberg,2,1,16.778,haas,Retired,1,0,unknown,0,0,0,0,0,0,0,0,28.583,0,1,0,0,Possible damage/crash race,272,192,23.247093144285227,23.957182278855495,-6.469093144285228,-7.179182278855496
2023,9,Austrian Grand Prix,Red Bull Ring,hulkenberg,11,2,21.891,haas,Retired,1,0,unknown,0,0,0,0,0,0,0,0,28.583,0,1,0,0,Possible damage/crash race,272,192,23.247093144285227,24.127968659419924,-1.3560931442852286,-2.236968659419926
2023,9,Austrian Grand Prix,Red Bull Ring,kevinmagnussen,2,2,25.654,haas,Lapped,0,0,unknown,0,0,0,0,0,0,0,0,28.583,0,1,0,0,Abnormal long stop,272,192,23.247093144285227,22.644829879312557,2.406906855714773,3.0091701206874433
2023,9,Austrian Grand Prix,Red Bull Ring,kevinmagnussen,34,3,22.25,haas,Lapped,0,0,unknown,0,0,0,0,0,0,0,0,28.583,0,1,0,0,Abnormal long stop,272,192,23.247093144285227,23.194903151323945,-0.9970931442852269,-0.9449031513239454
2023,9,Austrian Grand Prix,Red Bull Ring,leclerc,2,1,16.393,ferrari,Finished,0,0,unknown,0,0,0,0,0,0,0,0,28.583,0,1,0,0,Abnormal long stop,259,192,21.876678761469485,21.269977586737916,-5.483678761469484,-4.876977586737915
2023,9,Austrian Grand Prix,Red Bull Ring,leclerc,15,2,23.425,ferrari,Finished,0,0,unknown,0,0,0,0,0,0,0,0,28.583,0,1,0,0,Abnormal long stop,259,192,21.876678761469485,21.449307516022486,1.5483212385305158,1.9756924839775145
2023,9,Austrian Grand Prix,Red Bull Ring,leclerc,47,3,21.47,ferrari,Finished,0,0,unknown,0,0,0,0,0,0,0,0,28.583,0,1,0,0,Abnormal long stop,259,192,21.876678761469485,21.999380788033875,-0.406678761469486,-0.5293807880338761
2023,9,Austrian Grand Prix,Red Bull Ring,maxverstappen,2,1,16.369,red_bull,Finished,0,0,unknown,0,0,0,0,0,0,0,0,28.583,0,1,0,0,Abnormal long stop,292,192,21.799548483162877,20.98009455501819,-5.430548483162877,-4.611094555018191
2023,9,Austrian Grand Prix,Red Bull Ring,maxverstappen,24,2,21.365,red_bull,Finished,0,0,unknown,0,0,0,0,0,0,0,0,28.583,0,1,0,0,Abnormal long stop,292,192,21.799548483162877,21.178647468923067,-0.4345484831628781,0.18635253107693117
2023,9,Austrian Grand Prix,Red Bull Ring,maxverstappen,49,3,21.641,red_bull,Finished,0,0,unknown,0,0,0,0,0,0,0,0,28.583,0,1,0,0,Abnormal long stop,292,192,21.799548483162877,21.713769530674213,-0.15854848316287828,-0.07276953067421488
2023,9,Austrian Grand Prix,Red Bull Ring,maxverstappen,69,4,21.328,red_bull,Finished,0,0,unknown,0,0,0,0,0,0,0,0,28.583,0,1,0,0,Abnormal long stop,292,192,21.799548483162877,23.24114828422674,-0.4715484831628771,-1.9131482842267395
2023,9,Austrian Grand Prix,Red Bull Ring,norris,2,1,18.076,mclaren,Finished,0,0,unknown,0,0,0,0,0,0,0,0,28.583,0,1,0,0,Abnormal long stop,270,192,21.850274140879083,21.439196913449862,-3.7742741408790828,-3.363196913449862
2023,9,Austrian Grand Prix,Red Bull Ring,norris,14,2,21.29,mclaren,Finished,0,0,unknown,0,0,0,0,0,0,0,0,28.583,0,1,0,0,Abnormal long stop,270,192,21.850274140879083,21.6163909555544,-0.5602741408790841,-0.3263909555544018
2023,9,Austrian Grand Prix,Red Bull Ring,norris,41,3,22.088,mclaren,Finished,0,0,unknown,0,0,0,0,0,0,0,0,28.583,0,1,0,0,Abnormal long stop,270,192,21.850274140879083,22.155784791665617,0.2377258591209177,-0.06778479166561624
2023,9,Austrian Grand Prix,Red Bull Ring,ocon,2,1,18.143,alpine,Lapped,0,0,unknown,0,0,0,0,0,0,0,0,28.583,0,1,0,0,Abnormal long stop,249,192,22.069031177667675,21.81666264194176,-3.9260311776676744,-3.6736626419417604
2023,9,Austrian Grand Prix,Red Bull Ring,ocon,14,2,22.028,alpine,Lapped,0,0,unknown,0,0,0,0,0,0,0,0,28.583,0,1,0,0,Abnormal long stop,249,192,22.069031177667675,21.9938566840463,-0.04103117766767639,0.034143315953699016
2023,9,Austrian Grand Prix,Red Bull Ring,ocon,40,3,30.427,alpine,Lapped,0,0,unknown,0,0,0,0,0,0,0,0,28.583,0,1,0,0,Abnormal long stop,249,192,22.069031177667675,22.531114632977484,8.357968822332325,7.895885367022515
2023,9,Austrian Grand Prix,Red Bull Ring,perez,2,1,17.428,red_bull,Finished,0,0,unknown,0,0,0,0,0,0,0,0,28.583,0,1,0,0,Abnormal long stop,292,192,21.799548483162877,20.98009455501819,-4.371548483162876,-3.55209455501819
2023,9,Austrian Grand Prix,Red Bull Ring,perez,25,2,21.655,red_bull,Finished,0,0,unknown,0,0,0,0,0,0,0,0,28.583,0,1,0,0,Abnormal long stop,292,192,21.799548483162877,21.180783356103102,-0.14454848316287539,0.47421664389689866
2023,9,Austrian Grand Prix,Red Bull Ring,perez,50,3,21.267,red_bull,Finished,0,0,unknown,0,0,0,0,0,0,0,0,28.583,0,1,0,0,Abnormal long stop,292,192,21.799548483162877,21.715905417854252,-0.5325484831628771,-0.4489054178542524
2023,9,Austrian Grand Prix,Red Bull Ring,piastri,2,1,17.324,mclaren,Lapped,0,0,unknown,0,0,0,0,0,0,0,0,28.583,0,1,0,0,Abnormal long stop,270,192,21.850274140879083,21.439196913449862,-4.526274140879082,-4.115196913449861
2023,9,Austrian Grand Prix,Red Bull Ring,piastri,14,2,22.467,mclaren,Lapped,0,0,unknown,0,0,0,0,0,0,0,0,28.583,0,1,0,0,Abnormal long stop,270,192,21.850274140879083,21.6163909555544,0.6167258591209155,0.8506090444455978
2023,9,Austrian Grand Prix,Red Bull Ring,piastri,22,3,29.912,mclaren,Lapped,0,0,unknown,0,0,0,0,0,0,0,0,28.583,0,1,0,0,Abnormal long stop,270,192,21.850274140879083,22.115202935244973,8.061725859120916,7.796797064755026
2023,9,Austrian Grand Prix,Red Bull Ring,piastri,41,4,22.313,mclaren,Lapped,0,0,unknown,0,0,0,0,0,0,0,0,28.583,0,1,0,0,Abnormal long stop,270,192,21.850274140879083,23.64044580161746,0.4627258591209156,-1.3274458016174613
2023,9,Austrian Grand Prix,Red Bull Ring,russell,2,1,17.946,mercedes,Finished,0,0,unknown,0,0,0,0,0,0,0,0,28.583,0,1,0,0,Abnormal long stop,278,192,22.24771383384865,21.539245058415098,-4.301713833848648,-3.5932450584150963
2023,9,Austrian Grand Prix,Red Bull Ring,russell,14,2,22.262,mercedes,Finished,0,0,unknown,0,0,0,0,0,0,0,0,28.583,0,1,0,0,Abnormal long stop,278,192,22.24771383384865,21.716439100519633,0.014286166151350699,0.5455608994803676
2023,9,Austrian Grand Prix,Red Bull Ring,russell,41,3,21.702,mercedes,Finished,0,0,unknown,0,0,0,0,0,0,0,0,28.583,0,1,0,0,Abnormal long stop,278,192,22.24771383384865,22.25583293663085,-0.545713833848648,-0.5538329366308474
2023,9,Austrian Grand Prix,Red Bull Ring,sainz,2,1,16.38,ferrari,Finished,0,0,unknown,0,0,0,0,0,0,0,0,28.583,0,1,0,0,Abnormal long stop,259,192,21.876678761469485,21.269977586737916,-5.496678761469486,-4.889977586737917
2023,9,Austrian Grand Prix,Red Bull Ring,sainz,15,2,26.283,ferrari,Finished,0,0,unknown,0,0,0,0,0,0,0,0,28.583,0,1,0,0,Abnormal long stop,259,192,21.876678761469485,21.449307516022486,4.406321238530516,4.833692483977515
2023,9,Austrian Grand Prix,Red Bull Ring,sainz,45,3,28.583,ferrari,Finished,0,0,unknown,0,0,0,0,0,0,0,0,28.583,0,1,0,0,Abnormal long stop,259,192,21.876678761469485,21.995109013673805,6.7063212385305135,6.587890986326194
2023,9,Austrian Grand Prix,Red Bull Ring,sargeant,2,1,17.337,williams,Lapped,0,0,unknown,0,0,0,0,0,0,0,0,28.583,0,1,0,0,Abnormal long stop,271,192,23.098543412353578,21.830221438740427,-5.7615434123535785,-4.493221438740427
2023,9,Austrian Grand Prix,Red Bull Ring,sargeant,14,2,23.194,williams,Lapped,0,0,unknown,0,0,0,0,0,0,0,0,28.583,0,1,0,0,Abnormal long stop,271,192,23.098543412353578,22.007415480844962,0.09545658764642084,1.186584519155037
2023,9,Austrian Grand Prix,Red Bull Ring,sargeant,43,3,21.543,williams,Lapped,0,0,unknown,0,0,0,0,0,0,0,0,28.583,0,1,0,0,Abnormal long stop,271,192,23.098543412353578,22.55108109131625,-1.555543412353579,-1.0080810913162495
2023,9,Austrian Grand Prix,Red Bull Ring,stroll,2,1,16.646,aston_martin,Finished,0,0,unknown,0,0,0,0,0,0,0,0,28.583,0,1,0,0,Abnormal long stop,271,192,22.06457455148833,21.6098118670535,-5.41857455148833,-4.963811867053501
2023,9,Austrian Grand Prix,Red Bull Ring,stroll,15,2,24.332,aston_martin,Finished,0,0,unknown,0,0,0,0,0,0,0,0,28.583,0,1,0,0,Abnormal long stop,271,192,22.06457455148833,21.789141796338072,2.26742544851167,2.542858203661929
2023,9,Austrian Grand Prix,Red Bull Ring,stroll,36,3,22.05,aston_martin,Finished,0,0,unknown,0,0,0,0,0,0,0,0,28.583,0,1,0,0,Abnormal long stop,271,192,22.06457455148833,22.315720309369084,-0.0145745514883302,-0.2657203093690832
2023,9,Austrian Grand Prix,Red Bull Ring,stroll,54,4,21.837,aston_martin,Finished,0,0,unknown,0,0,0,0,0,0,0,0,28.583,0,1,0,0,Abnormal long stop,271,192,22.06457455148833,23.83882728856154,-0.22757455148833117,-2.0018272885615396
2023,9,Austrian Grand Prix,Red Bull Ring,tsunoda,2,2,16.246,alphatauri,Lapped,0,0,unknown,0,0,0,0,0,0,0,0,28.583,0,1,0,0,Abnormal long stop,202,192,21.586894811019032,21.54994889940898,-5.340894811019034,-5.303948899408983
2023,9,Austrian Grand Prix,Red Bull Ring,tsunoda,23,3,27.286,alphatauri,Lapped,0,0,unknown,0,0,0,0,0,0,0,0,28.583,0,1,0,0,Abnormal long stop,202,192,21.586894811019032,22.076527412439997,5.699105188980969,5.209472587560004
2023,9,Austrian Grand Prix,Red Bull Ring,tsunoda,43,4,21.392,alphatauri,Lapped,0,0,unknown,0,0,0,0,0,0,0,0,28.583,0,1,0,0,Abnormal long stop,202,192,21.586894811019032,23.60390616599252,-0.19489481101903294,-2.21190616599252
2023,9,Austrian Grand Prix,Red Bull Ring,zhou,2,1,17.467,alfa,Lapped,0,0,unknown,0,0,0,0,0,0,0,0,28.583,0,1,0,0,Abnormal long stop,194,192,22.043490018252683,21.83412942294828,-4.576490018252684,-4.367129422948281
2023,9,Austrian Grand Prix,Red Bull Ring,zhou,8,2,24.374,alfa,Lapped,0,0,unknown,0,0,0,0,0,0,0,0,28.583,0,1,0,0,Abnormal long stop,194,192,22.043490018252683,21.99850814197261,2.3305099817473156,2.375491858027388
2023,9,Austrian Grand Prix,Red Bull Ring,zhou,38,3,21.91,alfa,Lapped,0,0,unknown,0,0,0,0,0,0,0,0,28.583,0,1,0,0,Abnormal long stop,194,192,22.043490018252683,22.544309639623926,-0.13349001825268303,-0.6343096396239254
2023,10,British Grand Prix,Silverstone Circuit,albon,32,1,29.634,williams,Finished,0,0,unknown,0,0,0,0,1,0.1346153846153846,1,0,33.718349999999994,0,1,0,0,Abnormal long stop,271,87,24.259847083384656,27.470972279399625,5.374152916615344,2.1630277206003754
2023,10,British Grand Prix,Silverstone Circuit,alonso,33,1,28.679,aston_martin,Finished,0,0,unknown,0,0,0,0,1,0.1346153846153846,1,0,33.718349999999994,0,1,0,0,Abnormal long stop,271,87,23.22587822251941,27.25269859489273,5.45312177748059,1.4263014051072673
2023,10,British Grand Prix,Silverstone Circuit,bottas,32,1,29.662,alfa,Finished,0,0,unknown,0,0,0,0,1,0.1346153846153846,1,0,33.718349999999994,0,1,0,0,Abnormal long stop,194,87,23.20479368928376,27.474880263607474,6.457206310716238,2.1871197363925248
2023,10,British Grand Prix,Silverstone Circuit,devries,27,1,28.242,alphatauri,Finished,0,0,unknown,0,0,0,0,1,0.1346153846153846,1,0,33.718349999999994,0,1,0,0,Abnormal long stop,202,87,22.74819848205011,27.028456908223884,5.4938015179498905,1.213543091776117
2023,10,British Grand Prix,Silverstone Circuit,devries,32,2,28.413,alphatauri,Finished,0,0,unknown,0,0,0,0,1,0.1346153846153846,1,0,33.718349999999994,0,1,0,0,Abnormal long stop,202,87,22.74819848205011,27.190699740068183,5.66480151794989,1.2223002599318171
2023,10,British Grand Prix,Silverstone Circuit,gasly,31,1,28.458,alpine,Retired,1,0,unknown,0,0,0,0,1,0.1346153846153846,1,0,33.718349999999994,0,1,0,0,Possible damage/crash race,249,87,23.230334848698753,28.919193390907985,5.227665151301245,-0.4611933909079866
2023,10,British Grand Prix,Silverstone Circuit,hamilton,33,1,29.169,mercedes,Finished,0,0,unknown,0,0,0,0,1,0.1346153846153846,1,0,33.718349999999994,0,1,0,0,Abnormal long stop,278,87,23.409017504879728,27.182131786254327,5.759982495120273,1.986868213745673
2023,10,British Grand Prix,Silverstone Circuit,hulkenberg,7,1,41.972,haas,Finished,0,0,unknown,0,0,0,0,1,0.1346153846153846,1,0,33.718349999999994,0,1,0,0,Abnormal long stop,272,87,24.408396815316305,28.08062014452678,17.563603184683696,13.891379855473222
2023,10,British Grand Prix,Silverstone Circuit,hulkenberg,32,2,30.003,haas,Finished,0,0,unknown,0,0,0,0,1,0.1346153846153846,1,0,33.718349999999994,0,1,0,0,Abnormal long stop,272,87,24.408396815316305,28.285580719971755,5.594603184683695,1.7174192800282455
2023,10,British Grand Prix,Silverstone Circuit,leclerc,18,1,28.244,ferrari,Finished,0,0,unknown,0,0,0,0,1,0.1346153846153846,1,0,33.718349999999994,0,1,0,0,Abnormal long stop,259,87,23.037982432500563,26.88082600687664,5.206017567499437,1.363173993123361
2023,10,British Grand Prix,Silverstone Circuit,leclerc,32,2,28.805,ferrari,Finished,0,0,unknown,0,0,0,0,1,0.1346153846153846,1,0,33.718349999999994,0,1,0,0,Abnormal long stop,259,87,23.037982432500563,27.06229182334124,5.767017567499437,1.742708176658759
2023,10,British Grand Prix,Silverstone Circuit,maxverstappen,33,1,29.056,red_bull,Finished,0,0,unknown,0,0,0,0,1,0.1346153846153846,1,0,33.718349999999994,0,1,0,0,Abnormal long stop,292,87,22.960852154193955,26.622981282857424,6.095147845806046,2.433018717142577
2023,10,British Grand Prix,Silverstone Circuit,norris,33,1,28.438,mclaren,Finished,0,0,unknown,0,0,0,0,1,0.1346153846153846,1,0,33.718349999999994,0,1,0,0,Abnormal long stop,270,87,23.01157781191016,27.082083641289096,5.426422188089838,1.3559163587109033
2023,10,British Grand Prix,Silverstone Circuit,perez,28,1,28.06,red_bull,Finished,0,0,unknown,0,0,0,0,1,0.1346153846153846,1,0,33.718349999999994,0,1,0,0,Abnormal long stop,292,87,22.960852154193955,26.61230184695725,5.099147845806044,1.4476981530427473
2023,10,British Grand Prix,Silverstone Circuit,piastri,29,1,28.655,mclaren,Finished,0,0,unknown,0,0,0,0,1,0.1346153846153846,1,0,33.718349999999994,0,1,0,0,Abnormal long stop,270,87,23.01157781191016,27.073540092568962,5.64342218808984,1.5814599074310394
2023,10,British Grand Prix,Silverstone Circuit,russell,28,1,29.455,mercedes,Finished,0,0,unknown,0,0,0,0,1,0.1346153846153846,1,0,33.718349999999994,0,1,0,0,Abnormal long stop,278,87,23.409017504879728,27.17145235035416,6.0459824951202705,2.28354764964584
2023,10,British Grand Prix,Silverstone Circuit,sainz,26,1,28.869,ferrari,Finished,0,0,unknown,0,0,0,0,1,0.1346153846153846,1,0,33.718349999999994,0,1,0,0,Abnormal long stop,259,87,23.037982432500563,26.897913104316913,5.831017567499437,1.9710868956830865
2023,10,British Grand Prix,Silverstone Circuit,sargeant,29,1,28.847,williams,Finished,0,0,unknown,0,0,0,0,1,0.1346153846153846,1,0,33.718349999999994,0,1,0,0,Abnormal long stop,271,87,24.259847083384656,27.464564617859523,4.587152916615345,1.3824353821404785
2023,10,British Grand Prix,Silverstone Circuit,stroll,31,1,28.561,aston_martin,Finished,0,0,unknown,0,0,0,0,1,0.1346153846153846,1,0,33.718349999999994,0,1,0,0,Abnormal long stop,271,87,23.22587822251941,27.248426820532664,5.335121777480591,1.3125731794673356
2023,10,British Grand Prix,Silverstone Circuit,tsunoda,14,1,28.353,alphatauri,Finished,0,0,unknown,0,0,0,0,1,0.1346153846153846,1,0,33.718349999999994,0,1,0,0,Abnormal long stop,202,87,22.74819848205011,27.00069037488344,5.604801517949891,1.3523096251165612
2023,10,British Grand Prix,Silverstone Circuit,tsunoda,32,2,28.603,alphatauri,Finished,0,0,unknown,0,0,0,0,1,0.1346153846153846,1,0,33.718349999999994,0,1,0,0,Abnormal long stop,202,87,22.74819848205011,27.190699740068183,5.854801517949891,1.4123002599318184
2023,10,British Grand Prix,Silverstone Circuit,zhou,24,1,29.177,alfa,Finished,0,0,unknown,0,0,0,0,1,0.1346153846153846,1,0,33.718349999999994,0,1,0,0,Abnormal long stop,194,87,23.20479368928376,27.457793166167207,5.972206310716238,1.7192068338327928
2023,10,British Grand Prix,Silverstone Circuit,zhou,33,2,28.709,alfa,Finished,0,0,unknown,0,0,0,0,1,0.1346153846153846,1,0,33.718349999999994,0,1,0,0,Abnormal long stop,194,87,23.20479368928376,27.628579546731636,5.5042063107162384,1.0804204532683634
2023,10,British Grand Prix,Silverstone Circuit,zhou,36,3,34.374,alfa,Finished,0,0,unknown,0,0,0,0,1,0.1346153846153846,1,0,33.718349999999994,0,1,0,0,Abnormal long stop,194,87,23.20479368928376,28.116712090522036,11.169206310716241,6.2572879094779665
2023,11,Hungarian Grand Prix,Hungaroring,albon,8,1,22.076,williams,Lapped,0,0,unknown,0,0,0,0,0,0,0,0,26.7285,0,1,0,0,Abnormal long stop,271,133,20.774447420369427,22.22215789853251,1.3015525796305738,-0.14615789853251115
2023,11,Hungarian Grand Prix,Hungaroring,albon,31,2,21.762,williams,Lapped,0,0,unknown,0,0,0,0,0,0,0,0,26.7285,0,1,0,0,Abnormal long stop,271,133,20.774447420369427,22.422846699617423,0.9875525796305737,-0.6608466996174229
2023,11,Hungarian Grand Prix,Hungaroring,alonso,20,1,22.916,aston_martin,Finished,0,0,unknown,0,0,0,0,0,0,0,0,26.7285,0,1,0,0,Abnormal long stop,271,133,19.74047855950418,22.027378973005998,3.175521440495821,0.88862102699400225
2023,11,Hungarian Grand Prix,Hungaroring,alonso,43,2,24.152,aston_martin,Finished,0,0,unknown,0,0,0,0,0,0,0,0,26.7285,0,1,0,0,Abnormal long stop,271,133,19.74047855950418,22.228067774090906,4.411521440495822,1.9239322259090947
2023,11,Hungarian Grand Prix,Hungaroring,bottas,9,1,22.114,alfa,Lapped,0,0,unknown,0,0,0,0,0,0,0,0,26.7285,0,1,0,0,Abnormal long stop,194,133,19.71939402626853,22.2282017699204,2.394605973731469,-0.11420176992039899
2023,11,Hungarian Grand Prix,Hungaroring,bottas,40,2,23.242,alfa,Lapped,0,0,unknown,0,0,0,0,0,0,0,0,26.7285,0,1,0,0,Abnormal long stop,194,133,19.71939402626853,22.44597766844558,3.522605973731469,0.7960223315544219
2023,11,Hungarian Grand Prix,Hungaroring,hamilton,16,1,21.974,mercedes,Finished,0,0,unknown,0,0,0,0,0,0,0,0,26.7285,0,1,0,0,Abnormal long stop,278,133,19.923617841864495,21.948268615647457,2.0503821581355055,0.025731384352543074
2023,11,Hungarian Grand Prix,Hungaroring,hamilton,49,2,21.728,mercedes,Finished,0,0,unknown,0,0,0,0,0,0,0,0,26.7285,0,1,0,0,Abnormal long stop,278,133,19.923617841864495,22.170316288532707,1.8043821581355068,-0.4423162885327052
2023,11,Hungarian Grand Prix,Hungaroring,hulkenberg,16,1,22.922,haas,Lapped,0,0,unknown,0,0,0,0,0,0,0,0,26.7285,0,1,0,0,Abnormal long stop,272,133,20.922997152301075,22.902290040600793,1.9990028476989252,0.019709959399207833
2023,11,Hungarian Grand Prix,Hungaroring,hulkenberg,38,2,21.955,haas,Lapped,0,0,unknown,0,0,0,0,0,0,0,0,26.7285,0,1,0,0,Abnormal long stop,272,133,20.922997152301075,23.100842954505666,1.032002847698923,-1.1458429545056674
2023,11,Hungarian Grand Prix,Hungaroring,kevinmagnussen,14,1,22.753,haas,Lapped,0,0,unknown,0,0,0,0,0,0,0,0,26.7285,0,1,0,0,Abnormal long stop,272,133,20.922997152301075,22.898018266240722,1.8300028476989247,-0.14501826624072223
2023,11,Hungarian Grand Prix,Hungaroring,kevinmagnussen,41,2,22.152,haas,Lapped,0,0,unknown,0,0,0,0,0,0,0,0,26.7285,0,1,0,0,Abnormal long stop,272,133,20.922997152301075,23.107250616045768,1.2290028476989256,-0.9552506160457668
2023,11,Hungarian Grand Prix,Hungaroring,leclerc,17,1,28.404,ferrari,Finished,0,0,unknown,0,0,0,0,0,0,0,0,26.7285,0,1,0,0,Abnormal long stop,259,133,19.552582769485333,21.68113703115031,8.851417230514667,6.7228629688496895
2023,11,Hungarian Grand Prix,Hungaroring,leclerc,43,2,21.452,ferrari,Finished,0,0,unknown,0,0,0,0,0,0,0,0,26.7285,0,1,0,0,Abnormal long stop,259,133,19.552582769485333,21.88823349377532,1.8994172305146684,-0.43623349377531895
2023,11,Hungarian Grand Prix,Hungaroring,maxverstappen,23,1,21.407,red_bull,Finished,0,0,unknown,0,0,0,0,0,0,0,0,26.7285,0,1,0,0,Abnormal long stop,292,133,19.475452491178725,21.40406932251079,1.931547508821275,0.002930677489210609
2023,11,Hungarian Grand Prix,Hungaroring,maxverstappen,51,2,21.68,red_bull,Finished,0,0,unknown,0,0,0,0,0,0,0,0,26.7285,0,1,0,0,Abnormal long stop,292,133,19.475452491178725,21.615437559495867,2.2045475088212747,0.06456244050413318
2023,11,Hungarian Grand Prix,Hungaroring,norris,17,1,21.541,mclaren,Finished,0,0,unknown,0,0,0,0,0,0,0,0,26.7285,0,1,0,0,Abnormal long stop,270,133,19.52617814889493,21.850356357862257,2.0148218511050686,-0.30935635786225646
2023,11,Hungarian Grand Prix,Hungaroring,norris,44,2,21.43,mclaren,Finished,0,0,unknown,0,0,0,0,0,0,0,0,26.7285,0,1,0,0,Abnormal long stop,270,133,19.52617814889493,22.0595887076673,1.903821851105068,-0.629588707667299
2023,11,Hungarian Grand Prix,Hungaroring,perez,24,1,21.862,red_bull,Finished,0,0,unknown,0,0,0,0,0,0,0,0,26.7285,0,1,0,0,Abnormal long stop,292,133,19.475452491178725,21.406205209690825,2.3865475088212733,0.4557947903091737
2023,11,Hungarian Grand Prix,Hungaroring,perez,42,2,20.88,red_bull,Finished,0,0,unknown,0,0,0,0,0,0,0,0,26.7285,0,1,0,0,Abnormal long stop,292,133,19.475452491178725,21.59621457487556,1.404547508821274,-0.7162145748755613
2023,11,Hungarian Grand Prix,Hungaroring,piastri,18,1,21.171,mclaren,Finished,0,0,unknown,0,0,0,0,0,0,0,0,26.7285,0,1,0,0,Abnormal long stop,270,133,19.52617814889493,21.852492245042292,1.6448218511050676,-0.6814922450422927
2023,11,Hungarian Grand Prix,Hungaroring,piastri,42,2,22.03,mclaren,Finished,0,0,unknown,0,0,0,0,0,0,0,0,26.7285,0,1,0,0,Abnormal long stop,270,133,19.52617814889493,22.055316933307232,2.5038218511050694,-0.025316933307230727
2023,11,Hungarian Grand Prix,Hungaroring,ricciardo,18,1,21.958,alphatauri,Lapped,0,0,unknown,0,0,0,0,0,0,0,0,26.7285,0,1,0,0,Abnormal long stop,202,133,19.262798819034877,21.81168083505728,2.695201180965121,0.14631916494271735
2023,11,Hungarian Grand Prix,Hungaroring,ricciardo,29,2,22.203,alphatauri,Lapped,0,0,unknown,0,0,0,0,0,0,0,0,26.7285,0,1,0,0,Abnormal long stop,202,133,19.262798819034877,21.986738989981784,2.940201180965122,0.21626101001821496
2023,11,Hungarian Grand Prix,Hungaroring,russell,28,1,21.886,mercedes,Finished,0,0,unknown,0,0,0,0,0,0,0,0,26.7285,0,1,0,0,Abnormal long stop,278,133,19.923617841864495,21.973899261807865,1.9623821581355045,-0.08789926180786622
2023,11,Hungarian Grand Prix,Hungaroring,russell,46,2,21.675,mercedes,Finished,0,0,unknown,0,0,0,0,0,0,0,0,26.7285,0,1,0,0,Abnormal long stop,278,133,19.923617841864495,22.163908626992605,1.751382158135506,-0.48890862699260396
2023,11,Hungarian Grand Prix,Hungaroring,sainz,15,1,21.402,ferrari,Finished,0,0,unknown,0,0,0,0,0,0,0,0,26.7285,0,1,0,0,Abnormal long stop,259,133,19.552582769485333,21.676865256790244,1.8494172305146677,-0.27486525679024254
2023,11,Hungarian Grand Prix,Hungaroring,sainz,44,2,22.051,ferrari,Finished,0,0,unknown,0,0,0,0,0,0,0,0,26.7285,0,1,0,0,Abnormal long stop,259,133,19.552582769485333,21.890369380955352,2.498417230514665,0.16063061904464604
2023,11,Hungarian Grand Prix,Hungaroring,sargeant,13,1,24.001,williams,Retired,1,0,unknown,0,0,0,0,0,0,0,0,26.7285,0,1,0,0,Possible damage/crash race,271,133,20.774447420369427,23.696753129919745,3.2265525796305745,0.30424687008025586
2023,11,Hungarian Grand Prix,Hungaroring,sargeant,34,2,22.197,williams,Retired,1,0,unknown,0,0,0,0,0,0,0,0,26.7285,0,1,0,0,Possible damage/crash race,271,133,20.774447420369427,23.89317015664459,1.4225525796305725,-1.696170156644591
2023,11,Hungarian Grand Prix,Hungaroring,stroll,9,1,21.91,aston_martin,Lapped,0,0,unknown,0,0,0,0,0,0,0,0,26.7285,0,1,0,0,Abnormal long stop,271,133,19.74047855950418,22.003884214025625,2.1695214404958207,-0.09388421402562486
2023,11,Hungarian Grand Prix,Hungaroring,stroll,34,2,22.403,aston_martin,Lapped,0,0,unknown,0,0,0,0,0,0,0,0,26.7285,0,1,0,0,Abnormal long stop,271,133,19.74047855950418,22.2088447894706,2.6625214404958193,0.19415521052939866
2023,11,Hungarian Grand Prix,Hungaroring,tsunoda,9,1,26.17,alphatauri,Lapped,0,0,unknown,0,0,0,0,0,0,0,0,26.7285,0,1,0,0,Abnormal long stop,202,133,19.262798819034877,21.792457850436975,6.907201180965124,4.377542149563027
2023,11,Hungarian Grand Prix,Hungaroring,tsunoda,44,2,21.181,alphatauri,Lapped,0,0,unknown,0,0,0,0,0,0,0,0,26.7285,0,1,0,0,Abnormal long stop,202,133,19.262798819034877,22.018777297682295,1.9182011809651236,-0.8377772976822939
2023,11,Hungarian Grand Prix,Hungaroring,zhou,10,1,29.211,alfa,Lapped,0,0,unknown,0,0,0,0,0,0,0,0,26.7285,0,1,0,0,Abnormal long stop,194,133,19.71939402626853,22.230337657100435,9.491605973731467,6.9806623428995636
2023,11,Hungarian Grand Prix,Hungaroring,zhou,38,2,22.853,alfa,Lapped,0,0,unknown,0,0,0,0,0,0,0,0,26.7285,0,1,0,0,Abnormal long stop,194,133,19.71939402626853,22.441705894085512,3.13360597373147,0.41129410591448945
2023,12,Belgian Grand Prix,Circuit de Spa-Francorchamps,albon,7,1,25.015,williams,Finished,0,0,unknown,0,0,0,0,0,0,0,0,25.269799999999996,0,1,0,0,Abnormal long stop,271,109,24.31014353425072,23.05830089064116,0.7048564657492804,1.9566991093588406
2023,12,Belgian Grand Prix,Circuit de Spa-Francorchamps,albon,23,2,23.596,williams,Finished,0,0,unknown,0,0,0,0,0,0,0,0,25.269799999999996,0,1,0,0,Abnormal long stop,271,109,24.31014353425072,23.244038481465836,-0.7141435342507201,0.35196151853416424
2023,12,Belgian Grand Prix,Circuit de Spa-Francorchamps,albon,33,3,23.529,williams,Finished,0,0,unknown,0,0,0,0,0,0,0,0,25.269799999999996,0,1,0,0,Abnormal long stop,271,109,24.31014353425072,23.74712223551647,-0.7811435342507203,-0.21812223551647136
2023,12,Belgian Grand Prix,Circuit de Spa-Francorchamps,alonso,10,1,23.085,aston_martin,Finished,0,0,unknown,0,0,0,0,0,0,0,0,25.269799999999996,0,1,0,0,Abnormal long stop,271,109,23.276174673385473,22.844298980494337,-0.191174673385472,0.24070101950566425
2023,12,Belgian Grand Prix,Circuit de Spa-Francorchamps,alonso,29,2,23.798,aston_martin,Finished,0,0,unknown,0,0,0,0,0,0,0,0,25.269799999999996,0,1,0,0,Abnormal long stop,271,109,23.276174673385473,23.036444232859115,0.5218253266145254,0.7615557671408837
2023,12,Belgian Grand Prix,Circuit de Spa-Francorchamps,bottas,6,1,23.362,alfa,Finished,0,0,unknown,0,0,0,0,0,0,0,0,25.269799999999996,0,1,0,0,Abnormal long stop,194,109,23.255090140149825,23.06007298766898,0.1069098598501732,0.30192701233101715
2023,12,Belgian Grand Prix,Circuit de Spa-Francorchamps,bottas,24,2,23.786,alfa,Finished,0,0,unknown,0,0,0,0,0,0,0,0,25.269799999999996,0,1,0,0,Abnormal long stop,194,109,23.255090140149825,23.250082352853717,0.5309098598501762,0.5359176471462845
2023,12,Belgian Grand Prix,Circuit de Spa-Francorchamps,gasly,23,1,25.664,alpine,Finished,0,0,unknown,0,0,0,0,0,0,0,0,25.269799999999996,0,1,0,0,Abnormal long stop,249,109,23.280631299564817,23.078916288723043,2.3833687004351845,2.5850837112769582
2023,12,Belgian Grand Prix,Circuit de Spa-Francorchamps,hamilton,12,1,23.09,mercedes,Finished,0,0,unknown,0,0,0,0,0,0,0,0,25.269799999999996,0,1,0,0,Abnormal long stop,278,109,23.45931395574579,22.778003946216003,-0.36931395574579184,0.31199605378399653
2023,12,Belgian Grand Prix,Circuit de Spa-Francorchamps,hamilton,27,2,23.023,mercedes,Finished,0,0,unknown,0,0,0,0,0,0,0,0,25.269799999999996,0,1,0,0,Abnormal long stop,278,109,23.45931395574579,22.961605649860637,-0.436313955745792,0.061394350139362786
2023,12,Belgian Grand Prix,Circuit de Spa-Francorchamps,hamilton,42,3,23.156,mercedes,Finished,0,0,unknown,0,0,0,0,0,0,0,0,25.269799999999996,0,1,0,0,Abnormal long stop,278,109,23.45931395574579,23.47536883981145,-0.3033139557457929,-0.3193688398114496
2023,12,Belgian Grand Prix,Circuit de Spa-Francorchamps,hulkenberg,12,1,24.571,haas,Finished,0,0,unknown,0,0,0,0,0,0,0,0,25.269799999999996,0,1,0,0,Abnormal long stop,272,109,24.45869326618237,23.732025371169335,0.11230673381763268,0.8389746288306661
2023,12,Belgian Grand Prix,Circuit de Spa-Francorchamps,hulkenberg,24,2,25.238,haas,Finished,0,0,unknown,0,0,0,0,0,0,0,0,25.269799999999996,0,1,0,0,Abnormal long stop,272,109,24.45869326618237,23.90921941327387,0.7793067338176307,1.328780586726129
2023,12,Belgian Grand Prix,Circuit de Spa-Francorchamps,kevinmagnussen,5,1,23.638,haas,Finished,0,0,unknown,0,0,0,0,0,0,0,0,25.269799999999996,0,1,0,0,Abnormal long stop,272,109,24.45869326618237,23.7170741609091,-0.8206932661823672,-0.07907416090909791
2023,12,Belgian Grand Prix,Circuit de Spa-Francorchamps,kevinmagnussen,25,2,23.572,haas,Finished,0,0,unknown,0,0,0,0,0,0,0,0,25.269799999999996,0,1,0,0,Abnormal long stop,272,109,24.45869326618237,23.911355300453906,-0.8866932661823697,-0.3393553004539065
2023,12,Belgian Grand Prix,Circuit de Spa-Francorchamps,leclerc,13,1,23.224,ferrari,Finished,0,0,unknown,0,0,0,0,0,0,0,0,25.269799999999996,0,1,0,0,Abnormal long stop,259,109,23.088278883366627,22.510872361718857,0.13572111663337338,0.7131276382811436
2023,12,Belgian Grand Prix,Circuit de Spa-Francorchamps,leclerc,28,2,23.148,ferrari,Finished,0,0,unknown,0,0,0,0,0,0,0,0,25.269799999999996,0,1,0,0,Abnormal long stop,259,109,23.088278883366627,22.694474065363494,0.05972111663337287,0.4535259346365059
2023,12,Belgian Grand Prix,Circuit de Spa-Francorchamps,maxverstappen,14,1,22.887,red_bull,Finished,0,0,unknown,0,0,0,0,0,0,0,0,25.269799999999996,0,1,0,0,Abnormal long stop,292,109,23.01114860506002,22.223125217179167,-0.12414860506001801,0.6638747828208338
2023,12,Belgian Grand Prix,Circuit de Spa-Francorchamps,maxverstappen,30,2,23.012,red_bull,Finished,0,0,unknown,0,0,0,0,0,0,0,0,25.269799999999996,0,1,0,0,Abnormal long stop,292,109,23.01114860506002,22.408862808003835,8.513949399819865e-4,0.603137191996165
2023,12,Belgian Grand Prix,Circuit de Spa-Francorchamps,norris,5,1,25.012,mclaren,Finished,0,0,unknown,0,0,0,0,0,0,0,0,25.269799999999996,0,1,0,0,Abnormal long stop,270,109,23.061874262776225,22.663004590990532,1.9501257372237752,2.3489954090094685
2023,12,Belgian Grand Prix,Circuit de Spa-Francorchamps,norris,17,2,23.744,mclaren,Finished,0,0,unknown,0,0,0,0,0,0,0,0,25.269799999999996,0,1,0,0,Abnormal long stop,270,109,23.061874262776225,22.840198633095067,0.6821257372237746,0.9038013669049327
2023,12,Belgian Grand Prix,Circuit de Spa-Francorchamps,ocon,6,1,23.085,alpine,Finished,0,0,unknown,0,0,0,0,0,0,0,0,25.269799999999996,0,1,0,0,Abnormal long stop,249,109,23.280631299564817,23.042606206662466,-0.19563129956481617,0.0423937933375349
2023,12,Belgian Grand Prix,Circuit de Spa-Francorchamps,ocon,25,2,23.339,alpine,Finished,0,0,unknown,0,0,0,0,0,0,0,0,25.269799999999996,0,1,0,0,Abnormal long stop,249,109,23.280631299564817,23.234751459027237,0.05836870043518161,0.10424854097276182
2023,12,Belgian Grand Prix,Circuit de Spa-Francorchamps,perez,13,1,23.684,red_bull,Finished,0,0,unknown,0,0,0,0,0,0,0,0,25.269799999999996,0,1,0,0,Abnormal long stop,292,109,23.01114860506002,22.22098932999913,0.6728513949399826,1.4630106700008696
2023,12,Belgian Grand Prix,Circuit de Spa-Francorchamps,perez,29,2,22.71,red_bull,Finished,0,0,unknown,0,0,0,0,0,0,0,0,25.269799999999996,0,1,0,0,Abnormal long stop,292,109,23.01114860506002,22.406726920823804,-0.3011486050600176,0.30327307917619706
2023,12,Belgian Grand Prix,Circuit de Spa-Francorchamps,ricciardo,5,1,22.843,alphatauri,Finished,0,0,unknown,0,0,0,0,0,0,0,0,25.269799999999996,0,1,0,0,Abnormal long stop,202,109,22.798494932916174,22.62219318100552,0.04450506708382562,0.22080681899447896
2023,12,Belgian Grand Prix,Circuit de Spa-Francorchamps,ricciardo,22,2,23.29,alphatauri,Finished,0,0,unknown,0,0,0,0,0,0,0,0,25.269799999999996,0,1,0,0,Abnormal long stop,202,109,22.798494932916174,22.81006665901023,0.4915050670838248,0.4799333409897706
2023,12,Belgian Grand Prix,Circuit de Spa-Francorchamps,russell,22,1,23.837,mercedes,Finished,0,0,unknown,0,0,0,0,0,0,0,0,25.269799999999996,0,1,0,0,Abnormal long stop,278,109,23.45931395574579,22.79936281801634,0.37768604425420804,1.0376371819836585
2023,12,Belgian Grand Prix,Circuit de Spa-Francorchamps,sainz,7,1,23.303,ferrari,Retired,1,0,unknown,0,0,0,0,0,0,0,0,25.269799999999996,0,1,0,0,Possible damage/crash race,259,109,23.088278883366627,23.961972834125717,0.214721116633374,-0.6589728341257164
2023,12,Belgian Grand Prix,Circuit de Spa-Francorchamps,sargeant,8,1,23.57,williams,Finished,0,0,unknown,0,0,0,0,0,0,0,0,25.269799999999996,0,1,0,0,Abnormal long stop,271,109,24.31014353425072,23.060436777821195,-0.7401435342507199,0.5095632221788051
2023,12,Belgian Grand Prix,Circuit de Spa-Francorchamps,sargeant,24,2,23.938,williams,Finished,0,0,unknown,0,0,0,0,0,0,0,0,25.269799999999996,0,1,0,0,Abnormal long stop,271,109,24.31014353425072,23.246174368645868,-0.37214353425072133,0.6918256313541313
2023,12,Belgian Grand Prix,Circuit de Spa-Francorchamps,sargeant,34,3,23.109,williams,Finished,0,0,unknown,0,0,0,0,0,0,0,0,25.269799999999996,0,1,0,0,Abnormal long stop,271,109,24.31014353425072,23.749258122696506,-1.2011435342507184,-0.6402581226965047
2023,12,Belgian Grand Prix,Circuit de Spa-Francorchamps,stroll,20,1,25.397,aston_martin,Finished,0,0,unknown,0,0,0,0,0,0,0,0,25.269799999999996,0,1,0,0,Abnormal long stop,271,109,23.276174673385473,22.86565785229468,2.1208253266145256,2.531342147705317
2023,12,Belgian Grand Prix,Circuit de Spa-Francorchamps,tsunoda,9,1,22.61,alphatauri,Finished,0,0,unknown,0,0,0,0,0,0,0,0,25.269799999999996,0,1,0,0,Abnormal long stop,202,109,22.798494932916174,22.630736729725662,-0.18849493291617492,-0.02073672972566243
2023,12,Belgian Grand Prix,Circuit de Spa-Francorchamps,tsunoda,24,2,22.737,alphatauri,Finished,0,0,unknown,0,0,0,0,0,0,0,0,25.269799999999996,0,1,0,0,Abnormal long stop,202,109,22.798494932916174,22.814338433370295,-0.061494932916176026,-0.07733843337029711
2023,12,Belgian Grand Prix,Circuit de Spa-Francorchamps,zhou,7,1,24.449,alfa,Finished,0,0,unknown,0,0,0,0,0,0,0,0,25.269799999999996,0,1,0,0,Abnormal long stop,194,109,23.255090140149825,23.062208874849013,1.1939098598501765,1.3867911251509888
2023,12,Belgian Grand Prix,Circuit de Spa-Francorchamps,zhou,25,2,24.045,alfa,Finished,0,0,unknown,0,0,0,0,0,0,0,0,25.269799999999996,0,1,0,0,Abnormal long stop,194,109,23.255090140149825,23.252218240033752,0.7899098598501766,0.7927817599662497
2023,13,Dutch Grand Prix,Circuit Park Zandvoort,albon,63,3,2.443475,williams,Finished,0,0,unknown,0,0,0,0,0,0,0,0,2.465966,0,0,0,0,Normal stop,271,144,18.79130054190977,5.099782160524855,-16.34782554190977,-2.656307160524855
2023,13,Dutch Grand Prix,Circuit Park Zandvoort,alonso,64,5,2.455302,aston_martin,Finished,0,0,unknown,0,0,0,0,0,0,0,0,2.465966,0,0,0,0,Normal stop,271,144,17.757331681044523,4.875381747839384,-15.302029681044523,-2.420079747839384
2023,13,Dutch Grand Prix,Circuit Park Zandvoort,bottas,63,4,2.4051129999999996,alfa,Finished,0,0,unknown,0,0,0,0,0,0,0,0,2.465966,0,0,0,0,Normal stop,194,144,17.736247147808875,6.588351154684552,-15.331134147808875,-4.1832381546845525
2023,13,Dutch Grand Prix,Circuit Park Zandvoort,gasly,64,5,2.4431689999999997,alpine,Finished,0,0,unknown,0,0,0,0,0,0,0,0,2.465966,0,0,0,0,Normal stop,249,144,17.761788307223867,5.0822325227276455,-15.318619307223868,-2.6390635227276458
2023,13,Dutch Grand Prix,Circuit Park Zandvoort,hamilton,64,5,2.431108,mercedes,Finished,0,0,unknown,0,0,0,0,0,0,0,0,2.465966,0,0,0,0,Normal stop,278,144,17.940470963404838,4.8048149392009805,-15.509362963404838,-2.3737069392009804
2023,13,Dutch Grand Prix,Circuit Park Zandvoort,hulkenberg,63,4,2.410704,haas,Finished,0,0,unknown,0,0,0,0,0,0,0,0,2.465966,0,0,0,0,Normal stop,272,144,18.93985027384142,7.2474882151047035,-16.52914627384142,-4.836784215104704
2023,13,Dutch Grand Prix,Circuit Park Zandvoort,kevinmagnussen,63,5,2.394733,haas,Finished,0,0,unknown,0,0,0,0,0,0,0,0,2.465966,0,0,0,0,Normal stop,272,144,18.93985027384142,5.756700476974279,-16.54511727384142,-3.361967476974279
2023,13,Dutch Grand Prix,Circuit Park Zandvoort,lawson,63,6,2.3963400000000004,alphatauri,Finished,0,0,unknown,0,0,0,0,0,0,0,0,2.465966,0,0,0,0,Normal stop,202,144,17.27965194057522,1.0098094268195914,-14.88331194057522,1.386530573180409
2023,13,Dutch Grand Prix,Circuit Park Zandvoort,maxverstappen,64,6,2.483382,red_bull,Finished,0,0,unknown,0,0,0,0,0,0,0,0,2.465966,0,1,0,0,Abnormal long stop,292,144,17.49230561271907,17.209875938948517,-15.008923612719068,-14.726493938948517
2023,13,Dutch Grand Prix,Circuit Park Zandvoort,norris,63,5,2.443212,mclaren,Finished,0,0,unknown,0,0,0,0,0,0,0,0,2.465966,0,0,0,0,Normal stop,270,144,17.543031270435275,4.702630907055712,-15.099819270435276,-2.2594189070557125
2023,13,Dutch Grand Prix,Circuit Park Zandvoort,ocon,63,5,2.432201,alpine,Finished,0,0,unknown,0,0,0,0,0,0,0,0,2.465966,0,0,0,0,Normal stop,249,144,17.761788307223867,5.080096635547611,-15.329587307223868,-2.647895635547611
2023,13,Dutch Grand Prix,Circuit Park Zandvoort,perez,63,5,2.461612,red_bull,Finished,0,0,unknown,0,0,0,0,0,0,0,0,2.465966,0,0,0,0,Normal stop,292,144,17.49230561271907,4.243528548624041,-15.030693612719068,-1.7819165486240407
2023,13,Dutch Grand Prix,Circuit Park Zandvoort,piastri,63,4,2.434653,mclaren,Finished,0,0,unknown,0,0,0,0,0,0,0,0,2.465966,0,0,0,0,Normal stop,270,144,17.543031270435275,6.193418645186137,-15.108378270435274,-3.758765645186137
2023,13,Dutch Grand Prix,Circuit Park Zandvoort,russell,63,5,2.446251,mercedes,Finished,0,0,unknown,0,0,0,0,0,0,0,0,2.465966,0,0,0,0,Normal stop,278,144,17.940470963404838,4.802679052020946,-15.494219963404838,-2.356428052020946
2023,13,Dutch Grand Prix,Circuit Park Zandvoort,sainz,64,5,2.4431469999999997,ferrari,Finished,0,0,unknown,0,0,0,0,0,0,0,0,2.465966,0,0,0,0,Normal stop,259,144,17.569435891025677,4.535547467523799,-15.126288891025677,-2.092400467523799
2023,13,Dutch Grand Prix,Circuit Park Zandvoort,stroll,63,6,2.4107339999999997,aston_martin,Finished,0,0,unknown,0,0,0,0,0,0,0,0,2.465966,0,0,0,0,Normal stop,271,144,17.757331681044523,1.2212357904082385,-15.346597681044523,1.1894982095917612
2023,13,Dutch Grand Prix,Circuit Park Zandvoort,tsunoda,63,4,2.414895,alphatauri,Finished,0,0,unknown,0,0,0,0,0,0,0,0,2.465966,0,0,0,0,Normal stop,202,144,17.27965194057522,6.152607235201128,-14.864756940575221,-3.7377122352011276
2023,14,Italian Grand Prix,Autodromo Nazionale di Monza,albon,15,1,24.538,williams,Finished,0,0,unknown,0,0,0,0,0,0,0,0,27.119799999999998,0,1,0,0,Abnormal long stop,271,104,26.196787115248917,25.400064120918195,-1.6587871152489164,-0.8620641209181947
2023,14,Italian Grand Prix,Autodromo Nazionale di Monza,alonso,21,1,24.798,aston_martin,Finished,0,0,unknown,0,0,0,0,0,0,0,0,27.119799999999998,0,1,0,0,Abnormal long stop,271,104,25.162818254383666,25.192469872311477,-0.36481825438366755,-0.394469872311479
2023,14,Italian Grand Prix,Autodromo Nazionale di Monza,bottas,25,1,24.658,alfa,Finished,0,0,unknown,0,0,0,0,0,0,0,0,27.119799999999998,0,1,0,0,Abnormal long stop,194,104,25.141733721148018,25.42533097692639,-0.4837337211480168,-0.7673309769263881
2023,14,Italian Grand Prix,Autodromo Nazionale di Monza,gasly,10,1,27.376,alpine,Finished,0,0,unknown,0,0,0,0,0,0,0,0,27.119799999999998,0,1,0,0,Abnormal long stop,249,104,25.16727488056301,25.375825888219364,2.2087251194369912,2.0001741117806375
2023,14,Italian Grand Prix,Autodromo Nazionale di Monza,gasly,31,2,24.686,alpine,Finished,0,0,unknown,0,0,0,0,0,0,0,0,27.119799999999998,0,1,0,0,Abnormal long stop,249,104,25.16727488056301,25.5722429149442,-0.48127488056301004,-0.8862429149442015
2023,14,Italian Grand Prix,Autodromo Nazionale di Monza,hamilton,27,1,24.255,mercedes,Finished,0,0,unknown,0,0,0,0,0,0,0,0,27.119799999999998,0,1,0,0,Abnormal long stop,278,104,25.34595753674398,25.134718386753278,-1.090957536743982,-0.8797183867532787
2023,14,Italian Grand Prix,Autodromo Nazionale di Monza,hulkenberg,14,1,26.095,haas,Lapped,0,0,unknown,0,0,0,0,0,0,0,0,27.119799999999998,0,1,0,0,Abnormal long stop,272,104,26.345336847180562,26.060973278366166,-0.2503368471805629,0.03402672163383258
2023,14,Italian Grand Prix,Autodromo Nazionale di Monza,hulkenberg,39,2,24.328,haas,Lapped,0,0,unknown,0,0,0,0,0,0,0,0,27.119799999999998,0,1,0,0,Abnormal long stop,272,104,26.345336847180562,26.26593385381114,-2.0173368471805624,-1.937933853811142
2023,14,Italian Grand Prix,Autodromo Nazionale di Monza,kevinmagnussen,12,1,24.66,haas,Lapped,0,0,unknown,0,0,0,0,0,0,0,0,27.119799999999998,0,1,0,0,Abnormal long stop,272,104,26.345336847180562,26.0567015040061,-1.6853368471805616,-1.3967015040060993
2023,14,Italian Grand Prix,Autodromo Nazionale di Monza,kevinmagnussen,33,2,24.765,haas,Lapped,0,0,unknown,0,0,0,0,0,0,0,0,27.119799999999998,0,1,0,0,Abnormal long stop,272,104,26.345336847180562,26.25311853073094,-1.5803368471805612,-1.4881185307309401
2023,14,Italian Grand Prix,Autodromo Nazionale di Monza,lawson,13,1,24.212,alphatauri,Finished,0,0,unknown,0,0,0,0,0,0,0,0,27.119799999999998,0,1,0,0,Abnormal long stop,202,104,24.685138513914367,24.96395641128256,-0.47313851391436756,-0.7519564112825599
2023,14,Italian Grand Prix,Autodromo Nazionale di Monza,lawson,33,2,24.281,alphatauri,Finished,0,0,unknown,0,0,0,0,0,0,0,0,27.119799999999998,0,1,0,0,Abnormal long stop,202,104,24.685138513914367,25.158237550827366,-0.4041385139143685,-0.8772375508273669
2023,14,Italian Grand Prix,Autodromo Nazionale di Monza,leclerc,20,1,23.931,ferrari,Finished,0,0,unknown,0,0,0,0,0,0,0,0,27.119799999999998,0,1,0,0,Abnormal long stop,259,104,24.97492246436482,24.850499704815856,-1.0439224643648188,-0.9194997048158555
2023,14,Italian Grand Prix,Autodromo Nazionale di Monza,maxverstappen,20,1,24.228,red_bull,Finished,0,0,unknown,0,0,0,0,0,0,0,0,27.119799999999998,0,1,0,0,Abnormal long stop,292,104,24.89779218605821,24.56061667309613,-0.6697921860582099,-0.33261667309612974
2023,14,Italian Grand Prix,Autodromo Nazionale di Monza,norris,22,1,23.727,mclaren,Finished,0,0,unknown,0,0,0,0,0,0,0,0,27.119799999999998,0,1,0,0,Abnormal long stop,270,104,24.948517843774418,25.02399080588787,-1.2215178437744179,-1.2969908058878694
2023,14,Italian Grand Prix,Autodromo Nazionale di Monza,ocon,24,1,24.249,alpine,Retired,1,0,unknown,0,0,0,0,0,0,0,0,27.119799999999998,0,1,0,0,Possible damage/crash race,249,104,25.16727488056301,26.8696441042269,-0.9182748805630112,-2.6206441042269013
2023,14,Italian Grand Prix,Autodromo Nazionale di Monza,perez,21,1,23.819,red_bull,Finished,0,0,unknown,0,0,0,0,0,0,0,0,27.119799999999998,0,1,0,0,Abnormal long stop,292,104,24.89779218605821,24.562752560276166,-1.0787921860582124,-0.7437525602761674
2023,14,Italian Grand Prix,Autodromo Nazionale di Monza,piastri,23,1,24.133,mclaren,Finished,0,0,unknown,0,0,0,0,0,0,0,0,27.119799999999998,0,1,0,0,Abnormal long stop,270,104,24.948517843774418,25.026126693067905,-0.815517843774419,-0.8931266930679058
2023,14,Italian Grand Prix,Autodromo Nazionale di Monza,piastri,41,2,31.799,mclaren,Finished,0,0,unknown,0,0,0,0,0,0,0,0,27.119799999999998,0,1,0,0,Abnormal long stop,270,104,24.948517843774418,25.21613605825264,6.850482156225581,6.582863941747359
2023,14,Italian Grand Prix,Autodromo Nazionale di Monza,russell,19,1,24.215,mercedes,Finished,0,0,unknown,0,0,0,0,0,0,0,0,27.119799999999998,0,1,0,0,Abnormal long stop,278,104,25.34595753674398,25.117631289313003,-1.1309575367439813,-0.9026312893130033
2023,14,Italian Grand Prix,Autodromo Nazionale di Monza,sainz,19,1,25.183,ferrari,Finished,0,0,unknown,0,0,0,0,0,0,0,0,27.119799999999998,0,1,0,0,Abnormal long stop,259,104,24.97492246436482,24.84836381763582,0.20807753563518006,0.3346361823641786
2023,14,Italian Grand Prix,Autodromo Nazionale di Monza,sargeant,14,1,24.779,williams,Finished,0,0,unknown,0,0,0,0,0,0,0,0,27.119799999999998,0,1,0,0,Abnormal long stop,271,104,26.196787115248917,25.39792823373816,-1.4177871152489168,-0.6189282337381599
2023,14,Italian Grand Prix,Autodromo Nazionale di Monza,stroll,20,1,25.667,aston_martin,Finished,0,0,unknown,0,0,0,0,0,0,0,0,27.119799999999998,0,1,0,0,Abnormal long stop,271,104,25.162818254383666,25.190333985131442,0.5041817456163358,0.47666601486855953
2023,14,Italian Grand Prix,Autodromo Nazionale di Monza,zhou,11,1,24.396,alfa,Finished,0,0,unknown,0,0,0,0,0,0,0,0,27.119799999999998,0,1,0,0,Abnormal long stop,194,104,25.141733721148018,25.39542855640591,-0.7457337211480173,-0.9994285564059098
2023,14,Italian Grand Prix,Autodromo Nazionale di Monza,zhou,33,2,25.959,alfa,Finished,0,0,unknown,0,0,0,0,0,0,0,0,27.119799999999998,0,1,0,0,Abnormal long stop,194,104,25.141733721148018,25.593981470310787,0.8172662788519816,0.36501852968921256
2023,15,Singapore Grand Prix,Marina Bay Street Circuit,albon,20,1,30.138,williams,Finished,0,0,unknown,0,0,0,0,0,0,0,0,49.26579999999995,0,1,0,0,Abnormal long stop,271,69,32.187927899168514,31.585345226154054,-2.0499278991685124,-1.4473452261540523
2023,15,Singapore Grand Prix,Marina Bay Street Circuit,albon,43,2,29.787,williams,Finished,0,0,unknown,0,0,0,0,0,0,0,0,49.26579999999995,0,1,0,0,Abnormal long stop,271,69,32.187927899168514,31.786034027238962,-2.400927899168515,-1.999034027238963
2023,15,Singapore Grand Prix,Marina Bay Street Circuit,alonso,20,1,30.67,aston_martin,Finished,0,0,unknown,0,0,0,0,0,0,0,0,49.26579999999995,0,1,0,0,Abnormal long stop,271,69,31.153959038303267,31.364935654467132,-0.48395903830326503,-0.6949356544671303
2023,15,Singapore Grand Prix,Marina Bay Street Circuit,alonso,44,2,52.708,aston_martin,Finished,0,0,unknown,0,0,0,0,0,0,0,0,49.26579999999995,0,1,0,0,Abnormal long stop,271,69,31.153959038303267,31.567760342732072,21.55404096169673,21.140239657267927
2023,15,Singapore Grand Prix,Marina Bay Street Circuit,bottas,40,1,30.487,alfa,Retired,1,0,unknown,0,0,0,0,0,0,0,0,49.26579999999995,0,1,0,0,Possible damage/crash race,194,69,31.13287450506762,33.09588674944965,-0.6458745050676207,-2.608886749449649
2023,15,Singapore Grand Prix,Marina Bay Street Circuit,gasly,20,1,31.802,alpine,Finished,0,0,unknown,0,0,0,0,0,0,0,0,49.26579999999995,0,1,0,0,Abnormal long stop,249,69,31.15841566448261,31.57178642935539,0.6435843355173887,0.230213570644608
2023,15,Singapore Grand Prix,Marina Bay Street Circuit,hamilton,20,1,32.631,mercedes,Finished,0,0,unknown,0,0,0,0,0,0,0,0,49.26579999999995,0,1,0,0,Abnormal long stop,278,69,31.337098320663586,31.29436884582873,1.2939016793364146,1.3366311541712719
2023,15,Singapore Grand Prix,Marina Bay Street Circuit,hamilton,44,2,33.581,mercedes,Finished,0,0,unknown,0,0,0,0,0,0,0,0,49.26579999999995,0,1,0,0,Abnormal long stop,278,69,31.337098320663586,31.497193534093668,2.2439016793364175,2.083806465906335
2023,15,Singapore Grand Prix,Marina Bay Street Circuit,hulkenberg,20,1,35.497,haas,Finished,0,0,unknown,0,0,0,0,0,0,0,0,49.26579999999995,0,1,0,0,Abnormal long stop,272,69,32.336477631100166,32.24839027078206,3.1605223688998336,3.2486097292179394
2023,15,Singapore Grand Prix,Marina Bay Street Circuit,kevinmagnussen,20,1,31.475,haas,Finished,0,0,unknown,0,0,0,0,0,0,0,0,49.26579999999995,0,1,0,0,Abnormal long stop,272,69,32.336477631100166,32.24839027078206,-0.8614776311001648,-0.773390270782059
2023,15,Singapore Grand Prix,Marina Bay Street Circuit,kevinmagnussen,43,2,33.078,haas,Finished,0,0,unknown,0,0,0,0,0,0,0,0,49.26579999999995,0,1,0,0,Abnormal long stop,272,69,32.336477631100166,32.44907907186697,0.7415223688998367,0.6289209281330344
2023,15,Singapore Grand Prix,Marina Bay Street Circuit,lawson,20,1,32.348,alphatauri,Finished,0,0,unknown,0,0,0,0,0,0,0,0,49.26579999999995,0,1,0,0,Abnormal long stop,202,69,30.67627929783397,31.153509290878482,1.6717207021660307,1.1944907091215171
2023,15,Singapore Grand Prix,Marina Bay Street Circuit,leclerc,20,1,32.888,ferrari,Finished,0,0,unknown,0,0,0,0,0,0,0,0,49.26579999999995,0,1,0,0,Abnormal long stop,259,69,30.96606324828442,31.025101374151543,1.9219367517155774,1.8628986258484552
2023,15,Singapore Grand Prix,Marina Bay Street Circuit,maxverstappen,40,1,29.698,red_bull,Finished,0,0,unknown,0,0,0,0,0,0,0,0,49.26579999999995,0,1,0,0,Abnormal long stop,292,69,30.888932969977812,30.7779360860325,-1.190932969977812,-1.0799360860325002
2023,15,Singapore Grand Prix,Marina Bay Street Circuit,norris,20,1,29.485,mclaren,Finished,0,0,unknown,0,0,0,0,0,0,0,0,49.26579999999995,0,1,0,0,Abnormal long stop,270,69,30.93965862769402,31.194320700863493,-1.4546586276940197,-1.7093207008634934
2023,15,Singapore Grand Prix,Marina Bay Street Circuit,ocon,20,1,29.755,alpine,Retired,1,0,unknown,0,0,0,0,0,0,0,0,49.26579999999995,0,1,0,0,Possible damage/crash race,249,69,31.15841566448261,33.03570222484245,-1.403415664482612,-3.2807022248424538
2023,15,Singapore Grand Prix,Marina Bay Street Circuit,perez,39,1,28.977,red_bull,Finished,0,0,unknown,0,0,0,0,0,0,0,0,49.26579999999995,0,1,0,0,Abnormal long stop,292,69,30.888932969977812,30.775800198852465,-1.911932969977812,-1.7988001988524651
2023,15,Singapore Grand Prix,Marina Bay Street Circuit,piastri,20,1,29.369,mclaren,Finished,0,0,unknown,0,0,0,0,0,0,0,0,49.26579999999995,0,1,0,0,Abnormal long stop,270,69,30.93965862769402,31.194320700863493,-1.5706586276940193,-1.825320700863493
2023,15,Singapore Grand Prix,Marina Bay Street Circuit,russell,20,1,29.976,mercedes,Retired,1,0,unknown,0,0,0,0,0,0,0,0,49.26579999999995,0,1,0,0,Possible damage/crash race,278,69,31.337098320663586,32.75828464131579,-1.3610983206635865,-2.7822846413157905
2023,15,Singapore Grand Prix,Marina Bay Street Circuit,russell,44,2,30.039,mercedes,Retired,1,0,unknown,0,0,0,0,0,0,0,0,49.26579999999995,0,1,0,0,Possible damage/crash race,278,69,31.337098320663586,32.96110932958074,-1.298098320663584,-2.922109329580735
2023,15,Singapore Grand Prix,Marina Bay Street Circuit,sainz,20,1,29.499,ferrari,Finished,0,0,unknown,0,0,0,0,0,0,0,0,49.26579999999995,0,1,0,0,Abnormal long stop,259,69,30.96606324828442,31.025101374151543,-1.467063248284422,-1.5261013741515441
2023,15,Singapore Grand Prix,Marina Bay Street Circuit,sargeant,19,1,63.543,williams,Finished,0,0,unknown,0,0,0,0,0,0,0,0,49.26579999999995,0,1,0,0,Abnormal long stop,271,69,32.187927899168514,31.58320933897402,31.355072100831485,31.95979066102598
2023,15,Singapore Grand Prix,Marina Bay Street Circuit,sargeant,43,2,31.018,williams,Finished,0,0,unknown,0,0,0,0,0,0,0,0,49.26579999999995,0,1,0,0,Abnormal long stop,271,69,32.187927899168514,31.786034027238962,-1.1699278991685134,-0.7680340272389614
2023,15,Singapore Grand Prix,Marina Bay Street Circuit,zhou,2,1,30.032,alfa,Finished,0,0,unknown,0,0,0,0,0,0,0,0,49.26579999999995,0,1,0,0,Abnormal long stop,194,69,31.13287450506762,31.550807241121294,-1.100874505067619,-1.5188072411212943
2023,15,Singapore Grand Prix,Marina Bay Street Circuit,zhou,20,2,30.637,alfa,Finished,0,0,unknown,0,0,0,0,0,0,0,0,49.26579999999995,0,1,0,0,Abnormal long stop,194,69,31.13287450506762,31.740816606306034,-0.49587450506761854,-1.103816606306033
2023,16,Japanese Grand Prix,Suzuka Circuit,perez,13,3,2.485913,red_bull,Retired,1,0,unknown,0,0,0,0,0,0,0,0,2.485913,0,1,0,0,Possible damage/crash race,292,24,23.59692417701123,23.60024289400369,-21.11101117701123,-21.11432989400369
2023,17,Qatar Grand Prix,Losail International Circuit,albon,18,1,29.253,williams,Finished,0,0,unknown,0,0,0,0,0,0,0,0,33.1974,0,1,0,0,Abnormal long stop,271,141,29.231430953309335,28.150640372075454,0.02156904669066506,1.102359627924546
2023,17,Qatar Grand Prix,Losail International Circuit,albon,31,2,28.747,williams,Finished,0,0,unknown,0,0,0,0,0,0,0,0,33.1974,0,1,0,0,Abnormal long stop,271,141,29.231430953309335,28.329970301360028,-0.48443095330933517,0.41702969863997197
2023,17,Qatar Grand Prix,Losail International Circuit,albon,44,3,28.981,williams,Finished,0,0,unknown,0,0,0,0,0,0,0,0,33.1974,0,1,0,0,Abnormal long stop,271,141,29.231430953309335,28.83946171695077,-0.2504309533093334,0.14153828304923266
2023,17,Qatar Grand Prix,Losail International Circuit,alonso,11,1,28.373,aston_martin,Finished,0,0,unknown,0,0,0,0,0,0,0,0,33.1974,0,1,0,0,Abnormal long stop,271,141,28.197462092444084,27.915279590128296,0.17553790755591692,0.4577204098717047
2023,17,Qatar Grand Prix,Losail International Circuit,alonso,26,2,28.432,aston_martin,Finished,0,0,unknown,0,0,0,0,0,0,0,0,33.1974,0,1,0,0,Abnormal long stop,271,141,28.197462092444084,28.098881293772934,0.23453790755591442,0.3331187062270651
2023,17,Qatar Grand Prix,Losail International Circuit,alonso,44,3,28.393,aston_martin,Finished,0,0,unknown,0,0,0,0,0,0,0,0,33.1974,0,1,0,0,Abnormal long stop,271,141,28.197462092444084,28.619052145263847,0.1955379075559165,-0.22605214526384643
2023,17,Qatar Grand Prix,Losail International Circuit,bottas,3,1,29.977,alfa,Finished,0,0,unknown,0,0,0,0,0,0,0,0,33.1974,0,1,0,0,Abnormal long stop,194,141,28.176377559208436,28.1225100485828,1.8006224407915639,1.8544899514172002
2023,17,Qatar Grand Prix,Losail International Circuit,bottas,21,2,29.387,alfa,Finished,0,0,unknown,0,0,0,0,0,0,0,0,33.1974,0,1,0,0,Abnormal long stop,194,141,28.176377559208436,28.312519413767536,1.210622440791564,1.0744805862324647
2023,17,Qatar Grand Prix,Losail International Circuit,bottas,39,3,28.946,alfa,Finished,0,0,unknown,0,0,0,0,0,0,0,0,33.1974,0,1,0,0,Abnormal long stop,194,141,28.176377559208436,28.83269026525845,0.769622440791565,0.11330973474155215
2023,17,Qatar Grand Prix,Losail International Circuit,gasly,11,1,28.429,alpine,Finished,0,0,unknown,0,0,0,0,0,0,0,0,33.1974,0,1,0,0,Abnormal long stop,249,141,28.20191871862343,28.122130365016556,0.22708128137657013,0.30686963498344255
2023,17,Qatar Grand Prix,Losail International Circuit,gasly,26,2,30.192,alpine,Finished,0,0,unknown,0,0,0,0,0,0,0,0,33.1974,0,1,0,0,Abnormal long stop,249,141,28.20191871862343,28.30573206866119,1.9900812813765718,1.8862679313388107
2023,17,Qatar Grand Prix,Losail International Circuit,gasly,44,3,34.856,alpine,Finished,0,0,unknown,0,0,0,0,0,0,0,0,33.1974,0,1,0,0,Abnormal long stop,249,141,28.20191871862343,28.825902920152103,6.654081281376573,6.0300970798478986
2023,17,Qatar Grand Prix,Losail International Circuit,hulkenberg,13,1,39.879,haas,Lapped,0,0,unknown,0,0,0,0,0,0,0,0,33.1974,0,1,0,0,Abnormal long stop,272,141,29.37998068524098,28.803005980803295,10.499019314759018,11.075994019196703
2023,17,Qatar Grand Prix,Losail International Circuit,hulkenberg,27,2,28.274,haas,Lapped,0,0,unknown,0,0,0,0,0,0,0,0,33.1974,0,1,0,0,Abnormal long stop,272,141,29.37998068524098,28.984471797267894,-1.1059806852409793,-0.7104717972678927
2023,17,Qatar Grand Prix,Losail International Circuit,hulkenberg,39,3,28.591,haas,Lapped,0,0,unknown,0,0,0,0,0,0,0,0,33.1974,0,1,0,0,Abnormal long stop,272,141,29.37998068524098,29.491827325678603,-0.7889806852409791,-0.9008273256786019
2023,17,Qatar Grand Prix,Losail International Circuit,kevinmagnussen,3,1,28.743,haas,Lapped,0,0,unknown,0,0,0,0,0,0,0,0,33.1974,0,1,0,0,Abnormal long stop,272,141,29.37998068524098,28.781647109002954,-0.6369806852409816,-0.038647109002955204
2023,17,Qatar Grand Prix,Losail International Circuit,kevinmagnussen,21,2,28.948,haas,Lapped,0,0,unknown,0,0,0,0,0,0,0,0,33.1974,0,1,0,0,Abnormal long stop,272,141,29.37998068524098,28.97165647418769,-0.43198068524097977,-0.023656474187689014
2023,17,Qatar Grand Prix,Losail International Circuit,kevinmagnussen,39,3,30.331,haas,Lapped,0,0,unknown,0,0,0,0,0,0,0,0,33.1974,0,1,0,0,Abnormal long stop,272,141,29.37998068524098,29.491827325678603,0.9510193147590194,0.8391726743213965
2023,17,Qatar Grand Prix,Losail International Circuit,lawson,3,1,29.33,alphatauri,Lapped,0,0,unknown,0,0,0,0,0,0,0,0,33.1974,0,1,0,0,Abnormal long stop,202,141,27.719782351974786,27.686766129099375,1.6102176480252126,1.6432338709006231
2023,17,Qatar Grand Prix,Losail International Circuit,lawson,21,2,28.665,alphatauri,Lapped,0,0,unknown,0,0,0,0,0,0,0,0,33.1974,0,1,0,0,Abnormal long stop,202,141,27.719782351974786,27.876775494284114,0.9452176480252135,0.7882245057158848
2023,17,Qatar Grand Prix,Losail International Circuit,lawson,39,3,28.171,alphatauri,Lapped,0,0,unknown,0,0,0,0,0,0,0,0,33.1974,0,1,0,0,Abnormal long stop,202,141,27.719782351974786,28.396946345775028,0.4512176480252137,-0.2259463457750286
2023,17,Qatar Grand Prix,Losail International Circuit,leclerc,12,1,28.228,ferrari,Finished,0,0,unknown,0,0,0,0,0,0,0,0,33.1974,0,1,0,0,Abnormal long stop,259,141,28.009566302425238,27.577581196992742,0.21843369757476339,0.6504188030072591
2023,17,Qatar Grand Prix,Losail International Circuit,leclerc,25,2,27.873,ferrari,Finished,0,0,unknown,0,0,0,0,0,0,0,0,33.1974,0,1,0,0,Abnormal long stop,259,141,28.009566302425238,27.756911126277313,-0.13656630242523704,0.11608887372268839
2023,17,Qatar Grand Prix,Losail International Circuit,leclerc,43,3,27.513,ferrari,Finished,0,0,unknown,0,0,0,0,0,0,0,0,33.1974,0,1,0,0,Abnormal long stop,259,141,28.009566302425238,28.277081977768223,-0.49656630242523647,-0.7640819777682211
2023,17,Qatar Grand Prix,Losail International Circuit,maxverstappen,17,1,28.233,red_bull,Finished,0,0,unknown,0,0,0,0,0,0,0,0,33.1974,0,1,0,0,Abnormal long stop,292,141,27.93243602411863,27.29837760117319,0.30056397588137074,0.9346223988268108
2023,17,Qatar Grand Prix,Losail International Circuit,maxverstappen,34,2,28.103,red_bull,Finished,0,0,unknown,0,0,0,0,0,0,0,0,33.1974,0,1,0,0,Abnormal long stop,292,141,27.93243602411863,27.486251079177894,0.17056397588137173,0.6167489208221077
2023,17,Qatar Grand Prix,Losail International Circuit,maxverstappen,51,3,29.726,red_bull,Finished,0,0,unknown,0,0,0,0,0,0,0,0,33.1974,0,1,0,0,Abnormal long stop,292,141,27.93243602411863,28.004286043488772,1.7935639758813693,1.721713956511227
2023,17,Qatar Grand Prix,Losail International Circuit,norris,13,1,28.134,mclaren,Finished,0,0,unknown,0,0,0,0,0,0,0,0,33.1974,0,1,0,0,Abnormal long stop,270,141,27.983161681834837,27.748936410884724,0.1508383181651638,0.3850635891152763
2023,17,Qatar Grand Prix,Losail International Circuit,norris,27,2,27.611,mclaren,Finished,0,0,unknown,0,0,0,0,0,0,0,0,33.1974,0,1,0,0,Abnormal long stop,270,141,27.983161681834837,27.93040222734933,-0.3721616818348359,-0.3194022273493289
2023,17,Qatar Grand Prix,Losail International Circuit,norris,44,3,27.677,mclaren,Finished,0,0,unknown,0,0,0,0,0,0,0,0,33.1974,0,1,0,0,Abnormal long stop,270,141,27.983161681834837,28.448437191660204,-0.30616168183483694,-0.7714371916602047
2023,17,Qatar Grand Prix,Losail International Circuit,ocon,10,1,28.961,alpine,Finished,0,0,unknown,0,0,0,0,0,0,0,0,33.1974,0,1,0,0,Abnormal long stop,249,141,28.20191871862343,28.11999447783652,0.7590812813765702,0.8410055221634778
2023,17,Qatar Grand Prix,Losail International Circuit,ocon,25,2,28.969,alpine,Finished,0,0,unknown,0,0,0,0,0,0,0,0,33.1974,0,1,0,0,Abnormal long stop,249,141,28.20191871862343,28.303596181481158,0.7670812813765728,0.6654038185188433
2023,17,Qatar Grand Prix,Losail International Circuit,ocon,43,3,29.169,alpine,Finished,0,0,unknown,0,0,0,0,0,0,0,0,33.1974,0,1,0,0,Abnormal long stop,249,141,28.20191871862343,28.82376703297207,0.9670812813765721,0.34523296702792905
2023,17,Qatar Grand Prix,Losail International Circuit,perez,17,1,27.808,red_bull,Finished,0,0,unknown,0,0,0,0,0,0,0,0,33.1974,0,1,0,0,Abnormal long stop,292,141,27.93243602411863,27.29837760117319,-0.12443602411862997,0.50962239882681
2023,17,Qatar Grand Prix,Losail International Circuit,perez,31,2,33.246,red_bull,Finished,0,0,unknown,0,0,0,0,0,0,0,0,33.1974,0,1,0,0,Abnormal long stop,292,141,27.93243602411863,27.47984341763779,5.313563975881372,5.7661565823622105
2023,17,Qatar Grand Prix,Losail International Circuit,perez,43,3,33.165,red_bull,Finished,0,0,unknown,0,0,0,0,0,0,0,0,33.1974,0,1,0,0,Abnormal long stop,292,141,27.93243602411863,27.987198946048498,5.232563975881369,5.177801053951502
2023,17,Qatar Grand Prix,Losail International Circuit,piastri,12,1,28.875,mclaren,Finished,0,0,unknown,0,0,0,0,0,0,0,0,33.1974,0,1,0,0,Abnormal long stop,270,141,27.983161681834837,27.746800523704692,0.8918383181651635,1.1281994762953076
2023,17,Qatar Grand Prix,Losail International Circuit,piastri,25,2,27.868,mclaren,Finished,0,0,unknown,0,0,0,0,0,0,0,0,33.1974,0,1,0,0,Abnormal long stop,270,141,27.983161681834837,27.92613045298926,-0.11516168183483799,-0.05813045298926056
2023,17,Qatar Grand Prix,Losail International Circuit,piastri,43,3,27.489,mclaren,Finished,0,0,unknown,0,0,0,0,0,0,0,0,33.1974,0,1,0,0,Abnormal long stop,270,141,27.983161681834837,28.446301304480173,-0.4941616818348358,-0.9573013044801719
2023,17,Qatar Grand Prix,Losail International Circuit,russell,14,2,28.542,mercedes,Finished,0,0,unknown,0,0,0,0,0,0,0,0,33.1974,0,1,0,0,Abnormal long stop,278,141,28.3806013748044,28.00268383897412,0.1613986251956021,0.5393161610258801
2023,17,Qatar Grand Prix,Losail International Circuit,russell,32,3,28.314,mercedes,Finished,0,0,unknown,0,0,0,0,0,0,0,0,33.1974,0,1,0,0,Abnormal long stop,278,141,28.3806013748044,28.52285469046503,-0.06660137480439943,-0.20885469046503147
2023,17,Qatar Grand Prix,Losail International Circuit,russell,50,4,28.191,mercedes,Finished,0,0,unknown,0,0,0,0,0,0,0,0,33.1974,0,1,0,0,Abnormal long stop,278,141,28.3806013748044,30.045961669657487,-0.18960137480440054,-1.854961669657488
2023,17,Qatar Grand Prix,Losail International Circuit,sargeant,13,1,29.436,williams,Retired,1,0,unknown,0,0,0,0,0,0,0,0,33.1974,0,1,0,0,Possible damage/crash race,271,141,29.231430953309335,29.60387673166235,0.2045690466906649,-0.16787673166234995
2023,17,Qatar Grand Prix,Losail International Circuit,sargeant,26,2,29.373,williams,Retired,1,0,unknown,0,0,0,0,0,0,0,0,33.1974,0,1,0,0,Possible damage/crash race,271,141,29.231430953309335,29.78320666094692,0.14156904669066606,-0.41020666094691904
2023,17,Qatar Grand Prix,Losail International Circuit,stroll,3,1,28.886,aston_martin,Finished,0,0,unknown,0,0,0,0,0,0,0,0,33.1974,0,1,0,0,Abnormal long stop,271,141,28.197462092444084,27.898192492688025,0.688537907555915,0.9878075073119739
2023,17,Qatar Grand Prix,Losail International Circuit,stroll,21,2,28.156,aston_martin,Finished,0,0,unknown,0,0,0,0,0,0,0,0,33.1974,0,1,0,0,Abnormal long stop,271,141,28.197462092444084,28.08820185787276,-0.041462092444085386,0.06779814212723778
2023,17,Qatar Grand Prix,Losail International Circuit,stroll,39,3,29.399,aston_martin,Finished,0,0,unknown,0,0,0,0,0,0,0,0,33.1974,0,1,0,0,Abnormal long stop,271,141,28.197462092444084,28.608372709363675,1.2015379075559167,0.7906272906363263
2023,17,Qatar Grand Prix,Losail International Circuit,tsunoda,9,1,27.781,alphatauri,Lapped,0,0,unknown,0,0,0,0,0,0,0,0,33.1974,0,1,0,0,Abnormal long stop,202,141,27.719782351974786,27.69958145217958,0.06121764802521312,0.08141854782041946
2023,17,Qatar Grand Prix,Losail International Circuit,tsunoda,22,2,27.596,alphatauri,Lapped,0,0,unknown,0,0,0,0,0,0,0,0,33.1974,0,1,0,0,Abnormal long stop,202,141,27.719782351974786,27.87891138146415,-0.1237823519747856,-0.2829113814641495
2023,17,Qatar Grand Prix,Losail International Circuit,tsunoda,40,3,27.809,alphatauri,Lapped,0,0,unknown,0,0,0,0,0,0,0,0,33.1974,0,1,0,0,Abnormal long stop,202,141,27.719782351974786,28.39908223295506,0.08921764802521537,-0.5900822329550586
2023,17,Qatar Grand Prix,Losail International Circuit,zhou,18,1,28.984,alfa,Finished,0,0,unknown,0,0,0,0,0,0,0,0,33.1974,0,1,0,0,Abnormal long stop,194,141,28.176377559208436,28.154548356283307,0.8076224407915653,0.8294516437166948
2023,17,Qatar Grand Prix,Losail International Circuit,zhou,35,2,28.854,alfa,Finished,0,0,unknown,0,0,0,0,0,0,0,0,33.1974,0,1,0,0,Abnormal long stop,194,141,28.176377559208436,28.342421834288015,0.6776224407915628,0.5115781657119847
2023,17,Qatar Grand Prix,Losail International Circuit,zhou,52,3,28.815,alfa,Finished,0,0,unknown,0,0,0,0,0,0,0,0,33.1974,0,1,0,0,Abnormal long stop,194,141,28.176377559208436,28.86045679859889,0.6386224407915648,-0.04545679859888807
2023,18,United States Grand Prix,Circuit of the Americas,albon,10,1,24.563,williams,Finished,0,0,unknown,0,0,0,0,0,0,0,0,25.85525,0,1,0,0,Abnormal long stop,271,135,25.848934425862964,24.83495492803354,-1.2859344258629655,-0.2719549280335407
2023,18,United States Grand Prix,Circuit of the Americas,albon,29,2,24.354,williams,Finished,0,0,unknown,0,0,0,0,0,0,0,0,25.85525,0,1,0,0,Abnormal long stop,271,135,25.848934425862964,25.027100180398314,-1.494934425862965,-0.6731001803983148
2023,18,United States Grand Prix,Circuit of the Americas,alonso,19,1,25.055,aston_martin,Retired,1,0,unknown,0,0,0,0,0,0,0,0,25.85525,0,1,0,0,Possible damage/crash race,271,135,24.814965564997717,26.097684136453985,0.24003443500228272,-1.0426841364539854
2023,18,United States Grand Prix,Circuit of the Americas,alonso,42,2,24.823,aston_martin,Retired,1,0,unknown,0,0,0,0,0,0,0,0,25.85525,0,1,0,0,Possible damage/crash race,271,135,24.814965564997717,26.298372937538893,0.008034435002283402,-1.4753729375388929
2023,18,United States Grand Prix,Circuit of the Americas,bottas,10,1,24.783,alfa,Finished,0,0,unknown,0,0,0,0,0,0,0,0,25.85525,0,1,0,0,Abnormal long stop,194,135,24.79388103176207,24.83886291224139,-0.010881031762068005,-0.05586291224138762
2023,18,United States Grand Prix,Circuit of the Americas,bottas,28,2,25.02,alfa,Finished,0,0,unknown,0,0,0,0,0,0,0,0,25.85525,0,1,0,0,Abnormal long stop,194,135,24.79388103176207,25.02887227742613,0.22611896823793032,-0.008872277426132058
2023,18,United States Grand Prix,Circuit of the Americas,gasly,18,1,23.9,alpine,Finished,0,0,unknown,0,0,0,0,0,0,0,0,25.85525,0,1,0,0,Abnormal long stop,249,135,24.81942219117706,24.838483228675145,-0.9194221911770626,-0.9384832286751461
2023,18,United States Grand Prix,Circuit of the Americas,gasly,37,2,24.88,alpine,Finished,0,0,unknown,0,0,0,0,0,0,0,0,25.85525,0,1,0,0,Abnormal long stop,249,135,24.81942219117706,25.030628481039923,0.06057780882293784,-0.15062848103992366
2023,18,United States Grand Prix,Circuit of the Americas,hamilton,20,1,24.916,mercedes,Disqualified,0,1,unknown,0,0,0,0,0,0,0,0,25.85525,0,1,0,1,Possible penalty stop,278,135,24.998104847358036,25.249522697446764,-0.08210484735803547,-0.33352269744676377
2023,18,United States Grand Prix,Circuit of the Americas,hamilton,38,2,24.648,mercedes,Disqualified,0,1,unknown,0,0,0,0,0,0,0,0,25.85525,0,1,0,1,Possible penalty stop,278,135,24.998104847358036,25.4395320626315,-0.35010484735803615,-0.7915320626315001
2023,18,United States Grand Prix,Circuit of the Americas,hulkenberg,19,1,26.573,haas,Finished,0,0,unknown,0,0,0,0,0,0,0,0,25.85525,0,1,0,0,Abnormal long stop,272,135,25.997484157794613,25.51722295728185,0.5755158422053874,1.0557770427181516
2023,18,United States Grand Prix,Circuit of the Americas,hulkenberg,34,2,24.308,haas,Finished,0,0,unknown,0,0,0,0,0,0,0,0,25.85525,0,1,0,0,Abnormal long stop,272,135,25.997484157794613,25.700824660926486,-1.6894841577946131,-1.392824660926486
2023,18,United States Grand Prix,Circuit of the Americas,kevinmagnussen,10,1,25.067,haas,Lapped,0,0,unknown,0,0,0,0,0,0,0,0,25.85525,0,1,0,0,Abnormal long stop,272,135,25.997484157794613,25.497999972661543,-0.9304841577946128,-0.43099997266154233
2023,18,United States Grand Prix,Circuit of the Americas,kevinmagnussen,29,2,24.745,haas,Lapped,0,0,unknown,0,0,0,0,0,0,0,0,25.85525,0,1,0,0,Abnormal long stop,272,135,25.997484157794613,25.69014522502632,-1.252484157794612,-0.9451452250263195
2023,18,United States Grand Prix,Circuit of the Americas,leclerc,23,1,23.963,ferrari,Disqualified,0,1,unknown,0,0,0,0,0,0,0,0,25.85525,0,1,0,1,Possible penalty stop,259,135,24.62706977497887,24.986662887309684,-0.66406977497887,-1.0236628873096834
2023,18,United States Grand Prix,Circuit of the Americas,maxverstappen,16,1,23.756,red_bull,Finished,0,0,unknown,0,0,0,0,0,0,0,0,25.85525,0,1,0,0,Abnormal long stop,292,135,24.549939496672263,23.99764336739151,-0.7939394966722624,-0.24164336739151082
2023,18,United States Grand Prix,Circuit of the Americas,maxverstappen,35,2,24.974,red_bull,Finished,0,0,unknown,0,0,0,0,0,0,0,0,25.85525,0,1,0,0,Abnormal long stop,292,135,24.549939496672263,24.189788619756282,0.4240605033277376,0.7842113802437183
2023,18,United States Grand Prix,Circuit of the Americas,norris,17,1,24.155,mclaren,Finished,0,0,unknown,0,0,0,0,0,0,0,0,25.85525,0,1,0,0,Abnormal long stop,270,135,24.60066515438847,24.458881613003214,-0.4456651543884682,-0.30388161300321315
2023,18,United States Grand Prix,Circuit of the Americas,norris,34,2,23.361,mclaren,Finished,0,0,unknown,0,0,0,0,0,0,0,0,25.85525,0,1,0,0,Abnormal long stop,270,135,24.60066515438847,24.646755091007922,-1.2396651543884687,-1.2857550910079212
2023,18,United States Grand Prix,Circuit of the Americas,perez,17,1,24.245,red_bull,Finished,0,0,unknown,0,0,0,0,0,0,0,0,25.85525,0,1,0,0,Abnormal long stop,292,135,24.549939496672263,23.999779254571543,-0.3049394966722616,0.2452207454284583
2023,18,United States Grand Prix,Circuit of the Americas,perez,37,2,23.747,red_bull,Finished,0,0,unknown,0,0,0,0,0,0,0,0,25.85525,0,1,0,0,Abnormal long stop,292,135,24.549939496672263,24.194060394116352,-0.8029394966722627,-0.44706039411635246
2023,18,United States Grand Prix,Circuit of the Americas,ricciardo,22,1,24.364,alphatauri,Lapped,0,0,unknown,0,0,0,0,0,0,0,0,25.85525,0,1,0,0,Abnormal long stop,202,135,24.33728582452842,24.428749638918376,0.02671417547158228,-0.06474963891837504
2023,18,United States Grand Prix,Circuit of the Americas,ricciardo,47,2,26.513,alphatauri,Lapped,0,0,unknown,0,0,0,0,0,0,0,0,25.85525,0,1,0,0,Abnormal long stop,202,135,24.33728582452842,24.63371021436335,2.175714175471583,1.8792897856366508
2023,18,United States Grand Prix,Circuit of the Americas,russell,21,1,24.357,mercedes,Finished,0,0,unknown,0,0,0,0,0,0,0,0,25.85525,0,1,0,0,Abnormal long stop,278,135,24.998104847358036,24.567473306688584,-0.6411048473580365,-0.21047330668858422
2023,18,United States Grand Prix,Circuit of the Americas,russell,39,2,23.969,mercedes,Finished,0,0,unknown,0,0,0,0,0,0,0,0,25.85525,0,1,0,0,Abnormal long stop,278,135,24.998104847358036,24.757482671873323,-1.0291048473580346,-0.78848267187332155
2023,18,United States Grand Prix,Circuit of the Americas,sainz,17,1,23.668,ferrari,Finished,0,0,unknown,0,0,0,0,0,0,0,0,25.85525,0,1,0,0,Abnormal long stop,259,135,24.62706977497887,24.289662286291268,-0.9590697749788717,-0.6216622862912686
2023,18,United States Grand Prix,Circuit of the Americas,sainz,35,2,23.673,ferrari,Finished,0,0,unknown,0,0,0,0,0,0,0,0,25.85525,0,1,0,0,Abnormal long stop,259,135,24.62706977497887,24.479671651476007,-0.9540697749788727,-0.8066716514760088
2023,18,United States Grand Prix,Circuit of the Americas,sargeant,11,1,24.99,williams,Finished,0,0,unknown,0,0,0,0,0,0,0,0,25.85525,0,1,0,0,Abnormal long stop,271,135,25.848934425862964,24.83709081521357,-0.8589344258629659,0.15290918478642723
2023,18,United States Grand Prix,Circuit of the Americas,sargeant,32,2,25.547,williams,Finished,0,0,unknown,0,0,0,0,0,0,0,0,25.85525,0,1,0,0,Abnormal long stop,271,135,25.848934425862964,25.033507841938416,-0.3019344258629637,0.5134921580615845
2023,18,United States Grand Prix,Circuit of the Americas,stroll,20,1,24.457,aston_martin,Finished,0,0,unknown,0,0,0,0,0,0,0,0,25.85525,0,1,0,0,Abnormal long stop,271,135,24.814965564997717,24.635904228146956,-0.35796556499771626,-0.17890422814695484
2023,18,United States Grand Prix,Circuit of the Americas,stroll,40,2,23.955,aston_martin,Finished,0,0,unknown,0,0,0,0,0,0,0,0,25.85525,0,1,0,0,Abnormal long stop,271,135,24.814965564997717,24.83018536769176,-0.8599655649977187,-0.8751853676917634
2023,18,United States Grand Prix,Circuit of the Americas,tsunoda,17,1,24.354,alphatauri,Finished,0,0,unknown,0,0,0,0,0,0,0,0,25.85525,0,1,0,0,Abnormal long stop,202,135,24.33728582452842,24.418070203018207,0.016714175471580717,-0.06407020301820765
2023,18,United States Grand Prix,Circuit of the Americas,tsunoda,34,2,24.125,alphatauri,Finished,0,0,unknown,0,0,0,0,0,0,0,0,25.85525,0,1,0,0,Abnormal long stop,202,135,24.33728582452842,24.60594368102291,-0.2122858245284185,-0.48094368102291085
2023,18,United States Grand Prix,Circuit of the Americas,tsunoda,54,3,23.472,alphatauri,Finished,0,0,unknown,0,0,0,0,0,0,0,0,25.85525,0,1,0,0,Abnormal long stop,202,135,24.33728582452842,25.13038630687389,-0.8652858245284172,-1.65838630687389
2023,18,United States Grand Prix,Circuit of the Americas,zhou,9,1,25.636,alfa,Lapped,0,0,unknown,0,0,0,0,0,0,0,0,25.85525,0,1,0,0,Abnormal long stop,194,135,24.79388103176207,24.836727025061357,0.84211896823793,0.799272974938642
2023,18,United States Grand Prix,Circuit of the Americas,zhou,27,2,24.717,alfa,Lapped,0,0,unknown,0,0,0,0,0,0,0,0,25.85525,0,1,0,0,Abnormal long stop,194,135,24.79388103176207,25.026736390246096,-0.0768810317620705,-0.30973639024609767
2023,19,Mexico City Grand Prix,Autódromo Hermanos Rodríguez,albon,34,2,1.22798,williams,Finished,0,0,unknown,0,0,0,0,0,0,0,0,1.22970865,1,0,0,0,Suspiciously short stop,271,85,19.72969907165461,-0.5475183734347328,-18.501719071654612,1.7754983734347327
2023,19,Mexico City Grand Prix,Autódromo Hermanos Rodríguez,alonso,34,2,1.229837,aston_martin,Withdrew,0,0,unknown,0,0,0,0,0,0,0,0,1.22970865,1,1,0,0,Abnormal long stop,271,85,18.695730210789364,15.848293628273897,-17.465893210789364,-14.618456628273897
2023,19,Mexico City Grand Prix,Autódromo Hermanos Rodríguez,bottas,34,2,1.229349,alfa,Finished,0,0,unknown,0,0,0,0,0,0,0,0,1.22970865,1,0,0,0,Suspiciously short stop,194,85,18.674645677553716,-0.5436103892268808,-17.445296677553717,1.7729593892268807
2023,19,Mexico City Grand Prix,Autódromo Hermanos Rodríguez,gasly,34,2,1.2256980000000002,alpine,Finished,0,0,unknown,0,0,0,0,0,0,0,0,1.22970865,1,0,0,0,Suspiciously short stop,249,85,18.700186836968708,-0.5610771702333965,-17.474488836968707,1.7867751702333967
2023,19,Mexico City Grand Prix,Autódromo Hermanos Rodríguez,hamilton,34,2,1.2129079999999999,mercedes,Finished,0,0,unknown,0,0,0,0,0,0,0,0,1.22970865,1,0,0,0,Suspiciously short stop,278,85,18.878869493149683,-0.8384947537600619,-17.665961493149684,2.051402753760062
2023,19,Mexico City Grand Prix,Autódromo Hermanos Rodríguez,hulkenberg,34,2,1.219826,haas,Finished,0,0,unknown,0,0,0,0,0,0,0,0,1.22970865,1,0,0,0,Suspiciously short stop,272,85,19.87824880358626,0.11552667119327106,-18.65842280358626,1.104299328806729
2023,19,Mexico City Grand Prix,Autódromo Hermanos Rodríguez,leclerc,34,2,1.210512,ferrari,Finished,0,0,unknown,0,0,0,0,0,0,0,0,1.22970865,1,0,0,0,Suspiciously short stop,259,85,18.507834420770518,-1.1077622254372426,-17.297322420770517,2.318274225437243
2023,19,Mexico City Grand Prix,Autódromo Hermanos Rodríguez,maxverstappen,34,3,1.209136,red_bull,Finished,0,0,unknown,0,0,0,0,0,0,0,0,1.22970865,1,0,0,0,Suspiciously short stop,292,85,18.43070414246391,-0.9159203749066662,-17.22156814246391,2.1250563749066664
2023,19,Mexico City Grand Prix,Autódromo Hermanos Rodríguez,norris,34,3,1.226386,mclaren,Finished,0,0,unknown,0,0,0,0,0,0,0,0,1.22970865,1,0,0,0,Suspiciously short stop,270,85,18.481429800180116,-0.4568180164749952,-17.255043800180115,1.683204016474995
2023,19,Mexico City Grand Prix,Autódromo Hermanos Rodríguez,ocon,34,1,1.226296,alpine,Finished,0,0,unknown,0,0,0,0,0,0,0,0,1.22970865,1,0,0,0,Suspiciously short stop,249,85,18.700186836968708,-0.7126405661775241,-17.473890836968707,1.9389365661775242
2023,19,Mexico City Grand Prix,Autódromo Hermanos Rodríguez,piastri,34,2,1.2190640000000001,mclaren,Finished,0,0,unknown,0,0,0,0,0,0,0,0,1.22970865,1,0,0,0,Suspiciously short stop,270,85,18.481429800180116,-0.9385428987252953,-17.262365800180117,2.1576068987252954
2023,19,Mexico City Grand Prix,Autódromo Hermanos Rodríguez,ricciardo,34,2,1.217136,alphatauri,Finished,0,0,unknown,0,0,0,0,0,0,0,0,1.22970865,1,0,0,0,Suspiciously short stop,202,85,18.218050470320065,-0.9793543087103039,-17.000914470320065,2.196490308710304
2023,19,Mexico City Grand Prix,Autódromo Hermanos Rodríguez,russell,34,2,1.2182,mercedes,Finished,0,0,unknown,0,0,0,0,0,0,0,0,1.22970865,1,0,0,0,Suspiciously short stop,278,85,18.878869493149683,-0.8384947537600619,-17.660669493149683,2.0566947537600617
2023,19,Mexico City Grand Prix,Autódromo Hermanos Rodríguez,sainz,34,2,1.215432,ferrari,Finished,0,0,unknown,0,0,0,0,0,0,0,0,1.22970865,1,0,0,0,Suspiciously short stop,259,85,18.507834420770518,-1.1077622254372426,-17.292402420770518,2.3231942254372426
2023,19,Mexico City Grand Prix,Autódromo Hermanos Rodríguez,sargeant,34,2,1.227718,williams,Retired,1,0,unknown,0,0,0,0,0,0,0,0,1.22970865,1,0,0,0,Possible damage/crash race,271,85,19.72969907165461,0.9163974220523299,-18.501981071654612,0.3113205779476702
2023,19,Mexico City Grand Prix,Autódromo Hermanos Rodríguez,stroll,34,2,1.2296859999999998,aston_martin,Collision damage,1,0,unknown,0,0,0,0,0,0,0,0,1.22970865,1,0,0,0,Possible damage/crash race,271,85,18.695730210789364,0.6959878503654053,-17.466044210789363,0.5336981496345945
2023,19,Mexico City Grand Prix,Autódromo Hermanos Rodríguez,tsunoda,34,2,1.218057,alphatauri,Finished,0,0,unknown,0,0,0,0,0,0,0,0,1.22970865,1,0,0,0,Suspiciously short stop,202,85,18.218050470320065,-0.9793543087103039,-16.999993470320064,2.1974113087103038
2023,19,Mexico City Grand Prix,Autódromo Hermanos Rodríguez,zhou,34,2,1.229539,alfa,Finished,0,0,unknown,0,0,0,0,0,0,0,0,1.22970865,1,0,0,0,Suspiciously short stop,194,85,18.674645677553716,-0.5436103892268808,-17.445106677553717,1.7731493892268806
2023,20,São Paulo Grand Prix,Autódromo José Carlos Pace,alonso,2,2,1.408154,aston_martin,Finished,0,0,unknown,0,0,0,0,0,0,0,0,1.4211103999999999,1,0,0,0,Suspiciously short stop,271,153,17.97241601295051,-1.7269877181625597,-16.56426201295051,3.1351417181625596
2023,20,São Paulo Grand Prix,Autódromo José Carlos Pace,bottas,2,2,1.418156,alfa,Retired,1,0,unknown,0,0,0,0,0,0,0,0,1.4211103999999999,1,0,0,0,Possible damage/crash race,194,153,17.951331479714863,-0.03875436678072042,-16.533175479714863,1.4569103667807204
2023,20,São Paulo Grand Prix,Autódromo José Carlos Pace,gasly,2,2,1.4167059999999998,alpine,Finished,0,0,unknown,0,0,0,0,0,0,0,0,1.4211103999999999,1,0,0,0,Suspiciously short stop,249,153,17.976872639129855,-1.520136943274299,-16.560166639129854,2.936842943274299
2023,20,São Paulo Grand Prix,Autódromo José Carlos Pace,hamilton,2,2,1.406375,mercedes,Finished,0,0,unknown,0,0,0,0,0,0,0,0,1.4211103999999999,1,0,0,0,Suspiciously short stop,278,153,18.15555529531083,-1.7975545268009643,-16.74918029531083,3.203929526800964
2023,20,São Paulo Grand Prix,Autódromo José Carlos Pace,hulkenberg,2,2,1.421069,haas,Lapped,0,0,unknown,0,0,0,0,0,0,0,0,1.4211103999999999,1,0,0,0,Suspiciously short stop,272,153,19.154934605747407,-0.8435331018476314,-17.733865605747408,2.2646021018476312
2023,20,São Paulo Grand Prix,Autódromo José Carlos Pace,maxverstappen,2,2,1.402632,red_bull,Finished,0,0,unknown,0,0,0,0,0,0,0,0,1.4211103999999999,1,0,0,0,Suspiciously short stop,292,153,17.707389944625056,-2.356705030197869,-16.304757944625056,3.759337030197869
2023,20,São Paulo Grand Prix,Autódromo José Carlos Pace,norris,2,2,1.404611,mclaren,Finished,0,0,unknown,0,0,0,0,0,0,0,0,1.4211103999999999,1,0,0,0,Suspiciously short stop,270,153,17.758115602341263,-1.8976026717661978,-16.353504602341264,3.302213671766198
2023,20,São Paulo Grand Prix,Autódromo José Carlos Pace,ocon,2,2,1.414725,alpine,Lapped,0,0,unknown,0,0,0,0,0,0,0,0,1.4211103999999999,1,0,0,0,Suspiciously short stop,249,153,17.976872639129855,-1.520136943274299,-16.562147639129854,2.9348619432742993
2023,20,São Paulo Grand Prix,Autódromo José Carlos Pace,perez,2,2,1.411712,red_bull,Finished,0,0,unknown,0,0,0,0,0,0,0,0,1.4211103999999999,1,0,0,0,Suspiciously short stop,292,153,17.707389944625056,-2.356705030197869,-16.295677944625055,3.768417030197869
2023,20,São Paulo Grand Prix,Autódromo José Carlos Pace,russell,2,2,1.410984,mercedes,Retired,1,0,unknown,0,0,0,0,0,0,0,0,1.4211103999999999,1,0,0,0,Possible damage/crash race,278,153,18.15555529531083,-0.33363873131390154,-16.74457129531083,1.7446227313139016
2023,20,São Paulo Grand Prix,Autódromo José Carlos Pace,sainz,2,2,1.4137039999999998,ferrari,Finished,0,0,unknown,0,0,0,0,0,0,0,0,1.4211103999999999,1,0,0,0,Suspiciously short stop,259,153,17.784520222931665,-2.066821998478145,-16.370816222931666,3.4805259984781447
2023,20,São Paulo Grand Prix,Autódromo José Carlos Pace,sargeant,2,2,1.421207,williams,Lapped,0,0,unknown,0,0,0,0,0,0,0,0,1.4211103999999999,1,1,0,0,Abnormal long stop,271,153,19.006384873815758,15.109643426919916,-17.58517787381576,-13.688436426919916
2023,20,São Paulo Grand Prix,Autódromo José Carlos Pace,stroll,2,2,1.409984,aston_martin,Finished,0,0,unknown,0,0,0,0,0,0,0,0,1.4211103999999999,1,0,0,0,Suspiciously short stop,271,153,17.97241601295051,-1.7269877181625597,-16.56243201295051,3.1369717181625596
2023,20,São Paulo Grand Prix,Autódromo José Carlos Pace,tsunoda,2,2,1.4154200000000001,alphatauri,Finished,0,0,unknown,0,0,0,0,0,0,0,0,1.4211103999999999,1,0,0,0,Suspiciously short stop,202,153,17.494736272481212,-1.9384140817512063,-16.07931627248121,3.3538340817512067
2023,20,São Paulo Grand Prix,Autódromo José Carlos Pace,zhou,2,2,1.419945,alfa,Retired,1,0,unknown,0,0,0,0,0,0,0,0,1.4211103999999999,1,0,0,0,Possible damage/crash race,194,153,17.951331479714863,-0.03875436678072042,-16.531386479714865,1.4586993667807204
2023,21,Las Vegas Grand Prix,Las Vegas Strip Street Circuit,albon,16,1,21.242,williams,Finished,0,0,unknown,0,0,0,0,0,0,0,0,25.310899999999997,0,1,0,0,Abnormal long stop,271,67,22.553370498730153,21.742211590253685,-1.3113704987301524,-0.5002115902536843
2023,21,Las Vegas Grand Prix,Las Vegas Strip Street Circuit,alonso,26,2,23.214,aston_martin,Finished,0,0,unknown,0,0,0,0,0,0,0,0,25.310899999999997,0,1,0,0,Abnormal long stop,271,67,21.519401637864906,21.694724286311228,1.6945983621350926,1.5192757136887707
2023,21,Las Vegas Grand Prix,Las Vegas Strip Street Circuit,bottas,24,2,21.575,alfa,Finished,0,0,unknown,0,0,0,0,0,0,0,0,25.310899999999997,0,1,0,0,Abnormal long stop,194,67,21.49831710462926,21.914770067845936,0.07668289537074102,-0.33977006784593655
2023,21,Las Vegas Grand Prix,Las Vegas Strip Street Circuit,gasly,17,1,22.262,alpine,Finished,0,0,unknown,0,0,0,0,0,0,0,0,25.310899999999997,0,1,0,0,Abnormal long stop,249,67,21.52385826404425,21.730788680635058,0.7381417359557503,0.5312113193649424
2023,21,Las Vegas Grand Prix,Las Vegas Strip Street Circuit,hamilton,17,1,25.047,mercedes,Finished,0,0,unknown,0,0,0,0,0,0,0,0,25.310899999999997,0,1,0,0,Abnormal long stop,278,67,21.702540920225225,21.45337109710839,3.3444590797747757,3.5936289028916093
2023,21,Las Vegas Grand Prix,Las Vegas Strip Street Circuit,hamilton,26,2,22.508,mercedes,Finished,0,0,unknown,0,0,0,0,0,0,0,0,25.310899999999997,0,1,0,0,Abnormal long stop,278,67,21.702540920225225,21.624157477672824,0.8054590797747743,0.8838425223271749
2023,21,Las Vegas Grand Prix,Las Vegas Strip Street Circuit,hulkenberg,12,1,22.154,haas,Retired,1,0,unknown,0,0,0,0,0,0,0,0,25.310899999999997,0,1,0,0,Possible damage/crash race,272,67,22.701920230661802,23.860628881648616,-0.5479202306618021,-1.7066288816486157
2023,21,Las Vegas Grand Prix,Las Vegas Strip Street Circuit,hulkenberg,26,2,25.453,haas,Retired,1,0,unknown,0,0,0,0,0,0,0,0,25.310899999999997,0,1,0,0,Possible damage/crash race,272,67,22.701920230661802,24.042094698113218,2.7510797693381974,1.4109053018867819
2023,21,Las Vegas Grand Prix,Las Vegas Strip Street Circuit,kevinmagnussen,14,1,21.611,haas,Finished,0,0,unknown,0,0,0,0,0,0,0,0,25.310899999999997,0,1,0,0,Abnormal long stop,272,67,22.701920230661802,22.40098486052162,-1.0909202306618013,-0.7899848605216206
2023,21,Las Vegas Grand Prix,Las Vegas Strip Street Circuit,kevinmagnussen,26,2,21.868,haas,Finished,0,0,unknown,0,0,0,0,0,0,0,0,25.310899999999997,0,1,0,0,Abnormal long stop,272,67,22.701920230661802,22.578178902626156,-0.8339202306618034,-0.7101789026261578
2023,21,Las Vegas Grand Prix,Las Vegas Strip Street Circuit,leclerc,21,1,22.559,ferrari,Finished,0,0,unknown,0,0,0,0,0,0,0,0,25.310899999999997,0,1,0,0,Abnormal long stop,259,67,21.33150584784606,21.192647174151347,1.227494152153941,1.3663528258486544
2023,21,Las Vegas Grand Prix,Las Vegas Strip Street Circuit,maxverstappen,16,1,26.686,red_bull,Finished,0,0,unknown,0,0,0,0,0,0,0,0,25.310899999999997,0,1,0,0,Abnormal long stop,292,67,21.25437556953945,20.89208470653145,5.431624430460548,5.793915293468551
2023,21,Las Vegas Grand Prix,Las Vegas Strip Street Circuit,maxverstappen,26,2,21.323,red_bull,Finished,0,0,unknown,0,0,0,0,0,0,0,0,25.310899999999997,0,1,0,0,Abnormal long stop,292,67,21.25437556953945,21.06500697427592,0.06862443046054878,0.25799302572407967
2023,21,Las Vegas Grand Prix,Las Vegas Strip Street Circuit,ocon,20,1,21.763,alpine,Finished,0,0,unknown,0,0,0,0,0,0,0,0,25.310899999999997,0,1,0,0,Abnormal long stop,249,67,21.52385826404425,21.73719634217516,0.2391417359557515,0.02580365782484151
2023,21,Las Vegas Grand Prix,Las Vegas Strip Street Circuit,perez,26,2,21.568,red_bull,Finished,0,0,unknown,0,0,0,0,0,0,0,0,25.310899999999997,0,1,0,0,Abnormal long stop,292,67,21.25437556953945,21.06500697427592,0.3136244304605498,0.5029930257240807
2023,21,Las Vegas Grand Prix,Las Vegas Strip Street Circuit,piastri,16,1,23.269,mclaren,Finished,0,0,unknown,0,0,0,0,0,0,0,0,25.310899999999997,0,1,0,0,Abnormal long stop,270,67,21.30510122725566,21.35118706496312,1.96389877274434,1.9178129350368778
2023,21,Las Vegas Grand Prix,Las Vegas Strip Street Circuit,piastri,43,2,20.535,mclaren,Finished,0,0,unknown,0,0,0,0,0,0,0,0,25.310899999999997,0,1,0,0,Abnormal long stop,270,67,21.30510122725566,21.560419414768166,-0.7701012272556582,-1.025419414768166
2023,21,Las Vegas Grand Prix,Las Vegas Strip Street Circuit,ricciardo,17,1,22.242,alphatauri,Finished,0,0,unknown,0,0,0,0,0,0,0,0,25.310899999999997,0,1,0,0,Abnormal long stop,202,67,21.041721897395607,21.31251154215815,1.2002781026043934,0.9294884578418525
2023,21,Las Vegas Grand Prix,Las Vegas Strip Street Circuit,russell,15,1,21.257,mercedes,Finished,0,0,unknown,0,0,0,0,0,0,0,0,25.310899999999997,0,1,0,0,Abnormal long stop,278,67,21.702540920225225,21.449099322748324,-0.4455409202252234,-0.19209932274832298
2023,21,Las Vegas Grand Prix,Las Vegas Strip Street Circuit,russell,26,2,21.952,mercedes,Finished,0,0,unknown,0,0,0,0,0,0,0,0,25.310899999999997,0,1,0,0,Abnormal long stop,278,67,21.702540920225225,21.624157477672824,0.24945907977477688,0.3278425223271775
2023,21,Las Vegas Grand Prix,Las Vegas Strip Street Circuit,sainz,3,1,21.261,ferrari,Finished,0,0,unknown,0,0,0,0,0,0,0,0,25.310899999999997,0,1,0,0,Abnormal long stop,259,67,21.33150584784606,21.154201204910734,-0.07050584784606073,0.10679879508926504
2023,21,Las Vegas Grand Prix,Las Vegas Strip Street Circuit,sainz,26,2,22.63,ferrari,Finished,0,0,unknown,0,0,0,0,0,0,0,0,25.310899999999997,0,1,0,0,Abnormal long stop,259,67,21.33150584784606,21.354890005995642,1.298494152153939,1.2751099940043567
2023,21,Las Vegas Grand Prix,Las Vegas Strip Street Circuit,sargeant,15,1,21.367,williams,Finished,0,0,unknown,0,0,0,0,0,0,0,0,25.310899999999997,0,1,0,0,Abnormal long stop,271,67,22.553370498730153,21.740075703073654,-1.1863704987301524,-0.3730757030736527
2023,21,Las Vegas Grand Prix,Las Vegas Strip Street Circuit,stroll,3,1,22.222,aston_martin,Finished,0,0,unknown,0,0,0,0,0,0,0,0,25.310899999999997,0,1,0,0,Abnormal long stop,271,67,21.519401637864906,21.49403548522632,0.7025983621350953,0.7279645147736815
2023,21,Las Vegas Grand Prix,Las Vegas Strip Street Circuit,stroll,26,2,22.57,aston_martin,Finished,0,0,unknown,0,0,0,0,0,0,0,0,25.310899999999997,0,1,0,0,Abnormal long stop,271,67,21.519401637864906,21.694724286311228,1.0505983621350943,0.8752757136887723
2023,21,Las Vegas Grand Prix,Las Vegas Strip Street Circuit,tsunoda,10,1,20.619,alphatauri,Retired,1,0,unknown,0,0,0,0,0,0,0,0,25.310899999999997,0,1,0,0,Possible damage/crash race,202,67,21.041721897395607,22.761476127384974,-0.4227218973956077,-2.142476127384974
2023,21,Las Vegas Grand Prix,Las Vegas Strip Street Circuit,tsunoda,21,2,20.894,alphatauri,Retired,1,0,unknown,0,0,0,0,0,0,0,0,25.310899999999997,0,1,0,0,Possible damage/crash race,202,67,21.041721897395607,22.936534282309474,-0.14772189739560915,-2.042534282309475
2023,21,Las Vegas Grand Prix,Las Vegas Strip Street Circuit,zhou,26,1,22.155,alfa,Finished,0,0,unknown,0,0,0,0,0,0,0,0,25.310899999999997,0,1,0,0,Abnormal long stop,194,67,21.49831710462926,21.767478446261876,0.6566828953707429,0.38752155373812514
2023,22,Abu Dhabi Grand Prix,Yas Marina Circuit,albon,16,1,22.17,williams,Finished,0,0,unknown,0,0,0,0,0,0,0,0,23.1684,0,1,0,0,Abnormal long stop,271,125,23.38932015600743,22.515770371029248,-1.2193201560074272,-0.34577037102924635
2023,22,Abu Dhabi Grand Prix,Yas Marina Circuit,albon,43,2,21.919,williams,Finished,0,0,unknown,0,0,0,0,0,0,0,0,23.1684,0,1,0,0,Abnormal long stop,271,125,23.38932015600743,22.725002720834294,-1.4703201560074284,-0.806002720834293
2023,22,Abu Dhabi Grand Prix,Yas Marina Circuit,alonso,12,1,22.462,aston_martin,Finished,0,0,unknown,0,0,0,0,0,0,0,0,23.1684,0,1,0,0,Abnormal long stop,271,125,22.355351295142185,22.286817250622192,0.10664870485781464,0.1751827493778073
2023,22,Abu Dhabi Grand Prix,Yas Marina Circuit,alonso,36,2,21.841,aston_martin,Finished,0,0,unknown,0,0,0,0,0,0,0,0,23.1684,0,1,0,0,Abnormal long stop,271,125,22.355351295142185,22.489641938887132,-0.514351295142184,-0.6486419388871312
2023,22,Abu Dhabi Grand Prix,Yas Marina Circuit,bottas,29,1,22.665,alfa,Lapped,0,0,unknown,0,0,0,0,0,0,0,0,23.1684,0,1,0,0,Abnormal long stop,194,125,22.334266761906534,22.547444888577544,0.33073323809346533,0.11755511142245467
2023,22,Abu Dhabi Grand Prix,Yas Marina Circuit,gasly,17,1,23.091,alpine,Finished,0,0,unknown,0,0,0,0,0,0,0,0,23.1684,0,1,0,0,Abnormal long stop,249,125,22.359807921321526,22.50434746141062,0.7311920786784754,0.5866525385893802
2023,22,Abu Dhabi Grand Prix,Yas Marina Circuit,gasly,32,2,23.478,alpine,Finished,0,0,unknown,0,0,0,0,0,0,0,0,23.1684,0,1,0,0,Abnormal long stop,249,125,22.359807921321526,22.687949165055254,1.1181920786784758,0.790050834944747
2023,22,Abu Dhabi Grand Prix,Yas Marina Circuit,hamilton,15,1,22.195,mercedes,Finished,0,0,unknown,0,0,0,0,0,0,0,0,23.1684,0,1,0,0,Abnormal long stop,278,125,22.5384905775025,22.22265810352389,-0.3434905775025001,-0.02765810352389053
2023,22,Abu Dhabi Grand Prix,Yas Marina Circuit,hamilton,35,2,22.045,mercedes,Finished,0,0,unknown,0,0,0,0,0,0,0,0,23.1684,0,1,0,0,Abnormal long stop,278,125,22.5384905775025,22.416939243068697,-0.4934905775024987,-0.3719392430686952
2023,22,Abu Dhabi Grand Prix,Yas Marina Circuit,hulkenberg,13,1,21.861,haas,Finished,0,0,unknown,0,0,0,0,0,0,0,0,23.1684,0,1,0,0,Abnormal long stop,272,125,23.53786988793908,23.172407754117152,-1.6768698879390804,-1.3114077541171518
2023,22,Abu Dhabi Grand Prix,Yas Marina Circuit,hulkenberg,33,2,22.081,haas,Finished,0,0,unknown,0,0,0,0,0,0,0,0,23.1684,0,1,0,0,Abnormal long stop,272,125,23.53786988793908,23.36668889366196,-1.4568698879390816,-1.285688893661959
2023,22,Abu Dhabi Grand Prix,Yas Marina Circuit,kevinmagnussen,5,1,22.764,haas,Lapped,0,0,unknown,0,0,0,0,0,0,0,0,23.1684,0,1,0,0,Abnormal long stop,272,125,23.53786988793908,23.15532065667688,-0.7738698879390817,-0.3913206566768821
2023,22,Abu Dhabi Grand Prix,Yas Marina Circuit,kevinmagnussen,22,2,22.163,haas,Lapped,0,0,unknown,0,0,0,0,0,0,0,0,23.1684,0,1,0,0,Abnormal long stop,272,125,23.53786988793908,23.343194134681585,-1.3748698879390808,-1.1801941346815852
2023,22,Abu Dhabi Grand Prix,Yas Marina Circuit,leclerc,17,1,21.919,ferrari,Finished,0,0,unknown,0,0,0,0,0,0,0,0,23.1684,0,1,0,0,Abnormal long stop,259,125,22.167455505123336,21.957662406206772,-0.24845550512333503,-0.03866240620677175
2023,22,Abu Dhabi Grand Prix,Yas Marina Circuit,leclerc,35,2,21.246,ferrari,Finished,0,0,unknown,0,0,0,0,0,0,0,0,23.1684,0,1,0,0,Abnormal long stop,259,125,22.167455505123336,22.14767177139151,-0.9214555051233368,-0.9016717713915128
2023,22,Abu Dhabi Grand Prix,Yas Marina Circuit,maxverstappen,16,1,21.662,red_bull,Finished,0,0,unknown,0,0,0,0,0,0,0,0,23.1684,0,1,0,0,Abnormal long stop,292,125,22.090325226816727,21.665643487307015,-0.42832522681672813,-0.0036434873070163576
2023,22,Abu Dhabi Grand Prix,Yas Marina Circuit,maxverstappen,43,2,21.275,red_bull,Finished,0,0,unknown,0,0,0,0,0,0,0,0,23.1684,0,1,0,0,Abnormal long stop,292,125,22.090325226816727,21.874875837112057,-0.8153252268167286,-0.5998758371120587
2023,22,Abu Dhabi Grand Prix,Yas Marina Circuit,norris,14,1,24.061,mclaren,Finished,0,0,unknown,0,0,0,0,0,0,0,0,23.1684,0,1,0,0,Abnormal long stop,270,125,22.141050884532937,22.12047407137862,1.9199491154670625,1.9405259286213798
2023,22,Abu Dhabi Grand Prix,Yas Marina Circuit,norris,33,2,21.432,mclaren,Finished,0,0,unknown,0,0,0,0,0,0,0,0,23.1684,0,1,0,0,Abnormal long stop,270,125,22.141050884532937,22.31261932374339,-0.7090508845329389,-0.8806193237433924
2023,22,Abu Dhabi Grand Prix,Yas Marina Circuit,ocon,15,1,22.16,alpine,Finished,0,0,unknown,0,0,0,0,0,0,0,0,23.1684,0,1,0,0,Abnormal long stop,249,125,22.359807921321526,22.500075687050554,-0.19980792132152558,-0.3400756870505539
2023,22,Abu Dhabi Grand Prix,Yas Marina Circuit,perez,17,1,21.446,red_bull,Finished,0,0,unknown,0,0,0,0,0,0,0,0,23.1684,0,1,0,0,Abnormal long stop,292,125,22.090325226816727,21.66777937448705,-0.6443252268167257,-0.2217793744870491
2023,22,Abu Dhabi Grand Prix,Yas Marina Circuit,perez,42,2,21.274,red_bull,Finished,0,0,unknown,0,0,0,0,0,0,0,0,23.1684,0,1,0,0,Abnormal long stop,292,125,22.090325226816727,21.872739949932026,-0.8163252268167263,-0.5987399499320247
2023,22,Abu Dhabi Grand Prix,Yas Marina Circuit,piastri,13,1,21.697,mclaren,Finished,0,0,unknown,0,0,0,0,0,0,0,0,23.1684,0,1,0,0,Abnormal long stop,270,125,22.141050884532937,22.118338184198585,-0.4440508845329383,-0.4213381841985857
2023,22,Abu Dhabi Grand Prix,Yas Marina Circuit,piastri,36,2,21.156,mclaren,Finished,0,0,unknown,0,0,0,0,0,0,0,0,23.1684,0,1,0,0,Abnormal long stop,270,125,22.141050884532937,22.319026985283493,-0.9850508845329387,-1.1630269852834942
2023,22,Abu Dhabi Grand Prix,Yas Marina Circuit,ricciardo,7,1,21.692,alphatauri,Finished,0,0,unknown,0,0,0,0,0,0,0,0,23.1684,0,1,0,0,Abnormal long stop,202,125,21.87767155467288,22.064711451133377,-0.18567155467287932,-0.37271145113337667
2023,22,Abu Dhabi Grand Prix,Yas Marina Circuit,ricciardo,31,2,21.74,alphatauri,Finished,0,0,unknown,0,0,0,0,0,0,0,0,23.1684,0,1,0,0,Abnormal long stop,202,125,21.87767155467288,22.267536139398317,-0.13767155467288106,-0.5275361393983182
2023,22,Abu Dhabi Grand Prix,Yas Marina Circuit,russell,14,1,21.65,mercedes,Finished,0,0,unknown,0,0,0,0,0,0,0,0,23.1684,0,1,0,0,Abnormal long stop,278,125,22.5384905775025,22.220522216343852,-0.8884905775025018,-0.5705222163438535
2023,22,Abu Dhabi Grand Prix,Yas Marina Circuit,russell,34,2,22.084,mercedes,Finished,0,0,unknown,0,0,0,0,0,0,0,0,23.1684,0,1,0,0,Abnormal long stop,278,125,22.5384905775025,22.41480335588866,-0.45449057750250077,-0.33080335588866205
2023,22,Abu Dhabi Grand Prix,Yas Marina Circuit,sainz,23,1,21.229,ferrari,Retired,1,0,unknown,0,0,0,0,0,0,0,0,23.1684,0,1,0,0,Possible damage/crash race,259,125,22.167455505123336,23.43439352477404,-0.9384555051233363,-2.205393524774042
2023,22,Abu Dhabi Grand Prix,Yas Marina Circuit,sainz,56,2,21.564,ferrari,Retired,1,0,unknown,0,0,0,0,0,0,0,0,23.1684,0,1,0,0,Possible damage/crash race,259,125,22.167455505123336,23.656441197659287,-0.6034555051233355,-2.092441197659287
2023,22,Abu Dhabi Grand Prix,Yas Marina Circuit,sargeant,15,1,22.124,williams,Finished,0,0,unknown,0,0,0,0,0,0,0,0,23.1684,0,1,0,0,Abnormal long stop,271,125,23.38932015600743,22.513634483849216,-1.26532015600743,-0.3896344838492176
2023,22,Abu Dhabi Grand Prix,Yas Marina Circuit,sargeant,41,2,21.88,williams,Finished,0,0,unknown,0,0,0,0,0,0,0,0,23.1684,0,1,0,0,Abnormal long stop,271,125,23.38932015600743,22.720730946474227,-1.5093201560074299,-0.8407309464742276
2023,22,Abu Dhabi Grand Prix,Yas Marina Circuit,stroll,22,1,21.866,aston_martin,Finished,0,0,unknown,0,0,0,0,0,0,0,0,23.1684,0,1,0,0,Abnormal long stop,271,125,22.355351295142185,22.30817612242253,-0.48935129514218545,-0.4421761224225307
2023,22,Abu Dhabi Grand Prix,Yas Marina Circuit,stroll,42,2,21.667,aston_martin,Finished,0,0,unknown,0,0,0,0,0,0,0,0,23.1684,0,1,0,0,Abnormal long stop,271,125,22.355351295142185,22.502457261967336,-0.6883512951421835,-0.8354572619673348
2023,22,Abu Dhabi Grand Prix,Yas Marina Circuit,tsunoda,22,1,21.486,alphatauri,Finished,0,0,unknown,0,0,0,0,0,0,0,0,23.1684,0,1,0,0,Abnormal long stop,202,125,21.87767155467288,22.09674975883388,-0.39167155467287884,-0.6107497588338795
2023,22,Abu Dhabi Grand Prix,Yas Marina Circuit,zhou,13,1,22.867,alfa,Finished,0,0,unknown,0,0,0,0,0,0,0,0,23.1684,0,1,0,0,Abnormal long stop,194,125,22.334266761906534,22.513270693697,0.5327332380934671,0.35372930630300203
2023,22,Abu Dhabi Grand Prix,Yas Marina Circuit,zhou,37,2,22.345,alfa,Finished,0,0,unknown,0,0,0,0,0,0,0,0,23.1684,0,1,0,0,Abnormal long stop,194,125,22.334266761906534,22.716095381961942,0.010733238093465047,-0.37109538196194336
2024,1,Bahrain Grand Prix,Bahrain International Circuit,albon,15,1,24.681,williams,Lapped,0,0,unknown,0,0,0,0,0,0,0,0,29.804099999999988,0,1,0,0,Abnormal long stop,271,190,26.83779606192943,25.637870367505528,-2.1567960619294304,-0.9568703675055268
2024,1,Bahrain Grand Prix,Bahrain International Circuit,albon,36,2,24.61,williams,Lapped,0,0,unknown,0,0,0,0,0,0,0,0,29.804099999999988,0,1,0,0,Abnormal long stop,271,190,26.83779606192943,25.83428739423037,-2.227796061929432,-1.2242873942303696
2024,1,Bahrain Grand Prix,Bahrain International Circuit,alonso,15,1,24.786,aston_martin,Finished,0,0,unknown,0,0,0,0,0,0,0,0,29.804099999999988,0,1,0,0,Abnormal long stop,271,190,25.803827201064184,25.417460795818606,-1.0178272010641827,-0.6314607958186045
2024,1,Bahrain Grand Prix,Bahrain International Circuit,alonso,41,2,25.109,aston_martin,Finished,0,0,unknown,0,0,0,0,0,0,0,0,29.804099999999988,0,1,0,0,Abnormal long stop,271,190,25.803827201064184,25.624557258443616,-0.6948272010641823,-0.5155572584436143
2024,1,Bahrain Grand Prix,Bahrain International Circuit,bottas,12,1,26.42,sauber,Lapped,0,0,unknown,0,0,0,0,0,0,0,0,29.804099999999988,0,1,0,0,Abnormal long stop,74,190,29.767487338120947,28.520032581898555,-3.3474873381209456,-2.100032581898553
2024,1,Bahrain Grand Prix,Bahrain International Circuit,bottas,30,2,74.773,sauber,Lapped,0,0,unknown,0,0,0,0,0,0,0,0,29.804099999999988,0,1,0,0,Abnormal long stop,74,190,29.767487338120947,28.71004194708329,45.00551266187905,46.062958052916706
2024,1,Bahrain Grand Prix,Bahrain International Circuit,gasly,12,1,29.98,alpine,Lapped,0,0,unknown,0,0,0,0,0,0,0,0,29.804099999999988,0,1,0,0,Abnormal long stop,249,190,25.808283827243528,25.617903909166763,4.171716172756472,4.362096090833237
2024,1,Bahrain Grand Prix,Bahrain International Circuit,gasly,31,2,26.462,alpine,Lapped,0,0,unknown,0,0,0,0,0,0,0,0,29.804099999999988,0,1,0,0,Abnormal long stop,249,190,25.808283827243528,25.810049161531538,0.6537161727564715,0.651950838468462
2024,1,Bahrain Grand Prix,Bahrain International Circuit,gasly,43,3,25.24,alpine,Lapped,0,0,unknown,0,0,0,0,0,0,0,0,29.804099999999988,0,1,0,0,Abnormal long stop,249,190,25.808283827243528,26.317404689942244,-0.5682838272435298,-1.0774046899422451
2024,1,Bahrain Grand Prix,Bahrain International Circuit,hamilton,12,1,25.087,mercedes,Finished,0,0,unknown,0,0,0,0,0,0,0,0,29.804099999999988,0,1,0,0,Abnormal long stop,278,190,25.986966483424503,25.3404863256401,-0.8999664834245031,-0.2534863256401003
2024,1,Bahrain Grand Prix,Bahrain International Circuit,hamilton,33,2,24.094,mercedes,Finished,0,0,unknown,0,0,0,0,0,0,0,0,29.804099999999988,0,1,0,0,Abnormal long stop,278,190,25.986966483424503,25.536903352364938,-1.8929664834245017,-1.4429033523649366
2024,1,Bahrain Grand Prix,Bahrain International Circuit,hulkenberg,20,2,24.768,haas,Lapped,0,0,unknown,0,0,0,0,0,0,0,0,29.804099999999988,0,1,0,0,Abnormal long stop,272,190,26.98634579386108,26.46315824397783,-2.2183457938610793,-1.6951582439778292
2024,1,Bahrain Grand Prix,Bahrain International Circuit,hulkenberg,41,3,24.387,haas,Lapped,0,0,unknown,0,0,0,0,0,0,0,0,29.804099999999988,0,1,0,0,Abnormal long stop,272,190,26.98634579386108,26.989736757008842,-2.5993457938610796,-2.6027367570088416
2024,1,Bahrain Grand Prix,Bahrain International Circuit,kevinmagnussen,11,1,25.951,haas,Lapped,0,0,unknown,0,0,0,0,0,0,0,0,29.804099999999988,0,1,0,0,Abnormal long stop,272,190,26.98634579386108,26.292371863413397,-1.0353457938610795,-0.3413718634133964
2024,1,Bahrain Grand Prix,Bahrain International Circuit,kevinmagnussen,32,2,24.446,haas,Lapped,0,0,unknown,0,0,0,0,0,0,0,0,29.804099999999988,0,1,0,0,Abnormal long stop,272,190,26.98634579386108,26.48878889013824,-2.5403457938610785,-2.0427888901382367
2024,1,Bahrain Grand Prix,Bahrain International Circuit,leclerc,11,1,24.069,ferrari,Finished,0,0,unknown,0,0,0,0,0,0,0,0,29.804099999999988,0,1,0,0,Abnormal long stop,259,190,25.615931411045338,25.069082966782887,-1.546931411045339,-1.0000829667828874
2024,1,Bahrain Grand Prix,Bahrain International Circuit,leclerc,34,2,24.136,ferrari,Finished,0,0,unknown,0,0,0,0,0,0,0,0,29.804099999999988,0,1,0,0,Abnormal long stop,259,190,25.615931411045338,25.26977176786779,-1.4799314110453388,-1.1337717678677919
2024,1,Bahrain Grand Prix,Bahrain International Circuit,maxverstappen,17,1,25.064,red_bull,Finished,0,0,unknown,0,0,0,0,0,0,0,0,29.804099999999988,0,1,0,0,Abnormal long stop,292,190,25.53880113273873,24.792015258143365,-0.4748011327387296,0.27198474185663457
2024,1,Bahrain Grand Prix,Bahrain International Circuit,maxverstappen,37,2,24.209,red_bull,Finished,0,0,unknown,0,0,0,0,0,0,0,0,29.804099999999988,0,1,0,0,Abnormal long stop,292,190,25.53880113273873,24.98629639768817,-1.32980113273873,-0.7772963976881719
2024,1,Bahrain Grand Prix,Bahrain International Circuit,norris,13,1,24.205,mclaren,Finished,0,0,unknown,0,0,0,0,0,0,0,0,29.804099999999988,0,1,0,0,Abnormal long stop,270,190,25.589526790454936,25.242574067854896,-1.384526790454938,-1.037574067854898
2024,1,Bahrain Grand Prix,Bahrain International Circuit,norris,33,2,24.705,mclaren,Finished,0,0,unknown,0,0,0,0,0,0,0,0,29.804099999999988,0,1,0,0,Abnormal long stop,270,190,25.589526790454936,25.436855207399706,-0.8845267904549381,-0.7318552073997076
2024,1,Bahrain Grand Prix,Bahrain International Circuit,ocon,10,1,24.877,alpine,Lapped,0,0,unknown,0,0,0,0,0,0,0,0,29.804099999999988,0,1,0,0,Abnormal long stop,249,190,25.808283827243528,25.613632134806693,-0.9312838272435293,-0.736632134806694
2024,1,Bahrain Grand Prix,Bahrain International Circuit,ocon,30,2,25.145,alpine,Lapped,0,0,unknown,0,0,0,0,0,0,0,0,29.804099999999988,0,1,0,0,Abnormal long stop,249,190,25.808283827243528,25.807913274351503,-0.6632838272435286,-0.6629132743515029
2024,1,Bahrain Grand Prix,Bahrain International Circuit,perez,12,1,24.516,red_bull,Finished,0,0,unknown,0,0,0,0,0,0,0,0,29.804099999999988,0,1,0,0,Abnormal long stop,292,190,25.53880113273873,24.781335822243193,-1.0228011327387314,-0.26533582224319474
2024,1,Bahrain Grand Prix,Bahrain International Circuit,perez,36,2,24.563,red_bull,Finished,0,0,unknown,0,0,0,0,0,0,0,0,29.804099999999988,0,1,0,0,Abnormal long stop,292,190,25.53880113273873,24.984160510508136,-0.9758011327387308,-0.4211605105081375
2024,1,Bahrain Grand Prix,Bahrain International Circuit,piastri,12,1,25.45,mclaren,Finished,0,0,unknown,0,0,0,0,0,0,0,0,29.804099999999988,0,1,0,0,Abnormal long stop,270,190,25.589526790454936,25.240438180674865,-0.1395267904549371,0.20956181932513473
2024,1,Bahrain Grand Prix,Bahrain International Circuit,piastri,34,2,24.852,mclaren,Finished,0,0,unknown,0,0,0,0,0,0,0,0,29.804099999999988,0,1,0,0,Abnormal long stop,270,190,25.589526790454936,25.43899109457974,-0.7375267904549361,-0.5869910945797407
2024,1,Bahrain Grand Prix,Bahrain International Circuit,ricciardo,13,1,24.988,rb,Lapped,0,0,unknown,0,0,0,0,0,0,0,0,29.804099999999988,0,1,0,0,Abnormal long stop,70,190,27.485548554942735,26.386166189777093,-2.4975485549427354,-1.3981661897770934
2024,1,Bahrain Grand Prix,Bahrain International Circuit,ricciardo,35,2,24.856,rb,Lapped,0,0,unknown,0,0,0,0,0,0,0,0,29.804099999999988,0,1,0,0,Abnormal long stop,70,190,27.485548554942735,26.58471910368197,-2.6295485549427333,-1.7287191036819678
2024,1,Bahrain Grand Prix,Bahrain International Circuit,russell,11,1,24.778,mercedes,Finished,0,0,unknown,0,0,0,0,0,0,0,0,29.804099999999988,0,1,0,0,Abnormal long stop,278,190,25.986966483424503,25.338350438460065,-1.2089664834245042,-0.5603504384600662
2024,1,Bahrain Grand Prix,Bahrain International Circuit,russell,31,2,24.866,mercedes,Finished,0,0,unknown,0,0,0,0,0,0,0,0,29.804099999999988,0,1,0,0,Abnormal long stop,278,190,25.986966483424503,25.532631578004874,-1.1209664834245032,-0.6666315780048748
2024,1,Bahrain Grand Prix,Bahrain International Circuit,sainz,14,1,24.474,ferrari,Finished,0,0,unknown,0,0,0,0,0,0,0,0,29.804099999999988,0,1,0,0,Abnormal long stop,259,190,25.615931411045338,25.07549062832299,-1.1419314110453378,-0.6014906283229884
2024,1,Bahrain Grand Prix,Bahrain International Circuit,sainz,35,2,23.866,ferrari,Finished,0,0,unknown,0,0,0,0,0,0,0,0,29.804099999999988,0,1,0,0,Abnormal long stop,259,190,25.615931411045338,25.271907655047826,-1.7499314110453383,-1.4059076550478267
2024,1,Bahrain Grand Prix,Bahrain International Circuit,sargeant,10,1,35.729,williams,Lapped,0,0,unknown,0,0,0,0,0,0,0,0,29.804099999999988,0,1,0,0,Abnormal long stop,271,190,26.83779606192943,25.627190931605355,8.891203938070568,10.101809068394644
2024,1,Bahrain Grand Prix,Bahrain International Circuit,sargeant,28,2,25.07,williams,Lapped,0,0,unknown,0,0,0,0,0,0,0,0,29.804099999999988,0,1,0,0,Abnormal long stop,271,190,26.83779606192943,25.817200296790098,-1.767796061929431,-0.7472002967900977
2024,1,Bahrain Grand Prix,Bahrain International Circuit,sargeant,40,3,25.346,williams,Lapped,0,0,unknown,0,0,0,0,0,0,0,0,29.804099999999988,0,1,0,0,Abnormal long stop,271,190,26.83779606192943,26.324555825200804,-1.4917960619294313,-0.9785558252008038
2024,1,Bahrain Grand Prix,Bahrain International Circuit,stroll,9,1,24.418,aston_martin,Finished,0,0,unknown,0,0,0,0,0,0,0,0,29.804099999999988,0,1,0,0,Abnormal long stop,271,190,25.803827201064184,25.4046454727384,-1.3858272010641848,-0.9866454727384024
2024,1,Bahrain Grand Prix,Bahrain International Circuit,stroll,27,2,24.545,aston_martin,Finished,0,0,unknown,0,0,0,0,0,0,0,0,29.804099999999988,0,1,0,0,Abnormal long stop,271,190,25.803827201064184,25.594654837923137,-1.2588272010641823,-1.0496548379231356
2024,1,Bahrain Grand Prix,Bahrain International Circuit,tsunoda,14,1,24.724,rb,Lapped,0,0,unknown,0,0,0,0,0,0,0,0,29.804099999999988,0,1,0,0,Abnormal long stop,70,190,27.485548554942735,26.388302076957125,-2.7615485549427348,-1.6643020769571244
2024,1,Bahrain Grand Prix,Bahrain International Circuit,tsunoda,34,2,24.324,rb,Lapped,0,0,unknown,0,0,0,0,0,0,0,0,29.804099999999988,0,1,0,0,Abnormal long stop,70,190,27.485548554942735,26.582583216501934,-3.1615485549427333,-2.2585832165019326
2024,1,Bahrain Grand Prix,Bahrain International Circuit,zhou,9,1,25.208,sauber,Lapped,0,0,unknown,0,0,0,0,0,0,0,0,29.804099999999988,0,1,0,0,Abnormal long stop,74,190,29.767487338120947,28.513624920358453,-4.559487338120949,-3.3056249203584542
2024,1,Bahrain Grand Prix,Bahrain International Circuit,zhou,28,2,25.094,sauber,Lapped,0,0,unknown,0,0,0,0,0,0,0,0,29.804099999999988,0,1,0,0,Abnormal long stop,74,190,29.767487338120947,28.705770172723224,-4.673487338120946,-3.6117701727232223
2024,2,Saudi Arabian Grand Prix,Jeddah Corniche Circuit,albon,7,1,21.723,williams,Finished,0,0,unknown,0,0,0,0,0,0,0,0,48.07929999999996,0,1,0,0,Abnormal long stop,271,90,16.660258101272543,23.14807212776573,5.062741898727456,-1.4250721277657306
2024,2,Saudi Arabian Grand Prix,Jeddah Corniche Circuit,alonso,7,1,22.129,aston_martin,Finished,0,0,unknown,0,0,0,0,0,0,0,0,48.07929999999996,0,1,0,0,Abnormal long stop,271,90,15.626289240407297,22.927662556078808,6.502710759592704,-0.7986625560788063
2024,2,Saudi Arabian Grand Prix,Jeddah Corniche Circuit,bearman,7,1,22.457,ferrari,Finished,0,0,unknown,0,0,0,0,0,0,0,0,48.07929999999996,0,1,0,0,Abnormal long stop,259,90,15.43839345038845,22.587828275763222,7.018606549611551,-0.1308282757632213
2024,2,Saudi Arabian Grand Prix,Jeddah Corniche Circuit,bottas,7,1,22.795,sauber,Lapped,0,0,unknown,0,0,0,0,0,0,0,0,48.07929999999996,0,1,0,0,Abnormal long stop,74,90,19.58994937746406,26.036642003698855,3.2050506225359428,-3.2416420036988534
2024,2,Saudi Arabian Grand Prix,Jeddah Corniche Circuit,bottas,35,2,23.281,sauber,Lapped,0,0,unknown,0,0,0,0,0,0,0,0,48.07929999999996,0,1,0,0,Abnormal long stop,74,90,19.58994937746406,26.248010240683932,3.69105062253594,-2.9670102406839334
2024,2,Saudi Arabian Grand Prix,Jeddah Corniche Circuit,hamilton,36,1,20.17,mercedes,Finished,0,0,unknown,0,0,0,0,0,0,0,0,48.07929999999996,0,1,0,0,Abnormal long stop,278,90,15.809428522767613,22.919036475661386,4.360571477232389,-2.7490364756613843
2024,2,Saudi Arabian Grand Prix,Jeddah Corniche Circuit,hulkenberg,33,1,21.035,haas,Finished,0,0,unknown,0,0,0,0,0,0,0,0,48.07929999999996,0,1,0,0,Abnormal long stop,272,90,16.80880783320419,23.86665023907462,4.2261921667958084,-2.8316502390746194
2024,2,Saudi Arabian Grand Prix,Jeddah Corniche Circuit,kevinmagnussen,7,1,21.46,haas,Finished,0,0,unknown,0,0,0,0,0,0,0,0,48.07929999999996,0,1,0,0,Abnormal long stop,272,90,16.80880783320419,23.811117172393736,4.651192166795809,-2.351117172393735
2024,2,Saudi Arabian Grand Prix,Jeddah Corniche Circuit,leclerc,7,1,23.419,ferrari,Finished,0,0,unknown,0,0,0,0,0,0,0,0,48.07929999999996,0,1,0,0,Abnormal long stop,259,90,15.43839345038845,22.587828275763222,7.980606549611551,0.8311717242367784
2024,2,Saudi Arabian Grand Prix,Jeddah Corniche Circuit,maxverstappen,7,1,20.607,red_bull,Finished,0,0,unknown,0,0,0,0,0,0,0,0,48.07929999999996,0,1,0,0,Abnormal long stop,292,90,15.361263172081841,22.297945244043497,5.245736827918158,-1.6909452440434976
2024,2,Saudi Arabian Grand Prix,Jeddah Corniche Circuit,norris,37,1,22.211,mclaren,Finished,0,0,unknown,0,0,0,0,0,0,0,0,48.07929999999996,0,1,0,0,Abnormal long stop,270,90,15.411988829798048,22.821124217876186,6.7990111702019504,-0.6101242178761872
2024,2,Saudi Arabian Grand Prix,Jeddah Corniche Circuit,ocon,7,1,22.502,alpine,Lapped,0,0,unknown,0,0,0,0,0,0,0,0,48.07929999999996,0,1,0,0,Abnormal long stop,249,90,15.630745866586638,23.134513330967067,6.871254133413361,-0.6325133309670683
2024,2,Saudi Arabian Grand Prix,Jeddah Corniche Circuit,perez,7,1,22.196,red_bull,Finished,0,0,unknown,0,0,0,0,0,0,0,0,48.07929999999996,0,1,0,0,Abnormal long stop,292,90,15.361263172081841,22.297945244043497,6.83473682791816,-0.10194524404349536
2024,2,Saudi Arabian Grand Prix,Jeddah Corniche Circuit,piastri,7,1,21.427,mclaren,Finished,0,0,unknown,0,0,0,0,0,0,0,0,48.07929999999996,0,1,0,0,Abnormal long stop,270,90,15.411988829798048,22.75704760247517,6.0150111702019515,-1.3300476024751688
2024,2,Saudi Arabian Grand Prix,Jeddah Corniche Circuit,ricciardo,7,1,63.364,rb,Lapped,0,0,unknown,0,0,0,0,0,0,0,0,48.07929999999996,0,1,0,0,Abnormal long stop,70,90,17.308010594285847,23.900639724397365,46.05598940571415,39.46336027560263
2024,2,Saudi Arabian Grand Prix,Jeddah Corniche Circuit,russell,7,1,21.013,mercedes,Finished,0,0,unknown,0,0,0,0,0,0,0,0,48.07929999999996,0,1,0,0,Abnormal long stop,278,90,15.809428522767613,22.857095747440404,5.203571477232389,-1.8440957474404023
2024,2,Saudi Arabian Grand Prix,Jeddah Corniche Circuit,sargeant,7,1,23.645,williams,Lapped,0,0,unknown,0,0,0,0,0,0,0,0,48.07929999999996,0,1,0,0,Abnormal long stop,271,90,16.660258101272543,23.14807212776573,6.9847418987274565,0.49692787223427004
2024,2,Saudi Arabian Grand Prix,Jeddah Corniche Circuit,tsunoda,7,1,21.694,rb,Lapped,0,0,unknown,0,0,0,0,0,0,0,0,48.07929999999996,0,1,0,0,Abnormal long stop,70,90,17.308010594285847,23.900639724397365,4.385989405714152,-2.206639724397366
2024,2,Saudi Arabian Grand Prix,Jeddah Corniche Circuit,zhou,41,1,46.381,sauber,Lapped,0,0,unknown,0,0,0,0,0,0,0,0,48.07929999999996,0,1,0,0,Abnormal long stop,74,90,19.58994937746406,26.10926216782001,26.79105062253594,20.27173783217999
2024,3,Australian Grand Prix,Albert Park Grand Prix Circuit,albon,6,1,17.755,williams,Lapped,0,0,unknown,0,0,0,0,0,0,0,0,32.186,0,1,0,0,Abnormal long stop,271,70,16.874049384694505,18.43365178506336,0.880950615305494,-0.6786517850633622
2024,3,Australian Grand Prix,Albert Park Grand Prix Circuit,albon,27,2,17.745,williams,Lapped,0,0,unknown,0,0,0,0,0,0,0,0,32.186,0,1,0,0,Abnormal long stop,271,70,16.874049384694505,18.630068811788203,0.870950615305496,-0.8850688117882015
2024,3,Australian Grand Prix,Albert Park Grand Prix Circuit,alonso,17,1,18.16,aston_martin,Finished,0,0,unknown,0,0,0,0,0,0,0,0,32.186,0,1,0,0,Abnormal long stop,271,70,15.840080523829258,18.236736972356812,2.3199194761707425,-0.07673697235681232
2024,3,Australian Grand Prix,Albert Park Grand Prix Circuit,alonso,41,2,17.995,aston_martin,Finished,0,0,unknown,0,0,0,0,0,0,0,0,32.186,0,1,0,0,Abnormal long stop,271,70,15.840080523829258,18.439561660621752,2.1549194761707433,-0.4445616606217513
2024,3,Australian Grand Prix,Albert Park Grand Prix Circuit,bottas,8,1,46.969,sauber,Lapped,0,0,unknown,0,0,0,0,0,0,0,0,32.186,0,1,0,0,Abnormal long stop,74,70,19.803740660886017,21.326493435356554,27.165259339113984,25.642506564643448
2024,3,Australian Grand Prix,Albert Park Grand Prix Circuit,bottas,36,2,18.938,sauber,Lapped,0,0,unknown,0,0,0,0,0,0,0,0,32.186,0,1,0,0,Abnormal long stop,74,70,19.803740660886017,21.53786167234163,-0.8657406608860185,-2.599861672341632
2024,3,Australian Grand Prix,Albert Park Grand Prix Circuit,gasly,17,1,20.316,alpine,Lapped,0,0,unknown,0,0,0,0,0,0,0,0,32.186,0,1,0,0,Abnormal long stop,249,70,15.8445371500086,18.443587747245072,4.471462849991399,1.872412252754927
2024,3,Australian Grand Prix,Albert Park Grand Prix Circuit,gasly,41,2,17.682,alpine,Lapped,0,0,unknown,0,0,0,0,0,0,0,0,32.186,0,1,0,0,Abnormal long stop,249,70,15.8445371500086,18.646412435510012,1.8374628499913985,-0.9644124355100132
2024,3,Australian Grand Prix,Albert Park Grand Prix Circuit,hamilton,7,1,17.596,mercedes,Retired,1,0,unknown,0,0,0,0,0,0,0,0,32.186,0,1,0,0,Possible damage/crash race,278,70,16.023219806189573,19.60872708740513,1.572780193810427,-2.0127270874051284
2024,3,Australian Grand Prix,Albert Park Grand Prix Circuit,hulkenberg,17,1,18.32,haas,Finished,0,0,unknown,0,0,0,0,0,0,0,0,32.186,0,1,0,0,Abnormal long stop,272,70,17.022599116626154,19.12019158867174,1.2974008833738466,-0.8001915886717406
2024,3,Australian Grand Prix,Albert Park Grand Prix Circuit,hulkenberg,35,2,18.145,haas,Finished,0,0,unknown,0,0,0,0,0,0,0,0,32.186,0,1,0,0,Abnormal long stop,272,70,17.022599116626154,19.310200953856477,1.122400883373846,-1.165200953856477
2024,3,Australian Grand Prix,Albert Park Grand Prix Circuit,kevinmagnussen,7,1,18.301,haas,Lapped,0,0,unknown,0,0,0,0,0,0,0,0,32.186,0,1,0,0,Abnormal long stop,272,70,17.022599116626154,19.0988327168714,1.2784008833738447,-0.797832716871401
2024,3,Australian Grand Prix,Albert Park Grand Prix Circuit,kevinmagnussen,33,2,18.151,haas,Lapped,0,0,unknown,0,0,0,0,0,0,0,0,32.186,0,1,0,0,Abnormal long stop,272,70,17.022599116626154,19.30592917949641,1.1284008833738461,-1.1549291794964098
2024,3,Australian Grand Prix,Albert Park Grand Prix Circuit,leclerc,9,1,17.409,ferrari,Finished,0,0,unknown,0,0,0,0,0,0,0,0,32.186,0,1,0,0,Abnormal long stop,259,70,15.65218473381041,17.879815594600952,1.756815266189589,-0.47081559460095335
2024,3,Australian Grand Prix,Albert Park Grand Prix Circuit,leclerc,34,2,17.308,ferrari,Finished,0,0,unknown,0,0,0,0,0,0,0,0,32.186,0,1,0,0,Abnormal long stop,259,70,15.65218473381041,18.084776170045927,1.65581526618959,-0.7767761700459275
2024,3,Australian Grand Prix,Albert Park Grand Prix Circuit,norris,14,1,17.776,mclaren,Finished,0,0,unknown,0,0,0,0,0,0,0,0,32.186,0,1,0,0,Abnormal long stop,270,70,15.62578011322001,18.05971435721307,2.1502198867799898,-0.28371435721307137
2024,3,Australian Grand Prix,Albert Park Grand Prix Circuit,norris,40,2,17.653,mclaren,Finished,0,0,unknown,0,0,0,0,0,0,0,0,32.186,0,1,0,0,Abnormal long stop,270,70,15.62578011322001,18.26681081983808,2.0272198867799887,-0.6138108198380827
2024,3,Australian Grand Prix,Albert Park Grand Prix Circuit,ocon,9,1,18.287,alpine,Lapped,0,0,unknown,0,0,0,0,0,0,0,0,32.186,0,1,0,0,Abnormal long stop,249,70,15.8445371500086,18.4265006498048,2.442462849991399,-0.13950064980480192
2024,3,Australian Grand Prix,Albert Park Grand Prix Circuit,ocon,16,2,30.626,alpine,Lapped,0,0,unknown,0,0,0,0,0,0,0,0,32.186,0,1,0,0,Abnormal long stop,249,70,15.8445371500086,18.593015256009163,14.781462849991401,12.032984743990838
2024,3,Australian Grand Prix,Albert Park Grand Prix Circuit,ocon,42,3,18.007,alpine,Lapped,0,0,unknown,0,0,0,0,0,0,0,0,32.186,0,1,0,0,Abnormal long stop,249,70,15.8445371500086,19.130273204940348,2.1624628499914014,-1.1232732049403467
2024,3,Australian Grand Prix,Albert Park Grand Prix Circuit,perez,14,1,18.112,red_bull,Finished,0,0,unknown,0,0,0,0,0,0,0,0,32.186,0,1,0,0,Abnormal long stop,292,70,15.575054455503802,17.6006119987814,2.536945544496197,0.5113880012185987
2024,3,Australian Grand Prix,Albert Park Grand Prix Circuit,perez,35,2,17.222,red_bull,Finished,0,0,unknown,0,0,0,0,0,0,0,0,32.186,0,1,0,0,Abnormal long stop,292,70,15.575054455503802,17.797029025506237,1.6469455444961998,-0.575029025506236
2024,3,Australian Grand Prix,Albert Park Grand Prix Circuit,piastri,9,1,17.573,mclaren,Finished,0,0,unknown,0,0,0,0,0,0,0,0,32.186,0,1,0,0,Abnormal long stop,270,70,15.62578011322001,18.049034921312902,1.9472198867799904,-0.4760349213129018
2024,3,Australian Grand Prix,Albert Park Grand Prix Circuit,piastri,39,2,18.533,mclaren,Finished,0,0,unknown,0,0,0,0,0,0,0,0,32.186,0,1,0,0,Abnormal long stop,270,70,15.62578011322001,18.264674932658046,2.907219886779991,0.26832506734195505
2024,3,Australian Grand Prix,Albert Park Grand Prix Circuit,ricciardo,5,1,18.265,rb,Lapped,0,0,unknown,0,0,0,0,0,0,0,0,32.186,0,1,0,0,Abnormal long stop,70,70,17.521801877707805,19.18408349451496,0.7431981222921955,-0.9190834945149611
2024,3,Australian Grand Prix,Albert Park Grand Prix Circuit,ricciardo,29,2,17.751,rb,Lapped,0,0,unknown,0,0,0,0,0,0,0,0,32.186,0,1,0,0,Abnormal long stop,70,70,17.521801877707805,19.3869081827799,0.22919812229219616,-1.6359081827799002
2024,3,Australian Grand Prix,Albert Park Grand Prix Circuit,russell,8,1,18.046,mercedes,Retired,1,0,unknown,0,0,0,0,0,0,0,0,32.186,0,1,0,0,Possible damage/crash race,278,70,16.023219806189573,19.610862974585167,2.0227801938104264,-1.5648629745851679
2024,3,Australian Grand Prix,Albert Park Grand Prix Circuit,russell,45,2,17.964,mercedes,Retired,1,0,unknown,0,0,0,0,0,0,0,0,32.186,0,1,0,0,Possible damage/crash race,278,70,16.023219806189573,19.841454196190547,1.9407801938104257,-1.8774541961905484
2024,3,Australian Grand Prix,Albert Park Grand Prix Circuit,sainz,16,1,17.599,ferrari,Finished,0,0,unknown,0,0,0,0,0,0,0,0,32.186,0,1,0,0,Abnormal long stop,259,70,15.65218473381041,17.89476680486119,1.9468152661895903,-0.29576680486119145
2024,3,Australian Grand Prix,Albert Park Grand Prix Circuit,sainz,41,2,17.74,ferrari,Finished,0,0,unknown,0,0,0,0,0,0,0,0,32.186,0,1,0,0,Abnormal long stop,259,70,15.65218473381041,18.099727380306167,2.0878152661895886,-0.35972738030616824
2024,3,Australian Grand Prix,Albert Park Grand Prix Circuit,stroll,8,1,17.901,aston_martin,Finished,0,0,unknown,0,0,0,0,0,0,0,0,32.186,0,1,0,0,Abnormal long stop,271,70,15.840080523829258,18.217513987736506,2.060919476170742,-0.3165139877365064
2024,3,Australian Grand Prix,Albert Park Grand Prix Circuit,stroll,37,2,17.977,aston_martin,Finished,0,0,unknown,0,0,0,0,0,0,0,0,32.186,0,1,0,0,Abnormal long stop,271,70,15.840080523829258,18.43101811190162,2.1369194761707426,-0.4540181119016182
2024,3,Australian Grand Prix,Albert Park Grand Prix Circuit,tsunoda,9,1,18.523,rb,Finished,0,0,unknown,0,0,0,0,0,0,0,0,32.186,0,1,0,0,Abnormal long stop,70,70,17.521801877707805,19.192627043235095,1.0011981222921946,-0.6696270432350957
2024,3,Australian Grand Prix,Albert Park Grand Prix Circuit,tsunoda,36,2,17.535,rb,Finished,0,0,unknown,0,0,0,0,0,0,0,0,32.186,0,1,0,0,Abnormal long stop,70,70,17.521801877707805,19.40185939304014,0.01319812229219508,-1.8668593930401407
2024,3,Australian Grand Prix,Albert Park Grand Prix Circuit,zhou,6,1,19.032,sauber,Lapped,0,0,unknown,0,0,0,0,0,0,0,0,32.186,0,1,0,0,Abnormal long stop,74,70,19.803740660886017,21.322221660996487,-0.7717406608860173,-2.2902216609964867
2024,3,Australian Grand Prix,Albert Park Grand Prix Circuit,zhou,35,2,36.866,sauber,Lapped,0,0,unknown,0,0,0,0,0,0,0,0,32.186,0,1,0,0,Abnormal long stop,74,70,19.803740660886017,21.5357257851616,17.062259339113982,15.3302742148384
2024,5,Chinese Grand Prix,Shanghai International Circuit,albon,9,1,23.273,williams,Finished,0,0,unknown,0,0,0,0,0,0,0,0,26.632000000000012,0,1,0,0,Abnormal long stop,271,39,24.047794563437495,23.199126052547808,-0.7747945634374958,0.07387394745219211
2024,5,Chinese Grand Prix,Shanghai International Circuit,albon,23,2,23.6,williams,Finished,0,0,unknown,0,0,0,0,0,0,0,0,26.632000000000012,0,1,0,0,Abnormal long stop,271,39,24.047794563437495,23.38059186901241,-0.447794563437494,0.21940813098759193
2024,5,Chinese Grand Prix,Shanghai International Circuit,alonso,11,1,23.049,aston_martin,Finished,0,0,unknown,0,0,0,0,0,0,0,0,26.632000000000012,0,1,0,0,Abnormal long stop,271,39,23.013825702572248,22.982988255220953,0.035174297427751355,0.06601174477904692
2024,5,Chinese Grand Prix,Shanghai International Circuit,alonso,23,2,22.687,aston_martin,Finished,0,0,unknown,0,0,0,0,0,0,0,0,26.632000000000012,0,1,0,0,Abnormal long stop,271,39,23.013825702572248,23.160182297325484,-0.32682570257224697,-0.4731822973254829
2024,5,Chinese Grand Prix,Shanghai International Circuit,alonso,43,3,23.179,aston_martin,Finished,0,0,unknown,0,0,0,0,0,0,0,0,26.632000000000012,0,1,0,0,Abnormal long stop,271,39,23.013825702572248,23.684624923176465,0.16517429742775036,-0.505624923176466
2024,5,Chinese Grand Prix,Shanghai International Circuit,bottas,9,1,22.949,sauber,Retired,1,0,unknown,0,0,0,0,0,0,0,0,26.632000000000012,0,1,0,0,Possible damage/crash race,74,39,26.97748583962901,27.551611723967994,-4.02848583962901,-4.602611723967993
2024,5,Chinese Grand Prix,Shanghai International Circuit,gasly,11,1,39.712,alpine,Finished,0,0,unknown,0,0,0,0,0,0,0,0,26.632000000000012,0,1,0,0,Abnormal long stop,249,39,23.01828232875159,23.189839030109212,16.693717671248415,16.52216096989079
2024,5,Chinese Grand Prix,Shanghai International Circuit,gasly,23,2,23.987,alpine,Finished,0,0,unknown,0,0,0,0,0,0,0,0,26.632000000000012,0,1,0,0,Abnormal long stop,249,39,23.01828232875159,23.367033072213744,0.9687176712484096,0.6199669277862547
2024,5,Chinese Grand Prix,Shanghai International Circuit,gasly,38,3,22.836,alpine,Finished,0,0,unknown,0,0,0,0,0,0,0,0,26.632000000000012,0,1,0,0,Abnormal long stop,249,39,23.01828232875159,23.880796262164555,-0.18228232875159023,-1.0447962621645566
2024,5,Chinese Grand Prix,Shanghai International Circuit,hamilton,9,1,22.518,mercedes,Finished,0,0,unknown,0,0,0,0,0,0,0,0,26.632000000000012,0,1,0,0,Abnormal long stop,278,39,23.196964984932563,22.90814967222248,-0.6789649849325627,-0.39014967222247776
2024,5,Chinese Grand Prix,Shanghai International Circuit,hamilton,21,2,22.662,mercedes,Finished,0,0,unknown,0,0,0,0,0,0,0,0,26.632000000000012,0,1,0,0,Abnormal long stop,278,39,23.196964984932563,23.085343714327013,-0.5349649849325644,-0.42334371432701445
2024,5,Chinese Grand Prix,Shanghai International Circuit,hulkenberg,8,1,23.004,haas,Finished,0,0,unknown,0,0,0,0,0,0,0,0,26.632000000000012,0,1,0,0,Abnormal long stop,272,39,24.196344295369144,23.86003520999578,-1.1923442953691428,-0.8560352099957775
2024,5,Chinese Grand Prix,Shanghai International Circuit,hulkenberg,23,2,23.336,haas,Finished,0,0,unknown,0,0,0,0,0,0,0,0,26.632000000000012,0,1,0,0,Abnormal long stop,272,39,24.196344295369144,24.043636913640412,-0.8603442953691456,-0.7076369136404139
2024,5,Chinese Grand Prix,Shanghai International Circuit,kevinmagnussen,17,1,22.974,haas,Finished,0,0,unknown,0,0,0,0,0,0,0,0,26.632000000000012,0,1,0,0,Abnormal long stop,272,39,24.196344295369144,23.879258194616085,-1.222344295369144,-0.9052581946160849
2024,5,Chinese Grand Prix,Shanghai International Circuit,kevinmagnussen,27,2,25.727,haas,Finished,0,0,unknown,0,0,0,0,0,0,0,0,26.632000000000012,0,1,0,0,Abnormal long stop,272,39,24.196344295369144,24.05218046236055,1.5306557046308562,1.6748195376394506
2024,5,Chinese Grand Prix,Shanghai International Circuit,leclerc,21,1,22.36,ferrari,Finished,0,0,unknown,0,0,0,0,0,0,0,0,26.632000000000012,0,1,0,0,Abnormal long stop,259,39,22.8259299125534,22.664512846705705,-0.4659299125533991,-0.30451284670570544
2024,5,Chinese Grand Prix,Shanghai International Circuit,maxverstappen,13,1,22.456,red_bull,Finished,0,0,unknown,0,0,0,0,0,0,0,0,26.632000000000012,0,1,0,0,Abnormal long stop,292,39,22.748799634246794,22.35754271754571,-0.2927996342467942,0.09845728245429086
2024,5,Chinese Grand Prix,Shanghai International Circuit,maxverstappen,23,2,22.27,red_bull,Finished,0,0,unknown,0,0,0,0,0,0,0,0,26.632000000000012,0,1,0,0,Abnormal long stop,292,39,22.748799634246794,22.530464985290173,-0.47879963424679417,-0.2604649852901737
2024,5,Chinese Grand Prix,Shanghai International Circuit,norris,22,1,22.161,mclaren,Finished,0,0,unknown,0,0,0,0,0,0,0,0,26.632000000000012,0,1,0,0,Abnormal long stop,270,39,22.799525291963,22.835868060597686,-0.6385252919629991,-0.6748680605976851
2024,5,Chinese Grand Prix,Shanghai International Circuit,ocon,9,1,23.156,alpine,Finished,0,0,unknown,0,0,0,0,0,0,0,0,26.632000000000012,0,1,0,0,Abnormal long stop,249,39,23.01828232875159,23.18556725574914,0.13771767124841006,-0.029567255749142873
2024,5,Chinese Grand Prix,Shanghai International Circuit,ocon,23,2,23.208,alpine,Finished,0,0,unknown,0,0,0,0,0,0,0,0,26.632000000000012,0,1,0,0,Abnormal long stop,249,39,23.01828232875159,23.367033072213744,0.18971767124840966,-0.15903307221374519
2024,5,Chinese Grand Prix,Shanghai International Circuit,perez,13,1,22.027,red_bull,Finished,0,0,unknown,0,0,0,0,0,0,0,0,26.632000000000012,0,1,0,0,Abnormal long stop,292,39,22.748799634246794,22.35754271754571,-0.7217996342467927,-0.33054271754570763
2024,5,Chinese Grand Prix,Shanghai International Circuit,perez,23,2,22.371,red_bull,Finished,0,0,unknown,0,0,0,0,0,0,0,0,26.632000000000012,0,1,0,0,Abnormal long stop,292,39,22.748799634246794,22.530464985290173,-0.3777996342467951,-0.1594649852901746
2024,5,Chinese Grand Prix,Shanghai International Circuit,piastri,16,1,22.673,mclaren,Finished,0,0,unknown,0,0,0,0,0,0,0,0,26.632000000000012,0,1,0,0,Abnormal long stop,270,39,22.799525291963,22.823052737517482,-0.12652529196300222,-0.15005273751748405
2024,5,Chinese Grand Prix,Shanghai International Circuit,piastri,24,2,22.262,mclaren,Finished,0,0,unknown,0,0,0,0,0,0,0,0,26.632000000000012,0,1,0,0,Abnormal long stop,270,39,22.799525291963,22.99170323090188,-0.537525291963,-0.7297032309018796
2024,5,Chinese Grand Prix,Shanghai International Circuit,ricciardo,14,1,22.598,rb,Retired,1,0,unknown,0,0,0,0,0,0,0,0,26.632000000000012,0,1,0,0,Possible damage/crash race,70,39,24.6955470564508,25.426288880566673,-2.0975470564508,-2.8282888805666744
2024,5,Chinese Grand Prix,Shanghai International Circuit,russell,11,1,22.415,mercedes,Finished,0,0,unknown,0,0,0,0,0,0,0,0,26.632000000000012,0,1,0,0,Abnormal long stop,278,39,23.196964984932563,22.91242144658255,-0.7819649849325643,-0.4974214465825497
2024,5,Chinese Grand Prix,Shanghai International Circuit,russell,23,2,22.707,mercedes,Finished,0,0,unknown,0,0,0,0,0,0,0,0,26.632000000000012,0,1,0,0,Abnormal long stop,278,39,23.196964984932563,23.08961548868708,-0.4899649849325627,-0.3826154886870796
2024,5,Chinese Grand Prix,Shanghai International Circuit,sainz,17,1,22.629,ferrari,Finished,0,0,unknown,0,0,0,0,0,0,0,0,26.632000000000012,0,1,0,0,Abnormal long stop,259,39,22.8259299125534,22.65596929798557,-0.1969299125533972,-0.026969297985569796
2024,5,Chinese Grand Prix,Shanghai International Circuit,sargeant,12,1,23.229,williams,Finished,0,0,unknown,0,0,0,0,0,0,0,0,26.632000000000012,0,1,0,0,Abnormal long stop,271,39,24.047794563437495,23.20553371408791,-0.8187945634374962,0.023466285912089546
2024,5,Chinese Grand Prix,Shanghai International Circuit,sargeant,24,2,22.684,williams,Finished,0,0,unknown,0,0,0,0,0,0,0,0,26.632000000000012,0,1,0,0,Abnormal long stop,271,39,24.047794563437495,23.382727756192445,-1.3637945634374944,-0.6987277561924436
2024,5,Chinese Grand Prix,Shanghai International Circuit,stroll,9,1,23.823,aston_martin,Finished,0,0,unknown,0,0,0,0,0,0,0,0,26.632000000000012,0,1,0,0,Abnormal long stop,271,39,23.013825702572248,22.978716480860886,0.8091742974277523,0.8442835191391147
2024,5,Chinese Grand Prix,Shanghai International Circuit,stroll,21,2,22.911,aston_martin,Finished,0,0,unknown,0,0,0,0,0,0,0,0,26.632000000000012,0,1,0,0,Abnormal long stop,271,39,23.013825702572248,23.155910522965417,-0.10282570257224677,-0.24491052296541582
2024,5,Chinese Grand Prix,Shanghai International Circuit,stroll,35,4,34.777,aston_martin,Finished,0,0,unknown,0,0,0,0,0,0,0,0,26.632000000000012,0,1,0,0,Abnormal long stop,271,39,23.013825702572248,25.152198835688036,11.763174297427753,9.624801164311965
2024,5,Chinese Grand Prix,Shanghai International Circuit,tsunoda,8,1,23.16,rb,Retired,1,0,unknown,0,0,0,0,0,0,0,0,26.632000000000012,0,1,0,0,Possible damage/crash race,70,39,24.6955470564508,25.41347355748647,-1.535547056450799,-2.253473557486469
2024,5,Chinese Grand Prix,Shanghai International Circuit,tsunoda,23,2,22.387,rb,Retired,1,0,unknown,0,0,0,0,0,0,0,0,26.632000000000012,0,1,0,0,Possible damage/crash race,70,39,24.6955470564508,25.597075261131106,-2.3085470564507986,-3.210075261131106
2024,5,Chinese Grand Prix,Shanghai International Circuit,zhou,8,1,23.362,sauber,Finished,0,0,unknown,0,0,0,0,0,0,0,0,26.632000000000012,0,1,0,0,Abnormal long stop,74,39,26.97748583962901,26.085560041300898,-3.615485839629013,-2.7235600413008996
2024,5,Chinese Grand Prix,Shanghai International Circuit,zhou,23,2,25.61,sauber,Finished,0,0,unknown,0,0,0,0,0,0,0,0,26.632000000000012,0,1,0,0,Abnormal long stop,74,39,26.97748583962901,26.269161744945535,-1.367485839629012,-0.6591617449455356
2024,5,Chinese Grand Prix,Shanghai International Circuit,zhou,40,3,23.252,sauber,Finished,0,0,unknown,0,0,0,0,0,0,0,0,26.632000000000012,0,1,0,0,Abnormal long stop,74,39,26.97748583962901,26.787196709256413,-3.7254858396290125,-3.5351967092564145
2024,6,Miami Grand Prix,Miami International Autodrome,albon,10,1,22.828,williams,Finished,0,0,unknown,0,0,0,0,0,0,0,0,30.170299999999997,0,1,0,0,Abnormal long stop,271,73,23.05522685397657,22.01926178939437,-0.22722685397657116,0.8087382106056289
2024,6,Miami Grand Prix,Miami International Autodrome,albon,53,2,22.567,williams,Finished,0,0,unknown,0,0,0,0,0,0,0,0,30.170299999999997,0,1,0,0,Abnormal long stop,271,73,23.05522685397657,22.26266833407996,-0.4882268539765704,0.3043316659200386
2024,6,Miami Grand Prix,Miami International Autodrome,alonso,22,1,22.374,aston_martin,Finished,0,0,unknown,0,0,0,0,0,0,0,0,30.170299999999997,0,1,0,0,Abnormal long stop,271,73,22.021257993111323,21.824482863867857,0.3527420068886755,0.5495171361321418
2024,6,Miami Grand Prix,Miami International Autodrome,bottas,11,1,23.73,sauber,Finished,0,0,unknown,0,0,0,0,0,0,0,0,30.170299999999997,0,1,0,0,Abnormal long stop,74,73,25.984918130168083,24.90996755250753,-2.2549181301680825,-1.1799675525075308
2024,6,Miami Grand Prix,Miami International Autodrome,bottas,29,2,22.765,sauber,Finished,0,0,unknown,0,0,0,0,0,0,0,0,30.170299999999997,0,1,0,0,Abnormal long stop,74,73,25.984918130168083,25.09997691769227,-3.2199181301680824,-2.33497691769227
2024,6,Miami Grand Prix,Miami International Autodrome,gasly,12,1,22.466,alpine,Finished,0,0,unknown,0,0,0,0,0,0,0,0,30.170299999999997,0,1,0,0,Abnormal long stop,249,73,22.025714619290667,22.00997476695578,0.44028538070933365,0.4560252330442225
2024,6,Miami Grand Prix,Miami International Autodrome,hamilton,26,1,22.107,mercedes,Finished,0,0,unknown,0,0,0,0,0,0,0,0,30.170299999999997,0,1,0,0,Abnormal long stop,278,73,22.20439727547164,21.762459603949587,-0.09739727547163923,0.3445403960504123
2024,6,Miami Grand Prix,Miami International Autodrome,hulkenberg,12,1,23.055,haas,Finished,0,0,unknown,0,0,0,0,0,0,0,0,30.170299999999997,0,1,0,0,Abnormal long stop,272,73,23.20377658590822,22.686578608382447,-0.14877658590821952,0.3684213916175523
2024,6,Miami Grand Prix,Miami International Autodrome,hulkenberg,28,2,22.487,haas,Finished,0,0,unknown,0,0,0,0,0,0,0,0,30.170299999999997,0,1,0,0,Abnormal long stop,272,73,23.20377658590822,22.872316199207116,-0.7167765859082209,-0.3853161992071179
2024,6,Miami Grand Prix,Miami International Autodrome,kevinmagnussen,22,1,23.265,haas,Finished,0,0,unknown,0,0,0,0,0,0,0,0,30.170299999999997,0,1,0,0,Abnormal long stop,272,73,23.20377658590822,22.707937480182785,0.061223414091781336,0.5570625198172152
2024,6,Miami Grand Prix,Miami International Autodrome,kevinmagnussen,28,2,29.727,haas,Finished,0,0,unknown,0,0,0,0,0,0,0,0,30.170299999999997,0,1,0,0,Abnormal long stop,272,73,23.20377658590822,22.872316199207116,6.523223414091781,6.854683800792884
2024,6,Miami Grand Prix,Miami International Autodrome,kevinmagnussen,31,3,30.732,haas,Finished,0,0,unknown,0,0,0,0,0,0,0,0,30.170299999999997,0,1,0,0,Abnormal long stop,272,73,23.20377658590822,23.36044874299752,7.52822341409178,7.37155125700248
2024,6,Miami Grand Prix,Miami International Autodrome,leclerc,19,1,21.825,ferrari,Finished,0,0,unknown,0,0,0,0,0,0,0,0,30.170299999999997,0,1,0,0,Abnormal long stop,259,73,21.833362203092477,21.47824092201217,-0.008362203092477927,0.34675907798783
2024,6,Miami Grand Prix,Miami International Autodrome,maxverstappen,23,1,22.187,red_bull,Finished,0,0,unknown,0,0,0,0,0,0,0,0,30.170299999999997,0,1,0,0,Abnormal long stop,292,73,21.756231924785865,21.19690143901258,0.43076807521413585,0.9900985609874198
2024,6,Miami Grand Prix,Miami International Autodrome,norris,29,1,22.041,mclaren,Finished,0,0,unknown,0,0,0,0,0,0,0,0,30.170299999999997,0,1,0,0,Abnormal long stop,270,73,21.806957582502076,21.668819120524454,0.23404241749792476,0.3721808794755468
2024,6,Miami Grand Prix,Miami International Autodrome,ocon,22,1,22.663,alpine,Finished,0,0,unknown,0,0,0,0,0,0,0,0,30.170299999999997,0,1,0,0,Abnormal long stop,249,73,22.025714619290667,22.031333638756116,0.6372853807093328,0.6316663612438838
2024,6,Miami Grand Prix,Miami International Autodrome,perez,17,1,21.695,red_bull,Finished,0,0,unknown,0,0,0,0,0,0,0,0,30.170299999999997,0,1,0,0,Abnormal long stop,292,73,21.756231924785865,21.184086115932377,-0.06123192478586503,0.5109138840676231
2024,6,Miami Grand Prix,Miami International Autodrome,perez,28,2,22.396,red_bull,Finished,0,0,unknown,0,0,0,0,0,0,0,0,30.170299999999997,0,1,0,0,Abnormal long stop,292,73,21.756231924785865,21.359144270856877,0.6397680752141355,1.0368557291431237
2024,6,Miami Grand Prix,Miami International Autodrome,piastri,27,1,22.216,mclaren,Finished,0,0,unknown,0,0,0,0,0,0,0,0,30.170299999999997,0,1,0,0,Abnormal long stop,270,73,21.806957582502076,21.664547346164387,0.40904241749792547,0.5514526538356144
2024,6,Miami Grand Prix,Miami International Autodrome,piastri,40,2,30.409,mclaren,Finished,0,0,unknown,0,0,0,0,0,0,0,0,30.170299999999997,0,1,0,0,Abnormal long stop,270,73,21.806957582502076,21.843877275448957,8.602042417497923,8.565122724551042
2024,6,Miami Grand Prix,Miami International Autodrome,ricciardo,28,1,22.54,rb,Finished,0,0,unknown,0,0,0,0,0,0,0,0,30.170299999999997,0,1,0,0,Abnormal long stop,70,73,23.70297934698987,22.81027535526662,-1.1629793469898715,-0.2702753552666195
2024,6,Miami Grand Prix,Miami International Autodrome,russell,24,1,22.8,mercedes,Finished,0,0,unknown,0,0,0,0,0,0,0,0,30.170299999999997,0,1,0,0,Abnormal long stop,278,73,22.20439727547164,21.758187829589517,0.5956027245283622,1.0418121704104841
2024,6,Miami Grand Prix,Miami International Autodrome,sainz,27,1,22.805,ferrari,Finished,0,0,unknown,0,0,0,0,0,0,0,0,30.170299999999997,0,1,0,0,Abnormal long stop,259,73,21.833362203092477,21.49532801945244,0.9716377969075225,1.3096719805475594
2024,6,Miami Grand Prix,Miami International Autodrome,sargeant,11,1,22.611,williams,Retired,1,0,unknown,0,0,0,0,0,0,0,0,30.170299999999997,0,1,0,0,Possible damage/crash race,271,73,23.05522685397657,23.485313472061467,-0.4442268539765699,-0.8743134720614663
2024,6,Miami Grand Prix,Miami International Autodrome,stroll,11,1,23.038,aston_martin,Finished,0,0,unknown,0,0,0,0,0,0,0,0,30.170299999999997,0,1,0,0,Abnormal long stop,271,73,22.021257993111323,21.800988104887484,1.016742006888677,1.2370118951125164
2024,6,Miami Grand Prix,Miami International Autodrome,stroll,28,2,22.631,aston_martin,Finished,0,0,unknown,0,0,0,0,0,0,0,0,30.170299999999997,0,1,0,0,Abnormal long stop,271,73,22.021257993111323,21.988861582892188,0.609742006888677,0.6421384171078124
2024,6,Miami Grand Prix,Miami International Autodrome,tsunoda,28,1,22.153,rb,Finished,0,0,unknown,0,0,0,0,0,0,0,0,30.170299999999997,0,1,0,0,Abnormal long stop,70,73,23.70297934698987,22.81027535526662,-1.549979346989872,-0.65727535526662
2024,6,Miami Grand Prix,Miami International Autodrome,zhou,28,1,23.017,sauber,Finished,0,0,unknown,0,0,0,0,0,0,0,0,30.170299999999997,0,1,0,0,Abnormal long stop,74,73,25.984918130168083,24.94627763456811,-2.9679181301680835,-1.929277634568109
2024,7,Emilia Romagna Grand Prix,Autodromo Enzo e Dino Ferrari,albon,8,1,30.05,williams,Retired,1,0,unknown,0,0,0,0,0,0,0,0,32.6357,0,1,0,0,Possible damage/crash race,271,69,24.574249510831674,30.25478358734223,5.475750489168327,-0.2047835873422308
2024,7,Emilia Romagna Grand Prix,Autodromo Enzo e Dino Ferrari,albon,9,2,33.179,williams,Retired,1,0,unknown,0,0,0,0,0,0,0,0,32.6357,0,1,0,0,Possible damage/crash race,271,69,24.574249510831674,30.408482870466397,8.604750489168328,2.770517129533605
2024,7,Emilia Romagna Grand Prix,Autodromo Enzo e Dino Ferrari,albon,23,3,38.413,williams,Retired,1,0,unknown,0,0,0,0,0,0,0,0,32.6357,0,1,0,0,Possible damage/crash race,271,69,24.574249510831674,30.92011017323717,13.838750489168323,7.492889826762827
2024,7,Emilia Romagna Grand Prix,Autodromo Enzo e Dino Ferrari,albon,28,4,31.131,williams,Retired,1,0,unknown,0,0,0,0,0,0,0,0,32.6357,0,1,0,0,Possible damage/crash race,271,69,24.574249510831674,32.415450619089185,6.556750489168326,-1.284450619089185
2024,7,Emilia Romagna Grand Prix,Autodromo Enzo e Dino Ferrari,alonso,7,1,31.368,aston_martin,Lapped,0,0,unknown,0,0,0,0,0,0,0,0,32.6357,0,1,0,0,Abnormal long stop,271,69,23.540280649966427,28.568322332988213,7.827719350033572,2.7996776670117853
2024,7,Emilia Romagna Grand Prix,Autodromo Enzo e Dino Ferrari,alonso,40,2,30.483,aston_martin,Lapped,0,0,unknown,0,0,0,0,0,0,0,0,32.6357,0,1,0,0,Abnormal long stop,271,69,23.540280649966427,28.79037000587346,6.942719350033574,1.6926299941265412
2024,7,Emilia Romagna Grand Prix,Autodromo Enzo e Dino Ferrari,alonso,59,3,29.931,aston_martin,Lapped,0,0,unknown,0,0,0,0,0,0,0,0,32.6357,0,1,0,0,Abnormal long stop,271,69,23.540280649966427,29.312676744544408,6.390719350033574,0.6183232554555929
2024,7,Emilia Romagna Grand Prix,Autodromo Enzo e Dino Ferrari,bottas,8,1,30.24,sauber,Lapped,0,0,unknown,0,0,0,0,0,0,0,0,32.6357,0,1,0,0,Abnormal long stop,74,69,27.50394078702319,31.679437667788292,2.7360592129768087,-1.4394376677882939
2024,7,Emilia Romagna Grand Prix,Autodromo Enzo e Dino Ferrari,gasly,8,1,30.081,alpine,Lapped,0,0,unknown,0,0,0,0,0,0,0,0,32.6357,0,1,0,0,Abnormal long stop,249,69,23.544737276145767,28.777308995056508,6.536262723854232,1.3036910049434915
2024,7,Emilia Romagna Grand Prix,Autodromo Enzo e Dino Ferrari,gasly,30,2,30.654,alpine,Lapped,0,0,unknown,0,0,0,0,0,0,0,0,32.6357,0,1,0,0,Abnormal long stop,249,69,23.544737276145767,28.97586190896138,7.109262723854233,1.678138091038619
2024,7,Emilia Romagna Grand Prix,Autodromo Enzo e Dino Ferrari,hamilton,27,1,29.547,mercedes,Finished,0,0,unknown,0,0,0,0,0,0,0,0,32.6357,0,1,0,0,Abnormal long stop,278,69,23.723419932326742,28.54047326795049,5.823580067673259,1.0065267320495117
2024,7,Emilia Romagna Grand Prix,Autodromo Enzo e Dino Ferrari,hulkenberg,13,1,29.749,haas,Lapped,0,0,unknown,0,0,0,0,0,0,0,0,32.6357,0,1,0,0,Abnormal long stop,272,69,24.722799242763323,29.464592272383346,5.026200757236676,0.284407727616653
2024,7,Emilia Romagna Grand Prix,Autodromo Enzo e Dino Ferrari,kevinmagnussen,37,1,31.302,haas,Lapped,0,0,unknown,0,0,0,0,0,0,0,0,32.6357,0,1,0,0,Abnormal long stop,272,69,24.722799242763323,29.515853564704162,6.579200757236677,1.7861464352958372
2024,7,Emilia Romagna Grand Prix,Autodromo Enzo e Dino Ferrari,leclerc,25,1,30.149,ferrari,Finished,0,0,unknown,0,0,0,0,0,0,0,0,32.6357,0,1,0,0,Abnormal long stop,259,69,23.352384859947577,28.266934021913237,6.796615140052424,1.8820659780867643
2024,7,Emilia Romagna Grand Prix,Autodromo Enzo e Dino Ferrari,maxverstappen,24,1,30.416,red_bull,Finished,0,0,unknown,0,0,0,0,0,0,0,0,32.6357,0,1,0,0,Abnormal long stop,292,69,23.275254581640972,27.97491510301348,7.140745418359028,2.4410848969865206
2024,7,Emilia Romagna Grand Prix,Autodromo Enzo e Dino Ferrari,norris,22,1,29.956,mclaren,Finished,0,0,unknown,0,0,0,0,0,0,0,0,32.6357,0,1,0,0,Abnormal long stop,270,69,23.32598023935718,28.42974568708508,6.630019760642821,1.5262543129149186
2024,7,Emilia Romagna Grand Prix,Autodromo Enzo e Dino Ferrari,ocon,25,1,30.659,alpine,Lapped,0,0,unknown,0,0,0,0,0,0,0,0,32.6357,0,1,0,0,Abnormal long stop,249,69,23.544737276145767,28.81361907711708,7.114262723854232,1.8453809228829172
2024,7,Emilia Romagna Grand Prix,Autodromo Enzo e Dino Ferrari,perez,37,1,29.669,red_bull,Finished,0,0,unknown,0,0,0,0,0,0,0,0,32.6357,0,1,0,0,Abnormal long stop,292,69,23.275254581640972,28.002681636353923,6.393745418359028,1.6663183636460772
2024,7,Emilia Romagna Grand Prix,Autodromo Enzo e Dino Ferrari,piastri,23,1,29.77,mclaren,Finished,0,0,unknown,0,0,0,0,0,0,0,0,32.6357,0,1,0,0,Abnormal long stop,270,69,23.32598023935718,28.43188157426512,6.444019760642821,1.33811842573488
2024,7,Emilia Romagna Grand Prix,Autodromo Enzo e Dino Ferrari,ricciardo,11,1,30.068,rb,Lapped,0,0,unknown,0,0,0,0,0,0,0,0,32.6357,0,1,0,0,Abnormal long stop,70,69,25.222002003844977,29.549843050026904,4.845997996155024,0.5181569499730969
2024,7,Emilia Romagna Grand Prix,Autodromo Enzo e Dino Ferrari,russell,21,1,29.664,mercedes,Finished,0,0,unknown,0,0,0,0,0,0,0,0,32.6357,0,1,0,0,Abnormal long stop,278,69,23.723419932326742,28.527657944870285,5.94058006767326,1.1363420551297168
2024,7,Emilia Romagna Grand Prix,Autodromo Enzo e Dino Ferrari,russell,52,2,29.605,mercedes,Finished,0,0,unknown,0,0,0,0,0,0,0,0,32.6357,0,1,0,0,Abnormal long stop,278,69,23.723419932326742,28.745433843395464,5.881580067673259,0.8595661566045365
2024,7,Emilia Romagna Grand Prix,Autodromo Enzo e Dino Ferrari,sainz,27,1,30.508,ferrari,Finished,0,0,unknown,0,0,0,0,0,0,0,0,32.6357,0,1,0,0,Abnormal long stop,259,69,23.352384859947577,28.271205796273307,7.155615140052422,2.236794203726692
2024,7,Emilia Romagna Grand Prix,Autodromo Enzo e Dino Ferrari,sargeant,31,1,31.085,williams,Lapped,0,0,unknown,0,0,0,0,0,0,0,0,32.6357,0,1,0,0,Abnormal long stop,271,69,24.574249510831674,28.83999319699595,6.510750489168327,2.245006803004049
2024,7,Emilia Romagna Grand Prix,Autodromo Enzo e Dino Ferrari,stroll,37,1,29.971,aston_martin,Finished,0,0,unknown,0,0,0,0,0,0,0,0,32.6357,0,1,0,0,Abnormal long stop,271,69,23.540280649966427,28.632398948389234,6.4307193500335735,1.338601051610766
2024,7,Emilia Romagna Grand Prix,Autodromo Enzo e Dino Ferrari,tsunoda,12,1,29.628,rb,Lapped,0,0,unknown,0,0,0,0,0,0,0,0,32.6357,0,1,0,0,Abnormal long stop,70,69,25.222002003844977,29.55197893720694,4.405997996155023,0.07602106279306042
2024,7,Emilia Romagna Grand Prix,Autodromo Enzo e Dino Ferrari,zhou,33,1,30.244,sauber,Lapped,0,0,unknown,0,0,0,0,0,0,0,0,32.6357,0,1,0,0,Abnormal long stop,74,69,27.50394078702319,31.73283484728914,2.74005921297681,-1.4888348472891408
2024,9,Canadian Grand Prix,Circuit Gilles Villeneuve,albon,25,1,24.753,williams,Retired,1,0,unknown,0,0,0,0,0,0,0,0,33.59749999999999,0,1,0,0,Possible damage/crash race,271,106,27.11604853619839,27.538944943999308,-2.3630485361983915,-2.785944943999308
2024,9,Canadian Grand Prix,Circuit Gilles Villeneuve,albon,44,2,24.804,williams,Retired,1,0,unknown,0,0,0,0,0,0,0,0,33.59749999999999,0,1,0,0,Possible damage/crash race,271,106,27.11604853619839,27.731090196364086,-2.312048536198393,-2.9270901963640874
2024,9,Canadian Grand Prix,Circuit Gilles Villeneuve,alonso,25,1,25.788,aston_martin,Finished,0,0,unknown,0,0,0,0,0,0,0,0,33.59749999999999,0,1,0,0,Abnormal long stop,271,106,26.08207967533314,25.854619576825325,-0.2940796753331405,-0.0666195768253246
2024,9,Canadian Grand Prix,Circuit Gilles Villeneuve,alonso,44,2,24.346,aston_martin,Finished,0,0,unknown,0,0,0,0,0,0,0,0,33.59749999999999,0,1,0,0,Abnormal long stop,271,106,26.08207967533314,26.046764829190096,-1.7360796753331407,-1.7007648291900956
2024,9,Canadian Grand Prix,Circuit Gilles Villeneuve,bottas,42,1,24.929,sauber,Finished,0,0,unknown,0,0,0,0,0,0,0,0,33.59749999999999,0,1,0,0,Abnormal long stop,74,106,30.045739812389904,28.999909106505953,-5.1167398123899055,-4.070909106505955
2024,9,Canadian Grand Prix,Circuit Gilles Villeneuve,gasly,25,1,24.911,alpine,Finished,0,0,unknown,0,0,0,0,0,0,0,0,33.59749999999999,0,1,0,0,Abnormal long stop,249,106,26.086536301512485,26.061470351713584,-1.1755363015124836,-1.150470351713583
2024,9,Canadian Grand Prix,Circuit Gilles Villeneuve,gasly,40,2,24.408,alpine,Finished,0,0,unknown,0,0,0,0,0,0,0,0,33.59749999999999,0,1,0,0,Abnormal long stop,249,106,26.086536301512485,26.24507205535822,-1.6785363015124837,-1.8370720553582203
2024,9,Canadian Grand Prix,Circuit Gilles Villeneuve,hamilton,25,1,23.762,mercedes,Finished,0,0,unknown,0,0,0,0,0,0,0,0,33.59749999999999,0,1,0,0,Abnormal long stop,278,106,26.265218957693456,25.784052768186918,-2.5032189576934556,-2.022052768186917
2024,9,Canadian Grand Prix,Circuit Gilles Villeneuve,hamilton,43,2,24.226,mercedes,Finished,0,0,unknown,0,0,0,0,0,0,0,0,33.59749999999999,0,1,0,0,Abnormal long stop,278,106,26.265218957693456,25.97406213337166,-2.039218957693457,-1.7480621333716613
2024,9,Canadian Grand Prix,Circuit Gilles Villeneuve,hamilton,54,3,28.817,mercedes,Finished,0,0,unknown,0,0,0,0,0,0,0,0,33.59749999999999,0,1,0,0,Abnormal long stop,278,106,26.265218957693456,26.479281774602335,2.551781042306544,2.3377182253976656
2024,9,Canadian Grand Prix,Circuit Gilles Villeneuve,hulkenberg,12,1,24.233,haas,Finished,0,0,unknown,0,0,0,0,0,0,0,0,33.59749999999999,0,1,0,0,Abnormal long stop,272,106,27.264598268130037,26.710307659799813,-3.031598268130036,-2.4773076597998127
2024,9,Canadian Grand Prix,Circuit Gilles Villeneuve,hulkenberg,25,2,24.668,haas,Finished,0,0,unknown,0,0,0,0,0,0,0,0,33.59749999999999,0,1,0,0,Abnormal long stop,272,106,27.264598268130037,26.88963758908438,-2.5965982681300375,-2.2216375890843807
2024,9,Canadian Grand Prix,Circuit Gilles Villeneuve,hulkenberg,44,3,24.751,haas,Finished,0,0,unknown,0,0,0,0,0,0,0,0,33.59749999999999,0,1,0,0,Abnormal long stop,272,106,27.264598268130037,27.411944327755325,-2.5135982681300355,-2.660944327755324
2024,9,Canadian Grand Prix,Circuit Gilles Villeneuve,kevinmagnussen,7,1,30.472,haas,Finished,0,0,unknown,0,0,0,0,0,0,0,0,33.59749999999999,0,1,0,0,Abnormal long stop,272,106,27.264598268130037,26.699628223899644,3.2074017318699646,3.772371776100357
2024,9,Canadian Grand Prix,Circuit Gilles Villeneuve,kevinmagnussen,25,2,26.794,haas,Finished,0,0,unknown,0,0,0,0,0,0,0,0,33.59749999999999,0,1,0,0,Abnormal long stop,272,106,27.264598268130037,26.88963758908438,-0.47059826813003625,-0.09563758908437947
2024,9,Canadian Grand Prix,Circuit Gilles Villeneuve,kevinmagnussen,41,3,24.833,haas,Finished,0,0,unknown,0,0,0,0,0,0,0,0,33.59749999999999,0,1,0,0,Abnormal long stop,272,106,27.264598268130037,27.405536666215223,-2.4315982681300383,-2.5725366662152247
2024,9,Canadian Grand Prix,Circuit Gilles Villeneuve,kevinmagnussen,54,4,26.845,haas,Finished,0,0,unknown,0,0,0,0,0,0,0,0,33.59749999999999,0,1,0,0,Abnormal long stop,272,106,27.264598268130037,28.91796420950751,-0.41959826813003787,-2.0729642095075107
2024,9,Canadian Grand Prix,Circuit Gilles Villeneuve,leclerc,25,1,24.031,ferrari,Retired,1,0,unknown,0,0,0,0,0,0,0,0,33.59749999999999,0,1,0,0,Possible damage/crash race,259,106,25.894183885314295,26.978701091996804,-1.863183885314296,-2.947701091996805
2024,9,Canadian Grand Prix,Circuit Gilles Villeneuve,leclerc,28,2,47.186,ferrari,Retired,1,0,unknown,0,0,0,0,0,0,0,0,33.59749999999999,0,1,0,0,Possible damage/crash race,259,106,25.894183885314295,27.136672149481033,21.291816114685705,20.049327850518967
2024,9,Canadian Grand Prix,Circuit Gilles Villeneuve,leclerc,31,3,24.629,ferrari,Retired,1,0,unknown,0,0,0,0,0,0,0,0,33.59749999999999,0,1,0,0,Possible damage/crash race,259,106,25.894183885314295,27.624804693271436,-1.2651838853142934,-2.9958046932714346
2024,9,Canadian Grand Prix,Circuit Gilles Villeneuve,maxverstappen,25,1,24.306,red_bull,Finished,0,0,unknown,0,0,0,0,0,0,0,0,33.59749999999999,0,1,0,0,Abnormal long stop,292,106,25.817053607007686,25.224902264790014,-1.5110536070076854,-0.9189022647900131
2024,9,Canadian Grand Prix,Circuit Gilles Villeneuve,maxverstappen,45,2,24.246,red_bull,Finished,0,0,unknown,0,0,0,0,0,0,0,0,33.59749999999999,0,1,0,0,Abnormal long stop,292,106,25.817053607007686,25.41918340433482,-1.5710536070076877,-1.1731834043348215
2024,9,Canadian Grand Prix,Circuit Gilles Villeneuve,norris,26,1,23.423,mclaren,Finished,0,0,unknown,0,0,0,0,0,0,0,0,33.59749999999999,0,1,0,0,Abnormal long stop,270,106,25.867779264723893,25.68614051040172,-2.444779264723895,-2.2631405104017226
2024,9,Canadian Grand Prix,Circuit Gilles Villeneuve,norris,47,2,23.983,mclaren,Finished,0,0,unknown,0,0,0,0,0,0,0,0,33.59749999999999,0,1,0,0,Abnormal long stop,270,106,25.867779264723893,25.88255753712656,-1.8847792647238926,-1.899557537126558
2024,9,Canadian Grand Prix,Circuit Gilles Villeneuve,ocon,44,1,24.495,alpine,Finished,0,0,unknown,0,0,0,0,0,0,0,0,33.59749999999999,0,1,0,0,Abnormal long stop,249,106,26.086536301512485,26.10205220813423,-1.591536301512484,-1.6070522081342276
2024,9,Canadian Grand Prix,Circuit Gilles Villeneuve,perez,25,1,33.762,red_bull,Retired,1,0,unknown,0,0,0,0,0,0,0,0,33.59749999999999,0,1,0,0,Possible damage/crash race,292,106,25.817053607007686,26.688818060277075,7.944946392992314,7.073181939722925
2024,9,Canadian Grand Prix,Circuit Gilles Villeneuve,perez,43,2,24.423,red_bull,Retired,1,0,unknown,0,0,0,0,0,0,0,0,33.59749999999999,0,1,0,0,Possible damage/crash race,292,106,25.817053607007686,26.878827425461814,-1.394053607007688,-2.455827425461816
2024,9,Canadian Grand Prix,Circuit Gilles Villeneuve,piastri,25,1,23.977,mclaren,Finished,0,0,unknown,0,0,0,0,0,0,0,0,33.59749999999999,0,1,0,0,Abnormal long stop,270,106,25.867779264723893,25.684004623221686,-1.8907792647238928,-1.7070046232216853
2024,9,Canadian Grand Prix,Circuit Gilles Villeneuve,piastri,44,2,23.476,mclaren,Finished,0,0,unknown,0,0,0,0,0,0,0,0,33.59749999999999,0,1,0,0,Abnormal long stop,270,106,25.867779264723893,25.876149875586457,-2.391779264723894,-2.4001498755864574
2024,9,Canadian Grand Prix,Circuit Gilles Villeneuve,ricciardo,26,1,30.298,rb,Finished,0,0,unknown,0,0,0,0,0,0,0,0,33.59749999999999,0,1,0,0,Abnormal long stop,70,106,27.76380102921169,26.829732632323914,2.5341989707883066,3.4682673676760842
2024,9,Canadian Grand Prix,Circuit Gilles Villeneuve,ricciardo,43,2,23.86,rb,Finished,0,0,unknown,0,0,0,0,0,0,0,0,33.59749999999999,0,1,0,0,Abnormal long stop,70,106,27.76380102921169,27.017606110328618,-3.9038010292116923,-3.1576061103286186
2024,9,Canadian Grand Prix,Circuit Gilles Villeneuve,russell,25,1,24.044,mercedes,Finished,0,0,unknown,0,0,0,0,0,0,0,0,33.59749999999999,0,1,0,0,Abnormal long stop,278,106,26.265218957693456,25.784052768186918,-2.2212189576934556,-1.7400527681869171
2024,9,Canadian Grand Prix,Circuit Gilles Villeneuve,russell,45,2,25.431,mercedes,Finished,0,0,unknown,0,0,0,0,0,0,0,0,33.59749999999999,0,1,0,0,Abnormal long stop,278,106,26.265218957693456,25.978333907731727,-0.8342189576934551,-0.5473339077317263
2024,9,Canadian Grand Prix,Circuit Gilles Villeneuve,russell,54,3,28.157,mercedes,Finished,0,0,unknown,0,0,0,0,0,0,0,0,33.59749999999999,0,1,0,0,Abnormal long stop,278,106,26.265218957693456,26.479281774602335,1.891781042306544,1.6777182253976655
2024,9,Canadian Grand Prix,Circuit Gilles Villeneuve,sainz,25,1,27.626,ferrari,Retired,1,0,unknown,0,0,0,0,0,0,0,0,33.59749999999999,0,1,0,0,Possible damage/crash race,259,106,25.894183885314295,26.978701091996804,1.7318161146857065,0.6472989080031972
2024,9,Canadian Grand Prix,Circuit Gilles Villeneuve,sainz,43,2,24.125,ferrari,Retired,1,0,unknown,0,0,0,0,0,0,0,0,33.59749999999999,0,1,0,0,Possible damage/crash race,259,106,25.894183885314295,27.16871045718154,-1.7691838853142947,-3.0437104571815397
2024,9,Canadian Grand Prix,Circuit Gilles Villeneuve,stroll,25,1,24.284,aston_martin,Finished,0,0,unknown,0,0,0,0,0,0,0,0,33.59749999999999,0,1,0,0,Abnormal long stop,271,106,26.08207967533314,25.854619576825325,-1.7980796753331418,-1.570619576825326
2024,9,Canadian Grand Prix,Circuit Gilles Villeneuve,stroll,44,2,25.025,aston_martin,Finished,0,0,unknown,0,0,0,0,0,0,0,0,33.59749999999999,0,1,0,0,Abnormal long stop,271,106,26.08207967533314,26.046764829190096,-1.0570796753331422,-1.0217648291900971
2024,9,Canadian Grand Prix,Circuit Gilles Villeneuve,tsunoda,44,1,25.569,rb,Finished,0,0,unknown,0,0,0,0,0,0,0,0,33.59749999999999,0,1,0,0,Abnormal long stop,70,106,27.76380102921169,26.868178601564527,-2.1948010292116926,-1.2991786015645275
2024,9,Canadian Grand Prix,Circuit Gilles Villeneuve,zhou,24,1,25.598,sauber,Lapped,0,0,unknown,0,0,0,0,0,0,0,0,33.59749999999999,0,1,0,0,Abnormal long stop,74,106,30.045739812389904,28.96146313726534,-4.447739812389905,-3.3634631372653416
2024,9,Canadian Grand Prix,Circuit Gilles Villeneuve,zhou,44,2,65.564,sauber,Lapped,0,0,unknown,0,0,0,0,0,0,0,0,33.59749999999999,0,1,0,0,Abnormal long stop,74,106,30.045739812389904,29.155744276810147,35.51826018761009,36.408255723189846
2024,9,Canadian Grand Prix,Circuit Gilles Villeneuve,zhou,52,3,28.375,sauber,Lapped,0,0,unknown,0,0,0,0,0,0,0,0,33.59749999999999,0,1,0,0,Abnormal long stop,74,106,30.045739812389904,29.65455625650072,-1.670739812389904,-1.2795562565007188
2024,10,Spanish Grand Prix,Circuit de Barcelona-Catalunya,albon,18,1,23.248,williams,Lapped,0,0,unknown,0,0,0,0,0,0,0,0,24.984499999999997,0,1,0,0,Abnormal long stop,271,172,23.620141340457206,22.81584818619326,-0.3721413404572047,0.4321518138067404
2024,10,Spanish Grand Prix,Circuit de Barcelona-Catalunya,albon,43,2,21.892,williams,Lapped,0,0,unknown,0,0,0,0,0,0,0,0,24.984499999999997,0,1,0,0,Abnormal long stop,271,172,23.620141340457206,23.020808761638236,-1.7281413404572064,-1.1288087616382363
2024,10,Spanish Grand Prix,Circuit de Barcelona-Catalunya,alonso,19,1,21.957,aston_martin,Lapped,0,0,unknown,0,0,0,0,0,0,0,0,24.984499999999997,0,1,0,0,Abnormal long stop,271,172,22.58617247959196,22.597574501686367,-0.6291724795919578,-0.6405745016863662
2024,10,Spanish Grand Prix,Circuit de Barcelona-Catalunya,alonso,45,2,22.571,aston_martin,Lapped,0,0,unknown,0,0,0,0,0,0,0,0,24.984499999999997,0,1,0,0,Abnormal long stop,271,172,22.58617247959196,22.80467096431138,-0.015172479591957,-0.23367096431137924
2024,10,Spanish Grand Prix,Circuit de Barcelona-Catalunya,bottas,11,1,22.744,sauber,Lapped,0,0,unknown,0,0,0,0,0,0,0,0,24.984499999999997,0,1,0,0,Abnormal long stop,74,172,26.54983261664872,25.689466851866147,-3.805832616648722,-2.945466851866147
2024,10,Spanish Grand Prix,Circuit de Barcelona-Catalunya,bottas,28,2,22.963,sauber,Lapped,0,0,unknown,0,0,0,0,0,0,0,0,24.984499999999997,0,1,0,0,Abnormal long stop,74,172,26.54983261664872,25.87734032987085,-3.5868326166487208,-2.91434032987085
2024,10,Spanish Grand Prix,Circuit de Barcelona-Catalunya,gasly,14,1,26.097,alpine,Finished,0,0,unknown,0,0,0,0,0,0,0,0,24.984499999999997,0,1,0,0,Abnormal long stop,249,172,22.590629105771303,22.79374584067446,3.5063708942286986,3.3032541593255402
2024,10,Spanish Grand Prix,Circuit de Barcelona-Catalunya,gasly,38,2,21.687,alpine,Finished,0,0,unknown,0,0,0,0,0,0,0,0,24.984499999999997,0,1,0,0,Abnormal long stop,249,172,22.590629105771303,22.9965705289394,-0.9036291057713015,-1.3095705289393997
2024,10,Spanish Grand Prix,Circuit de Barcelona-Catalunya,hamilton,16,1,21.84,mercedes,Finished,0,0,unknown,0,0,0,0,0,0,0,0,24.984499999999997,0,1,0,0,Abnormal long stop,278,172,22.769311761952277,22.52060003150786,-0.9293117619522775,-0.6806000315078613
2024,10,Spanish Grand Prix,Circuit de Barcelona-Catalunya,hamilton,43,2,21.603,mercedes,Finished,0,0,unknown,0,0,0,0,0,0,0,0,24.984499999999997,0,1,0,0,Abnormal long stop,278,172,22.769311761952277,22.72983238131291,-1.1663117619522758,-1.1268323813129086
2024,10,Spanish Grand Prix,Circuit de Barcelona-Catalunya,hulkenberg,12,1,22.722,haas,Finished,0,0,unknown,0,0,0,0,0,0,0,0,24.984499999999997,0,1,0,0,Abnormal long stop,272,172,23.768691072388854,23.46607790774106,-1.0466910723888532,-0.7440779077410582
2024,10,Spanish Grand Prix,Circuit de Barcelona-Catalunya,hulkenberg,38,2,22.518,haas,Finished,0,0,unknown,0,0,0,0,0,0,0,0,24.984499999999997,0,1,0,0,Abnormal long stop,272,172,23.768691072388854,23.67317437036607,-1.2506910723888538,-1.155174370366069
2024,10,Spanish Grand Prix,Circuit de Barcelona-Catalunya,kevinmagnussen,10,1,23.36,haas,Lapped,0,0,unknown,0,0,0,0,0,0,0,0,24.984499999999997,0,1,0,0,Abnormal long stop,272,172,23.768691072388854,23.46180613338099,-0.40869107238885505,-0.10180613338098965
2024,10,Spanish Grand Prix,Circuit de Barcelona-Catalunya,kevinmagnussen,29,2,28.967,haas,Lapped,0,0,unknown,0,0,0,0,0,0,0,0,24.984499999999997,0,1,0,0,Abnormal long stop,272,172,23.768691072388854,23.653951385745767,5.198308927611144,5.313048614254232
2024,10,Spanish Grand Prix,Circuit de Barcelona-Catalunya,leclerc,24,1,22.26,ferrari,Finished,0,0,unknown,0,0,0,0,0,0,0,0,24.984499999999997,0,1,0,0,Abnormal long stop,259,172,22.398276689573112,22.268419657270954,-0.1382766895731109,-0.008419657270952285
2024,10,Spanish Grand Prix,Circuit de Barcelona-Catalunya,leclerc,47,2,21.624,ferrari,Finished,0,0,unknown,0,0,0,0,0,0,0,0,24.984499999999997,0,1,0,0,Abnormal long stop,259,172,22.398276689573112,22.469108458355862,-0.7742766895731137,-0.8451084583558632
2024,10,Spanish Grand Prix,Circuit de Barcelona-Catalunya,maxverstappen,17,1,21.544,red_bull,Finished,0,0,unknown,0,0,0,0,0,0,0,0,24.984499999999997,0,1,0,0,Abnormal long stop,292,172,22.321146411266504,21.963585415290993,-0.7771464112665036,-0.41958541529099236
2024,10,Spanish Grand Prix,Circuit de Barcelona-Catalunya,maxverstappen,44,2,22.34,red_bull,Finished,0,0,unknown,0,0,0,0,0,0,0,0,24.984499999999997,0,1,0,0,Abnormal long stop,292,172,22.321146411266504,22.172817765096035,0.01885358873349574,0.1671822349039651
2024,10,Spanish Grand Prix,Circuit de Barcelona-Catalunya,norris,23,1,21.618,mclaren,Finished,0,0,unknown,0,0,0,0,0,0,0,0,24.984499999999997,0,1,0,0,Abnormal long stop,270,172,22.37187206898271,22.43550309680287,-0.7538720689827123,-0.81750309680287
2024,10,Spanish Grand Prix,Circuit de Barcelona-Catalunya,norris,47,2,22.631,mclaren,Finished,0,0,unknown,0,0,0,0,0,0,0,0,24.984499999999997,0,1,0,0,Abnormal long stop,270,172,22.37187206898271,22.63832778506781,0.25912793101728937,-0.007327785067808179
2024,10,Spanish Grand Prix,Circuit de Barcelona-Catalunya,ocon,13,1,21.834,alpine,Finished,0,0,unknown,0,0,0,0,0,0,0,0,24.984499999999997,0,1,0,0,Abnormal long stop,249,172,22.590629105771303,22.791609953494426,-0.756629105771303,-0.9576099534944262
2024,10,Spanish Grand Prix,Circuit de Barcelona-Catalunya,ocon,37,2,21.921,alpine,Finished,0,0,unknown,0,0,0,0,0,0,0,0,24.984499999999997,0,1,0,0,Abnormal long stop,249,172,22.590629105771303,22.99443464175937,-0.6696291057713033,-1.0734346417593699
2024,10,Spanish Grand Prix,Circuit de Barcelona-Catalunya,perez,13,1,22.181,red_bull,Finished,0,0,unknown,0,0,0,0,0,0,0,0,24.984499999999997,0,1,0,0,Abnormal long stop,292,172,22.321146411266504,21.955041866570856,-0.14014641126650318,0.2259581334291454
2024,10,Spanish Grand Prix,Circuit de Barcelona-Catalunya,perez,31,2,21.464,red_bull,Finished,0,0,unknown,0,0,0,0,0,0,0,0,24.984499999999997,0,1,0,0,Abnormal long stop,292,172,22.321146411266504,22.145051231755595,-0.8571464112665055,-0.6810512317555961
2024,10,Spanish Grand Prix,Circuit de Barcelona-Catalunya,perez,49,3,21.472,red_bull,Finished,0,0,unknown,0,0,0,0,0,0,0,0,24.984499999999997,0,1,0,0,Abnormal long stop,292,172,22.321146411266504,22.665222083246505,-0.8491464112665028,-1.1932220832465035
2024,10,Spanish Grand Prix,Circuit de Barcelona-Catalunya,piastri,21,1,22.224,mclaren,Finished,0,0,unknown,0,0,0,0,0,0,0,0,24.984499999999997,0,1,0,0,Abnormal long stop,270,172,22.37187206898271,22.431231322442798,-0.14787206898271066,-0.20723132244279796
2024,10,Spanish Grand Prix,Circuit de Barcelona-Catalunya,piastri,46,2,22.42,mclaren,Finished,0,0,unknown,0,0,0,0,0,0,0,0,24.984499999999997,0,1,0,0,Abnormal long stop,270,172,22.37187206898271,22.636191897887773,0.04812793101729085,-0.2161918978877715
2024,10,Spanish Grand Prix,Circuit de Barcelona-Catalunya,ricciardo,16,1,22.364,rb,Lapped,0,0,unknown,0,0,0,0,0,0,0,0,24.984499999999997,0,1,0,0,Abnormal long stop,70,172,24.26789383347051,23.564144008464826,-1.9038938334705087,-1.2001440084648252
2024,10,Spanish Grand Prix,Circuit de Barcelona-Catalunya,ricciardo,42,2,22.108,rb,Lapped,0,0,unknown,0,0,0,0,0,0,0,0,24.984499999999997,0,1,0,0,Abnormal long stop,70,172,24.26789383347051,23.771240471089833,-2.159893833470509,-1.663240471089832
2024,10,Spanish Grand Prix,Circuit de Barcelona-Catalunya,russell,15,1,25.023,mercedes,Finished,0,0,unknown,0,0,0,0,0,0,0,0,24.984499999999997,0,1,0,0,Abnormal long stop,278,172,22.769311761952277,22.51846414432783,2.2536882380477223,2.50453585567217
2024,10,Spanish Grand Prix,Circuit de Barcelona-Catalunya,russell,36,2,22.7,mercedes,Finished,0,0,unknown,0,0,0,0,0,0,0,0,24.984499999999997,0,1,0,0,Abnormal long stop,278,172,22.769311761952277,22.714881171052667,-0.06931176195227806,-0.014881171052667952
2024,10,Spanish Grand Prix,Circuit de Barcelona-Catalunya,sainz,15,1,22.194,ferrari,Finished,0,0,unknown,0,0,0,0,0,0,0,0,24.984499999999997,0,1,0,0,Abnormal long stop,259,172,22.398276689573112,22.249196672650648,-0.2042766895731134,-0.05519667265064854
2024,10,Spanish Grand Prix,Circuit de Barcelona-Catalunya,sainz,36,2,22.249,ferrari,Finished,0,0,unknown,0,0,0,0,0,0,0,0,24.984499999999997,0,1,0,0,Abnormal long stop,259,172,22.398276689573112,22.44561369937549,-0.14927668957311369,-0.19661369937549011
2024,10,Spanish Grand Prix,Circuit de Barcelona-Catalunya,sargeant,14,1,22.401,williams,Lapped,0,0,unknown,0,0,0,0,0,0,0,0,24.984499999999997,0,1,0,0,Abnormal long stop,271,172,23.620141340457206,22.807304637473123,-1.219141340457206,-0.4063046374731236
2024,10,Spanish Grand Prix,Circuit de Barcelona-Catalunya,sargeant,34,2,22.506,williams,Lapped,0,0,unknown,0,0,0,0,0,0,0,0,24.984499999999997,0,1,0,0,Abnormal long stop,271,172,23.620141340457206,23.00158577701793,-1.1141413404572056,-0.4955857770179293
2024,10,Spanish Grand Prix,Circuit de Barcelona-Catalunya,stroll,17,1,21.88,aston_martin,Lapped,0,0,unknown,0,0,0,0,0,0,0,0,24.984499999999997,0,1,0,0,Abnormal long stop,271,172,22.58617247959196,22.593302727326304,-0.7061724795919595,-0.7133027273263046
2024,10,Spanish Grand Prix,Circuit de Barcelona-Catalunya,stroll,37,2,23.381,aston_martin,Lapped,0,0,unknown,0,0,0,0,0,0,0,0,24.984499999999997,0,1,0,0,Abnormal long stop,271,172,22.58617247959196,22.78758386687111,0.7948275204080417,0.5934161331288905
2024,10,Spanish Grand Prix,Circuit de Barcelona-Catalunya,tsunoda,9,1,22.064,rb,Lapped,0,0,unknown,0,0,0,0,0,0,0,0,24.984499999999997,0,1,0,0,Abnormal long stop,70,172,24.26789383347051,23.549192798204587,-2.2038938334705094,-1.4851927982045865
2024,10,Spanish Grand Prix,Circuit de Barcelona-Catalunya,tsunoda,27,2,22.084,rb,Lapped,0,0,unknown,0,0,0,0,0,0,0,0,24.984499999999997,0,1,0,0,Abnormal long stop,70,172,24.26789383347051,23.739202163389326,-2.18389383347051,-1.6552021633893261
2024,10,Spanish Grand Prix,Circuit de Barcelona-Catalunya,tsunoda,44,3,22.564,rb,Lapped,0,0,unknown,0,0,0,0,0,0,0,0,24.984499999999997,0,1,0,0,Abnormal long stop,70,172,24.26789383347051,24.257237127700204,-1.7038938334705094,-1.693237127700204
2024,10,Spanish Grand Prix,Circuit de Barcelona-Catalunya,zhou,9,1,22.523,sauber,Lapped,0,0,unknown,0,0,0,0,0,0,0,0,24.984499999999997,0,1,0,0,Abnormal long stop,74,172,26.54983261664872,25.68519507750608,-4.026832616648722,-3.1621950775060803
2024,10,Spanish Grand Prix,Circuit de Barcelona-Catalunya,zhou,41,2,24.253,sauber,Lapped,0,0,unknown,0,0,0,0,0,0,0,0,24.984499999999997,0,1,0,0,Abnormal long stop,74,172,26.54983261664872,25.905106863211294,-2.2968326166487216,-1.6521068632112943
2024,11,Austrian Grand Prix,Red Bull Ring,albon,12,1,21.878,williams,Lapped,0,0,unknown,0,0,0,0,0,0,0,0,27.136999999999993,0,1,0,0,Abnormal long stop,271,192,23.098543412353578,21.85158031054077,-1.220543412353578,0.026419689459231677
2024,11,Austrian Grand Prix,Red Bull Ring,albon,39,2,21.692,williams,Lapped,0,0,unknown,0,0,0,0,0,0,0,0,27.136999999999993,0,1,0,0,Abnormal long stop,271,192,23.098543412353578,22.06081266034581,-1.406543412353578,-0.3688126603458102
2024,11,Austrian Grand Prix,Red Bull Ring,alonso,11,1,21.483,aston_martin,Lapped,0,0,unknown,0,0,0,0,0,0,0,0,27.136999999999993,0,1,0,0,Abnormal long stop,271,192,22.06457455148833,21.629034851673808,-0.5815745514883304,-0.14603485167380725
2024,11,Austrian Grand Prix,Red Bull Ring,alonso,35,2,33.947,aston_martin,Lapped,0,0,unknown,0,0,0,0,0,0,0,0,27.136999999999993,0,1,0,0,Abnormal long stop,271,192,22.06457455148833,21.831859539938748,11.882425448511672,12.115140460061255
2024,11,Austrian Grand Prix,Red Bull Ring,alonso,68,3,22.487,aston_martin,Lapped,0,0,unknown,0,0,0,0,0,0,0,0,27.136999999999993,0,1,0,0,Abnormal long stop,271,192,22.06457455148833,22.38406869913017,0.4224254485116674,0.10293130086982671
2024,11,Austrian Grand Prix,Red Bull Ring,bottas,19,1,21.918,sauber,Lapped,0,0,unknown,0,0,0,0,0,0,0,0,27.136999999999993,0,1,0,0,Abnormal long stop,74,192,26.028234688545094,24.755101396734126,-4.110234688545095,-2.837101396734127
2024,11,Austrian Grand Prix,Red Bull Ring,bottas,42,2,21.991,sauber,Lapped,0,0,unknown,0,0,0,0,0,0,0,0,27.136999999999993,0,1,0,0,Abnormal long stop,74,192,26.028234688545094,24.955790197819038,-4.0372346885450945,-2.9647901978190383
2024,11,Austrian Grand Prix,Red Bull Ring,gasly,20,1,21.431,alpine,Finished,0,0,unknown,0,0,0,0,0,0,0,0,27.136999999999993,0,1,0,0,Abnormal long stop,249,192,22.069031177667675,21.855108611182374,-0.6380311776676741,-0.42410861118237264
2024,11,Austrian Grand Prix,Red Bull Ring,gasly,42,2,22.043,alpine,Finished,0,0,unknown,0,0,0,0,0,0,0,0,27.136999999999993,0,1,0,0,Abnormal long stop,249,192,22.069031177667675,22.05366152508725,-0.02603117766767582,-0.010661525087250823
2024,11,Austrian Grand Prix,Red Bull Ring,hamilton,21,1,21.563,mercedes,Finished,0,0,unknown,0,0,0,0,0,0,0,0,27.136999999999993,0,1,0,0,Abnormal long stop,278,192,22.24771383384865,21.579826914835742,-0.6847138338486509,-0.016826914835743167
2024,11,Austrian Grand Prix,Red Bull Ring,hamilton,53,2,27.281,mercedes,Finished,0,0,unknown,0,0,0,0,0,0,0,0,27.136999999999993,0,1,0,0,Abnormal long stop,278,192,22.24771383384865,21.799738700540956,5.033286166151349,5.481261299459042
2024,11,Austrian Grand Prix,Red Bull Ring,hulkenberg,11,1,22.355,haas,Finished,0,0,unknown,0,0,0,0,0,0,0,0,27.136999999999993,0,1,0,0,Abnormal long stop,272,192,23.247093144285227,22.512489467988736,-0.8920931442852265,-0.15748946798873575
2024,11,Austrian Grand Prix,Red Bull Ring,hulkenberg,39,2,21.814,haas,Finished,0,0,unknown,0,0,0,0,0,0,0,0,27.136999999999993,0,1,0,0,Abnormal long stop,272,192,23.247093144285227,22.723857704973813,-1.4330931442852268,-0.9098577049738132
2024,11,Austrian Grand Prix,Red Bull Ring,kevinmagnussen,10,1,21.518,haas,Finished,0,0,unknown,0,0,0,0,0,0,0,0,27.136999999999993,0,1,0,0,Abnormal long stop,272,192,23.247093144285227,22.5103535808087,-1.7290931442852262,-0.9923535808087003
2024,11,Austrian Grand Prix,Red Bull Ring,kevinmagnussen,38,2,21.832,haas,Finished,0,0,unknown,0,0,0,0,0,0,0,0,27.136999999999993,0,1,0,0,Abnormal long stop,272,192,23.247093144285227,22.721721817793778,-1.4150931442852261,-0.8897218177937773
2024,11,Austrian Grand Prix,Red Bull Ring,leclerc,16,2,21.685,ferrari,Finished,0,0,unknown,0,0,0,0,0,0,0,0,27.136999999999993,0,1,0,0,Abnormal long stop,259,192,21.876678761469485,21.45144340320252,-0.19167876146948615,0.2335565967974773
2024,11,Austrian Grand Prix,Red Bull Ring,leclerc,33,3,22.243,ferrari,Finished,0,0,unknown,0,0,0,0,0,0,0,0,27.136999999999993,0,1,0,0,Abnormal long stop,259,192,21.876678761469485,21.969478367513396,0.3663212385305137,0.27352163248660233
2024,11,Austrian Grand Prix,Red Bull Ring,leclerc,51,4,20.903,ferrari,Finished,0,0,unknown,0,0,0,0,0,0,0,0,27.136999999999993,0,1,0,0,Abnormal long stop,259,192,21.876678761469485,23.49258534670585,-0.9736787614694862,-2.589585346705853
2024,11,Austrian Grand Prix,Red Bull Ring,maxverstappen,23,1,21.899,red_bull,Finished,0,0,unknown,0,0,0,0,0,0,0,0,27.136999999999993,0,1,0,0,Abnormal long stop,292,192,21.799548483162877,21.024948185798905,0.09945151683712439,0.8740518142010956
2024,11,Austrian Grand Prix,Red Bull Ring,maxverstappen,51,2,25.841,red_bull,Finished,0,0,unknown,0,0,0,0,0,0,0,0,27.136999999999993,0,1,0,0,Abnormal long stop,292,192,21.799548483162877,21.236316422783986,4.041451516837125,4.604683577216015
2024,11,Austrian Grand Prix,Red Bull Ring,maxverstappen,64,3,22.729,red_bull,Finished,0,0,unknown,0,0,0,0,0,0,0,0,27.136999999999993,0,1,0,0,Abnormal long stop,292,192,21.799548483162877,21.745807838374724,0.9294515168371227,0.9831921616252757
2024,11,Austrian Grand Prix,Red Bull Ring,norris,23,1,21.617,mclaren,Lapped,0,0,unknown,0,0,0,0,0,0,0,0,27.136999999999993,0,1,0,0,Abnormal long stop,270,192,21.850274140879083,21.484050544230577,-0.23327414087908238,0.13294945576942396
2024,11,Austrian Grand Prix,Red Bull Ring,norris,51,2,21.411,mclaren,Lapped,0,0,unknown,0,0,0,0,0,0,0,0,27.136999999999993,0,1,0,0,Abnormal long stop,270,192,21.850274140879083,21.695418781215658,-0.4392741408790819,-0.2844187812156562
2024,11,Austrian Grand Prix,Red Bull Ring,ocon,19,1,22.291,alpine,Finished,0,0,unknown,0,0,0,0,0,0,0,0,27.136999999999993,0,1,0,0,Abnormal long stop,249,192,22.069031177667675,21.852972724002342,0.2219688223323253,0.43802727599765845
2024,11,Austrian Grand Prix,Red Bull Ring,ocon,43,2,21.231,alpine,Finished,0,0,unknown,0,0,0,0,0,0,0,0,27.136999999999993,0,1,0,0,Abnormal long stop,249,192,22.069031177667675,22.05579741226728,-0.8380311776676734,-0.8247974122672801
2024,11,Austrian Grand Prix,Red Bull Ring,perez,21,1,21.291,red_bull,Finished,0,0,unknown,0,0,0,0,0,0,0,0,27.136999999999993,0,1,0,0,Abnormal long stop,292,192,21.799548483162877,21.020676411438835,-0.5085484831628762,0.27032358856116545
2024,11,Austrian Grand Prix,Red Bull Ring,perez,51,2,27.5,red_bull,Finished,0,0,unknown,0,0,0,0,0,0,0,0,27.136999999999993,0,1,0,0,Abnormal long stop,292,192,21.799548483162877,21.236316422783986,5.7004515168371235,6.263683577216014
2024,11,Austrian Grand Prix,Red Bull Ring,piastri,25,1,20.978,mclaren,Finished,0,0,unknown,0,0,0,0,0,0,0,0,27.136999999999993,0,1,0,0,Abnormal long stop,270,192,21.850274140879083,21.488322318590647,-0.8722741408790817,-0.5103223185906458
2024,11,Austrian Grand Prix,Red Bull Ring,piastri,51,2,20.775,mclaren,Finished,0,0,unknown,0,0,0,0,0,0,0,0,27.136999999999993,0,1,0,0,Abnormal long stop,270,192,21.850274140879083,21.695418781215658,-1.0752741408790847,-0.920418781215659
2024,11,Austrian Grand Prix,Red Bull Ring,ricciardo,10,1,21.502,rb,Finished,0,0,unknown,0,0,0,0,0,0,0,0,27.136999999999993,0,1,0,0,Abnormal long stop,70,192,23.746295905366882,22.599876132812334,-2.244295905366883,-1.0978761328123348
2024,11,Austrian Grand Prix,Red Bull Ring,ricciardo,37,2,21.093,rb,Finished,0,0,unknown,0,0,0,0,0,0,0,0,27.136999999999993,0,1,0,0,Abnormal long stop,70,192,23.746295905366882,22.809108482617376,-2.653295905366882,-1.7161084826173756
2024,11,Austrian Grand Prix,Red Bull Ring,russell,22,1,21.673,mercedes,Finished,0,0,unknown,0,0,0,0,0,0,0,0,27.136999999999993,0,1,0,0,Abnormal long stop,278,192,22.24771383384865,21.581962802015777,-0.5747138338486515,0.09103719798422105
2024,11,Austrian Grand Prix,Red Bull Ring,russell,46,2,21.229,mercedes,Finished,0,0,unknown,0,0,0,0,0,0,0,0,27.136999999999993,0,1,0,0,Abnormal long stop,278,192,22.24771383384865,21.78478749028072,-1.0187138338486506,-0.5557874902807214
2024,11,Austrian Grand Prix,Red Bull Ring,sainz,22,1,21.226,ferrari,Finished,0,0,unknown,0,0,0,0,0,0,0,0,27.136999999999993,0,1,0,0,Abnormal long stop,259,192,21.876678761469485,21.3126953303386,-0.6506787614694858,-0.08669533033859977
2024,11,Austrian Grand Prix,Red Bull Ring,sainz,47,2,21.283,ferrari,Finished,0,0,unknown,0,0,0,0,0,0,0,0,27.136999999999993,0,1,0,0,Abnormal long stop,259,192,21.876678761469485,21.517655905783574,-0.5936787614694836,-0.23465590578357265
2024,11,Austrian Grand Prix,Red Bull Ring,sargeant,20,2,22.502,williams,Lapped,0,0,unknown,0,0,0,0,0,0,0,0,27.136999999999993,0,1,0,0,Abnormal long stop,271,192,23.098543412353578,22.020230803925166,-0.5965434123535793,0.4817691960748327
2024,11,Austrian Grand Prix,Red Bull Ring,sargeant,49,3,22.093,williams,Lapped,0,0,unknown,0,0,0,0,0,0,0,0,27.136999999999993,0,1,0,0,Abnormal long stop,271,192,23.098543412353578,22.56389641439645,-1.0055434123535782,-0.47089641439644936
2024,11,Austrian Grand Prix,Red Bull Ring,stroll,20,1,21.399,aston_martin,Lapped,0,0,unknown,0,0,0,0,0,0,0,0,27.136999999999993,0,1,0,0,Abnormal long stop,271,192,22.06457455148833,21.648257836294114,-0.66557455148833,-0.24925783629411313
2024,11,Austrian Grand Prix,Red Bull Ring,stroll,43,2,21.302,aston_martin,Lapped,0,0,unknown,0,0,0,0,0,0,0,0,27.136999999999993,0,1,0,0,Abnormal long stop,271,192,22.06457455148833,21.848946637379022,-0.7625745514883313,-0.5469466373790226
2024,11,Austrian Grand Prix,Red Bull Ring,tsunoda,21,1,21.25,rb,Lapped,0,0,unknown,0,0,0,0,0,0,0,0,27.136999999999993,0,1,0,0,Abnormal long stop,70,192,23.746295905366882,22.623370891792703,-2.496295905366882,-1.3733708917927032
2024,11,Austrian Grand Prix,Red Bull Ring,tsunoda,44,2,23.444,rb,Lapped,0,0,unknown,0,0,0,0,0,0,0,0,27.136999999999993,0,1,0,0,Abnormal long stop,70,192,23.746295905366882,22.824059692877615,-0.3022959053668828,0.6199403071223841
2024,11,Austrian Grand Prix,Red Bull Ring,zhou,28,1,23.198,sauber,Lapped,0,0,unknown,0,0,0,0,0,0,0,0,27.136999999999993,0,1,0,0,Abnormal long stop,74,192,26.028234688545094,24.774324381354432,-2.8302346885450937,-1.576324381354432
2024,11,Austrian Grand Prix,Red Bull Ring,zhou,51,2,21.594,sauber,Lapped,0,0,unknown,0,0,0,0,0,0,0,0,27.136999999999993,0,1,0,0,Abnormal long stop,74,192,26.028234688545094,24.975013182439344,-4.434234688545093,-3.381013182439343
2024,12,British Grand Prix,Silverstone Circuit,albon,27,1,34.742,williams,Finished,0,0,unknown,0,0,0,0,0,0,0,0,32.7278,0,1,0,0,Abnormal long stop,271,87,24.259847083384656,26.673656961712613,10.482152916615341,8.068343038287384
2024,12,British Grand Prix,Silverstone Circuit,albon,38,2,29.41,williams,Finished,0,0,unknown,0,0,0,0,0,0,0,0,32.7278,0,1,0,0,Abnormal long stop,271,87,24.259847083384656,26.848715116637116,5.150152916615344,2.561284883362884
2024,12,British Grand Prix,Silverstone Circuit,alonso,27,1,29.341,aston_martin,Finished,0,0,unknown,0,0,0,0,0,0,0,0,32.7278,0,1,0,0,Abnormal long stop,271,87,23.22587822251941,26.453247390025687,6.115121777480592,2.8877526099743136
2024,12,British Grand Prix,Silverstone Circuit,alonso,38,2,29.686,aston_martin,Finished,0,0,unknown,0,0,0,0,0,0,0,0,32.7278,0,1,0,0,Abnormal long stop,271,87,23.22587822251941,26.62830554495019,6.460121777480591,3.057694455049809
2024,12,British Grand Prix,Silverstone Circuit,bottas,26,1,30.628,sauber,Lapped,0,0,unknown,0,0,0,0,0,0,0,0,32.7278,0,1,0,0,Abnormal long stop,74,87,27.189538359576172,29.560090950465707,3.438461640423828,1.0679090495342933
2024,12,British Grand Prix,Silverstone Circuit,bottas,37,2,31.527,sauber,Lapped,0,0,unknown,0,0,0,0,0,0,0,0,32.7278,0,1,0,0,Abnormal long stop,74,87,27.189538359576172,29.735149105390207,4.337461640423829,1.7918508946097944
2024,12,British Grand Prix,Silverstone Circuit,hamilton,27,1,28.929,mercedes,Finished,0,0,unknown,0,0,0,0,0,0,0,0,32.7278,0,1,0,0,Abnormal long stop,278,87,23.409017504879728,26.382680581387284,5.519982495120271,2.5463194186127147
2024,12,British Grand Prix,Silverstone Circuit,hamilton,38,2,30.038,mercedes,Finished,0,0,unknown,0,0,0,0,0,0,0,0,32.7278,0,1,0,0,Abnormal long stop,278,87,23.409017504879728,26.557738736311787,6.6289824951202725,3.480261263688213
2024,12,British Grand Prix,Silverstone Circuit,hulkenberg,26,1,29.412,haas,Finished,0,0,unknown,0,0,0,0,0,0,0,0,32.7278,0,1,0,0,Abnormal long stop,272,87,24.408396815316305,27.334566119160584,5.003603184683694,2.077433880839415
2024,12,British Grand Prix,Silverstone Circuit,hulkenberg,39,2,30.265,haas,Finished,0,0,unknown,0,0,0,0,0,0,0,0,32.7278,0,1,0,0,Abnormal long stop,272,87,24.408396815316305,27.513896048445154,5.856603184683696,2.751103951554846
2024,12,British Grand Prix,Silverstone Circuit,kevinmagnussen,27,1,30.308,haas,Finished,0,0,unknown,0,0,0,0,0,0,0,0,32.7278,0,1,0,0,Abnormal long stop,272,87,24.408396815316305,27.336702006340616,5.899603184683695,2.971297993659384
2024,12,British Grand Prix,Silverstone Circuit,kevinmagnussen,37,2,29.884,haas,Finished,0,0,unknown,0,0,0,0,0,0,0,0,32.7278,0,1,0,0,Abnormal long stop,272,87,24.408396815316305,27.509624274085088,5.4756031846836954,2.3743757259149127
2024,12,British Grand Prix,Silverstone Circuit,leclerc,19,1,28.481,ferrari,Lapped,0,0,unknown,0,0,0,0,0,0,0,0,32.7278,0,1,0,0,Abnormal long stop,259,87,23.037982432500563,26.096326012269834,5.443017567499439,2.3846739877301673
2024,12,British Grand Prix,Silverstone Circuit,leclerc,27,2,29.233,ferrari,Lapped,0,0,unknown,0,0,0,0,0,0,0,0,32.7278,0,1,0,0,Abnormal long stop,259,87,23.037982432500563,26.264976505654232,6.195017567499438,2.9680234943457684
2024,12,British Grand Prix,Silverstone Circuit,leclerc,37,3,29.166,ferrari,Lapped,0,0,unknown,0,0,0,0,0,0,0,0,32.7278,0,1,0,0,Abnormal long stop,259,87,23.037982432500563,26.76806025970487,6.1280175674994375,2.3979397402951292
2024,12,British Grand Prix,Silverstone Circuit,maxverstappen,26,1,28.365,red_bull,Finished,0,0,unknown,0,0,0,0,0,0,0,0,32.7278,0,1,0,0,Abnormal long stop,292,87,22.960852154193955,25.82139419081035,5.404147845806044,2.54360580918965
2024,12,British Grand Prix,Silverstone Circuit,maxverstappen,38,2,29.076,red_bull,Finished,0,0,unknown,0,0,0,0,0,0,0,0,32.7278,0,1,0,0,Abnormal long stop,292,87,22.960852154193955,25.998588232914884,6.115147845806046,3.077411767085117
2024,12,British Grand Prix,Silverstone Circuit,norris,27,1,28.661,mclaren,Finished,0,0,unknown,0,0,0,0,0,0,0,0,32.7278,0,1,0,0,Abnormal long stop,270,87,23.01157781191016,26.282632436422052,5.64942218808984,2.3783675635779495
2024,12,British Grand Prix,Silverstone Circuit,norris,39,2,30.387,mclaren,Finished,0,0,unknown,0,0,0,0,0,0,0,0,32.7278,0,1,0,0,Abnormal long stop,270,87,23.01157781191016,26.459826478526587,7.375422188089839,3.9271735214734136
2024,12,British Grand Prix,Silverstone Circuit,ocon,19,1,28.495,alpine,Lapped,0,0,unknown,0,0,0,0,0,0,0,0,32.7278,0,1,0,0,Abnormal long stop,249,87,23.230334848698753,26.64301106747368,5.264665151301248,1.8519889325263215
2024,12,British Grand Prix,Silverstone Circuit,ocon,21,2,28.276,alpine,Lapped,0,0,unknown,0,0,0,0,0,0,0,0,32.7278,0,1,0,0,Abnormal long stop,249,87,23.230334848698753,26.798846237777873,5.045665151301247,1.4771537622221267
2024,12,British Grand Prix,Silverstone Circuit,ocon,26,3,29.289,alpine,Lapped,0,0,unknown,0,0,0,0,0,0,0,0,32.7278,0,1,0,0,Abnormal long stop,249,87,23.230334848698753,27.291250555928347,6.058665151301248,1.9977494440716548
2024,12,British Grand Prix,Silverstone Circuit,ocon,38,4,29.086,alpine,Lapped,0,0,unknown,0,0,0,0,0,0,0,0,32.7278,0,1,0,0,Abnormal long stop,249,87,23.230334848698753,28.801542212040594,5.855665151301245,0.28445778795940413
2024,12,British Grand Prix,Silverstone Circuit,perez,19,1,28.391,red_bull,Lapped,0,0,unknown,0,0,0,0,0,0,0,0,32.7278,0,1,0,0,Abnormal long stop,292,87,22.960852154193955,25.80644298055011,5.430147845806044,2.584557019449889
2024,12,British Grand Prix,Silverstone Circuit,perez,28,2,32.313,red_bull,Lapped,0,0,unknown,0,0,0,0,0,0,0,0,32.7278,0,1,0,0,Abnormal long stop,292,87,22.960852154193955,25.977229361114546,9.352147845806048,6.335770638885457
2024,12,British Grand Prix,Silverstone Circuit,perez,37,3,29.3,red_bull,Lapped,0,0,unknown,0,0,0,0,0,0,0,0,32.7278,0,1,0,0,Abnormal long stop,292,87,22.960852154193955,26.47817722798515,6.339147845806046,2.821822772014851
2024,12,British Grand Prix,Silverstone Circuit,perez,47,4,28.871,red_bull,Lapped,0,0,unknown,0,0,0,0,0,0,0,0,32.7278,0,1,0,0,Abnormal long stop,292,87,22.960852154193955,27.98419710973733,5.910147845806044,0.8868028902626683
2024,12,British Grand Prix,Silverstone Circuit,piastri,28,1,29.541,mclaren,Finished,0,0,unknown,0,0,0,0,0,0,0,0,32.7278,0,1,0,0,Abnormal long stop,270,87,23.01157781191016,26.284768323602087,6.529422188089839,3.2562316763979133
2024,12,British Grand Prix,Silverstone Circuit,piastri,38,2,29.2,mclaren,Finished,0,0,unknown,0,0,0,0,0,0,0,0,32.7278,0,1,0,0,Abnormal long stop,270,87,23.01157781191016,26.457690591346555,6.188422188089838,2.742309408653444
2024,12,British Grand Prix,Silverstone Circuit,ricciardo,26,1,28.875,rb,Lapped,0,0,unknown,0,0,0,0,0,0,0,0,32.7278,0,1,0,0,Abnormal long stop,70,87,24.90759957639796,27.424088671164213,3.96740042360204,1.4509113288357867
2024,12,British Grand Prix,Silverstone Circuit,ricciardo,37,2,29.873,rb,Lapped,0,0,unknown,0,0,0,0,0,0,0,0,32.7278,0,1,0,0,Abnormal long stop,70,87,24.90759957639796,27.599146826088713,4.965400423602041,2.273853173911288
2024,12,British Grand Prix,Silverstone Circuit,russell,27,1,32.045,mercedes,Retired,1,0,unknown,0,0,0,0,0,0,0,0,32.7278,0,1,0,0,Possible damage/crash race,278,87,23.409017504879728,27.846596376874352,8.635982495120274,4.19840362312565
2024,12,British Grand Prix,Silverstone Circuit,sainz,26,1,29.199,ferrari,Finished,0,0,unknown,0,0,0,0,0,0,0,0,32.7278,0,1,0,0,Abnormal long stop,259,87,23.037982432500563,26.11127722253007,6.161017567499439,3.0877227774699314
2024,12,British Grand Prix,Silverstone Circuit,sainz,39,2,29.097,ferrari,Finished,0,0,unknown,0,0,0,0,0,0,0,0,32.7278,0,1,0,0,Abnormal long stop,259,87,23.037982432500563,26.29060715181464,6.059017567499438,2.806392848185361
2024,12,British Grand Prix,Silverstone Circuit,sainz,50,3,28.706,ferrari,Finished,0,0,unknown,0,0,0,0,0,0,0,0,32.7278,0,1,0,0,Abnormal long stop,259,87,23.037982432500563,26.795826793045315,5.668017567499437,1.9101732069546848
2024,12,British Grand Prix,Silverstone Circuit,sargeant,27,1,32.801,williams,Finished,0,0,unknown,0,0,0,0,0,0,0,0,32.7278,0,1,0,0,Abnormal long stop,271,87,24.259847083384656,26.673656961712613,8.541152916615346,6.127343038287389
2024,12,British Grand Prix,Silverstone Circuit,sargeant,38,2,29.444,williams,Finished,0,0,unknown,0,0,0,0,0,0,0,0,32.7278,0,1,0,0,Abnormal long stop,271,87,24.259847083384656,26.848715116637116,5.184152916615343,2.5952848833628828
2024,12,British Grand Prix,Silverstone Circuit,stroll,26,1,29.023,aston_martin,Finished,0,0,unknown,0,0,0,0,0,0,0,0,32.7278,0,1,0,0,Abnormal long stop,271,87,23.22587822251941,26.451111502845656,5.797121777480591,2.571888497154344
2024,12,British Grand Prix,Silverstone Circuit,stroll,39,2,29.469,aston_martin,Finished,0,0,unknown,0,0,0,0,0,0,0,0,32.7278,0,1,0,0,Abnormal long stop,271,87,23.22587822251941,26.630441432130226,6.243121777480592,2.838558567869775
2024,12,British Grand Prix,Silverstone Circuit,tsunoda,38,2,29.658,rb,Finished,0,0,unknown,0,0,0,0,0,0,0,0,32.7278,0,1,0,0,Abnormal long stop,70,87,24.90759957639796,27.601282713268752,4.750400423602041,2.0567172867312493
2024,12,British Grand Prix,Silverstone Circuit,zhou,12,1,29.178,sauber,Lapped,0,0,unknown,0,0,0,0,0,0,0,0,32.7278,0,1,0,0,Abnormal long stop,74,87,27.189538359576172,29.53018852994523,1.9884616404238287,-0.35218852994523075
2024,12,British Grand Prix,Silverstone Circuit,zhou,19,2,29.838,sauber,Lapped,0,0,unknown,0,0,0,0,0,0,0,0,32.7278,0,1,0,0,Abnormal long stop,74,87,27.189538359576172,29.696703136149594,2.648461640423829,0.14129686385040685
2024,12,British Grand Prix,Silverstone Circuit,zhou,26,3,29.125,sauber,Lapped,0,0,unknown,0,0,0,0,0,0,0,0,32.7278,0,1,0,0,Abnormal long stop,74,87,27.189538359576172,30.193379228660135,1.9354616404238278,-1.0683792286601346
2024,12,British Grand Prix,Silverstone Circuit,zhou,37,4,33.083,sauber,Lapped,0,0,unknown,0,0,0,0,0,0,0,0,32.7278,0,1,0,0,Abnormal long stop,74,87,27.189538359576172,31.701534997592354,5.893461640423826,1.3814650024076442
2024,13,Hungarian Grand Prix,Hungaroring,albon,6,1,22.091,williams,Lapped,0,0,unknown,0,0,0,0,0,0,0,0,22.57675,0,1,0,0,Abnormal long stop,271,133,20.774447420369427,22.217886124172445,1.3165525796305744,-0.12688612417244371
2024,13,Hungarian Grand Prix,Hungaroring,albon,29,2,23.41,williams,Lapped,0,0,unknown,0,0,0,0,0,0,0,0,22.57675,0,1,0,0,Abnormal long stop,271,133,20.774447420369427,22.418574925257357,2.6355525796305734,0.9914250747426436
2024,13,Hungarian Grand Prix,Hungaroring,alonso,7,1,22.542,aston_martin,Finished,0,0,unknown,0,0,0,0,0,0,0,0,22.57675,0,1,0,0,Abnormal long stop,271,133,19.74047855950418,21.999612439665558,2.801521440495822,0.5423875603344435
2024,13,Hungarian Grand Prix,Hungaroring,alonso,37,2,21.8,aston_martin,Finished,0,0,unknown,0,0,0,0,0,0,0,0,22.57675,0,1,0,0,Abnormal long stop,271,133,19.74047855950418,22.215252451010702,2.0595214404958213,-0.4152524510107014
2024,13,Hungarian Grand Prix,Hungaroring,bottas,16,1,22.146,sauber,Lapped,0,0,unknown,0,0,0,0,0,0,0,0,22.57675,0,1,0,0,Abnormal long stop,74,133,23.70413869656094,25.127814871905912,-1.5581386965609383,-2.981814871905911
2024,13,Hungarian Grand Prix,Hungaroring,bottas,45,2,21.981,sauber,Lapped,0,0,unknown,0,0,0,0,0,0,0,0,22.57675,0,1,0,0,Abnormal long stop,74,133,23.70413869656094,25.34131899607102,-1.7231386965609374,-3.360318996071019
2024,13,Hungarian Grand Prix,Hungaroring,gasly,28,1,21.405,alpine,Retired,1,0,unknown,0,0,0,0,0,0,0,0,22.57675,0,1,0,0,Possible damage/crash race,249,133,19.744935185683524,23.71523264082159,1.6600648143164776,-2.3102326408215887
2024,13,Hungarian Grand Prix,Hungaroring,hamilton,16,1,21.306,mercedes,Finished,0,0,unknown,0,0,0,0,0,0,0,0,22.57675,0,1,0,0,Abnormal long stop,278,133,19.923617841864495,21.948268615647457,1.3823821581355062,-0.6422686156474562
2024,13,Hungarian Grand Prix,Hungaroring,hamilton,40,2,21.91,mercedes,Finished,0,0,unknown,0,0,0,0,0,0,0,0,22.57675,0,1,0,0,Abnormal long stop,278,133,19.923617841864495,22.1510933039124,1.9863821581355054,-0.24109330391240036
2024,13,Hungarian Grand Prix,Hungaroring,hulkenberg,2,1,22.287,haas,Lapped,0,0,unknown,0,0,0,0,0,0,0,0,22.57675,0,1,0,0,Abnormal long stop,272,133,20.922997152301075,22.872387620080314,1.3640028476989237,-0.585387620080315
2024,13,Hungarian Grand Prix,Hungaroring,hulkenberg,29,2,22.472,haas,Lapped,0,0,unknown,0,0,0,0,0,0,0,0,22.57675,0,1,0,0,Abnormal long stop,272,133,20.922997152301075,23.08161996988536,1.549002847698926,-0.6096199698853582
2024,13,Hungarian Grand Prix,Hungaroring,kevinmagnussen,6,1,21.871,haas,Lapped,0,0,unknown,0,0,0,0,0,0,0,0,22.57675,0,1,0,0,Abnormal long stop,272,133,20.922997152301075,22.88093116880045,0.9480028476989233,-1.0099311688004526
2024,13,Hungarian Grand Prix,Hungaroring,kevinmagnussen,34,2,22.531,haas,Lapped,0,0,unknown,0,0,0,0,0,0,0,0,22.57675,0,1,0,0,Abnormal long stop,272,133,20.922997152301075,23.09229940578553,1.6080028476989234,-0.5612994057855296
2024,13,Hungarian Grand Prix,Hungaroring,leclerc,23,1,21.894,ferrari,Finished,0,0,unknown,0,0,0,0,0,0,0,0,22.57675,0,1,0,0,Abnormal long stop,259,133,19.552582769485333,21.693952354230515,2.341417230514665,0.20004764576948375
2024,13,Hungarian Grand Prix,Hungaroring,leclerc,40,2,21.723,ferrari,Finished,0,0,unknown,0,0,0,0,0,0,0,0,22.57675,0,1,0,0,Abnormal long stop,259,133,19.552582769485333,21.88182583223522,2.1704172305146656,-0.15882583223521962
2024,13,Hungarian Grand Prix,Hungaroring,maxverstappen,21,1,22.101,red_bull,Finished,0,0,unknown,0,0,0,0,0,0,0,0,22.57675,0,1,0,0,Abnormal long stop,292,133,19.475452491178725,21.399797548150723,2.625547508821274,0.7012024518492765
2024,13,Hungarian Grand Prix,Hungaroring,maxverstappen,49,2,21.344,red_bull,Finished,0,0,unknown,0,0,0,0,0,0,0,0,22.57675,0,1,0,0,Abnormal long stop,292,133,19.475452491178725,21.6111657851358,1.8685475088212762,-0.2671657851357985
2024,13,Hungarian Grand Prix,Hungaroring,norris,17,1,21.861,mclaren,Finished,0,0,unknown,0,0,0,0,0,0,0,0,22.57675,0,1,0,0,Abnormal long stop,270,133,19.52617814889493,21.850356357862257,2.334821851105069,0.010643642137743825
2024,13,Hungarian Grand Prix,Hungaroring,norris,45,2,21.249,mclaren,Finished,0,0,unknown,0,0,0,0,0,0,0,0,22.57675,0,1,0,0,Abnormal long stop,270,133,19.52617814889493,22.061724594847334,1.722821851105067,-0.8127245948473352
2024,13,Hungarian Grand Prix,Hungaroring,ocon,6,1,21.829,alpine,Lapped,0,0,unknown,0,0,0,0,0,0,0,0,22.57675,0,1,0,0,Abnormal long stop,249,133,19.744935185683524,22.204327327373782,2.084064814316477,-0.3753273273737818
2024,13,Hungarian Grand Prix,Hungaroring,ocon,30,2,21.444,alpine,Lapped,0,0,unknown,0,0,0,0,0,0,0,0,22.57675,0,1,0,0,Abnormal long stop,249,133,19.744935185683524,22.407152015638722,1.6990648143164755,-0.9631520156387232
2024,13,Hungarian Grand Prix,Hungaroring,ocon,64,3,21.33,alpine,Lapped,0,0,unknown,0,0,0,0,0,0,0,0,22.57675,0,1,0,0,Abnormal long stop,249,133,19.744935185683524,22.961497062010178,1.5850648143164747,-1.6314970620101796
2024,13,Hungarian Grand Prix,Hungaroring,perez,28,1,21.395,red_bull,Finished,0,0,unknown,0,0,0,0,0,0,0,0,22.57675,0,1,0,0,Abnormal long stop,292,133,19.475452491178725,21.41474875841096,1.9195475088212746,-0.0197487584109588
2024,13,Hungarian Grand Prix,Hungaroring,perez,47,2,21.056,red_bull,Finished,0,0,unknown,0,0,0,0,0,0,0,0,22.57675,0,1,0,0,Abnormal long stop,292,133,19.475452491178725,21.60689401077573,1.580547508821276,-0.5508940107757283
2024,13,Hungarian Grand Prix,Hungaroring,piastri,18,1,21.641,mclaren,Finished,0,0,unknown,0,0,0,0,0,0,0,0,22.57675,0,1,0,0,Abnormal long stop,270,133,19.52617814889493,21.852492245042292,2.1148218511050665,-0.2114922450422938
2024,13,Hungarian Grand Prix,Hungaroring,piastri,47,2,21.823,mclaren,Finished,0,0,unknown,0,0,0,0,0,0,0,0,22.57675,0,1,0,0,Abnormal long stop,270,133,19.52617814889493,22.0659963692074,2.2968218511050686,-0.24299636920740042
2024,13,Hungarian Grand Prix,Hungaroring,ricciardo,7,1,21.084,rb,Lapped,0,0,unknown,0,0,0,0,0,0,0,0,22.57675,0,1,0,0,Abnormal long stop,70,133,21.422199913382727,22.972589607984112,-0.33819991338272715,-1.8885896079841125
2024,13,Hungarian Grand Prix,Hungaroring,ricciardo,28,2,21.378,rb,Lapped,0,0,unknown,0,0,0,0,0,0,0,0,22.57675,0,1,0,0,Abnormal long stop,70,133,21.422199913382727,23.169006634708953,-0.04419991338272666,-1.7910066347089533
2024,13,Hungarian Grand Prix,Hungaroring,russell,33,1,21.369,mercedes,Finished,0,0,unknown,0,0,0,0,0,0,0,0,22.57675,0,1,0,0,Abnormal long stop,278,133,19.923617841864495,21.98457869770803,1.445382158135505,-0.6155786977080311
2024,13,Hungarian Grand Prix,Hungaroring,russell,53,2,21.328,mercedes,Finished,0,0,unknown,0,0,0,0,0,0,0,0,22.57675,0,1,0,0,Abnormal long stop,278,133,19.923617841864495,22.17885983725284,1.4043821581355047,-0.8508598372528411
2024,13,Hungarian Grand Prix,Hungaroring,sainz,21,1,21.655,ferrari,Finished,0,0,unknown,0,0,0,0,0,0,0,0,22.57675,0,1,0,0,Abnormal long stop,259,133,19.552582769485333,21.689680579870444,2.102417230514668,-0.03468057987044304
2024,13,Hungarian Grand Prix,Hungaroring,sainz,47,2,21.439,ferrari,Finished,0,0,unknown,0,0,0,0,0,0,0,0,22.57675,0,1,0,0,Abnormal long stop,259,133,19.552582769485333,21.896777042495454,1.8864172305146667,-0.45777704249545437
2024,13,Hungarian Grand Prix,Hungaroring,sargeant,8,1,21.757,williams,Lapped,0,0,unknown,0,0,0,0,0,0,0,0,22.57675,0,1,0,0,Abnormal long stop,271,133,20.774447420369427,22.22215789853251,0.9825525796305747,-0.4651578985325102
2024,13,Hungarian Grand Prix,Hungaroring,sargeant,33,2,21.398,williams,Lapped,0,0,unknown,0,0,0,0,0,0,0,0,22.57675,0,1,0,0,Abnormal long stop,271,133,20.774447420369427,22.42711847397749,0.623552579630573,-1.0291184739774906
2024,13,Hungarian Grand Prix,Hungaroring,sargeant,63,3,21.908,williams,Lapped,0,0,unknown,0,0,0,0,0,0,0,0,22.57675,0,1,0,0,Abnormal long stop,271,133,20.774447420369427,22.97291997162881,1.1335525796305745,-1.0649199716288074
2024,13,Hungarian Grand Prix,Hungaroring,stroll,14,1,23.237,aston_martin,Finished,0,0,unknown,0,0,0,0,0,0,0,0,22.57675,0,1,0,0,Abnormal long stop,271,133,19.74047855950418,22.014563649925794,3.496521440495819,1.2224363500742044
2024,13,Hungarian Grand Prix,Hungaroring,stroll,45,2,22.276,aston_martin,Finished,0,0,unknown,0,0,0,0,0,0,0,0,22.57675,0,1,0,0,Abnormal long stop,271,133,19.74047855950418,22.232339548450973,2.5355214404958204,0.043660451549026646
2024,13,Hungarian Grand Prix,Hungaroring,tsunoda,29,1,21.467,rb,Finished,0,0,unknown,0,0,0,0,0,0,0,0,22.57675,0,1,0,0,Abnormal long stop,70,133,21.422199913382727,23.01957912594486,0.04480008661727197,-1.5525791259448596
2024,13,Hungarian Grand Prix,Hungaroring,zhou,7,1,21.993,sauber,Lapped,0,0,unknown,0,0,0,0,0,0,0,0,22.57675,0,1,0,0,Abnormal long stop,74,133,23.70413869656094,25.108591887285606,-1.7111386965609405,-3.115591887285607
2024,13,Hungarian Grand Prix,Hungaroring,zhou,36,2,22.183,sauber,Lapped,0,0,unknown,0,0,0,0,0,0,0,0,22.57675,0,1,0,0,Abnormal long stop,74,133,23.70413869656094,25.322096011450714,-1.5211386965609393,-3.1390960114507145
2024,14,Belgian Grand Prix,Circuit de Spa-Francorchamps,albon,8,1,23.606,williams,Finished,0,0,unknown,0,0,0,0,0,0,0,0,23.644550000000002,0,1,0,0,Abnormal long stop,271,109,24.31014353425072,23.060436777821195,-0.7041435342507185,0.5455632221788065
2024,14,Belgian Grand Prix,Circuit de Spa-Francorchamps,albon,23,2,23.146,williams,Finished,0,0,unknown,0,0,0,0,0,0,0,0,23.644550000000002,0,1,0,0,Abnormal long stop,271,109,24.31014353425072,23.244038481465836,-1.1641435342507194,-0.09803848146583505
2024,14,Belgian Grand Prix,Circuit de Spa-Francorchamps,alonso,13,1,23.075,aston_martin,Finished,0,0,unknown,0,0,0,0,0,0,0,0,23.644550000000002,0,1,0,0,Abnormal long stop,271,109,23.276174673385473,22.85070664203444,-0.20117467338547357,0.2242933579655606
2024,14,Belgian Grand Prix,Circuit de Spa-Francorchamps,bottas,11,1,23.147,sauber,Finished,0,0,unknown,0,0,0,0,0,0,0,0,23.644550000000002,0,1,0,0,Abnormal long stop,74,109,27.239834810442236,25.955414315294423,-4.092834810442238,-2.8084143152944243
2024,14,Belgian Grand Prix,Circuit de Spa-Francorchamps,bottas,35,2,22.949,sauber,Finished,0,0,unknown,0,0,0,0,0,0,0,0,23.644550000000002,0,1,0,0,Abnormal long stop,74,109,27.239834810442236,26.158239003559366,-4.2908348104422345,-3.2092390035593645
2024,14,Belgian Grand Prix,Circuit de Spa-Francorchamps,gasly,9,1,22.9,alpine,Finished,0,0,unknown,0,0,0,0,0,0,0,0,23.644550000000002,0,1,0,0,Abnormal long stop,249,109,23.280631299564817,23.049013868202568,-0.38063129956481845,-0.14901386820256945
2024,14,Belgian Grand Prix,Circuit de Spa-Francorchamps,gasly,28,2,22.844,alpine,Finished,0,0,unknown,0,0,0,0,0,0,0,0,23.644550000000002,0,1,0,0,Abnormal long stop,249,109,23.280631299564817,23.24115912056734,-0.43663129956481583,-0.3971591205673377
2024,14,Belgian Grand Prix,Circuit de Spa-Francorchamps,hamilton,11,1,23.188,mercedes,Finished,0,0,unknown,0,0,0,0,0,0,0,0,23.644550000000002,0,1,0,0,Abnormal long stop,278,109,23.45931395574579,22.775868059035968,-0.27131395574579287,0.4121319409640307
2024,14,Belgian Grand Prix,Circuit de Spa-Francorchamps,hamilton,26,2,22.704,mercedes,Finished,0,0,unknown,0,0,0,0,0,0,0,0,23.644550000000002,0,1,0,0,Abnormal long stop,278,109,23.45931395574579,22.959469762680605,-0.7553139557457911,-0.2554697626806046
2024,14,Belgian Grand Prix,Circuit de Spa-Francorchamps,hulkenberg,7,1,23.562,haas,Finished,0,0,unknown,0,0,0,0,0,0,0,0,23.644550000000002,0,1,0,0,Abnormal long stop,272,109,24.45869326618237,23.721345935269163,-0.8966932661823677,-0.15934593526916174
2024,14,Belgian Grand Prix,Circuit de Spa-Francorchamps,hulkenberg,20,2,23.268,haas,Finished,0,0,unknown,0,0,0,0,0,0,0,0,23.644550000000002,0,1,0,0,Abnormal long stop,272,109,24.45869326618237,23.900675864553737,-1.1906932661823681,-0.632675864553736
2024,14,Belgian Grand Prix,Circuit de Spa-Francorchamps,kevinmagnussen,17,1,23.619,haas,Finished,0,0,unknown,0,0,0,0,0,0,0,0,23.644550000000002,0,1,0,0,Abnormal long stop,272,109,24.45869326618237,23.742704807069508,-0.8396932661823691,-0.12370480706950815
2024,14,Belgian Grand Prix,Circuit de Spa-Francorchamps,leclerc,12,1,22.942,ferrari,Finished,0,0,unknown,0,0,0,0,0,0,0,0,23.644550000000002,0,1,0,0,Abnormal long stop,259,109,23.088278883366627,22.50873647453882,-0.14627888336662664,0.43326352546117874
2024,14,Belgian Grand Prix,Circuit de Spa-Francorchamps,leclerc,25,2,23.33,ferrari,Finished,0,0,unknown,0,0,0,0,0,0,0,0,23.644550000000002,0,1,0,0,Abnormal long stop,259,109,23.088278883366627,22.68806640382339,0.24172111663337148,0.6419335961766066
2024,14,Belgian Grand Prix,Circuit de Spa-Francorchamps,maxverstappen,10,1,23.214,red_bull,Finished,0,0,unknown,0,0,0,0,0,0,0,0,23.644550000000002,0,1,0,0,Abnormal long stop,292,109,23.01114860506002,22.21458166845903,0.20285139493998017,0.9994183315409693
2024,14,Belgian Grand Prix,Circuit de Spa-Francorchamps,maxverstappen,28,2,22.943,red_bull,Finished,0,0,unknown,0,0,0,0,0,0,0,0,23.644550000000002,0,1,0,0,Abnormal long stop,292,109,23.01114860506002,22.40459103364377,-0.06814860506001708,0.5384089663562328
2024,14,Belgian Grand Prix,Circuit de Spa-Francorchamps,norris,15,1,22.682,mclaren,Finished,0,0,unknown,0,0,0,0,0,0,0,0,23.644550000000002,0,1,0,0,Abnormal long stop,270,109,23.061874262776225,22.684363462790873,-0.3798742627762266,-0.0023634627908748485
2024,14,Belgian Grand Prix,Circuit de Spa-Francorchamps,norris,29,2,22.61,mclaren,Finished,0,0,unknown,0,0,0,0,0,0,0,0,23.644550000000002,0,1,0,0,Abnormal long stop,270,109,23.061874262776225,22.865829279255472,-0.4518742627762258,-0.2558292792554724
2024,14,Belgian Grand Prix,Circuit de Spa-Francorchamps,ocon,12,1,23.366,alpine,Finished,0,0,unknown,0,0,0,0,0,0,0,0,23.644550000000002,0,1,0,0,Abnormal long stop,249,109,23.280631299564817,23.05542152974267,0.08536870043518263,0.31057847025732954
2024,14,Belgian Grand Prix,Circuit de Spa-Francorchamps,ocon,30,2,23.546,alpine,Finished,0,0,unknown,0,0,0,0,0,0,0,0,23.644550000000002,0,1,0,0,Abnormal long stop,249,109,23.280631299564817,23.245430894927406,0.26536870043518235,0.3005691050725936
2024,14,Belgian Grand Prix,Circuit de Spa-Francorchamps,perez,11,1,22.692,red_bull,Finished,0,0,unknown,0,0,0,0,0,0,0,0,23.644550000000002,0,1,0,0,Abnormal long stop,292,109,23.01114860506002,22.216717555639065,-0.3191486050600183,0.4752824443609356
2024,14,Belgian Grand Prix,Circuit de Spa-Francorchamps,perez,21,2,22.648,red_bull,Finished,0,0,unknown,0,0,0,0,0,0,0,0,23.644550000000002,0,1,0,0,Abnormal long stop,292,109,23.01114860506002,22.38963982338353,-0.3631486050600188,0.2583601766164705
2024,14,Belgian Grand Prix,Circuit de Spa-Francorchamps,perez,42,3,22.632,red_bull,Finished,0,0,unknown,0,0,0,0,0,0,0,0,23.644550000000002,0,1,0,0,Abnormal long stop,292,109,23.01114860506002,22.916218336414545,-0.379148605060017,-0.2842183364145434
2024,14,Belgian Grand Prix,Circuit de Spa-Francorchamps,piastri,11,1,22.623,mclaren,Finished,0,0,unknown,0,0,0,0,0,0,0,0,23.644550000000002,0,1,0,0,Abnormal long stop,270,109,23.061874262776225,22.675819914070736,-0.4388742627762241,-0.05281991407073505
2024,14,Belgian Grand Prix,Circuit de Spa-Francorchamps,piastri,30,2,24.125,mclaren,Finished,0,0,unknown,0,0,0,0,0,0,0,0,23.644550000000002,0,1,0,0,Abnormal long stop,270,109,23.061874262776225,22.867965166435507,1.0631257372237748,1.257034833564493
2024,14,Belgian Grand Prix,Circuit de Spa-Francorchamps,ricciardo,8,1,22.643,rb,Finished,0,0,unknown,0,0,0,0,0,0,0,0,23.644550000000002,0,1,0,0,Abnormal long stop,70,109,24.957896027264024,23.81300437445283,-2.314896027264023,-1.1700043744528301
2024,14,Belgian Grand Prix,Circuit de Spa-Francorchamps,ricciardo,21,2,22.328,rb,Finished,0,0,unknown,0,0,0,0,0,0,0,0,23.644550000000002,0,1,0,0,Abnormal long stop,70,109,24.957896027264024,23.992334303737398,-2.6298960272640244,-1.664334303737398
2024,14,Belgian Grand Prix,Circuit de Spa-Francorchamps,russell,10,1,22.686,mercedes,Disqualified,0,1,unknown,0,0,0,0,0,0,0,0,23.644550000000002,0,1,0,1,Possible penalty stop,278,109,23.45931395574579,23.45791744979415,-0.7733139557457918,-0.7719174497941488
2024,14,Belgian Grand Prix,Circuit de Spa-Francorchamps,sainz,20,1,23.08,ferrari,Finished,0,0,unknown,0,0,0,0,0,0,0,0,23.644550000000002,0,1,0,0,Abnormal long stop,259,109,23.088278883366627,22.525823571979092,-0.00827888336662852,0.5541764280209058
2024,14,Belgian Grand Prix,Circuit de Spa-Francorchamps,sainz,28,2,23.089,ferrari,Finished,0,0,unknown,0,0,0,0,0,0,0,0,23.644550000000002,0,1,0,0,Abnormal long stop,259,109,23.088278883366627,22.694474065363494,7.211166333718211e-4,0.39452593463650487
2024,14,Belgian Grand Prix,Circuit de Spa-Francorchamps,sargeant,8,1,23.338,williams,Finished,0,0,unknown,0,0,0,0,0,0,0,0,23.644550000000002,0,1,0,0,Abnormal long stop,271,109,24.31014353425072,23.060436777821195,-0.9721435342507192,0.2775632221788058
2024,14,Belgian Grand Prix,Circuit de Spa-Francorchamps,sargeant,24,2,23.692,williams,Finished,0,0,unknown,0,0,0,0,0,0,0,0,23.644550000000002,0,1,0,0,Abnormal long stop,271,109,24.31014353425072,23.246174368645868,-0.61814353425072,0.44582563135413267
2024,14,Belgian Grand Prix,Circuit de Spa-Francorchamps,stroll,12,1,23.01,aston_martin,Finished,0,0,unknown,0,0,0,0,0,0,0,0,23.644550000000002,0,1,0,0,Abnormal long stop,271,109,23.276174673385473,22.848570754854407,-0.2661746733854713,0.16142924514559454
2024,14,Belgian Grand Prix,Circuit de Spa-Francorchamps,tsunoda,15,1,23.452,rb,Finished,0,0,unknown,0,0,0,0,0,0,0,0,23.644550000000002,0,1,0,0,Abnormal long stop,70,109,24.957896027264024,23.827955584713067,-1.505896027264022,-0.3759555847130649
2024,15,Dutch Grand Prix,Circuit Park Zandvoort,albon,12,1,21.258,williams,Lapped,0,0,unknown,0,0,0,0,0,0,0,0,22.4955,0,1,0,0,Abnormal long stop,271,144,18.79130054190977,20.97378520954425,2.466699458090229,0.28421479045574927
2024,15,Dutch Grand Prix,Circuit Park Zandvoort,albon,54,2,21.016,williams,Lapped,0,0,unknown,0,0,0,0,0,0,0,0,22.4955,0,1,0,0,Abnormal long stop,271,144,18.79130054190977,21.215055867049802,2.224699458090228,-0.19905586704980394
2024,15,Dutch Grand Prix,Circuit Park Zandvoort,alonso,31,1,21.348,aston_martin,Lapped,0,0,unknown,0,0,0,0,0,0,0,0,22.4955,0,1,0,0,Abnormal long stop,271,144,17.757331681044523,20.793957494277972,3.5906683189554762,0.5540425057220268
2024,15,Dutch Grand Prix,Circuit Park Zandvoort,bottas,15,1,21.095,sauber,Lapped,0,0,unknown,0,0,0,0,0,0,0,0,22.4955,0,1,0,0,Abnormal long stop,74,144,21.720991818101282,23.868762747017477,-0.6259918181012836,-2.7737627470174786
2024,15,Dutch Grand Prix,Circuit Park Zandvoort,bottas,43,2,21.273,sauber,Lapped,0,0,unknown,0,0,0,0,0,0,0,0,22.4955,0,1,0,0,Abnormal long stop,74,144,21.720991818101282,24.080130984002555,-0.44799181810128275,-2.807130984002555
2024,15,Dutch Grand Prix,Circuit Park Zandvoort,gasly,32,1,22.646,alpine,Lapped,0,0,unknown,0,0,0,0,0,0,0,0,22.4955,0,1,0,0,Abnormal long stop,249,144,17.761788307223867,21.002944156346263,4.884211692776134,1.6430558436537375
2024,15,Dutch Grand Prix,Circuit Park Zandvoort,hamilton,23,1,21.168,mercedes,Finished,0,0,unknown,0,0,0,0,0,0,0,0,22.4955,0,1,0,0,Abnormal long stop,278,144,17.940470963404838,20.70630358819929,3.227529036595161,0.461696411800709
2024,15,Dutch Grand Prix,Circuit Park Zandvoort,hamilton,48,2,21.026,mercedes,Finished,0,0,unknown,0,0,0,0,0,0,0,0,22.4955,0,1,0,0,Abnormal long stop,278,144,17.940470963404838,20.911264163644272,3.0855290365951618,0.11473583635572737
2024,15,Dutch Grand Prix,Circuit Park Zandvoort,hulkenberg,14,1,21.619,haas,Lapped,0,0,unknown,0,0,0,0,0,0,0,0,22.4955,0,1,0,0,Abnormal long stop,272,144,18.93985027384142,21.641102028532323,2.679149726158581,-0.02210202853232346
2024,15,Dutch Grand Prix,Circuit Park Zandvoort,kevinmagnussen,40,1,21.403,haas,Lapped,0,0,unknown,0,0,0,0,0,0,0,0,22.4955,0,1,0,0,Abnormal long stop,272,144,18.93985027384142,21.696635095213207,2.46314972615858,-0.2936350952132081
2024,15,Dutch Grand Prix,Circuit Park Zandvoort,leclerc,24,1,20.841,ferrari,Finished,0,0,unknown,0,0,0,0,0,0,0,0,22.4955,0,1,0,0,Abnormal long stop,259,144,17.569435891025677,20.439172003702147,3.2715641089743244,0.40182799629785393
2024,15,Dutch Grand Prix,Circuit Park Zandvoort,maxverstappen,27,1,20.785,red_bull,Finished,0,0,unknown,0,0,0,0,0,0,0,0,22.4955,0,1,0,0,Abnormal long stop,292,144,17.49230561271907,20.155696633522524,3.2926943872809318,0.6293033664774761
2024,15,Dutch Grand Prix,Circuit Park Zandvoort,norris,28,1,21.536,mclaren,Finished,0,0,unknown,0,0,0,0,0,0,0,0,22.4955,0,1,0,0,Abnormal long stop,270,144,17.543031270435275,20.61693487913423,3.9929687295647263,0.9190651208657705
2024,15,Dutch Grand Prix,Circuit Park Zandvoort,ocon,30,1,21.015,alpine,Lapped,0,0,unknown,0,0,0,0,0,0,0,0,22.4955,0,1,0,0,Abnormal long stop,249,144,17.761788307223867,20.998672381986196,3.2532116927761336,0.016327618013804113
2024,15,Dutch Grand Prix,Circuit Park Zandvoort,perez,29,1,22.934,red_bull,Finished,0,0,unknown,0,0,0,0,0,0,0,0,22.4955,0,1,0,0,Abnormal long stop,292,144,17.49230561271907,20.15996840788259,5.441694387280933,2.77403159211741
2024,15,Dutch Grand Prix,Circuit Park Zandvoort,piastri,33,1,20.969,mclaren,Finished,0,0,unknown,0,0,0,0,0,0,0,0,22.4955,0,1,0,0,Abnormal long stop,270,144,17.543031270435275,20.6276143150344,3.425968729564726,0.3413856849656014
2024,15,Dutch Grand Prix,Circuit Park Zandvoort,ricciardo,29,1,20.942,rb,Lapped,0,0,unknown,0,0,0,0,0,0,0,0,22.4955,0,1,0,0,Abnormal long stop,70,144,19.43905303492307,21.76266288823646,1.50294696507693,-0.820662888236459
2024,15,Dutch Grand Prix,Circuit Park Zandvoort,russell,25,1,21.846,mercedes,Finished,0,0,unknown,0,0,0,0,0,0,0,0,22.4955,0,1,0,0,Abnormal long stop,278,144,17.940470963404838,20.71057536255936,3.905529036595162,1.1354246374406394
2024,15,Dutch Grand Prix,Circuit Park Zandvoort,russell,54,2,21.159,mercedes,Finished,0,0,unknown,0,0,0,0,0,0,0,0,22.4955,0,1,0,0,Abnormal long stop,278,144,17.940470963404838,20.924079486724473,3.218529036595161,0.23492051327552588
2024,15,Dutch Grand Prix,Circuit Park Zandvoort,sainz,30,1,20.84,ferrari,Finished,0,0,unknown,0,0,0,0,0,0,0,0,22.4955,0,1,0,0,Abnormal long stop,259,144,17.569435891025677,20.45198732678235,3.270564108974323,0.38801267321764854
2024,15,Dutch Grand Prix,Circuit Park Zandvoort,sargeant,22,1,22.03,williams,Lapped,0,0,unknown,0,0,0,0,0,0,0,0,22.4955,0,1,0,0,Abnormal long stop,271,144,18.79130054190977,20.995144081344588,3.238699458090231,1.0348559186554134
2024,15,Dutch Grand Prix,Circuit Park Zandvoort,stroll,30,1,21.385,aston_martin,Lapped,0,0,unknown,0,0,0,0,0,0,0,0,22.4955,0,1,0,0,Abnormal long stop,271,144,17.757331681044523,20.791821607097937,3.627668318955479,0.5931783929020646
2024,15,Dutch Grand Prix,Circuit Park Zandvoort,tsunoda,14,1,21.249,rb,Lapped,0,0,unknown,0,0,0,0,0,0,0,0,22.4955,0,1,0,0,Abnormal long stop,70,144,19.43905303492307,21.73062458053595,1.8099469650769286,-0.48162458053595003
2024,15,Dutch Grand Prix,Circuit Park Zandvoort,tsunoda,32,2,20.88,rb,Lapped,0,0,unknown,0,0,0,0,0,0,0,0,22.4955,0,1,0,0,Abnormal long stop,70,144,19.43905303492307,21.920633945720688,1.4409469650769289,-1.040633945720689
2024,15,Dutch Grand Prix,Circuit Park Zandvoort,zhou,18,1,21.214,sauber,Lapped,0,0,unknown,0,0,0,0,0,0,0,0,22.4955,0,1,0,0,Abnormal long stop,74,144,21.720991818101282,23.87517040855758,-0.5069918181012838,-2.661170408557581
2024,15,Dutch Grand Prix,Circuit Park Zandvoort,zhou,51,2,22.044,sauber,Lapped,0,0,unknown,0,0,0,0,0,0,0,0,22.4955,0,1,0,0,Abnormal long stop,74,144,21.720991818101282,24.097218081442826,0.32300818189871805,-2.053218081442825
2024,16,Italian Grand Prix,Autodromo Nazionale di Monza,albon,17,1,24.801,williams,Finished,0,0,unknown,0,0,0,0,0,0,0,0,34.829999999999984,0,1,0,0,Abnormal long stop,271,104,26.196787115248917,25.404335895278262,-1.3957871152489183,-0.6033358952782635
2024,16,Italian Grand Prix,Autodromo Nazionale di Monza,alonso,12,1,24.866,aston_martin,Finished,0,0,unknown,0,0,0,0,0,0,0,0,34.829999999999984,0,1,0,0,Abnormal long stop,271,104,25.162818254383666,25.17324688769117,-0.29681825438366616,-0.30724688769117137
2024,16,Italian Grand Prix,Autodromo Nazionale di Monza,alonso,35,2,24.501,aston_martin,Finished,0,0,unknown,0,0,0,0,0,0,0,0,34.829999999999984,0,1,0,0,Abnormal long stop,271,104,25.162818254383666,25.37393568877608,-0.6618182543836646,-0.872935688776078
2024,16,Italian Grand Prix,Autodromo Nazionale di Monza,bottas,33,1,24.41,sauber,Lapped,0,0,unknown,0,0,0,0,0,0,0,0,34.829999999999984,0,1,0,0,Abnormal long stop,74,104,29.12647839144043,28.32707996609193,-4.716478391440429,-3.9170799660919293
2024,16,Italian Grand Prix,Autodromo Nazionale di Monza,colapinto,16,1,25.147,williams,Finished,0,0,unknown,0,0,0,0,0,0,0,0,34.829999999999984,0,1,0,0,Abnormal long stop,271,104,26.196787115248917,25.40220000809823,-1.0497871152489182,-0.25520000809823173
2024,16,Italian Grand Prix,Autodromo Nazionale di Monza,gasly,10,1,24.335,alpine,Lapped,0,0,unknown,0,0,0,0,0,0,0,0,34.829999999999984,0,1,0,0,Abnormal long stop,249,104,25.16727488056301,25.375825888219364,-0.8322748805630091,-1.0408258882193628
2024,16,Italian Grand Prix,Autodromo Nazionale di Monza,gasly,30,2,24.203,alpine,Lapped,0,0,unknown,0,0,0,0,0,0,0,0,34.829999999999984,0,1,0,0,Abnormal long stop,249,104,25.16727488056301,25.57010702776417,-0.9642748805630106,-1.3671070277641704
2024,16,Italian Grand Prix,Autodromo Nazionale di Monza,hamilton,15,1,24.469,mercedes,Finished,0,0,unknown,0,0,0,0,0,0,0,0,34.829999999999984,0,1,0,0,Abnormal long stop,278,104,25.34595753674398,25.10908774059287,-0.8769575367439799,-0.6400877405928682
2024,16,Italian Grand Prix,Autodromo Nazionale di Monza,hamilton,37,2,24.155,mercedes,Finished,0,0,unknown,0,0,0,0,0,0,0,0,34.829999999999984,0,1,0,0,Abnormal long stop,278,104,25.34595753674398,25.307640654497742,-1.19095753674398,-1.1526406544977412
2024,16,Italian Grand Prix,Autodromo Nazionale di Monza,hulkenberg,5,1,38.875,haas,Lapped,0,0,unknown,0,0,0,0,0,0,0,0,34.829999999999984,0,1,0,0,Abnormal long stop,272,104,26.345336847180562,26.041750293745864,12.529663152819438,12.833249706254136
2024,16,Italian Grand Prix,Autodromo Nazionale di Monza,hulkenberg,32,2,36.576,haas,Lapped,0,0,unknown,0,0,0,0,0,0,0,0,34.829999999999984,0,1,0,0,Abnormal long stop,272,104,26.345336847180562,26.250982643550905,10.230663152819439,10.325017356449095
2024,16,Italian Grand Prix,Autodromo Nazionale di Monza,kevinmagnussen,14,1,25.672,haas,Finished,0,0,unknown,0,0,0,0,0,0,0,0,34.829999999999984,0,1,0,0,Abnormal long stop,272,104,26.345336847180562,26.060973278366166,-0.6733368471805612,-0.3889732783661657
2024,16,Italian Grand Prix,Autodromo Nazionale di Monza,leclerc,15,1,24.551,ferrari,Finished,0,0,unknown,0,0,0,0,0,0,0,0,34.829999999999984,0,1,0,0,Abnormal long stop,259,104,24.97492246436482,24.839820268915688,-0.4239224643648214,-0.2888202689156891
2024,16,Italian Grand Prix,Autodromo Nazionale di Monza,maxverstappen,22,1,28.198,red_bull,Finished,0,0,unknown,0,0,0,0,0,0,0,0,34.829999999999984,0,1,0,0,Abnormal long stop,292,104,24.89779218605821,24.5648884474562,3.300207813941789,3.6331115525437987
2024,16,Italian Grand Prix,Autodromo Nazionale di Monza,maxverstappen,41,2,24.15,red_bull,Finished,0,0,unknown,0,0,0,0,0,0,0,0,34.829999999999984,0,1,0,0,Abnormal long stop,292,104,24.89779218605821,24.757033699820973,-0.7477921860582128,-0.607033699820974
2024,16,Italian Grand Prix,Autodromo Nazionale di Monza,norris,14,1,24.169,mclaren,Finished,0,0,unknown,0,0,0,0,0,0,0,0,34.829999999999984,0,1,0,0,Abnormal long stop,270,104,24.948517843774418,25.0069037084476,-0.7795178437744177,-0.8379037084475982
2024,16,Italian Grand Prix,Autodromo Nazionale di Monza,norris,32,2,24.87,mclaren,Finished,0,0,unknown,0,0,0,0,0,0,0,0,34.829999999999984,0,1,0,0,Abnormal long stop,270,104,24.948517843774418,25.196913073632338,-0.07851784377441717,-0.3269130736323369
2024,16,Italian Grand Prix,Autodromo Nazionale di Monza,ocon,31,1,24.146,alpine,Lapped,0,0,unknown,0,0,0,0,0,0,0,0,34.829999999999984,0,1,0,0,Abnormal long stop,249,104,25.16727488056301,25.420679519000075,-1.0212748805630092,-1.274679519000074
2024,16,Italian Grand Prix,Autodromo Nazionale di Monza,perez,23,1,24.728,red_bull,Finished,0,0,unknown,0,0,0,0,0,0,0,0,34.829999999999984,0,1,0,0,Abnormal long stop,292,104,24.89779218605821,24.567024334636233,-0.1697921860582099,0.16097566536376817
2024,16,Italian Grand Prix,Autodromo Nazionale di Monza,perez,35,2,24.03,red_bull,Finished,0,0,unknown,0,0,0,0,0,0,0,0,34.829999999999984,0,1,0,0,Abnormal long stop,292,104,24.89779218605821,24.74421837674077,-0.8677921860582103,-0.7142183767407673
2024,16,Italian Grand Prix,Autodromo Nazionale di Monza,piastri,16,1,23.793,mclaren,Finished,0,0,unknown,0,0,0,0,0,0,0,0,34.829999999999984,0,1,0,0,Abnormal long stop,270,104,24.948517843774418,25.011175482807666,-1.155517843774419,-1.2181754828076663
2024,16,Italian Grand Prix,Autodromo Nazionale di Monza,piastri,38,2,24.67,mclaren,Finished,0,0,unknown,0,0,0,0,0,0,0,0,34.829999999999984,0,1,0,0,Abnormal long stop,270,104,24.948517843774418,25.209728396712542,-0.27851784377441646,-0.5397283967125404
2024,16,Italian Grand Prix,Autodromo Nazionale di Monza,ricciardo,11,1,30.317,rb,Finished,0,0,unknown,0,0,0,0,0,0,0,0,34.829999999999984,0,1,0,0,Abnormal long stop,70,104,26.844539608262217,26.144088168829693,3.4724603917377834,4.172911831170307
2024,16,Italian Grand Prix,Autodromo Nazionale di Monza,russell,11,1,32.696,mercedes,Finished,0,0,unknown,0,0,0,0,0,0,0,0,34.829999999999984,0,1,0,0,Abnormal long stop,278,104,25.34595753674398,25.10054419187273,7.350042463256017,7.595455808127269
2024,16,Italian Grand Prix,Autodromo Nazionale di Monza,russell,33,2,26.297,mercedes,Finished,0,0,unknown,0,0,0,0,0,0,0,0,34.829999999999984,0,1,0,0,Abnormal long stop,278,104,25.34595753674398,25.29909710577761,0.9510424632560195,0.997902894222392
2024,16,Italian Grand Prix,Autodromo Nazionale di Monza,sainz,19,1,24.313,ferrari,Finished,0,0,unknown,0,0,0,0,0,0,0,0,34.829999999999984,0,1,0,0,Abnormal long stop,259,104,24.97492246436482,24.84836381763582,-0.6619224643648209,-0.5353638176358224
2024,16,Italian Grand Prix,Autodromo Nazionale di Monza,stroll,19,1,24.98,aston_martin,Lapped,0,0,unknown,0,0,0,0,0,0,0,0,34.829999999999984,0,1,0,0,Abnormal long stop,271,104,25.162818254383666,25.18819809795141,-0.1828182543836654,-0.20819809795140998
2024,16,Italian Grand Prix,Autodromo Nazionale di Monza,stroll,36,2,24.209,aston_martin,Lapped,0,0,unknown,0,0,0,0,0,0,0,0,34.829999999999984,0,1,0,0,Abnormal long stop,271,104,25.162818254383666,25.37607157595611,-0.9538182543836662,-1.1670715759561112
2024,16,Italian Grand Prix,Autodromo Nazionale di Monza,stroll,50,3,25.269,aston_martin,Lapped,0,0,unknown,0,0,0,0,0,0,0,0,34.829999999999984,0,1,0,0,Abnormal long stop,271,104,25.162818254383666,25.88769887872689,0.10618174561633253,-0.6186988787268923
2024,16,Italian Grand Prix,Autodromo Nazionale di Monza,zhou,15,1,27.138,sauber,Lapped,0,0,unknown,0,0,0,0,0,0,0,0,34.829999999999984,0,1,0,0,Abnormal long stop,74,104,29.12647839144043,28.28863399685132,-1.9884783914404274,-1.1506339968513188
2024,17,Azerbaijan Grand Prix,Baku City Circuit,albon,31,1,20.287,williams,Finished,0,0,unknown,0,0,0,0,0,0,0,0,21.617,0,1,0,0,Abnormal long stop,271,88,18.841927840022873,20.672298431658938,1.4450721599771263,-0.3852984316589385
2024,17,Azerbaijan Grand Prix,Baku City Circuit,alonso,11,1,20.073,aston_martin,Finished,0,0,unknown,0,0,0,0,0,0,0,0,21.617,0,1,0,0,Abnormal long stop,271,88,17.807958979157625,20.40917111637134,2.265041020842375,-0.33617111637133945
2024,17,Azerbaijan Grand Prix,Baku City Circuit,bearman,14,1,21.276,haas,Finished,0,0,unknown,0,0,0,0,0,0,0,0,21.617,0,1,0,0,Abnormal long stop,272,88,18.99047757195452,21.299033394226367,2.2855224280454784,-0.023033394226366966
2024,17,Azerbaijan Grand Prix,Baku City Circuit,bottas,11,1,20.045,sauber,Lapped,0,0,unknown,0,0,0,0,0,0,0,0,21.617,0,1,0,0,Abnormal long stop,74,88,21.77161911621439,23.518150563991384,-1.726619116214387,-3.473150563991382
2024,17,Azerbaijan Grand Prix,Baku City Circuit,colapinto,10,1,20.596,williams,Finished,0,0,unknown,0,0,0,0,0,0,0,0,21.617,0,1,0,0,Abnormal long stop,271,88,18.841927840022873,20.627444800878227,1.7540721599771274,-0.03144480087822643
2024,17,Azerbaijan Grand Prix,Baku City Circuit,gasly,50,1,20.257,alpine,Finished,0,0,unknown,0,0,0,0,0,0,0,0,21.617,0,1,0,0,Abnormal long stop,249,88,17.812415605336966,20.69932149128092,2.4445843946630355,-0.4423214912809179
2024,17,Azerbaijan Grand Prix,Baku City Circuit,hamilton,12,1,21.289,mercedes,Finished,0,0,unknown,0,0,0,0,0,0,0,0,21.617,0,1,0,0,Abnormal long stop,278,88,17.99109826151794,20.340740194912968,3.297901738482061,0.9482598050870337
2024,17,Azerbaijan Grand Prix,Baku City Circuit,hulkenberg,15,1,21.617,haas,Finished,0,0,unknown,0,0,0,0,0,0,0,0,21.617,0,1,0,0,Abnormal long stop,272,88,18.99047757195452,21.301169281406402,2.6265224280454795,0.3158307185935989
2024,17,Azerbaijan Grand Prix,Baku City Circuit,leclerc,16,1,20.671,ferrari,Finished,0,0,unknown,0,0,0,0,0,0,0,0,21.617,0,1,0,0,Abnormal long stop,259,88,17.62006318913878,20.08001627195592,3.05093681086122,0.5909837280440797
2024,17,Azerbaijan Grand Prix,Baku City Circuit,maxverstappen,12,1,21.145,red_bull,Finished,0,0,unknown,0,0,0,0,0,0,0,0,21.617,0,1,0,0,Abnormal long stop,292,88,17.54293291083217,19.78158969151606,3.6020670891678286,1.3634103084839388
2024,17,Azerbaijan Grand Prix,Baku City Circuit,maxverstappen,49,2,20.725,red_bull,Finished,0,0,unknown,0,0,0,0,0,0,0,0,21.617,0,1,0,0,Abnormal long stop,292,88,17.54293291083217,20.012180913121444,3.1820670891678304,0.7128190868785573
2024,17,Azerbaijan Grand Prix,Baku City Circuit,norris,37,1,19.712,mclaren,Finished,0,0,unknown,0,0,0,0,0,0,0,0,21.617,0,1,0,0,Abnormal long stop,270,88,17.593658568548378,20.29408922944858,2.118341431451622,-0.5820892294485809
2024,17,Azerbaijan Grand Prix,Baku City Circuit,ocon,49,1,20.634,alpine,Lapped,0,0,unknown,0,0,0,0,0,0,0,0,21.617,0,1,0,0,Abnormal long stop,249,88,17.812415605336966,20.697185604100888,2.8215843946630343,-0.06318560410088736
2024,17,Azerbaijan Grand Prix,Baku City Circuit,perez,13,1,20.63,red_bull,Retired,1,0,unknown,0,0,0,0,0,0,0,0,21.617,0,1,0,0,Possible damage/crash race,292,88,17.54293291083217,21.247641374183157,3.087067089167828,-0.6176413741831581
2024,17,Azerbaijan Grand Prix,Baku City Circuit,piastri,15,1,20.181,mclaren,Finished,0,0,unknown,0,0,0,0,0,0,0,0,21.617,0,1,0,0,Abnormal long stop,270,88,17.593658568548378,20.247099711487834,2.587341431451623,-0.06609971148783345
2024,17,Azerbaijan Grand Prix,Baku City Circuit,ricciardo,49,1,21.984,rb,Finished,0,0,unknown,0,0,0,0,0,0,0,0,21.617,0,1,0,0,Abnormal long stop,70,88,19.489680333036173,21.463311997531182,2.494319666963829,0.5206880024688196
2024,17,Azerbaijan Grand Prix,Baku City Circuit,russell,12,1,19.954,mercedes,Finished,0,0,unknown,0,0,0,0,0,0,0,0,21.617,0,1,0,0,Abnormal long stop,278,88,17.99109826151794,20.340740194912968,1.96290173848206,-0.3867401949129672
2024,17,Azerbaijan Grand Prix,Baku City Circuit,sainz,17,1,21.483,ferrari,Retired,1,0,unknown,0,0,0,0,0,0,0,0,21.617,0,1,0,0,Possible damage/crash race,259,88,17.62006318913878,21.54606795462302,3.862936810861221,-0.06306795462301906
2024,17,Azerbaijan Grand Prix,Baku City Circuit,stroll,22,2,20.214,aston_martin,Retired,1,0,unknown,0,0,0,0,0,0,0,0,21.617,0,1,0,0,Possible damage/crash race,271,88,17.807958979157625,22.0481450667829,2.4060410208423733,-1.8341450667829022
2024,17,Azerbaijan Grand Prix,Baku City Circuit,tsunoda,12,1,20.922,rb,Retired,1,0,unknown,0,0,0,0,0,0,0,0,21.617,0,1,0,0,Possible damage/crash race,70,88,19.489680333036173,22.84819996735699,1.4323196669638278,-1.9261999673569896
2024,17,Azerbaijan Grand Prix,Baku City Circuit,zhou,34,1,20.52,sauber,Finished,0,0,unknown,0,0,0,0,0,0,0,0,21.617,0,1,0,0,Abnormal long stop,74,88,21.77161911621439,23.567275969132165,-1.251619116214389,-3.0472759691321656
2024,18,Singapore Grand Prix,Marina Bay Street Circuit,albon,11,1,29.126,williams,Retired,1,0,unknown,0,0,0,0,0,0,0,0,31.2042,0,1,0,0,Possible damage/crash race,271,69,32.187927899168514,33.03003803702081,-3.061927899168513,-3.9040380370208076
2024,18,Singapore Grand Prix,Marina Bay Street Circuit,alonso,25,1,29.251,aston_martin,Lapped,0,0,unknown,0,0,0,0,0,0,0,0,31.2042,0,1,0,0,Abnormal long stop,271,69,31.153959038303267,31.375615090367297,-1.9029590383032655,-2.1246150903672962
2024,18,Singapore Grand Prix,Marina Bay Street Circuit,bottas,33,1,30.423,sauber,Lapped,0,0,unknown,0,0,0,0,0,0,0,0,31.2042,0,1,0,0,Abnormal long stop,74,69,35.117619175360026,34.501681635427616,-4.694619175360028,-4.078681635427618
2024,18,Singapore Grand Prix,Marina Bay Street Circuit,colapinto,29,1,29.772,williams,Lapped,0,0,unknown,0,0,0,0,0,0,0,0,31.2042,0,1,0,0,Abnormal long stop,271,69,32.187927899168514,31.60456821077436,-2.4159278991685156,-1.8325682107743617
2024,18,Singapore Grand Prix,Marina Bay Street Circuit,gasly,37,1,31.509,alpine,Lapped,0,0,unknown,0,0,0,0,0,0,0,0,31.2042,0,1,0,0,Abnormal long stop,249,69,31.15841566448261,31.60809651141597,0.35058433551738943,-0.09909651141596854
2024,18,Singapore Grand Prix,Marina Bay Street Circuit,hamilton,17,1,29.272,mercedes,Finished,0,0,unknown,0,0,0,0,0,0,0,0,31.2042,0,1,0,0,Abnormal long stop,278,69,31.337098320663586,31.287961184288626,-2.065098320663587,-2.015961184288628
2024,18,Singapore Grand Prix,Marina Bay Street Circuit,hulkenberg,29,1,29.808,haas,Lapped,0,0,unknown,0,0,0,0,0,0,0,0,31.2042,0,1,0,0,Abnormal long stop,272,69,32.336477631100166,32.26761325540237,-2.5284776311001664,-2.459613255402367
2024,18,Singapore Grand Prix,Marina Bay Street Circuit,kevinmagnussen,28,1,29.707,haas,Retired,1,0,unknown,0,0,0,0,0,0,0,0,31.2042,0,1,0,0,Possible damage/crash race,272,69,32.336477631100166,33.72939316370939,-2.6294776311001655,-4.022393163709388
2024,18,Singapore Grand Prix,Marina Bay Street Circuit,kevinmagnussen,49,2,31.291,haas,Retired,1,0,unknown,0,0,0,0,0,0,0,0,31.2042,0,1,0,0,Possible damage/crash race,272,69,32.336477631100166,33.925810190434234,-1.045477631100166,-2.6348101904342336
2024,18,Singapore Grand Prix,Marina Bay Street Circuit,leclerc,36,1,29.042,ferrari,Finished,0,0,unknown,0,0,0,0,0,0,0,0,31.2042,0,1,0,0,Abnormal long stop,259,69,30.96606324828442,31.05927556903209,-1.924063248284419,-2.017275569032087
2024,18,Singapore Grand Prix,Marina Bay Street Circuit,maxverstappen,29,1,29.655,red_bull,Finished,0,0,unknown,0,0,0,0,0,0,0,0,31.2042,0,1,0,0,Abnormal long stop,292,69,30.888932969977812,30.754441327052128,-1.2339329699778112,-1.0994413270521264
2024,18,Singapore Grand Prix,Marina Bay Street Circuit,norris,30,1,29.091,mclaren,Finished,0,0,unknown,0,0,0,0,0,0,0,0,31.2042,0,1,0,0,Abnormal long stop,270,69,30.93965862769402,31.21567957266383,-1.848658627694018,-2.1246795726638297
2024,18,Singapore Grand Prix,Marina Bay Street Circuit,ocon,29,1,29.601,alpine,Lapped,0,0,unknown,0,0,0,0,0,0,0,0,31.2042,0,1,0,0,Abnormal long stop,249,69,31.15841566448261,31.591009413975694,-1.5574156644826118,-1.9900094139756952
2024,18,Singapore Grand Prix,Marina Bay Street Circuit,perez,28,1,28.99,red_bull,Lapped,0,0,unknown,0,0,0,0,0,0,0,0,31.2042,0,1,0,0,Abnormal long stop,292,69,30.888932969977812,30.752305439872092,-1.898932969977814,-1.7623054398720939
2024,18,Singapore Grand Prix,Marina Bay Street Circuit,piastri,38,1,29.152,mclaren,Finished,0,0,unknown,0,0,0,0,0,0,0,0,31.2042,0,1,0,0,Abnormal long stop,270,69,30.93965862769402,31.232766670104102,-1.787658627694018,-2.0807666701041008
2024,18,Singapore Grand Prix,Marina Bay Street Circuit,ricciardo,10,1,30.316,rb,Lapped,0,0,unknown,0,0,0,0,0,0,0,0,31.2042,0,1,0,0,Abnormal long stop,70,69,32.835680392181814,32.31655395098535,-2.519680392181815,-2.0005539509853527
2024,18,Singapore Grand Prix,Marina Bay Street Circuit,ricciardo,46,2,29.066,rb,Lapped,0,0,unknown,0,0,0,0,0,0,0,0,31.2042,0,1,0,0,Abnormal long stop,70,69,32.835680392181814,32.5450092854107,-3.769680392181815,-3.479009285410701
2024,18,Singapore Grand Prix,Marina Bay Street Circuit,ricciardo,58,3,29.653,rb,Lapped,0,0,unknown,0,0,0,0,0,0,0,0,31.2042,0,1,0,0,Abnormal long stop,70,69,32.835680392181814,33.052364813821406,-3.1826803921818154,-3.399364813821407
2024,18,Singapore Grand Prix,Marina Bay Street Circuit,russell,27,1,28.739,mercedes,Finished,0,0,unknown,0,0,0,0,0,0,0,0,31.2042,0,1,0,0,Abnormal long stop,278,69,31.337098320663586,31.309320056088964,-2.598098320663585,-2.5703200560889634
2024,18,Singapore Grand Prix,Marina Bay Street Circuit,sainz,13,1,29.385,ferrari,Finished,0,0,unknown,0,0,0,0,0,0,0,0,31.2042,0,1,0,0,Abnormal long stop,259,69,30.96606324828442,31.010150163891307,-1.5810632482844191,-1.6251501638913055
2024,18,Singapore Grand Prix,Marina Bay Street Circuit,stroll,26,1,29.816,aston_martin,Lapped,0,0,unknown,0,0,0,0,0,0,0,0,31.2042,0,1,0,0,Abnormal long stop,271,69,31.153959038303267,31.377750977547336,-1.3379590383032678,-1.5617509775473373
2024,18,Singapore Grand Prix,Marina Bay Street Circuit,tsunoda,33,1,29.662,rb,Lapped,0,0,unknown,0,0,0,0,0,0,0,0,31.2042,0,1,0,0,Abnormal long stop,70,69,32.835680392181814,32.36567935612613,-3.173680392181815,-2.7036793561261305
2024,18,Singapore Grand Prix,Marina Bay Street Circuit,zhou,34,1,29.36,sauber,Lapped,0,0,unknown,0,0,0,0,0,0,0,0,31.2042,0,1,0,0,Abnormal long stop,74,69,35.117619175360026,34.503817522607655,-5.757619175360027,-5.143817522607655
2024,19,United States Grand Prix,Circuit of the Americas,albon,3,1,34.983,williams,Lapped,0,0,unknown,0,0,0,0,0,0,0,0,29.2171,0,1,0,0,Abnormal long stop,271,135,25.848934425862964,24.820003717773304,9.134065574137033,10.162996282226693
2024,19,United States Grand Prix,Circuit of the Americas,albon,33,2,24.391,williams,Lapped,0,0,unknown,0,0,0,0,0,0,0,0,29.2171,0,1,0,0,Abnormal long stop,271,135,25.848934425862964,25.035643729118448,-1.457934425862966,-0.6446437291184495
2024,19,United States Grand Prix,Circuit of the Americas,alonso,26,1,24.247,aston_martin,Lapped,0,0,unknown,0,0,0,0,0,0,0,0,29.2171,0,1,0,0,Abnormal long stop,271,135,24.814965564997717,24.64871955122716,-0.5679655649977171,-0.40171955122715985
2024,19,United States Grand Prix,Circuit of the Americas,bottas,15,1,24.439,sauber,Lapped,0,0,unknown,0,0,0,0,0,0,0,0,29.2171,0,1,0,0,Abnormal long stop,74,135,28.77862570205448,27.734204239866834,-4.33962570205448,-3.295204239866834
2024,19,United States Grand Prix,Circuit of the Americas,colapinto,39,1,23.971,williams,Finished,0,0,unknown,0,0,0,0,0,0,0,0,29.2171,0,1,0,0,Abnormal long stop,271,135,25.848934425862964,24.89689565625452,-1.8779344258629642,-0.9258956562545215
2024,19,United States Grand Prix,Circuit of the Americas,gasly,18,1,28.228,alpine,Finished,0,0,unknown,0,0,0,0,0,0,0,0,29.2171,0,1,0,0,Abnormal long stop,249,135,24.81942219117706,24.838483228675145,3.4085778088229404,3.389516771324857
2024,19,United States Grand Prix,Circuit of the Americas,hulkenberg,27,1,24.5,haas,Finished,0,0,unknown,0,0,0,0,0,0,0,0,29.2171,0,1,0,0,Abnormal long stop,272,135,25.997484157794613,25.53431005472212,-1.497484157794613,-1.0343100547221198
2024,19,United States Grand Prix,Circuit of the Americas,kevinmagnussen,17,1,23.966,haas,Finished,0,0,unknown,0,0,0,0,0,0,0,0,29.2171,0,1,0,0,Abnormal long stop,272,135,25.997484157794613,25.512951182921782,-2.031484157794612,-1.5469511829217808
2024,19,United States Grand Prix,Circuit of the Americas,kevinmagnussen,38,2,24.087,haas,Finished,0,0,unknown,0,0,0,0,0,0,0,0,29.2171,0,1,0,0,Abnormal long stop,272,135,25.997484157794613,25.70936820964662,-1.9104841577946132,-1.6223682096466199
2024,19,United States Grand Prix,Circuit of the Americas,lawson,36,1,23.839,rb,Finished,0,0,unknown,0,0,0,0,0,0,0,0,29.2171,0,1,0,0,Abnormal long stop,70,135,26.496686918876268,25.643055591346055,-2.6576869188762693,-1.8040555913460565
2024,19,United States Grand Prix,Circuit of the Americas,leclerc,26,1,23.817,ferrari,Finished,0,0,unknown,0,0,0,0,0,0,0,0,29.2171,0,1,0,0,Abnormal long stop,259,135,24.62706977497887,24.308885270911574,-0.8100697749788708,-0.49188527091157397
2024,19,United States Grand Prix,Circuit of the Americas,maxverstappen,25,1,24.228,red_bull,Finished,0,0,unknown,0,0,0,0,0,0,0,0,29.2171,0,1,0,0,Abnormal long stop,292,135,24.549939496672263,24.016866352011817,-0.32193949667226107,0.21113364798818424
2024,19,United States Grand Prix,Circuit of the Americas,norris,31,1,23.731,mclaren,Finished,0,0,unknown,0,0,0,0,0,0,0,0,29.2171,0,1,0,0,Abnormal long stop,270,135,24.60066515438847,24.488784033523693,-0.8696651543884677,-0.7577840335236914
2024,19,United States Grand Prix,Circuit of the Americas,ocon,31,1,24.156,alpine,Lapped,0,0,unknown,0,0,0,0,0,0,0,0,29.2171,0,1,0,0,Abnormal long stop,249,135,24.81942219117706,24.866249762015592,-0.6634221911770624,-0.710249762015593
2024,19,United States Grand Prix,Circuit of the Americas,ocon,51,2,26.175,alpine,Lapped,0,0,unknown,0,0,0,0,0,0,0,0,29.2171,0,1,0,0,Abnormal long stop,249,135,24.81942219117706,25.060530901560398,1.3555778088229395,1.1144690984396028
2024,19,United States Grand Prix,Circuit of the Americas,perez,26,1,23.58,red_bull,Finished,0,0,unknown,0,0,0,0,0,0,0,0,29.2171,0,1,0,0,Abnormal long stop,292,135,24.549939496672263,24.01900223919185,-0.9699394966722643,-0.43900223919185066
2024,19,United States Grand Prix,Circuit of the Americas,piastri,32,1,24.107,mclaren,Finished,0,0,unknown,0,0,0,0,0,0,0,0,29.2171,0,1,0,0,Abnormal long stop,270,135,24.60066515438847,24.490919920703725,-0.49366515438847003,-0.3839199207037254
2024,19,United States Grand Prix,Circuit of the Americas,russell,40,1,29.327,mercedes,Finished,0,0,unknown,0,0,0,0,0,0,0,0,29.2171,0,1,0,0,Abnormal long stop,278,135,24.998104847358036,24.60805516310923,4.328895152641966,4.7189448368907705
2024,19,United States Grand Prix,Circuit of the Americas,sainz,21,1,23.963,ferrari,Finished,0,0,unknown,0,0,0,0,0,0,0,0,29.2171,0,1,0,0,Abnormal long stop,259,135,24.62706977497887,24.2982058350114,-0.66406977497887,-0.33520583501140067
2024,19,United States Grand Prix,Circuit of the Americas,stroll,27,1,26.399,aston_martin,Lapped,0,0,unknown,0,0,0,0,0,0,0,0,29.2171,0,1,0,0,Abnormal long stop,271,135,24.814965564997717,24.65085543840719,1.584034435002284,1.7481445615928095
2024,19,United States Grand Prix,Circuit of the Americas,tsunoda,18,1,24.193,rb,Lapped,0,0,unknown,0,0,0,0,0,0,0,0,29.2171,0,1,0,0,Abnormal long stop,70,135,26.496686918876268,25.604609622105443,-2.3036869188762665,-1.4116096221054413
2024,19,United States Grand Prix,Circuit of the Americas,zhou,13,1,24.433,sauber,Lapped,0,0,unknown,0,0,0,0,0,0,0,0,29.2171,0,1,0,0,Abnormal long stop,74,135,28.77862570205448,27.72993246550677,-4.34562570205448,-3.296932465506771
2024,19,United States Grand Prix,Circuit of the Americas,zhou,35,2,24.89,sauber,Lapped,0,0,unknown,0,0,0,0,0,0,0,0,29.2171,0,1,0,0,Abnormal long stop,74,135,28.77862570205448,27.928485379411644,-3.8886257020544797,-3.038485379411643
2024,20,Mexico City Grand Prix,Autódromo Hermanos Rodríguez,bottas,49,1,22.505,sauber,Lapped,0,0,unknown,0,0,0,0,0,0,0,0,30.299,0,1,0,0,Abnormal long stop,74,85,22.659390347846127,26.363389793140797,-0.15439034784612815,-3.858389793140798
2024,20,Mexico City Grand Prix,Autódromo Hermanos Rodríguez,colapinto,47,1,23.895,williams,Lapped,0,0,unknown,0,0,0,0,0,0,0,0,30.299,0,1,0,0,Abnormal long stop,271,85,19.72969907165461,23.4705481428476,4.165300928345388,0.4244518571523983
2024,20,Mexico City Grand Prix,Autódromo Hermanos Rodríguez,gasly,28,1,23.204,alpine,Lapped,0,0,unknown,0,0,0,0,0,0,0,0,30.299,0,1,0,0,Abnormal long stop,249,85,18.700186836968708,23.416407489628295,4.5038131630312925,-0.21240748962829414
2024,20,Mexico City Grand Prix,Autódromo Hermanos Rodríguez,hamilton,28,1,22.538,mercedes,Finished,0,0,unknown,0,0,0,0,0,0,0,0,30.299,0,1,0,0,Abnormal long stop,278,85,18.878869493149683,23.138989906101628,3.6591305068503175,-0.6009899061016277
2024,20,Mexico City Grand Prix,Autódromo Hermanos Rodríguez,hulkenberg,29,1,23.077,haas,Lapped,0,0,unknown,0,0,0,0,0,0,0,0,30.299,0,1,0,0,Abnormal long stop,272,85,19.87824880358626,24.095147218235,3.198751196413742,-1.018147218234997
2024,20,Mexico City Grand Prix,Autódromo Hermanos Rodríguez,kevinmagnussen,30,1,23.332,haas,Finished,0,0,unknown,0,0,0,0,0,0,0,0,30.299,0,1,0,0,Abnormal long stop,272,85,19.87824880358626,24.09728310541503,3.453751196413741,-0.7652831054150298
2024,20,Mexico City Grand Prix,Autódromo Hermanos Rodríguez,lawson,39,1,22.586,rb,Lapped,0,0,unknown,0,0,0,0,0,0,0,0,30.299,0,1,0,0,Abnormal long stop,70,85,20.377451564667915,24.206028642038962,2.2085484353320837,-1.6200286420389638
2024,20,Mexico City Grand Prix,Autódromo Hermanos Rodríguez,lawson,65,2,30.299,rb,Lapped,0,0,unknown,0,0,0,0,0,0,0,0,30.299,0,1,0,0,Abnormal long stop,70,85,20.377451564667915,24.413125104663973,9.921548435332085,5.885874895336027
2024,20,Mexico City Grand Prix,Autódromo Hermanos Rodríguez,leclerc,31,1,22.86,ferrari,Finished,0,0,unknown,0,0,0,0,0,0,0,0,30.299,0,1,0,0,Abnormal long stop,259,85,18.507834420770518,22.87613009596455,4.3521655792294816,-0.016130095964552282
2024,20,Mexico City Grand Prix,Autódromo Hermanos Rodríguez,leclerc,69,2,22.69,ferrari,Finished,0,0,unknown,0,0,0,0,0,0,0,0,30.299,0,1,0,0,Abnormal long stop,259,85,18.507834420770518,23.108857204749967,4.182165579229483,-0.41885720474996546
2024,20,Mexico City Grand Prix,Autódromo Hermanos Rodríguez,maxverstappen,26,1,43.73,red_bull,Finished,0,0,unknown,0,0,0,0,0,0,0,0,30.299,0,1,0,0,Abnormal long stop,292,85,18.43070414246391,22.575567628344658,25.299295857536087,21.15443237165534
2024,20,Mexico City Grand Prix,Autódromo Hermanos Rodríguez,norris,30,1,22.111,mclaren,Finished,0,0,unknown,0,0,0,0,0,0,0,0,30.299,0,1,0,0,Abnormal long stop,270,85,18.481429800180116,23.043213535496463,3.6295701998198844,-0.9322135354964622
2024,20,Mexico City Grand Prix,Autódromo Hermanos Rodríguez,ocon,48,1,23.245,alpine,Lapped,0,0,unknown,0,0,0,0,0,0,0,0,30.299,0,1,0,0,Abnormal long stop,249,85,18.700186836968708,23.459125233228974,4.544813163031293,-0.21412523322897314
2024,20,Mexico City Grand Prix,Autódromo Hermanos Rodríguez,perez,20,1,27.73,red_bull,Lapped,0,0,unknown,0,0,0,0,0,0,0,0,30.299,0,1,0,0,Abnormal long stop,292,85,18.43070414246391,22.562752305264453,9.299295857536091,5.167247694735547
2024,20,Mexico City Grand Prix,Autódromo Hermanos Rodríguez,perez,43,2,22.174,red_bull,Lapped,0,0,unknown,0,0,0,0,0,0,0,0,30.299,0,1,0,0,Abnormal long stop,292,85,18.43070414246391,22.76344110634936,3.74329585753609,-0.5894411063493621
2024,20,Mexico City Grand Prix,Autódromo Hermanos Rodríguez,perez,68,3,21.92,red_bull,Lapped,0,0,unknown,0,0,0,0,0,0,0,0,30.299,0,1,0,0,Abnormal long stop,292,85,18.43070414246391,23.29856316810051,3.489295857536092,-1.3785631681005093
2024,20,Mexico City Grand Prix,Autódromo Hermanos Rodríguez,piastri,39,1,21.825,mclaren,Finished,0,0,unknown,0,0,0,0,0,0,0,0,30.299,0,1,0,0,Abnormal long stop,270,85,18.481429800180116,23.06243652011677,3.343570199819883,-1.2374365201167699
2024,20,Mexico City Grand Prix,Autódromo Hermanos Rodríguez,russell,31,1,22.462,mercedes,Finished,0,0,unknown,0,0,0,0,0,0,0,0,30.299,0,1,0,0,Abnormal long stop,278,85,18.878869493149683,23.14539756764173,3.583130506850317,-0.6833975676417303
2024,20,Mexico City Grand Prix,Autódromo Hermanos Rodríguez,sainz,32,1,22.249,ferrari,Finished,0,0,unknown,0,0,0,0,0,0,0,0,30.299,0,1,0,0,Abnormal long stop,259,85,18.507834420770518,22.878265983144583,3.741165579229481,-0.6292659831445846
2024,20,Mexico City Grand Prix,Autódromo Hermanos Rodríguez,stroll,26,1,22.592,aston_martin,Lapped,0,0,unknown,0,0,0,0,0,0,0,0,30.299,0,1,0,0,Abnormal long stop,271,85,18.695730210789364,23.20528494037997,3.896269789210635,-0.6132849403799696
2024,20,Mexico City Grand Prix,Autódromo Hermanos Rodríguez,zhou,43,1,22.935,sauber,Lapped,0,0,unknown,0,0,0,0,0,0,0,0,30.299,0,1,0,0,Abnormal long stop,74,85,22.659390347846127,26.350574470060593,0.27560965215387156,-3.4155744700605943
2024,21,São Paulo Grand Prix,Autódromo José Carlos Pace,alonso,32,2,1.4228720000000001,aston_martin,Finished,0,0,unknown,0,0,0,0,0,0,0,0,1.4253369999999999,1,0,0,0,Suspiciously short stop,271,153,17.97241601295051,-1.6629111027615415,-16.54954401295051,3.0857831027615417
2024,21,São Paulo Grand Prix,Autódromo José Carlos Pace,bearman,32,2,1.4247370000000001,haas,Finished,0,0,unknown,0,0,0,0,0,0,0,0,1.4253369999999999,1,0,0,0,Suspiciously short stop,272,153,19.154934605747407,-0.7794564864466131,-17.730197605747406,2.2041934864466133
2024,21,São Paulo Grand Prix,Autódromo José Carlos Pace,bottas,32,1,1.422094,sauber,Finished,0,0,unknown,0,0,0,0,0,0,0,0,1.4253369999999999,1,0,0,0,Suspiciously short stop,74,153,21.936076150007274,1.2945049489143803,-20.513982150007273,0.1275890510856197
2024,21,São Paulo Grand Prix,Autódromo José Carlos Pace,gasly,32,1,1.407586,alpine,Finished,0,0,unknown,0,0,0,0,0,0,0,0,1.4253369999999999,1,0,0,0,Suspiciously short stop,249,153,17.976872639129855,-1.6076237238174085,-16.569286639129857,3.0152097238174083
2024,21,São Paulo Grand Prix,Autódromo José Carlos Pace,hamilton,32,2,1.425703,mercedes,Finished,0,0,unknown,0,0,0,0,0,0,0,0,1.4253369999999999,1,1,0,0,Abnormal long stop,278,153,18.15555529531083,14.882743661995608,-16.72985229531083,-13.457040661995608
2024,21,São Paulo Grand Prix,Autódromo José Carlos Pace,lawson,32,2,1.422722,rb,Finished,0,0,unknown,0,0,0,0,0,0,0,0,1.4253369999999999,1,0,0,0,Suspiciously short stop,70,153,19.65413736682906,-0.6899339344429843,-18.23141536682906,2.1126559344429845
2024,21,São Paulo Grand Prix,Autódromo José Carlos Pace,leclerc,32,2,1.42026,ferrari,Finished,0,0,unknown,0,0,0,0,0,0,0,0,1.4253369999999999,1,0,0,0,Suspiciously short stop,259,153,17.784520222931665,-2.002745383077127,-16.364260222931666,3.423005383077127
2024,21,São Paulo Grand Prix,Autódromo José Carlos Pace,maxverstappen,32,1,1.4093030000000002,red_bull,Finished,0,0,unknown,0,0,0,0,0,0,0,0,1.4253369999999999,1,0,0,0,Suspiciously short stop,292,153,17.707389944625056,-2.4441918107409784,-16.298086944625055,3.8534948107409788
2024,21,São Paulo Grand Prix,Autódromo José Carlos Pace,norris,32,2,1.4153630000000001,mclaren,Finished,0,0,unknown,0,0,0,0,0,0,0,0,1.4253369999999999,1,0,0,0,Suspiciously short stop,270,153,17.758115602341263,-1.8335260563651796,-16.342752602341264,3.2488890563651798
2024,21,São Paulo Grand Prix,Autódromo José Carlos Pace,ocon,32,1,1.408695,alpine,Finished,0,0,unknown,0,0,0,0,0,0,0,0,1.4253369999999999,1,0,0,0,Suspiciously short stop,249,153,17.976872639129855,-1.6076237238174085,-16.568177639129853,3.0163187238174087
2024,21,São Paulo Grand Prix,Autódromo José Carlos Pace,perez,32,2,1.425215,red_bull,Finished,0,0,unknown,0,0,0,0,0,0,0,0,1.4253369999999999,1,0,0,0,Suspiciously short stop,292,153,17.707389944625056,-2.2926284147968508,-16.282174944625055,3.7178434147968504
2024,21,São Paulo Grand Prix,Autódromo José Carlos Pace,piastri,32,2,1.42027,mclaren,Finished,0,0,unknown,0,0,0,0,0,0,0,0,1.4253369999999999,1,0,0,0,Suspiciously short stop,270,153,17.758115602341263,-1.8335260563651796,-16.337845602341265,3.2537960563651795
2024,21,São Paulo Grand Prix,Autódromo José Carlos Pace,russell,32,2,1.415838,mercedes,Finished,0,0,unknown,0,0,0,0,0,0,0,0,1.4253369999999999,1,0,0,0,Suspiciously short stop,278,153,18.15555529531083,-1.7334779113999461,-16.73971729531083,3.1493159113999463
2024,21,São Paulo Grand Prix,Autódromo José Carlos Pace,sainz,32,2,1.4246590000000001,ferrari,Retired,1,0,unknown,0,0,0,0,0,0,0,0,1.4253369999999999,1,0,0,0,Possible damage/crash race,259,153,17.784520222931665,-0.5388295875900639,-16.359861222931663,1.963488587590064
2024,21,São Paulo Grand Prix,Autódromo José Carlos Pace,tsunoda,32,2,1.41903,rb,Finished,0,0,unknown,0,0,0,0,0,0,0,0,1.4253369999999999,1,0,0,0,Suspiciously short stop,70,153,19.65413736682906,-0.6899339344429843,-18.235107366829062,2.1089639344429845
2024,21,São Paulo Grand Prix,Autódromo José Carlos Pace,zhou,31,3,1.283154,sauber,Finished,0,0,unknown,0,0,0,0,0,0,0,0,1.4253369999999999,1,0,0,0,Suspiciously short stop,74,153,21.936076150007274,1.9256573399287742,-20.652922150007274,-0.6425033399287743
2024,22,Las Vegas Grand Prix,Las Vegas Strip Street Circuit,albon,9,1,22.012,williams,Retired,1,0,unknown,0,0,0,0,0,0,0,0,23.437200000000008,0,1,0,0,Possible damage/crash race,271,67,22.553370498730153,23.19117617548051,-0.5413704987301529,-1.1791761754805101
2024,22,Las Vegas Grand Prix,Las Vegas Strip Street Circuit,alonso,4,1,21.407,aston_martin,Finished,0,0,unknown,0,0,0,0,0,0,0,0,23.437200000000008,0,1,0,0,Abnormal long stop,271,67,21.519401637864906,21.496171372406355,-0.11240163786490598,-0.08917137240635498
2024,22,Las Vegas Grand Prix,Las Vegas Strip Street Circuit,alonso,24,2,21.407,aston_martin,Finished,0,0,unknown,0,0,0,0,0,0,0,0,23.437200000000008,0,1,0,0,Abnormal long stop,271,67,21.519401637864906,21.690452511951158,-0.11240163786490598,-0.2834525119511575
2024,22,Las Vegas Grand Prix,Las Vegas Strip Street Circuit,bottas,17,1,21.623,sauber,Lapped,0,0,unknown,0,0,0,0,0,0,0,0,23.437200000000008,0,1,0,0,Abnormal long stop,74,67,25.48306177492167,24.632917353366842,-3.860061774921668,-3.0099173533668413
2024,22,Las Vegas Grand Prix,Las Vegas Strip Street Circuit,bottas,35,2,22.821,sauber,Lapped,0,0,unknown,0,0,0,0,0,0,0,0,23.437200000000008,0,1,0,0,Abnormal long stop,74,67,25.48306177492167,24.822926718551585,-2.6620617749216677,-2.0019267185515837
2024,22,Las Vegas Grand Prix,Las Vegas Strip Street Circuit,colapinto,16,1,21.17,williams,Finished,0,0,unknown,0,0,0,0,0,0,0,0,23.437200000000008,0,1,0,0,Abnormal long stop,271,67,22.553370498730153,21.742211590253685,-1.3833704987301516,-0.5722115902536835
2024,22,Las Vegas Grand Prix,Las Vegas Strip Street Circuit,colapinto,26,2,21.221,williams,Finished,0,0,unknown,0,0,0,0,0,0,0,0,23.437200000000008,0,1,0,0,Abnormal long stop,271,67,22.553370498730153,21.915133857998153,-1.3323704987301532,-0.6941338579981533
2024,22,Las Vegas Grand Prix,Las Vegas Strip Street Circuit,gasly,10,1,22.179,alpine,Retired,1,0,unknown,0,0,0,0,0,0,0,0,23.437200000000008,0,1,0,0,Possible damage/crash race,249,67,21.52385826404425,23.179753265861883,0.6551417359557483,-1.000753265861885
2024,22,Las Vegas Grand Prix,Las Vegas Strip Street Circuit,hamilton,13,1,21.067,mercedes,Finished,0,0,unknown,0,0,0,0,0,0,0,0,23.437200000000008,0,1,0,0,Abnormal long stop,278,67,21.702540920225225,21.444827548388254,-0.6355409202252247,-0.37782754838825383
2024,22,Las Vegas Grand Prix,Las Vegas Strip Street Circuit,hamilton,27,2,21.355,mercedes,Finished,0,0,unknown,0,0,0,0,0,0,0,0,23.437200000000008,0,1,0,0,Abnormal long stop,278,67,21.702540920225225,21.626293364852856,-0.3475409202252244,-0.2712933648528555
2024,22,Las Vegas Grand Prix,Las Vegas Strip Street Circuit,hulkenberg,14,1,21.511,haas,Finished,0,0,unknown,0,0,0,0,0,0,0,0,23.437200000000008,0,1,0,0,Abnormal long stop,272,67,22.701920230661802,22.40098486052162,-1.1909202306618027,-0.8899848605216221
2024,22,Las Vegas Grand Prix,Las Vegas Strip Street Circuit,hulkenberg,33,2,21.702,haas,Finished,0,0,unknown,0,0,0,0,0,0,0,0,23.437200000000008,0,1,0,0,Abnormal long stop,272,67,22.701920230661802,22.593130112886392,-0.9999202306618002,-0.8911301128863904
2024,22,Las Vegas Grand Prix,Las Vegas Strip Street Circuit,kevinmagnussen,17,1,21.963,haas,Finished,0,0,unknown,0,0,0,0,0,0,0,0,23.437200000000008,0,1,0,0,Abnormal long stop,272,67,22.701920230661802,22.407392522061723,-0.738920230661801,-0.4443925220617224
2024,22,Las Vegas Grand Prix,Las Vegas Strip Street Circuit,lawson,11,1,21.049,rb,Finished,0,0,unknown,0,0,0,0,0,0,0,0,23.437200000000008,0,1,0,0,Abnormal long stop,70,67,23.201122991743457,22.484099750985145,-2.1521229917434574,-1.4350997509851453
2024,22,Las Vegas Grand Prix,Las Vegas Strip Street Circuit,lawson,38,2,20.642,rb,Finished,0,0,unknown,0,0,0,0,0,0,0,0,23.437200000000008,0,1,0,0,Abnormal long stop,70,67,23.201122991743457,22.693332100790194,-2.5591229917434575,-2.0513321007901943
2024,22,Las Vegas Grand Prix,Las Vegas Strip Street Circuit,leclerc,9,1,21.329,ferrari,Finished,0,0,unknown,0,0,0,0,0,0,0,0,23.437200000000008,0,1,0,0,Abnormal long stop,259,67,21.33150584784606,21.16701652799094,-0.002505847846059339,0.16198347200906227
2024,22,Las Vegas Grand Prix,Las Vegas Strip Street Circuit,leclerc,31,2,21.585,ferrari,Finished,0,0,unknown,0,0,0,0,0,0,0,0,23.437200000000008,0,1,0,0,Abnormal long stop,259,67,21.33150584784606,21.365569441895815,0.2534941521539409,0.219430558104186
2024,22,Las Vegas Grand Prix,Las Vegas Strip Street Circuit,maxverstappen,11,1,20.697,red_bull,Finished,0,0,unknown,0,0,0,0,0,0,0,0,23.437200000000008,0,1,0,0,Abnormal long stop,292,67,21.25437556953945,20.881405270631284,-0.5573755695394524,-0.18440527063128442
2024,22,Las Vegas Grand Prix,Las Vegas Strip Street Circuit,maxverstappen,27,2,22.254,red_bull,Finished,0,0,unknown,0,0,0,0,0,0,0,0,23.437200000000008,0,1,0,0,Abnormal long stop,292,67,21.25437556953945,21.067142861455952,0.9996244304605497,1.186857138544049
2024,22,Las Vegas Grand Prix,Las Vegas Strip Street Circuit,norris,9,1,21.194,mclaren,Finished,0,0,unknown,0,0,0,0,0,0,0,0,23.437200000000008,0,1,0,0,Abnormal long stop,270,67,21.30510122725566,21.336235854702885,-0.1111012272556593,-0.1422358547028857
2024,22,Las Vegas Grand Prix,Las Vegas Strip Street Circuit,norris,30,2,20.668,mclaren,Finished,0,0,unknown,0,0,0,0,0,0,0,0,23.437200000000008,0,1,0,0,Abnormal long stop,270,67,21.30510122725566,21.532652881427726,-0.6371012272556591,-0.8646528814277268
2024,22,Las Vegas Grand Prix,Las Vegas Strip Street Circuit,norris,48,3,21.059,mclaren,Finished,0,0,unknown,0,0,0,0,0,0,0,0,23.437200000000008,0,1,0,0,Abnormal long stop,270,67,21.30510122725566,22.05282373291864,-0.2461012272556573,-0.9938237329186386
2024,22,Las Vegas Grand Prix,Las Vegas Strip Street Circuit,ocon,11,1,15.79,alpine,Lapped,0,0,unknown,0,0,0,0,0,0,0,0,23.437200000000008,0,1,0,0,Abnormal long stop,249,67,21.52385826404425,21.717973357554854,-5.733858264044251,-5.927973357554855
2024,22,Las Vegas Grand Prix,Las Vegas Strip Street Circuit,ocon,12,2,21.142,alpine,Lapped,0,0,unknown,0,0,0,0,0,0,0,0,23.437200000000008,0,1,0,0,Abnormal long stop,249,67,21.52385826404425,21.871672640679016,-0.3818582640442507,-0.7296726406790164
2024,22,Las Vegas Grand Prix,Las Vegas Strip Street Circuit,ocon,45,3,21.858,alpine,Lapped,0,0,unknown,0,0,0,0,0,0,0,0,23.437200000000008,0,1,0,0,Abnormal long stop,249,67,21.52385826404425,22.423881799870436,0.33414173595575036,-0.5658817998704357
2024,22,Las Vegas Grand Prix,Las Vegas Strip Street Circuit,perez,17,1,21.294,red_bull,Finished,0,0,unknown,0,0,0,0,0,0,0,0,23.437200000000008,0,1,0,0,Abnormal long stop,292,67,21.25437556953945,20.894220593711488,0.039624430460548865,0.3997794062885127
2024,22,Las Vegas Grand Prix,Las Vegas Strip Street Circuit,perez,32,2,21.034,red_bull,Finished,0,0,unknown,0,0,0,0,0,0,0,0,23.437200000000008,0,1,0,0,Abnormal long stop,292,67,21.25437556953945,21.077822297356125,-0.2203755695394527,-0.04382229735612597
2024,22,Las Vegas Grand Prix,Las Vegas Strip Street Circuit,piastri,10,1,27.732,mclaren,Finished,0,0,unknown,0,0,0,0,0,0,0,0,23.437200000000008,0,1,0,0,Abnormal long stop,270,67,21.30510122725566,21.338371741882916,6.426898772744341,6.393628258117083
2024,22,Las Vegas Grand Prix,Las Vegas Strip Street Circuit,piastri,25,2,21.082,mclaren,Finished,0,0,unknown,0,0,0,0,0,0,0,0,23.437200000000008,0,1,0,0,Abnormal long stop,270,67,21.30510122725566,21.521973445527557,-0.22310122725565762,-0.43997344552755635
2024,22,Las Vegas Grand Prix,Las Vegas Strip Street Circuit,russell,12,1,21.072,mercedes,Finished,0,0,unknown,0,0,0,0,0,0,0,0,23.437200000000008,0,1,0,0,Abnormal long stop,278,67,21.702540920225225,21.442691661208222,-0.6305409202252257,-0.37069166120822317
2024,22,Las Vegas Grand Prix,Las Vegas Strip Street Circuit,russell,32,2,20.975,mercedes,Finished,0,0,unknown,0,0,0,0,0,0,0,0,23.437200000000008,0,1,0,0,Abnormal long stop,278,67,21.702540920225225,21.63697280075303,-0.7275409202252234,-0.661972800753027
2024,22,Las Vegas Grand Prix,Las Vegas Strip Street Circuit,sainz,10,1,21.048,ferrari,Finished,0,0,unknown,0,0,0,0,0,0,0,0,23.437200000000008,0,1,0,0,Abnormal long stop,259,67,21.33150584784606,21.16915241517097,-0.2835058478460617,-0.12115241517097175
2024,22,Las Vegas Grand Prix,Las Vegas Strip Street Circuit,sainz,28,2,20.879,ferrari,Finished,0,0,unknown,0,0,0,0,0,0,0,0,23.437200000000008,0,1,0,0,Abnormal long stop,259,67,21.33150584784606,21.359161780355713,-0.45250584784605863,-0.48016178035571144
2024,22,Las Vegas Grand Prix,Las Vegas Strip Street Circuit,stroll,9,1,34.863,aston_martin,Finished,0,0,unknown,0,0,0,0,0,0,0,0,23.437200000000008,0,1,0,0,Abnormal long stop,271,67,21.519401637864906,21.506850808306524,13.343598362135094,13.356149191693476
2024,22,Las Vegas Grand Prix,Las Vegas Strip Street Circuit,stroll,28,2,21.588,aston_martin,Finished,0,0,unknown,0,0,0,0,0,0,0,0,23.437200000000008,0,1,0,0,Abnormal long stop,271,67,21.519401637864906,21.698996060671295,0.06859836213509496,-0.11099606067129386
2024,22,Las Vegas Grand Prix,Las Vegas Strip Street Circuit,tsunoda,10,1,21.168,rb,Finished,0,0,unknown,0,0,0,0,0,0,0,0,23.437200000000008,0,1,0,0,Abnormal long stop,70,67,23.201122991743457,22.481963863805113,-2.0331229917434577,-1.3139638638051139
2024,22,Las Vegas Grand Prix,Las Vegas Strip Street Circuit,tsunoda,29,2,21.208,rb,Finished,0,0,unknown,0,0,0,0,0,0,0,0,23.437200000000008,0,1,0,0,Abnormal long stop,70,67,23.201122991743457,22.674109116169888,-1.9931229917434585,-1.4661091161698891
2024,22,Las Vegas Grand Prix,Las Vegas Strip Street Circuit,zhou,11,1,22.96,sauber,Finished,0,0,unknown,0,0,0,0,0,0,0,0,23.437200000000008,0,1,0,0,Abnormal long stop,74,67,25.48306177492167,24.62010203028664,-2.5230617749216684,-1.6601020302866374
2024,22,Las Vegas Grand Prix,Las Vegas Strip Street Circuit,zhou,34,2,21.761,sauber,Finished,0,0,unknown,0,0,0,0,0,0,0,0,23.437200000000008,0,1,0,0,Abnormal long stop,74,67,25.48306177492167,24.82079083137155,-3.72206177492167,-3.0597908313715507
2024,23,Qatar Grand Prix,Losail International Circuit,albon,35,1,29.179,williams,Lapped,0,0,unknown,0,0,0,0,0,0,0,0,38.18079999999999,0,1,0,0,Abnormal long stop,271,141,29.231430953309335,28.186950454136035,-0.05243095330933656,0.9920495458639635
2024,23,Qatar Grand Prix,Losail International Circuit,albon,36,2,22.71,williams,Lapped,0,0,unknown,0,0,0,0,0,0,0,0,38.18079999999999,0,1,0,0,Abnormal long stop,271,141,29.231430953309335,28.340649737260197,-6.521430953309334,-5.630649737260196
2024,23,Qatar Grand Prix,Losail International Circuit,albon,37,3,36.548,williams,Lapped,0,0,unknown,0,0,0,0,0,0,0,0,38.18079999999999,0,1,0,0,Abnormal long stop,271,141,29.231430953309335,28.82451050669053,7.316569046690667,7.723489493309472
2024,23,Qatar Grand Prix,Losail International Circuit,albon,55,4,39.687,williams,Lapped,0,0,unknown,0,0,0,0,0,0,0,0,38.18079999999999,0,1,0,0,Abnormal long stop,271,141,29.231430953309335,30.347617485882985,10.455569046690663,9.339382514117013
2024,23,Qatar Grand Prix,Losail International Circuit,alonso,35,1,28.628,aston_martin,Finished,0,0,unknown,0,0,0,0,0,0,0,0,38.18079999999999,0,1,0,0,Abnormal long stop,271,141,28.197462092444084,27.966540882449113,0.4305379075559159,0.661459117550887
2024,23,Qatar Grand Prix,Losail International Circuit,alonso,36,2,28.592,aston_martin,Finished,0,0,unknown,0,0,0,0,0,0,0,0,38.18079999999999,0,1,0,0,Abnormal long stop,271,141,28.197462092444084,28.12024016557327,0.39453790755591456,0.4717598344267273
2024,23,Qatar Grand Prix,Losail International Circuit,alonso,37,3,32.811,aston_martin,Finished,0,0,unknown,0,0,0,0,0,0,0,0,38.18079999999999,0,1,0,0,Abnormal long stop,271,141,28.197462092444084,28.604100935003608,4.613537907555916,4.206899064996392
2024,23,Qatar Grand Prix,Losail International Circuit,bottas,24,1,29.034,sauber,Finished,0,0,unknown,0,0,0,0,0,0,0,0,38.18079999999999,0,1,0,0,Abnormal long stop,74,141,32.16112222950085,31.052025571088784,-3.1271222295008485,-2.018025571088785
2024,23,Qatar Grand Prix,Losail International Circuit,bottas,35,2,28.968,sauber,Finished,0,0,unknown,0,0,0,0,0,0,0,0,38.18079999999999,0,1,0,0,Abnormal long stop,74,141,32.16112222950085,31.227083726013287,-3.1931222295008475,-2.259083726013287
2024,23,Qatar Grand Prix,Losail International Circuit,bottas,36,3,28.14,sauber,Finished,0,0,unknown,0,0,0,0,0,0,0,0,38.18079999999999,0,1,0,0,Abnormal long stop,74,141,32.16112222950085,31.71094449544362,-4.021122229500847,-3.5709444954436194
2024,23,Qatar Grand Prix,Losail International Circuit,gasly,35,1,28.792,alpine,Finished,0,0,unknown,0,0,0,0,0,0,0,0,38.18079999999999,0,1,0,0,Abnormal long stop,249,141,28.20191871862343,28.17339165733737,0.5900812813765732,0.6186083426626325
2024,23,Qatar Grand Prix,Losail International Circuit,gasly,36,2,22.717,alpine,Finished,0,0,unknown,0,0,0,0,0,0,0,0,38.18079999999999,0,1,0,0,Abnormal long stop,249,141,28.20191871862343,28.32709094046153,-5.48491871862343,-5.610090940461532
2024,23,Qatar Grand Prix,Losail International Circuit,gasly,37,3,30.488,alpine,Finished,0,0,unknown,0,0,0,0,0,0,0,0,38.18079999999999,0,1,0,0,Abnormal long stop,249,141,28.20191871862343,28.810951709891867,2.286081281376571,1.6770482901081323
2024,23,Qatar Grand Prix,Losail International Circuit,hamilton,34,1,37.915,mercedes,Finished,0,0,unknown,0,0,0,0,0,0,0,0,38.18079999999999,0,1,0,0,Abnormal long stop,278,141,28.3806013748044,27.893838186630674,9.5343986251956,10.021161813369325
2024,23,Qatar Grand Prix,Losail International Circuit,hamilton,35,2,23.412,mercedes,Finished,0,0,unknown,0,0,0,0,0,0,0,0,38.18079999999999,0,1,0,0,Abnormal long stop,278,141,28.3806013748044,28.047537469754836,-4.9686013748044005,-4.635537469754837
2024,23,Qatar Grand Prix,Losail International Circuit,hamilton,36,3,26.815,mercedes,Finished,0,0,unknown,0,0,0,0,0,0,0,0,38.18079999999999,0,1,0,0,Abnormal long stop,278,141,28.3806013748044,28.531398239185165,-1.5656013748043982,-1.716398239185164
2024,23,Qatar Grand Prix,Losail International Circuit,hamilton,47,4,22.705,mercedes,Finished,0,0,unknown,0,0,0,0,0,0,0,0,38.18079999999999,0,1,0,0,Abnormal long stop,278,141,28.3806013748044,30.039554008117385,-5.675601374804401,-7.334554008117387
2024,23,Qatar Grand Prix,Losail International Circuit,hulkenberg,31,2,28.343,haas,Retired,1,0,unknown,0,0,0,0,0,0,0,0,38.18079999999999,0,1,0,0,Possible damage/crash race,272,141,29.37998068524098,30.456931141475096,-1.0369806852409802,-2.1139311414750956
2024,23,Qatar Grand Prix,Losail International Circuit,hulkenberg,36,3,23.81,haas,Retired,1,0,unknown,0,0,0,0,0,0,0,0,38.18079999999999,0,1,0,0,Possible damage/crash race,272,141,29.37998068524098,30.949335459625562,-5.5699806852409814,-7.139335459625563
2024,23,Qatar Grand Prix,Losail International Circuit,hulkenberg,37,4,37.692,haas,Retired,1,0,unknown,0,0,0,0,0,0,0,0,38.18079999999999,0,1,0,0,Possible damage/crash race,272,141,29.37998068524098,32.43613235675744,8.31201931475902,5.25586764324256
2024,23,Qatar Grand Prix,Losail International Circuit,kevinmagnussen,27,1,28.543,haas,Finished,0,0,unknown,0,0,0,0,0,0,0,0,38.18079999999999,0,1,0,0,Abnormal long stop,272,141,29.37998068524098,28.832908401323767,-0.8369806852409809,-0.2899084013237676
2024,23,Qatar Grand Prix,Losail International Circuit,kevinmagnussen,36,2,22.696,haas,Finished,0,0,unknown,0,0,0,0,0,0,0,0,38.18079999999999,0,1,0,0,Abnormal long stop,272,141,29.37998068524098,29.0036947818882,-6.683980685240979,-6.307694781888198
2024,23,Qatar Grand Prix,Losail International Circuit,kevinmagnussen,37,3,33.363,haas,Finished,0,0,unknown,0,0,0,0,0,0,0,0,38.18079999999999,0,1,0,0,Abnormal long stop,272,141,29.37998068524098,29.487555551318536,3.9830193147590194,3.8754444486814634
2024,23,Qatar Grand Prix,Losail International Circuit,lawson,35,1,45.049,rb,Finished,0,0,unknown,0,0,0,0,0,0,0,0,38.18079999999999,0,1,0,0,Abnormal long stop,70,141,29.879183446322635,28.939518050767667,15.169816553677364,16.109481949232332
2024,23,Qatar Grand Prix,Losail International Circuit,lawson,36,2,22.737,rb,Finished,0,0,unknown,0,0,0,0,0,0,0,0,38.18079999999999,0,1,0,0,Abnormal long stop,70,141,29.879183446322635,29.093217333891825,-7.142183446322637,-6.356217333891827
2024,23,Qatar Grand Prix,Losail International Circuit,lawson,37,3,26.79,rb,Finished,0,0,unknown,0,0,0,0,0,0,0,0,38.18079999999999,0,1,0,0,Abnormal long stop,70,141,29.879183446322635,29.577078103322165,-3.089183446322636,-2.787078103322166
2024,23,Qatar Grand Prix,Losail International Circuit,lawson,40,4,34.655,rb,Finished,0,0,unknown,0,0,0,0,0,0,0,0,38.18079999999999,0,1,0,0,Abnormal long stop,70,141,29.879183446322635,31.06814677481411,4.775816553677366,3.586853225185891
2024,23,Qatar Grand Prix,Losail International Circuit,leclerc,35,1,28.46,ferrari,Finished,0,0,unknown,0,0,0,0,0,0,0,0,38.18079999999999,0,1,0,0,Abnormal long stop,259,141,28.009566302425238,27.626706602133524,0.4504336975747627,0.8332933978664769
2024,23,Qatar Grand Prix,Losail International Circuit,leclerc,36,2,25.675,ferrari,Finished,0,0,unknown,0,0,0,0,0,0,0,0,38.18079999999999,0,1,0,0,Abnormal long stop,259,141,28.009566302425238,27.780405885257682,-2.3345663024252374,-2.1054058852576816
2024,23,Qatar Grand Prix,Losail International Circuit,leclerc,37,3,28.983,ferrari,Finished,0,0,unknown,0,0,0,0,0,0,0,0,38.18079999999999,0,1,0,0,Abnormal long stop,259,141,28.009566302425238,28.264266654688022,0.9734336975747624,0.7187333453119784
2024,23,Qatar Grand Prix,Losail International Circuit,maxverstappen,35,1,28.303,red_bull,Finished,0,0,unknown,0,0,0,0,0,0,0,0,38.18079999999999,0,1,0,0,Abnormal long stop,292,141,27.93243602411863,27.336823570413802,0.370563975881371,0.9661764295861985
2024,23,Qatar Grand Prix,Losail International Circuit,maxverstappen,36,2,23.884,red_bull,Finished,0,0,unknown,0,0,0,0,0,0,0,0,38.18079999999999,0,1,0,0,Abnormal long stop,292,141,27.93243602411863,27.49052285353796,-4.0484360241186295,-3.6065228535379603
2024,23,Qatar Grand Prix,Losail International Circuit,maxverstappen,37,3,22.703,red_bull,Finished,0,0,unknown,0,0,0,0,0,0,0,0,38.18079999999999,0,1,0,0,Abnormal long stop,292,141,27.93243602411863,27.974383622968297,-5.22943602411863,-5.2713836229682975
2024,23,Qatar Grand Prix,Losail International Circuit,norris,35,1,28.024,mclaren,Finished,0,0,unknown,0,0,0,0,0,0,0,0,38.18079999999999,0,1,0,0,Abnormal long stop,270,141,27.983161681834837,27.79592592884547,0.04083831816516437,0.2280740711545306
2024,23,Qatar Grand Prix,Losail International Circuit,norris,36,2,25.592,mclaren,Finished,0,0,unknown,0,0,0,0,0,0,0,0,38.18079999999999,0,1,0,0,Abnormal long stop,270,141,27.983161681834837,27.949625211969632,-2.391161681834838,-2.3576252119696335
2024,23,Qatar Grand Prix,Losail International Circuit,norris,37,3,28.746,mclaren,Finished,0,0,unknown,0,0,0,0,0,0,0,0,38.18079999999999,0,1,0,0,Abnormal long stop,270,141,27.983161681834837,28.43348598139997,0.7628383181651621,0.31251401860003014
2024,23,Qatar Grand Prix,Losail International Circuit,norris,45,4,36.069,mclaren,Finished,0,0,unknown,0,0,0,0,0,0,0,0,38.18079999999999,0,1,0,0,Abnormal long stop,270,141,27.983161681834837,29.935234088792086,8.085838318165166,6.133765911207917
2024,23,Qatar Grand Prix,Losail International Circuit,perez,35,1,28.088,red_bull,Retired,1,0,unknown,0,0,0,0,0,0,0,0,38.18079999999999,0,1,0,0,Possible damage/crash race,292,141,27.93243602411863,28.800739365900863,0.15556397588137116,-0.7127393659008625
2024,23,Qatar Grand Prix,Losail International Circuit,perez,36,2,22.705,red_bull,Retired,1,0,unknown,0,0,0,0,0,0,0,0,38.18079999999999,0,1,0,0,Possible damage/crash race,292,141,27.93243602411863,28.954438649025022,-5.2274360241186315,-6.2494386490250236
2024,23,Qatar Grand Prix,Losail International Circuit,perez,37,3,29.459,red_bull,Retired,1,0,unknown,0,0,0,0,0,0,0,0,38.18079999999999,0,1,0,0,Possible damage/crash race,292,141,27.93243602411863,29.43829941845536,1.5265639758813698,0.02070058154463794
2024,23,Qatar Grand Prix,Losail International Circuit,piastri,34,1,27.818,mclaren,Finished,0,0,unknown,0,0,0,0,0,0,0,0,38.18079999999999,0,1,0,0,Abnormal long stop,270,141,27.983161681834837,27.79379004166544,-0.16516168183483515,0.024209958334562742
2024,23,Qatar Grand Prix,Losail International Circuit,piastri,36,2,22.867,mclaren,Finished,0,0,unknown,0,0,0,0,0,0,0,0,38.18079999999999,0,1,0,0,Abnormal long stop,270,141,27.983161681834837,27.949625211969632,-5.116161681834836,-5.082625211969631
2024,23,Qatar Grand Prix,Losail International Circuit,piastri,37,3,29.326,mclaren,Finished,0,0,unknown,0,0,0,0,0,0,0,0,38.18079999999999,0,1,0,0,Abnormal long stop,270,141,27.983161681834837,28.43348598139997,1.342838318165164,0.892514018600032
2024,23,Qatar Grand Prix,Losail International Circuit,russell,23,1,32.309,mercedes,Finished,0,0,unknown,0,0,0,0,0,0,0,0,38.18079999999999,0,1,0,0,Abnormal long stop,278,141,28.3806013748044,27.870343427650297,3.928398625195598,4.4386565723497
2024,23,Qatar Grand Prix,Losail International Circuit,russell,35,2,27.87,mercedes,Finished,0,0,unknown,0,0,0,0,0,0,0,0,38.18079999999999,0,1,0,0,Abnormal long stop,278,141,28.3806013748044,28.047537469754836,-0.5106013748043985,-0.1775374697548351
2024,23,Qatar Grand Prix,Losail International Circuit,russell,36,3,22.763,mercedes,Finished,0,0,unknown,0,0,0,0,0,0,0,0,38.18079999999999,0,1,0,0,Abnormal long stop,278,141,28.3806013748044,28.531398239185165,-5.617601374804398,-5.768398239185164
2024,23,Qatar Grand Prix,Losail International Circuit,russell,37,4,34.037,mercedes,Finished,0,0,unknown,0,0,0,0,0,0,0,0,38.18079999999999,0,1,0,0,Abnormal long stop,278,141,28.3806013748044,30.018195136317047,5.6563986251955995,4.018804863682952
2024,23,Qatar Grand Prix,Losail International Circuit,sainz,34,1,36.143,ferrari,Finished,0,0,unknown,0,0,0,0,0,0,0,0,38.18079999999999,0,1,0,0,Abnormal long stop,259,141,28.009566302425238,27.624570714953492,8.133433697574763,8.518429285046508
2024,23,Qatar Grand Prix,Losail International Circuit,sainz,36,2,22.776,ferrari,Finished,0,0,unknown,0,0,0,0,0,0,0,0,38.18079999999999,0,1,0,0,Abnormal long stop,259,141,28.009566302425238,27.780405885257682,-5.233566302425238,-5.0044058852576825
2024,23,Qatar Grand Prix,Losail International Circuit,sainz,37,3,34.356,ferrari,Finished,0,0,unknown,0,0,0,0,0,0,0,0,38.18079999999999,0,1,0,0,Abnormal long stop,259,141,28.009566302425238,28.264266654688022,6.3464336975747635,6.0917333453119795
2024,23,Qatar Grand Prix,Losail International Circuit,stroll,7,2,41.674,aston_martin,Retired,1,0,unknown,0,0,0,0,0,0,0,0,38.18079999999999,0,1,0,0,Possible damage/crash race,271,141,28.197462092444084,29.52221523283935,13.476537907555915,12.151784767160649
2024,23,Qatar Grand Prix,Losail International Circuit,tsunoda,35,1,29.024,rb,Finished,0,0,unknown,0,0,0,0,0,0,0,0,38.18079999999999,0,1,0,0,Abnormal long stop,70,141,29.879183446322635,28.939518050767667,-0.8551834463226342,0.08448194923233387
2024,23,Qatar Grand Prix,Losail International Circuit,tsunoda,36,2,22.714,rb,Finished,0,0,unknown,0,0,0,0,0,0,0,0,38.18079999999999,0,1,0,0,Abnormal long stop,70,141,29.879183446322635,29.093217333891825,-7.1651834463226365,-6.379217333891827
2024,23,Qatar Grand Prix,Losail International Circuit,tsunoda,37,3,35.849,rb,Finished,0,0,unknown,0,0,0,0,0,0,0,0,38.18079999999999,0,1,0,0,Abnormal long stop,70,141,29.879183446322635,29.577078103322165,5.9698165536773615,6.271921896677831
2024,23,Qatar Grand Prix,Losail International Circuit,tsunoda,40,4,29.271,rb,Finished,0,0,unknown,0,0,0,0,0,0,0,0,38.18079999999999,0,1,0,0,Abnormal long stop,70,141,29.879183446322635,31.06814677481411,-0.6081834463226343,-1.7971467748141094
2024,23,Qatar Grand Prix,Losail International Circuit,zhou,35,1,29.085,sauber,Finished,0,0,unknown,0,0,0,0,0,0,0,0,38.18079999999999,0,1,0,0,Abnormal long stop,74,141,32.16112222950085,31.07552033006916,-3.0761222295008466,-1.9905203300691596
2024,23,Qatar Grand Prix,Losail International Circuit,zhou,36,2,23.228,sauber,Finished,0,0,unknown,0,0,0,0,0,0,0,0,38.18079999999999,0,1,0,0,Abnormal long stop,74,141,32.16112222950085,31.22921961319332,-8.933122229500846,-8.001219613193317
2024,23,Qatar Grand Prix,Losail International Circuit,zhou,37,3,34.818,sauber,Finished,0,0,unknown,0,0,0,0,0,0,0,0,38.18079999999999,0,1,0,0,Abnormal long stop,74,141,32.16112222950085,31.713080382623655,2.6568777704991504,3.1049196173763427
2024,24,Abu Dhabi Grand Prix,Yas Marina Circuit,albon,12,1,22.065,williams,Lapped,0,0,unknown,0,0,0,0,0,0,0,0,32.731300000000005,0,1,0,0,Abnormal long stop,271,125,23.38932015600743,22.507226822309114,-1.3243201560074276,-0.44222682230911303
2024,24,Abu Dhabi Grand Prix,Yas Marina Circuit,alonso,13,1,23.326,aston_martin,Finished,0,0,unknown,0,0,0,0,0,0,0,0,32.731300000000005,0,1,0,0,Abnormal long stop,271,125,22.355351295142185,22.288953137802224,0.9706487048578154,1.0370468621977764
2024,24,Abu Dhabi Grand Prix,Yas Marina Circuit,alonso,37,2,22.437,aston_martin,Finished,0,0,unknown,0,0,0,0,0,0,0,0,32.731300000000005,0,1,0,0,Abnormal long stop,271,125,22.355351295142185,22.491777826067167,0.08164870485781606,-0.0547778260671663
2024,24,Abu Dhabi Grand Prix,Yas Marina Circuit,bottas,6,1,41.144,sauber,Retired,1,0,unknown,0,0,0,0,0,0,0,0,32.731300000000005,0,1,0,0,Possible damage/crash race,74,125,26.31901143219894,26.846897170649097,14.824988567801057,14.297102829350901
2024,24,Abu Dhabi Grand Prix,Yas Marina Circuit,colapinto,3,1,24.941,williams,Retired,1,0,unknown,0,0,0,0,0,0,0,0,32.731300000000005,0,1,0,0,Possible damage/crash race,271,125,23.38932015600743,23.951919633175873,1.55167984399257,0.9890803668241261
2024,24,Abu Dhabi Grand Prix,Yas Marina Circuit,doohan,22,1,22.08,alpine,Lapped,0,0,unknown,0,0,0,0,0,0,0,0,32.731300000000005,0,1,0,0,Abnormal long stop,249,125,22.359807921321526,22.51502689731079,-0.27980792132152743,-0.4350268973107916
2024,24,Abu Dhabi Grand Prix,Yas Marina Circuit,gasly,14,1,22.059,alpine,Finished,0,0,unknown,0,0,0,0,0,0,0,0,32.731300000000005,0,1,0,0,Abnormal long stop,249,125,22.359807921321526,22.49793979987052,-0.3008079213215247,-0.4389397998705178
2024,24,Abu Dhabi Grand Prix,Yas Marina Circuit,hamilton,34,1,21.694,mercedes,Finished,0,0,unknown,0,0,0,0,0,0,0,0,32.731300000000005,0,1,0,0,Abnormal long stop,278,125,22.5384905775025,22.263239959944535,-0.8444905775025013,-0.5692399599445359
2024,24,Abu Dhabi Grand Prix,Yas Marina Circuit,hulkenberg,13,1,21.53,haas,Finished,0,0,unknown,0,0,0,0,0,0,0,0,32.731300000000005,0,1,0,0,Abnormal long stop,272,125,23.53786988793908,23.172407754117152,-2.00786988793908,-1.6424077541171513
2024,24,Abu Dhabi Grand Prix,Yas Marina Circuit,kevinmagnussen,12,1,26.363,haas,Lapped,0,0,unknown,0,0,0,0,0,0,0,0,32.731300000000005,0,1,0,0,Abnormal long stop,272,125,23.53786988793908,23.17027186693712,2.8251301120609185,3.1927281330628787
2024,24,Abu Dhabi Grand Prix,Yas Marina Circuit,kevinmagnussen,29,2,21.678,haas,Lapped,0,0,unknown,0,0,0,0,0,0,0,0,32.731300000000005,0,1,0,0,Abnormal long stop,272,125,23.53786988793908,23.358145344941825,-1.8598698879390803,-1.680145344941824
2024,24,Abu Dhabi Grand Prix,Yas Marina Circuit,kevinmagnussen,30,3,22.815,haas,Lapped,0,0,unknown,0,0,0,0,0,0,0,0,32.731300000000005,0,1,0,0,Abnormal long stop,272,125,23.53786988793908,23.842006114372158,-0.7228698879390798,-1.0270061143721563
2024,24,Abu Dhabi Grand Prix,Yas Marina Circuit,kevinmagnussen,55,4,22.09,haas,Lapped,0,0,unknown,0,0,0,0,0,0,0,0,32.731300000000005,0,1,0,0,Abnormal long stop,272,125,23.53786988793908,25.38006430382485,-1.4478698879390812,-3.290064303824849
2024,24,Abu Dhabi Grand Prix,Yas Marina Circuit,lawson,23,1,23.415,rb,Retired,1,0,unknown,0,0,0,0,0,0,0,0,32.731300000000005,0,1,0,0,Possible damage/crash race,70,125,24.03707264902073,24.747204973408184,-0.6220726490207298,-1.3322049734081851
2024,24,Abu Dhabi Grand Prix,Yas Marina Circuit,lawson,24,2,22.565,rb,Retired,1,0,unknown,0,0,0,0,0,0,0,0,32.731300000000005,0,1,0,0,Possible damage/crash race,70,125,24.03707264902073,24.900904256532346,-1.4720726490207277,-2.335904256532345
2024,24,Abu Dhabi Grand Prix,Yas Marina Circuit,lawson,29,3,32.317,rb,Retired,1,0,unknown,0,0,0,0,0,0,0,0,32.731300000000005,0,1,0,0,Possible damage/crash race,70,125,24.03707264902073,25.393308574682813,8.279927350979271,6.9236914253171875
2024,24,Abu Dhabi Grand Prix,Yas Marina Circuit,leclerc,20,1,21.869,ferrari,Finished,0,0,unknown,0,0,0,0,0,0,0,0,32.731300000000005,0,1,0,0,Abnormal long stop,259,125,22.167455505123336,21.964070067746874,-0.29845550512333574,-0.09507006774687454
2024,24,Abu Dhabi Grand Prix,Yas Marina Circuit,maxverstappen,29,1,32.652,red_bull,Finished,0,0,unknown,0,0,0,0,0,0,0,0,32.731300000000005,0,1,0,0,Abnormal long stop,292,125,22.090325226816727,21.69341002064746,10.561674773183274,10.958589979352542
2024,24,Abu Dhabi Grand Prix,Yas Marina Circuit,norris,26,1,21.276,mclaren,Finished,0,0,unknown,0,0,0,0,0,0,0,0,32.731300000000005,0,1,0,0,Abnormal long stop,270,125,22.141050884532937,22.14610471753903,-0.8650508845329377,-0.8701047175390286
2024,24,Abu Dhabi Grand Prix,Yas Marina Circuit,piastri,4,1,23.582,mclaren,Finished,0,0,unknown,0,0,0,0,0,0,0,0,32.731300000000005,0,1,0,0,Abnormal long stop,270,125,22.141050884532937,22.09911519957828,1.4409491154670633,1.482884800421722
2024,24,Abu Dhabi Grand Prix,Yas Marina Circuit,piastri,32,2,32.774,mclaren,Finished,0,0,unknown,0,0,0,0,0,0,0,0,32.731300000000005,0,1,0,0,Abnormal long stop,270,125,22.141050884532937,22.310483436563356,10.632949115467063,10.463516563436645
2024,24,Abu Dhabi Grand Prix,Yas Marina Circuit,russell,26,1,21.656,mercedes,Finished,0,0,unknown,0,0,0,0,0,0,0,0,32.731300000000005,0,1,0,0,Abnormal long stop,278,125,22.5384905775025,22.24615286250426,-0.8824905775025016,-0.5901528625042616
2024,24,Abu Dhabi Grand Prix,Yas Marina Circuit,sainz,25,1,21.28,ferrari,Finished,0,0,unknown,0,0,0,0,0,0,0,0,32.731300000000005,0,1,0,0,Abnormal long stop,259,125,22.167455505123336,21.974749503647047,-0.8874555051233344,-0.6947495036470457
2024,24,Abu Dhabi Grand Prix,Yas Marina Circuit,stroll,11,1,23.266,aston_martin,Lapped,0,0,unknown,0,0,0,0,0,0,0,0,32.731300000000005,0,1,0,0,Abnormal long stop,271,125,22.355351295142185,22.284681363442157,0.9106487048578131,0.981318636557841
2024,24,Abu Dhabi Grand Prix,Yas Marina Circuit,stroll,32,2,22.053,aston_martin,Lapped,0,0,unknown,0,0,0,0,0,0,0,0,32.731300000000005,0,1,0,0,Abnormal long stop,271,125,22.355351295142185,22.481098390167,-0.3023512951421843,-0.4280983901669977
2024,24,Abu Dhabi Grand Prix,Yas Marina Circuit,tsunoda,22,1,21.869,rb,Lapped,0,0,unknown,0,0,0,0,0,0,0,0,32.731300000000005,0,1,0,0,Abnormal long stop,70,125,24.03707264902073,23.281153290741088,-2.168072649020729,-1.412153290741088
2024,24,Abu Dhabi Grand Prix,Yas Marina Circuit,zhou,12,1,23.024,sauber,Lapped,0,0,unknown,0,0,0,0,0,0,0,0,32.731300000000005,0,1,0,0,Abnormal long stop,74,125,26.31901143219894,25.39579669824224,-3.2950114321989403,-2.371796698242239
2024,24,Abu Dhabi Grand Prix,Yas Marina Circuit,zhou,39,2,28.765,sauber,Lapped,0,0,unknown,0,0,0,0,0,0,0,0,32.731300000000005,0,1,0,0,Abnormal long stop,74,125,26.31901143219894,25.60502904804728,2.4459885678010593,3.159970951952719
