season,round,race_name,circuit,driver_join_id,pit_lap,stop_number,pit_stop_time_s,constructor,safety_car_pit_lap,race_q95_stop,abnormal_stop_proxy,constructor_n,circuit_n,pred_simple,pred_adjusted,residual_simple,residual_adjusted
2021,1,Bahrain Grand Prix,Bahrain International Circuit,alonso,11,1,24.373,alpine,0,32.04295,1,249,190,25.808283827243528,25.887051794994868,-1.435283827243527,-1.5140517949948666
2021,1,Bahrain Grand Prix,Bahrain International Circuit,alonso,29,2,24.775,alpine,0,32.04295,1,249,190,25.808283827243528,25.886921849110287,-1.0332838272435296,-1.1119218491102885
2021,1,Bahrain Grand Prix,Bahrain International Circuit,bottas,16,1,24.262,mercedes,0,32.04295,1,278,190,25.986966483424503,25.717550588337517,-1.7249664834245024,-1.4555505883375162
2021,1,Bahrain Grand Prix,Bahrain International Circuit,bottas,30,2,32.897,mercedes,0,32.04295,1,278,190,25.986966483424503,25.645118769531827,6.910033516575496,7.251881230468172
2021,1,Bahrain Grand Prix,Bahrain International Circuit,bottas,54,3,24.566,mercedes,0,32.04295,1,278,190,25.986966483424503,26.748374996877875,-1.420966483424504,-2.1823749968778756
2021,1,Bahrain Grand Prix,Bahrain International Circuit,gasly,4,1,38.338,alphatauri,0,32.04295,1,202,190,25.326147460594886,25.53035796228056,13.011852539405115,12.80764203771944
2021,1,Bahrain Grand Prix,Bahrain International Circuit,gasly,19,2,24.317,alphatauri,0,32.04295,1,202,190,25.326147460594886,25.476001611705144,-1.0091474605948854,-1.1590016117051434
2021,1,Bahrain Grand Prix,Bahrain International Circuit,gasly,39,3,24.983,alphatauri,0,32.04295,1,202,190,25.326147460594886,26.506955966130086,-0.343147460594885,-1.5239559661300852
2021,1,Bahrain Grand Prix,Bahrain International Circuit,giovinazzi,12,1,31.998,alfa,0,32.04295,1,194,190,25.782742667828536,26.020051678055694,6.215257332171465,5.977948321944307
2021,1,Bahrain Grand Prix,Bahrain International Circuit,giovinazzi,30,2,24.223,alfa,0,32.04295,1,194,190,25.782742667828536,26.019921732171113,-1.5597426678285373,-1.7969217321711142
2021,1,Bahrain Grand Prix,Bahrain International Circuit,hamilton,13,1,24.839,mercedes,0,32.04295,1,278,190,25.986966483424503,25.663324183646687,-1.1479664834245042,-0.8243241836466879
2021,1,Bahrain Grand Prix,Bahrain International Circuit,hamilton,28,2,24.076,mercedes,0,32.04295,1,278,190,25.986966483424503,25.608967833071272,-1.9109664834245024,-1.5329678330712717
2021,1,Bahrain Grand Prix,Bahrain International Circuit,latifi,14,1,26.046,williams,0,32.04295,1,271,190,26.83779606192943,26.140879095834215,-0.791796061929432,-0.09487909583421583
2021,1,Bahrain Grand Prix,Bahrain International Circuit,latifi,32,2,23.983,williams,0,32.04295,1,271,190,26.83779606192943,26.14074914994963,-2.854796061929431,-2.1577491499496304
2021,1,Bahrain Grand Prix,Bahrain International Circuit,leclerc,12,1,24.925,ferrari,0,32.04295,1,259,190,25.615931411045338,25.436551389957522,-0.6909314110453373,-0.5115513899575213
2021,1,Bahrain Grand Prix,Bahrain International Circuit,leclerc,32,2,24.176,ferrari,0,32.04295,1,259,190,25.615931411045338,25.472572380533492,-1.4399314110453396,-1.2965723805334939
2021,1,Bahrain Grand Prix,Bahrain International Circuit,maxverstappen,17,1,24.767,red_bull,0,32.04295,1,292,190,25.53880113273873,25.127011947513157,-0.7718011327387302,-0.3600119475131578
2021,1,Bahrain Grand Prix,Bahrain International Circuit,maxverstappen,39,2,23.848,red_bull,0,32.04295,1,292,190,25.53880113273873,25.19918387454968,-1.6908011327387307,-1.3511838745496796
2021,1,Bahrain Grand Prix,Bahrain International Circuit,mickschumacher,14,1,25.798,haas,0,32.04295,1,272,190,26.98634579386108,26.75546233531144,-1.1883457938610817,-0.9574623353114404
2021,1,Bahrain Grand Prix,Bahrain International Circuit,mickschumacher,33,2,25.343,haas,0,32.04295,1,272,190,26.98634579386108,26.77340785765713,-1.64334579386108,-1.43040785765713
2021,1,Bahrain Grand Prix,Bahrain International Circuit,norris,12,1,24.899,mclaren,0,32.04295,1,270,190,25.589526790454936,25.517601372988175,-0.6905267904549355,-0.6186013729881736
2021,1,Bahrain Grand Prix,Bahrain International Circuit,norris,33,2,25.64,mclaren,0,32.04295,1,270,190,25.589526790454936,25.571697831794424,0.05047320954506418,0.06830216820557666
2021,1,Bahrain Grand Prix,Bahrain International Circuit,ocon,13,1,25.226,alpine,0,32.04295,1,249,190,25.808283827243528,25.923202731455426,-0.5822838272435291,-0.6972027314554268
2021,1,Bahrain Grand Prix,Bahrain International Circuit,ocon,31,2,24.471,alpine,0,32.04295,1,249,190,25.808283827243528,25.923072785570838,-1.3372838272435281,-1.452072785570838
2021,1,Bahrain Grand Prix,Bahrain International Circuit,perez,2,1,23.993,red_bull,0,32.04295,1,292,190,25.53880113273873,24.855879924059007,-1.545801132738731,-0.8628799240590084
2021,1,Bahrain Grand Prix,Bahrain International Circuit,perez,19,2,24.105,red_bull,0,32.04295,1,292,190,25.53880113273873,24.837674509944144,-1.4338011327387292,-0.7326745099441432
2021,1,Bahrain Grand Prix,Bahrain International Circuit,perez,38,3,24.191,red_bull,0,32.04295,1,292,190,25.53880113273873,25.85055339613881,-1.3478011327387307,-1.6595533961388114
2021,1,Bahrain Grand Prix,Bahrain International Circuit,raikkonen,13,1,24.107,alfa,0,32.04295,1,194,190,25.782742667828536,26.038127146285973,-1.675742667828537,-1.9311271462859736
2021,1,Bahrain Grand Prix,Bahrain International Circuit,raikkonen,29,2,24.046,alfa,0,32.04295,1,194,190,25.782742667828536,26.001846263940834,-1.736742667828537,-1.9558462639408347
2021,1,Bahrain Grand Prix,Bahrain International Circuit,ricciardo,13,1,24.688,mclaren,0,32.04295,1,270,190,25.589526790454936,25.535676841218454,-0.9015267904549376,-0.8476768412184548
2021,1,Bahrain Grand Prix,Bahrain International Circuit,ricciardo,32,2,24.655,mclaren,0,32.04295,1,270,190,25.589526790454936,25.553622363564145,-0.9345267904549353,-0.8986223635641437
2021,1,Bahrain Grand Prix,Bahrain International Circuit,russell,13,1,24.621,williams,0,32.04295,1,271,190,26.83779606192943,26.122803627603936,-2.2167960619294327,-1.5018036276039375
2021,1,Bahrain Grand Prix,Bahrain International Circuit,russell,36,2,24.248,williams,0,32.04295,1,271,190,26.83779606192943,26.213051022870737,-2.5897960619294302,-1.9650510228707354
2021,1,Bahrain Grand Prix,Bahrain International Circuit,sainz,15,1,24.353,ferrari,0,32.04295,1,259,190,25.615931411045338,25.490777794648352,-1.2629314110453365,-1.1377777946483505
2021,1,Bahrain Grand Prix,Bahrain International Circuit,sainz,37,2,24.341,ferrari,0,32.04295,1,259,190,25.615931411045338,25.562949721684873,-1.274931411045337,-1.2219497216848723
2021,1,Bahrain Grand Prix,Bahrain International Circuit,stroll,12,1,24.884,aston_martin,0,32.04295,1,271,190,25.803827201064184,25.80290364986407,-0.9198272010641837,-0.9189036498640704
2021,1,Bahrain Grand Prix,Bahrain International Circuit,stroll,28,2,25.525,aston_martin,0,32.04295,1,271,190,25.803827201064184,25.766622767518932,-0.27882720106418546,-0.2416227675189333
2021,1,Bahrain Grand Prix,Bahrain International Circuit,tsunoda,15,1,25.046,alphatauri,0,32.04295,1,202,190,25.326147460594886,25.729188112813603,-0.28014746059488616,-0.6831881128136033
2021,1,Bahrain Grand Prix,Bahrain International Circuit,tsunoda,33,2,24.328,alphatauri,0,32.04295,1,202,190,25.326147460594886,25.729058166929022,-0.9981474605948861,-1.4010581669290225
2021,1,Bahrain Grand Prix,Bahrain International Circuit,vettel,24,1,24.626,aston_martin,0,32.04295,1,271,190,25.803827201064184,26.01980926862739,-1.1778272010641828,-1.3938092686273897
2021,2,Emilia Romagna Grand Prix,Autodromo Enzo e Dino Ferrari,alonso,32,2,1.488372,alpine,0,1.6118594,0,249,69,23.544737276145767,7.177654333021506,-22.05636527614577,-5.689282333021506
2021,2,Emilia Romagna Grand Prix,Autodromo Enzo e Dino Ferrari,gasly,32,3,1.453539,alphatauri,0,1.6118594,0,202,69,23.062600909497124,7.616933767738541,-21.609061909497125,-6.163394767738541
2021,2,Emilia Romagna Grand Prix,Autodromo Enzo e Dino Ferrari,giovinazzi,32,2,1.496541,alfa,0,1.6118594,0,194,69,23.519196116730775,7.292578747852055,-22.022655116730775,-5.796037747852055
2021,2,Emilia Romagna Grand Prix,Autodromo Enzo e Dino Ferrari,hamilton,32,3,1.494731,mercedes,0,1.6118594,0,278,69,23.723419932326742,7.587220775032177,-22.22868893232674,-6.092489775032178
2021,2,Emilia Romagna Grand Prix,Autodromo Enzo e Dino Ferrari,leclerc,33,2,1.609484,ferrari,0,1.6118594,0,259,69,23.352384859947577,6.72715392798416,-21.74290085994758,-5.11766992798416
2021,2,Emilia Romagna Grand Prix,Autodromo Enzo e Dino Ferrari,maxverstappen,33,2,1.621361,red_bull,0,1.6118594,1,292,69,23.275254581640972,27.69047072760162,-21.653893581640972,-26.06910972760162
2021,2,Emilia Romagna Grand Prix,Autodromo Enzo e Dino Ferrari,mazepin,31,3,1.486154,haas,0,1.6118594,0,272,69,24.722799242763323,8.643207990236375,-23.236645242763323,-7.157053990236375
2021,2,Emilia Romagna Grand Prix,Autodromo Enzo e Dino Ferrari,mickschumacher,31,3,1.521462,haas,0,1.6118594,0,272,69,24.722799242763323,8.643207990236375,-23.201337242763323,-7.121745990236375
2021,2,Emilia Romagna Grand Prix,Autodromo Enzo e Dino Ferrari,norris,33,2,1.584953,mclaren,0,1.6118594,0,270,69,23.32598023935718,6.808203911014811,-21.74102723935718,-5.22325091101481
2021,2,Emilia Romagna Grand Prix,Autodromo Enzo e Dino Ferrari,ocon,32,4,1.478974,alpine,0,1.6118594,0,249,69,23.544737276145767,10.23222215745649,-22.065763276145766,-8.75324815745649
2021,2,Emilia Romagna Grand Prix,Autodromo Enzo e Dino Ferrari,perez,33,2,1.5811579999999998,red_bull,0,1.6118594,0,292,69,23.275254581640972,6.327237144388409,-21.694096581640974,-4.746079144388409
2021,2,Emilia Romagna Grand Prix,Autodromo Enzo e Dino Ferrari,raikkonen,32,2,1.492612,alfa,0,1.6118594,0,194,69,23.519196116730775,7.292578747852055,-22.026584116730774,-5.7999667478520545
2021,2,Emilia Romagna Grand Prix,Autodromo Enzo e Dino Ferrari,ricciardo,33,2,1.574827,mclaren,0,1.6118594,0,270,69,23.32598023935718,6.808203911014811,-21.75115323935718,-5.233376911014811
2021,2,Emilia Romagna Grand Prix,Autodromo Enzo e Dino Ferrari,sainz,33,2,1.582211,ferrari,0,1.6118594,0,259,69,23.352384859947577,6.72715392798416,-21.770173859947576,-5.14494292798416
2021,2,Emilia Romagna Grand Prix,Autodromo Enzo e Dino Ferrari,stroll,32,2,1.49209,aston_martin,0,1.6118594,0,271,69,23.540280649966427,7.07543071966043,-22.048190649966426,-5.58334071966043
2021,2,Emilia Romagna Grand Prix,Autodromo Enzo e Dino Ferrari,tsunoda,32,2,1.491384,alphatauri,0,1.6118594,0,202,69,23.062600909497124,6.947488777919133,-21.571216909497124,-5.456104777919133
2021,2,Emilia Romagna Grand Prix,Autodromo Enzo e Dino Ferrari,vettel,32,4,1.452323,aston_martin,0,1.6118594,0,271,69,23.540280649966427,10.129998544095415,-22.087957649966427,-8.677675544095415
2021,3,Portuguese Grand Prix,Autódromo Internacional do Algarve,alonso,2,1,21.452,alpine,0,27.0872,1,249,60,23.62938218744925,23.539325921995644,-2.177382187449247,-2.0873259219956424
2021,3,Portuguese Grand Prix,Autódromo Internacional do Algarve,alonso,3,2,21.621,alpine,0,27.0872,1,249,60,23.62938218744925,23.231913016196355,-2.00838218744925,-1.6109130161963563
2021,3,Portuguese Grand Prix,Autódromo Internacional do Algarve,alonso,40,3,26.442,alpine,0,27.0872,1,249,60,23.62938218744925,24.570150330536,2.8126178125507515,1.8718496694640017
2021,3,Portuguese Grand Prix,Autódromo Internacional do Algarve,bottas,2,1,21.377,mercedes,0,27.0872,1,278,60,23.80806484363022,23.27944737418691,-2.431064843630221,-1.9024473741869095
2021,3,Portuguese Grand Prix,Autódromo Internacional do Algarve,bottas,3,2,22.072,mercedes,0,27.0872,1,278,60,23.80806484363022,22.97203446838762,-1.7360648436302206,-0.90003446838762
2021,3,Portuguese Grand Prix,Autódromo Internacional do Algarve,bottas,36,3,26.938,mercedes,0,27.0872,1,278,60,23.80806484363022,24.23796990980616,3.129935156369779,2.700030090193838
2021,3,Portuguese Grand Prix,Autódromo Internacional do Algarve,bottas,63,4,26.573,mercedes,0,27.0872,1,278,60,23.80806484363022,27.111130386639207,2.7649351563697806,-0.5381303866392066
2021,3,Portuguese Grand Prix,Autódromo Internacional do Algarve,gasly,2,1,21.353,alphatauri,0,27.0872,1,202,60,23.147245820800602,23.309160366893273,-1.794245820800601,-1.9561603668932719
2021,3,Portuguese Grand Prix,Autódromo Internacional do Algarve,gasly,3,2,22.319,alphatauri,0,27.0872,1,202,60,23.147245820800602,23.001747461093984,-0.8282458208006034,-0.6827474610939852
2021,3,Portuguese Grand Prix,Autódromo Internacional do Algarve,gasly,24,3,26.172,alphatauri,0,27.0872,1,202,60,23.147245820800602,24.050777283749202,3.024754179199398,2.1212227162507986
2021,3,Portuguese Grand Prix,Autódromo Internacional do Algarve,giovinazzi,2,1,22.485,alfa,0,27.0872,1,194,60,23.603841028034257,23.654250336826195,-1.1188410280342573,-1.1692503368261953
2021,3,Portuguese Grand Prix,Autódromo Internacional do Algarve,giovinazzi,3,2,22.669,alfa,0,27.0872,1,194,60,23.603841028034257,23.346837431026906,-0.9348410280342563,-0.6778374310269051
2021,3,Portuguese Grand Prix,Autódromo Internacional do Algarve,giovinazzi,22,3,26.729,alfa,0,27.0872,1,194,60,23.603841028034257,24.35971631722157,3.1251589719657424,2.3692836827784305
2021,3,Portuguese Grand Prix,Autódromo Internacional do Algarve,hamilton,2,1,22.426,mercedes,0,27.0872,1,278,60,23.80806484363022,23.27944737418691,-1.3820648436302214,-0.85344737418691
2021,3,Portuguese Grand Prix,Autódromo Internacional do Algarve,hamilton,3,2,22.164,mercedes,0,27.0872,1,278,60,23.80806484363022,22.97203446838762,-1.6440648436302183,-0.8080344683876177
2021,3,Portuguese Grand Prix,Autódromo Internacional do Algarve,hamilton,37,3,26.907,mercedes,0,27.0872,1,278,60,23.80806484363022,24.256045378036433,3.0989351563697802,2.6509546219635673
2021,3,Portuguese Grand Prix,Autódromo Internacional do Algarve,latifi,2,1,21.97,williams,0,27.0872,1,271,60,24.658894422135152,23.73892681814416,-2.688894422135153,-1.7689268181441626
2021,3,Portuguese Grand Prix,Autódromo Internacional do Algarve,latifi,3,2,21.73,williams,0,27.0872,1,271,60,24.658894422135152,23.431513912344872,-2.9288944221351514,-1.701513912344872
2021,3,Portuguese Grand Prix,Autódromo Internacional do Algarve,latifi,24,3,26.595,williams,0,27.0872,1,271,60,24.658894422135152,24.48054373500009,1.936105577864847,2.114456264999909
2021,3,Portuguese Grand Prix,Autódromo Internacional do Algarve,leclerc,2,1,21.323,ferrari,0,27.0872,1,259,60,23.43702977125106,23.070750048728023,-2.114029771251058,-1.7477500487280224
2021,3,Portuguese Grand Prix,Autódromo Internacional do Algarve,leclerc,3,2,22.587,ferrari,0,27.0872,1,259,60,23.43702977125106,22.763337142928734,-0.8500297712510587,-0.17633714292873393
2021,3,Portuguese Grand Prix,Autódromo Internacional do Algarve,leclerc,25,3,27.082,ferrari,0,27.0872,1,259,60,23.43702977125106,23.830442433814227,3.6449702287489423,3.251557566185774
2021,3,Portuguese Grand Prix,Autódromo Internacional do Algarve,maxverstappen,2,1,22.718,red_bull,0,27.0872,1,292,60,23.35989949294445,22.670833265132273,-0.6418994929444501,0.04716673486772649
2021,3,Portuguese Grand Prix,Autódromo Internacional do Algarve,maxverstappen,3,2,22.104,red_bull,0,27.0872,1,292,60,23.35989949294445,22.363420359332984,-1.255899492944451,-0.25942035933298513
2021,3,Portuguese Grand Prix,Autódromo Internacional do Algarve,maxverstappen,35,3,26.743,red_bull,0,27.0872,1,292,60,23.35989949294445,23.611280332521243,3.3831005070555484,3.1317196674787553
2021,3,Portuguese Grand Prix,Autódromo Internacional do Algarve,maxverstappen,64,4,26.319,red_bull,0,27.0872,1,292,60,23.35989949294445,26.520591745814844,2.959100507055549,-0.20159174581484507
2021,3,Portuguese Grand Prix,Autódromo Internacional do Algarve,mazepin,2,1,21.372,haas,0,27.0872,1,272,60,24.8074441540668,24.353510057621385,-3.4354441540668006,-2.981510057621385
2021,3,Portuguese Grand Prix,Autódromo Internacional do Algarve,mazepin,3,2,21.404,haas,0,27.0872,1,272,60,24.8074441540668,24.046097151822096,-3.4034441540668006,-2.642097151822096
2021,3,Portuguese Grand Prix,Autódromo Internacional do Algarve,mazepin,31,3,27.186,haas,0,27.0872,1,272,60,24.8074441540668,25.22165525208925,2.3785558459331995,1.9643447479107508
2021,3,Portuguese Grand Prix,Autódromo Internacional do Algarve,mazepin,43,4,26.984,haas,0,27.0872,1,272,60,24.8074441540668,27.823683705468145,2.1765558459332013,-0.8396837054681434
2021,3,Portuguese Grand Prix,Autódromo Internacional do Algarve,mickschumacher,2,1,22.019,haas,0,27.0872,1,272,60,24.8074441540668,24.353510057621385,-2.788444154066802,-2.3345100576213866
2021,3,Portuguese Grand Prix,Autódromo Internacional do Algarve,mickschumacher,3,2,21.454,haas,0,27.0872,1,272,60,24.8074441540668,24.046097151822096,-3.3534441540668,-2.592097151822095
2021,3,Portuguese Grand Prix,Autódromo Internacional do Algarve,mickschumacher,32,3,27.245,haas,0,27.0872,1,272,60,24.8074441540668,25.239730720319525,2.4375558459332005,2.0052692796804763
2021,3,Portuguese Grand Prix,Autódromo Internacional do Algarve,norris,2,1,21.407,mclaren,0,27.0872,1,270,60,23.410625150660657,23.151800031758672,-2.003625150660657,-1.7448000317586718
2021,3,Portuguese Grand Prix,Autódromo Internacional do Algarve,norris,3,2,22.551,mclaren,0,27.0872,1,270,60,23.410625150660657,22.844387125959386,-0.8596251506606585,-0.2933871259593879
2021,3,Portuguese Grand Prix,Autódromo Internacional do Algarve,norris,22,3,26.952,mclaren,0,27.0872,1,270,60,23.410625150660657,23.85726601215405,3.541374849339345,3.0947339878459523
2021,3,Portuguese Grand Prix,Autódromo Internacional do Algarve,ocon,2,1,21.275,alpine,0,27.0872,1,249,60,23.62938218744925,23.539325921995644,-2.35438218744925,-2.2643259219956455
2021,3,Portuguese Grand Prix,Autódromo Internacional do Algarve,ocon,3,2,22.24,alpine,0,27.0872,1,249,60,23.62938218744925,23.231913016196355,-1.3893821874492502,-0.9919130161963565
2021,3,Portuguese Grand Prix,Autódromo Internacional do Algarve,ocon,22,3,27.033,alpine,0,27.0872,1,249,60,23.62938218744925,24.244791902391018,3.4036178125507526,2.788208097608983
2021,3,Portuguese Grand Prix,Autódromo Internacional do Algarve,perez,2,1,21.89,red_bull,0,27.0872,1,292,60,23.35989949294445,22.670833265132273,-1.4698994929444495,-0.7808332651322729
2021,3,Portuguese Grand Prix,Autódromo Internacional do Algarve,perez,3,2,22.1,red_bull,0,27.0872,1,292,60,23.35989949294445,22.363420359332984,-1.2598994929444487,-0.2634203593329829
2021,3,Portuguese Grand Prix,Autódromo Internacional do Algarve,perez,51,3,26.607,red_bull,0,27.0872,1,292,60,23.35989949294445,23.900487824205673,3.247100507055549,2.7065121757943267
2021,3,Portuguese Grand Prix,Autódromo Internacional do Algarve,ricciardo,2,1,21.965,mclaren,0,27.0872,1,270,60,23.410625150660657,23.151800031758672,-1.445625150660657,-1.186800031758672
2021,3,Portuguese Grand Prix,Autódromo Internacional do Algarve,ricciardo,3,2,22.355,mclaren,0,27.0872,1,270,60,23.410625150660657,22.844387125959386,-1.0556251506606564,-0.4893871259593858
2021,3,Portuguese Grand Prix,Autódromo Internacional do Algarve,ricciardo,41,3,28.639,mclaren,0,27.0872,1,270,60,23.410625150660657,24.200699908529305,5.2283748493393425,4.438300091470694
2021,3,Portuguese Grand Prix,Autódromo Internacional do Algarve,russell,2,1,23.532,williams,0,27.0872,1,271,60,24.658894422135152,23.73892681814416,-1.1268944221351518,-0.20692681814416147
2021,3,Portuguese Grand Prix,Autódromo Internacional do Algarve,russell,3,2,22.755,williams,0,27.0872,1,271,60,24.658894422135152,23.431513912344872,-1.9038944221351528,-0.6765139123448733
2021,3,Portuguese Grand Prix,Autódromo Internacional do Algarve,russell,28,3,26.843,williams,0,27.0872,1,271,60,24.658894422135152,24.552845607921196,2.184105577864848,2.2901543920788043
2021,3,Portuguese Grand Prix,Autódromo Internacional do Algarve,sainz,2,1,22.029,ferrari,0,27.0872,1,259,60,23.43702977125106,23.070750048728023,-1.4080297712510585,-1.041750048728023
2021,3,Portuguese Grand Prix,Autódromo Internacional do Algarve,sainz,3,2,22.244,ferrari,0,27.0872,1,259,60,23.43702977125106,22.763337142928734,-1.1930297712510587,-0.5193371429287339
2021,3,Portuguese Grand Prix,Autódromo Internacional do Algarve,sainz,21,3,25.892,ferrari,0,27.0872,1,259,60,23.43702977125106,23.75814056089312,2.454970228748941,2.133859439106878
2021,3,Portuguese Grand Prix,Autódromo Internacional do Algarve,stroll,2,1,22.264,aston_martin,0,27.0872,1,271,60,23.624925561269905,23.437102308634568,-1.3609255612699052,-1.1731023086345687
2021,3,Portuguese Grand Prix,Autódromo Internacional do Algarve,stroll,3,2,22.176,aston_martin,0,27.0872,1,271,60,23.624925561269905,23.12968940283528,-1.4489255612699061,-0.9536894028352805
2021,3,Portuguese Grand Prix,Autódromo Internacional do Algarve,stroll,39,3,26.027,aston_martin,0,27.0872,1,271,60,23.624925561269905,24.449851248944647,2.4020744387300965,1.5771487510553541
2021,3,Portuguese Grand Prix,Autódromo Internacional do Algarve,tsunoda,2,1,22.266,alphatauri,0,27.0872,1,202,60,23.147245820800602,23.309160366893273,-0.8812458208006042,-1.0431603668932752
2021,3,Portuguese Grand Prix,Autódromo Internacional do Algarve,tsunoda,3,2,22.542,alphatauri,0,27.0872,1,202,60,23.147245820800602,23.001747461093984,-0.6052458208006009,-0.4597474610939827
2021,3,Portuguese Grand Prix,Autódromo Internacional do Algarve,tsunoda,21,3,26.202,alphatauri,0,27.0872,1,202,60,23.147245820800602,23.996550879058372,3.0547541791993993,2.20544912094163
2021,3,Portuguese Grand Prix,Autódromo Internacional do Algarve,vettel,2,1,21.398,aston_martin,0,27.0872,1,271,60,23.624925561269905,23.437102308634568,-2.226925561269905,-2.0391023086345683
2021,3,Portuguese Grand Prix,Autódromo Internacional do Algarve,vettel,3,2,21.75,aston_martin,0,27.0872,1,271,60,23.624925561269905,23.12968940283528,-1.8749255612699045,-1.3796894028352789
2021,3,Portuguese Grand Prix,Autódromo Internacional do Algarve,vettel,22,3,26.62,aston_martin,0,27.0872,1,271,60,23.624925561269905,24.142568289029942,2.9950744387300965,2.477431710970059
2021,4,Spanish Grand Prix,Circuit de Barcelona-Catalunya,alonso,21,1,22.043,alpine,0,26.945999999999998,1,249,172,22.590629105771303,22.84678060317317,-0.5476291057713034,-0.8037806031731698
2021,4,Spanish Grand Prix,Circuit de Barcelona-Catalunya,alonso,61,2,23.479,alpine,0,26.945999999999998,1,249,172,22.590629105771303,23.244310958354674,0.8883708942286965,0.2346890416453249
2021,4,Spanish Grand Prix,Circuit de Barcelona-Catalunya,bottas,23,1,22.311,mercedes,0,26.945999999999998,1,278,172,22.769311761952277,22.623052991824988,-0.4583117619522774,-0.3120529918249879
2021,4,Spanish Grand Prix,Circuit de Barcelona-Catalunya,bottas,53,2,21.638,mercedes,0,26.945999999999998,1,278,172,22.769311761952277,22.839828664703724,-1.1313117619522757,-1.2018286647037222
2021,4,Spanish Grand Prix,Circuit de Barcelona-Catalunya,gasly,18,1,28.042,alphatauri,0,26.945999999999998,1,202,172,22.10849273912266,22.56238864337997,5.933507260877342,5.479611356620033
2021,4,Spanish Grand Prix,Circuit de Barcelona-Catalunya,gasly,47,2,26.065,alphatauri,0,26.945999999999998,1,202,172,22.10849273912266,22.76108884802843,3.9565072608773413,3.3039111519715725
2021,4,Spanish Grand Prix,Circuit de Barcelona-Catalunya,giovinazzi,8,1,54.673,alfa,0,26.945999999999998,1,194,172,22.56508794635631,22.726723931010124,32.10791205364369,31.946276068989878
2021,4,Spanish Grand Prix,Circuit de Barcelona-Catalunya,giovinazzi,39,2,22.871,alfa,0,26.945999999999998,1,194,172,22.56508794635631,22.961575072119135,0.3059120536436879,-0.09057507211913673
2021,4,Spanish Grand Prix,Circuit de Barcelona-Catalunya,hamilton,28,1,22.22,mercedes,0,26.945999999999998,1,278,172,22.769311761952277,22.71343033297637,-0.5493117619522785,-0.49343033297637007
2021,4,Spanish Grand Prix,Circuit de Barcelona-Catalunya,hamilton,42,2,22.078,mercedes,0,26.945999999999998,1,278,172,22.769311761952277,22.64099851417068,-0.691311761952278,-0.5629985141706797
2021,4,Spanish Grand Prix,Circuit de Barcelona-Catalunya,latifi,9,1,26.672,williams,0,26.945999999999998,1,271,172,23.620141340457206,22.829475880558363,3.051858659542795,3.842524119441638
2021,4,Spanish Grand Prix,Circuit de Barcelona-Catalunya,latifi,27,2,21.424,williams,0,26.945999999999998,1,271,172,23.620141340457206,22.82934593467378,-2.1961413404572063,-1.4053459346737789
2021,4,Spanish Grand Prix,Circuit de Barcelona-Catalunya,latifi,50,3,22.405,williams,0,26.945999999999998,1,271,172,23.620141340457206,23.91452669378955,-1.2151413404572047,-1.5095266937895495
2021,4,Spanish Grand Prix,Circuit de Barcelona-Catalunya,leclerc,28,1,21.613,ferrari,0,26.945999999999998,1,259,172,22.398276689573112,22.504733007517483,-0.7852766895731129,-0.8917330075174839
2021,4,Spanish Grand Prix,Circuit de Barcelona-Catalunya,leclerc,58,2,22.292,ferrari,0,26.945999999999998,1,259,172,22.398276689573112,22.72150868039622,-0.10627668957311087,-0.4295086803962178
2021,4,Spanish Grand Prix,Circuit de Barcelona-Catalunya,maxverstappen,24,1,23.565,red_bull,0,26.945999999999998,1,292,172,22.321146411266504,22.032514351000625,1.2438535887334972,1.5324856489993763
2021,4,Spanish Grand Prix,Circuit de Barcelona-Catalunya,maxverstappen,60,2,21.592,red_bull,0,26.945999999999998,1,292,172,22.321146411266504,22.35774283326102,-0.7291464112665054,-0.7657428332610223
2021,4,Spanish Grand Prix,Circuit de Barcelona-Catalunya,mazepin,22,1,23.098,haas,0,26.945999999999998,1,272,172,23.768691072388854,23.679040207029182,-0.6706910723888555,-0.5810402070291829
2021,4,Spanish Grand Prix,Circuit de Barcelona-Catalunya,mazepin,42,2,22.502,haas,0,26.945999999999998,1,272,172,23.768691072388854,23.715061197605152,-1.2666910723888556,-1.2130611976051533
2021,4,Spanish Grand Prix,Circuit de Barcelona-Catalunya,mickschumacher,23,1,24.006,haas,0,26.945999999999998,1,272,172,23.768691072388854,23.69711567525946,0.23730892761114575,0.3088843247405393
2021,4,Spanish Grand Prix,Circuit de Barcelona-Catalunya,mickschumacher,50,2,22.31,haas,0,26.945999999999998,1,272,172,23.768691072388854,23.859664943447367,-1.4586910723888558,-1.5496649434473682
2021,4,Spanish Grand Prix,Circuit de Barcelona-Catalunya,norris,23,1,21.864,mclaren,0,26.945999999999998,1,270,172,22.37187206898271,22.49540564939675,-0.5078720689827101,-0.6314056493967506
2021,4,Spanish Grand Prix,Circuit de Barcelona-Catalunya,norris,51,2,22.467,mclaren,0,26.945999999999998,1,270,172,22.37187206898271,22.676030385814936,0.09512793101728789,-0.2090303858149376
2021,4,Spanish Grand Prix,Circuit de Barcelona-Catalunya,ocon,23,1,22.798,alpine,0,26.945999999999998,1,249,172,22.590629105771303,22.882931539633724,0.2073708942286956,-0.08493153963372535
2021,4,Spanish Grand Prix,Circuit de Barcelona-Catalunya,perez,27,1,22.382,red_bull,0,26.945999999999998,1,292,172,22.321146411266504,22.086740755691455,0.06085358873349733,0.29525924430854644
2021,4,Spanish Grand Prix,Circuit de Barcelona-Catalunya,perez,57,2,21.345,red_bull,0,26.945999999999998,1,292,172,22.321146411266504,22.30351642857019,-0.9761464112665053,-0.9585164285701921
2021,4,Spanish Grand Prix,Circuit de Barcelona-Catalunya,raikkonen,37,1,21.572,alfa,0,26.945999999999998,1,194,172,22.56508794635631,23.250912509688145,-0.9930879463563116,-1.6789125096881463
2021,4,Spanish Grand Prix,Circuit de Barcelona-Catalunya,ricciardo,25,1,22.406,mclaren,0,26.945999999999998,1,270,172,22.37187206898271,22.531556585857306,0.03412793101728795,-0.1255565858573071
2021,4,Spanish Grand Prix,Circuit de Barcelona-Catalunya,ricciardo,46,2,21.762,mclaren,0,26.945999999999998,1,270,172,22.37187206898271,22.58565304466355,-0.6098720689827104,-0.8236530446635513
2021,4,Spanish Grand Prix,Circuit de Barcelona-Catalunya,russell,9,1,23.814,williams,0,26.945999999999998,1,271,172,23.620141340457206,22.829475880558363,0.19385865954279424,0.9845241194416374
2021,4,Spanish Grand Prix,Circuit de Barcelona-Catalunya,russell,28,2,21.919,williams,0,26.945999999999998,1,271,172,23.620141340457206,22.847421402904054,-1.7011413404572053,-0.9284214029040534
2021,4,Spanish Grand Prix,Circuit de Barcelona-Catalunya,sainz,22,1,21.779,ferrari,0,26.945999999999998,1,259,172,22.398276689573112,22.396280198135823,-0.6192766895731125,-0.6172801981358234
2021,4,Spanish Grand Prix,Circuit de Barcelona-Catalunya,sainz,46,2,21.856,ferrari,0,26.945999999999998,1,259,172,22.398276689573112,22.5046030616329,-0.5422766895731108,-0.6486030616328975
2021,4,Spanish Grand Prix,Circuit de Barcelona-Catalunya,stroll,22,1,21.756,aston_martin,0,26.945999999999998,1,271,172,22.58617247959196,22.76263245804237,-0.8301724795919583,-1.0066324580423682
2021,4,Spanish Grand Prix,Circuit de Barcelona-Catalunya,stroll,39,2,21.432,aston_martin,0,26.945999999999998,1,271,172,22.58617247959196,22.74442704392751,-1.15417247959196,-1.31242704392751
2021,4,Spanish Grand Prix,Circuit de Barcelona-Catalunya,vettel,21,1,23.087,aston_martin,0,26.945999999999998,1,271,172,22.58617247959196,22.744556989812093,0.5008275204080412,0.3424430101879068
2021,4,Spanish Grand Prix,Circuit de Barcelona-Catalunya,vettel,38,2,21.973,aston_martin,0,26.945999999999998,1,271,172,22.58617247959196,22.726351575697233,-0.6131724795919595,-0.7533515756972342
2021,5,Monaco Grand Prix,Circuit de Monaco,alonso,45,1,23.803,alpine,0,24.8375,1,249,71,19.90461703412053,25.236067322735018,3.8983829658794704,-1.4330673227350168
2021,5,Monaco Grand Prix,Circuit de Monaco,gasly,30,1,24.428,alphatauri,0,24.8375,1,202,71,19.422480667471888,24.734769744178497,5.005519332528113,-0.3067697441784958
2021,5,Monaco Grand Prix,Circuit de Monaco,giovinazzi,33,1,24.521,alfa,0,24.8375,1,194,71,19.87907587470554,25.134086118802248,4.641924125294462,-0.6130861188022472
2021,5,Monaco Grand Prix,Circuit de Monaco,hamilton,29,1,23.783,mercedes,0,24.8375,1,278,71,20.083299690301505,24.686981283241856,3.699700309698496,-0.9039812832418548
2021,5,Monaco Grand Prix,Circuit de Monaco,hamilton,67,2,24.244,mercedes,0,24.8375,1,278,71,20.083299690301505,25.048360701962807,4.160700309698495,-0.804360701962807
2021,5,Monaco Grand Prix,Circuit de Monaco,latifi,43,1,23.703,williams,0,24.8375,1,271,71,20.934129268806437,25.39951728242298,2.7688707311935623,-1.696517282422981
2021,5,Monaco Grand Prix,Circuit de Monaco,maxverstappen,34,1,23.746,red_bull,0,24.8375,1,292,71,19.635134339615732,24.168744515338602,4.110865660384267,-0.4227445153386036
2021,5,Monaco Grand Prix,Circuit de Monaco,mazepin,34,1,25.202,haas,0,24.8375,1,272,71,21.082679000738086,25.851421307827714,4.119320999261916,-0.649421307827712
2021,5,Monaco Grand Prix,Circuit de Monaco,mickschumacher,37,1,24.797,haas,0,24.8375,1,272,71,21.082679000738086,25.905647712518544,3.714320999261915,-1.1086477125185432
2021,5,Monaco Grand Prix,Circuit de Monaco,norris,30,1,23.874,mclaren,0,24.8375,1,270,71,19.685859997331942,24.5774094090439,4.188140002668057,-0.7034094090438998
2021,5,Monaco Grand Prix,Circuit de Monaco,ocon,37,1,23.935,alpine,0,24.8375,1,249,71,19.90461703412053,25.091463576892803,4.030382965879468,-1.1564635768928042
2021,5,Monaco Grand Prix,Circuit de Monaco,perez,35,1,24.548,red_bull,0,24.8375,1,292,71,19.635134339615732,24.186819983568878,4.912865660384266,0.3611800164311205
2021,5,Monaco Grand Prix,Circuit de Monaco,raikkonen,43,1,24.077,alfa,0,24.8375,1,194,71,19.87907587470554,25.314840801105014,4.197924125294463,-1.237840801105012
2021,5,Monaco Grand Prix,Circuit de Monaco,ricciardo,36,1,24.715,mclaren,0,24.8375,1,270,71,19.685859997331942,24.68586221842556,5.029140002668058,0.029137781574441135
2021,5,Monaco Grand Prix,Circuit de Monaco,russell,31,1,23.928,williams,0,24.8375,1,271,71,20.934129268806437,25.18261166365966,2.9938707311935637,-1.2546116636596594
2021,5,Monaco Grand Prix,Circuit de Monaco,sainz,32,1,24.15,ferrari,0,24.8375,1,259,71,19.71226461792234,24.532510362473797,4.437735382077658,-0.38251036247379844
2021,5,Monaco Grand Prix,Circuit de Monaco,stroll,58,1,23.474,aston_martin,0,24.8375,1,271,71,19.90016040794119,25.368824796367537,3.5738395920588104,-1.894824796367537
2021,5,Monaco Grand Prix,Circuit de Monaco,tsunoda,64,1,24.43,alphatauri,0,24.8375,1,202,71,19.422480667471888,25.349335664007903,5.007519332528112,-0.9193356640079031
2021,5,Monaco Grand Prix,Circuit de Monaco,vettel,31,1,24.369,aston_martin,0,24.8375,1,271,71,19.90016040794119,24.880787154150067,4.46883959205881,-0.5117871541500669
2021,6,Azerbaijan Grand Prix,Baku City Circuit,alonso,48,4,2.014526,alpine,0,2.0385726,0,249,88,17.812415605336966,3.645846223181693,-15.797889605336966,-1.6313202231816928
2021,6,Azerbaijan Grand Prix,Baku City Circuit,bottas,48,3,2.035229,mercedes,0,2.0385726,0,278,88,17.99109826151794,1.0008448407573796,-15.95586926151794,1.0343841592426206
2021,6,Azerbaijan Grand Prix,Baku City Circuit,gasly,48,3,2.00183,alphatauri,0,2.0385726,0,202,88,17.330279238688323,1.0305578334637429,-15.328449238688323,0.9712721665362571
2021,6,Azerbaijan Grand Prix,Baku City Circuit,giovinazzi,48,4,2.017324,alfa,0,2.0385726,0,194,88,17.786874445921978,3.7607706380122425,-15.769550445921977,-1.7434466380122426
2021,6,Azerbaijan Grand Prix,Baku City Circuit,hamilton,48,3,2.000923,mercedes,0,2.0385726,0,278,88,17.99109826151794,1.0008448407573796,-15.99017526151794,1.0000781592426202
2021,6,Azerbaijan Grand Prix,Baku City Circuit,latifi,48,2,2.048175,williams,0,2.0385726,1,271,88,18.841927840022873,22.154112878108435,-16.793752840022872,-20.105937878108435
2021,6,Azerbaijan Grand Prix,Baku City Circuit,leclerc,48,3,2.002544,ferrari,0,2.0385726,0,259,88,17.62006318913878,0.7921475152984927,-15.617519189138779,1.2103964847015072
2021,6,Azerbaijan Grand Prix,Baku City Circuit,mazepin,47,5,1.828965,haas,0,2.0385726,0,272,88,18.99047757195452,4.588457148864867,-17.16151257195452,-2.759492148864867
2021,6,Azerbaijan Grand Prix,Baku City Circuit,mickschumacher,48,5,2.014176,haas,0,2.0385726,0,272,88,18.99047757195452,4.606532617095143,-16.976301571954522,-2.5923566170951426
2021,6,Azerbaijan Grand Prix,Baku City Circuit,norris,48,3,2.010409,mclaren,0,2.0385726,0,270,88,17.593658568548378,0.8731974983291444,-15.583249568548379,1.1372115016708557
2021,6,Azerbaijan Grand Prix,Baku City Circuit,perez,48,3,1.9984659999999999,red_bull,0,2.0385726,0,292,88,17.54293291083217,0.3922307317027416,-15.54446691083217,1.6062352682972583
2021,6,Azerbaijan Grand Prix,Baku City Circuit,raikkonen,48,3,2.016437,alfa,0,2.0385726,0,194,88,17.786874445921978,1.3756478033966646,-15.770437445921978,0.6407891966033352
2021,6,Azerbaijan Grand Prix,Baku City Circuit,ricciardo,48,3,2.015163,mclaren,0,2.0385726,0,270,88,17.593658568548378,0.8731974983291444,-15.578495568548378,1.1419655016708554
2021,6,Azerbaijan Grand Prix,Baku City Circuit,russell,48,4,2.036172,williams,0,2.0385726,0,271,88,18.841927840022873,3.8454471193302076,-16.805755840022872,-1.8092751193302075
2021,6,Azerbaijan Grand Prix,Baku City Circuit,sainz,48,3,2.012724,ferrari,0,2.0385726,0,259,88,17.62006318913878,0.7921475152984927,-15.607339189138779,1.2205764847015073
2021,6,Azerbaijan Grand Prix,Baku City Circuit,tsunoda,48,3,2.003526,alphatauri,0,2.0385726,0,202,88,17.330279238688323,1.0305578334637429,-15.326753238688323,0.9729681665362571
2021,6,Azerbaijan Grand Prix,Baku City Circuit,vettel,48,3,2.000416,aston_martin,0,2.0385726,0,271,88,17.807958979157625,1.1584997752050388,-15.807542979157626,0.8419162247949612
2021,7,French Grand Prix,Circuit Paul Ricard,alonso,18,1,31.288,alpine,0,31.365949999999998,1,249,47,34.52832253256644,34.77644309344809,-3.2403225325664415,-3.488443093448087
2021,7,French Grand Prix,Circuit Paul Ricard,bottas,17,1,30.572,mercedes,0,31.365949999999998,1,278,47,34.70700518874742,34.498489077409076,-4.135005188747417,-3.9264890774090766
2021,7,French Grand Prix,Circuit Paul Ricard,gasly,17,1,30.781,alphatauri,0,31.365949999999998,1,202,47,34.046186165917796,34.52820207011544,-3.2651861659177968,-3.747202070115442
2021,7,French Grand Prix,Circuit Paul Ricard,giovinazzi,28,1,30.586,alfa,0,31.365949999999998,1,194,47,34.50278137315145,35.0721221905814,-3.9167813731514514,-4.486122190581405
2021,7,French Grand Prix,Circuit Paul Ricard,hamilton,19,1,30.263,mercedes,0,31.365949999999998,1,278,47,34.70700518874742,34.53464001386963,-4.444005188747415,-4.271640013869625
2021,7,French Grand Prix,Circuit Paul Ricard,latifi,18,1,29.775,williams,0,31.365949999999998,1,271,47,35.557834767252345,34.976043989596604,-5.782834767252346,-5.201043989596606
2021,7,French Grand Prix,Circuit Paul Ricard,leclerc,14,1,30.798,ferrari,0,31.365949999999998,1,259,47,34.33597011636825,34.23556534725936,-3.5379701163682533,-3.437565347259362
2021,7,French Grand Prix,Circuit Paul Ricard,leclerc,38,2,31.368,ferrari,0,31.365949999999998,1,259,47,34.33597011636825,34.34388821075643,-2.967970116368253,-2.975888210756434
2021,7,French Grand Prix,Circuit Paul Ricard,maxverstappen,18,1,29.803,red_bull,0,31.365949999999998,1,292,47,34.25883983806165,33.90795043658471,-4.455839838061646,-4.104950436584712
2021,7,French Grand Prix,Circuit Paul Ricard,maxverstappen,32,2,30.123,red_bull,0,31.365949999999998,1,292,47,34.25883983806165,33.83551861777902,-4.135839838061646,-3.712518617779022
2021,7,French Grand Prix,Circuit Paul Ricard,mazepin,31,1,30.983,haas,0,31.365949999999998,1,272,47,35.706384499184,35.825608316067424,-4.723384499183997,-4.842608316067423
2021,7,French Grand Prix,Circuit Paul Ricard,mickschumacher,15,1,31.457,haas,0,31.365949999999998,1,272,47,35.706384499184,35.536400824382994,-4.249384499183996,-4.079400824382994
2021,7,French Grand Prix,Circuit Paul Ricard,norris,24,1,30.531,mclaren,0,31.365949999999998,1,270,47,34.30956549577785,34.49737001259278,-3.7785654957778547,-3.966370012592783
2021,7,French Grand Prix,Circuit Paul Ricard,ocon,28,1,30.207,alpine,0,31.365949999999998,1,249,47,34.52832253256644,34.957197775750856,-4.321322532566441,-4.7501977757508556
2021,7,French Grand Prix,Circuit Paul Ricard,perez,24,1,29.682,red_bull,0,31.365949999999998,1,292,47,34.25883983806165,34.01640324596637,-4.576839838061648,-4.334403245966374
2021,7,French Grand Prix,Circuit Paul Ricard,raikkonen,33,1,31.327,alfa,0,31.365949999999998,1,194,47,34.50278137315145,35.16249953173279,-3.175781373151448,-3.83549953173279
2021,7,French Grand Prix,Circuit Paul Ricard,ricciardo,16,1,29.951,mclaren,0,31.365949999999998,1,270,47,34.30956549577785,34.352766266750564,-4.358565495777853,-4.401766266750563
2021,7,French Grand Prix,Circuit Paul Ricard,russell,17,1,30.092,williams,0,31.365949999999998,1,271,47,35.557834767252345,34.957968521366325,-5.465834767252346,-4.865968521366327
2021,7,French Grand Prix,Circuit Paul Ricard,sainz,17,1,30.534,ferrari,0,31.365949999999998,1,259,47,34.33597011636825,34.28979175195019,-3.8019701163682527,-3.7557917519501913
2021,7,French Grand Prix,Circuit Paul Ricard,stroll,34,1,30.996,aston_martin,0,31.365949999999998,1,271,47,34.5238659063871,34.96342697177144,-3.5278659063871025,-3.9674269717714417
2021,7,French Grand Prix,Circuit Paul Ricard,tsunoda,15,1,30.226,alphatauri,0,31.365949999999998,1,202,47,34.046186165917796,34.49205113365488,-3.8201861659177965,-4.266051133654884
2021,7,French Grand Prix,Circuit Paul Ricard,vettel,37,1,31.069,aston_martin,0,31.365949999999998,1,271,47,34.5238659063871,35.01765337646226,-3.454865906387102,-3.948653376462264
2021,8,Styrian Grand Prix,Red Bull Ring,alonso,27,1,21.131,alpine,0,36.61739999999999,1,249,192,22.069031177667675,22.329042717958067,-0.9380311776676749,-1.1980427179580673
2021,8,Styrian Grand Prix,Red Bull Ring,bottas,27,1,21.752,mercedes,0,36.61739999999999,1,278,192,22.24771383384865,22.069164170149335,-0.49571383384865086,-0.3171641701493364
2021,8,Styrian Grand Prix,Red Bull Ring,giovinazzi,23,1,21.21,alfa,0,36.61739999999999,1,194,192,22.043490018252683,22.371665259867513,-0.8334900182526823,-1.1616652598675117
2021,8,Styrian Grand Prix,Red Bull Ring,hamilton,28,1,21.219,mercedes,0,36.61739999999999,1,278,192,22.24771383384865,22.08723963837961,-1.0287138338486486,-0.8682396383796096
2021,8,Styrian Grand Prix,Red Bull Ring,hamilton,69,2,21.64,mercedes,0,36.61739999999999,1,278,192,22.24771383384865,22.50284546179139,-0.6077138338486492,-0.862845461791391
2021,8,Styrian Grand Prix,Red Bull Ring,latifi,25,2,21.953,williams,0,36.61739999999999,1,271,192,23.098543412353578,22.167004303616466,-1.1455434123535788,-0.21400430361646627
2021,8,Styrian Grand Prix,Red Bull Ring,leclerc,37,2,21.924,ferrari,0,36.61739999999999,1,259,192,21.876678761469485,21.71573315296365,0.04732123853051462,0.20826684703634868
2021,8,Styrian Grand Prix,Red Bull Ring,maxverstappen,29,1,20.936,red_bull,0,36.61739999999999,1,292,192,21.799548483162877,21.49670099755525,-0.8635484831628766,-0.5607009975552515
2021,8,Styrian Grand Prix,Red Bull Ring,mazepin,21,1,22.759,haas,0,36.61739999999999,1,272,192,23.247093144285227,23.03477404420215,-0.48809314428522654,-0.2757740442021479
2021,8,Styrian Grand Prix,Red Bull Ring,mickschumacher,33,1,22.4,haas,0,36.61739999999999,1,272,192,23.247093144285227,23.25167966296547,-0.8470931442852283,-0.8516796629654699
2021,8,Styrian Grand Prix,Red Bull Ring,norris,31,1,21.692,mclaren,0,36.61739999999999,1,270,192,21.850274140879083,22.013818700642204,-0.1582741408790831,-0.3218187006422042
2021,8,Styrian Grand Prix,Red Bull Ring,ocon,36,1,21.238,alpine,0,36.61739999999999,1,249,192,22.069031177667675,22.491721932030558,-0.8310311776676755,-1.2537219320305582
2021,8,Styrian Grand Prix,Red Bull Ring,perez,26,1,23.477,red_bull,0,36.61739999999999,1,292,192,21.799548483162877,21.44247459286442,1.6774515168371238,2.034525407135579
2021,8,Styrian Grand Prix,Red Bull Ring,perez,54,2,20.961,red_bull,0,36.61739999999999,1,292,192,21.799548483162877,21.623099329282603,-0.838548483162878,-0.6620993292826043
2021,8,Styrian Grand Prix,Red Bull Ring,raikkonen,36,1,21.227,alfa,0,36.61739999999999,1,194,192,22.043490018252683,22.606646346861112,-0.8164900182526829,-1.3796463468611115
2021,8,Styrian Grand Prix,Red Bull Ring,ricciardo,41,1,21.41,mclaren,0,36.61739999999999,1,270,192,21.850274140879083,22.194573382944974,-0.4402741408790831,-0.7845733829449735
2021,8,Styrian Grand Prix,Red Bull Ring,russell,25,1,37.309,williams,0,36.61739999999999,1,271,192,23.098543412353578,22.49249267764603,14.21045658764642,14.816507322353967
2021,8,Styrian Grand Prix,Red Bull Ring,russell,26,2,46.315,williams,0,36.61739999999999,1,271,192,23.098543412353578,22.185079771846745,23.21645658764642,24.129920228153253
2021,8,Styrian Grand Prix,Red Bull Ring,sainz,41,1,21.226,ferrari,0,36.61739999999999,1,259,192,21.876678761469485,22.11352339991432,-0.6506787614694858,-0.8875233999143219
2021,8,Styrian Grand Prix,Red Bull Ring,stroll,28,1,20.936,aston_martin,0,36.61739999999999,1,271,192,22.06457455148833,22.24489457282727,-1.128574551488331,-1.3088945728272705
2021,8,Styrian Grand Prix,Red Bull Ring,tsunoda,26,1,21.234,alphatauri,0,36.61739999999999,1,202,192,21.586894811019032,22.08080169462542,-0.35289481101903064,-0.8468016946254195
2021,8,Styrian Grand Prix,Red Bull Ring,vettel,27,1,21.546,aston_martin,0,36.61739999999999,1,271,192,22.06457455148833,22.226819104596995,-0.5185745514883315,-0.6808191045969956
2021,9,Austrian Grand Prix,Red Bull Ring,alonso,32,1,22.663,alpine,0,26.577999999999996,1,249,192,22.069031177667675,22.419420059109456,0.5939688223323252,0.24357994089054458
2021,9,Austrian Grand Prix,Red Bull Ring,bottas,30,1,21.071,mercedes,0,26.577999999999996,1,278,192,22.24771383384865,22.123390574840165,-1.1767138338486482,-1.0523905748401639
2021,9,Austrian Grand Prix,Red Bull Ring,gasly,13,1,22.564,alphatauri,0,26.577999999999996,1,202,192,21.586894811019032,21.845820607631822,0.9771051889809677,0.7181793923681781
2021,9,Austrian Grand Prix,Red Bull Ring,gasly,45,2,20.85,alphatauri,0,26.577999999999996,1,202,192,21.586894811019032,22.098747216971113,-0.736894811019031,-1.2487472169711111
2021,9,Austrian Grand Prix,Red Bull Ring,giovinazzi,29,2,27.122,alfa,0,26.577999999999996,1,194,192,22.043490018252683,22.15462969521961,5.078509981747317,4.967370304780388
2021,9,Austrian Grand Prix,Red Bull Ring,hamilton,31,1,21.005,mercedes,0,26.577999999999996,1,278,192,22.24771383384865,22.14146604307044,-1.2427138338486508,-1.1364660430704419
2021,9,Austrian Grand Prix,Red Bull Ring,hamilton,53,2,21.421,mercedes,0,26.577999999999996,1,278,192,22.24771383384865,22.213637970106966,-0.8267138338486504,-0.7926379701069663
2021,9,Austrian Grand Prix,Red Bull Ring,latifi,33,1,21.152,williams,0,26.577999999999996,1,271,192,23.098543412353578,22.637096423488245,-1.9465434123535772,-1.485096423488244
2021,9,Austrian Grand Prix,Red Bull Ring,leclerc,34,1,21.143,ferrari,0,26.577999999999996,1,259,192,21.876678761469485,21.986995122302382,-0.7336787614694842,-0.8439951223023812
2021,9,Austrian Grand Prix,Red Bull Ring,maxverstappen,32,1,21.09,red_bull,0,26.577999999999996,1,292,192,21.799548483162877,21.55092740224608,-0.7095484831628767,-0.46092740224608164
2021,9,Austrian Grand Prix,Red Bull Ring,maxverstappen,60,2,21.236,red_bull,0,26.577999999999996,1,292,192,21.799548483162877,21.731552138664263,-0.5635484831628759,-0.4955521386642623
2021,9,Austrian Grand Prix,Red Bull Ring,mazepin,45,2,23.182,haas,0,26.577999999999996,1,272,192,23.247093144285227,23.143096907699224,-0.06509314428522828,0.03890309230077449
2021,9,Austrian Grand Prix,Red Bull Ring,mickschumacher,34,1,21.798,haas,0,26.577999999999996,1,272,192,23.247093144285227,23.269755131195744,-1.4490931442852286,-1.4717551311957457
2021,9,Austrian Grand Prix,Red Bull Ring,norris,30,1,26.474,mclaren,0,26.577999999999996,1,270,192,21.850274140879083,21.995743232411932,4.623725859120917,4.478256767588068
2021,9,Austrian Grand Prix,Red Bull Ring,perez,32,1,21.735,red_bull,0,26.577999999999996,1,292,192,21.799548483162877,21.55092740224608,-0.06454848316287709,0.18407259775391793
2021,9,Austrian Grand Prix,Red Bull Ring,raikkonen,37,1,21.896,alfa,0,26.577999999999996,1,194,192,22.043490018252683,22.624721815091384,-0.14749001825268238,-0.728721815091383
2021,9,Austrian Grand Prix,Red Bull Ring,ricciardo,29,1,21.151,mclaren,0,26.577999999999996,1,270,192,21.850274140879083,21.977667764181653,-0.6992741408790835,-0.8266677641816536
2021,9,Austrian Grand Prix,Red Bull Ring,russell,30,1,21.606,williams,0,26.577999999999996,1,271,192,23.098543412353578,22.582870018797415,-1.4925434123535766,-0.9768700187974133
2021,9,Austrian Grand Prix,Red Bull Ring,sainz,48,1,21.431,ferrari,0,26.577999999999996,1,259,192,21.876678761469485,22.24005167752626,-0.44567876146948393,-0.8090516775262593
2021,9,Austrian Grand Prix,Red Bull Ring,stroll,14,1,21.391,aston_martin,0,26.577999999999996,1,271,192,22.06457455148833,21.9918380176034,-0.6735745514883327,-0.6008380176034009
2021,9,Austrian Grand Prix,Red Bull Ring,stroll,46,2,21.472,aston_martin,0,26.577999999999996,1,271,192,22.06457455148833,22.244764626942686,-0.5925745514883296,-0.7727646269426849
2021,9,Austrian Grand Prix,Red Bull Ring,tsunoda,12,1,21.145,alphatauri,0,26.577999999999996,1,202,192,21.586894811019032,21.827745139401546,-0.44189481101903283,-0.6827451394015469
2021,9,Austrian Grand Prix,Red Bull Ring,tsunoda,51,2,26.604,alphatauri,0,26.577999999999996,1,202,192,21.586894811019032,22.207200026352773,5.017105188980967,4.3967999736472265
2021,9,Austrian Grand Prix,Red Bull Ring,vettel,17,1,21.086,aston_martin,0,26.577999999999996,1,271,192,22.06457455148833,22.04606442229423,-0.9785745514883324,-0.9600644222942307
2021,9,Austrian Grand Prix,Red Bull Ring,vettel,49,2,20.841,aston_martin,0,26.577999999999996,1,271,192,22.06457455148833,22.298991031633516,-1.2235745514883298,-1.4579910316335152
2021,10,British Grand Prix,Silverstone Circuit,alonso,2,1,2.05858,alpine,0,2.0769957,0,249,87,23.230334848698753,6.224843745005591,-21.171754848698754,-4.166263745005591
2021,10,British Grand Prix,Silverstone Circuit,bottas,2,1,2.049149,mercedes,0,2.0769957,0,278,87,23.409017504879728,5.9649651971968565,-21.359868504879728,-3.9158161971968566
2021,10,British Grand Prix,Silverstone Circuit,gasly,2,1,2.067244,alphatauri,0,2.0769957,0,202,87,22.74819848205011,5.99467818990322,-20.68095448205011,-3.9274341899032197
2021,10,British Grand Prix,Silverstone Circuit,giovinazzi,2,1,2.07025,alfa,0,2.0769957,0,194,87,23.20479368928376,6.339768159836141,-21.13454368928376,-4.2695181598361405
2021,10,British Grand Prix,Silverstone Circuit,hamilton,2,1,2.048376,mercedes,0,2.0769957,0,278,87,23.409017504879728,5.9649651971968565,-21.360641504879727,-3.9165891971968563
2021,10,British Grand Prix,Silverstone Circuit,latifi,2,1,2.0771640000000002,williams,0,2.0769957,1,271,87,24.259847083384656,27.78767822436732,-22.182683083384656,-25.71051422436732
2021,10,British Grand Prix,Silverstone Circuit,leclerc,2,1,2.047731,ferrari,0,2.0769957,0,259,87,23.037982432500563,5.756267871737968,-20.990251432500564,-3.708536871737968
2021,10,British Grand Prix,Silverstone Circuit,mazepin,2,1,2.076977,haas,0,2.0769957,0,272,87,24.408396815316305,7.03902788063133,-22.331419815316305,-4.962050880631329
2021,10,British Grand Prix,Silverstone Circuit,mickschumacher,2,1,2.0757280000000002,haas,0,2.0769957,0,272,87,24.408396815316305,7.03902788063133,-22.332668815316303,-4.963299880631329
2021,10,British Grand Prix,Silverstone Circuit,norris,2,1,2.052218,mclaren,0,2.0769957,0,270,87,23.01157781191016,5.83731785476862,-20.95935981191016,-3.78509985476862
2021,10,British Grand Prix,Silverstone Circuit,ocon,2,1,2.066994,alpine,0,2.0769957,0,249,87,23.230334848698753,6.224843745005591,-21.163340848698752,-4.157849745005591
2021,10,British Grand Prix,Silverstone Circuit,perez,2,1,2.0764050000000003,red_bull,0,2.0769957,0,292,87,22.960852154193955,5.356351088142218,-20.884447154193953,-3.2799460881422178
2021,10,British Grand Prix,Silverstone Circuit,raikkonen,2,1,2.0629839999999997,alfa,0,2.0769957,0,194,87,23.20479368928376,6.339768159836141,-21.14180968928376,-4.276784159836142
2021,10,British Grand Prix,Silverstone Circuit,ricciardo,2,1,2.051281,mclaren,0,2.0769957,0,270,87,23.01157781191016,5.83731785476862,-20.960296811910162,-3.78603685476862
2021,10,British Grand Prix,Silverstone Circuit,russell,2,1,2.072543,williams,0,2.0769957,0,271,87,24.259847083384656,6.424444641154106,-22.187304083384657,-4.351901641154106
2021,10,British Grand Prix,Silverstone Circuit,sainz,2,1,2.059122,ferrari,0,2.0769957,0,259,87,23.037982432500563,5.756267871737968,-20.978860432500564,-3.6971458717379684
2021,10,British Grand Prix,Silverstone Circuit,stroll,2,1,2.0678609999999997,aston_martin,0,2.0769957,0,271,87,23.22587822251941,6.122620131644515,-21.15801722251941,-4.0547591316445155
2021,10,British Grand Prix,Silverstone Circuit,tsunoda,2,1,2.075695,alphatauri,0,2.0769957,0,202,87,22.74819848205011,5.99467818990322,-20.67250348205011,-3.9189831899032197
2021,10,British Grand Prix,Silverstone Circuit,vettel,2,1,2.055222,aston_martin,0,2.0769957,0,271,87,23.22587822251941,6.122620131644515,-21.17065622251941,-4.067398131644515
2021,11,Hungarian Grand Prix,Hungaroring,alonso,2,1,1.454979,alpine,0,1.4576837,0,249,133,19.744935185683524,0.6458829350549076,-18.289956185683522,0.8090960649450925
2021,11,Hungarian Grand Prix,Hungaroring,gasly,2,1,1.457615,alphatauri,0,1.4576837,0,202,133,19.262798819034877,0.41571737995253555,-17.805183819034877,1.0418976200474646
2021,11,Hungarian Grand Prix,Hungaroring,giovinazzi,2,2,1.456349,alfa,0,1.4576837,0,194,133,19.71939402626853,0.43531897585589263,-18.263045026268532,1.0210300241441073
2021,11,Hungarian Grand Prix,Hungaroring,hamilton,2,1,1.449259,mercedes,0,1.4576837,0,278,133,19.923617841864495,0.38600438724617225,-18.474358841864493,1.0632546127538278
2021,11,Hungarian Grand Prix,Hungaroring,latifi,2,1,1.454435,williams,0,1.4576837,0,271,133,20.774447420369427,0.8454838312034223,-19.320012420369427,0.6089511687965776
2021,11,Hungarian Grand Prix,Hungaroring,maxverstappen,2,2,1.456349,red_bull,0,1.4576837,0,292,133,19.475452491178725,-0.5480980958380304,-18.019103491178726,2.0044470958380303
2021,11,Hungarian Grand Prix,Hungaroring,mazepin,2,2,1.4574200000000002,haas,0,1.4576837,0,272,133,20.922997152301075,1.1345786966510811,-19.465577152301076,0.32284130334891903
2021,11,Hungarian Grand Prix,Hungaroring,mickschumacher,2,1,1.457042,haas,0,1.4576837,0,272,133,20.922997152301075,1.4600670706806458,-19.465955152301074,-0.003025070680645836
2021,11,Hungarian Grand Prix,Hungaroring,ocon,2,1,1.45019,alpine,0,1.4576837,0,249,133,19.744935185683524,0.6458829350549076,-18.294745185683524,0.8043070649450925
2021,11,Hungarian Grand Prix,Hungaroring,raikkonen,2,1,1.4578440000000001,alfa,0,1.4576837,1,194,133,19.71939402626853,22.12404093309867,-18.26155002626853,-20.666196933098668
2021,11,Hungarian Grand Prix,Hungaroring,ricciardo,2,1,1.457127,mclaren,0,1.4576837,0,270,133,19.52617814889493,0.2583570448179371,-18.069051148894932,1.198769955182063
2021,11,Hungarian Grand Prix,Hungaroring,russell,2,1,1.457487,williams,0,1.4576837,0,271,133,20.774447420369427,0.8454838312034223,-19.316960420369426,0.6120031687965777
2021,11,Hungarian Grand Prix,Hungaroring,sainz,2,1,1.4525270000000001,ferrari,0,1.4576837,0,259,133,19.552582769485333,0.17730706178728495,-18.100055769485333,1.2752199382127152
2021,11,Hungarian Grand Prix,Hungaroring,tsunoda,2,1,1.4536300000000002,alphatauri,0,1.4576837,0,202,133,19.262798819034877,0.41571737995253555,-17.809168819034877,1.0379126200474647
2021,11,Hungarian Grand Prix,Hungaroring,vettel,2,1,1.4518900000000001,aston_martin,0,1.4576837,0,271,133,19.74047855950418,0.5436593216938315,-18.28858855950418,0.9082306783061687
2021,13,Dutch Grand Prix,Circuit Park Zandvoort,alonso,33,1,19.018,alpine,0,25.150999999999996,1,249,144,17.761788307223867,21.97282202026793,1.2562116927761338,-2.9548220202679296
2021,13,Dutch Grand Prix,Circuit Park Zandvoort,bottas,31,1,18.873,mercedes,0,25.150999999999996,1,278,144,17.940470963404838,21.676792535998644,0.9325290365951631,-2.8037925359986424
2021,13,Dutch Grand Prix,Circuit Park Zandvoort,bottas,67,2,21.73,mercedes,0,25.150999999999996,1,278,144,17.940470963404838,22.002021018259036,3.7895290365951624,-0.2720210182590357
2021,13,Dutch Grand Prix,Circuit Park Zandvoort,gasly,24,1,19.163,alphatauri,0,25.150999999999996,1,202,144,17.27965194057522,21.57997725109307,1.8833480594247796,-2.416977251093069
2021,13,Dutch Grand Prix,Circuit Park Zandvoort,giovinazzi,27,1,19.049,alfa,0,25.150999999999996,1,194,144,17.736247147808875,21.97929362571682,1.3127528521911245,-2.9302936257168213
2021,13,Dutch Grand Prix,Circuit Park Zandvoort,giovinazzi,33,2,20.043,alfa,0,25.150999999999996,1,194,144,17.736247147808875,21.762258061068916,2.3067528521911242,-1.719258061068917
2021,13,Dutch Grand Prix,Circuit Park Zandvoort,hamilton,20,1,19.77,mercedes,0,25.150999999999996,1,278,144,17.940470963404838,21.477962385465602,1.8295290365951615,-1.7079623854656028
2021,13,Dutch Grand Prix,Circuit Park Zandvoort,hamilton,39,2,18.868,mercedes,0,25.150999999999996,1,278,144,17.940470963404838,21.495907907811294,0.9275290365951605,-2.627907907811295
2021,13,Dutch Grand Prix,Circuit Park Zandvoort,hamilton,70,3,19.202,mercedes,0,25.150999999999996,1,278,144,17.940470963404838,22.725692412769277,1.2615290365951637,-3.5236924127692753
2021,13,Dutch Grand Prix,Circuit Park Zandvoort,kubica,40,1,19.708,alfa,0,25.150999999999996,1,194,144,17.736247147808875,22.214274712710417,1.9717528521911234,-2.506274712710418
2021,13,Dutch Grand Prix,Circuit Park Zandvoort,latifi,23,1,20.646,williams,0,25.150999999999996,1,271,144,18.79130054190977,21.991668234113682,1.8546994580902307,-1.3456682341136812
2021,13,Dutch Grand Prix,Circuit Park Zandvoort,leclerc,34,1,19.49,ferrari,0,25.150999999999996,1,259,144,17.569435891025677,21.522321615230585,1.9205641089743217,-2.032321615230586
2021,13,Dutch Grand Prix,Circuit Park Zandvoort,maxverstappen,21,1,19.142,red_bull,0,25.150999999999996,1,292,144,17.49230561271907,20.88742374464124,1.649694387280931,-1.74542374464124
2021,13,Dutch Grand Prix,Circuit Park Zandvoort,maxverstappen,40,2,18.578,red_bull,0,25.150999999999996,1,292,144,17.49230561271907,20.90536926698693,1.085694387280931,-2.3273692669869313
2021,13,Dutch Grand Prix,Circuit Park Zandvoort,mazepin,33,1,19.999,haas,0,25.150999999999996,1,272,144,18.93985027384142,22.78700615589367,1.05914972615858,-2.7880061558936724
2021,13,Dutch Grand Prix,Circuit Park Zandvoort,mickschumacher,4,1,35.573,haas,0,25.150999999999996,1,272,144,18.93985027384142,22.26281757721565,16.63314972615858,13.31018242278435
2021,13,Dutch Grand Prix,Circuit Park Zandvoort,mickschumacher,30,2,24.578,haas,0,25.150999999999996,1,272,144,18.93985027384142,22.407291377173276,5.638149726158581,2.170708622826723
2021,13,Dutch Grand Prix,Circuit Park Zandvoort,norris,42,1,20.443,mclaren,0,25.150999999999996,1,270,144,17.543031270435275,21.747975344103452,2.8999687295647263,-1.3049753441034504
2021,13,Dutch Grand Prix,Circuit Park Zandvoort,ocon,31,1,19.24,alpine,0,25.150999999999996,1,249,144,17.761788307223867,21.93667108380738,1.4782116927761315,-2.696671083807381
2021,13,Dutch Grand Prix,Circuit Park Zandvoort,perez,8,1,19.287,red_bull,0,25.150999999999996,1,292,144,17.49230561271907,20.652442657647644,1.7946943872809307,-1.3654426576476446
2021,13,Dutch Grand Prix,Circuit Park Zandvoort,perez,47,2,18.555,red_bull,0,25.150999999999996,1,292,144,17.49230561271907,21.03189754459887,1.0626943872809314,-2.47689754459887
2021,13,Dutch Grand Prix,Circuit Park Zandvoort,ricciardo,30,1,19.449,mclaren,0,25.150999999999996,1,270,144,17.543031270435275,21.53106972534013,1.9059687295647265,-2.08206972534013
2021,13,Dutch Grand Prix,Circuit Park Zandvoort,russell,27,1,18.634,williams,0,25.150999999999996,1,271,144,18.79130054190977,22.063970107034788,-0.15730054190976972,-3.429970107034787
2021,13,Dutch Grand Prix,Circuit Park Zandvoort,russell,68,2,25.533,williams,0,25.150999999999996,1,271,144,18.79130054190977,22.47957593044657,6.741699458090231,3.053424069553433
2021,13,Dutch Grand Prix,Circuit Park Zandvoort,sainz,31,1,20.327,ferrari,0,25.150999999999996,1,259,144,17.569435891025677,21.468095210539754,2.757564108974325,-1.1410952105397527
2021,13,Dutch Grand Prix,Circuit Park Zandvoort,stroll,27,1,19.389,aston_martin,0,25.150999999999996,1,271,144,17.757331681044523,21.762145597525194,1.6316683189554766,-2.3731455975251947
2021,13,Dutch Grand Prix,Circuit Park Zandvoort,tsunoda,31,1,19.85,alphatauri,0,25.150999999999996,1,202,144,17.27965194057522,21.706505528705005,2.5703480594247807,-1.8565055287050036
2021,13,Dutch Grand Prix,Circuit Park Zandvoort,vettel,10,1,18.664,aston_martin,0,25.150999999999996,1,271,144,17.757331681044523,21.454862637610493,0.9066683189554787,-2.7908626376104912
2021,13,Dutch Grand Prix,Circuit Park Zandvoort,vettel,44,2,18.681,aston_martin,0,25.150999999999996,1,271,144,17.757331681044523,21.743940183410334,0.9236683189554782,-3.0629401834103334
2021,14,Italian Grand Prix,Autodromo Nazionale di Monza,alonso,25,1,24.797,alpine,0,30.917,1,249,104,25.16727488056301,25.542919027071203,-0.3702748805630094,-0.7459190270712028
2021,14,Italian Grand Prix,Autodromo Nazionale di Monza,bottas,26,1,24.308,mercedes,0,30.917,1,278,104,25.34595753674398,25.301115947492747,-1.0379575367439813,-0.9931159474927469
2021,14,Italian Grand Prix,Autodromo Nazionale di Monza,giovinazzi,25,2,30.551,alfa,0,30.917,1,194,104,25.141733721148018,25.33235506787219,5.40926627885198,5.218644932127809
2021,14,Italian Grand Prix,Autodromo Nazionale di Monza,hamilton,25,1,25.619,mercedes,0,30.917,1,278,104,25.34595753674398,25.283040479262468,0.27304246325601866,0.3359595207375321
2021,14,Italian Grand Prix,Autodromo Nazionale di Monza,kubica,26,1,24.501,alfa,0,30.917,1,194,104,25.141733721148018,25.67591891013203,-0.6407337211480169,-1.1749189101320283
2021,14,Italian Grand Prix,Autodromo Nazionale di Monza,latifi,23,1,24.168,williams,0,30.917,1,271,104,26.196787115248917,25.706368986759166,-2.0287871152489174,-1.538368986759167
2021,14,Italian Grand Prix,Autodromo Nazionale di Monza,leclerc,26,1,24.557,ferrari,0,30.917,1,259,104,24.97492246436482,25.092418622033858,-0.41792246436482117,-0.535418622033859
2021,14,Italian Grand Prix,Autodromo Nazionale di Monza,maxverstappen,23,1,32.456,red_bull,0,30.917,1,292,104,24.89779218605821,24.63827543374728,7.558207813941792,7.817724566252725
2021,14,Italian Grand Prix,Autodromo Nazionale di Monza,mazepin,24,1,24.928,haas,0,30.917,1,272,104,26.345336847180562,26.33902769446667,-1.417336847180561,-1.411027694466668
2021,14,Italian Grand Prix,Autodromo Nazionale di Monza,mazepin,28,2,24.806,haas,0,30.917,1,272,104,26.345336847180562,26.08584119335821,-1.5393368471805609,-1.2798411933582088
2021,14,Italian Grand Prix,Autodromo Nazionale di Monza,mazepin,39,3,30.917,haas,0,30.917,1,272,104,26.345336847180562,26.95411633371066,4.57166315281944,3.96288366628934
2021,14,Italian Grand Prix,Autodromo Nazionale di Monza,mickschumacher,23,1,24.714,haas,0,30.917,1,272,104,26.345336847180562,26.32095222623639,-1.6313368471805632,-1.6069522262363911
2021,14,Italian Grand Prix,Autodromo Nazionale di Monza,norris,24,1,24.168,mclaren,0,30.917,1,270,104,24.948517843774418,25.137317668603956,-0.7805178437744189,-0.9693176686039564
2021,14,Italian Grand Prix,Autodromo Nazionale di Monza,ocon,26,1,30.333,alpine,0,30.917,1,249,104,25.16727488056301,25.560994495301482,5.165725119436988,4.772005504698516
2021,14,Italian Grand Prix,Autodromo Nazionale di Monza,perez,26,1,23.906,red_bull,0,30.917,1,292,104,24.89779218605821,24.69250183843811,-0.9917921860582126,-0.7865018384381095
2021,14,Italian Grand Prix,Autodromo Nazionale di Monza,ricciardo,22,1,23.812,mclaren,0,30.917,1,270,104,24.948517843774418,25.1011667321434,-1.136517843774417,-1.2891667321434
2021,14,Italian Grand Prix,Autodromo Nazionale di Monza,russell,26,1,24.156,williams,0,30.917,1,271,104,26.196787115248917,25.760595391449996,-2.040787115248918,-1.6045953914499975
2021,14,Italian Grand Prix,Autodromo Nazionale di Monza,sainz,26,1,24.283,ferrari,0,30.917,1,259,104,24.97492246436482,25.092418622033858,-0.6919224643648185,-0.8094186220338564
2021,14,Italian Grand Prix,Autodromo Nazionale di Monza,stroll,25,1,24.846,aston_martin,0,30.917,1,271,104,25.162818254383666,25.440695413710127,-0.31681825438366573,-0.5946954137101272
2021,14,Italian Grand Prix,Autodromo Nazionale di Monza,vettel,22,1,25.157,aston_martin,0,30.917,1,271,104,25.162818254383666,25.386469009019297,-0.0058182543836657885,-0.22946900901929723
2021,14,Italian Grand Prix,Autodromo Nazionale di Monza,vettel,26,2,25.927,aston_martin,0,30.917,1,271,104,25.162818254383666,25.133282507910838,0.7641817456163338,0.7937174920891614
2021,15,Russian Grand Prix,Sochi Autodrom,alonso,36,1,30.157,alpine,0,34.167500000000004,1,249,39,31.346579188126995,31.703068677529995,-1.189579188126995,-1.5460686775299948
2021,15,Russian Grand Prix,Sochi Autodrom,alonso,50,2,30.702,alpine,0,34.167500000000004,1,249,39,31.346579188126995,31.6306368587243,-0.6445791881269933,-0.9286368587242997
2021,15,Russian Grand Prix,Sochi Autodrom,bottas,28,1,29.936,mercedes,0,34.167500000000004,1,278,39,31.52526184430797,31.298586383879048,-1.5892618443079698,-1.362586383879048
2021,15,Russian Grand Prix,Sochi Autodrom,bottas,47,2,29.569,mercedes,0,34.167500000000004,1,278,39,31.52526184430797,31.31653190622474,-1.9562618443079707,-1.74753190622474
2021,15,Russian Grand Prix,Sochi Autodrom,gasly,33,1,29.354,alphatauri,0,34.167500000000004,1,202,39,30.864442821478352,31.41867671773679,-1.5104428214783532,-2.0646767177367913
2021,15,Russian Grand Prix,Sochi Autodrom,gasly,50,2,31.915,alphatauri,0,34.167500000000004,1,202,39,30.864442821478352,31.400471303621927,1.0505571785216468,0.514528696378072
2021,15,Russian Grand Prix,Sochi Autodrom,giovinazzi,36,1,30.081,alfa,0,34.167500000000004,1,194,39,31.321038028712003,31.817993092360542,-1.2400380287120036,-1.7369930923605423
2021,15,Russian Grand Prix,Sochi Autodrom,giovinazzi,50,2,33.961,alfa,0,34.167500000000004,1,194,39,31.321038028712003,31.74556127355485,2.6399619712879954,2.21543872644515
2021,15,Russian Grand Prix,Sochi Autodrom,hamilton,26,1,29.878,mercedes,0,34.167500000000004,1,278,39,31.52526184430797,31.26243544741849,-1.6472618443079696,-1.3844354474184897
2021,15,Russian Grand Prix,Sochi Autodrom,hamilton,49,2,30.045,mercedes,0,34.167500000000004,1,278,39,31.52526184430797,31.35268284268529,-1.480261844307968,-1.3076828426852884
2021,15,Russian Grand Prix,Sochi Autodrom,latifi,13,1,30.056,williams,0,34.167500000000004,1,271,39,32.376091422812905,31.486933804382147,-2.3200914228129044,-1.4309338043821462
2021,15,Russian Grand Prix,Sochi Autodrom,leclerc,35,1,31.849,ferrari,0,34.167500000000004,1,259,39,31.154226771928805,31.21641733603209,0.6947732280711953,0.6325826639679093
2021,15,Russian Grand Prix,Sochi Autodrom,leclerc,51,2,32.648,ferrari,0,34.167500000000004,1,259,39,31.154226771928805,31.180136453686956,1.4937732280711984,1.4678635463130476
2021,15,Russian Grand Prix,Sochi Autodrom,maxverstappen,26,1,29.578,red_bull,0,34.167500000000004,1,292,39,31.0770964936222,30.65382133836385,-1.4990964936222007,-1.075821338363852
2021,15,Russian Grand Prix,Sochi Autodrom,maxverstappen,48,2,31.017,red_bull,0,34.167500000000004,1,292,39,31.0770964936222,30.725993265400376,-0.0600964936222006,0.29100673459962323
2021,15,Russian Grand Prix,Sochi Autodrom,mazepin,14,1,30.127,haas,0,34.167500000000004,1,272,39,32.52464115474455,32.11959251208964,-2.3976411547445515,-1.9925925120896402
2021,15,Russian Grand Prix,Sochi Autodrom,mazepin,46,2,33.931,haas,0,34.167500000000004,1,272,39,32.52464115474455,32.37251912142894,1.406358845255447,1.5584808785710607
2021,15,Russian Grand Prix,Sochi Autodrom,mickschumacher,20,1,29.996,haas,0,34.167500000000004,1,272,39,32.52464115474455,32.2280453214713,-2.5286411547445518,-2.2320453214713005
2021,15,Russian Grand Prix,Sochi Autodrom,norris,28,1,29.824,mclaren,0,34.167500000000004,1,270,39,31.127822151338407,31.17093904145081,-1.3038221513384052,-1.3469390414508098
2021,15,Russian Grand Prix,Sochi Autodrom,norris,51,2,32.67,mclaren,0,34.167500000000004,1,270,39,31.127822151338407,31.261186436717608,1.542177848661595,1.4088135632823935
2021,15,Russian Grand Prix,Sochi Autodrom,ocon,15,1,29.901,alpine,0,34.167500000000004,1,249,39,31.346579188126995,31.323483844694184,-1.4455791881269953,-1.4224838446941845
2021,15,Russian Grand Prix,Sochi Autodrom,ocon,50,2,33.264,alpine,0,34.167500000000004,1,249,39,31.346579188126995,31.6306368587243,1.9174208118730078,1.6333631412757015
2021,15,Russian Grand Prix,Sochi Autodrom,perez,36,1,36.026,red_bull,0,34.167500000000004,1,292,39,31.0770964936222,30.83457602066662,4.948903506377803,5.191423979333383
2021,15,Russian Grand Prix,Sochi Autodrom,perez,50,2,32.313,red_bull,0,34.167500000000004,1,292,39,31.0770964936222,30.762144201860927,1.2359035063778023,1.5508557981390751
2021,15,Russian Grand Prix,Sochi Autodrom,raikkonen,15,1,30.102,alfa,0,34.167500000000004,1,194,39,31.321038028712003,31.43840825952473,-1.2190380287120028,-1.336408259524731
2021,15,Russian Grand Prix,Sochi Autodrom,raikkonen,47,2,30.131,alfa,0,34.167500000000004,1,194,39,31.321038028712003,31.691334868864026,-1.190038028712003,-1.5603348688640253
2021,15,Russian Grand Prix,Sochi Autodrom,ricciardo,22,1,33.617,mclaren,0,34.167500000000004,1,270,39,31.127822151338407,31.06248623206915,2.4891778486615905,2.554513767930846
2021,15,Russian Grand Prix,Sochi Autodrom,ricciardo,48,2,31.016,mclaren,0,34.167500000000004,1,270,39,31.127822151338407,31.206960032026778,-0.11182215133840856,-0.1909600320267799
2021,15,Russian Grand Prix,Sochi Autodrom,russell,13,1,30.665,williams,0,34.167500000000004,1,271,39,32.376091422812905,31.486933804382147,-1.7110914228129062,-0.821933804382148
2021,15,Russian Grand Prix,Sochi Autodrom,russell,47,2,32.081,williams,0,34.167500000000004,1,271,39,32.376091422812905,31.776011350181992,-0.29509142281290224,0.30498864981801077
2021,15,Russian Grand Prix,Sochi Autodrom,sainz,14,1,30.715,ferrari,0,34.167500000000004,1,259,39,31.154226771928805,30.836832503196288,-0.439226771928805,-0.12183250319628769
2021,15,Russian Grand Prix,Sochi Autodrom,sainz,48,2,30.677,ferrari,0,34.167500000000004,1,259,39,31.154226771928805,31.125910048996126,-0.47722677192880525,-0.44891004899612597
2021,15,Russian Grand Prix,Sochi Autodrom,stroll,12,1,30.241,aston_martin,0,34.167500000000004,1,271,39,31.342122561947654,31.167033826642275,-1.1011225619476548,-0.926033826642275
2021,15,Russian Grand Prix,Sochi Autodrom,stroll,48,2,43.124,aston_martin,0,34.167500000000004,1,271,39,31.342122561947654,31.49226230890267,11.781877438052348,11.631737691097332
2021,15,Russian Grand Prix,Sochi Autodrom,tsunoda,13,1,30.112,alphatauri,0,34.167500000000004,1,202,39,30.864442821478352,31.05716735313126,-0.7524428214783541,-0.9451673531312608
2021,15,Russian Grand Prix,Sochi Autodrom,tsunoda,47,2,30.98,alphatauri,0,34.167500000000004,1,202,39,30.864442821478352,31.346244898931104,0.11555717852164804,-0.3662448989311038
2021,15,Russian Grand Prix,Sochi Autodrom,tsunoda,49,3,30.972,alphatauri,0,34.167500000000004,1,202,39,30.864442821478352,32.05184082521106,0.10755717852164892,-1.0798408252110576
2021,15,Russian Grand Prix,Sochi Autodrom,vettel,26,1,29.242,aston_martin,0,34.167500000000004,1,271,39,31.342122561947654,31.420090381866146,-2.1001225619476536,-2.178090381866145
2021,15,Russian Grand Prix,Sochi Autodrom,vettel,50,2,32.128,aston_martin,0,34.167500000000004,1,271,39,31.342122561947654,31.52841324536322,0.7858774380523457,0.5995867546367784
2021,16,Turkish Grand Prix,Istanbul Park,alonso,30,1,29.116,alpine,0,29.619950000000003,1,249,20,24.62011977553403,24.758345231230116,4.495880224465971,4.3576547687698834
2021,16,Turkish Grand Prix,Istanbul Park,bottas,37,1,22.962,mercedes,0,29.619950000000003,1,278,20,24.798802431715004,24.624994961033316,-1.8368024317150038,-1.6629949610333163
2021,16,Turkish Grand Prix,Istanbul Park,gasly,39,1,29.31,alphatauri,0,29.619950000000003,1,202,20,24.137983408885386,24.690858890200232,5.1720165911146125,4.6191411097997666
2021,16,Turkish Grand Prix,Istanbul Park,giovinazzi,40,1,23.15,alfa,0,29.619950000000003,1,194,20,24.594578616119037,25.054024328363433,-1.4445786161190384,-1.904024328363434
2021,16,Turkish Grand Prix,Istanbul Park,hamilton,50,1,22.684,mercedes,0,29.619950000000003,1,278,20,24.798802431715004,24.859976048026915,-2.1148024317150025,-2.1759760480269144
2021,16,Turkish Grand Prix,Istanbul Park,latifi,34,1,24.104,williams,0,29.619950000000003,1,271,20,25.649632010219932,25.030248000299736,-1.5456320102199328,-0.9262480002997364
2021,16,Turkish Grand Prix,Istanbul Park,leclerc,47,1,23.646,ferrari,0,29.619950000000003,1,259,20,24.42776735933584,24.5970523178772,-0.7817673593358379,-0.951052317877199
2021,16,Turkish Grand Prix,Istanbul Park,maxverstappen,36,1,22.442,red_bull,0,29.619950000000003,1,292,20,24.35063708102923,23.998305383748402,-1.9086370810292301,-1.556305383748402
2021,16,Turkish Grand Prix,Istanbul Park,mazepin,35,1,23.829,haas,0,29.619950000000003,1,272,20,25.79818174215158,25.662906708007238,-1.96918174215158,-1.8339067080072375
2021,16,Turkish Grand Prix,Istanbul Park,mickschumacher,39,1,23.892,haas,0,29.619950000000003,1,272,20,25.79818174215158,25.735208580928344,-1.9061817421515812,-1.8432085809283443
2021,16,Turkish Grand Prix,Istanbul Park,norris,34,1,23.239,mclaren,0,29.619950000000003,1,270,20,24.401362738745437,24.443121213914253,-1.1623627387454363,-1.2041212139142523
2021,16,Turkish Grand Prix,Istanbul Park,perez,37,1,22.463,red_bull,0,29.619950000000003,1,292,20,24.35063708102923,24.016380851978678,-1.8876370810292293,-1.5533808519786767
2021,16,Turkish Grand Prix,Istanbul Park,raikkonen,37,1,23.164,alfa,0,29.619950000000003,1,194,20,24.594578616119037,24.999797923672602,-1.4305786161190355,-1.835797923672601
2021,16,Turkish Grand Prix,Istanbul Park,ricciardo,21,1,23.028,mclaren,0,29.619950000000003,1,270,20,24.401362738745437,24.208140126920657,-1.3733627387454383,-1.1801401269206586
2021,16,Turkish Grand Prix,Istanbul Park,russell,35,1,23.551,williams,0,29.619950000000003,1,271,20,25.649632010219932,25.048323468530015,-2.0986320102199336,-1.4973234685300163
2021,16,Turkish Grand Prix,Istanbul Park,sainz,36,1,28.353,ferrari,0,29.619950000000003,1,259,20,24.42776735933584,24.398222167344155,3.925232640664163,3.9547778326558465
2021,16,Turkish Grand Prix,Istanbul Park,stroll,39,1,35.509,aston_martin,0,29.619950000000003,1,271,20,24.615663149354685,24.81880083194153,10.893336850645316,10.69019916805847
2021,16,Turkish Grand Prix,Istanbul Park,tsunoda,35,1,23.329,alphatauri,0,29.619950000000003,1,202,20,24.137983408885386,24.61855701727913,-0.8089834088853856,-1.2895570172791295
2021,16,Turkish Grand Prix,Istanbul Park,vettel,36,1,23.5,aston_martin,0,29.619950000000003,1,271,20,24.615663149354685,24.7645744272507,-1.1156631493546847,-1.2645744272507002
2021,16,Turkish Grand Prix,Istanbul Park,vettel,37,2,23.514,aston_martin,0,29.619950000000003,1,271,20,24.615663149354685,24.45716152145141,-1.1016631493546853,-0.9431615214514117
2021,17,United States Grand Prix,Circuit of the Americas,alonso,7,1,23.576,alpine,0,27.153199999999984,1,249,135,24.81942219117706,24.93125771886517,-1.2434221911770607,-1.3552577188651682
2021,17,United States Grand Prix,Circuit of the Americas,alonso,28,2,23.844,alpine,0,27.153199999999984,1,249,135,24.81942219117706,24.985354177671415,-0.97542219117706,-1.1413541776714133
2021,17,United States Grand Prix,Circuit of the Americas,alonso,39,3,23.314,alpine,0,27.153199999999984,1,249,135,24.81942219117706,25.853629318023863,-1.505422191177061,-2.539629318023863
2021,17,United States Grand Prix,Circuit of the Americas,bottas,15,1,24.444,mercedes,0,27.153199999999984,1,278,135,24.998104847358036,24.815982916898644,-0.5541048473580368,-0.37198291689864504
2021,17,United States Grand Prix,Circuit of the Americas,bottas,34,2,23.619,mercedes,0,27.153199999999984,1,278,135,24.998104847358036,24.833928439244335,-1.379104847358036,-1.2149284392443356
2021,17,United States Grand Prix,Circuit of the Americas,gasly,10,1,23.745,alphatauri,0,27.153199999999984,1,202,135,24.33728582452842,24.755318568453625,-0.5922858245284175,-1.0103185684536236
2021,17,United States Grand Prix,Circuit of the Americas,giovinazzi,8,1,23.993,alfa,0,27.153199999999984,1,194,135,24.79388103176207,25.064257601925995,-0.8008810317620707,-1.0712576019259963
2021,17,United States Grand Prix,Circuit of the Americas,giovinazzi,26,2,23.502,alfa,0,27.153199999999984,1,194,135,24.79388103176207,25.06412765604141,-1.2918810317620704,-1.5621276560414117
2021,17,United States Grand Prix,Circuit of the Americas,hamilton,13,1,24.481,mercedes,0,27.153199999999984,1,278,135,24.998104847358036,24.77983198043809,-0.5171048473580342,-0.2988319804380879
2021,17,United States Grand Prix,Circuit of the Americas,hamilton,37,2,23.676,mercedes,0,27.153199999999984,1,278,135,24.998104847358036,24.888154843935165,-1.3221048473580375,-1.212154843935167
2021,17,United States Grand Prix,Circuit of the Americas,latifi,5,1,32.61,williams,0,27.153199999999984,1,271,135,25.848934425862964,25.094707678553128,6.761065574137035,7.515292321446871
2021,17,United States Grand Prix,Circuit of the Americas,latifi,25,2,23.653,williams,0,27.153199999999984,1,271,135,25.848934425862964,25.130728669129095,-2.1959344258629656,-1.477728669129096
2021,17,United States Grand Prix,Circuit of the Americas,leclerc,12,1,24.011,ferrari,0,27.153199999999984,1,259,135,24.62706977497887,24.55305918674893,-0.6160697749788717,-0.5420591867489293
2021,17,United States Grand Prix,Circuit of the Americas,leclerc,32,2,23.805,ferrari,0,27.153199999999984,1,259,135,24.62706977497887,24.5890801773249,-0.8220697749788712,-0.7840801773248991
2021,17,United States Grand Prix,Circuit of the Americas,maxverstappen,10,1,23.727,red_bull,0,27.153199999999984,1,292,135,24.549939496672263,24.11699146669262,-0.8229394966722623,-0.38999146669262075
2021,17,United States Grand Prix,Circuit of the Americas,maxverstappen,29,2,24.052,red_bull,0,27.153199999999984,1,292,135,24.549939496672263,24.134936989038316,-0.497939496672263,-0.08293698903831626
2021,17,United States Grand Prix,Circuit of the Americas,mazepin,24,2,24.611,haas,0,27.153199999999984,1,272,135,25.997484157794613,25.727236440376043,-1.3864841577946123,-1.116236440376042
2021,17,United States Grand Prix,Circuit of the Americas,mazepin,37,3,24.169,haas,0,27.153199999999984,1,272,135,25.997484157794613,26.631662517189046,-1.8284841577946125,-2.4626625171890453
2021,17,United States Grand Prix,Circuit of the Americas,mickschumacher,11,1,24.293,haas,0,27.153199999999984,1,272,135,25.997484157794613,25.81774372741201,-1.7044841577946137,-1.5247437274120124
2021,17,United States Grand Prix,Circuit of the Americas,mickschumacher,34,2,24.247,haas,0,27.153199999999984,1,272,135,25.997484157794613,25.90799112267881,-1.750484157794613,-1.6609911226788086
2021,17,United States Grand Prix,Circuit of the Americas,norris,10,1,24.385,mclaren,0,27.153199999999984,1,270,135,24.60066515438847,24.597958233319027,-0.21566515438846778,-0.21295823331902497
2021,17,United States Grand Prix,Circuit of the Americas,norris,30,2,25.548,mclaren,0,27.153199999999984,1,270,135,24.60066515438847,24.633979223894997,0.9473348456115289,0.9140207761050014
2021,17,United States Grand Prix,Circuit of the Americas,ocon,3,1,40.8,alpine,0,27.153199999999984,1,249,135,24.81942219117706,24.85895584594406,15.980577808822936,15.941044154055938
2021,17,United States Grand Prix,Circuit of the Americas,ocon,25,2,23.919,alpine,0,27.153199999999984,1,249,135,24.81942219117706,24.931127772980584,-0.9004221911770607,-1.012127772980584
2021,17,United States Grand Prix,Circuit of the Americas,perez,12,1,25.018,red_bull,0,27.153199999999984,1,292,135,24.549939496672263,24.153142403153176,0.4680605033277381,0.8648575968468251
2021,17,United States Grand Prix,Circuit of the Americas,perez,30,2,23.604,red_bull,0,27.153199999999984,1,292,135,24.549939496672263,24.15301245726859,-0.9459394966722634,-0.5490124572685922
2021,17,United States Grand Prix,Circuit of the Americas,raikkonen,12,1,24.191,alfa,0,27.153199999999984,1,194,135,24.79388103176207,25.1365594748471,-0.6028810317620703,-0.9455594748471015
2021,17,United States Grand Prix,Circuit of the Americas,raikkonen,31,2,24.09,alfa,0,27.153199999999984,1,194,135,24.79388103176207,25.15450499719279,-0.7038810317620694,-1.0645049971927918
2021,17,United States Grand Prix,Circuit of the Americas,ricciardo,11,1,24.176,mclaren,0,27.153199999999984,1,270,135,24.60066515438847,24.616033701549302,-0.42466515438847097,-0.44003370154930366
2021,17,United States Grand Prix,Circuit of the Americas,ricciardo,30,2,24.036,mclaren,0,27.153199999999984,1,270,135,24.60066515438847,24.633979223894997,-0.564665154388468,-0.5979792238949955
2021,17,United States Grand Prix,Circuit of the Americas,russell,9,1,23.572,williams,0,27.153199999999984,1,271,135,25.848934425862964,25.167009551474234,-2.276934425862965,-1.5950095514742344
2021,17,United States Grand Prix,Circuit of the Americas,russell,31,2,24.98,williams,0,27.153199999999984,1,271,135,25.848934425862964,25.239181478510755,-0.8689344258629639,-0.25918147851075446
2021,17,United States Grand Prix,Circuit of the Americas,sainz,11,1,23.414,ferrari,0,27.153199999999984,1,259,135,24.62706977497887,24.534983718518653,-1.2130697749788695,-1.1209837185186515
2021,17,United States Grand Prix,Circuit of the Americas,sainz,29,2,26.866,ferrari,0,27.153199999999984,1,259,135,24.62706977497887,24.53485377263407,2.2389302250211287,2.331146227365931
2021,17,United States Grand Prix,Circuit of the Americas,stroll,18,1,23.827,aston_martin,0,27.153199999999984,1,271,135,24.814965564997717,25.027864256037134,-0.9879655649977153,-1.200864256037132
2021,17,United States Grand Prix,Circuit of the Americas,stroll,34,2,23.455,aston_martin,0,27.153199999999984,1,271,135,24.814965564997717,24.991583373691995,-1.3599655649977187,-1.5365833736919967
2021,17,United States Grand Prix,Circuit of the Americas,tsunoda,9,1,23.802,alphatauri,0,27.153199999999984,1,202,135,24.33728582452842,24.73724310022335,-0.5352858245284189,-0.9352431002233494
2021,17,United States Grand Prix,Circuit of the Americas,tsunoda,32,2,23.529,alphatauri,0,27.153199999999984,1,202,135,24.33728582452842,24.82749049549015,-0.8082858245284186,-1.2984904954901495
2021,17,United States Grand Prix,Circuit of the Americas,vettel,17,1,24.977,aston_martin,0,27.153199999999984,1,271,135,24.814965564997717,25.00978878780686,0.16203443500228332,-0.03278878780685801
2021,17,United States Grand Prix,Circuit of the Americas,vettel,38,2,23.849,aston_martin,0,27.153199999999984,1,271,135,24.814965564997717,25.063885246613104,-0.9659655649977168,-1.214885246613104
2021,18,Mexico City Grand Prix,Autódromo Hermanos Rodríguez,alonso,39,1,23.985,alpine,0,26.404300000000003,1,249,85,18.700186836968708,23.410915400534495,5.284813163031291,0.5740845994655039
2021,18,Mexico City Grand Prix,Autódromo Hermanos Rodríguez,bottas,40,2,31.664,mercedes,0,26.404300000000003,1,278,85,18.878869493149683,22.84362394692647,12.785130506850319,8.820376053073531
2021,18,Mexico City Grand Prix,Autódromo Hermanos Rodríguez,bottas,63,3,22.68,mercedes,0,26.404300000000003,1,278,85,18.878869493149683,23.928804706042243,3.801130506850317,-1.2488047060422431
2021,18,Mexico City Grand Prix,Autódromo Hermanos Rodríguez,bottas,67,4,26.443,mercedes,0,26.404300000000003,1,278,85,18.878869493149683,26.386229413578928,7.564130506850319,0.05677058642107369
2021,18,Mexico City Grand Prix,Autódromo Hermanos Rodríguez,gasly,31,1,22.549,alphatauri,0,26.404300000000003,1,202,85,18.218050470320065,23.03614609958991,4.330949529679934,-0.4871460995899106
2021,18,Mexico City Grand Prix,Autódromo Hermanos Rodríguez,giovinazzi,16,1,22.205,alfa,0,26.404300000000003,1,194,85,18.674645677553716,23.11010404606868,3.530354322446282,-0.9051040460686828
2021,18,Mexico City Grand Prix,Autódromo Hermanos Rodríguez,hamilton,29,1,22.373,mercedes,0,26.404300000000003,1,278,85,18.878869493149683,22.970282170422994,3.4941305068503183,-0.5972821704229929
2021,18,Mexico City Grand Prix,Autódromo Hermanos Rodríguez,latifi,11,1,23.681,williams,0,26.404300000000003,1,271,85,19.72969907165461,23.104403186235267,3.9513009283453897,0.5765968137647342
2021,18,Mexico City Grand Prix,Autódromo Hermanos Rodríguez,latifi,49,2,22.739,williams,0,26.404300000000003,1,271,85,19.72969907165461,23.46578260495621,3.0093009283453895,-0.7267826049562096
2021,18,Mexico City Grand Prix,Autódromo Hermanos Rodríguez,leclerc,30,1,22.085,ferrari,0,26.404300000000003,1,259,85,18.507834420770518,22.779660313194384,3.577165579229483,-0.69466031319438315
2021,18,Mexico City Grand Prix,Autódromo Hermanos Rodríguez,maxverstappen,33,1,21.908,red_bull,0,26.404300000000003,1,292,85,18.43070414246391,22.43396993428946,3.4772958575360917,-0.5259699342894599
2021,18,Mexico City Grand Prix,Autódromo Hermanos Rodríguez,mazepin,13,1,25.094,haas,0,26.404300000000003,1,272,85,19.87824880358626,23.755137362173038,5.215751196413741,1.3388626378269635
2021,18,Mexico City Grand Prix,Autódromo Hermanos Rodríguez,mazepin,58,2,23.637,haas,0,26.404300000000003,1,272,85,19.87824880358626,24.243045058505928,3.7587511964137406,-0.6060450585059272
2021,18,Mexico City Grand Prix,Autódromo Hermanos Rodríguez,norris,44,1,22.534,mclaren,0,26.404300000000003,1,270,85,18.481429800180116,23.113766851448908,4.052570199819883,-0.5797668514489089
2021,18,Mexico City Grand Prix,Autódromo Hermanos Rodríguez,ocon,14,1,23.1,alpine,0,26.404300000000003,1,249,85,18.700186836968708,22.95902869477758,4.399813163031293,0.14097130522242196
2021,18,Mexico City Grand Prix,Autódromo Hermanos Rodríguez,perez,40,1,22.114,red_bull,0,26.404300000000003,1,292,85,18.43070414246391,22.560498211901397,3.6832958575360912,-0.44649821190139605
2021,18,Mexico City Grand Prix,Autódromo Hermanos Rodríguez,raikkonen,32,1,22.424,alfa,0,26.404300000000003,1,194,85,18.674645677553716,23.39931153775311,3.7493543224462833,-0.975311537753111
2021,18,Mexico City Grand Prix,Autódromo Hermanos Rodríguez,ricciardo,38,2,22.813,mclaren,0,26.404300000000003,1,270,85,18.481429800180116,22.679825668037683,4.331570199819883,0.13317433196231576
2021,18,Mexico City Grand Prix,Autódromo Hermanos Rodríguez,russell,15,1,21.984,williams,0,26.404300000000003,1,271,85,19.72969907165461,23.17670505915637,2.2543009283453905,-1.192705059156367
2021,18,Mexico City Grand Prix,Autódromo Hermanos Rodríguez,sainz,42,1,22.031,ferrari,0,26.404300000000003,1,259,85,18.507834420770518,22.996565931957704,3.523165579229481,-0.9655659319577055
2021,18,Mexico City Grand Prix,Autódromo Hermanos Rodríguez,stroll,12,1,23.586,aston_martin,0,26.404300000000003,1,271,85,18.695730210789364,22.82065414495595,4.890269789210635,0.7653458550440497
2021,18,Mexico City Grand Prix,Autódromo Hermanos Rodríguez,stroll,34,2,26.056,aston_martin,0,26.404300000000003,1,271,85,18.695730210789364,22.89282607199247,7.360269789210637,3.163173928007531
2021,18,Mexico City Grand Prix,Autódromo Hermanos Rodríguez,vettel,33,1,22.277,aston_martin,0,26.404300000000003,1,271,85,18.695730210789364,23.20023897779176,3.581269789210637,-0.9232389777917582
2021,19,São Paulo Grand Prix,Autódromo José Carlos Pace,alonso,7,1,17.751,alpine,0,25.086999999999996,1,249,153,17.976872639129855,21.732105534956162,-0.22587263912985378,-3.9811055349561606
2021,19,São Paulo Grand Prix,Autódromo José Carlos Pace,alonso,8,2,17.705,alpine,0,25.086999999999996,1,249,153,17.976872639129855,21.424692629156876,-0.2718726391298567,-3.719692629156878
2021,19,São Paulo Grand Prix,Autódromo José Carlos Pace,alonso,34,3,24.375,alpine,0,25.086999999999996,1,249,153,17.976872639129855,22.564099792963475,6.398127360870145,1.810900207036525
2021,19,São Paulo Grand Prix,Autódromo José Carlos Pace,bottas,7,1,17.899,mercedes,0,25.086999999999996,1,278,153,18.15555529531083,21.472226987147426,-0.25655529531082877,-3.573226987147425
2021,19,São Paulo Grand Prix,Autódromo José Carlos Pace,bottas,8,2,17.837,mercedes,0,25.086999999999996,1,278,153,18.15555529531083,21.16481408134814,-0.31855529531082993,-3.3278140813481407
2021,19,São Paulo Grand Prix,Autódromo José Carlos Pace,bottas,30,3,23.263,mercedes,0,25.086999999999996,1,278,153,18.15555529531083,22.231919372233634,5.107444704689172,1.031080627766368
2021,19,São Paulo Grand Prix,Autódromo José Carlos Pace,bottas,41,4,22.856,mercedes,0,25.086999999999996,1,278,153,18.15555529531083,24.815872357382254,4.700444704689172,-1.9598723573822525
2021,19,São Paulo Grand Prix,Autódromo José Carlos Pace,gasly,7,1,19.439,alphatauri,0,25.086999999999996,1,202,153,17.494736272481212,21.501939979853788,1.9442637275187877,-2.0629399798537875
2021,19,São Paulo Grand Prix,Autódromo José Carlos Pace,gasly,8,2,18.608,alphatauri,0,25.086999999999996,1,202,153,17.494736272481212,21.194527074054502,1.1132637275187882,-2.5865270740545014
2021,19,São Paulo Grand Prix,Autódromo José Carlos Pace,gasly,25,3,23.116,alphatauri,0,25.086999999999996,1,202,153,17.494736272481212,22.17125502378861,5.621263727518787,0.9447449762113891
2021,19,São Paulo Grand Prix,Autódromo José Carlos Pace,gasly,51,4,23.039,alphatauri,0,25.086999999999996,1,202,153,17.494736272481212,25.026340032391385,5.544263727518789,-1.9873400323913835
2021,19,São Paulo Grand Prix,Autódromo José Carlos Pace,giovinazzi,7,1,17.713,alfa,0,25.086999999999996,1,194,153,17.951331479714863,21.84702994978671,-0.23833147971486213,-4.134029949786708
2021,19,São Paulo Grand Prix,Autódromo José Carlos Pace,giovinazzi,8,2,17.929,alfa,0,25.086999999999996,1,194,153,17.951331479714863,21.539617043987427,-0.0223314797148646,-3.6106170439874283
2021,19,São Paulo Grand Prix,Autódromo José Carlos Pace,giovinazzi,29,3,23.618,alfa,0,25.086999999999996,1,194,153,17.951331479714863,22.58864686664264,5.6666685202851355,1.0293531333573576
2021,19,São Paulo Grand Prix,Autódromo José Carlos Pace,giovinazzi,42,4,22.83,alfa,0,25.086999999999996,1,194,153,17.951331479714863,25.208750788251816,4.878668520285135,-2.3787507882518177
2021,19,São Paulo Grand Prix,Autódromo José Carlos Pace,hamilton,7,1,17.91,mercedes,0,25.086999999999996,1,278,153,18.15555529531083,21.472226987147426,-0.24555529531082954,-3.562226987147426
2021,19,São Paulo Grand Prix,Autódromo José Carlos Pace,hamilton,8,2,18.66,mercedes,0,25.086999999999996,1,278,153,18.15555529531083,21.16481408134814,0.5044447046891705,-2.5048140813481403
2021,19,São Paulo Grand Prix,Autódromo José Carlos Pace,hamilton,26,3,22.69,mercedes,0,25.086999999999996,1,278,153,18.15555529531083,22.159617499312528,4.534444704689172,0.5303825006874732
2021,19,São Paulo Grand Prix,Autódromo José Carlos Pace,hamilton,43,4,22.664,mercedes,0,25.086999999999996,1,278,153,18.15555529531083,24.852023293842805,4.508444704689172,-2.1880232938428037
2021,19,São Paulo Grand Prix,Autódromo José Carlos Pace,latifi,7,1,18.153,williams,0,25.086999999999996,1,271,153,19.006384873815758,21.931706431104676,-0.8533848738157594,-3.778706431104677
2021,19,São Paulo Grand Prix,Autódromo José Carlos Pace,latifi,8,2,18.784,williams,0,25.086999999999996,1,271,153,19.006384873815758,21.62429352530539,-0.22238487381575922,-2.840293525305391
2021,19,São Paulo Grand Prix,Autódromo José Carlos Pace,latifi,13,3,22.936,williams,0,25.086999999999996,1,271,153,19.006384873815758,22.38411585627618,3.929615126184242,0.5518841437238216
2021,19,São Paulo Grand Prix,Autódromo José Carlos Pace,latifi,39,4,22.958,williams,0,25.086999999999996,1,271,153,19.006384873815758,25.239200864878953,3.9516151261842403,-2.2812008648789543
2021,19,São Paulo Grand Prix,Autódromo José Carlos Pace,leclerc,7,1,17.943,ferrari,0,25.086999999999996,1,259,153,17.784520222931665,21.263529661688537,0.1584797770683366,-3.3205296616885356
2021,19,São Paulo Grand Prix,Autódromo José Carlos Pace,leclerc,8,2,17.771,ferrari,0,25.086999999999996,1,259,153,17.784520222931665,20.956116755889255,-0.013520222931663994,-3.185116755889254
2021,19,São Paulo Grand Prix,Autódromo José Carlos Pace,leclerc,27,3,22.667,ferrari,0,25.086999999999996,1,259,153,17.784520222931665,21.968995642083918,4.882479777068337,0.6980043579160835
2021,19,São Paulo Grand Prix,Autódromo José Carlos Pace,leclerc,52,4,23.064,ferrari,0,25.086999999999996,1,259,153,17.784520222931665,24.80600518245641,5.279479777068335,-1.7420051824564098
2021,19,São Paulo Grand Prix,Autódromo José Carlos Pace,maxverstappen,7,1,17.916,red_bull,0,25.086999999999996,1,292,153,17.707389944625056,20.863612878092788,0.20861005537494393,-2.9476128780927873
2021,19,São Paulo Grand Prix,Autódromo José Carlos Pace,maxverstappen,8,2,17.807,red_bull,0,25.086999999999996,1,292,153,17.707389944625056,20.556199972293502,0.09961005537494216,-2.7491999722935034
2021,19,São Paulo Grand Prix,Autódromo José Carlos Pace,maxverstappen,27,3,22.722,red_bull,0,25.086999999999996,1,292,153,17.707389944625056,21.569078858488165,5.014610055374945,1.1529211415118361
2021,19,São Paulo Grand Prix,Autódromo José Carlos Pace,maxverstappen,40,4,22.766,red_bull,0,25.086999999999996,1,292,153,17.707389944625056,24.18918278009734,5.058610055374942,-1.423182780097342
2021,19,São Paulo Grand Prix,Autódromo José Carlos Pace,mazepin,7,1,17.995,haas,0,25.086999999999996,1,272,153,19.154934605747407,22.5462896705819,-1.1599346057474058,-4.551289670581898
2021,19,São Paulo Grand Prix,Autódromo José Carlos Pace,mazepin,8,2,18.467,haas,0,25.086999999999996,1,272,153,19.154934605747407,22.238876764782614,-0.6879346057474081,-3.771876764782615
2021,19,São Paulo Grand Prix,Autódromo José Carlos Pace,mazepin,34,3,23.546,haas,0,25.086999999999996,1,272,153,19.154934605747407,23.378283928589212,4.391065394252593,0.16771607141078704
2021,19,São Paulo Grand Prix,Autódromo José Carlos Pace,mickschumacher,7,1,17.861,haas,0,25.086999999999996,1,272,153,19.154934605747407,22.5462896705819,-1.2939346057474062,-4.6852896705818985
2021,19,São Paulo Grand Prix,Autódromo José Carlos Pace,mickschumacher,8,2,18.588,haas,0,25.086999999999996,1,272,153,19.154934605747407,22.238876764782614,-0.5669346057474058,-3.6508767647826126
2021,19,São Paulo Grand Prix,Autódromo José Carlos Pace,mickschumacher,11,3,41.173,haas,0,25.086999999999996,1,272,153,19.154934605747407,22.96254815929285,22.018065394252595,18.21045184070715
2021,19,São Paulo Grand Prix,Autódromo José Carlos Pace,mickschumacher,29,4,25.597,haas,0,25.086999999999996,1,272,153,19.154934605747407,25.67302942205341,6.4420653942525945,-0.07602942205340923
2021,19,São Paulo Grand Prix,Autódromo José Carlos Pace,mickschumacher,61,5,24.627,haas,0,25.086999999999996,1,272,153,19.154934605747407,26.397946663709973,5.472065394252592,-1.7709466637099744
2021,19,São Paulo Grand Prix,Autódromo José Carlos Pace,norris,6,2,17.719,mclaren,0,25.086999999999996,1,270,153,17.758115602341263,21.001015802459353,-0.03911560234126199,-3.2820158024593518
2021,19,São Paulo Grand Prix,Autódromo José Carlos Pace,norris,7,3,17.673,mclaren,0,25.086999999999996,1,270,153,17.758115602341263,21.688536260509032,-0.08511560234126492,-4.015536260509034
2021,19,São Paulo Grand Prix,Autódromo José Carlos Pace,norris,8,4,19.176,mclaren,0,25.086999999999996,1,270,153,17.758115602341263,24.091734563354887,1.4178843976587352,-4.915734563354889
2021,19,São Paulo Grand Prix,Autódromo José Carlos Pace,norris,37,5,24.211,mclaren,0,25.086999999999996,1,270,153,17.758115602341263,24.762425400320623,6.452884397658735,-0.5514254003206247
2021,19,São Paulo Grand Prix,Autódromo José Carlos Pace,ocon,7,1,19.285,alpine,0,25.086999999999996,1,249,153,17.976872639129855,21.732105534956162,1.3081273608701451,-2.4471055349561617
2021,19,São Paulo Grand Prix,Autódromo José Carlos Pace,ocon,8,2,17.818,alpine,0,25.086999999999996,1,249,153,17.976872639129855,21.424692629156876,-0.1588726391298536,-3.606692629156875
2021,19,São Paulo Grand Prix,Autódromo José Carlos Pace,ocon,30,3,23.504,alpine,0,25.086999999999996,1,249,153,17.976872639129855,22.491797920042366,5.527127360870146,1.0122020799576354
2021,19,São Paulo Grand Prix,Autódromo José Carlos Pace,perez,7,1,18.308,red_bull,0,25.086999999999996,1,292,153,17.707389944625056,20.863612878092788,0.6006100553749434,-2.555612878092788
2021,19,São Paulo Grand Prix,Autódromo José Carlos Pace,perez,8,2,18.136,red_bull,0,25.086999999999996,1,292,153,17.707389944625056,20.556199972293502,0.4286100553749428,-2.420199972293503
2021,19,São Paulo Grand Prix,Autódromo José Carlos Pace,perez,28,3,23.165,red_bull,0,25.086999999999996,1,292,153,17.707389944625056,21.58715432671844,5.457610055374943,1.5778456732815584
2021,19,São Paulo Grand Prix,Autódromo José Carlos Pace,perez,42,4,22.656,red_bull,0,25.086999999999996,1,292,153,17.707389944625056,24.22533371655789,4.948610055374942,-1.5693337165578924
2021,19,São Paulo Grand Prix,Autódromo José Carlos Pace,perez,69,5,22.916,red_bull,0,25.086999999999996,1,292,153,17.707389944625056,24.859873617063077,5.208610055374944,-1.9438736170630762
2021,19,São Paulo Grand Prix,Autódromo José Carlos Pace,raikkonen,7,1,18.327,alfa,0,25.086999999999996,1,194,153,17.951331479714863,21.84702994978671,0.37566852028513864,-3.520029949786707
2021,19,São Paulo Grand Prix,Autódromo José Carlos Pace,raikkonen,8,2,18.763,alfa,0,25.086999999999996,1,194,153,17.951331479714863,21.539617043987427,0.8116685202851386,-2.776617043987425
2021,19,São Paulo Grand Prix,Autódromo José Carlos Pace,raikkonen,28,3,23.541,alfa,0,25.086999999999996,1,194,153,17.951331479714863,22.570571398412362,5.589668520285137,0.9704286015876384
2021,19,São Paulo Grand Prix,Autódromo José Carlos Pace,raikkonen,52,4,22.666,alfa,0,25.086999999999996,1,194,153,17.951331479714863,25.38950547055458,4.714668520285137,-2.7235054705545814
2021,19,São Paulo Grand Prix,Autódromo José Carlos Pace,ricciardo,7,1,19.732,mclaren,0,25.086999999999996,1,270,153,17.758115602341263,21.34457964471919,1.9738843976587361,-1.6125796447191902
2021,19,São Paulo Grand Prix,Autódromo José Carlos Pace,ricciardo,8,2,18.347,mclaren,0,25.086999999999996,1,270,153,17.758115602341263,21.037166738919904,0.5888843976587381,-2.6901667389199027
2021,19,São Paulo Grand Prix,Autódromo José Carlos Pace,ricciardo,30,3,22.839,mclaren,0,25.086999999999996,1,270,153,17.758115602341263,22.1042720298054,5.0808843976587355,0.7347279701945979
2021,19,São Paulo Grand Prix,Autódromo José Carlos Pace,russell,6,1,22.978,williams,0,25.086999999999996,1,271,153,19.006384873815758,21.9136309628744,3.9716151261842434,1.0643690371256014
2021,19,São Paulo Grand Prix,Autódromo José Carlos Pace,russell,7,2,20.844,williams,0,25.086999999999996,1,271,153,19.006384873815758,21.60621805707511,1.837615126184243,-0.7622180570751098
2021,19,São Paulo Grand Prix,Autódromo José Carlos Pace,russell,8,3,18.179,williams,0,25.086999999999996,1,271,153,19.006384873815758,22.293738515124797,-0.8273848738157596,-4.114738515124799
2021,19,São Paulo Grand Prix,Autódromo José Carlos Pace,russell,41,4,23.132,williams,0,25.086999999999996,1,271,153,19.006384873815758,25.275351801339504,4.125615126184243,-2.1433518013395023
2021,19,São Paulo Grand Prix,Autódromo José Carlos Pace,sainz,7,1,18.46,ferrari,0,25.086999999999996,1,259,153,17.784520222931665,21.263529661688537,0.6754797770683361,-2.803529661688536
2021,19,São Paulo Grand Prix,Autódromo José Carlos Pace,sainz,8,2,18.373,ferrari,0,25.086999999999996,1,259,153,17.784520222931665,20.956116755889255,0.5884797770683363,-2.583116755889254
2021,19,São Paulo Grand Prix,Autódromo José Carlos Pace,sainz,26,3,23.321,ferrari,0,25.086999999999996,1,259,153,17.784520222931665,21.95092017385364,5.536479777068337,1.3700798261463625
2021,19,São Paulo Grand Prix,Autódromo José Carlos Pace,sainz,53,4,22.745,ferrari,0,25.086999999999996,1,259,153,17.784520222931665,24.82408065068669,4.960479777068336,-2.079080650686688
2021,19,São Paulo Grand Prix,Autódromo José Carlos Pace,stroll,7,1,17.948,aston_martin,0,25.086999999999996,1,271,153,17.97241601295051,21.629881921595086,-0.024416012950510435,-3.6818819215950853
2021,19,São Paulo Grand Prix,Autódromo José Carlos Pace,stroll,8,2,17.935,aston_martin,0,25.086999999999996,1,271,153,17.97241601295051,21.3224690157958,-0.03741601295051211,-3.3874690157958014
2021,19,São Paulo Grand Prix,Autódromo José Carlos Pace,stroll,22,3,24.997,aston_martin,0,25.086999999999996,1,271,153,17.97241601295051,22.24497056083908,7.024583987049489,2.7520294391609212
2021,19,São Paulo Grand Prix,Autódromo José Carlos Pace,tsunoda,4,1,31.939,alphatauri,0,25.086999999999996,1,202,153,17.494736272481212,21.447713575162958,14.444263727518788,10.491286424837043
2021,19,São Paulo Grand Prix,Autódromo José Carlos Pace,tsunoda,6,2,17.758,alphatauri,0,25.086999999999996,1,202,153,17.494736272481212,21.158376137593947,0.2632637275187868,-3.4003761375939483
2021,19,São Paulo Grand Prix,Autódromo José Carlos Pace,tsunoda,7,3,17.711,alphatauri,0,25.086999999999996,1,202,153,17.494736272481212,21.84589659564363,0.2162637275187862,-4.134896595643632
2021,19,São Paulo Grand Prix,Autódromo José Carlos Pace,tsunoda,8,4,18.499,alphatauri,0,25.086999999999996,1,202,153,17.494736272481212,24.24909489848949,1.0042637275187865,-5.75009489848949
2021,19,São Paulo Grand Prix,Autódromo José Carlos Pace,tsunoda,39,5,35.416,alphatauri,0,25.086999999999996,1,202,153,17.494736272481212,24.955936671915776,17.921263727518784,10.460063328084221
2021,19,São Paulo Grand Prix,Autódromo José Carlos Pace,vettel,7,1,18.107,aston_martin,0,25.086999999999996,1,271,153,17.97241601295051,21.629881921595086,0.13458398704948848,-3.5228819215950864
2021,19,São Paulo Grand Prix,Autódromo José Carlos Pace,vettel,8,2,17.896,aston_martin,0,25.086999999999996,1,271,153,17.97241601295051,21.3224690157958,-0.07641601295051004,-3.4264690157957993
2021,19,São Paulo Grand Prix,Autódromo José Carlos Pace,vettel,28,3,24.464,aston_martin,0,25.086999999999996,1,271,153,17.97241601295051,22.35342337022074,6.491583987049488,2.11057662977926
2021,19,São Paulo Grand Prix,Autódromo José Carlos Pace,vettel,55,4,22.978,aston_martin,0,25.086999999999996,1,271,153,17.97241601295051,25.226583847053785,5.005583987049491,-2.2485838470537836
2021,20,Qatar Grand Prix,Losail International Circuit,alonso,23,1,25.991,alpine,0,31.256599999999978,1,249,141,28.20191871862343,28.289489440363223,-2.2109187186234287,-2.2984894403632232
2021,20,Qatar Grand Prix,Losail International Circuit,bottas,33,1,36.341,mercedes,0,31.256599999999978,1,278,141,28.3806013748044,28.210365574857256,7.960398625195602,8.130634425142745
2021,20,Qatar Grand Prix,Losail International Circuit,gasly,13,1,25.63,alphatauri,0,31.256599999999978,1,202,141,27.719782351974786,27.878569202958086,-2.0897823519747867,-2.2485692029580875
2021,20,Qatar Grand Prix,Losail International Circuit,gasly,35,2,26.109,alphatauri,0,31.256599999999978,1,202,141,27.719782351974786,27.950741129994604,-1.610782351974784,-1.8417411299946025
2021,20,Qatar Grand Prix,Losail International Circuit,giovinazzi,15,1,25.987,alfa,0,31.256599999999978,1,194,141,28.176377559208436,28.25981010935156,-2.189377559208438,-2.2728101093515605
2021,20,Qatar Grand Prix,Losail International Circuit,giovinazzi,32,2,25.347,alfa,0,31.256599999999978,1,194,141,28.176377559208436,28.241604695236695,-2.829377559208435,-2.894604695236694
2021,20,Qatar Grand Prix,Losail International Circuit,hamilton,18,1,25.235,mercedes,0,31.256599999999978,1,278,141,28.3806013748044,27.939233551403106,-3.1456013748044,-2.7042335514031066
2021,20,Qatar Grand Prix,Losail International Circuit,hamilton,42,2,25.381,mercedes,0,31.256599999999978,1,278,141,28.3806013748044,28.04755641490018,-2.9996013748043993,-2.666556414900178
2021,20,Qatar Grand Prix,Losail International Circuit,latifi,18,1,25.811,williams,0,31.256599999999978,1,271,141,29.231430953309335,28.398712995360356,-3.420430953309335,-2.5877129953603557
2021,20,Qatar Grand Prix,Losail International Circuit,leclerc,27,1,25.799,ferrari,0,31.256599999999978,1,259,141,28.009566302425238,27.893215440016707,-2.2105663024252387,-2.0942154400167077
2021,20,Qatar Grand Prix,Losail International Circuit,maxverstappen,17,1,25.3,red_bull,0,31.256599999999978,1,292,141,27.93243602411863,27.31254397411819,-2.632436024118629,-2.012543974118188
2021,20,Qatar Grand Prix,Losail International Circuit,maxverstappen,41,2,25.175,red_bull,0,31.256599999999978,1,292,141,27.93243602411863,27.420866837615264,-2.757436024118629,-2.2458668376152637
2021,20,Qatar Grand Prix,Losail International Circuit,maxverstappen,55,3,25.465,red_bull,0,31.256599999999978,1,292,141,27.93243602411863,28.34336838265855,-2.46743602411863,-2.87836838265855
2021,20,Qatar Grand Prix,Losail International Circuit,mazepin,31,1,26.515,haas,0,31.256599999999978,1,272,141,29.37998068524098,29.24827732183118,-2.8649806852409796,-2.733277321831178
2021,20,Qatar Grand Prix,Losail International Circuit,mickschumacher,22,1,25.881,haas,0,31.256599999999978,1,272,141,29.37998068524098,29.08559810775869,-3.49898068524098,-3.204598107758688
2021,20,Qatar Grand Prix,Losail International Circuit,norris,25,1,25.319,mclaren,0,31.256599999999978,1,270,141,27.983161681834837,27.938114486586805,-2.6641616818348375,-2.619114486586806
2021,20,Qatar Grand Prix,Losail International Circuit,norris,49,2,26.552,mclaren,0,31.256599999999978,1,270,141,27.983161681834837,28.04643735008388,-1.431161681834837,-1.4944373500838815
2021,20,Qatar Grand Prix,Losail International Circuit,ocon,24,1,25.517,alpine,0,31.256599999999978,1,249,141,28.20191871862343,28.307564908593502,-2.684918718623429,-2.7905649085935025
2021,20,Qatar Grand Prix,Losail International Circuit,perez,19,1,25.419,red_bull,0,31.256599999999978,1,292,141,27.93243602411863,27.348694910578747,-2.5134360241186293,-1.9296949105787462
2021,20,Qatar Grand Prix,Losail International Circuit,perez,41,2,25.42,red_bull,0,31.256599999999978,1,292,141,27.93243602411863,27.420866837615264,-2.512436024118628,-2.0008668376152627
2021,20,Qatar Grand Prix,Losail International Circuit,raikkonen,10,1,26.174,alfa,0,31.256599999999978,1,194,141,28.176377559208436,28.169432768200178,-2.002377559208437,-1.9954327682001782
2021,20,Qatar Grand Prix,Losail International Circuit,raikkonen,30,2,25.633,alfa,0,31.256599999999978,1,194,141,28.176377559208436,28.205453758776144,-2.5433775592084373,-2.5724537587761453
2021,20,Qatar Grand Prix,Losail International Circuit,ricciardo,26,1,25.562,mclaren,0,31.256599999999978,1,270,141,27.983161681834837,27.95618995481708,-2.4211616818348354,-2.3941899548170795
2021,20,Qatar Grand Prix,Losail International Circuit,russell,17,1,26.121,williams,0,31.256599999999978,1,271,141,29.231430953309335,28.380637527130077,-3.1104309533093364,-2.259637527130078
2021,20,Qatar Grand Prix,Losail International Circuit,russell,49,2,35.006,williams,0,31.256599999999978,1,271,141,29.231430953309335,28.63356413646937,5.774569046690665,6.3724358635306295
2021,20,Qatar Grand Prix,Losail International Circuit,sainz,27,1,25.639,ferrari,0,31.256599999999978,1,259,141,28.009566302425238,27.893215440016707,-2.370566302425239,-2.254215440016708
2021,20,Qatar Grand Prix,Losail International Circuit,stroll,23,1,26.157,aston_martin,0,31.256599999999978,1,271,141,28.197462092444084,28.187265827002143,-2.040462092444084,-2.030265827002143
2021,20,Qatar Grand Prix,Losail International Circuit,tsunoda,9,1,25.659,alphatauri,0,31.256599999999978,1,202,141,27.719782351974786,27.806267330036977,-2.0607823519747868,-2.1472673300369784
2021,20,Qatar Grand Prix,Losail International Circuit,tsunoda,34,2,26.674,alphatauri,0,31.256599999999978,1,202,141,27.719782351974786,27.932665661764332,-1.0457823519747862,-1.2586656617643328
2021,20,Qatar Grand Prix,Losail International Circuit,vettel,26,1,25.726,aston_martin,0,31.256599999999978,1,271,141,28.197462092444084,28.241492231692973,-2.471462092444085,-2.515492231692974
2021,21,Saudi Arabian Grand Prix,Jeddah Corniche Circuit,alonso,13,2,1.01985,alpine,0,1.1054228,0,249,90,15.630745866586638,0.615495982218353,-14.610895866586638,0.4043540177816469
2021,21,Saudi Arabian Grand Prix,Jeddah Corniche Circuit,alonso,15,3,1.101826,alpine,0,1.1054228,0,249,90,15.630745866586638,1.321091908498313,-14.528919866586637,-0.21926590849831307
2021,21,Saudi Arabian Grand Prix,Jeddah Corniche Circuit,bottas,15,3,1.089473,mercedes,0,1.1054228,0,278,90,15.809428522767613,1.0612133606895777,-14.719955522767613,0.02825963931042219
2021,21,Saudi Arabian Grand Prix,Jeddah Corniche Circuit,gasly,13,1,1.001775,alphatauri,0,1.1054228,0,202,90,15.148609499937995,0.7108188011455456,-14.146834499937995,0.29095619885445445
2021,21,Saudi Arabian Grand Prix,Jeddah Corniche Circuit,gasly,15,2,1.092287,alphatauri,0,1.1054228,0,202,90,15.148609499937995,0.4214813635765342,-14.056322499937995,0.6708056364234658
2021,21,Saudi Arabian Grand Prix,Jeddah Corniche Circuit,giovinazzi,13,1,1.004917,alfa,0,1.1054228,0,194,90,15.605204707171648,1.0559087710784674,-14.600287707171647,-0.05099177107846731
2021,21,Saudi Arabian Grand Prix,Jeddah Corniche Circuit,giovinazzi,15,2,1.094749,alfa,0,1.1054228,0,194,90,15.605204707171648,0.7665713335094559,-14.510455707171648,0.32817766649054403
2021,21,Saudi Arabian Grand Prix,Jeddah Corniche Circuit,hamilton,15,3,1.086674,mercedes,0,1.1054228,0,278,90,15.809428522767613,1.0612133606895777,-14.722754522767612,0.025460639310422195
2021,21,Saudi Arabian Grand Prix,Jeddah Corniche Circuit,latifi,13,2,1.0172569999999999,williams,0,1.1054228,0,271,90,16.660258101272543,0.8150968783668677,-15.643001101272542,0.20216012163313213
2021,21,Saudi Arabian Grand Prix,Jeddah Corniche Circuit,latifi,15,3,1.107052,williams,0,1.1054228,1,271,90,16.660258101272543,22.88392638786004,-15.553206101272544,-21.77687438786004
2021,21,Saudi Arabian Grand Prix,Jeddah Corniche Circuit,leclerc,15,3,1.095192,ferrari,0,1.1054228,0,259,90,15.43839345038845,0.8525160352306904,-14.343201450388449,0.24267596476930953
2021,21,Saudi Arabian Grand Prix,Jeddah Corniche Circuit,maxverstappen,15,2,1.087591,red_bull,0,1.1054228,0,292,90,15.361263172081841,-0.21684573818446706,-14.273672172081842,1.304436738184467
2021,21,Saudi Arabian Grand Prix,Jeddah Corniche Circuit,mazepin,13,1,1.019226,haas,0,1.1054228,0,272,90,16.80880783320419,1.7551684918736559,-15.789581833204192,-0.7359424918736559
2021,21,Saudi Arabian Grand Prix,Jeddah Corniche Circuit,norris,13,2,1.017303,mclaren,0,1.1054228,0,270,90,15.411988829798048,0.22797009198138252,-14.394685829798048,0.7893329080186176
2021,21,Saudi Arabian Grand Prix,Jeddah Corniche Circuit,norris,15,3,1.116576,mclaren,0,1.1054228,1,270,90,15.411988829798048,22.296799601474554,-14.295412829798048,-21.180223601474555
2021,21,Saudi Arabian Grand Prix,Jeddah Corniche Circuit,ocon,15,2,1.08829,alpine,0,1.1054228,0,249,90,15.630745866586638,0.6516469186789062,-14.542455866586637,0.43664308132109375
2021,21,Saudi Arabian Grand Prix,Jeddah Corniche Circuit,perez,13,2,1.002619,red_bull,0,1.1054228,0,292,90,15.361263172081841,-0.2529966746450203,-14.358644172081842,1.2556156746450202
2021,21,Saudi Arabian Grand Prix,Jeddah Corniche Circuit,raikkonen,13,1,1.008569,alfa,0,1.1054228,0,194,90,15.605204707171648,1.0559087710784674,-14.596635707171648,-0.04733977107846732
2021,21,Saudi Arabian Grand Prix,Jeddah Corniche Circuit,raikkonen,15,2,1.0992819999999999,alfa,0,1.1054228,0,194,90,15.605204707171648,0.7665713335094559,-14.505922707171647,0.3327106664905439
2021,21,Saudi Arabian Grand Prix,Jeddah Corniche Circuit,ricciardo,15,2,1.087296,mclaren,0,1.1054228,0,270,90,15.411988829798048,0.26412102844193575,-14.324692829798048,0.8231749715580643
2021,21,Saudi Arabian Grand Prix,Jeddah Corniche Circuit,russell,13,2,1.021615,williams,0,1.1054228,0,271,90,16.660258101272543,0.8150968783668677,-15.638643101272542,0.2065181216331322
2021,21,Saudi Arabian Grand Prix,Jeddah Corniche Circuit,sainz,13,1,1.004618,ferrari,0,1.1054228,0,259,90,15.43839345038845,0.47240848298029503,-14.433775450388449,0.532209517019705
2021,21,Saudi Arabian Grand Prix,Jeddah Corniche Circuit,sainz,15,2,1.097194,ferrari,0,1.1054228,0,259,90,15.43839345038845,0.1830710454112836,-14.34119945038845,0.9141229545887164
2021,21,Saudi Arabian Grand Prix,Jeddah Corniche Circuit,stroll,13,2,1.020939,aston_martin,0,1.1054228,0,271,90,15.626289240407297,0.5132723688572769,-14.605350240407297,0.5076666311427231
2021,21,Saudi Arabian Grand Prix,Jeddah Corniche Circuit,stroll,15,3,1.102979,aston_martin,0,1.1054228,0,271,90,15.626289240407297,1.218868295137237,-14.523310240407298,-0.115889295137237
2021,21,Saudi Arabian Grand Prix,Jeddah Corniche Circuit,tsunoda,13,1,1.006407,alphatauri,0,1.1054228,0,202,90,15.148609499937995,0.7108188011455456,-14.142202499937996,0.2955881988544544
2021,21,Saudi Arabian Grand Prix,Jeddah Corniche Circuit,tsunoda,15,2,1.100644,alphatauri,0,1.1054228,0,202,90,15.148609499937995,0.4214813635765342,-14.047965499937995,0.6791626364234657
2021,21,Saudi Arabian Grand Prix,Jeddah Corniche Circuit,vettel,13,1,1.0123039999999999,aston_martin,0,1.1054228,0,271,90,15.626289240407297,0.8387607428868415,-14.613985240407297,0.17354325711315832
2021,21,Saudi Arabian Grand Prix,Jeddah Corniche Circuit,vettel,15,2,1.098749,aston_martin,0,1.1054228,0,271,90,15.626289240407297,0.5494233053178301,-14.527540240407298,0.5493256946821699
2021,22,Abu Dhabi Grand Prix,Yas Marina Circuit,alonso,36,1,21.304,alpine,0,22.458599999999997,1,249,125,22.359807921321526,22.931058084653113,-1.0558079213215272,-1.6270580846531146
2021,22,Abu Dhabi Grand Prix,Yas Marina Circuit,bottas,30,1,21.669,mercedes,0,22.458599999999997,1,278,125,22.5384905775025,22.562726727462717,-0.8694905775024999,-0.8937267274627168
2021,22,Abu Dhabi Grand Prix,Yas Marina Circuit,gasly,36,1,22.133,alphatauri,0,22.458599999999997,1,202,125,21.87767155467288,22.70089252955074,0.2553284453271196,-0.5678925295507398
2021,22,Abu Dhabi Grand Prix,Yas Marina Circuit,gasly,54,2,21.92,alphatauri,0,22.458599999999997,1,202,125,21.87767155467288,22.700762583666155,0.04232844532712221,-0.7807625836661529
2021,22,Abu Dhabi Grand Prix,Yas Marina Circuit,giovinazzi,17,1,22.283,alfa,0,22.458599999999997,1,194,125,22.334266761906534,22.702548603108404,-0.051266761906532565,-0.41954860310840303
2021,22,Abu Dhabi Grand Prix,Yas Marina Circuit,hamilton,14,1,21.595,mercedes,0,22.458599999999997,1,278,125,22.5384905775025,22.273519235778288,-0.9434905775025015,-0.678519235778289
2021,22,Abu Dhabi Grand Prix,Yas Marina Circuit,latifi,28,1,21.241,williams,0,22.458599999999997,1,271,125,23.38932015600743,22.986055234959416,-2.148320156007429,-1.7450552349594162
2021,22,Abu Dhabi Grand Prix,Yas Marina Circuit,leclerc,15,1,22.461,ferrari,0,22.458599999999997,1,259,125,22.167455505123336,22.082897378549678,0.293544494876663,0.3781026214503207
2021,22,Abu Dhabi Grand Prix,Yas Marina Circuit,leclerc,35,2,21.173,ferrari,0,22.458599999999997,1,259,125,22.167455505123336,22.118918369125648,-0.9944555051233372,-0.9459183691256499
2021,22,Abu Dhabi Grand Prix,Yas Marina Circuit,maxverstappen,13,1,21.152,red_bull,0,22.458599999999997,1,292,125,22.090325226816727,21.646829658493377,-0.9383252268167261,-0.49482965849337646
2021,22,Abu Dhabi Grand Prix,Yas Marina Circuit,maxverstappen,36,2,21.871,red_bull,0,22.458599999999997,1,292,125,22.090325226816727,21.737077053760174,-0.2193252268167285,0.13392294623982437
2021,22,Abu Dhabi Grand Prix,Yas Marina Circuit,maxverstappen,53,3,21.453,red_bull,0,22.458599999999997,1,292,125,22.090325226816727,22.713805003494283,-0.6373252268167278,-1.2608050034942835
2021,22,Abu Dhabi Grand Prix,Yas Marina Circuit,mickschumacher,10,1,22.124,haas,0,22.458599999999997,1,272,125,23.53786988793908,23.27528004629166,-1.4138698879390823,-1.1512800462916601
2021,22,Abu Dhabi Grand Prix,Yas Marina Circuit,mickschumacher,52,2,22.07,haas,0,22.458599999999997,1,272,125,23.53786988793908,23.708961337933715,-1.4678698879390808,-1.638961337933715
2021,22,Abu Dhabi Grand Prix,Yas Marina Circuit,norris,17,1,21.38,mclaren,0,22.458599999999997,1,270,125,22.141050884532937,22.200098298040885,-0.7610508845329385,-0.820098298040886
2021,22,Abu Dhabi Grand Prix,Yas Marina Circuit,norris,48,2,22.173,mclaren,0,22.458599999999997,1,270,125,22.141050884532937,22.434949439149896,0.03194911546706081,-0.2619494391498982
2021,22,Abu Dhabi Grand Prix,Yas Marina Circuit,ocon,15,1,21.677,alpine,0,22.458599999999997,1,249,125,22.359807921321526,22.551473251817303,-0.6828079213215261,-0.8744732518173031
2021,22,Abu Dhabi Grand Prix,Yas Marina Circuit,perez,21,1,21.471,red_bull,0,22.458599999999997,1,292,125,22.090325226816727,21.79143340433559,-0.6193252268167271,-0.32043340433558853
2021,22,Abu Dhabi Grand Prix,Yas Marina Circuit,perez,36,2,21.413,red_bull,0,22.458599999999997,1,292,125,22.090325226816727,21.737077053760174,-0.6773252268167269,-0.32407705376017404
2021,22,Abu Dhabi Grand Prix,Yas Marina Circuit,perez,53,3,21.385,red_bull,0,22.458599999999997,1,292,125,22.090325226816727,22.713805003494283,-0.7053252268167256,-1.3288050034942813
2021,22,Abu Dhabi Grand Prix,Yas Marina Circuit,raikkonen,21,1,22.338,alfa,0,22.458599999999997,1,194,125,22.334266761906534,22.77485047602951,0.0037332380934671505,-0.4368504760295089
2021,22,Abu Dhabi Grand Prix,Yas Marina Circuit,ricciardo,18,1,21.449,mclaren,0,22.458599999999997,1,270,125,22.141050884532937,22.21817376627116,-0.6920508845329358,-0.7691737662711589
2021,22,Abu Dhabi Grand Prix,Yas Marina Circuit,ricciardo,52,2,22.056,mclaren,0,22.458599999999997,1,270,125,22.141050884532937,22.507251312071002,-0.08505088453293652,-0.4512513120710011
2021,22,Abu Dhabi Grand Prix,Yas Marina Circuit,sainz,19,1,22.213,ferrari,0,22.458599999999997,1,259,125,22.167455505123336,22.155199251470783,0.04554449487666545,0.05780074852921757
2021,22,Abu Dhabi Grand Prix,Yas Marina Circuit,stroll,21,1,22.288,aston_martin,0,22.458599999999997,1,271,125,22.355351295142185,22.557702447837883,-0.06735129514218485,-0.2697024478378829
2021,22,Abu Dhabi Grand Prix,Yas Marina Circuit,stroll,52,2,22.661,aston_martin,0,22.458599999999997,1,271,125,22.355351295142185,22.792553588946898,0.30564870485781626,-0.13155358894689684
2021,22,Abu Dhabi Grand Prix,Yas Marina Circuit,tsunoda,23,1,22.455,alphatauri,0,22.458599999999997,1,202,125,21.87767155467288,22.465911442557143,0.5773284453271188,-0.010911442557144824
2021,22,Abu Dhabi Grand Prix,Yas Marina Circuit,tsunoda,53,2,21.909,alphatauri,0,22.458599999999997,1,202,125,21.87767155467288,22.68268711543588,0.031328445327119425,-0.7736871154358802
2021,22,Abu Dhabi Grand Prix,Yas Marina Circuit,vettel,23,1,21.221,aston_martin,0,22.458599999999997,1,271,125,22.355351295142185,22.593853384298438,-1.134351295142185,-1.3728533842984376
2022,1,Bahrain Grand Prix,Bahrain International Circuit,albon,13,1,24.874,williams,0,27.365299999999998,1,271,190,26.83779606192943,26.122803627603936,-1.9637960619294326,-1.2488036276039374
2022,1,Bahrain Grand Prix,Bahrain International Circuit,albon,35,2,25.57,williams,0,27.365299999999998,1,271,190,26.83779606192943,26.19497555464046,-1.267796061929431,-0.6249755546404607
2022,1,Bahrain Grand Prix,Bahrain International Circuit,albon,46,3,25.055,williams,0,27.365299999999998,1,271,190,26.83779606192943,27.06325069499291,-1.7827960619294316,-2.0082506949929098
2022,1,Bahrain Grand Prix,Bahrain International Circuit,alonso,11,1,25.365,alpine,0,27.365299999999998,1,249,190,25.808283827243528,25.887051794994868,-0.44328382724352977,-0.5220517949948693
2022,1,Bahrain Grand Prix,Bahrain International Circuit,alonso,25,2,24.909,alpine,0,27.365299999999998,1,249,190,25.808283827243528,25.814619976189178,-0.8992838272435293,-0.905619976189179
2022,1,Bahrain Grand Prix,Bahrain International Circuit,alonso,42,3,24.508,alpine,0,27.365299999999998,1,249,190,25.808283827243528,26.79134792592329,-1.300283827243529,-2.283347925923291
2022,1,Bahrain Grand Prix,Bahrain International Circuit,bottas,14,1,25.893,alfa,0,27.365299999999998,1,194,190,25.782742667828536,26.056202614516252,0.11025733217146438,-0.1632026145162513
2022,1,Bahrain Grand Prix,Bahrain International Circuit,bottas,36,2,25.156,alfa,0,27.365299999999998,1,194,190,25.782742667828536,26.128374541552773,-0.6267426678285375,-0.9723745415527745
2022,1,Bahrain Grand Prix,Bahrain International Circuit,bottas,45,3,25.188,alfa,0,27.365299999999998,1,194,190,25.782742667828536,26.960498745444667,-0.5947426678285375,-1.7724987454446683
2022,1,Bahrain Grand Prix,Bahrain International Circuit,gasly,14,1,24.575,alphatauri,0,27.365299999999998,1,202,190,25.326147460594886,25.71111264458333,-0.7511474605948862,-1.1361126445833314
2022,1,Bahrain Grand Prix,Bahrain International Circuit,gasly,32,2,25.875,alphatauri,0,27.365299999999998,1,202,190,25.326147460594886,25.710982698698743,0.5488525394051145,0.16401730130125713
2022,1,Bahrain Grand Prix,Bahrain International Circuit,hamilton,11,1,25.201,mercedes,0,27.365299999999998,1,278,190,25.986966483424503,25.627173247186136,-0.7859664834245024,-0.42617324718613503
2022,1,Bahrain Grand Prix,Bahrain International Circuit,hamilton,27,2,25.796,mercedes,0,27.365299999999998,1,278,190,25.986966483424503,25.590892364840997,-0.1909664834245035,0.20510763515900265
2022,1,Bahrain Grand Prix,Bahrain International Circuit,hamilton,44,3,25.579,mercedes,0,27.365299999999998,1,278,190,25.986966483424503,26.56762031457511,-0.40796648342450226,-0.9886203145751082
2022,1,Bahrain Grand Prix,Bahrain International Circuit,hulkenberg,19,1,27.365,aston_martin,0,27.365299999999998,1,271,190,25.803827201064184,25.929431927476006,1.5611727989358144,1.435568072523992
2022,1,Bahrain Grand Prix,Bahrain International Circuit,hulkenberg,37,2,26.712,aston_martin,0,27.365299999999998,1,271,190,25.803827201064184,25.929301981591422,0.9081727989358157,0.7826980184085777
2022,1,Bahrain Grand Prix,Bahrain International Circuit,hulkenberg,44,3,25.748,aston_martin,0,27.365299999999998,1,271,190,25.803827201064184,26.72527524902277,-0.05582720106418293,-0.9772752490227674
2022,1,Bahrain Grand Prix,Bahrain International Circuit,kevinmagnussen,14,1,25.478,haas,0,27.365299999999998,1,272,190,26.98634579386108,26.75546233531144,-1.5083457938610785,-1.2774623353114372
2022,1,Bahrain Grand Prix,Bahrain International Circuit,kevinmagnussen,34,2,25.876,haas,0,27.365299999999998,1,272,190,26.98634579386108,26.791483325887405,-1.1103457938610788,-0.9154833258874042
2022,1,Bahrain Grand Prix,Bahrain International Circuit,kevinmagnussen,46,3,26.051,haas,0,27.365299999999998,1,272,190,26.98634579386108,27.677833934470133,-0.9353457938610816,-1.6268339344701346
2022,1,Bahrain Grand Prix,Bahrain International Circuit,latifi,14,1,24.457,williams,0,27.365299999999998,1,271,190,26.83779606192943,26.140879095834215,-2.3807960619294306,-1.6838790958342145
2022,1,Bahrain Grand Prix,Bahrain International Circuit,latifi,32,2,24.778,williams,0,27.365299999999998,1,271,190,26.83779606192943,26.14074914994963,-2.0597960619294327,-1.3627491499496323
2022,1,Bahrain Grand Prix,Bahrain International Circuit,latifi,45,3,24.658,williams,0,27.365299999999998,1,271,190,26.83779606192943,27.045175226762634,-2.17979606192943,-2.3871752267626327
2022,1,Bahrain Grand Prix,Bahrain International Circuit,leclerc,15,1,25.012,ferrari,0,27.365299999999998,1,259,190,25.615931411045338,25.490777794648352,-0.6039314110453375,-0.4787777946483516
2022,1,Bahrain Grand Prix,Bahrain International Circuit,leclerc,31,2,24.527,ferrari,0,27.365299999999998,1,259,190,25.615931411045338,25.454496912303213,-1.088931411045337,-0.9274969123032122
2022,1,Bahrain Grand Prix,Bahrain International Circuit,leclerc,46,3,24.613,ferrari,0,27.365299999999998,1,259,190,25.615931411045338,26.395073925576774,-1.0029314110453385,-1.7820739255767748
2022,1,Bahrain Grand Prix,Bahrain International Circuit,maxverstappen,14,1,24.897,red_bull,0,27.365299999999998,1,292,190,25.53880113273873,25.072785542822327,-0.6418011327387312,-0.17578554282232872
2022,1,Bahrain Grand Prix,Bahrain International Circuit,maxverstappen,30,2,24.937,red_bull,0,27.365299999999998,1,292,190,25.53880113273873,25.03650466047719,-0.6018011327387285,-0.0995046604771872
2022,1,Bahrain Grand Prix,Bahrain International Circuit,maxverstappen,43,3,24.402,red_bull,0,27.365299999999998,1,292,190,25.53880113273873,25.94093073729019,-1.1368011327387286,-1.5389307372901904
2022,1,Bahrain Grand Prix,Bahrain International Circuit,mickschumacher,12,1,25.214,haas,0,27.365299999999998,1,272,190,26.98634579386108,26.719311398850884,-1.7723457938610814,-1.5053113988508855
2022,1,Bahrain Grand Prix,Bahrain International Circuit,mickschumacher,35,2,25.586,haas,0,27.365299999999998,1,272,190,26.98634579386108,26.809558794117684,-1.4003457938610815,-1.223558794117686
2022,1,Bahrain Grand Prix,Bahrain International Circuit,norris,24,1,24.568,mclaren,0,27.365299999999998,1,270,190,25.589526790454936,25.734506991751495,-1.021526790454935,-1.1665069917514934
2022,1,Bahrain Grand Prix,Bahrain International Circuit,norris,41,2,27.367,mclaren,0,27.365299999999998,1,270,190,25.589526790454936,25.716301577636635,1.7774732095450645,1.6506984223633658
2022,1,Bahrain Grand Prix,Bahrain International Circuit,norris,45,3,24.975,mclaren,0,27.365299999999998,1,270,190,25.589526790454936,26.458048440377148,-0.614526790454935,-1.4830484403771464
2022,1,Bahrain Grand Prix,Bahrain International Circuit,ocon,14,1,30.484,alpine,0,27.365299999999998,1,249,190,25.808283827243528,25.941278199685698,4.6757161727564736,4.542721800314304
2022,1,Bahrain Grand Prix,Bahrain International Circuit,ocon,30,2,25.393,alpine,0,27.365299999999998,1,249,190,25.808283827243528,25.90499731734056,-0.4152838272435275,-0.5119973173405583
2022,1,Bahrain Grand Prix,Bahrain International Circuit,ocon,43,3,24.233,alpine,0,27.365299999999998,1,249,190,25.808283827243528,26.809423394153562,-1.5752838272435277,-2.5764233941535615
2022,1,Bahrain Grand Prix,Bahrain International Circuit,perez,15,1,25.046,red_bull,0,27.365299999999998,1,292,190,25.53880113273873,25.090861011052603,-0.4928011327387303,-0.04486101105260332
2022,1,Bahrain Grand Prix,Bahrain International Circuit,perez,33,2,24.173,red_bull,0,27.365299999999998,1,292,190,25.53880113273873,25.09073106516802,-1.3658011327387314,-0.9177310651680202
2022,1,Bahrain Grand Prix,Bahrain International Circuit,perez,43,3,24.947,red_bull,0,27.365299999999998,1,292,190,25.53880113273873,25.94093073729019,-0.5918011327387305,-0.9939307372901922
2022,1,Bahrain Grand Prix,Bahrain International Circuit,ricciardo,17,1,24.915,mclaren,0,27.365299999999998,1,270,190,25.589526790454936,25.607978714139556,-0.6745267904549372,-0.6929787141395565
2022,1,Bahrain Grand Prix,Bahrain International Circuit,ricciardo,33,2,24.885,mclaren,0,27.365299999999998,1,270,190,25.589526790454936,25.571697831794424,-0.7045267904549348,-0.6866978317944223
2022,1,Bahrain Grand Prix,Bahrain International Circuit,ricciardo,44,3,25.139,mclaren,0,27.365299999999998,1,270,190,25.589526790454936,26.43997297214687,-0.45052679045493704,-1.3009729721468695
2022,1,Bahrain Grand Prix,Bahrain International Circuit,russell,15,1,25.888,mercedes,0,27.365299999999998,1,278,190,25.986966483424503,25.69947512010724,-0.0989664834245012,0.18852487989276057
2022,1,Bahrain Grand Prix,Bahrain International Circuit,russell,33,2,25.334,mercedes,0,27.365299999999998,1,278,190,25.986966483424503,25.699345174222657,-0.6529664834245033,-0.3653451742226572
2022,1,Bahrain Grand Prix,Bahrain International Circuit,russell,45,3,25.574,mercedes,0,27.365299999999998,1,278,190,25.986966483424503,26.585695782805384,-0.41296648342450126,-1.0116957828053827
2022,1,Bahrain Grand Prix,Bahrain International Circuit,sainz,14,1,24.666,ferrari,0,27.365299999999998,1,259,190,25.615931411045338,25.47270232641808,-0.9499314110453376,-0.8067023264180797
2022,1,Bahrain Grand Prix,Bahrain International Circuit,sainz,33,2,24.438,ferrari,0,27.365299999999998,1,259,190,25.615931411045338,25.49064784876377,-1.1779314110453392,-1.0526478487637725
2022,1,Bahrain Grand Prix,Bahrain International Circuit,sainz,44,3,24.287,ferrari,0,27.365299999999998,1,259,190,25.615931411045338,26.358922989116216,-1.328931411045339,-2.071922989116217
2022,1,Bahrain Grand Prix,Bahrain International Circuit,stroll,18,1,25.739,aston_martin,0,27.365299999999998,1,271,190,25.803827201064184,25.91135645924573,-0.06482720106418327,-0.17235645924573006
2022,1,Bahrain Grand Prix,Bahrain International Circuit,stroll,38,2,26.957,aston_martin,0,27.365299999999998,1,271,190,25.803827201064184,25.9473774498217,1.1531727989358167,1.0096225501782996
2022,1,Bahrain Grand Prix,Bahrain International Circuit,stroll,45,3,25.039,aston_martin,0,27.365299999999998,1,271,190,25.803827201064184,26.743350717253044,-0.7648272010641826,-1.7043507172530425
2022,1,Bahrain Grand Prix,Bahrain International Circuit,tsunoda,15,1,26.095,alphatauri,0,27.365299999999998,1,202,190,25.326147460594886,25.729188112813603,0.7688525394051133,0.36581188718639623
2022,1,Bahrain Grand Prix,Bahrain International Circuit,tsunoda,29,2,24.35,alphatauri,0,27.365299999999998,1,202,190,25.326147460594886,25.656756294007913,-0.9761474605948841,-1.3067562940079114
2022,1,Bahrain Grand Prix,Bahrain International Circuit,tsunoda,44,3,24.188,alphatauri,0,27.365299999999998,1,202,190,25.326147460594886,26.597333307281474,-1.1381474605948867,-2.409333307281475
2022,1,Bahrain Grand Prix,Bahrain International Circuit,zhou,15,1,25.428,alfa,0,27.365299999999998,1,194,190,25.782742667828536,26.074278082746524,-0.3547426678285355,-0.6462780827465231
2022,1,Bahrain Grand Prix,Bahrain International Circuit,zhou,37,2,25.291,alfa,0,27.365299999999998,1,194,190,25.782742667828536,26.146450009783045,-0.49174266782853593,-0.8554500097830449
2022,1,Bahrain Grand Prix,Bahrain International Circuit,zhou,45,3,28.647,alfa,0,27.365299999999998,1,194,190,25.782742667828536,26.960498745444667,2.864257332171462,1.6865012545553313
2022,2,Saudi Arabian Grand Prix,Jeddah Corniche Circuit,albon,13,1,20.683,williams,0,23.91139999999998,1,271,90,16.660258101272543,22.503818835609646,4.022741898727457,-1.8208188356096464
2022,2,Saudi Arabian Grand Prix,Jeddah Corniche Circuit,alonso,16,1,21.543,alpine,0,23.91139999999998,1,249,90,15.630745866586638,22.35844434415196,5.912254133413361,-0.8154443441519597
2022,2,Saudi Arabian Grand Prix,Jeddah Corniche Circuit,bottas,16,1,22.561,alfa,0,23.91139999999998,1,194,90,15.605204707171648,22.47336875898251,6.955795292828352,0.08763124101749042
2022,2,Saudi Arabian Grand Prix,Jeddah Corniche Circuit,bottas,35,2,22.71,alfa,0,23.91139999999998,1,194,90,15.605204707171648,22.4913142813282,7.104795292828353,0.2186857186718001
2022,2,Saudi Arabian Grand Prix,Jeddah Corniche Circuit,gasly,15,1,22.82,alphatauri,0,23.91139999999998,1,202,90,15.148609499937995,22.110203320819313,7.671390500062005,0.7097966791806876
2022,2,Saudi Arabian Grand Prix,Jeddah Corniche Circuit,hamilton,40,1,21.788,mercedes,0,23.91139999999998,1,278,90,15.809428522767613,22.532377033869864,5.9785714772323875,-0.7443770338698634
2022,2,Saudi Arabian Grand Prix,Jeddah Corniche Circuit,hulkenberg,37,1,21.425,aston_martin,0,23.91139999999998,1,271,90,15.626289240407297,22.635805563626693,5.798710759592703,-1.2108055636266926
2022,2,Saudi Arabian Grand Prix,Jeddah Corniche Circuit,kevinmagnussen,37,1,22.374,haas,0,23.91139999999998,1,272,90,16.80880783320419,23.55221331261351,5.565192166795807,-1.1782133126135115
2022,2,Saudi Arabian Grand Prix,Jeddah Corniche Circuit,leclerc,16,1,21.038,ferrari,0,23.91139999999998,1,259,90,15.43839345038845,21.889868470884338,5.599606549611551,-0.8518684708843374
2022,2,Saudi Arabian Grand Prix,Jeddah Corniche Circuit,maxverstappen,16,1,20.731,red_bull,0,23.91139999999998,1,292,90,15.361263172081841,21.48995168728859,5.36973682791816,-0.7589516872885866
2022,2,Saudi Arabian Grand Prix,Jeddah Corniche Circuit,norris,16,1,20.383,mclaren,0,23.91139999999998,1,270,90,15.411988829798048,21.970918453914987,4.971011170201951,-1.5879184539149875
2022,2,Saudi Arabian Grand Prix,Jeddah Corniche Circuit,ocon,16,1,21.141,alpine,0,23.91139999999998,1,249,90,15.630745866586638,22.35844434415196,5.51025413341336,-1.2174443441519607
2022,2,Saudi Arabian Grand Prix,Jeddah Corniche Circuit,perez,15,1,20.481,red_bull,0,23.91139999999998,1,292,90,15.361263172081841,21.471876219058313,5.11973682791816,-0.9908762190583111
2022,2,Saudi Arabian Grand Prix,Jeddah Corniche Circuit,ricciardo,8,1,20.65,mclaren,0,23.91139999999998,1,270,90,15.411988829798048,21.826314708072776,5.2380111702019505,-1.176314708072777
2022,2,Saudi Arabian Grand Prix,Jeddah Corniche Circuit,russell,16,1,21.415,mercedes,0,23.91139999999998,1,278,90,15.809428522767613,22.098565796343223,5.605571477232386,-0.683565796343224
2022,2,Saudi Arabian Grand Prix,Jeddah Corniche Circuit,sainz,16,1,21.521,ferrari,0,23.91139999999998,1,259,90,15.43839345038845,21.889868470884338,6.082606549611551,-0.36886847088433683
2022,2,Saudi Arabian Grand Prix,Jeddah Corniche Circuit,stroll,13,1,22.339,aston_martin,0,23.91139999999998,1,271,90,15.626289240407297,22.201994326100053,6.712710759592701,0.1370056738999459
2022,2,Saudi Arabian Grand Prix,Jeddah Corniche Circuit,zhou,16,1,33.734,alfa,0,23.91139999999998,1,194,90,15.605204707171648,22.47336875898251,18.128795292828354,11.260631241017492
2022,2,Saudi Arabian Grand Prix,Jeddah Corniche Circuit,zhou,27,2,15.103,alfa,0,23.91139999999998,1,194,90,15.605204707171648,22.34671053548599,-0.5022047071716482,-7.24371053548599
2022,3,Australian Grand Prix,Albert Park Grand Prix Circuit,albon,57,1,19.845,williams,0,19.80915,1,271,70,16.874049384694505,20.143638738210907,2.970950615305494,-0.2986387382109079
2022,3,Australian Grand Prix,Albert Park Grand Prix Circuit,alonso,39,1,18.796,alpine,0,19.80915,1,249,70,15.8445371500086,19.61867941391741,2.9514628499913993,-0.8226794139174096
2022,3,Australian Grand Prix,Albert Park Grand Prix Circuit,alonso,53,2,18.394,alpine,0,19.80915,1,249,70,15.8445371500086,19.54624759511172,2.5494628499913983,-1.1522475951117208
2022,3,Australian Grand Prix,Albert Park Grand Prix Circuit,bottas,22,1,18.413,alfa,0,19.80915,1,194,70,15.818995990593608,19.426320868833255,2.594004009406392,-1.0133208688332545
2022,3,Australian Grand Prix,Albert Park Grand Prix Circuit,gasly,21,1,18.926,alphatauri,0,19.80915,1,202,70,15.362400783359956,19.063155430670058,3.5635992166400428,-0.13715543067005953
2022,3,Australian Grand Prix,Albert Park Grand Prix Circuit,hamilton,22,1,17.877,mercedes,0,19.80915,1,278,70,16.023219806189573,19.051517906193972,1.853780193810426,-1.174517906193973
2022,3,Australian Grand Prix,Albert Park Grand Prix Circuit,kevinmagnussen,39,1,19.111,haas,0,19.80915,1,272,70,17.022599116626154,20.43286354954315,2.088400883373847,-1.3218635495431492
2022,3,Australian Grand Prix,Albert Park Grand Prix Circuit,latifi,13,1,18.552,williams,0,19.80915,1,271,70,16.874049384694505,19.34831813607873,1.6779506153054946,-0.7963181360787317
2022,3,Australian Grand Prix,Albert Park Grand Prix Circuit,latifi,23,2,17.936,williams,0,19.80915,1,271,70,16.874049384694505,19.203584444351936,1.061950615305495,-1.267584444351936
2022,3,Australian Grand Prix,Albert Park Grand Prix Circuit,leclerc,22,1,17.973,ferrari,0,19.80915,1,259,70,15.65218473381041,18.842820580735083,2.320815266189589,-0.8698205807350838
2022,3,Australian Grand Prix,Albert Park Grand Prix Circuit,maxverstappen,18,1,18.281,red_bull,0,19.80915,1,292,70,15.575054455503802,18.370601924218228,2.7059455444961973,-0.0896019242182291
2022,3,Australian Grand Prix,Albert Park Grand Prix Circuit,mickschumacher,14,1,19.039,haas,0,19.80915,1,272,70,17.022599116626154,19.980976843786234,2.016400883373848,-0.9419768437862324
2022,3,Australian Grand Prix,Albert Park Grand Prix Circuit,norris,20,1,17.556,mclaren,0,19.80915,1,270,70,15.62578011322001,18.88771962730518,1.930219886779991,-1.33171962730518
2022,3,Australian Grand Prix,Albert Park Grand Prix Circuit,ocon,17,1,19.128,alpine,0,19.80915,1,249,70,15.8445371500086,19.221019112851323,3.2834628499914,-0.09301911285132292
2022,3,Australian Grand Prix,Albert Park Grand Prix Circuit,perez,20,1,17.434,red_bull,0,19.80915,1,292,70,15.575054455503802,18.406752860678782,1.8589455444961995,-0.9727528606787814
2022,3,Australian Grand Prix,Albert Park Grand Prix Circuit,ricciardo,21,1,18.15,mclaren,0,19.80915,1,270,70,15.62578011322001,18.90579509553546,2.5242198867799885,-0.7557950955354613
2022,3,Australian Grand Prix,Albert Park Grand Prix Circuit,russell,23,1,18.479,mercedes,0,19.80915,1,278,70,16.023219806189573,19.06959337442425,2.4557801938104262,-0.5905933744242517
2022,3,Australian Grand Prix,Albert Park Grand Prix Circuit,stroll,3,1,18.242,aston_martin,0,19.80915,1,271,70,15.840080523829258,18.865738944266372,2.401919476170743,-0.6237389442663712
2022,3,Australian Grand Prix,Albert Park Grand Prix Circuit,stroll,4,2,18.56,aston_martin,0,19.80915,1,271,70,15.840080523829258,18.558326038467083,2.719919476170741,0.0016739615329157687
2022,3,Australian Grand Prix,Albert Park Grand Prix Circuit,stroll,23,3,20.402,aston_martin,0,19.80915,1,271,70,15.840080523829258,19.57120492466175,4.561919476170743,0.8307950753382514
2022,3,Australian Grand Prix,Albert Park Grand Prix Circuit,tsunoda,18,1,18.443,alphatauri,0,19.80915,1,202,70,15.362400783359956,19.008929025979228,3.0805992166400458,-0.5659290259792265
2022,3,Australian Grand Prix,Albert Park Grand Prix Circuit,zhou,21,1,18.38,alfa,0,19.80915,1,194,70,15.818995990593608,19.40824540060298,2.561004009406391,-1.0282454006029802
2022,4,Emilia Romagna Grand Prix,Autodromo Enzo e Dino Ferrari,albon,17,1,30.793,williams,0,36.00099999999999,1,271,69,24.574249510831674,28.794845162958648,6.218750489168325,1.9981548370413513
2022,4,Emilia Romagna Grand Prix,Autodromo Enzo e Dino Ferrari,bottas,18,1,40.957,alfa,0,36.00099999999999,1,194,69,23.519196116730775,28.728244149870957,17.437803883269225,12.228755850129044
2022,4,Emilia Romagna Grand Prix,Autodromo Enzo e Dino Ferrari,gasly,17,1,30.405,alphatauri,0,36.00099999999999,1,202,69,23.062600909497124,28.36507871170776,7.342399090502877,2.0399212882922413
2022,4,Emilia Romagna Grand Prix,Autodromo Enzo e Dino Ferrari,hamilton,18,1,32.74,mercedes,0,36.00099999999999,1,278,69,23.723419932326742,28.353441187231674,9.01658006767326,4.386558812768328
2022,4,Emilia Romagna Grand Prix,Autodromo Enzo e Dino Ferrari,kevinmagnussen,18,1,33.765,haas,0,36.00099999999999,1,272,69,24.722799242763323,29.427503870666147,9.042200757236678,4.337496129333854
2022,4,Emilia Romagna Grand Prix,Autodromo Enzo e Dino Ferrari,latifi,18,1,31.125,williams,0,36.00099999999999,1,271,69,24.574249510831674,28.812920631188923,6.550750489168326,2.3120793688110766
2022,4,Emilia Romagna Grand Prix,Autodromo Enzo e Dino Ferrari,leclerc,19,1,31.794,ferrari,0,36.00099999999999,1,259,69,23.352384859947577,28.162819330003064,8.441615140052424,3.6311806699969367
2022,4,Emilia Romagna Grand Prix,Autodromo Enzo e Dino Ferrari,leclerc,49,2,30.042,ferrari,0,36.00099999999999,1,259,69,23.352384859947577,28.3795950028818,6.689615140052425,1.6624049971182018
2022,4,Emilia Romagna Grand Prix,Autodromo Enzo e Dino Ferrari,leclerc,53,3,36.56,ferrari,0,36.00099999999999,1,259,69,23.352384859947577,29.121341865622313,13.207615140052425,7.43865813437769
2022,4,Emilia Romagna Grand Prix,Autodromo Enzo e Dino Ferrari,maxverstappen,19,1,30.001,red_bull,0,36.00099999999999,1,292,69,23.275254581640972,27.762902546407314,6.725745418359029,2.2380974535926867
2022,4,Emilia Romagna Grand Prix,Autodromo Enzo e Dino Ferrari,maxverstappen,51,2,29.942,red_bull,0,36.00099999999999,1,292,69,23.275254581640972,28.0158291557466,6.666745418359028,1.9261708442533987
2022,4,Emilia Romagna Grand Prix,Autodromo Enzo e Dino Ferrari,mickschumacher,18,1,31.32,haas,0,36.00099999999999,1,272,69,24.722799242763323,29.427503870666147,6.597200757236678,1.8924961293338534
2022,4,Emilia Romagna Grand Prix,Autodromo Enzo e Dino Ferrari,mickschumacher,52,2,30.984,haas,0,36.00099999999999,1,272,69,24.722799242763323,29.716581416465992,6.261200757236679,1.2674185835340097
2022,4,Emilia Romagna Grand Prix,Autodromo Enzo e Dino Ferrari,norris,19,1,30.07,mclaren,0,36.00099999999999,1,270,69,23.32598023935718,28.243869313033716,6.744019760642821,1.826130686966284
2022,4,Emilia Romagna Grand Prix,Autodromo Enzo e Dino Ferrari,ocon,18,1,31.409,alpine,0,36.00099999999999,1,249,69,23.544737276145767,28.61331973504041,7.864262723854232,2.7956802649595893
2022,4,Emilia Romagna Grand Prix,Autodromo Enzo e Dino Ferrari,perez,18,1,30.366,red_bull,0,36.00099999999999,1,292,69,23.275254581640972,27.744827078177035,7.0907454183590275,2.6211729218229642
2022,4,Emilia Romagna Grand Prix,Autodromo Enzo e Dino Ferrari,perez,50,2,29.627,red_bull,0,36.00099999999999,1,292,69,23.275254581640972,27.997753687516326,6.351745418359027,1.629246312483673
2022,4,Emilia Romagna Grand Prix,Autodromo Enzo e Dino Ferrari,ricciardo,2,1,32.362,mclaren,0,36.00099999999999,1,270,69,23.32598023935718,27.936586353119008,9.036019760642823,4.425413646880994
2022,4,Emilia Romagna Grand Prix,Autodromo Enzo e Dino Ferrari,ricciardo,16,2,30.422,mclaren,0,36.00099999999999,1,270,69,23.32598023935718,27.86415453431332,7.096019760642822,2.557845465686679
2022,4,Emilia Romagna Grand Prix,Autodromo Enzo e Dino Ferrari,ricciardo,30,3,30.155,mclaren,0,36.00099999999999,1,270,69,23.32598023935718,28.7866560793566,6.829019760642822,1.368343920643401
2022,4,Emilia Romagna Grand Prix,Autodromo Enzo e Dino Ferrari,russell,18,1,31.079,mercedes,0,36.00099999999999,1,278,69,23.723419932326742,28.353441187231674,7.355580067673259,2.725558812768327
2022,4,Emilia Romagna Grand Prix,Autodromo Enzo e Dino Ferrari,stroll,18,1,32.667,aston_martin,0,36.00099999999999,1,271,69,23.540280649966427,28.51109612167933,9.126719350033575,4.155903878320672
2022,4,Emilia Romagna Grand Prix,Autodromo Enzo e Dino Ferrari,tsunoda,18,1,30.372,alphatauri,0,36.00099999999999,1,202,69,23.062600909497124,28.383154179938035,7.309399090502875,1.9888458200619645
2022,4,Emilia Romagna Grand Prix,Autodromo Enzo e Dino Ferrari,vettel,17,1,30.484,aston_martin,0,36.00099999999999,1,271,69,23.540280649966427,28.493020653449054,6.943719350033575,1.9909793465509473
2022,4,Emilia Romagna Grand Prix,Autodromo Enzo e Dino Ferrari,zhou,18,1,32.203,alfa,0,36.00099999999999,1,194,69,23.519196116730775,28.728244149870957,8.683803883269228,3.4747558501290463
2022,5,Miami Grand Prix,Miami International Autodrome,albon,16,1,20.059,williams,0,21.977999999999998,1,271,73,23.05522685397657,22.450144646324752,-2.9962268539765695,-2.3911446463247508
2022,5,Miami Grand Prix,Miami International Autodrome,alonso,15,1,21.638,alpine,0,21.977999999999998,1,249,73,22.025714619290667,22.23246828194596,-0.38771461929066575,-0.5944682819459572
2022,5,Miami Grand Prix,Miami International Autodrome,bottas,26,1,19.614,alfa,0,21.977999999999998,1,194,73,22.000173459875676,22.54622284730955,-2.3861734598756748,-2.93222284730955
2022,5,Miami Grand Prix,Miami International Autodrome,gasly,16,1,19.543,alphatauri,0,21.977999999999998,1,202,73,21.54357825264202,22.020378195073864,-2.000578252642022,-2.4773781950738645
2022,5,Miami Grand Prix,Miami International Autodrome,gasly,40,2,19.007,alphatauri,0,21.977999999999998,1,202,73,21.54357825264202,22.12870105857094,-2.5365782526420197,-3.121701058570938
2022,5,Miami Grand Prix,Miami International Autodrome,hamilton,22,1,18.82,mercedes,0,21.977999999999998,1,278,73,22.20439727547164,22.099118011749162,-3.3843972754716383,-3.279118011749162
2022,5,Miami Grand Prix,Miami International Autodrome,kevinmagnussen,12,1,19.76,haas,0,21.977999999999998,1,272,73,23.20377658590822,22.992426012880866,-3.4437765859082177,-3.2324260128808646
2022,5,Miami Grand Prix,Miami International Autodrome,kevinmagnussen,42,2,20.673,haas,0,21.977999999999998,1,272,73,23.20377658590822,23.209201685759602,-2.530776585908221,-2.536201685759604
2022,5,Miami Grand Prix,Miami International Autodrome,latifi,34,1,19.185,williams,0,21.977999999999998,1,271,73,23.05522685397657,22.775503074469732,-3.870226853976572,-3.5905030744697335
2022,5,Miami Grand Prix,Miami International Autodrome,leclerc,24,1,19.697,ferrari,0,21.977999999999998,1,259,73,21.833362203092477,21.926571622750824,-2.136362203092478,-2.229571622750825
2022,5,Miami Grand Prix,Miami International Autodrome,maxverstappen,26,1,18.798,red_bull,0,21.977999999999998,1,292,73,21.756231924785865,21.56280577561563,-2.958231924785867,-2.7648057756156312
2022,5,Miami Grand Prix,Miami International Autodrome,mickschumacher,14,1,20.413,haas,0,21.977999999999998,1,272,73,23.20377658590822,23.02857694934142,-2.790776585908219,-2.6155769493414205
2022,5,Miami Grand Prix,Miami International Autodrome,mickschumacher,54,2,32.381,haas,0,21.977999999999998,1,272,73,23.20377658590822,23.426107304522922,9.177223414091781,8.954892695477078
2022,5,Miami Grand Prix,Miami International Autodrome,norris,18,1,19.986,mclaren,0,21.977999999999998,1,270,73,21.806957582502076,21.899168796399817,-1.820957582502075,-1.913168796399816
2022,5,Miami Grand Prix,Miami International Autodrome,ocon,41,1,19.019,alpine,0,21.977999999999998,1,249,73,22.025714619290667,22.70243045593315,-3.006714619290669,-3.683430455933152
2022,5,Miami Grand Prix,Miami International Autodrome,perez,27,1,18.519,red_bull,0,21.977999999999998,1,292,73,21.756231924785865,21.580881243845905,-3.237231924785867,-3.0618812438459067
2022,5,Miami Grand Prix,Miami International Autodrome,perez,41,2,18.433,red_bull,0,21.977999999999998,1,292,73,21.756231924785865,21.508449425040215,-3.3232319247858655,-3.0754494250402153
2022,5,Miami Grand Prix,Miami International Autodrome,ricciardo,30,1,19.484,mclaren,0,21.977999999999998,1,270,73,21.806957582502076,22.116074415163137,-2.322957582502074,-2.6320744151631352
2022,5,Miami Grand Prix,Miami International Autodrome,ricciardo,41,2,19.28,mclaren,0,21.977999999999998,1,270,73,21.806957582502076,21.989416191666617,-2.5269575825020745,-2.709416191666616
2022,5,Miami Grand Prix,Miami International Autodrome,russell,40,1,19.035,mercedes,0,21.977999999999998,1,278,73,22.20439727547164,22.424476439894143,-3.1693972754716384,-3.3894764398941426
2022,5,Miami Grand Prix,Miami International Autodrome,sainz,27,1,22.063,ferrari,0,21.977999999999998,1,259,73,21.833362203092477,21.980798027441654,0.22963779690752162,0.0822019725583445
2022,5,Miami Grand Prix,Miami International Autodrome,stroll,40,1,19.074,aston_martin,0,21.977999999999998,1,271,73,22.021257993111323,22.5821313743418,-2.9472579931113216,-3.5081313743417972
2022,5,Miami Grand Prix,Miami International Autodrome,tsunoda,11,1,18.87,alphatauri,0,21.977999999999998,1,202,73,21.54357825264202,21.93000085392248,-2.67357825264202,-3.060000853922478
2022,5,Miami Grand Prix,Miami International Autodrome,tsunoda,41,2,19.618,alphatauri,0,21.977999999999998,1,202,73,21.54357825264202,22.146776526801215,-1.9255782526420226,-2.5287765268012166
2022,5,Miami Grand Prix,Miami International Autodrome,vettel,41,1,19.861,aston_martin,0,21.977999999999998,1,271,73,22.021257993111323,22.600206842572074,-2.1602579931113226,-2.7392068425720737
2022,6,Spanish Grand Prix,Circuit de Barcelona-Catalunya,albon,11,1,23.419,williams,0,23.845,1,271,172,23.620141340457206,22.865626817018917,-0.20114134045720533,0.5533731829810833
2022,6,Spanish Grand Prix,Circuit de Barcelona-Catalunya,albon,25,2,22.657,williams,0,23.845,1,271,172,23.620141340457206,22.793194998213224,-0.9631413404572058,-0.13619499821322378
2022,6,Spanish Grand Prix,Circuit de Barcelona-Catalunya,albon,45,3,23.328,williams,0,23.845,1,271,172,23.620141340457206,23.824149352638166,-0.2921413404572064,-0.4961493526381666
2022,6,Spanish Grand Prix,Circuit de Barcelona-Catalunya,albon,54,4,23.404,williams,0,23.845,1,271,172,23.620141340457206,26.371951401326235,-0.2161413404572059,-2.9679514013262356
2022,6,Spanish Grand Prix,Circuit de Barcelona-Catalunya,alonso,10,1,22.375,alpine,0,23.845,1,249,172,22.590629105771303,22.647950452640128,-0.21562910577130268,-0.27295045264012785
2022,6,Spanish Grand Prix,Circuit de Barcelona-Catalunya,alonso,31,2,21.914,alpine,0,23.845,1,249,172,22.590629105771303,22.702046911446374,-0.6766291057713012,-0.7880469114463722
2022,6,Spanish Grand Prix,Circuit de Barcelona-Catalunya,alonso,53,3,25.407,alpine,0,23.845,1,249,172,22.590629105771303,23.769152202331867,2.8163708942286974,1.6378477976681332
2022,6,Spanish Grand Prix,Circuit de Barcelona-Catalunya,bottas,14,1,22.987,alfa,0,23.845,1,194,172,22.56508794635631,22.835176740391784,0.42191205364368756,0.1518232596082143
2022,6,Spanish Grand Prix,Circuit de Barcelona-Catalunya,bottas,34,2,22.541,alfa,0,23.845,1,194,172,22.56508794635631,22.87119773096775,-0.024087946356310397,-0.3301977309677504
2022,6,Spanish Grand Prix,Circuit de Barcelona-Catalunya,gasly,10,1,22.008,alphatauri,0,23.845,1,202,172,22.10849273912266,22.41778489753775,-0.10049273912266088,-0.40978489753775094
2022,6,Spanish Grand Prix,Circuit de Barcelona-Catalunya,gasly,29,2,27.947,alphatauri,0,23.845,1,202,172,22.10849273912266,22.43573041988345,5.838507260877339,5.511269580116551
2022,6,Spanish Grand Prix,Circuit de Barcelona-Catalunya,gasly,46,3,21.838,alphatauri,0,23.845,1,202,172,22.10849273912266,23.412458369617553,-0.27049273912265903,-1.5744583696175525
2022,6,Spanish Grand Prix,Circuit de Barcelona-Catalunya,hamilton,22,2,22.105,mercedes,0,23.845,1,278,172,22.769311761952277,22.279489149565144,-0.6643117619522769,-0.17448914956514372
2022,6,Spanish Grand Prix,Circuit de Barcelona-Catalunya,hamilton,48,3,22.241,mercedes,0,23.845,1,278,172,22.769311761952277,23.418896313371746,-0.5283117619522777,-1.1778963133717468
2022,6,Spanish Grand Prix,Circuit de Barcelona-Catalunya,kevinmagnussen,29,2,23.878,haas,0,23.845,1,272,172,23.768691072388854,23.480080110611556,0.10930892761114563,0.3979198893884437
2022,6,Spanish Grand Prix,Circuit de Barcelona-Catalunya,latifi,12,1,23.189,williams,0,23.845,1,271,172,23.620141340457206,22.883702285249193,-0.43114134045720576,0.30529771475080736
2022,6,Spanish Grand Prix,Circuit de Barcelona-Catalunya,latifi,26,2,22.311,williams,0,23.845,1,271,172,23.620141340457206,22.811270466443503,-1.3091413404572059,-0.5002704664435029
2022,6,Spanish Grand Prix,Circuit de Barcelona-Catalunya,latifi,50,3,22.761,williams,0,23.845,1,271,172,23.620141340457206,23.91452669378955,-0.8591413404572066,-1.1535266937895514
2022,6,Spanish Grand Prix,Circuit de Barcelona-Catalunya,leclerc,21,1,21.794,ferrari,0,23.845,1,259,172,22.398276689573112,22.378204729905548,-0.604276689573112,-0.5842047299055473
2022,6,Spanish Grand Prix,Circuit de Barcelona-Catalunya,maxverstappen,13,1,22.173,red_bull,0,23.845,1,292,172,22.321146411266504,21.83368420046758,-0.14814641126650585,0.3393157995324181
2022,6,Spanish Grand Prix,Circuit de Barcelona-Catalunya,maxverstappen,28,2,21.966,red_bull,0,23.845,1,292,172,22.321146411266504,21.779327849892166,-0.35514641126650304,0.18667215010783522
2022,6,Spanish Grand Prix,Circuit de Barcelona-Catalunya,maxverstappen,44,3,21.941,red_bull,0,23.845,1,292,172,22.321146411266504,22.737980331396002,-0.38014641126650517,-0.7969803313960035
2022,6,Spanish Grand Prix,Circuit de Barcelona-Catalunya,mickschumacher,12,1,23.582,haas,0,23.845,1,272,172,23.768691072388854,23.498285524726416,-0.18669107238885374,0.08371447527358455
2022,6,Spanish Grand Prix,Circuit de Barcelona-Catalunya,mickschumacher,30,2,23.127,haas,0,23.845,1,272,172,23.768691072388854,23.498155578841832,-0.6416910723888556,-0.37115557884183303
2022,6,Spanish Grand Prix,Circuit de Barcelona-Catalunya,norris,12,1,21.916,mclaren,0,23.845,1,270,172,22.37187206898271,22.29657549886371,-0.4558720689827105,-0.3805754988637098
2022,6,Spanish Grand Prix,Circuit de Barcelona-Catalunya,norris,33,2,23.341,mclaren,0,23.845,1,270,172,22.37187206898271,22.350671957669956,0.9691279310172902,0.9903280423300451
2022,6,Spanish Grand Prix,Circuit de Barcelona-Catalunya,norris,51,3,22.165,mclaren,0,23.845,1,270,172,22.37187206898271,23.34547537563434,-0.2068720689827117,-1.180475375634341
2022,6,Spanish Grand Prix,Circuit de Barcelona-Catalunya,ocon,13,1,22.137,alpine,0,23.845,1,249,172,22.590629105771303,22.702176857330958,-0.4536291057713022,-0.5651768573309575
2022,6,Spanish Grand Prix,Circuit de Barcelona-Catalunya,ocon,35,2,22.953,alpine,0,23.845,1,249,172,22.590629105771303,22.77434878436748,0.3623708942286967,0.17865121563252018
2022,6,Spanish Grand Prix,Circuit de Barcelona-Catalunya,ocon,52,3,22.033,alpine,0,23.845,1,249,172,22.590629105771303,23.751076734101588,-0.5576291057713014,-1.7180767341015866
2022,6,Spanish Grand Prix,Circuit de Barcelona-Catalunya,perez,17,1,22.032,red_bull,0,23.845,1,292,172,22.321146411266504,21.90598607338869,-0.2891464112665041,0.12601392661131072
2022,6,Spanish Grand Prix,Circuit de Barcelona-Catalunya,perez,37,2,21.619,red_bull,0,23.845,1,292,172,22.321146411266504,21.942007063964656,-0.7021464112665043,-0.3230070639646563
2022,6,Spanish Grand Prix,Circuit de Barcelona-Catalunya,perez,53,3,21.694,red_bull,0,23.845,1,292,172,22.321146411266504,22.900659545468493,-0.627146411266505,-1.2066595454684936
2022,6,Spanish Grand Prix,Circuit de Barcelona-Catalunya,ricciardo,11,1,22.124,mclaren,0,23.845,1,270,172,22.37187206898271,22.27850003063343,-0.24787206898271208,-0.15450003063343232
2022,6,Spanish Grand Prix,Circuit de Barcelona-Catalunya,ricciardo,31,2,22.399,mclaren,0,23.845,1,270,172,22.37187206898271,22.3145210212094,0.027127931017290052,0.08447897879059951
2022,6,Spanish Grand Prix,Circuit de Barcelona-Catalunya,ricciardo,48,3,22.154,mclaren,0,23.845,1,270,172,22.37187206898271,23.29124897094351,-0.21787206898271094,-1.13724897094351
2022,6,Spanish Grand Prix,Circuit de Barcelona-Catalunya,russell,13,1,22.154,mercedes,0,23.845,1,278,172,22.769311761952277,22.44229830952222,-0.6153117619522774,-0.2882983095222187
2022,6,Spanish Grand Prix,Circuit de Barcelona-Catalunya,russell,36,2,22.039,mercedes,0,23.845,1,278,172,22.769311761952277,22.53254570478902,-0.7303117619522759,-0.4935457047890175
2022,6,Spanish Grand Prix,Circuit de Barcelona-Catalunya,russell,51,3,22.815,mercedes,0,23.845,1,278,172,22.769311761952277,23.473122718062577,0.04568823804772393,-0.6581227180625753
2022,6,Spanish Grand Prix,Circuit de Barcelona-Catalunya,sainz,10,1,22.341,ferrari,0,23.845,1,259,172,22.398276689573112,22.179374579372503,-0.05727668957311138,0.16162542062749807
2022,6,Spanish Grand Prix,Circuit de Barcelona-Catalunya,sainz,31,2,21.867,ferrari,0,23.845,1,259,172,22.398276689573112,22.23347103817875,-0.5312766895731116,-0.36647103817874793
2022,6,Spanish Grand Prix,Circuit de Barcelona-Catalunya,sainz,45,3,22.302,ferrari,0,23.845,1,259,172,22.398276689573112,23.15597258322203,-0.09627668957311286,-0.8539725832220313
2022,6,Spanish Grand Prix,Circuit de Barcelona-Catalunya,stroll,14,1,22.833,aston_martin,0,23.845,1,271,172,22.58617247959196,22.618028712200157,0.2468275204080399,0.2149712877998411
2022,6,Spanish Grand Prix,Circuit de Barcelona-Catalunya,stroll,27,2,23.394,aston_martin,0,23.845,1,271,172,22.58617247959196,22.52752142516419,0.8078275204080398,0.8664785748358099
2022,6,Spanish Grand Prix,Circuit de Barcelona-Catalunya,stroll,46,3,23.812,aston_martin,0,23.845,1,271,172,22.58617247959196,23.54040031135885,1.2258275204080427,0.2715996886411496
2022,6,Spanish Grand Prix,Circuit de Barcelona-Catalunya,tsunoda,11,1,23.083,alphatauri,0,23.845,1,202,172,22.10849273912266,22.43586036576803,0.9745072608773384,0.6471396342319693
2022,6,Spanish Grand Prix,Circuit de Barcelona-Catalunya,tsunoda,32,2,22.802,alphatauri,0,23.845,1,202,172,22.10849273912266,22.48995682457428,0.6935072608773396,0.31204317542572113
2022,6,Spanish Grand Prix,Circuit de Barcelona-Catalunya,tsunoda,52,3,22.316,alphatauri,0,23.845,1,202,172,22.10849273912266,23.520911178999214,0.20750726087733895,-1.2049111789992146
2022,6,Spanish Grand Prix,Circuit de Barcelona-Catalunya,vettel,21,1,22.536,aston_martin,0,23.845,1,271,172,22.58617247959196,22.744556989812093,-0.05017247959195714,-0.2085569898120916
2022,6,Spanish Grand Prix,Circuit de Barcelona-Catalunya,vettel,42,2,22.456,aston_martin,0,23.845,1,271,172,22.58617247959196,22.79865344861834,-0.130172479591959,-0.34265344861833924
2022,6,Spanish Grand Prix,Circuit de Barcelona-Catalunya,zhou,10,1,23.109,alfa,0,23.845,1,194,172,22.56508794635631,22.762874867470675,0.543912053643691,0.34612513252932686
2022,7,Monaco Grand Prix,Circuit de Monaco,albon,29,3,1.185676,williams,0,1.1865170999999997,0,271,71,20.934129268806437,4.127183759775736,-19.748453268806436,-2.941507759775736
2022,7,Monaco Grand Prix,Circuit de Monaco,alonso,30,2,1.182058,alpine,0,1.1865170999999997,0,249,71,19.90461703412053,3.276213342038091,-18.72255903412053,-2.094155342038091
2022,7,Monaco Grand Prix,Circuit de Monaco,bottas,30,2,1.1866990000000002,alfa,0,1.1865170999999997,1,194,71,19.87907587470554,24.754371340081853,-18.692376874705538,-23.567672340081852
2022,7,Monaco Grand Prix,Circuit de Monaco,gasly,30,3,1.16946,alphatauri,0,1.1865170999999997,0,202,71,19.422480667471888,3.7154927767551253,-18.253020667471887,-2.5460327767551254
2022,7,Monaco Grand Prix,Circuit de Monaco,hamilton,30,3,1.186281,mercedes,0,1.1865170999999997,0,278,71,20.083299690301505,3.685779784048762,-18.897018690301504,-2.499498784048762
2022,7,Monaco Grand Prix,Circuit de Monaco,latifi,29,4,1.1818389999999999,williams,0,1.1865170999999997,0,271,71,20.934129268806437,6.512306594391314,-19.752290268806437,-5.330467594391314
2022,7,Monaco Grand Prix,Circuit de Monaco,leclerc,30,3,1.176822,ferrari,0,1.1865170999999997,0,259,71,19.71226461792234,3.477082458589875,-18.53544261792234,-2.300260458589875
2022,7,Monaco Grand Prix,Circuit de Monaco,maxverstappen,30,3,1.175575,red_bull,0,1.1865170999999997,0,292,71,19.635134339615732,3.077165674994124,-18.459559339615733,-1.901590674994124
2022,7,Monaco Grand Prix,Circuit de Monaco,norris,30,3,1.1830289999999999,mclaren,0,1.1865170999999997,0,270,71,19.685859997331942,3.5581324416205278,-18.50283099733194,-2.375103441620528
2022,7,Monaco Grand Prix,Circuit de Monaco,ocon,30,2,1.1864849999999998,alpine,0,1.1865170999999997,0,249,71,19.90461703412053,3.276213342038091,-18.71813203412053,-2.089728342038091
2022,7,Monaco Grand Prix,Circuit de Monaco,perez,30,3,1.172062,red_bull,0,1.1865170999999997,0,292,71,19.635134339615732,3.077165674994124,-18.46307233961573,-1.9051036749941241
2022,7,Monaco Grand Prix,Circuit de Monaco,ricciardo,30,2,1.168673,mclaren,0,1.1865170999999997,0,270,71,19.685859997331942,2.8886874518011205,-18.51718699733194,-1.7200144518011204
2022,7,Monaco Grand Prix,Circuit de Monaco,russell,30,2,1.177545,mercedes,0,1.1865170999999997,0,278,71,20.083299690301505,3.0163347942293557,-18.905754690301507,-1.8387897942293556
2022,7,Monaco Grand Prix,Circuit de Monaco,sainz,30,2,1.174793,ferrari,0,1.1865170999999997,0,259,71,19.71226461792234,2.807637468770469,-18.53747161792234,-1.6328444687704688
2022,7,Monaco Grand Prix,Circuit de Monaco,stroll,29,4,1.1749649999999998,aston_martin,0,1.1865170999999997,0,271,71,19.90016040794119,6.210482084881724,-18.72519540794119,-5.0355170848817234
2022,7,Monaco Grand Prix,Circuit de Monaco,tsunoda,29,3,1.174444,alphatauri,0,1.1865170999999997,0,202,71,19.422480667471888,3.69741730852485,-18.248036667471887,-2.5229733085248496
2022,7,Monaco Grand Prix,Circuit de Monaco,vettel,30,3,1.169495,aston_martin,0,1.1865170999999997,0,271,71,19.90016040794119,3.8434347184964213,-18.73066540794119,-2.6739397184964213
2022,7,Monaco Grand Prix,Circuit de Monaco,zhou,29,2,1.174235,alfa,0,1.1865170999999997,0,194,71,19.87907587470554,3.3730622886383643,-18.70484087470554,-2.1988272886383644
2022,8,Azerbaijan Grand Prix,Baku City Circuit,albon,9,1,25.577,williams,0,28.6684,1,271,88,18.841927840022873,21.77465799115721,6.735072159977129,3.8023420088427926
2022,8,Azerbaijan Grand Prix,Baku City Circuit,albon,29,2,21.54,williams,0,28.6684,1,271,88,18.841927840022873,21.81067898173318,2.6980721599771265,-0.2706789817331803
2022,8,Azerbaijan Grand Prix,Baku City Circuit,alonso,18,1,20.571,alpine,0,28.6684,1,249,88,17.812415605336966,21.737736309081185,2.7585843946630355,-1.166736309081184
2022,8,Azerbaijan Grand Prix,Baku City Circuit,bottas,33,1,20.979,alfa,0,28.6684,1,194,88,17.786874445921978,22.123792747365883,3.1921255540780216,-1.1447927473658837
2022,8,Azerbaijan Grand Prix,Baku City Circuit,gasly,9,1,22.698,alphatauri,0,28.6684,1,202,88,17.330279238688323,21.34489153990632,5.367720761311677,1.3531084600936794
2022,8,Azerbaijan Grand Prix,Baku City Circuit,hamilton,9,1,21.47,mercedes,0,28.6684,1,278,88,17.99109826151794,21.315178547199956,3.478901738482058,0.1548214528000429
2022,8,Azerbaijan Grand Prix,Baku City Circuit,hamilton,33,2,20.831,mercedes,0,28.6684,1,278,88,17.99109826151794,21.423501410697035,2.839901738482059,-0.5925014106970359
2022,8,Azerbaijan Grand Prix,Baku City Circuit,kevinmagnussen,9,1,21.555,haas,0,28.6684,1,272,88,18.99047757195452,22.389241230634433,2.5645224280454784,-0.8342412306344329
2022,8,Azerbaijan Grand Prix,Baku City Circuit,latifi,3,1,29.395,williams,0,28.6684,1,271,88,18.841927840022873,21.66620518177555,10.553072159977127,7.728794818224451
2022,8,Azerbaijan Grand Prix,Baku City Circuit,latifi,17,2,22.069,williams,0,28.6684,1,271,88,18.841927840022873,21.59377336296986,3.2270721599771264,0.4752266370301399
2022,8,Azerbaijan Grand Prix,Baku City Circuit,leclerc,9,1,23.212,ferrari,0,28.6684,1,259,88,17.62006318913878,21.10648122174107,5.59193681086122,2.1055187782589293
2022,8,Azerbaijan Grand Prix,Baku City Circuit,maxverstappen,18,1,21.468,red_bull,0,28.6684,1,292,88,17.54293291083217,20.86924365221781,3.925067089167829,0.5987563477821887
2022,8,Azerbaijan Grand Prix,Baku City Circuit,maxverstappen,33,2,20.722,red_bull,0,28.6684,1,292,88,17.54293291083217,20.814887301642397,3.1790670891678303,-0.09288730164239567
2022,8,Azerbaijan Grand Prix,Baku City Circuit,mickschumacher,9,1,26.973,haas,0,28.6684,1,272,88,18.99047757195452,22.389241230634433,7.982522428045478,4.583758769365566
2022,8,Azerbaijan Grand Prix,Baku City Circuit,mickschumacher,23,2,22.231,haas,0,28.6684,1,272,88,18.99047757195452,22.316809411828743,3.2405224280454803,-0.08580941182874113
2022,8,Azerbaijan Grand Prix,Baku City Circuit,norris,20,1,21.443,mclaren,0,28.6684,1,270,88,17.593658568548378,21.386361355304768,3.8493414314516237,0.05663864469523361
2022,8,Azerbaijan Grand Prix,Baku City Circuit,ocon,33,1,22.638,alpine,0,28.6684,1,249,88,17.812415605336966,22.008868332535336,4.825584394663036,0.6291316674646659
2022,8,Azerbaijan Grand Prix,Baku City Circuit,perez,16,1,23.379,red_bull,0,28.6684,1,292,88,17.54293291083217,20.83309271575726,5.83606708916783,2.545907284242741
2022,8,Azerbaijan Grand Prix,Baku City Circuit,perez,33,2,22.349,red_bull,0,28.6684,1,292,88,17.54293291083217,20.814887301642397,4.806067089167829,1.5341126983576032
2022,8,Azerbaijan Grand Prix,Baku City Circuit,ricciardo,33,1,21.794,mclaren,0,28.6684,1,270,88,17.593658568548378,21.621342442298364,4.200341431451623,0.17265755770163693
2022,8,Azerbaijan Grand Prix,Baku City Circuit,russell,9,1,20.538,mercedes,0,28.6684,1,278,88,17.99109826151794,21.315178547199956,2.5469017384820596,-0.7771785471999557
2022,8,Azerbaijan Grand Prix,Baku City Circuit,russell,33,2,20.527,mercedes,0,28.6684,1,278,88,17.99109826151794,21.423501410697035,2.5359017384820604,-0.8965014106970344
2022,8,Azerbaijan Grand Prix,Baku City Circuit,stroll,30,1,22.059,aston_martin,0,28.6684,1,271,88,17.807958979157625,21.852418314483426,4.251041020842376,0.20658168551657496
2022,8,Azerbaijan Grand Prix,Baku City Circuit,tsunoda,9,1,23.083,alphatauri,0,28.6684,1,202,88,17.330279238688323,21.34489153990632,5.752720761311675,1.7381084600936774
2022,8,Azerbaijan Grand Prix,Baku City Circuit,tsunoda,38,2,41.5,alphatauri,0,28.6684,1,202,88,17.330279238688323,21.54359174455478,24.169720761311677,19.95640825544522
2022,8,Azerbaijan Grand Prix,Baku City Circuit,vettel,9,1,20.249,aston_martin,0,28.6684,1,271,88,17.807958979157625,21.472833481647616,2.4410410208423734,-1.2238334816476168
2022,8,Azerbaijan Grand Prix,Baku City Circuit,zhou,9,1,23.001,alfa,0,28.6684,1,194,88,17.786874445921978,21.689981509839242,5.214125554078024,1.3110184901607589
2022,9,Canadian Grand Prix,Circuit Gilles Villeneuve,albon,18,1,23.804,williams,0,33.736599999999996,1,271,106,27.11604853619839,26.450907701517338,-3.312048536198393,-2.646907701517339
2022,9,Canadian Grand Prix,Circuit Gilles Villeneuve,albon,48,2,23.53,williams,0,33.736599999999996,1,271,106,27.11604853619839,26.667683374396074,-3.5860485361983905,-3.1376833743960724
2022,9,Canadian Grand Prix,Circuit Gilles Villeneuve,alonso,28,1,23.779,alpine,0,33.736599999999996,1,249,106,26.086536301512485,26.432061487671586,-2.307536301512485,-2.653061487671586
2022,9,Canadian Grand Prix,Circuit Gilles Villeneuve,alonso,49,2,25.139,alpine,0,33.736599999999996,1,249,106,26.086536301512485,26.48615794647783,-0.9475363015124856,-1.3471579464778323
2022,9,Canadian Grand Prix,Circuit Gilles Villeneuve,bottas,49,1,26.089,alfa,0,33.736599999999996,1,194,106,26.060995142097493,26.926570735337947,0.02800485790250562,-0.8375707353379482
2022,9,Canadian Grand Prix,Circuit Gilles Villeneuve,gasly,5,1,23.557,alphatauri,0,33.736599999999996,1,202,106,25.604399934863842,25.786160163272854,-2.0473999348638436,-2.229160163272855
2022,9,Canadian Grand Prix,Circuit Gilles Villeneuve,gasly,36,2,23.613,alphatauri,0,33.736599999999996,1,202,106,25.604399934863842,26.021011304381865,-1.9913999348638427,-2.4080113043818656
2022,9,Canadian Grand Prix,Circuit Gilles Villeneuve,hamilton,9,1,23.845,mercedes,0,33.736599999999996,1,278,106,26.265218957693456,25.828749043487598,-2.420218957693457,-1.9837490434875988
2022,9,Canadian Grand Prix,Circuit Gilles Villeneuve,hamilton,44,2,23.841,mercedes,0,33.736599999999996,1,278,106,26.265218957693456,26.13590205751771,-2.424218957693455,-2.29490205751771
2022,9,Canadian Grand Prix,Circuit Gilles Villeneuve,kevinmagnussen,7,1,38.262,haas,0,33.736599999999996,1,272,106,27.264598268130037,26.866660790461516,10.997401731869964,11.395339209538484
2022,9,Canadian Grand Prix,Circuit Gilles Villeneuve,latifi,9,1,24.02,williams,0,33.736599999999996,1,271,106,27.11604853619839,26.288228487444847,-3.096048536198392,-2.2682284874448477
2022,9,Canadian Grand Prix,Circuit Gilles Villeneuve,latifi,37,2,30.034,williams,0,33.736599999999996,1,271,106,27.11604853619839,26.46885322386303,2.9179514638016073,3.56514677613697
2022,9,Canadian Grand Prix,Circuit Gilles Villeneuve,leclerc,41,1,26.199,ferrari,0,33.736599999999996,1,259,106,25.894183885314295,26.19846670139756,0.3048161146857069,5.332986024413344e-4
2022,9,Canadian Grand Prix,Circuit Gilles Villeneuve,maxverstappen,9,1,24.217,red_bull,0,33.736599999999996,1,292,106,25.817053607007686,25.22013493443296,-1.6000536070076876,-1.0031349344329605
2022,9,Canadian Grand Prix,Circuit Gilles Villeneuve,maxverstappen,43,2,23.704,red_bull,0,33.736599999999996,1,292,106,25.817053607007686,25.5092124802328,-2.1130536070076857,-1.8052124802328002
2022,9,Canadian Grand Prix,Circuit Gilles Villeneuve,norris,19,1,43.032,mclaren,0,33.736599999999996,1,270,106,25.867779264723893,25.881856383362127,17.164220735276103,17.15014361663787
2022,9,Canadian Grand Prix,Circuit Gilles Villeneuve,norris,42,2,24.134,mclaren,0,33.736599999999996,1,270,106,25.867779264723893,25.972103778628927,-1.7337792647238928,-1.838103778628927
2022,9,Canadian Grand Prix,Circuit Gilles Villeneuve,ocon,19,1,25.684,alpine,0,33.736599999999996,1,249,106,26.086536301512485,26.269382273599096,-0.4025363015124839,-0.5853822735990946
2022,9,Canadian Grand Prix,Circuit Gilles Villeneuve,ocon,49,2,23.945,alpine,0,33.736599999999996,1,249,106,26.086536301512485,26.48615794647783,-2.1415363015124846,-2.5411579464778313
2022,9,Canadian Grand Prix,Circuit Gilles Villeneuve,ricciardo,19,1,27.937,mclaren,0,33.736599999999996,1,270,106,25.867779264723893,25.881856383362127,2.069220735276108,2.0551436166378743
2022,9,Canadian Grand Prix,Circuit Gilles Villeneuve,ricciardo,49,2,24.833,mclaren,0,33.736599999999996,1,270,106,25.867779264723893,26.098632056240863,-1.0347792647238947,-1.2656320562408645
2022,9,Canadian Grand Prix,Circuit Gilles Villeneuve,russell,19,1,23.951,mercedes,0,33.736599999999996,1,278,106,26.265218957693456,26.00950372579036,-2.3142189576934555,-2.0585037257903593
2022,9,Canadian Grand Prix,Circuit Gilles Villeneuve,russell,45,2,24.069,mercedes,0,33.736599999999996,1,278,106,26.265218957693456,26.15397752574799,-2.196218957693457,-2.0849775257479912
2022,9,Canadian Grand Prix,Circuit Gilles Villeneuve,sainz,20,1,24.215,ferrari,0,33.736599999999996,1,259,106,25.894183885314295,25.818881868561753,-1.6791838853142949,-1.6038818685617535
2022,9,Canadian Grand Prix,Circuit Gilles Villeneuve,sainz,49,2,24.881,ferrari,0,33.736599999999996,1,259,106,25.894183885314295,26.01758207321021,-1.0131838853142945,-1.13658207321021
2022,9,Canadian Grand Prix,Circuit Gilles Villeneuve,stroll,47,1,25.252,aston_martin,0,33.736599999999996,1,271,106,26.08207967533314,26.673271770685766,-0.8300796753331419,-1.4212717706857667
2022,9,Canadian Grand Prix,Circuit Gilles Villeneuve,tsunoda,9,1,23.248,alphatauri,0,33.736599999999996,1,202,106,25.604399934863842,25.85846203619396,-2.356399934863841,-2.610462036193958
2022,9,Canadian Grand Prix,Circuit Gilles Villeneuve,tsunoda,47,2,23.45,alphatauri,0,33.736599999999996,1,202,106,25.604399934863842,26.219841454914906,-2.154399934863843,-2.769841454914907
2022,9,Canadian Grand Prix,Circuit Gilles Villeneuve,vettel,5,1,23.406,aston_martin,0,33.736599999999996,1,271,106,26.08207967533314,25.91410210501415,-2.676079675333142,-2.5081021050141494
2022,9,Canadian Grand Prix,Circuit Gilles Villeneuve,vettel,19,2,23.681,aston_martin,0,33.736599999999996,1,271,106,26.08207967533314,25.841670286208455,-2.40107967533314,-2.160670286208454
2022,9,Canadian Grand Prix,Circuit Gilles Villeneuve,zhou,19,1,24.281,alfa,0,33.736599999999996,1,194,106,26.060995142097493,26.384306688429646,-1.7799951420974942,-2.1033066884296474
2022,9,Canadian Grand Prix,Circuit Gilles Villeneuve,zhou,49,2,23.98,alfa,0,33.736599999999996,1,194,106,26.060995142097493,26.601082361308382,-2.0809951420974926,-2.621082361308382
2022,11,Austrian Grand Prix,Red Bull Ring,albon,11,1,22.301,williams,0,27.61,1,271,192,23.098543412353578,22.23943612242216,-0.7975434123535798,0.06156387757783932
2022,11,Austrian Grand Prix,Red Bull Ring,albon,41,2,22.122,williams,0,27.61,1,271,192,23.098543412353578,22.456211795300895,-0.9765434123535783,-0.3342117953008952
2022,11,Austrian Grand Prix,Red Bull Ring,alonso,27,1,21.552,alpine,0,27.61,1,249,192,22.069031177667675,22.329042717958067,-0.5170311776676755,-0.7770427179580679
2022,11,Austrian Grand Prix,Red Bull Ring,alonso,57,2,21.827,alpine,0,27.61,1,249,192,22.069031177667675,22.545818390836807,-0.24203117766767335,-0.7188183908368053
2022,11,Austrian Grand Prix,Red Bull Ring,alonso,58,3,24.252,alpine,0,27.61,1,249,192,22.069031177667675,23.23333884888649,2.182968822332324,1.018661151113509
2022,11,Austrian Grand Prix,Red Bull Ring,bottas,6,1,24.677,alfa,0,27.61,1,194,192,22.043490018252683,22.06438229995281,2.6335099817473164,2.6126177000471884
2022,11,Austrian Grand Prix,Red Bull Ring,bottas,39,2,22.278,alfa,0,27.61,1,194,192,22.043490018252683,22.335384377522377,0.23450998174731552,-0.05738437752237857
2022,11,Austrian Grand Prix,Red Bull Ring,gasly,12,1,22.724,alphatauri,0,27.61,1,202,192,21.586894811019032,21.827745139401546,1.1371051889809678,0.8962548605984537
2022,11,Austrian Grand Prix,Red Bull Ring,gasly,40,2,27.61,alphatauri,0,27.61,1,202,192,21.586894811019032,22.008369875819728,6.023105188980967,5.6016301241802715
2022,11,Austrian Grand Prix,Red Bull Ring,hamilton,28,1,23.026,mercedes,0,27.61,1,278,192,22.24771383384865,22.08723963837961,0.77828616615135,0.938760361620389
2022,11,Austrian Grand Prix,Red Bull Ring,hamilton,51,2,22.697,mercedes,0,27.61,1,278,192,22.24771383384865,22.17748703364641,0.4492861661513494,0.519512966353588
2022,11,Austrian Grand Prix,Red Bull Ring,kevinmagnussen,15,1,22.205,haas,0,27.61,1,272,192,23.247093144285227,22.926321234820488,-1.0420931442852286,-0.7213212348204898
2022,11,Austrian Grand Prix,Red Bull Ring,kevinmagnussen,41,2,22.088,haas,0,27.61,1,272,192,23.247093144285227,23.07079503477812,-1.159093144285226,-0.9827950347781176
2022,11,Austrian Grand Prix,Red Bull Ring,latifi,12,1,21.722,williams,0,27.61,1,271,192,23.098543412353578,22.257511590652435,-1.376543412353577,-0.5355115906524333
2022,11,Austrian Grand Prix,Red Bull Ring,latifi,35,2,21.206,williams,0,27.61,1,271,192,23.098543412353578,22.347758985919235,-1.8925434123535787,-1.1417589859192354
2022,11,Austrian Grand Prix,Red Bull Ring,leclerc,26,1,21.532,ferrari,0,27.61,1,259,192,21.876678761469485,21.84239137646017,-0.34467876146948484,-0.3103913764601707
2022,11,Austrian Grand Prix,Red Bull Ring,leclerc,49,2,21.319,ferrari,0,27.61,1,259,192,21.876678761469485,21.93263877172697,-0.5576787614694858,-0.613638771726972
2022,11,Austrian Grand Prix,Red Bull Ring,leclerc,58,3,21.65,ferrari,0,27.61,1,259,192,21.876678761469485,22.764762975618865,-0.2266787614694863,-1.1147629756188664
2022,11,Austrian Grand Prix,Red Bull Ring,maxverstappen,13,1,22.022,red_bull,0,27.61,1,292,192,21.799548483162877,21.207493505870822,0.22245151683712194,0.8145064941291764
2022,11,Austrian Grand Prix,Red Bull Ring,maxverstappen,36,2,21.444,red_bull,0,27.61,1,292,192,21.799548483162877,21.297740901137622,-0.35554848316287746,0.14625909886237665
2022,11,Austrian Grand Prix,Red Bull Ring,maxverstappen,58,3,21.319,red_bull,0,27.61,1,292,192,21.799548483162877,22.364846192023116,-0.48054848316287746,-1.0458461920231166
2022,11,Austrian Grand Prix,Red Bull Ring,mickschumacher,16,1,22.12,haas,0,27.61,1,272,192,23.247093144285227,22.944396703050764,-1.127093144285226,-0.8243967030507626
2022,11,Austrian Grand Prix,Red Bull Ring,mickschumacher,43,2,22.88,haas,0,27.61,1,272,192,23.247093144285227,23.10694597123867,-0.3670931442852279,-0.22694597123867055
2022,11,Austrian Grand Prix,Red Bull Ring,norris,14,1,22.684,mclaren,0,27.61,1,270,192,21.850274140879083,21.706535740727503,0.8337258591209178,0.977464259272498
2022,11,Austrian Grand Prix,Red Bull Ring,norris,43,2,27.324,mclaren,0,27.61,1,270,192,21.850274140879083,21.905235945375964,5.473725859120918,5.418764054624038
2022,11,Austrian Grand Prix,Red Bull Ring,ocon,16,1,21.755,alpine,0,27.61,1,249,192,22.069031177667675,22.130212567425026,-0.3140311776676761,-0.3752125674250273
2022,11,Austrian Grand Prix,Red Bull Ring,ocon,44,2,22.109,alpine,0,27.61,1,249,192,22.069031177667675,22.31083730384321,0.03996882233232668,-0.20183730384320953
2022,11,Austrian Grand Prix,Red Bull Ring,ricciardo,12,1,21.356,mclaren,0,27.61,1,270,192,21.850274140879083,21.670384804266952,-0.4942741408790816,-0.31438480426695037
2022,11,Austrian Grand Prix,Red Bull Ring,ricciardo,44,2,21.889,mclaren,0,27.61,1,270,192,21.850274140879083,21.92331141360624,0.038725859120916084,-0.03431141360623968
2022,11,Austrian Grand Prix,Red Bull Ring,russell,11,1,38.201,mercedes,0,27.61,1,278,192,22.24771383384865,21.77995667846491,15.95328616615135,16.42104332153509
2022,11,Austrian Grand Prix,Red Bull Ring,russell,40,2,21.731,mercedes,0,27.61,1,278,192,22.24771383384865,21.978656883113366,-0.5167138338486481,-0.24765688311336476
2022,11,Austrian Grand Prix,Red Bull Ring,sainz,27,1,21.212,ferrari,0,27.61,1,259,192,21.876678761469485,21.86046684469045,-0.6646787614694851,-0.64846684469045
2022,11,Austrian Grand Prix,Red Bull Ring,sainz,50,2,21.492,ferrari,0,27.61,1,259,192,21.876678761469485,21.95071423995725,-0.384678761469484,-0.45871423995724925
2022,11,Austrian Grand Prix,Red Bull Ring,stroll,29,1,21.431,aston_martin,0,27.61,1,271,192,22.06457455148833,22.26297004105755,-0.63357455148833,-0.8319700410575486
2022,11,Austrian Grand Prix,Red Bull Ring,stroll,48,2,21.952,aston_martin,0,27.61,1,271,192,22.06457455148833,22.28091556340324,-0.11257455148832918,-0.328915563403239
2022,11,Austrian Grand Prix,Red Bull Ring,tsunoda,26,1,21.749,alphatauri,0,27.61,1,202,192,21.586894811019032,22.08080169462542,0.16210518898096637,-0.3318016946254225
2022,11,Austrian Grand Prix,Red Bull Ring,tsunoda,46,2,21.519,alphatauri,0,27.61,1,202,192,21.586894811019032,22.116822685201388,-0.06789481101903405,-0.5978226852013897
2022,11,Austrian Grand Prix,Red Bull Ring,vettel,20,1,22.112,aston_martin,0,27.61,1,271,192,22.06457455148833,22.10029082698506,0.04742544851166741,0.011709173014939012
2022,11,Austrian Grand Prix,Red Bull Ring,vettel,44,2,21.583,aston_martin,0,27.61,1,271,192,22.06457455148833,22.208613690482135,-0.4815745514883325,-0.6256136904821368
2022,11,Austrian Grand Prix,Red Bull Ring,zhou,24,1,22.704,alfa,0,27.61,1,194,192,22.043490018252683,22.38974072809779,0.6605099817473175,0.31425927190220904
2022,11,Austrian Grand Prix,Red Bull Ring,zhou,46,2,28.86,alfa,0,27.61,1,194,192,22.043490018252683,22.461912655134313,6.816509981747316,6.3980873448656865
2022,12,French Grand Prix,Circuit Paul Ricard,albon,18,1,37.38,williams,0,44.25599999999999,1,271,47,35.557834767252345,34.976043989596604,1.8221652327476576,2.403956010403398
2022,12,French Grand Prix,Circuit Paul Ricard,alonso,18,1,36.524,alpine,0,44.25599999999999,1,249,47,34.52832253256644,34.77644309344809,1.9956774674335591,1.7475569065519139
2022,12,French Grand Prix,Circuit Paul Ricard,bottas,18,1,37.855,alfa,0,44.25599999999999,1,194,47,34.50278137315145,34.891367508278634,3.352218626848547,2.963632491721363
2022,12,French Grand Prix,Circuit Paul Ricard,bottas,36,2,36.52,alfa,0,44.25599999999999,1,194,47,34.50278137315145,34.89123756239405,2.0172186268485532,1.6287624376059497
2022,12,French Grand Prix,Circuit Paul Ricard,gasly,18,1,35.969,alphatauri,0,44.25599999999999,1,202,47,34.046186165917796,34.54627753834572,1.9228138340822056,1.4227224616542813
2022,12,French Grand Prix,Circuit Paul Ricard,hamilton,18,1,37.189,mercedes,0,44.25599999999999,1,278,47,34.70700518874742,34.516564545639355,2.4819948112525836,2.6724354543606452
2022,12,French Grand Prix,Circuit Paul Ricard,kevinmagnussen,8,1,36.779,haas,0,44.25599999999999,1,272,47,35.706384499184,35.40987254677106,1.0726155008160063,1.3691274532289412
2022,12,French Grand Prix,Circuit Paul Ricard,kevinmagnussen,18,2,36.403,haas,0,44.25599999999999,1,272,47,35.706384499184,35.26513885504426,0.6966155008160015,1.1378611449557354
2022,12,French Grand Prix,Circuit Paul Ricard,latifi,19,1,37.497,williams,0,44.25599999999999,1,271,47,35.557834767252345,34.994119457826876,1.939165232747655,2.5028805421731235
2022,12,French Grand Prix,Circuit Paul Ricard,latifi,38,2,36.942,williams,0,44.25599999999999,1,271,47,35.557834767252345,35.012064980172575,1.3841652327476552,1.9299350198274254
2022,12,French Grand Prix,Circuit Paul Ricard,maxverstappen,16,1,35.266,red_bull,0,44.25599999999999,1,292,47,34.25883983806165,33.87179950012416,1.0071601619383515,1.3942004998758364
2022,12,French Grand Prix,Circuit Paul Ricard,mickschumacher,9,1,36.704,haas,0,44.25599999999999,1,272,47,35.706384499184,35.427948015001334,0.9976155008160035,1.2760519849986665
2022,12,French Grand Prix,Circuit Paul Ricard,mickschumacher,18,2,37.003,haas,0,44.25599999999999,1,272,47,35.706384499184,35.26513885504426,1.296615500816003,1.7378611449557368
2022,12,French Grand Prix,Circuit Paul Ricard,norris,18,1,37.539,mclaren,0,44.25599999999999,1,270,47,34.30956549577785,34.38891720321112,3.229434504222148,3.1500827967888796
2022,12,French Grand Prix,Circuit Paul Ricard,ocon,18,1,44.747,alpine,0,44.25599999999999,1,249,47,34.52832253256644,34.77644309344809,10.218677467433558,9.970556906551913
2022,12,French Grand Prix,Circuit Paul Ricard,perez,18,1,38.061,red_bull,0,44.25599999999999,1,292,47,34.25883983806165,33.90795043658471,3.802160161938353,4.153049563415287
2022,12,French Grand Prix,Circuit Paul Ricard,ricciardo,18,1,36.264,mclaren,0,44.25599999999999,1,270,47,34.30956549577785,34.38891720321112,1.9544345042221494,1.875082796788881
2022,12,French Grand Prix,Circuit Paul Ricard,russell,18,1,38.277,mercedes,0,44.25599999999999,1,278,47,34.70700518874742,34.516564545639355,3.5699948112525846,3.760435454360646
2022,12,French Grand Prix,Circuit Paul Ricard,sainz,18,1,41.458,ferrari,0,44.25599999999999,1,259,47,34.33597011636825,34.30786722018047,7.122029883631747,7.150132779819529
2022,12,French Grand Prix,Circuit Paul Ricard,sainz,42,2,42.292,ferrari,0,44.25599999999999,1,259,47,34.33597011636825,34.41619008367754,7.95602988363175,7.87580991632246
2022,12,French Grand Prix,Circuit Paul Ricard,stroll,18,1,39.844,aston_martin,0,44.25599999999999,1,271,47,34.5238659063871,34.67421948008701,5.3201340936129,5.16978051991299
2022,12,French Grand Prix,Circuit Paul Ricard,tsunoda,11,1,37.648,alphatauri,0,44.25599999999999,1,202,47,34.046186165917796,34.41974926073378,3.6018138340822077,3.2282507392662225
2022,12,French Grand Prix,Circuit Paul Ricard,vettel,19,1,36.671,aston_martin,0,44.25599999999999,1,271,47,34.5238659063871,34.69229494831728,2.147134093612898,1.9787050516827165
2022,12,French Grand Prix,Circuit Paul Ricard,zhou,9,1,36.444,alfa,0,44.25599999999999,1,194,47,34.50278137315145,34.72868829420615,1.9412186268485527,1.7153117057938516
2022,12,French Grand Prix,Circuit Paul Ricard,zhou,22,2,50.79,alfa,0,44.25599999999999,1,194,47,34.50278137315145,34.638181007170175,16.28721862684855,16.151818992829824
2022,13,Hungarian Grand Prix,Hungaroring,albon,2,1,31.224,williams,0,28.749049999999997,1,271,133,20.774447420369427,22.208717414416636,10.449552579630573,9.015282585583364
2022,13,Hungarian Grand Prix,Hungaroring,albon,21,2,21.816,williams,0,28.749049999999997,1,271,133,20.774447420369427,22.226662936762327,1.0415525796305722,-0.41066293676232846
2022,13,Hungarian Grand Prix,Hungaroring,albon,40,3,24.298,williams,0,28.749049999999997,1,271,133,20.774447420369427,23.239541822956994,3.5235525796305716,1.0584581770430042
2022,13,Hungarian Grand Prix,Hungaroring,alonso,21,1,22.083,alpine,0,28.749049999999997,1,249,133,19.744935185683524,22.352550414643378,2.338064814316475,-0.2695504146433798
2022,13,Hungarian Grand Prix,Hungaroring,bottas,26,1,22.272,alfa,0,28.749049999999997,1,194,133,19.71939402626853,22.55785217062531,2.552605973731467,-0.28585217062531143
2022,13,Hungarian Grand Prix,Hungaroring,gasly,16,1,21.675,alphatauri,0,28.749049999999997,1,202,133,19.262798819034877,22.032007518389623,2.4122011809651234,-0.3570075183896222
2022,13,Hungarian Grand Prix,Hungaroring,gasly,46,2,21.489,alphatauri,0,28.749049999999997,1,202,133,19.262798819034877,22.24878319126836,2.2262011809651234,-0.7597831912683581
2022,13,Hungarian Grand Prix,Hungaroring,hamilton,19,1,21.699,mercedes,0,28.749049999999997,1,278,133,19.923617841864495,22.05652093037409,1.775382158135507,-0.35752093037408983
2022,13,Hungarian Grand Prix,Hungaroring,hamilton,51,2,22.095,mercedes,0,28.749049999999997,1,278,133,19.923617841864495,22.309447539713375,2.171382158135504,-0.21444753971337605
2022,13,Hungarian Grand Prix,Hungaroring,kevinmagnussen,6,1,29.641,haas,0,28.749049999999997,1,272,133,20.922997152301075,22.895602526814965,8.718002847698923,6.745397473185033
2022,13,Hungarian Grand Prix,Hungaroring,kevinmagnussen,35,2,23.21,haas,0,28.749049999999997,1,272,133,20.922997152301075,23.094302731463426,2.2870028476989255,0.11569726853657514
2022,13,Hungarian Grand Prix,Hungaroring,kevinmagnussen,67,3,23.147,haas,0,28.749049999999997,1,272,133,20.922997152301075,24.342162704651688,2.224002847698923,-1.1951627046516897
2022,13,Hungarian Grand Prix,Hungaroring,latifi,18,1,21.865,williams,0,28.749049999999997,1,271,133,20.774447420369427,22.497924906101062,1.0905525796305717,-0.6329249061010636
2022,13,Hungarian Grand Prix,Hungaroring,latifi,39,2,22.452,williams,0,28.749049999999997,1,271,133,20.774447420369427,22.552021364907308,1.677552579630575,-0.10002136490730607
2022,13,Hungarian Grand Prix,Hungaroring,latifi,56,3,28.777,williams,0,28.749049999999997,1,271,133,20.774447420369427,23.528749314641416,8.002552579630574,5.248250685358585
2022,13,Hungarian Grand Prix,Hungaroring,leclerc,21,1,21.775,ferrari,0,28.749049999999997,1,259,133,19.552582769485333,21.883974541375753,2.222417230514665,-0.1089745413757548
2022,13,Hungarian Grand Prix,Hungaroring,leclerc,39,2,21.972,ferrari,0,28.749049999999997,1,259,133,19.552582769485333,21.88384459549117,2.419417230514668,0.08815540450883219
2022,13,Hungarian Grand Prix,Hungaroring,leclerc,54,3,21.544,ferrari,0,28.749049999999997,1,259,133,19.552582769485333,22.824421608764727,1.9914172305146671,-1.2804216087647262
2022,13,Hungarian Grand Prix,Hungaroring,maxverstappen,16,1,21.351,red_bull,0,28.749049999999997,1,292,133,19.475452491178725,21.393680416628623,1.875547508821274,-0.042680416628623874
2022,13,Hungarian Grand Prix,Hungaroring,maxverstappen,38,2,21.228,red_bull,0,28.749049999999997,1,292,133,19.475452491178725,21.465852343665144,1.7525475088212765,-0.23785234366514274
2022,13,Hungarian Grand Prix,Hungaroring,mickschumacher,21,1,22.953,haas,0,28.749049999999997,1,272,133,20.922997152301075,23.166734550269116,2.030002847698924,-0.21373455026911614
2022,13,Hungarian Grand Prix,Hungaroring,mickschumacher,41,2,22.566,haas,0,28.749049999999997,1,272,133,20.922997152301075,23.202755540845086,1.6430028476989236,-0.6367555408450869
2022,13,Hungarian Grand Prix,Hungaroring,norris,14,1,23.567,mclaren,0,28.749049999999997,1,270,133,19.52617814889493,21.83849624679447,4.040821851105068,1.7285037532055298
2022,13,Hungarian Grand Prix,Hungaroring,norris,42,2,21.855,mclaren,0,28.749049999999997,1,270,133,19.52617814889493,22.01912098321265,2.3288218511050687,-0.16412098321265134
2022,13,Hungarian Grand Prix,Hungaroring,ocon,23,1,23.581,alpine,0,28.749049999999997,1,249,133,19.744935185683524,22.38870135110393,3.836064814316476,1.1922986488960703
2022,13,Hungarian Grand Prix,Hungaroring,perez,18,1,21.118,red_bull,0,28.749049999999997,1,292,133,19.475452491178725,21.429831353089174,1.6425475088212735,-0.3118313530891754
2022,13,Hungarian Grand Prix,Hungaroring,perez,42,2,21.167,red_bull,0,28.749049999999997,1,292,133,19.475452491178725,21.53815421658625,1.6915475088212766,-0.37115421658624825
2022,13,Hungarian Grand Prix,Hungaroring,ricciardo,15,1,21.558,mclaren,0,28.749049999999997,1,270,133,19.52617814889493,21.856571715024746,2.031821851105068,-0.298571715024746
2022,13,Hungarian Grand Prix,Hungaroring,ricciardo,46,2,21.521,mclaren,0,28.749049999999997,1,270,133,19.52617814889493,22.091422856133757,1.994821851105069,-0.5704228561337565
2022,13,Hungarian Grand Prix,Hungaroring,russell,16,1,22.763,mercedes,0,28.749049999999997,1,278,133,19.923617841864495,22.00229452568326,2.839382158135507,0.7607054743167403
2022,13,Hungarian Grand Prix,Hungaroring,russell,39,2,21.743,mercedes,0,28.749049999999997,1,278,133,19.923617841864495,22.092541920950055,1.8193821581355039,-0.3495419209500561
2022,13,Hungarian Grand Prix,Hungaroring,sainz,17,1,22.82,ferrari,0,28.749049999999997,1,259,133,19.552582769485333,21.811672668454648,3.267417230514667,1.0083273315453525
2022,13,Hungarian Grand Prix,Hungaroring,sainz,47,2,23.456,ferrari,0,28.749049999999997,1,259,133,19.552582769485333,22.028448341333384,3.903417230514666,1.4275516586666157
2022,13,Hungarian Grand Prix,Hungaroring,stroll,14,1,21.779,aston_martin,0,28.749049999999997,1,271,133,19.74047855950418,22.123798523670363,2.0385214404958205,-0.344798523670363
2022,13,Hungarian Grand Prix,Hungaroring,stroll,46,2,21.615,aston_martin,0,28.749049999999997,1,271,133,19.74047855950418,22.376725133009653,1.874521440495819,-0.761725133009655
2022,13,Hungarian Grand Prix,Hungaroring,tsunoda,13,1,21.577,alphatauri,0,28.749049999999997,1,202,133,19.262798819034877,21.977781113698793,2.3142011809651244,-0.4007811136987911
2022,13,Hungarian Grand Prix,Hungaroring,tsunoda,33,2,22.016,alphatauri,0,28.749049999999997,1,202,133,19.262798819034877,22.01380210427476,2.753201180965121,0.002197895725238652
2022,13,Hungarian Grand Prix,Hungaroring,tsunoda,51,3,22.128,alphatauri,0,28.749049999999997,1,202,133,19.262798819034877,23.008605522239147,2.8652011809651228,-0.8806055222391471
2022,13,Hungarian Grand Prix,Hungaroring,vettel,15,1,21.402,aston_martin,0,28.749049999999997,1,271,133,19.74047855950418,22.14187399190064,1.6615214404958216,-0.7398739919006374
2022,13,Hungarian Grand Prix,Hungaroring,vettel,46,2,25.03,aston_martin,0,28.749049999999997,1,271,133,19.74047855950418,22.376725133009653,5.289521440495822,2.6532748669903476
2022,13,Hungarian Grand Prix,Hungaroring,zhou,27,1,22.321,alfa,0,28.749049999999997,1,194,133,19.71939402626853,22.575927638855585,2.60160597373147,-0.2549276388555839
2022,13,Hungarian Grand Prix,Hungaroring,zhou,51,2,28.218,alfa,0,28.749049999999997,1,194,133,19.71939402626853,22.68425050235266,8.498605973731468,5.533749497647339
2022,14,Belgian Grand Prix,Circuit de Spa-Francorchamps,albon,10,1,23.334,williams,0,27.301,1,271,109,24.31014353425072,23.77407796795335,-0.9761435342507205,-0.44007796795334997
2022,14,Belgian Grand Prix,Circuit de Spa-Francorchamps,albon,26,2,24.415,williams,0,27.301,1,271,109,24.31014353425072,23.737797085608214,0.10485646574927898,0.6772029143917848
2022,14,Belgian Grand Prix,Circuit de Spa-Francorchamps,alonso,11,1,22.641,alpine,0,27.301,1,249,109,23.280631299564817,23.592552540035115,-0.6396312995648188,-0.9515525400351166
2022,14,Belgian Grand Prix,Circuit de Spa-Francorchamps,alonso,25,2,23.954,alpine,0,27.301,1,249,109,23.280631299564817,23.520120721229425,0.6733687004351836,0.43387927877057564
2022,14,Belgian Grand Prix,Circuit de Spa-Francorchamps,gasly,10,1,22.857,alphatauri,0,27.301,1,202,109,22.798494932916174,23.344311516702465,0.05850506708382497,-0.48731151670246575
2022,14,Belgian Grand Prix,Circuit de Spa-Francorchamps,gasly,22,2,22.542,alphatauri,0,27.301,1,202,109,22.798494932916174,23.23572876143622,-0.25649493291617276,-0.6937287614362191
2022,14,Belgian Grand Prix,Circuit de Spa-Francorchamps,kevinmagnussen,11,1,26.815,haas,0,27.301,1,272,109,24.45869326618237,24.406736675660852,2.3563067338176324,2.408263324339149
2022,14,Belgian Grand Prix,Circuit de Spa-Francorchamps,kevinmagnussen,27,2,23.396,haas,0,27.301,1,272,109,24.45869326618237,24.370455793315713,-1.062693266182368,-0.9744557933157125
2022,14,Belgian Grand Prix,Circuit de Spa-Francorchamps,latifi,3,1,35.825,williams,0,27.301,1,271,109,24.31014353425072,23.647549690341414,11.514856465749283,12.177450309658589
2022,14,Belgian Grand Prix,Circuit de Spa-Francorchamps,latifi,15,2,24.168,williams,0,27.301,1,271,109,24.31014353425072,23.53896693507517,-0.1421435342507209,0.6290330649248297
2022,14,Belgian Grand Prix,Circuit de Spa-Francorchamps,latifi,34,3,23.414,williams,0,27.301,1,271,109,24.31014353425072,24.551845821269833,-0.8961435342507187,-1.1378458212698312
2022,14,Belgian Grand Prix,Circuit de Spa-Francorchamps,leclerc,3,1,24.198,ferrari,0,27.301,1,259,109,23.088278883366627,22.97937292092528,1.1097211166333736,1.2186270790747216
2022,14,Belgian Grand Prix,Circuit de Spa-Francorchamps,leclerc,25,2,23.189,ferrari,0,27.301,1,259,109,23.088278883366627,23.0515448479618,0.10072111663337324,0.1374551520381999
2022,14,Belgian Grand Prix,Circuit de Spa-Francorchamps,leclerc,42,3,23.334,ferrari,0,27.301,1,259,109,23.088278883366627,24.028272797695912,0.24572111663337282,-0.6942727976959127
2022,14,Belgian Grand Prix,Circuit de Spa-Francorchamps,maxverstappen,15,1,22.882,red_bull,0,27.301,1,292,109,23.01114860506002,22.796361756092846,-0.12914860506001702,0.08563824390715524
2022,14,Belgian Grand Prix,Circuit de Spa-Francorchamps,maxverstappen,30,2,22.322,red_bull,0,27.301,1,292,109,23.01114860506002,22.742005405517432,-0.6891486050600193,-0.4200054055174327
2022,14,Belgian Grand Prix,Circuit de Spa-Francorchamps,mickschumacher,14,1,24.158,haas,0,27.301,1,272,109,24.45869326618237,24.460963080351682,-0.3006932661823676,-0.30296308035168096
2022,14,Belgian Grand Prix,Circuit de Spa-Francorchamps,mickschumacher,30,2,24.982,haas,0,27.301,1,272,109,24.45869326618237,24.424682198006543,0.5233067338176305,0.5573178019934559
2022,14,Belgian Grand Prix,Circuit de Spa-Francorchamps,norris,13,1,23.036,mclaren,0,27.301,1,270,109,23.061874262776225,23.241177586258697,-0.025874262776223844,-0.20517758625869575
2022,14,Belgian Grand Prix,Circuit de Spa-Francorchamps,norris,29,2,23.56,mclaren,0,27.301,1,270,109,23.061874262776225,23.20489670391356,0.4981257372237735,0.3551032960864404
2022,14,Belgian Grand Prix,Circuit de Spa-Francorchamps,ocon,12,1,23.511,alpine,0,27.301,1,249,109,23.280631299564817,23.61062800826539,0.2303687004351822,-0.09962800826539109
2022,14,Belgian Grand Prix,Circuit de Spa-Francorchamps,ocon,32,2,23.491,alpine,0,27.301,1,249,109,23.280631299564817,23.64664899884136,0.21036870043518263,-0.15564899884136096
2022,14,Belgian Grand Prix,Circuit de Spa-Francorchamps,perez,14,1,22.349,red_bull,0,27.301,1,292,109,23.01114860506002,22.77828628786257,-0.6621486050600183,-0.4292862878625705
2022,14,Belgian Grand Prix,Circuit de Spa-Francorchamps,perez,27,2,22.65,red_bull,0,27.301,1,292,109,23.01114860506002,22.687779000826602,-0.3611486050600199,-0.03777900082660324
2022,14,Belgian Grand Prix,Circuit de Spa-Francorchamps,ricciardo,12,1,23.085,mclaren,0,27.301,1,270,109,23.061874262776225,23.22310211802842,0.023125737223775644,-0.13810211802842076
2022,14,Belgian Grand Prix,Circuit de Spa-Francorchamps,ricciardo,32,2,23.146,mclaren,0,27.301,1,270,109,23.061874262776225,23.25912310860439,0.08412573722377559,-0.11312310860438757
2022,14,Belgian Grand Prix,Circuit de Spa-Francorchamps,russell,13,1,22.825,mercedes,0,27.301,1,278,109,23.45931395574579,23.36882492868693,-0.6343139557457924,-0.5438249286869308
2022,14,Belgian Grand Prix,Circuit de Spa-Francorchamps,russell,29,2,22.977,mercedes,0,27.301,1,278,109,23.45931395574579,23.332544046341795,-0.4823139557457914,-0.3555440463417945
2022,14,Belgian Grand Prix,Circuit de Spa-Francorchamps,sainz,11,1,22.543,ferrari,0,27.301,1,259,109,23.088278883366627,23.123976666767494,-0.5452788833666276,-0.5809766667674943
2022,14,Belgian Grand Prix,Circuit de Spa-Francorchamps,sainz,25,2,22.75,ferrari,0,27.301,1,259,109,23.088278883366627,23.0515448479618,-0.3382788833666268,-0.30154484796180014
2022,14,Belgian Grand Prix,Circuit de Spa-Francorchamps,stroll,15,1,23.555,aston_martin,0,27.301,1,271,109,23.276174673385473,23.562630799595144,0.27882532661452686,-0.007630799595144566
2022,14,Belgian Grand Prix,Circuit de Spa-Francorchamps,stroll,26,2,23.349,aston_martin,0,27.301,1,271,109,23.276174673385473,23.435972576098624,0.07282532661452734,-0.08697257609862419
2022,14,Belgian Grand Prix,Circuit de Spa-Francorchamps,tsunoda,18,1,30.055,alphatauri,0,27.301,1,202,109,22.798494932916174,23.48891526254468,7.256505067083825,6.56608473745532
2022,14,Belgian Grand Prix,Circuit de Spa-Francorchamps,tsunoda,30,2,24.253,alphatauri,0,27.301,1,202,109,22.798494932916174,23.380332507278435,1.4545050670838258,0.8726674927215647
2022,14,Belgian Grand Prix,Circuit de Spa-Francorchamps,vettel,14,1,23.222,aston_martin,0,27.301,1,271,109,23.276174673385473,23.54455533136487,-0.05417467338547155,-0.32255533136486747
2022,14,Belgian Grand Prix,Circuit de Spa-Francorchamps,vettel,33,2,22.833,aston_martin,0,27.301,1,271,109,23.276174673385473,23.56250085371056,-0.44317467338547445,-0.7295008537105616
2022,14,Belgian Grand Prix,Circuit de Spa-Francorchamps,zhou,14,1,23.744,alfa,0,27.301,1,194,109,23.255090140149825,23.761703359556495,0.48890985985017466,-0.017703359556495712
2022,14,Belgian Grand Prix,Circuit de Spa-Francorchamps,zhou,28,2,23.364,alfa,0,27.301,1,194,109,23.255090140149825,23.689271540750802,0.10890985985017565,-0.32527154075080134
2022,15,Dutch Grand Prix,Circuit Park Zandvoort,albon,21,1,19.325,williams,0,24.485350000000004,1,271,144,18.79130054190977,21.955517297653127,0.5336994580902292,-2.630517297653128
2022,15,Dutch Grand Prix,Circuit Park Zandvoort,albon,42,2,19.911,williams,0,24.485350000000004,1,271,144,18.79130054190977,22.009613756459373,1.1196994580902313,-2.098613756459372
2022,15,Dutch Grand Prix,Circuit Park Zandvoort,albon,55,3,20.508,williams,0,24.485350000000004,1,271,144,18.79130054190977,22.914039833272376,1.716699458090229,-2.406039833272377
2022,15,Dutch Grand Prix,Circuit Park Zandvoort,albon,56,4,14.114,williams,0,24.485350000000004,0,271,144,18.79130054190977,3.954004552905019,-4.677300541909769,10.159995447094982
2022,15,Dutch Grand Prix,Circuit Park Zandvoort,alonso,12,1,19.578,alpine,0,24.485350000000004,1,249,144,17.761788307223867,21.59323718743212,1.8162116927761325,-2.0152371874321204
2022,15,Dutch Grand Prix,Circuit Park Zandvoort,alonso,47,2,21.501,alpine,0,24.485350000000004,1,249,144,17.761788307223867,21.90039020146224,3.7392116927761343,-0.39939020146223925
2022,15,Dutch Grand Prix,Circuit Park Zandvoort,alonso,57,3,15.762,alpine,0,24.485350000000004,1,249,144,17.761788307223867,22.750589873584413,-1.9997883072238665,-6.988589873584413
2022,15,Dutch Grand Prix,Circuit Park Zandvoort,bottas,16,1,19.741,alfa,0,24.485350000000004,1,194,144,17.736247147808875,21.780463475183776,2.0047528521911246,-2.0394634751837764
2022,15,Dutch Grand Prix,Circuit Park Zandvoort,bottas,34,2,21.049,alfa,0,24.485350000000004,1,194,144,17.736247147808875,21.78033352929919,3.3127528521911245,-0.7313335292991923
2022,15,Dutch Grand Prix,Circuit Park Zandvoort,gasly,11,1,18.789,alphatauri,0,24.485350000000004,1,202,144,17.27965194057522,21.344996164099474,1.5093480594247808,-2.555996164099472
2022,15,Dutch Grand Prix,Circuit Park Zandvoort,gasly,32,2,18.7,alphatauri,0,24.485350000000004,1,202,144,17.27965194057522,21.39909262290572,1.4203480594247786,-2.69909262290572
2022,15,Dutch Grand Prix,Circuit Park Zandvoort,gasly,56,3,18.572,alphatauri,0,24.485350000000004,1,202,144,17.27965194057522,22.502348850251767,1.2923480594247785,-3.930348850251768
2022,15,Dutch Grand Prix,Circuit Park Zandvoort,gasly,57,4,13.973,alphatauri,0,24.485350000000004,0,202,144,17.27965194057522,3.5423135698844086,-3.30665194057522,10.430686430115593
2022,15,Dutch Grand Prix,Circuit Park Zandvoort,hamilton,29,1,19.046,mercedes,0,24.485350000000004,1,278,144,17.940470963404838,21.640641599538093,1.1055290365951613,-2.594641599538093
2022,15,Dutch Grand Prix,Circuit Park Zandvoort,hamilton,48,2,19.164,mercedes,0,24.485350000000004,1,278,144,17.940470963404838,21.658587121883784,1.2235290365951634,-2.4945871218837823
2022,15,Dutch Grand Prix,Circuit Park Zandvoort,hamilton,57,3,14.155,mercedes,0,24.485350000000004,0,278,144,17.940470963404838,1.1274777425624674,-3.7854709634048387,13.027522257437532
2022,15,Dutch Grand Prix,Circuit Park Zandvoort,kevinmagnussen,14,1,20.785,haas,0,24.485350000000004,1,272,144,18.93985027384142,22.443572259518415,1.8451497261585814,-1.6585722595184151
2022,15,Dutch Grand Prix,Circuit Park Zandvoort,kevinmagnussen,34,2,23.71,haas,0,24.485350000000004,1,272,144,18.93985027384142,22.479593250094382,4.770149726158582,1.2304067499056188
2022,15,Dutch Grand Prix,Circuit Park Zandvoort,kevinmagnussen,47,3,23.663,haas,0,24.485350000000004,1,272,144,18.93985027384142,23.38401932690739,4.7231497261585815,0.27898067309261165
2022,15,Dutch Grand Prix,Circuit Park Zandvoort,kevinmagnussen,56,4,14.175,haas,0,24.485350000000004,0,272,144,18.93985027384142,4.568587792382242,-4.764850273841418,9.606412207617758
2022,15,Dutch Grand Prix,Circuit Park Zandvoort,latifi,13,1,20.284,williams,0,24.485350000000004,1,271,144,18.79130054190977,21.810913551810916,1.4926994580902289,-1.5269135518109174
2022,15,Dutch Grand Prix,Circuit Park Zandvoort,latifi,26,2,20.733,williams,0,24.485350000000004,1,271,144,18.79130054190977,21.720406264774947,1.9416994580902305,-0.9874062647749469
2022,15,Dutch Grand Prix,Circuit Park Zandvoort,latifi,54,3,20.051,williams,0,24.485350000000004,1,271,144,18.79130054190977,22.8959643650421,1.2596994580902283,-2.8449643650421024
2022,15,Dutch Grand Prix,Circuit Park Zandvoort,latifi,55,4,14.459,williams,0,24.485350000000004,0,271,144,18.79130054190977,3.935929084674742,-4.33230054190977,10.523070915325258
2022,15,Dutch Grand Prix,Circuit Park Zandvoort,leclerc,17,1,19.08,ferrari,0,24.485350000000004,1,259,144,17.569435891025677,21.215038655315883,1.5105641089743216,-2.135038655315885
2022,15,Dutch Grand Prix,Circuit Park Zandvoort,leclerc,45,2,19.084,ferrari,0,24.485350000000004,1,259,144,17.569435891025677,21.395663391734065,1.514564108974323,-2.311663391734065
2022,15,Dutch Grand Prix,Circuit Park Zandvoort,leclerc,56,3,19.576,ferrari,0,24.485350000000004,1,259,144,17.569435891025677,22.263938532086517,2.006564108974324,-2.687938532086516
2022,15,Dutch Grand Prix,Circuit Park Zandvoort,leclerc,57,4,14.008,ferrari,0,24.485350000000004,0,259,144,17.569435891025677,3.303903251719158,-3.5614358910256776,10.704096748280842
2022,15,Dutch Grand Prix,Circuit Park Zandvoort,maxverstappen,18,1,19.634,red_bull,0,24.485350000000004,1,292,144,17.49230561271907,20.83319733995041,2.141694387280932,-1.199197339950409
2022,15,Dutch Grand Prix,Circuit Park Zandvoort,maxverstappen,48,2,19.61,red_bull,0,24.485350000000004,1,292,144,17.49230561271907,21.049973012829145,2.117694387280931,-1.439973012829146
2022,15,Dutch Grand Prix,Circuit Park Zandvoort,maxverstappen,56,3,19.655,red_bull,0,24.485350000000004,1,292,144,17.49230561271907,21.864021748490767,2.1626943872809328,-2.209021748490766
2022,15,Dutch Grand Prix,Circuit Park Zandvoort,maxverstappen,57,4,14.113,red_bull,0,24.485350000000004,0,292,144,17.49230561271907,2.9039864681234073,-3.379305612719069,11.209013531876593
2022,15,Dutch Grand Prix,Circuit Park Zandvoort,mickschumacher,13,1,26.813,haas,0,24.485350000000004,1,272,144,18.93985027384142,22.42549679128814,7.87314972615858,4.387503208711859
2022,15,Dutch Grand Prix,Circuit Park Zandvoort,mickschumacher,33,2,21.814,haas,0,24.485350000000004,1,272,144,18.93985027384142,22.461517781864107,2.8741497261585813,-0.6475177818641065
2022,15,Dutch Grand Prix,Circuit Park Zandvoort,mickschumacher,47,3,20.283,haas,0,24.485350000000004,1,272,144,18.93985027384142,23.38401932690739,1.3431497261585825,-3.1010193269073874
2022,15,Dutch Grand Prix,Circuit Park Zandvoort,mickschumacher,56,4,14.144,haas,0,24.485350000000004,0,272,144,18.93985027384142,4.568587792382242,-4.795850273841419,9.575412207617758
2022,15,Dutch Grand Prix,Circuit Park Zandvoort,norris,17,1,19.303,mclaren,0,24.485350000000004,1,270,144,17.543031270435275,21.296088638346536,1.7599687295647257,-1.993088638346535
2022,15,Dutch Grand Prix,Circuit Park Zandvoort,norris,47,2,21.117,mclaren,0,24.485350000000004,1,270,144,17.543031270435275,21.51286431122527,3.5739687295647258,-0.3958643112252709
2022,15,Dutch Grand Prix,Circuit Park Zandvoort,norris,57,3,21.264,mclaren,0,24.485350000000004,1,270,144,17.543031270435275,22.363063983347445,3.7209687295647242,-1.0990639833474454
2022,15,Dutch Grand Prix,Circuit Park Zandvoort,ocon,18,1,19.455,alpine,0,24.485350000000004,1,249,144,17.761788307223867,21.70168999681378,1.6932116927761314,-2.2466899968137817
2022,15,Dutch Grand Prix,Circuit Park Zandvoort,ocon,56,2,21.602,alpine,0,24.485350000000004,1,249,144,17.761788307223867,22.06306941553473,3.8402116927761334,-0.46106941553473035
2022,15,Dutch Grand Prix,Circuit Park Zandvoort,ocon,57,3,14.041,alpine,0,24.485350000000004,0,249,144,17.761788307223867,1.3873562903712027,-3.7207883072238666,12.653643709628797
2022,15,Dutch Grand Prix,Circuit Park Zandvoort,perez,14,1,18.835,red_bull,0,24.485350000000004,1,292,144,17.49230561271907,20.760895467029304,1.3426943872809325,-1.925895467029303
2022,15,Dutch Grand Prix,Circuit Park Zandvoort,perez,40,2,18.738,red_bull,0,24.485350000000004,1,292,144,17.49230561271907,20.90536926698693,1.2456943872809312,-2.167369266986931
2022,15,Dutch Grand Prix,Circuit Park Zandvoort,perez,56,3,19.25,red_bull,0,24.485350000000004,1,292,144,17.49230561271907,21.864021748490767,1.7576943872809316,-2.6140217484907673
2022,15,Dutch Grand Prix,Circuit Park Zandvoort,perez,57,4,14.113,red_bull,0,24.485350000000004,0,292,144,17.49230561271907,2.9039864681234073,-3.379305612719069,11.209013531876593
2022,15,Dutch Grand Prix,Circuit Park Zandvoort,ricciardo,11,1,19.546,mclaren,0,24.485350000000004,1,270,144,17.543031270435275,21.187635828964876,2.0029687295647243,-1.6416358289648763
2022,15,Dutch Grand Prix,Circuit Park Zandvoort,ricciardo,27,2,19.567,mclaren,0,24.485350000000004,1,270,144,17.543031270435275,21.151354946619737,2.023968729564725,-1.5843549466197366
2022,15,Dutch Grand Prix,Circuit Park Zandvoort,ricciardo,47,3,19.718,mclaren,0,24.485350000000004,1,270,144,17.543031270435275,22.182309301044675,2.174968729564725,-2.4643093010446755
2022,15,Dutch Grand Prix,Circuit Park Zandvoort,ricciardo,55,4,20.295,mclaren,0,24.485350000000004,1,270,144,17.543031270435275,24.71203588150247,2.7519687295647266,-4.417035881502468
2022,15,Dutch Grand Prix,Circuit Park Zandvoort,ricciardo,56,5,14.493,mclaren,0,24.485350000000004,0,270,144,17.543031270435275,3.5133800248072453,-3.0500312704352748,10.979619975192755
2022,15,Dutch Grand Prix,Circuit Park Zandvoort,russell,31,1,19.359,mercedes,0,24.485350000000004,1,278,144,17.940470963404838,21.676792535998644,1.4185290365951637,-2.3177925359986418
2022,15,Dutch Grand Prix,Circuit Park Zandvoort,russell,48,2,20.742,mercedes,0,24.485350000000004,1,278,144,17.940470963404838,21.658587121883784,2.801529036595163,-0.9165871218837829
2022,15,Dutch Grand Prix,Circuit Park Zandvoort,russell,57,3,21.363,mercedes,0,24.485350000000004,1,278,144,17.940470963404838,22.490711325775678,3.4225290365951615,-1.1277113257756781
2022,15,Dutch Grand Prix,Circuit Park Zandvoort,sainz,14,1,29.705,ferrari,0,24.485350000000004,1,259,144,17.569435891025677,21.160812250625053,12.135564108974322,8.544187749374945
2022,15,Dutch Grand Prix,Circuit Park Zandvoort,sainz,43,2,19.493,ferrari,0,24.485350000000004,1,259,144,17.569435891025677,21.35951245527351,1.9235641089743218,-1.8665124552735115
2022,15,Dutch Grand Prix,Circuit Park Zandvoort,sainz,57,3,21.164,ferrari,0,24.485350000000004,1,259,144,17.569435891025677,22.282014000316792,3.5945641089743248,-1.1180140003167907
2022,15,Dutch Grand Prix,Circuit Park Zandvoort,stroll,16,1,20.205,aston_martin,0,24.485350000000004,1,271,144,17.757331681044523,21.56331544699215,2.4476683189554755,-1.358315446992151
2022,15,Dutch Grand Prix,Circuit Park Zandvoort,stroll,38,2,20.214,aston_martin,0,24.485350000000004,1,271,144,17.757331681044523,21.635487374028674,2.456668318955476,-1.4214873740286755
2022,15,Dutch Grand Prix,Circuit Park Zandvoort,stroll,56,3,19.141,aston_martin,0,24.485350000000004,1,271,144,17.757331681044523,22.630290791993062,1.3836683189554755,-3.4892907919930636
2022,15,Dutch Grand Prix,Circuit Park Zandvoort,stroll,57,4,14.118,aston_martin,0,24.485350000000004,0,271,144,17.757331681044523,3.6702555116257045,-3.6393316810445224,10.447744488374296
2022,15,Dutch Grand Prix,Circuit Park Zandvoort,tsunoda,13,1,18.774,alphatauri,0,24.485350000000004,1,202,144,17.27965194057522,21.381147100560028,1.4943480594247802,-2.6071471005600273
2022,15,Dutch Grand Prix,Circuit Park Zandvoort,tsunoda,42,2,19.293,alphatauri,0,24.485350000000004,1,202,144,17.27965194057522,21.579847305208485,2.0133480594247786,-2.286847305208486
2022,15,Dutch Grand Prix,Circuit Park Zandvoort,tsunoda,43,3,52.684,alphatauri,0,24.485350000000004,1,202,144,17.27965194057522,22.267367763258168,35.40434805942478,30.41663223674183
2022,15,Dutch Grand Prix,Circuit Park Zandvoort,vettel,9,1,22.391,aston_martin,0,24.485350000000004,1,271,144,17.757331681044523,21.436787169380214,4.6336683189554755,0.9542128306197846
2022,15,Dutch Grand Prix,Circuit Park Zandvoort,vettel,35,2,19.156,aston_martin,0,24.485350000000004,1,271,144,17.757331681044523,21.581260969337844,1.398668318955476,-2.4252609693378453
2022,15,Dutch Grand Prix,Circuit Park Zandvoort,vettel,48,3,18.709,aston_martin,0,24.485350000000004,1,271,144,17.757331681044523,22.485687046150847,0.9516683189554769,-3.7766870461508475
2022,15,Dutch Grand Prix,Circuit Park Zandvoort,vettel,56,4,14.349,aston_martin,0,24.485350000000004,0,271,144,17.757331681044523,3.652180043395428,-3.4083316810445226,10.696819956604571
2022,15,Dutch Grand Prix,Circuit Park Zandvoort,zhou,12,1,19.548,alfa,0,24.485350000000004,1,194,144,17.736247147808875,21.70816160226267,1.8117528521911233,-2.160161602262672
2022,15,Dutch Grand Prix,Circuit Park Zandvoort,zhou,37,2,25.433,alfa,0,24.485350000000004,1,194,144,17.736247147808875,21.834559933990022,7.696752852191125,3.598440066009978
2022,15,Dutch Grand Prix,Circuit Park Zandvoort,zhou,55,3,20.188,alfa,0,24.485350000000004,1,194,144,17.736247147808875,22.82936335195441,2.451752852191124,-2.6413633519544106
2022,15,Dutch Grand Prix,Circuit Park Zandvoort,zhou,56,4,14.128,alfa,0,24.485350000000004,0,194,144,17.736247147808875,3.869328071587054,-3.608247147808875,10.258671928412946
2022,16,Italian Grand Prix,Autodromo Nazionale di Monza,bottas,35,1,24.758,alfa,0,26.7582,1,194,104,25.141733721148018,25.83859812420452,-0.38373372114801896,-1.0805981242045206
2022,16,Italian Grand Prix,Autodromo Nazionale di Monza,devries,19,1,24.628,williams,0,26.7582,1,271,104,26.196787115248917,25.63406711383806,-1.5687871152489166,-1.0060671138380606
2022,16,Italian Grand Prix,Autodromo Nazionale di Monza,gasly,18,1,25.376,alphatauri,0,26.7582,1,202,104,24.685138513914367,25.186225194356897,0.6908614860856339,0.18977480564310412
2022,16,Italian Grand Prix,Autodromo Nazionale di Monza,hamilton,33,1,24.282,mercedes,0,26.7582,1,278,104,25.34595753674398,25.427644225104686,-1.063957536743981,-1.1456442251046859
2022,16,Italian Grand Prix,Autodromo Nazionale di Monza,kevinmagnussen,24,1,30.164,haas,0,26.7582,1,272,104,26.345336847180562,26.33902769446667,3.8186631528194397,3.8249723055333327
2022,16,Italian Grand Prix,Autodromo Nazionale di Monza,kevinmagnussen,46,2,24.846,haas,0,26.7582,1,272,104,26.345336847180562,26.41119962150319,-1.4993368471805617,-1.56519962150319
2022,16,Italian Grand Prix,Autodromo Nazionale di Monza,latifi,15,1,26.782,williams,0,26.7582,1,271,104,26.196787115248917,25.561765240916955,0.5852128847510834,1.220234759083045
2022,16,Italian Grand Prix,Autodromo Nazionale di Monza,latifi,47,2,24.263,williams,0,26.7582,1,271,104,26.196787115248917,25.814691850256242,-1.933787115248915,-1.5516918502562405
2022,16,Italian Grand Prix,Autodromo Nazionale di Monza,leclerc,12,1,23.531,ferrari,0,26.7582,1,259,104,24.97492246436482,24.839362066809986,-1.443922464364821,-1.3083620668099876
2022,16,Italian Grand Prix,Autodromo Nazionale di Monza,leclerc,33,2,23.904,ferrari,0,26.7582,1,259,104,24.97492246436482,24.893458525616232,-1.0709224643648199,-0.9894585256162323
2022,16,Italian Grand Prix,Autodromo Nazionale di Monza,leclerc,48,3,23.719,ferrari,0,26.7582,1,259,104,24.97492246436482,25.83403553888979,-1.2559224643648186,-2.1150355388897886
2022,16,Italian Grand Prix,Autodromo Nazionale di Monza,maxverstappen,25,1,23.791,red_bull,0,26.7582,1,292,104,24.89779218605821,24.674426370207833,-1.106792186058211,-0.8834263702078324
2022,16,Italian Grand Prix,Autodromo Nazionale di Monza,maxverstappen,48,2,24.091,red_bull,0,26.7582,1,292,104,24.89779218605821,24.764673765474633,-0.8067921860582103,-0.6736737654746321
2022,16,Italian Grand Prix,Autodromo Nazionale di Monza,mickschumacher,33,1,24.817,haas,0,26.7582,1,272,104,26.345336847180562,26.50170690853916,-1.5283368471805616,-1.6847069085391588
2022,16,Italian Grand Prix,Autodromo Nazionale di Monza,norris,35,1,26.714,mclaren,0,26.7582,1,270,104,24.948517843774418,25.336147819137,1.7654821562255805,1.3778521808629982
2022,16,Italian Grand Prix,Autodromo Nazionale di Monza,norris,47,2,24.784,mclaren,0,26.7582,1,270,104,24.948517843774418,25.227565063870756,-0.16451784377441925,-0.4435650638707571
2022,16,Italian Grand Prix,Autodromo Nazionale di Monza,ocon,19,1,24.336,alpine,0,26.7582,1,249,104,25.16727488056301,25.434466217689543,-0.8312748805630115,-1.0984662176895448
2022,16,Italian Grand Prix,Autodromo Nazionale di Monza,perez,7,1,23.698,red_bull,0,26.7582,1,292,104,24.89779218605821,24.349067942062852,-1.199792186058211,-0.651067942062852
2022,16,Italian Grand Prix,Autodromo Nazionale di Monza,perez,42,2,23.299,red_bull,0,26.7582,1,292,104,24.89779218605821,24.656220956092973,-1.598792186058212,-1.3572209560929736
2022,16,Italian Grand Prix,Autodromo Nazionale di Monza,ricciardo,19,1,25.164,mclaren,0,26.7582,1,270,104,24.948517843774418,25.04694032745257,0.2154821562255833,0.11705967254743044
2022,16,Italian Grand Prix,Autodromo Nazionale di Monza,russell,23,1,25.075,mercedes,0,26.7582,1,278,104,25.34595753674398,25.246889542801917,-0.2709575367439818,-0.17188954280191737
2022,16,Italian Grand Prix,Autodromo Nazionale di Monza,russell,47,2,24.114,mercedes,0,26.7582,1,278,104,25.34595753674398,25.35521240629899,-1.2319575367439803,-1.2412124062989882
2022,16,Italian Grand Prix,Autodromo Nazionale di Monza,sainz,30,1,23.728,ferrari,0,26.7582,1,259,104,24.97492246436482,25.164720494954967,-1.2469224643648182,-1.4367204949549652
2022,16,Italian Grand Prix,Autodromo Nazionale di Monza,sainz,47,2,24.525,ferrari,0,26.7582,1,259,104,24.97492246436482,25.146515080840103,-0.4499224643648212,-0.6215150808401049
2022,16,Italian Grand Prix,Autodromo Nazionale di Monza,stroll,18,1,24.254,aston_martin,0,26.7582,1,271,104,25.162818254383666,25.31416713609819,-0.9088182543836645,-1.0601671360981904
2022,16,Italian Grand Prix,Autodromo Nazionale di Monza,tsunoda,19,1,24.009,alphatauri,0,26.7582,1,202,104,24.685138513914367,25.204300662587173,-0.676138513914367,-1.1953006625871723
2022,16,Italian Grand Prix,Autodromo Nazionale di Monza,tsunoda,47,2,23.904,alphatauri,0,26.7582,1,202,104,24.685138513914367,25.384925399005354,-0.7811385139143674,-1.4809253990053541
2022,16,Italian Grand Prix,Autodromo Nazionale di Monza,zhou,18,1,25.366,alfa,0,26.7582,1,194,104,25.141733721148018,25.53131516428982,0.22426627885198158,-0.16531516428981874
2022,17,Singapore Grand Prix,Marina Bay Street Circuit,bottas,33,1,32.167,alfa,0,39.247,1,194,69,31.13287450506762,31.716908452542654,1.0341254949323826,0.4500915474573475
2022,17,Singapore Grand Prix,Marina Bay Street Circuit,gasly,33,1,29.867,alphatauri,0,39.247,1,202,69,30.67627929783397,31.371818482609733,-0.8092792978339673,-1.504818482609732
2022,17,Singapore Grand Prix,Marina Bay Street Circuit,hamilton,34,1,41.019,mercedes,0,39.247,1,278,69,31.337098320663586,31.360180958133647,9.681901679336413,9.658819041866352
2022,17,Singapore Grand Prix,Marina Bay Street Circuit,kevinmagnussen,7,1,39.247,haas,0,39.247,1,272,69,32.336477631100166,31.94620599935065,6.910522368899834,7.300794000649351
2022,17,Singapore Grand Prix,Marina Bay Street Circuit,kevinmagnussen,33,2,32.603,haas,0,39.247,1,272,69,32.336477631100166,32.090679799308276,0.26652236889983527,0.5123202006917253
2022,17,Singapore Grand Prix,Marina Bay Street Circuit,leclerc,34,1,32.058,ferrari,0,39.247,1,259,69,30.96606324828442,31.15148363267476,1.0919367517155791,0.9065163673252385
2022,17,Singapore Grand Prix,Marina Bay Street Circuit,maxverstappen,35,1,29.407,red_bull,0,39.247,1,292,69,30.888932969977812,30.769642317309287,-1.4819329699778123,-1.3626423173092874
2022,17,Singapore Grand Prix,Marina Bay Street Circuit,maxverstappen,40,2,29.775,red_bull,0,39.247,1,292,69,30.888932969977812,30.534531284431104,-1.1139329699778138,-0.7595312844311053
2022,17,Singapore Grand Prix,Marina Bay Street Circuit,mickschumacher,34,1,31.201,haas,0,39.247,1,272,69,32.336477631100166,32.434243641568116,-1.1354776311001658,-1.2332436415681158
2022,17,Singapore Grand Prix,Marina Bay Street Circuit,mickschumacher,41,2,34.722,haas,0,39.247,1,272,69,32.336477631100166,32.235283545150494,2.385522368899835,2.486716454849507
2022,17,Singapore Grand Prix,Marina Bay Street Circuit,norris,36,1,30.528,mclaren,0,39.247,1,270,69,30.93965862769402,31.268684552165965,-0.4116586276940204,-0.7406845521659662
2022,17,Singapore Grand Prix,Marina Bay Street Circuit,perez,35,1,29.55,red_bull,0,39.247,1,292,69,30.888932969977812,30.769642317309287,-1.3389329699778116,-1.2196423173092867
2022,17,Singapore Grand Prix,Marina Bay Street Circuit,ricciardo,36,1,30.946,mclaren,0,39.247,1,270,69,30.93965862769402,31.268684552165965,0.006341372305982418,-0.32268455216596337
2022,17,Singapore Grand Prix,Marina Bay Street Circuit,russell,21,1,30.378,mercedes,0,39.247,1,278,69,31.337098320663586,31.12519987114005,-0.9590983206635855,-0.7471998711400509
2022,17,Singapore Grand Prix,Marina Bay Street Circuit,russell,35,2,29.713,mercedes,0,39.247,1,278,69,31.337098320663586,31.05276805233436,-1.6240983206635846,-1.3397680523343602
2022,17,Singapore Grand Prix,Marina Bay Street Circuit,russell,41,3,33.211,mercedes,0,39.247,1,278,69,31.337098320663586,31.83066585153543,1.873901679336413,1.38033414846457
2022,17,Singapore Grand Prix,Marina Bay Street Circuit,russell,51,4,29.893,mercedes,0,39.247,1,278,69,31.337098320663586,34.39654336845377,-1.444098320663585,-4.503543368453769
2022,17,Singapore Grand Prix,Marina Bay Street Circuit,sainz,35,1,30.603,ferrari,0,39.247,1,259,69,30.96606324828442,31.16955910090504,-0.36306324828441916,-0.5665591009050388
2022,17,Singapore Grand Prix,Marina Bay Street Circuit,stroll,35,1,29.863,aston_martin,0,39.247,1,271,69,31.153959038303267,31.535911360811582,-1.2909590383032672,-1.6729113608115824
2022,17,Singapore Grand Prix,Marina Bay Street Circuit,tsunoda,33,1,31.293,alphatauri,0,39.247,1,202,69,30.67627929783397,31.371818482609733,0.616720702166031,-0.07881848260973356
2022,17,Singapore Grand Prix,Marina Bay Street Circuit,vettel,34,1,29.704,aston_martin,0,39.247,1,271,69,31.153959038303267,31.517835892581303,-1.4499590383032661,-1.8138358925813023
2022,18,Japanese Grand Prix,Suzuka Circuit,alonso,8,2,24.106,alpine,0,25.8685,1,249,24,23.866406871516027,23.690940899932187,0.23959312848397474,0.41505910006781477
2022,18,Japanese Grand Prix,Suzuka Circuit,alonso,22,3,24.123,alpine,0,25.8685,1,249,24,23.866406871516027,24.613442444975465,0.2565931284839742,-0.4904424449754643
2022,18,Japanese Grand Prix,Suzuka Circuit,bottas,6,2,24.869,alfa,0,25.8685,1,194,24,23.840865712101035,23.769714378302183,1.0281342878989648,1.0992856216978169
2022,18,Japanese Grand Prix,Suzuka Circuit,gasly,7,3,24.966,alphatauri,0,25.8685,1,202,24,23.384270504867384,24.112144866418944,1.5817294951326168,0.8538551335810567
2022,18,Japanese Grand Prix,Suzuka Circuit,gasly,19,4,23.966,alphatauri,0,25.8685,1,202,24,23.384270504867384,26.714173319797844,0.5817294951326168,-2.748173319797843
2022,18,Japanese Grand Prix,Suzuka Circuit,hamilton,7,2,25.059,mercedes,0,25.8685,1,278,24,24.045089527697,23.412986883893176,1.0139104723029995,1.6460131161068254
2022,18,Japanese Grand Prix,Suzuka Circuit,kevinmagnussen,7,2,25.594,haas,0,25.8685,1,272,24,25.04446883813358,24.48704956732765,0.5495311618664225,1.1069504326723525
2022,18,Japanese Grand Prix,Suzuka Circuit,latifi,5,2,24.785,williams,0,25.8685,1,271,24,24.89591910620193,23.836315391389874,-0.1109191062019299,0.9486846086101259
2022,18,Japanese Grand Prix,Suzuka Circuit,leclerc,7,2,25.899,ferrari,0,25.8685,1,259,24,23.674054455317837,23.204289558434287,2.224945544682164,2.6947104415657144
2022,18,Japanese Grand Prix,Suzuka Circuit,maxverstappen,7,2,24.308,red_bull,0,25.8685,1,292,24,23.59692417701123,22.804372774838537,0.7110758229887715,1.5036272251614626
2022,18,Japanese Grand Prix,Suzuka Circuit,mickschumacher,11,2,24.608,haas,0,25.8685,1,272,24,25.04446883813358,24.559351440248758,-0.4364688381335782,0.048648559751242715
2022,18,Japanese Grand Prix,Suzuka Circuit,norris,6,2,24.595,mclaren,0,25.8685,1,270,24,23.647649834727435,23.267264073234664,0.9473501652725638,1.3277359267653353
2022,18,Japanese Grand Prix,Suzuka Circuit,ocon,7,2,25.172,alpine,0,25.8685,1,249,24,23.866406871516027,23.67286543170191,1.3055931284839737,1.4991345682980892
2022,18,Japanese Grand Prix,Suzuka Circuit,perez,7,2,25.322,red_bull,0,25.8685,1,292,24,23.59692417701123,22.804372774838537,1.7250758229887708,2.517627225161462
2022,18,Japanese Grand Prix,Suzuka Circuit,ricciardo,8,2,25.377,mclaren,0,25.8685,1,270,24,23.647649834727435,23.303415009695215,1.7293501652725638,2.0735849903047843
2022,18,Japanese Grand Prix,Suzuka Circuit,russell,7,2,28.728,mercedes,0,25.8685,1,278,24,24.045089527697,23.412986883893176,4.682910472303,5.315013116106826
2022,18,Japanese Grand Prix,Suzuka Circuit,stroll,7,2,24.005,aston_martin,0,25.8685,1,271,24,23.861950245336683,23.570641818340835,0.14304975466331626,0.43435818165916373
2022,18,Japanese Grand Prix,Suzuka Circuit,stroll,19,3,23.87,aston_martin,0,25.8685,1,271,24,23.861950245336683,24.456992426923563,0.008049754663318254,-0.5869924269235618
2022,18,Japanese Grand Prix,Suzuka Circuit,tsunoda,7,2,24.439,alphatauri,0,25.8685,1,202,24,23.384270504867384,23.442699876599537,1.0547294951326158,0.9963001234004629
2022,18,Japanese Grand Prix,Suzuka Circuit,tsunoda,20,3,23.756,alphatauri,0,25.8685,1,202,24,23.384270504867384,24.347125953412544,0.371729495132616,-0.5911259534125435
2022,18,Japanese Grand Prix,Suzuka Circuit,vettel,5,2,24.218,aston_martin,0,25.8685,1,271,24,23.861950245336683,23.534490881880284,0.35604975466331723,0.6835091181197157
2022,18,Japanese Grand Prix,Suzuka Circuit,zhou,9,2,24.563,alfa,0,25.8685,1,194,24,23.840865712101035,23.823940782993013,0.7221342878989638,0.7390592170069858
2022,18,Japanese Grand Prix,Suzuka Circuit,zhou,18,3,24.266,alfa,0,25.8685,1,194,24,23.840865712101035,24.65606498688491,0.42513428789896324,-0.3900649868849122
2022,19,United States Grand Prix,Circuit of the Americas,albon,9,1,24.624,williams,0,33.729749999999996,1,271,135,25.848934425862964,25.167009551474234,-1.2249344258629655,-0.5430095514742348
2022,19,United States Grand Prix,Circuit of the Americas,albon,18,2,24.311,williams,0,33.729749999999996,1,271,135,25.848934425862964,25.00420039151716,-1.5379344258629644,-0.6932003915171592
2022,19,United States Grand Prix,Circuit of the Americas,alonso,18,1,23.87,alpine,0,33.729749999999996,1,249,135,24.81942219117706,25.13008786939821,-0.9494221911770602,-1.260087869398209
2022,19,United States Grand Prix,Circuit of the Americas,alonso,22,2,39.707,alpine,0,33.729749999999996,1,249,135,24.81942219117706,24.876901368289754,14.88757780882294,14.830098631710246
2022,19,United States Grand Prix,Circuit of the Americas,bottas,10,1,25.013,alfa,0,33.729749999999996,1,194,135,24.79388103176207,25.100408538386546,0.21911896823793242,-0.08740853838654417
2022,19,United States Grand Prix,Circuit of the Americas,gasly,11,1,23.67,alphatauri,0,33.729749999999996,1,202,135,24.33728582452842,24.773394036683904,-0.6672858245284168,-1.103394036683902
2022,19,United States Grand Prix,Circuit of the Americas,gasly,32,2,28.918,alphatauri,0,33.729749999999996,1,202,135,24.33728582452842,24.82749049549015,4.580714175471581,4.09050950450985
2022,19,United States Grand Prix,Circuit of the Americas,hamilton,12,1,24.362,mercedes,0,33.729749999999996,1,278,135,24.998104847358036,24.761756512207814,-0.6361048473580375,-0.3997565122078157
2022,19,United States Grand Prix,Circuit of the Americas,hamilton,34,2,24.135,mercedes,0,33.729749999999996,1,278,135,24.998104847358036,24.833928439244335,-0.8631048473580343,-0.6989284392443338
2022,19,United States Grand Prix,Circuit of the Americas,kevinmagnussen,18,1,29.039,haas,0,33.729749999999996,1,272,135,25.997484157794613,25.944272005023947,3.0415158422053885,3.094727994976054
2022,19,United States Grand Prix,Circuit of the Americas,latifi,5,1,25.321,williams,0,33.729749999999996,1,271,135,25.848934425862964,25.094707678553128,-0.5279344258629628,0.2262923214468735
2022,19,United States Grand Prix,Circuit of the Americas,latifi,18,2,24.195,williams,0,33.729749999999996,1,271,135,25.848934425862964,25.00420039151716,-1.653934425862964,-0.8092003915171588
2022,19,United States Grand Prix,Circuit of the Americas,leclerc,18,1,24.314,ferrari,0,33.729749999999996,1,259,135,24.62706977497887,24.66151199613059,-0.3130697749788709,-0.3475119961305886
2022,19,United States Grand Prix,Circuit of the Americas,leclerc,35,2,23.755,ferrari,0,33.729749999999996,1,259,135,24.62706977497887,24.64330658201573,-0.872069774978872,-0.8883065820157299
2022,19,United States Grand Prix,Circuit of the Americas,maxverstappen,13,1,23.866,red_bull,0,33.729749999999996,1,292,135,24.549939496672263,24.17121787138345,-0.683939496672263,-0.30521787138345147
2022,19,United States Grand Prix,Circuit of the Americas,maxverstappen,35,2,32.254,red_bull,0,33.729749999999996,1,292,135,24.549939496672263,24.243389798419976,7.704060503327735,8.010610201580022
2022,19,United States Grand Prix,Circuit of the Americas,mickschumacher,18,1,25.209,haas,0,33.729749999999996,1,272,135,25.997484157794613,25.944272005023947,-0.7884841577946133,-0.7352720050239476
2022,19,United States Grand Prix,Circuit of the Americas,mickschumacher,33,2,24.651,haas,0,33.729749999999996,1,272,135,25.997484157794613,25.889915654448533,-1.3464841577946132,-1.2389156544485331
2022,19,United States Grand Prix,Circuit of the Americas,norris,14,1,24.026,mclaren,0,33.729749999999996,1,270,135,24.60066515438847,24.670260106240132,-0.5746651543884695,-0.6442601062401323
2022,19,United States Grand Prix,Circuit of the Americas,norris,34,2,23.702,mclaren,0,33.729749999999996,1,270,135,24.60066515438847,24.706281096816102,-0.8986651543884676,-1.0042810968161007
2022,19,United States Grand Prix,Circuit of the Americas,ocon,18,1,24.816,alpine,0,33.729749999999996,1,249,135,24.81942219117706,25.13008786939821,-0.003422191177062217,-0.314087869398211
2022,19,United States Grand Prix,Circuit of the Americas,ocon,45,2,24.711,alpine,0,33.729749999999996,1,249,135,24.81942219117706,25.292637137586116,-0.10842219117706264,-0.5816371375861173
2022,19,United States Grand Prix,Circuit of the Americas,perez,14,1,23.403,red_bull,0,33.729749999999996,1,292,135,24.549939496672263,24.18929333961373,-1.146939496672264,-0.7862933396137315
2022,19,United States Grand Prix,Circuit of the Americas,perez,38,2,24.801,red_bull,0,33.729749999999996,1,292,135,24.549939496672263,24.297616203110806,0.2510605033277358,0.5033837968891923
2022,19,United States Grand Prix,Circuit of the Americas,ricciardo,10,1,26.206,mclaren,0,33.729749999999996,1,270,135,24.60066515438847,24.597958233319027,1.6053348456115302,1.608041766680973
2022,19,United States Grand Prix,Circuit of the Americas,ricciardo,35,2,24.436,mclaren,0,33.729749999999996,1,270,135,24.60066515438847,24.724356565046378,-0.1646651543884694,-0.28835656504637797
2022,19,United States Grand Prix,Circuit of the Americas,russell,13,1,30.038,mercedes,0,33.729749999999996,1,278,135,24.998104847358036,24.77983198043809,5.039895152641964,5.258168019561911
2022,19,United States Grand Prix,Circuit of the Americas,russell,36,2,24.509,mercedes,0,33.729749999999996,1,278,135,24.998104847358036,24.87007937570489,-0.4891048473580355,-0.36107937570488957
2022,19,United States Grand Prix,Circuit of the Americas,russell,54,3,23.947,mercedes,0,33.729749999999996,1,278,135,24.998104847358036,25.864882793669278,-1.0511048473580367,-1.9178827936692784
2022,19,United States Grand Prix,Circuit of the Americas,stroll,15,1,25.417,aston_martin,0,33.729749999999996,1,271,135,24.814965564997717,24.973637851346304,0.6020344350022846,0.44336214865369783
2022,19,United States Grand Prix,Circuit of the Americas,tsunoda,10,1,23.688,alphatauri,0,33.729749999999996,1,202,135,24.33728582452842,24.755318568453625,-0.6492858245284197,-1.0673185684536257
2022,19,United States Grand Prix,Circuit of the Americas,tsunoda,33,2,23.241,alphatauri,0,33.729749999999996,1,202,135,24.33728582452842,24.845565963720425,-1.0962858245284188,-1.6045659637204253
2022,19,United States Grand Prix,Circuit of the Americas,vettel,18,1,24.307,aston_martin,0,33.729749999999996,1,271,135,24.814965564997717,25.027864256037134,-0.5079655649977184,-0.7208642560371352
2022,19,United States Grand Prix,Circuit of the Americas,vettel,41,2,38.157,aston_martin,0,33.729749999999996,1,271,135,24.814965564997717,25.118111651303934,13.34203443500228,13.038888348696062
2022,19,United States Grand Prix,Circuit of the Americas,zhou,9,1,27.326,alfa,0,33.729749999999996,1,194,135,24.79388103176207,25.08233307015627,2.5321189682379313,2.24366692984373
2022,19,United States Grand Prix,Circuit of the Americas,zhou,23,2,25.015,alfa,0,33.729749999999996,1,194,135,24.79388103176207,25.00990125135058,0.2211189682379313,0.0050987486494200596
2022,20,Mexico City Grand Prix,Autódromo Hermanos Rodríguez,albon,38,1,23.182,williams,0,24.824599999999997,1,271,85,19.72969907165461,23.592440828452737,3.4523009283453874,-0.41044082845273877
2022,20,Mexico City Grand Prix,Autódromo Hermanos Rodríguez,alonso,40,1,23.159,alpine,0,24.824599999999997,1,249,85,18.700186836968708,23.428990868764775,4.458813163031291,-0.2699908687647756
2022,20,Mexico City Grand Prix,Autódromo Hermanos Rodríguez,bottas,39,1,23.863,alfa,0,24.824599999999997,1,194,85,18.674645677553716,23.525839815365046,5.188354322446283,0.33716018463495345
2022,20,Mexico City Grand Prix,Autódromo Hermanos Rodríguez,gasly,40,1,29.168,alphatauri,0,24.824599999999997,1,202,85,18.218050470320065,23.1988253136624,10.949949529679934,5.969174686337599
2022,20,Mexico City Grand Prix,Autódromo Hermanos Rodríguez,hamilton,29,1,23.194,mercedes,0,24.824599999999997,1,278,85,18.878869493149683,22.970282170422994,4.315130506850316,0.22371782957700503
2022,20,Mexico City Grand Prix,Autódromo Hermanos Rodríguez,kevinmagnussen,38,1,23.722,haas,0,24.824599999999997,1,272,85,19.87824880358626,24.207024067929957,3.8437511964137414,-0.485024067929956
2022,20,Mexico City Grand Prix,Autódromo Hermanos Rodríguez,latifi,23,1,23.826,williams,0,24.824599999999997,1,271,85,19.72969907165461,23.321308804998587,4.096300928345389,0.5046911950014135
2022,20,Mexico City Grand Prix,Autódromo Hermanos Rodríguez,latifi,52,2,24.039,williams,0,24.824599999999997,1,271,85,19.72969907165461,23.52000900964704,4.30930092834539,0.518990990352961
2022,20,Mexico City Grand Prix,Autódromo Hermanos Rodríguez,leclerc,28,1,22.193,ferrari,0,24.824599999999997,1,259,85,18.507834420770518,22.74350937673383,3.6851655792294835,-0.550509376733828
2022,20,Mexico City Grand Prix,Autódromo Hermanos Rodríguez,maxverstappen,25,1,22.487,red_bull,0,24.824599999999997,1,292,85,18.43070414246391,22.289366188447246,4.056295857536089,0.19763381155275184
2022,20,Mexico City Grand Prix,Autódromo Hermanos Rodríguez,mickschumacher,24,1,23.679,haas,0,24.824599999999997,1,272,85,19.87824880358626,23.953967512706086,3.8007511964137386,-0.27496751270608755
2022,20,Mexico City Grand Prix,Autódromo Hermanos Rodríguez,norris,31,1,22.585,mclaren,0,24.824599999999997,1,270,85,18.481429800180116,22.878785764455312,4.103570199819885,-0.29378576445531124
2022,20,Mexico City Grand Prix,Autódromo Hermanos Rodríguez,ocon,33,1,22.343,alpine,0,24.824599999999997,1,249,85,18.700186836968708,23.302462591152835,3.642813163031292,-0.9594625911528354
2022,20,Mexico City Grand Prix,Autódromo Hermanos Rodríguez,perez,23,1,24.892,red_bull,0,24.824599999999997,1,292,85,18.43070414246391,22.253215251986695,6.46129585753609,2.638784748013304
2022,20,Mexico City Grand Prix,Autódromo Hermanos Rodríguez,ricciardo,44,1,22.28,mclaren,0,24.824599999999997,1,270,85,18.481429800180116,23.113766851448908,3.798570199819885,-0.8337668514489067
2022,20,Mexico City Grand Prix,Autódromo Hermanos Rodríguez,russell,34,1,22.795,mercedes,0,24.824599999999997,1,278,85,18.878869493149683,23.060659511574375,3.916130506850319,-0.2656595115743734
2022,20,Mexico City Grand Prix,Autódromo Hermanos Rodríguez,russell,69,2,23.118,mercedes,0,24.824599999999997,1,278,85,18.878869493149683,23.367812525604496,4.239130506850316,-0.24981252560449718
2022,20,Mexico City Grand Prix,Autódromo Hermanos Rodríguez,sainz,29,1,23.469,ferrari,0,24.824599999999997,1,259,85,18.507834420770518,22.76158484496411,4.961165579229483,0.7074151550358927
2022,20,Mexico City Grand Prix,Autódromo Hermanos Rodríguez,stroll,17,1,23.509,aston_martin,0,24.824599999999997,1,271,85,18.695730210789364,22.911031486107333,4.813269789210636,0.5979685138926669
2022,20,Mexico City Grand Prix,Autódromo Hermanos Rodríguez,stroll,40,2,23.119,aston_martin,0,24.824599999999997,1,271,85,18.695730210789364,23.00127888137413,4.423269789210636,0.11772111862586954
2022,20,Mexico City Grand Prix,Autódromo Hermanos Rodríguez,tsunoda,29,1,22.468,alphatauri,0,24.824599999999997,1,202,85,18.218050470320065,22.99999516312936,4.249949529679935,-0.5319951631293591
2022,20,Mexico City Grand Prix,Autódromo Hermanos Rodríguez,vettel,38,1,22.534,aston_martin,0,24.824599999999997,1,271,85,18.695730210789364,23.290616318943144,3.838269789210635,-0.756616318943145
2022,20,Mexico City Grand Prix,Autódromo Hermanos Rodríguez,zhou,45,1,24.218,alfa,0,24.824599999999997,1,194,85,18.674645677553716,23.634292624746706,5.543354322446284,0.5837073752532937
2022,21,São Paulo Grand Prix,Autódromo José Carlos Pace,albon,4,1,24.361,williams,0,29.9687,1,271,153,19.006384873815758,21.877480026413846,5.3546151261842425,2.483519973586155
2022,21,São Paulo Grand Prix,Autódromo José Carlos Pace,albon,25,2,23.352,williams,0,29.9687,1,271,153,19.006384873815758,21.93157648522009,4.345615126184242,1.420423514779909
2022,21,São Paulo Grand Prix,Autódromo José Carlos Pace,albon,47,3,23.322,williams,0,29.9687,1,271,153,19.006384873815758,22.998681776105588,4.315615126184241,0.323318223894411
2022,21,São Paulo Grand Prix,Autódromo José Carlos Pace,alonso,14,1,23.478,alpine,0,29.9687,1,249,153,17.976872639129855,21.8586338125681,5.5011273608701465,1.6193661874319005
2022,21,São Paulo Grand Prix,Autódromo José Carlos Pace,alonso,35,2,28.855,alpine,0,29.9687,1,249,153,17.976872639129855,21.912730271374347,10.878127360870145,6.942269728625654
2022,21,São Paulo Grand Prix,Autódromo José Carlos Pace,alonso,52,3,23.79,alpine,0,29.9687,1,249,153,17.976872639129855,22.889458221108455,5.813127360870144,0.9005417788915437
2022,21,São Paulo Grand Prix,Autódromo José Carlos Pace,bottas,24,1,23.908,alfa,0,29.9687,1,194,153,17.951331479714863,22.154312909701417,5.956668520285138,1.753687090298584
2022,21,São Paulo Grand Prix,Autódromo José Carlos Pace,bottas,45,2,24.616,alfa,0,29.9687,1,194,153,17.951331479714863,22.208409368507663,6.664668520285137,2.4075906314923365
2022,21,São Paulo Grand Prix,Autódromo José Carlos Pace,gasly,19,1,23.46,alphatauri,0,29.9687,1,202,153,17.494736272481212,21.718845598617108,5.9652637275187885,1.741154401382893
2022,21,São Paulo Grand Prix,Autódromo José Carlos Pace,gasly,35,2,23.328,alphatauri,0,29.9687,1,202,153,17.494736272481212,21.682564716271973,5.833263727518787,1.6454352837280268
2022,21,São Paulo Grand Prix,Autódromo José Carlos Pace,gasly,52,3,23.009,alphatauri,0,29.9687,1,202,153,17.494736272481212,22.65929266600608,5.514263727518788,0.3497073339939192
2022,21,São Paulo Grand Prix,Autódromo José Carlos Pace,hamilton,29,1,24.081,mercedes,0,29.9687,1,278,153,18.15555529531083,21.869887288213516,5.92544470468917,2.211112711786484
2022,21,São Paulo Grand Prix,Autódromo José Carlos Pace,hamilton,48,2,23.415,mercedes,0,29.9687,1,278,153,18.15555529531083,21.887832810559207,5.2594447046891695,1.5271671894407923
2022,21,São Paulo Grand Prix,Autódromo José Carlos Pace,latifi,20,1,28.807,williams,0,29.9687,1,271,153,19.006384873815758,22.166687518098275,9.80061512618424,6.640312481901724
2022,21,São Paulo Grand Prix,Autódromo José Carlos Pace,latifi,32,2,24.292,williams,0,29.9687,1,271,153,19.006384873815758,22.05810476283203,5.2856151261842435,2.233895237167971
2022,21,São Paulo Grand Prix,Autódromo José Carlos Pace,latifi,52,3,23.64,williams,0,29.9687,1,271,153,19.006384873815758,23.08905911725697,4.633615126184242,0.5509408827430313
2022,21,São Paulo Grand Prix,Autódromo José Carlos Pace,leclerc,7,1,30.08,ferrari,0,29.9687,1,259,153,17.784520222931665,21.263529661688537,12.295479777068334,8.816470338311461
2022,21,São Paulo Grand Prix,Autódromo José Carlos Pace,leclerc,21,2,23.172,ferrari,0,29.9687,1,259,153,17.784520222931665,21.19109784288285,5.387479777068336,1.98090215711715
2022,21,São Paulo Grand Prix,Autódromo José Carlos Pace,leclerc,44,3,23.124,ferrari,0,29.9687,1,259,153,17.784520222931665,22.27627860199862,5.339479777068334,0.8477213980013794
2022,21,São Paulo Grand Prix,Autódromo José Carlos Pace,maxverstappen,7,1,30.942,red_bull,0,29.9687,1,292,153,17.707389944625056,20.863612878092788,13.234610055374944,10.078387121907213
2022,21,São Paulo Grand Prix,Autódromo José Carlos Pace,maxverstappen,23,2,31.682,red_bull,0,29.9687,1,292,153,17.707389944625056,20.827331995747652,13.974610055374942,10.854668004252346
2022,21,São Paulo Grand Prix,Autódromo José Carlos Pace,maxverstappen,48,3,24.102,red_bull,0,29.9687,1,292,153,17.707389944625056,21.948663691323976,6.394610055374944,2.1533363086760247
2022,21,São Paulo Grand Prix,Autódromo José Carlos Pace,mickschumacher,24,1,24.487,haas,0,29.9687,1,272,153,19.154934605747407,22.853572630496604,5.3320653942525915,1.6334273695033943
2022,21,São Paulo Grand Prix,Autódromo José Carlos Pace,mickschumacher,46,2,25.156,haas,0,29.9687,1,272,153,19.154934605747407,22.925744557533125,6.001065394252592,2.2302554424668735
2022,21,São Paulo Grand Prix,Autódromo José Carlos Pace,norris,24,1,29.338,mclaren,0,29.9687,1,270,153,17.758115602341263,21.651862604633898,11.579884397658738,7.686137395366103
2022,21,São Paulo Grand Prix,Autódromo José Carlos Pace,norris,45,2,24.669,mclaren,0,29.9687,1,270,153,17.758115602341263,21.705959063440144,6.910884397658737,2.9630409365598567
2022,21,São Paulo Grand Prix,Autódromo José Carlos Pace,ocon,24,1,23.868,alpine,0,29.9687,1,249,153,17.976872639129855,22.039388494870863,5.8911273608701435,1.8286115051291354
2022,21,São Paulo Grand Prix,Autódromo José Carlos Pace,ocon,47,2,24.445,alpine,0,29.9687,1,249,153,17.976872639129855,22.129635890137667,6.468127360870145,2.315364109862333
2022,21,São Paulo Grand Prix,Autódromo José Carlos Pace,perez,23,1,22.869,red_bull,0,29.9687,1,292,153,17.707389944625056,21.152820369777217,5.161610055374943,1.7161796302227827
2022,21,São Paulo Grand Prix,Autódromo José Carlos Pace,perez,47,2,23.152,red_bull,0,29.9687,1,292,153,17.707389944625056,21.261143233274293,5.444610055374945,1.8908567667257081
2022,21,São Paulo Grand Prix,Autódromo José Carlos Pace,russell,24,1,23.521,mercedes,0,29.9687,1,278,153,18.15555529531083,21.77950994706213,5.365444704689171,1.7414900529378698
2022,21,São Paulo Grand Prix,Autódromo José Carlos Pace,russell,49,2,23.48,mercedes,0,29.9687,1,278,153,18.15555529531083,21.905908278789482,5.324444704689171,1.574091721210518
2022,21,São Paulo Grand Prix,Autódromo José Carlos Pace,sainz,17,1,25.206,ferrari,0,29.9687,1,259,153,17.784520222931665,21.444284343991306,7.421479777068335,3.7617156560086933
2022,21,São Paulo Grand Prix,Autódromo José Carlos Pace,sainz,36,2,23.483,ferrari,0,29.9687,1,259,153,17.784520222931665,21.462229866337,5.698479777068336,2.0207701336629995
2022,21,São Paulo Grand Prix,Autódromo José Carlos Pace,sainz,53,3,23.816,ferrari,0,29.9687,1,259,153,17.784520222931665,22.43895781607111,6.031479777068334,1.3770421839288893
2022,21,São Paulo Grand Prix,Autódromo José Carlos Pace,stroll,29,1,23.469,aston_martin,0,29.9687,1,271,153,17.97241601295051,22.027542222661175,5.49658398704949,1.441457777338826
2022,21,São Paulo Grand Prix,Autódromo José Carlos Pace,stroll,48,2,23.764,aston_martin,0,29.9687,1,271,153,17.97241601295051,22.045487745006866,5.7915839870494885,1.7185122549931329
2022,21,São Paulo Grand Prix,Autódromo José Carlos Pace,tsunoda,20,1,23.287,alphatauri,0,29.9687,1,202,153,17.494736272481212,21.736921066847387,5.792263727518787,1.5500789331526121
2022,21,São Paulo Grand Prix,Autódromo José Carlos Pace,tsunoda,40,2,23.645,alphatauri,0,29.9687,1,202,153,17.494736272481212,21.772942057423354,6.150263727518787,1.872057942576646
2022,21,São Paulo Grand Prix,Autódromo José Carlos Pace,tsunoda,54,3,23.635,alphatauri,0,29.9687,1,202,153,17.494736272481212,22.695443602466636,6.140263727518789,0.9395563975333658
2022,21,São Paulo Grand Prix,Autódromo José Carlos Pace,vettel,26,1,24.248,aston_martin,0,29.9687,1,271,153,17.97241601295051,21.973315817970345,6.27558398704949,2.274684182029656
2022,21,São Paulo Grand Prix,Autódromo José Carlos Pace,vettel,45,2,24.028,aston_martin,0,29.9687,1,271,153,17.97241601295051,21.991261340316036,6.055583987049488,2.0367386596839623
2022,21,São Paulo Grand Prix,Autódromo José Carlos Pace,zhou,16,1,24.332,alfa,0,29.9687,1,194,153,17.951331479714863,22.0097091638592,6.380668520285138,2.3222908361408017
2022,21,São Paulo Grand Prix,Autódromo José Carlos Pace,zhou,37,2,25.111,alfa,0,29.9687,1,194,153,17.951331479714863,22.06380562266545,7.159668520285138,3.0471943773345522
2022,22,Abu Dhabi Grand Prix,Yas Marina Circuit,albon,12,1,21.793,williams,0,24.7085,1,271,125,23.38932015600743,22.696847743274986,-1.5963201560074296,-0.9038477432749872
2022,22,Abu Dhabi Grand Prix,Yas Marina Circuit,albon,35,2,21.798,williams,0,24.7085,1,271,125,23.38932015600743,22.787095138541787,-1.5913201560074306,-0.9890951385417885
2022,22,Abu Dhabi Grand Prix,Yas Marina Circuit,alonso,19,1,21.74,alpine,0,24.7085,1,249,125,22.359807921321526,22.62377512473841,-0.6198079213215273,-0.8837751247384098
2022,22,Abu Dhabi Grand Prix,Yas Marina Circuit,bottas,30,1,22.573,alfa,0,24.7085,1,194,125,22.334266761906534,22.937529690102,0.23873323809346658,-0.36452969010199965
2022,22,Abu Dhabi Grand Prix,Yas Marina Circuit,gasly,14,1,21.855,alphatauri,0,24.7085,1,202,125,21.87767155467288,22.303232228484653,-0.02267155467287907,-0.4482322284846525
2022,22,Abu Dhabi Grand Prix,Yas Marina Circuit,hamilton,18,1,21.27,mercedes,0,24.7085,1,278,125,22.5384905775025,22.345821108699397,-1.2684905775025008,-1.0758211086993974
2022,22,Abu Dhabi Grand Prix,Yas Marina Circuit,kevinmagnussen,28,1,22.387,haas,0,24.7085,1,272,125,23.53786988793908,23.60063847443664,-1.1508698879390806,-1.2136384744366389
2022,22,Abu Dhabi Grand Prix,Yas Marina Circuit,latifi,15,1,22.423,williams,0,24.7085,1,271,125,23.38932015600743,22.751074147965817,-0.9663201560074306,-0.32807414796581824
2022,22,Abu Dhabi Grand Prix,Yas Marina Circuit,latifi,38,2,25.174,williams,0,24.7085,1,271,125,23.38932015600743,22.841321543232617,1.7846798439925706,2.3326784567673826
2022,22,Abu Dhabi Grand Prix,Yas Marina Circuit,leclerc,21,1,22.21,ferrari,0,24.7085,1,259,125,22.167455505123336,22.191350187931338,0.04254449487666534,0.018649812068662897
2022,22,Abu Dhabi Grand Prix,Yas Marina Circuit,maxverstappen,20,1,22.735,red_bull,0,24.7085,1,292,125,22.090325226816727,21.773357936105313,0.6446747731832723,0.9616420638946863
2022,22,Abu Dhabi Grand Prix,Yas Marina Circuit,mickschumacher,14,1,22.276,haas,0,24.7085,1,272,125,23.53786988793908,23.347581919212764,-1.2618698879390813,-1.0715819192127647
2022,22,Abu Dhabi Grand Prix,Yas Marina Circuit,mickschumacher,34,2,23.53,haas,0,24.7085,1,272,125,23.53786988793908,23.383602909788735,-0.007869887939079945,0.14639709021126635
2022,22,Abu Dhabi Grand Prix,Yas Marina Circuit,norris,15,1,22.234,mclaren,0,24.7085,1,270,125,22.141050884532937,22.16394736158033,0.0929491154670643,0.07005263841967135
2022,22,Abu Dhabi Grand Prix,Yas Marina Circuit,norris,42,2,21.559,mclaren,0,24.7085,1,270,125,22.141050884532937,22.326496629768236,-0.5820508845329364,-0.7674966297682353
2022,22,Abu Dhabi Grand Prix,Yas Marina Circuit,ocon,14,1,21.895,alpine,0,24.7085,1,249,125,22.359807921321526,22.533397783587024,-0.46480792132152615,-0.638397783587024
2022,22,Abu Dhabi Grand Prix,Yas Marina Circuit,ocon,41,2,21.734,alpine,0,24.7085,1,249,125,22.359807921321526,22.69594705177493,-0.625807921321524,-0.9619470517749278
2022,22,Abu Dhabi Grand Prix,Yas Marina Circuit,perez,15,1,21.36,red_bull,0,24.7085,1,292,125,22.090325226816727,21.68298059495393,-0.7303252268167277,-0.32298059495392906
2022,22,Abu Dhabi Grand Prix,Yas Marina Circuit,perez,33,2,21.367,red_bull,0,24.7085,1,292,125,22.090325226816727,21.682850649069344,-0.7233252268167263,-0.31585064906934335
2022,22,Abu Dhabi Grand Prix,Yas Marina Circuit,ricciardo,19,1,21.893,mclaren,0,24.7085,1,270,125,22.141050884532937,22.236249234501436,-0.24805088453293678,-0.3432492345014353
2022,22,Abu Dhabi Grand Prix,Yas Marina Circuit,russell,15,1,24.243,mercedes,0,24.7085,1,278,125,22.5384905775025,22.291594704008567,1.7045094224974982,1.9514052959914316
2022,22,Abu Dhabi Grand Prix,Yas Marina Circuit,russell,39,2,27.931,mercedes,0,24.7085,1,278,125,22.5384905775025,22.39991756750564,5.3925094224975005,5.531082432494362
2022,22,Abu Dhabi Grand Prix,Yas Marina Circuit,sainz,17,1,21.93,ferrari,0,24.7085,1,259,125,22.167455505123336,22.119048315010232,-0.2374555051233358,-0.18904831501023267
2022,22,Abu Dhabi Grand Prix,Yas Marina Circuit,sainz,39,2,21.575,ferrari,0,24.7085,1,259,125,22.167455505123336,22.191220242046754,-0.5924555051233362,-0.6162202420467544
2022,22,Abu Dhabi Grand Prix,Yas Marina Circuit,stroll,13,1,21.814,aston_martin,0,24.7085,1,271,125,22.355351295142185,22.413098701995672,-0.541351295142185,-0.599098701995672
2022,22,Abu Dhabi Grand Prix,Yas Marina Circuit,stroll,40,2,21.802,aston_martin,0,24.7085,1,271,125,22.355351295142185,22.575647970183578,-0.5533512951421855,-0.7736479701835783
2022,22,Abu Dhabi Grand Prix,Yas Marina Circuit,tsunoda,14,1,21.591,alphatauri,0,24.7085,1,202,125,21.87767155467288,22.303232228484653,-0.2866715546728784,-0.7122322284846518
2022,22,Abu Dhabi Grand Prix,Yas Marina Circuit,tsunoda,38,2,22.262,alphatauri,0,24.7085,1,202,125,21.87767155467288,22.41155509198173,0.38432844532712096,-0.14955509198172834
2022,22,Abu Dhabi Grand Prix,Yas Marina Circuit,vettel,25,1,23.186,aston_martin,0,24.7085,1,271,125,22.355351295142185,22.630004320758992,0.8306487048578148,0.5559956792410077
2022,22,Abu Dhabi Grand Prix,Yas Marina Circuit,zhou,15,1,22.435,alfa,0,24.7085,1,194,125,22.334266761906534,22.66639766664785,0.1007332380934649,-0.231397666647851
2022,22,Abu Dhabi Grand Prix,Yas Marina Circuit,zhou,44,2,23.159,alfa,0,24.7085,1,194,125,22.334266761906534,22.86509787129631,0.8247332380934651,0.2939021287036887
2023,1,Bahrain Grand Prix,Bahrain International Circuit,albon,11,1,25.054,williams,0,35.92039999999999,1,271,190,26.83779606192943,26.086652691143385,-1.7837960619294329,-1.0326526911433866
2023,1,Bahrain Grand Prix,Bahrain International Circuit,albon,26,2,24.92,williams,0,35.92039999999999,1,271,190,26.83779606192943,26.03229634056797,-1.9177960619294296,-1.1122963405679691
2023,1,Bahrain Grand Prix,Bahrain International Circuit,albon,40,3,24.458,williams,0,35.92039999999999,1,271,190,26.83779606192943,26.95479788561125,-2.379796061929433,-2.496797885611251
2023,1,Bahrain Grand Prix,Bahrain International Circuit,alonso,14,1,25.8,aston_martin,0,35.92039999999999,1,271,190,25.803827201064184,25.839054586324625,-0.0038272010641833276,-0.03905458632462455
2023,1,Bahrain Grand Prix,Bahrain International Circuit,alonso,34,2,24.869,aston_martin,0,35.92039999999999,1,271,190,25.803827201064184,25.875075576900592,-0.9348272010641843,-1.0060755769005922
2023,1,Bahrain Grand Prix,Bahrain International Circuit,bottas,11,1,25.399,alfa,0,35.92039999999999,1,194,190,25.782742667828536,26.001976209825422,-0.3837426678285354,-0.602976209825421
2023,1,Bahrain Grand Prix,Bahrain International Circuit,bottas,29,2,25.643,alfa,0,35.92039999999999,1,194,190,25.782742667828536,26.001846263940834,-0.13974266782853562,-0.3588462639408334
2023,1,Bahrain Grand Prix,Bahrain International Circuit,devries,11,1,25.018,alphatauri,0,35.92039999999999,1,202,190,25.326147460594886,25.6568862398925,-0.30814746059488485,-0.6388862398924999
2023,1,Bahrain Grand Prix,Bahrain International Circuit,devries,27,2,25.234,alphatauri,0,35.92039999999999,1,202,190,25.326147460594886,25.620605357547362,-0.09214746059488377,-0.38660535754736003
2023,1,Bahrain Grand Prix,Bahrain International Circuit,gasly,9,1,25.885,alpine,0,35.92039999999999,1,249,190,25.808283827243528,25.850900858534317,0.07671617275647336,0.034099141465684824
2023,1,Bahrain Grand Prix,Bahrain International Circuit,gasly,25,2,24.879,alpine,0,35.92039999999999,1,249,190,25.808283827243528,25.814619976189178,-0.9292838272435269,-0.9356199761891766
2023,1,Bahrain Grand Prix,Bahrain International Circuit,gasly,40,3,24.736,alpine,0,35.92039999999999,1,249,190,25.808283827243528,26.755196989462732,-1.0722838272435276,-2.0191969894627313
2023,1,Bahrain Grand Prix,Bahrain International Circuit,hamilton,12,1,24.682,mercedes,0,35.92039999999999,1,278,190,25.986966483424503,25.64524871541641,-1.3049664834245043,-0.9632487154164124
2023,1,Bahrain Grand Prix,Bahrain International Circuit,hamilton,30,2,24.69,mercedes,0,35.92039999999999,1,278,190,25.986966483424503,25.645118769531827,-1.2969664834245016,-0.9551187695318255
2023,1,Bahrain Grand Prix,Bahrain International Circuit,hulkenberg,11,1,26.075,haas,0,35.92039999999999,1,272,190,26.98634579386108,26.70123593062061,-0.9113457938610807,-0.6262359306206093
2023,1,Bahrain Grand Prix,Bahrain International Circuit,hulkenberg,26,2,37.769,haas,0,35.92039999999999,1,272,190,26.98634579386108,26.646879580045194,10.782654206138918,11.122120419954804
2023,1,Bahrain Grand Prix,Bahrain International Circuit,hulkenberg,40,3,27.08,haas,0,35.92039999999999,1,272,190,26.98634579386108,27.569381125088473,0.09365420613891828,-0.48938112508847453
2023,1,Bahrain Grand Prix,Bahrain International Circuit,kevinmagnussen,15,1,25.439,haas,0,35.92039999999999,1,272,190,26.98634579386108,26.773537803541714,-1.54734579386108,-1.3345378035417141
2023,1,Bahrain Grand Prix,Bahrain International Circuit,kevinmagnussen,29,2,25.344,haas,0,35.92039999999999,1,272,190,26.98634579386108,26.701105984736024,-1.6423457938610788,-1.3571059847360232
2023,1,Bahrain Grand Prix,Bahrain International Circuit,kevinmagnussen,40,3,25.125,haas,0,35.92039999999999,1,272,190,26.98634579386108,27.569381125088473,-1.86134579386108,-2.444381125088473
2023,1,Bahrain Grand Prix,Bahrain International Circuit,leclerc,13,1,24.345,ferrari,0,35.92039999999999,1,259,190,25.615931411045338,25.4546268581878,-1.2709314110453391,-1.1096268581878022
2023,1,Bahrain Grand Prix,Bahrain International Circuit,leclerc,33,2,24.644,ferrari,0,35.92039999999999,1,259,190,25.615931411045338,25.49064784876377,-0.9719314110453396,-0.846647848763773
2023,1,Bahrain Grand Prix,Bahrain International Circuit,maxverstappen,14,1,24.289,red_bull,0,35.92039999999999,1,292,190,25.53880113273873,25.072785542822327,-1.2498011327387282,-0.7837855428223257
2023,1,Bahrain Grand Prix,Bahrain International Circuit,maxverstappen,36,2,24.91,red_bull,0,35.92039999999999,1,292,190,25.53880113273873,25.14495746985885,-0.6288011327387295,-0.23495746985884836
2023,1,Bahrain Grand Prix,Bahrain International Circuit,norris,10,1,32.766,mclaren,0,35.92039999999999,1,270,190,25.589526790454936,25.481450436527624,7.176473209545062,7.284549563472375
2023,1,Bahrain Grand Prix,Bahrain International Circuit,norris,17,2,33.661,mclaren,0,35.92039999999999,1,270,190,25.589526790454936,25.282490340109995,8.071473209545065,8.378509659890007
2023,1,Bahrain Grand Prix,Bahrain International Circuit,norris,27,3,33.467,mclaren,0,35.92039999999999,1,270,190,25.589526790454936,26.132690012232167,7.877473209545062,7.334309987767831
2023,1,Bahrain Grand Prix,Bahrain International Circuit,norris,37,4,33.236,mclaren,0,35.92039999999999,1,270,190,25.589526790454936,28.698567529150512,7.646473209545061,4.537432470849485
2023,1,Bahrain Grand Prix,Bahrain International Circuit,norris,47,5,30.71,mclaren,0,35.92039999999999,1,270,190,25.589526790454936,29.02582446974099,5.1204732095450645,1.6841755302590116
2023,1,Bahrain Grand Prix,Bahrain International Circuit,norris,54,6,31.494,mclaren,0,35.92039999999999,1,270,190,25.589526790454936,24.68540176059061,5.904473209545063,6.808598239409388
2023,1,Bahrain Grand Prix,Bahrain International Circuit,ocon,12,1,24.966,alpine,0,35.92039999999999,1,249,190,25.808283827243528,25.905127263225147,-0.8422838272435271,-0.9391272632251457
2023,1,Bahrain Grand Prix,Bahrain International Circuit,ocon,15,2,41.462,alpine,0,35.92039999999999,1,249,190,25.808283827243528,25.63386529388641,15.653716172756475,15.828134706113595
2023,1,Bahrain Grand Prix,Bahrain International Circuit,ocon,32,3,44.518,alpine,0,35.92039999999999,1,249,190,25.808283827243528,26.61059324362052,18.709716172756472,17.90740675637948
2023,1,Bahrain Grand Prix,Bahrain International Circuit,perez,17,1,24.264,red_bull,0,35.92039999999999,1,292,190,25.53880113273873,25.127011947513157,-1.2748011327387303,-0.8630119475131579
2023,1,Bahrain Grand Prix,Bahrain International Circuit,perez,34,2,25.091,red_bull,0,35.92039999999999,1,292,190,25.53880113273873,25.108806533398294,-0.44780113273872857,-0.017806533398292856
2023,1,Bahrain Grand Prix,Bahrain International Circuit,russell,13,1,27.062,mercedes,0,35.92039999999999,1,278,190,25.986966483424503,25.663324183646687,1.0750335165754983,1.3986758163533146
2023,1,Bahrain Grand Prix,Bahrain International Circuit,russell,31,2,24.406,mercedes,0,35.92039999999999,1,278,190,25.986966483424503,25.663194237762102,-1.580966483424504,-1.2571942377621035
2023,1,Bahrain Grand Prix,Bahrain International Circuit,sainz,13,1,24.5,ferrari,0,35.92039999999999,1,259,190,25.615931411045338,25.4546268581878,-1.115931411045338,-0.954626858187801
2023,1,Bahrain Grand Prix,Bahrain International Circuit,sainz,31,2,24.227,ferrari,0,35.92039999999999,1,259,190,25.615931411045338,25.454496912303213,-1.3889314110453377,-1.227496912303213
2023,1,Bahrain Grand Prix,Bahrain International Circuit,sargeant,12,1,25.6,williams,0,35.92039999999999,1,271,190,26.83779606192943,26.10472815937366,-1.23779606192943,-0.5047281593736592
2023,1,Bahrain Grand Prix,Bahrain International Circuit,sargeant,30,2,25.67,williams,0,35.92039999999999,1,271,190,26.83779606192943,26.104598213489076,-1.1677960619294296,-0.4345982134890747
2023,1,Bahrain Grand Prix,Bahrain International Circuit,sargeant,40,3,25.047,williams,0,35.92039999999999,1,271,190,26.83779606192943,26.95479788561125,-1.7907960619294307,-1.9077978856112487
2023,1,Bahrain Grand Prix,Bahrain International Circuit,stroll,15,1,25.449,aston_martin,0,35.92039999999999,1,271,190,25.803827201064184,25.8571300545549,-0.3548272010641824,-0.40813005455489915
2023,1,Bahrain Grand Prix,Bahrain International Circuit,stroll,30,2,24.639,aston_martin,0,35.92039999999999,1,271,190,25.803827201064184,25.802773703979486,-1.1648272010641847,-1.163773703979487
2023,1,Bahrain Grand Prix,Bahrain International Circuit,tsunoda,10,1,25.267,alphatauri,0,35.92039999999999,1,202,190,25.326147460594886,25.63881077166222,-0.05914746059488607,-0.3718107716622221
2023,1,Bahrain Grand Prix,Bahrain International Circuit,tsunoda,26,2,24.372,alphatauri,0,35.92039999999999,1,202,190,25.326147460594886,25.602529889317083,-0.9541474605948856,-1.2305298893170828
2023,1,Bahrain Grand Prix,Bahrain International Circuit,tsunoda,40,3,25.818,alphatauri,0,35.92039999999999,1,202,190,25.326147460594886,26.525031434360365,0.49185253940511586,-0.7070314343603634
2023,1,Bahrain Grand Prix,Bahrain International Circuit,zhou,12,1,25.787,alfa,0,35.92039999999999,1,194,190,25.782742667828536,26.020051678055694,0.0042573321714627355,-0.23305167805569482
2023,1,Bahrain Grand Prix,Bahrain International Circuit,zhou,32,2,25.282,alfa,0,35.92039999999999,1,194,190,25.782742667828536,26.056072668631664,-0.5007426678285363,-0.7740726686316641
2023,1,Bahrain Grand Prix,Bahrain International Circuit,zhou,54,3,30.167,alfa,0,35.92039999999999,1,194,190,25.782742667828536,27.123177959517157,4.384257332171465,3.043822040482844
2023,2,Saudi Arabian Grand Prix,Jeddah Corniche Circuit,albon,17,1,21.397,williams,0,26.410199999999996,1,271,90,16.660258101272543,22.576120708530752,4.736741898727455,-1.1791207085307533
2023,2,Saudi Arabian Grand Prix,Jeddah Corniche Circuit,alonso,18,1,26.879,aston_martin,0,26.410199999999996,1,271,90,15.626289240407297,22.292371667251437,11.252710759592704,4.586628332748564
2023,2,Saudi Arabian Grand Prix,Jeddah Corniche Circuit,bottas,9,1,21.505,alfa,0,26.410199999999996,1,194,90,15.605204707171648,22.346840481370574,5.899795292828351,-0.8418404813705749
2023,2,Saudi Arabian Grand Prix,Jeddah Corniche Circuit,bottas,17,2,22.191,alfa,0,26.410199999999996,1,194,90,15.605204707171648,22.16595585318322,6.585795292828351,0.02504414681677858
2023,2,Saudi Arabian Grand Prix,Jeddah Corniche Circuit,bottas,35,3,21.808,alfa,0,26.410199999999996,1,194,90,15.605204707171648,23.160759271147608,6.202795292828352,-1.3527592711476082
2023,2,Saudi Arabian Grand Prix,Jeddah Corniche Circuit,devries,17,1,21.116,alphatauri,0,26.410199999999996,1,202,90,15.148609499937995,22.146354257279864,5.967390500062004,-1.030354257279864
2023,2,Saudi Arabian Grand Prix,Jeddah Corniche Circuit,gasly,14,1,20.719,alpine,0,26.410199999999996,1,249,90,15.630745866586638,22.322293407691404,5.088254133413363,-1.6032934076914032
2023,2,Saudi Arabian Grand Prix,Jeddah Corniche Circuit,hamilton,18,1,21.102,mercedes,0,26.410199999999996,1,278,90,15.809428522767613,22.13471673280378,5.2925714772323875,-1.032716732803781
2023,2,Saudi Arabian Grand Prix,Jeddah Corniche Circuit,hulkenberg,11,1,21.567,haas,0,26.410199999999996,1,272,90,16.80880783320419,23.082251138626315,4.7581921667958085,-1.515251138626315
2023,2,Saudi Arabian Grand Prix,Jeddah Corniche Circuit,kevinmagnussen,8,1,20.87,haas,0,26.410199999999996,1,272,90,16.80880783320419,23.028024733935485,4.061192166795809,-2.158024733935484
2023,2,Saudi Arabian Grand Prix,Jeddah Corniche Circuit,leclerc,16,1,20.026,ferrari,0,26.410199999999996,1,259,90,15.43839345038845,21.889868470884338,4.58760654961155,-1.8638684708843378
2023,2,Saudi Arabian Grand Prix,Jeddah Corniche Circuit,maxverstappen,18,1,20.824,red_bull,0,26.410199999999996,1,292,90,15.361263172081841,21.526102623749143,5.46273682791816,-0.7021026237491412
2023,2,Saudi Arabian Grand Prix,Jeddah Corniche Circuit,norris,2,1,29.444,mclaren,0,26.410199999999996,1,270,90,15.411988829798048,21.717861898691115,14.032011170201951,7.726138101308884
2023,2,Saudi Arabian Grand Prix,Jeddah Corniche Circuit,norris,19,2,21.352,mclaren,0,26.410199999999996,1,270,90,15.411988829798048,21.699656484576252,5.940011170201952,-0.34765648457625176
2023,2,Saudi Arabian Grand Prix,Jeddah Corniche Circuit,ocon,16,1,20.762,alpine,0,26.410199999999996,1,249,90,15.630745866586638,22.35844434415196,5.131254133413362,-1.5964443441519585
2023,2,Saudi Arabian Grand Prix,Jeddah Corniche Circuit,perez,18,1,20.715,red_bull,0,26.410199999999996,1,292,90,15.361263172081841,21.526102623749143,5.3537368279181585,-0.811102623749143
2023,2,Saudi Arabian Grand Prix,Jeddah Corniche Circuit,russell,18,1,20.828,mercedes,0,26.410199999999996,1,278,90,15.809428522767613,22.13471673280378,5.018571477232387,-1.3067167328037819
2023,2,Saudi Arabian Grand Prix,Jeddah Corniche Circuit,sainz,15,1,20.76,ferrari,0,26.410199999999996,1,259,90,15.43839345038845,21.87179300265406,5.321606549611552,-1.111793002654057
2023,2,Saudi Arabian Grand Prix,Jeddah Corniche Circuit,sargeant,18,1,21.064,williams,0,26.410199999999996,1,271,90,16.660258101272543,22.59419617676103,4.403741898727457,-1.5301961767610308
2023,2,Saudi Arabian Grand Prix,Jeddah Corniche Circuit,stroll,13,1,21.15,aston_martin,0,26.410199999999996,1,271,90,15.626289240407297,22.201994326100053,5.523710759592701,-1.0519943261000542
2023,2,Saudi Arabian Grand Prix,Jeddah Corniche Circuit,tsunoda,17,1,21.414,alphatauri,0,26.410199999999996,1,202,90,15.148609499937995,22.146354257279864,6.265390500062006,-0.7323542572798623
2023,2,Saudi Arabian Grand Prix,Jeddah Corniche Circuit,zhou,11,1,21.703,alfa,0,26.410199999999996,1,194,90,15.605204707171648,22.382991417831125,6.097795292828351,-0.6799914178311255
2023,2,Saudi Arabian Grand Prix,Jeddah Corniche Circuit,zhou,18,2,21.282,alfa,0,26.410199999999996,1,194,90,15.605204707171648,22.1840313214135,5.676795292828352,-0.9020313214134994
2023,3,Australian Grand Prix,Albert Park Grand Prix Circuit,alonso,57,3,1.8450730000000002,aston_martin,0,1.8700243000000003,0,271,70,15.840080523829258,-1.1774627387220555,-13.995007523829258,3.0225357387220555
2023,3,Australian Grand Prix,Albert Park Grand Prix Circuit,bottas,57,6,1.8671820000000001,alfa,0,1.8700243000000003,0,194,70,15.818995990593608,-2.895640604389457,-13.951813990593608,4.7628226043894575
2023,3,Australian Grand Prix,Albert Park Grand Prix Circuit,hamilton,57,3,1.859435,mercedes,0,1.8700243000000003,0,278,70,16.023219806189573,-1.3351176731697147,-14.163784806189573,3.1945526731697145
2023,3,Australian Grand Prix,Albert Park Grand Prix Circuit,hulkenberg,57,3,1.8690550000000001,haas,0,1.8700243000000003,0,272,70,17.022599116626154,-0.2610549897352412,-15.153544116626154,2.1301099897352413
2023,3,Australian Grand Prix,Albert Park Grand Prix Circuit,maxverstappen,57,3,1.8565019999999999,red_bull,0,1.8700243000000003,0,292,70,15.575054455503802,-1.9437317822243527,-13.7185524555038,3.8002337822243524
2023,3,Australian Grand Prix,Albert Park Grand Prix Circuit,norris,57,3,1.864087,mclaren,0,1.8700243000000003,0,270,70,15.62578011322001,-1.4627650155979501,-13.76169311322001,3.32685201559795
2023,3,Australian Grand Prix,Albert Park Grand Prix Circuit,perez,57,5,1.8535679999999999,red_bull,0,1.8700243000000003,0,292,70,15.575054455503802,0.5878933106789375,-13.721486455503802,1.2656746893210624
2023,3,Australian Grand Prix,Albert Park Grand Prix Circuit,piastri,57,4,1.8662260000000002,mclaren,0,1.8700243000000003,0,270,70,15.62578011322001,0.9223578190176278,-13.759554113220009,0.9438681809823724
2023,3,Australian Grand Prix,Albert Park Grand Prix Circuit,sainz,57,4,1.8615540000000002,ferrari,0,1.8700243000000003,0,259,70,15.65218473381041,0.8413078359869759,-13.79063073381041,1.0202461640130243
2023,3,Australian Grand Prix,Albert Park Grand Prix Circuit,stroll,57,3,1.845925,aston_martin,0,1.8700243000000003,0,271,70,15.840080523829258,-1.1774627387220555,-13.994155523829258,3.0233877387220556
2023,3,Australian Grand Prix,Albert Park Grand Prix Circuit,tsunoda,57,4,1.8712090000000001,alphatauri,0,1.8700243000000003,1,202,70,15.362400783359956,22.44295173736544,-13.491191783359955,-20.57174273736544
2023,3,Australian Grand Prix,Albert Park Grand Prix Circuit,zhou,57,5,1.8649980000000002,alfa,0,1.8700243000000003,0,194,70,15.818995990593608,1.5713103823728605,-13.953997990593608,0.2936876176271397
2023,4,Azerbaijan Grand Prix,Baku City Circuit,albon,7,1,21.103,williams,0,24.5893,1,271,88,18.841927840022873,21.738507054696658,2.261072159977129,-0.6355070546966566
2023,4,Azerbaijan Grand Prix,Baku City Circuit,alonso,11,1,23.148,aston_martin,0,24.5893,1,271,88,17.807958979157625,21.50898441810817,5.340041020842374,1.6390155818918295
2023,4,Azerbaijan Grand Prix,Baku City Circuit,bottas,6,1,20.967,alfa,0,24.5893,1,194,88,17.786874445921978,21.635755105148412,3.180125554078021,-0.6687551051484135
2023,4,Azerbaijan Grand Prix,Baku City Circuit,bottas,12,2,22.354,alfa,0,24.5893,1,194,88,17.786874445921978,21.418719540500508,4.567125554078022,0.9352804594994915
2023,4,Azerbaijan Grand Prix,Baku City Circuit,bottas,34,3,21.012,alfa,0,24.5893,1,194,88,17.786874445921978,22.485824831386,3.225125554078023,-1.4738248313860005
2023,4,Azerbaijan Grand Prix,Baku City Circuit,gasly,5,1,20.235,alpine,0,24.5893,1,249,88,17.812415605336966,21.502755222087586,2.4225843946630334,-1.2677552220875867
2023,4,Azerbaijan Grand Prix,Baku City Circuit,gasly,23,2,21.169,alpine,0,24.5893,1,249,88,17.812415605336966,21.502625276203002,3.3565843946630345,-0.3336252762030014
2023,4,Azerbaijan Grand Prix,Baku City Circuit,hamilton,9,1,20.324,mercedes,0,24.5893,1,278,88,17.99109826151794,21.315178547199956,2.332901738482061,-0.9911785471999544
2023,4,Azerbaijan Grand Prix,Baku City Circuit,hulkenberg,49,1,24.748,haas,0,24.5893,1,272,88,18.99047757195452,23.112259959845503,5.75752242804548,1.6357400401544986
2023,4,Azerbaijan Grand Prix,Baku City Circuit,kevinmagnussen,10,1,30.951,haas,0,24.5893,1,272,88,18.99047757195452,22.40731669886471,11.96052242804548,8.543683301135289
2023,4,Azerbaijan Grand Prix,Baku City Circuit,leclerc,11,1,21.126,ferrari,0,24.5893,1,259,88,17.62006318913878,21.142632158201625,3.505936810861222,-0.01663215820162378
2023,4,Azerbaijan Grand Prix,Baku City Circuit,maxverstappen,10,1,20.707,red_bull,0,24.5893,1,292,88,17.54293291083217,20.7246399063756,3.1640670891678297,-0.017639906375599423
2023,4,Azerbaijan Grand Prix,Baku City Circuit,norris,9,1,20.346,mclaren,0,24.5893,1,270,88,17.593658568548378,21.187531204771723,2.7523414314516224,-0.8415312047717229
2023,4,Azerbaijan Grand Prix,Baku City Circuit,ocon,50,1,20.367,alpine,0,24.5893,1,249,88,17.812415605336966,22.316151292450037,2.554584394663035,-1.9491512924500363
2023,4,Azerbaijan Grand Prix,Baku City Circuit,perez,11,1,20.389,red_bull,0,24.5893,1,292,88,17.54293291083217,20.742715374605876,2.8460670891678284,-0.3537153746058763
2023,4,Azerbaijan Grand Prix,Baku City Circuit,piastri,8,1,20.902,mclaren,0,24.5893,1,270,88,17.593658568548378,21.169455736541448,3.3083414314516233,-0.2674557365414465
2023,4,Azerbaijan Grand Prix,Baku City Circuit,russell,11,1,20.459,mercedes,0,24.5893,1,278,88,17.99109826151794,21.351329483660514,2.467901738482059,-0.8923294836605145
2023,4,Azerbaijan Grand Prix,Baku City Circuit,russell,49,2,21.389,mercedes,0,24.5893,1,278,88,17.99109826151794,21.712708902381465,3.3979017384820587,-0.32370890238146544
2023,4,Azerbaijan Grand Prix,Baku City Circuit,sainz,11,1,21.97,ferrari,0,24.5893,1,259,88,17.62006318913878,21.142632158201625,4.3499368108612195,0.8273678417983739
2023,4,Azerbaijan Grand Prix,Baku City Circuit,sargeant,8,1,21.015,williams,0,24.5893,1,271,88,18.841927840022873,21.756582522926934,2.173072159977128,-0.741582522926933
2023,4,Azerbaijan Grand Prix,Baku City Circuit,stroll,11,1,23.161,aston_martin,0,24.5893,1,271,88,17.807958979157625,21.50898441810817,5.353041020842376,1.6520155818918312
2023,4,Azerbaijan Grand Prix,Baku City Circuit,tsunoda,8,1,20.497,alphatauri,0,24.5893,1,202,88,17.330279238688323,21.326816071676046,3.1667207613116766,-0.8298160716760457
2023,4,Azerbaijan Grand Prix,Baku City Circuit,zhou,11,1,22.247,alfa,0,24.5893,1,194,88,17.786874445921978,21.726132446299797,4.460125554078022,0.520867553700203
2023,5,Miami Grand Prix,Miami International Autodrome,albon,22,1,22.482,williams,0,25.332400000000018,1,271,73,23.05522685397657,22.558597455706412,-0.5732268539765712,-0.07659745570641263
2023,5,Miami Grand Prix,Miami International Autodrome,alonso,24,1,22.631,aston_martin,0,25.332400000000018,1,271,73,22.021257993111323,22.29292388265737,0.609742006888677,0.33807611734263077
2023,5,Miami Grand Prix,Miami International Autodrome,bottas,15,1,23.158,alfa,0,25.332400000000018,1,194,73,22.000173459875676,22.347392696776506,1.1578265401243257,0.8106073032234953
2023,5,Miami Grand Prix,Miami International Autodrome,devries,15,1,23.487,alphatauri,0,25.332400000000018,1,202,73,21.54357825264202,22.002302726843585,1.9434217473579771,1.4846972731564136
2023,5,Miami Grand Prix,Miami International Autodrome,gasly,15,1,22.417,alpine,0,25.332400000000018,1,249,73,22.025714619290667,22.23246828194596,0.39128538070933416,0.18453171805404267
2023,5,Miami Grand Prix,Miami International Autodrome,hamilton,37,1,22.15,mercedes,0,25.332400000000018,1,278,73,22.20439727547164,22.370250035203313,-0.05439727547163997,-0.2202500352033141
2023,5,Miami Grand Prix,Miami International Autodrome,hulkenberg,33,1,23.12,haas,0,25.332400000000018,1,272,73,23.20377658590822,23.372010845716677,-0.08377658590821824,-0.25201084571667565
2023,5,Miami Grand Prix,Miami International Autodrome,kevinmagnussen,14,1,22.616,haas,0,25.332400000000018,1,272,73,23.20377658590822,23.02857694934142,-0.5877765859082196,-0.4125769493414211
2023,5,Miami Grand Prix,Miami International Autodrome,leclerc,17,1,22.068,ferrari,0,25.332400000000018,1,259,73,21.833362203092477,21.80004334513889,0.23463779690752418,0.26795665486111275
2023,5,Miami Grand Prix,Miami International Autodrome,maxverstappen,45,1,22.688,red_bull,0,25.332400000000018,1,292,73,21.756231924785865,21.906239671990885,0.9317680752141335,0.7817603280091134
2023,5,Miami Grand Prix,Miami International Autodrome,norris,4,1,24.09,mclaren,0,25.332400000000018,1,270,73,21.806957582502076,21.646112241175942,2.2830424174979242,2.443887758824058
2023,5,Miami Grand Prix,Miami International Autodrome,ocon,39,1,21.942,alpine,0,25.332400000000018,1,249,73,22.025714619290667,22.6662795194726,-0.08371461929066726,-0.7242795194725993
2023,5,Miami Grand Prix,Miami International Autodrome,perez,20,1,21.884,red_bull,0,25.332400000000018,1,292,73,21.756231924785865,21.45435296623397,0.12776807521413502,0.429647033766031
2023,5,Miami Grand Prix,Miami International Autodrome,piastri,5,1,22.205,mclaren,0,25.332400000000018,1,270,73,21.806957582502076,21.66418770940622,0.3980424174979227,0.5408122905937773
2023,5,Miami Grand Prix,Miami International Autodrome,russell,17,1,22.335,mercedes,0,25.332400000000018,1,278,73,22.20439727547164,22.008740670597774,0.1306027245283623,0.3262593294022267
2023,5,Miami Grand Prix,Miami International Autodrome,sainz,18,1,22.278,ferrari,0,25.332400000000018,1,259,73,21.833362203092477,21.818118813369164,0.4446377969075215,0.45988118663083455
2023,5,Miami Grand Prix,Miami International Autodrome,sargeant,2,1,48.938,williams,0,25.332400000000018,1,271,73,23.05522685397657,22.197088091100877,25.882773146023432,26.740911908899125
2023,5,Miami Grand Prix,Miami International Autodrome,stroll,42,1,22.651,aston_martin,0,25.332400000000018,1,271,73,22.021257993111323,22.61828231080235,0.6297420068886765,0.032717689197649946
2023,5,Miami Grand Prix,Miami International Autodrome,tsunoda,36,1,22.39,alphatauri,0,25.332400000000018,1,202,73,21.54357825264202,22.381887559679395,0.8464217473579794,0.00811244032060543
2023,5,Miami Grand Prix,Miami International Autodrome,zhou,31,1,22.796,alfa,0,25.332400000000018,1,194,73,22.000173459875676,22.636600188460935,0.7958265401243239,0.15939981153906402
2023,6,Monaco Grand Prix,Circuit de Monaco,albon,18,1,24.29,williams,0,34.06265,1,271,71,20.934129268806437,24.947630576666064,3.355870731193562,-0.6576305766660653
2023,6,Monaco Grand Prix,Circuit de Monaco,albon,52,2,26.99,williams,0,34.06265,1,271,71,20.934129268806437,25.236708122465906,6.055870731193561,1.7532918775340924
2023,6,Monaco Grand Prix,Circuit de Monaco,alonso,54,1,24.414,aston_martin,0,34.06265,1,271,71,19.90016040794119,25.29652292344643,4.513839592058812,-0.8825229234464302
2023,6,Monaco Grand Prix,Circuit de Monaco,alonso,55,2,25.916,aston_martin,0,34.06265,1,271,71,19.90016040794119,24.989110017647143,6.015839592058811,0.9268899823528578
2023,6,Monaco Grand Prix,Circuit de Monaco,bottas,51,1,30.395,alfa,0,34.06265,1,194,71,19.87907587470554,25.45944454694723,10.515924125294461,4.935555453052771
2023,6,Monaco Grand Prix,Circuit de Monaco,devries,53,1,24.539,alphatauri,0,34.06265,1,202,71,19.422480667471888,25.150505513474858,5.116519332528114,-0.6115055134748566
2023,6,Monaco Grand Prix,Circuit de Monaco,gasly,47,1,23.902,alpine,0,34.06265,1,249,71,19.90461703412053,25.272218259195572,3.9973829658794706,-1.3702182591955712
2023,6,Monaco Grand Prix,Circuit de Monaco,gasly,54,2,29.949,alpine,0,34.06265,1,249,71,19.90461703412053,25.073258162777943,10.044382965879471,4.8757418372220585
2023,6,Monaco Grand Prix,Circuit de Monaco,hamilton,31,1,24.594,mercedes,0,34.06265,1,278,71,20.083299690301505,24.723132219702407,4.510700309698496,-0.12913221970240585
2023,6,Monaco Grand Prix,Circuit de Monaco,hamilton,54,2,26.685,mercedes,0,34.06265,1,278,71,20.083299690301505,24.813379614969207,6.601700309698494,1.8716203850307913
2023,6,Monaco Grand Prix,Circuit de Monaco,hulkenberg,54,2,34.725,haas,0,34.06265,1,272,71,21.082679000738086,25.887442298403684,13.642320999261916,8.837557701596317
2023,6,Monaco Grand Prix,Circuit de Monaco,hulkenberg,59,3,25.672,haas,0,34.06265,1,272,71,21.082679000738086,26.647264629374472,4.589320999261915,-0.9752646293744718
2023,6,Monaco Grand Prix,Circuit de Monaco,kevinmagnussen,56,1,51.052,haas,0,34.06265,1,272,71,21.082679000738086,26.2490816088938,29.969320999261914,24.8029183911062
2023,6,Monaco Grand Prix,Circuit de Monaco,leclerc,44,1,24.192,ferrari,0,34.06265,1,259,71,19.71226461792234,24.749415981237117,4.47973538207766,-0.5574159812371171
2023,6,Monaco Grand Prix,Circuit de Monaco,leclerc,55,2,25.713,ferrari,0,34.06265,1,259,71,19.71226461792234,24.622757757740597,6.000735382077661,1.0902422422594036
2023,6,Monaco Grand Prix,Circuit de Monaco,maxverstappen,55,1,24.798,red_bull,0,34.06265,1,292,71,19.635134339615732,24.548329348174413,5.162865660384266,0.24967065182558557
2023,6,Monaco Grand Prix,Circuit de Monaco,norris,50,1,24.663,mclaren,0,34.06265,1,270,71,19.685859997331942,24.93891877364943,4.977140002668058,-0.27591877364942974
2023,6,Monaco Grand Prix,Circuit de Monaco,norris,54,2,33.428,mclaren,0,34.06265,1,270,71,19.685859997331942,24.685732272540974,13.742140002668055,8.742267727459023
2023,6,Monaco Grand Prix,Circuit de Monaco,ocon,32,1,25.833,alpine,0,34.06265,1,249,71,19.90461703412053,25.001086235741422,5.928382965879468,0.8319137642585765
2023,6,Monaco Grand Prix,Circuit de Monaco,ocon,54,2,24.707,alpine,0,34.06265,1,249,71,19.90461703412053,25.073258162777943,4.80238296587947,-0.36625816277794243
2023,6,Monaco Grand Prix,Circuit de Monaco,perez,34,2,32.749,red_bull,0,34.06265,1,292,71,19.635134339615732,23.843256141309038,13.11386566038427,8.905743858690965
2023,6,Monaco Grand Prix,Circuit de Monaco,perez,53,3,24.217,red_bull,0,34.06265,1,292,71,19.635134339615732,24.8561350275037,4.581865660384267,-0.639135027503702
2023,6,Monaco Grand Prix,Circuit de Monaco,perez,57,4,29.337,red_bull,0,34.06265,1,292,71,19.635134339615732,27.313559735040386,9.701865660384268,2.023440264959614
2023,6,Monaco Grand Prix,Circuit de Monaco,perez,70,5,25.466,red_bull,0,34.06265,1,292,71,19.635134339615732,27.695043080321696,5.830865660384269,-2.229043080321695
2023,6,Monaco Grand Prix,Circuit de Monaco,piastri,54,1,25.851,mclaren,0,34.06265,1,270,71,19.685859997331942,25.01122064657054,6.165140002668057,0.83977935342946
2023,6,Monaco Grand Prix,Circuit de Monaco,russell,54,1,30.98,mercedes,0,34.06265,1,278,71,20.083299690301505,25.138867988998776,10.896700309698495,5.841132011001225
2023,6,Monaco Grand Prix,Circuit de Monaco,sainz,33,1,24.252,ferrari,0,34.06265,1,259,71,19.71226461792234,24.550585830704076,4.539735382077659,-0.2985858307040772
2023,6,Monaco Grand Prix,Circuit de Monaco,sainz,55,2,29.3,ferrari,0,34.06265,1,259,71,19.71226461792234,24.622757757740597,9.58773538207766,4.677242242259403
2023,6,Monaco Grand Prix,Circuit de Monaco,sargeant,20,1,24.376,williams,0,34.06265,1,271,71,20.934129268806437,24.983781513126615,3.441870731193564,-0.6077815131266142
2023,6,Monaco Grand Prix,Circuit de Monaco,sargeant,23,2,27.774,williams,0,34.06265,1,271,71,20.934129268806437,24.71251954378788,6.839870731193564,3.06148045621212
2023,6,Monaco Grand Prix,Circuit de Monaco,sargeant,52,3,25.946,williams,0,34.06265,1,271,71,20.934129268806437,25.906153112285313,5.011870731193564,0.03984688771468825
2023,6,Monaco Grand Prix,Circuit de Monaco,stroll,51,1,24.656,aston_martin,0,34.06265,1,271,71,19.90016040794119,25.2422965187556,4.755839592058809,-0.5862965187556028
2023,6,Monaco Grand Prix,Circuit de Monaco,tsunoda,53,1,33.706,alphatauri,0,34.06265,1,202,71,19.422480667471888,25.150505513474858,14.283519332528115,8.555494486525145
2023,6,Monaco Grand Prix,Circuit de Monaco,zhou,52,2,25.26,alfa,0,34.06265,1,194,71,19.87907587470554,25.15203164114794,5.380924125294463,0.10796835885206235
2023,7,Spanish Grand Prix,Circuit de Barcelona-Catalunya,albon,16,1,23.319,williams,0,24.10935,1,271,172,23.620141340457206,22.9560041581703,-0.30114134045720675,0.3629958418297008
2023,7,Spanish Grand Prix,Circuit de Barcelona-Catalunya,albon,37,2,23.449,williams,0,24.10935,1,271,172,23.620141340457206,23.010100616976544,-0.1711413404572042,0.43889938302345755
2023,7,Spanish Grand Prix,Circuit de Barcelona-Catalunya,alonso,19,1,22.558,aston_martin,0,24.10935,1,271,172,22.58617247959196,22.70840605335154,-0.028172479591958677,-0.15040605335153856
2023,7,Spanish Grand Prix,Circuit de Barcelona-Catalunya,alonso,44,2,22.896,aston_martin,0,24.10935,1,271,172,22.58617247959196,22.834804385078893,0.3098275204080423,0.06119561492110748
2023,7,Spanish Grand Prix,Circuit de Barcelona-Catalunya,bottas,5,1,23.691,alfa,0,24.10935,1,194,172,22.56508794635631,22.672497526319294,1.1259120536436882,1.0185024736807051
2023,7,Spanish Grand Prix,Circuit de Barcelona-Catalunya,bottas,39,2,24.097,alfa,0,24.10935,1,194,172,22.56508794635631,22.961575072119135,1.5319120536436905,1.135424927880866
2023,7,Spanish Grand Prix,Circuit de Barcelona-Catalunya,devries,9,1,22.522,alphatauri,0,24.10935,1,202,172,22.10849273912266,22.399709429307478,0.41350726087733847,0.12229057069252036
2023,7,Spanish Grand Prix,Circuit de Barcelona-Catalunya,devries,38,2,21.976,alphatauri,0,24.10935,1,202,172,22.10849273912266,22.59840963395594,-0.1324927391226609,-0.6224096339559395
2023,7,Spanish Grand Prix,Circuit de Barcelona-Catalunya,gasly,19,1,23.388,alpine,0,24.10935,1,249,172,22.590629105771303,22.810629666712618,0.797370894228699,0.5773703332873836
2023,7,Spanish Grand Prix,Circuit de Barcelona-Catalunya,gasly,39,2,23.61,alpine,0,24.10935,1,249,172,22.590629105771303,22.846650657288585,1.0193708942286968,0.7633493427114146
2023,7,Spanish Grand Prix,Circuit de Barcelona-Catalunya,hamilton,24,1,22.575,mercedes,0,24.10935,1,278,172,22.769311761952277,22.641128460055263,-0.19431176195227806,-0.06612846005526407
2023,7,Spanish Grand Prix,Circuit de Barcelona-Catalunya,hamilton,50,2,22.731,mercedes,0,24.10935,1,278,172,22.769311761952277,22.785602260012894,-0.0383117619522757,-0.054602260012892145
2023,7,Spanish Grand Prix,Circuit de Barcelona-Catalunya,hulkenberg,8,1,22.298,haas,0,24.10935,1,272,172,23.768691072388854,23.42598365180531,-1.4706910723888562,-1.1279836518053123
2023,7,Spanish Grand Prix,Circuit de Barcelona-Catalunya,hulkenberg,26,2,23.257,haas,0,24.10935,1,272,172,23.768691072388854,23.425853705920726,-0.511691072388853,-0.1688537059207249
2023,7,Spanish Grand Prix,Circuit de Barcelona-Catalunya,hulkenberg,43,3,24.484,haas,0,24.10935,1,272,172,23.768691072388854,24.402581655654835,0.7153089276111473,0.08141834434516682
2023,7,Spanish Grand Prix,Circuit de Barcelona-Catalunya,kevinmagnussen,10,1,22.124,haas,0,24.10935,1,272,172,23.768691072388854,23.46213458826586,-1.6446910723888557,-1.3381345882658628
2023,7,Spanish Grand Prix,Circuit de Barcelona-Catalunya,kevinmagnussen,24,2,24.8,haas,0,24.10935,1,272,172,23.768691072388854,23.389702769460172,1.0313089276111462,1.410297230539829
2023,7,Spanish Grand Prix,Circuit de Barcelona-Catalunya,kevinmagnussen,42,3,22.291,haas,0,24.10935,1,272,172,23.768691072388854,24.38450618742456,-1.477691072388854,-2.093506187424559
2023,7,Spanish Grand Prix,Circuit de Barcelona-Catalunya,leclerc,16,1,21.778,ferrari,0,24.10935,1,259,172,22.398276689573112,22.287827388754163,-0.6202766895731138,-0.5098273887541644
2023,7,Spanish Grand Prix,Circuit de Barcelona-Catalunya,leclerc,41,2,23.003,ferrari,0,24.10935,1,259,172,22.398276689573112,22.414225720481518,0.6047233104268877,0.588774279518482
2023,7,Spanish Grand Prix,Circuit de Barcelona-Catalunya,maxverstappen,26,1,22.241,red_bull,0,24.10935,1,292,172,22.321146411266504,22.06866528746118,-0.08014641126650446,0.17233471253882016
2023,7,Spanish Grand Prix,Circuit de Barcelona-Catalunya,maxverstappen,52,2,22.357,red_bull,0,24.10935,1,292,172,22.321146411266504,22.213139087418806,0.0358535887334952,0.14386091258119293
2023,7,Spanish Grand Prix,Circuit de Barcelona-Catalunya,norris,22,2,22.85,mclaren,0,24.10935,1,270,172,22.37187206898271,22.15184180713691,0.47812793101729056,0.6981581928630902
2023,7,Spanish Grand Prix,Circuit de Barcelona-Catalunya,norris,50,3,22.062,mclaren,0,24.10935,1,270,172,22.37187206898271,23.327399907404065,-0.3098720689827097,-1.2653999074040634
2023,7,Spanish Grand Prix,Circuit de Barcelona-Catalunya,ocon,13,1,22.112,alpine,0,24.10935,1,249,172,22.590629105771303,22.702176857330958,-0.47862910577130435,-0.5901768573309596
2023,7,Spanish Grand Prix,Circuit de Barcelona-Catalunya,ocon,35,2,24.11,alpine,0,24.10935,1,249,172,22.590629105771303,22.77434878436748,1.5193708942286968,1.3356512156325202
2023,7,Spanish Grand Prix,Circuit de Barcelona-Catalunya,perez,27,1,21.775,red_bull,0,24.10935,1,292,172,22.321146411266504,22.086740755691455,-0.5461464112665055,-0.31174075569145643
2023,7,Spanish Grand Prix,Circuit de Barcelona-Catalunya,perez,50,2,21.537,red_bull,0,24.10935,1,292,172,22.321146411266504,22.176988150958255,-0.7841464112665051,-0.6399881509582563
2023,7,Spanish Grand Prix,Circuit de Barcelona-Catalunya,piastri,17,1,22.37,mclaren,0,24.10935,1,270,172,22.37187206898271,22.38695284001509,-0.0018720689827098624,-0.01695284001509023
2023,7,Spanish Grand Prix,Circuit de Barcelona-Catalunya,piastri,39,2,22.862,mclaren,0,24.10935,1,270,172,22.37187206898271,22.459124767051616,0.49012793101728747,0.40287523294838223
2023,7,Spanish Grand Prix,Circuit de Barcelona-Catalunya,russell,25,1,22.275,mercedes,0,24.10935,1,278,172,22.769311761952277,22.65920392828554,-0.49431176195227877,-0.3842039282855403
2023,7,Spanish Grand Prix,Circuit de Barcelona-Catalunya,russell,45,2,22.054,mercedes,0,24.10935,1,278,172,22.769311761952277,22.69522491886151,-0.7153117619522789,-0.6412249188615107
2023,7,Spanish Grand Prix,Circuit de Barcelona-Catalunya,sainz,15,1,22.321,ferrari,0,24.10935,1,259,172,22.398276689573112,22.269751920523888,-0.07727668957311096,0.05124807947611387
2023,7,Spanish Grand Prix,Circuit de Barcelona-Catalunya,sainz,41,2,22.375,ferrari,0,24.10935,1,259,172,22.398276689573112,22.414225720481518,-0.023276689573112463,-0.03922572048151807
2023,7,Spanish Grand Prix,Circuit de Barcelona-Catalunya,sargeant,17,1,22.583,williams,0,24.10935,1,271,172,23.620141340457206,22.974079626400577,-1.0371413404572074,-0.3910796264005789
2023,7,Spanish Grand Prix,Circuit de Barcelona-Catalunya,sargeant,36,2,23.827,williams,0,24.10935,1,271,172,23.620141340457206,22.99202514874627,0.20685865954279592,0.8349748512537332
2023,7,Spanish Grand Prix,Circuit de Barcelona-Catalunya,stroll,14,1,22.355,aston_martin,0,24.10935,1,271,172,22.58617247959196,22.618028712200157,-0.23117247959195808,-0.2630287122001569
2023,7,Spanish Grand Prix,Circuit de Barcelona-Catalunya,stroll,34,2,23.371,aston_martin,0,24.10935,1,271,172,22.58617247959196,22.654049702776124,0.7848275204080402,0.7169502972238746
2023,7,Spanish Grand Prix,Circuit de Barcelona-Catalunya,tsunoda,10,1,22.176,alphatauri,0,24.10935,1,202,172,22.10849273912266,22.41778489753775,0.06750726087733838,-0.24178489753775168
2023,7,Spanish Grand Prix,Circuit de Barcelona-Catalunya,tsunoda,34,2,22.009,alphatauri,0,24.10935,1,202,172,22.10849273912266,22.52610776103483,-0.09949273912265966,-0.5171077610348291
2023,7,Spanish Grand Prix,Circuit de Barcelona-Catalunya,zhou,9,1,23.43,alfa,0,24.10935,1,194,172,22.56508794635631,22.7447993992404,0.864912053643689,0.6852006007596003
2023,7,Spanish Grand Prix,Circuit de Barcelona-Catalunya,zhou,36,2,22.889,alfa,0,24.10935,1,194,172,22.56508794635631,22.907348667428305,0.3239120536436886,-0.018348667428305987
2023,8,Canadian Grand Prix,Circuit Gilles Villeneuve,albon,12,1,25.064,williams,0,27.5186,1,271,106,27.11604853619839,26.342454892135677,-2.0520485361983916,-1.2784548921356773
2023,8,Canadian Grand Prix,Circuit Gilles Villeneuve,alonso,12,1,24.031,aston_martin,0,27.5186,1,271,106,26.08207967533314,26.040630382626084,-2.051079675333142,-2.009630382626085
2023,8,Canadian Grand Prix,Circuit Gilles Villeneuve,alonso,41,2,23.928,aston_martin,0,27.5186,1,271,106,26.08207967533314,26.23933058727454,-2.15407967533314,-2.31133058727454
2023,8,Canadian Grand Prix,Circuit Gilles Villeneuve,bottas,36,1,24.038,alfa,0,27.5186,1,194,106,26.060995142097493,26.69158964834435,-2.0229951420974928,-2.653589648344351
2023,8,Canadian Grand Prix,Circuit Gilles Villeneuve,devries,11,1,24.96,alphatauri,0,27.5186,1,202,106,25.604399934863842,25.894612972654514,-0.6443999348638414,-0.9346129726545129
2023,8,Canadian Grand Prix,Circuit Gilles Villeneuve,devries,50,2,23.786,alphatauri,0,27.5186,1,202,106,25.604399934863842,26.274067859605736,-1.8183999348638409,-2.488067859605735
2023,8,Canadian Grand Prix,Circuit Gilles Villeneuve,gasly,10,1,27.515,alpine,0,27.5186,1,249,106,26.086536301512485,26.106703059526605,1.4284636984875156,1.4082969404733952
2023,8,Canadian Grand Prix,Circuit Gilles Villeneuve,gasly,33,2,24.117,alpine,0,27.5186,1,249,106,26.086536301512485,26.196950454793406,-1.969536301512484,-2.079950454793405
2023,8,Canadian Grand Prix,Circuit Gilles Villeneuve,hamilton,12,1,24.339,mercedes,0,27.5186,1,278,106,26.265218957693456,25.882975448178428,-1.9262189576934574,-1.5439754481784291
2023,8,Canadian Grand Prix,Circuit Gilles Villeneuve,hamilton,40,2,23.749,mercedes,0,27.5186,1,278,106,26.265218957693456,26.06360018459661,-2.5162189576934573,-2.3146001845966104
2023,8,Canadian Grand Prix,Circuit Gilles Villeneuve,hulkenberg,11,1,24.88,haas,0,27.5186,1,272,106,27.264598268130037,26.938962663382625,-2.3845982681300377,-2.0589626633826263
2023,8,Canadian Grand Prix,Circuit Gilles Villeneuve,hulkenberg,31,2,24.2,haas,0,27.5186,1,272,106,27.264598268130037,26.974983653958592,-3.0645982681300374,-2.774983653958593
2023,8,Canadian Grand Prix,Circuit Gilles Villeneuve,kevinmagnussen,35,1,24.909,haas,0,27.5186,1,272,106,27.264598268130037,27.372773900909262,-2.355598268130038,-2.4637739009092634
2023,8,Canadian Grand Prix,Circuit Gilles Villeneuve,kevinmagnussen,53,2,24.515,haas,0,27.5186,1,272,106,27.264598268130037,27.372643955024678,-2.749598268130036,-2.8576439550246775
2023,8,Canadian Grand Prix,Circuit Gilles Villeneuve,leclerc,39,1,24.343,ferrari,0,27.5186,1,259,106,25.894183885314295,26.16231576493701,-1.5511838853142947,-1.8193157649370093
2023,8,Canadian Grand Prix,Circuit Gilles Villeneuve,maxverstappen,12,1,23.644,red_bull,0,27.5186,1,292,106,25.817053607007686,25.27436133912379,-2.173053607007688,-1.630361339123791
2023,8,Canadian Grand Prix,Circuit Gilles Villeneuve,maxverstappen,42,2,23.91,red_bull,0,27.5186,1,292,106,25.817053607007686,25.491137012002525,-1.9070536070076862,-1.5811370120025252
2023,8,Canadian Grand Prix,Circuit Gilles Villeneuve,norris,12,1,25.862,mclaren,0,27.5186,1,270,106,25.867779264723893,25.75532810575019,-0.005779264723894784,0.10667189424980705
2023,8,Canadian Grand Prix,Circuit Gilles Villeneuve,norris,35,2,23.57,mclaren,0,27.5186,1,270,106,25.867779264723893,25.845575501016988,-2.297779264723893,-2.275575501016988
2023,8,Canadian Grand Prix,Circuit Gilles Villeneuve,ocon,12,1,24.402,alpine,0,27.5186,1,249,106,26.086536301512485,26.14285399598716,-1.684536301512484,-1.740853995987159
2023,8,Canadian Grand Prix,Circuit Gilles Villeneuve,ocon,36,2,23.698,alpine,0,27.5186,1,249,106,26.086536301512485,26.251176859484236,-2.3885363015124845,-2.5531768594842355
2023,8,Canadian Grand Prix,Circuit Gilles Villeneuve,perez,37,1,23.281,red_bull,0,27.5186,1,292,106,25.817053607007686,25.726248044880705,-2.5360536070076876,-2.4452480448807066
2023,8,Canadian Grand Prix,Circuit Gilles Villeneuve,perez,68,2,23.218,red_bull,0,27.5186,1,292,106,25.817053607007686,25.961099185989717,-2.5990536070076864,-2.743099185989717
2023,8,Canadian Grand Prix,Circuit Gilles Villeneuve,piastri,12,1,24.828,mclaren,0,27.5186,1,270,106,25.867779264723893,25.75532810575019,-1.0397792647238937,-0.9273281057501919
2023,8,Canadian Grand Prix,Circuit Gilles Villeneuve,piastri,37,2,23.436,mclaren,0,27.5186,1,270,106,25.867779264723893,25.881726437477543,-2.431779264723893,-2.4457264374775427
2023,8,Canadian Grand Prix,Circuit Gilles Villeneuve,russell,12,1,88.943,mercedes,0,27.5186,1,278,106,26.265218957693456,25.882975448178428,62.67778104230654,63.06002455182157
2023,8,Canadian Grand Prix,Circuit Gilles Villeneuve,sainz,38,1,24.133,ferrari,0,27.5186,1,259,106,25.894183885314295,26.14424029670673,-1.7611838853142956,-2.011240296706731
2023,8,Canadian Grand Prix,Circuit Gilles Villeneuve,stroll,11,1,23.711,aston_martin,0,27.5186,1,271,106,26.08207967533314,26.02255491439581,-2.3710796753331422,-2.31155491439581
2023,8,Canadian Grand Prix,Circuit Gilles Villeneuve,stroll,27,2,23.839,aston_martin,0,27.5186,1,271,106,26.08207967533314,25.98627403205067,-2.243079675333142,-2.147274032050671
2023,8,Canadian Grand Prix,Circuit Gilles Villeneuve,tsunoda,34,2,27.523,alphatauri,0,27.5186,1,202,106,25.604399934863842,25.98486036792131,1.9186000651361574,1.538139632078689
2023,8,Canadian Grand Prix,Circuit Gilles Villeneuve,zhou,12,1,24.161,alfa,0,27.5186,1,194,106,26.060995142097493,26.25777841081771,-1.8999951420974917,-2.096778410817709
2023,8,Canadian Grand Prix,Circuit Gilles Villeneuve,zhou,32,2,27.509,alfa,0,27.5186,1,194,106,26.060995142097493,26.293799401393677,1.4480048579025073,1.215200598606323
2023,9,Austrian Grand Prix,Red Bull Ring,albon,2,1,16.737,williams,0,28.583,1,271,192,23.098543412353578,22.07675690834967,-6.36154341235358,-5.3397569083496705
2023,9,Austrian Grand Prix,Red Bull Ring,albon,14,2,21.562,williams,0,28.583,1,271,192,23.098543412353578,21.968174153083424,-1.536543412353577,-0.4061741530834233
2023,9,Austrian Grand Prix,Red Bull Ring,albon,41,3,27.683,williams,0,28.583,1,271,192,23.098543412353578,23.125656785120302,4.584456587646422,4.5573432148796975
2023,9,Austrian Grand Prix,Red Bull Ring,alonso,2,1,16.6,aston_martin,0,28.583,1,271,192,22.06457455148833,21.77493239884008,-5.4645745514883295,-5.1749323988400775
2023,9,Austrian Grand Prix,Red Bull Ring,alonso,15,2,22.371,aston_martin,0,28.583,1,271,192,22.06457455148833,21.68442511180411,0.30642544851166775,0.6865748881958886
2023,9,Austrian Grand Prix,Red Bull Ring,alonso,44,3,21.993,aston_martin,0,28.583,1,271,192,22.06457455148833,22.878058680301542,-0.07157455148833236,-0.8850586803015439
2023,9,Austrian Grand Prix,Red Bull Ring,bottas,2,1,17.13,alfa,0,28.583,1,194,192,22.043490018252683,21.992080427031702,-4.913490018252684,-4.862080427031703
2023,9,Austrian Grand Prix,Red Bull Ring,bottas,21,2,31.785,alfa,0,28.583,1,194,192,22.043490018252683,22.010025949377397,9.741509981747317,9.774974050622603
2023,9,Austrian Grand Prix,Red Bull Ring,bottas,40,3,21.975,alfa,0,28.583,1,194,192,22.043490018252683,23.022904835572056,-0.06849001825268175,-1.047904835572055
2023,9,Austrian Grand Prix,Red Bull Ring,devries,2,1,17.033,alphatauri,0,28.583,1,202,192,21.586894811019032,21.64699045709878,-4.553894811019031,-4.6139904570987795
2023,9,Austrian Grand Prix,Red Bull Ring,devries,12,2,21.333,alphatauri,0,28.583,1,202,192,21.586894811019032,21.502256765371982,-0.253894811019034,-0.16925676537198342
2023,9,Austrian Grand Prix,Red Bull Ring,devries,37,3,21.074,alphatauri,0,28.583,1,202,192,21.586894811019032,22.623588460948305,-0.5128948110190308,-1.5495884609483035
2023,9,Austrian Grand Prix,Red Bull Ring,gasly,2,1,16.38,alpine,0,28.583,1,249,192,22.069031177667675,21.877156012201155,-5.689031177667676,-5.497156012201156
2023,9,Austrian Grand Prix,Red Bull Ring,gasly,14,2,21.814,alpine,0,28.583,1,249,192,22.069031177667675,21.76857325693491,-0.255031177667675,0.045426743065089425
2023,9,Austrian Grand Prix,Red Bull Ring,gasly,44,3,27.804,alpine,0,28.583,1,249,192,22.069031177667675,22.98028229366262,5.734968822332323,4.82371770633738
2023,9,Austrian Grand Prix,Red Bull Ring,hamilton,2,1,16.415,mercedes,0,28.583,1,278,192,22.24771383384865,21.61727746439242,-5.832713833848651,-5.20227746439242
2023,9,Austrian Grand Prix,Red Bull Ring,hamilton,14,2,21.993,mercedes,0,28.583,1,278,192,22.24771383384865,21.508694709126175,-0.2547138338486512,0.4843052908738237
2023,9,Austrian Grand Prix,Red Bull Ring,hamilton,42,3,27.724,mercedes,0,28.583,1,278,192,22.24771383384865,22.684252809393328,5.4762861661513504,5.039747190606672
2023,9,Austrian Grand Prix,Red Bull Ring,hulkenberg,2,1,16.778,haas,0,28.583,1,272,192,23.247093144285227,22.691340147826892,-6.469093144285228,-5.913340147826894
2023,9,Austrian Grand Prix,Red Bull Ring,hulkenberg,11,2,21.891,haas,0,28.583,1,272,192,23.247093144285227,22.528530987869818,-1.3560931442852286,-0.6375309878698197
2023,9,Austrian Grand Prix,Red Bull Ring,kevinmagnussen,2,2,25.654,haas,0,28.583,1,272,192,23.247093144285227,22.365851773797328,2.406906855714773,3.288148226202672
2023,9,Austrian Grand Prix,Red Bull Ring,kevinmagnussen,34,3,22.25,haas,0,28.583,1,272,192,23.247093144285227,23.613711746985587,-0.9970931442852269,-1.3637117469855866
2023,9,Austrian Grand Prix,Red Bull Ring,leclerc,2,1,16.393,ferrari,0,28.583,1,259,192,21.876678761469485,21.40858013893353,-5.483678761469484,-5.0155801389335295
2023,9,Austrian Grand Prix,Red Bull Ring,leclerc,15,2,23.425,ferrari,0,28.583,1,259,192,21.876678761469485,21.318072851897565,1.5483212385305158,2.106927148102436
2023,9,Austrian Grand Prix,Red Bull Ring,leclerc,47,3,21.47,ferrari,0,28.583,1,259,192,21.876678761469485,22.565932825085824,-0.406678761469486,-1.095932825085825
2023,9,Austrian Grand Prix,Red Bull Ring,maxverstappen,2,1,16.369,red_bull,0,28.583,1,292,192,21.799548483162877,21.00866335533778,-5.430548483162877,-4.639663355337781
2023,9,Austrian Grand Prix,Red Bull Ring,maxverstappen,24,2,21.365,red_bull,0,28.583,1,292,192,21.799548483162877,21.080835282374302,-0.4345484831628781,0.2841647176256963
2023,9,Austrian Grand Prix,Red Bull Ring,maxverstappen,49,3,21.641,red_bull,0,28.583,1,292,192,21.799548483162877,22.202166977950625,-0.15854848316287828,-0.5611669779506272
2023,9,Austrian Grand Prix,Red Bull Ring,maxverstappen,69,4,21.328,red_bull,0,28.583,1,292,192,21.799548483162877,24.948799177171736,-0.4715484831628771,-3.6207991771717367
2023,9,Austrian Grand Prix,Red Bull Ring,norris,2,1,18.076,mclaren,0,28.583,1,270,192,21.850274140879083,21.489630121964183,-3.7742741408790828,-3.4136301219641823
2023,9,Austrian Grand Prix,Red Bull Ring,norris,14,2,21.29,mclaren,0,28.583,1,270,192,21.850274140879083,21.38104736669794,-0.5602741408790841,-0.09104736669793922
2023,9,Austrian Grand Prix,Red Bull Ring,norris,41,3,22.088,mclaren,0,28.583,1,270,192,21.850274140879083,22.538529998734816,0.2377258591209177,-0.45052999873481525
2023,9,Austrian Grand Prix,Red Bull Ring,ocon,2,1,18.143,alpine,0,28.583,1,249,192,22.069031177667675,21.877156012201155,-3.9260311776676744,-3.7341560122011543
2023,9,Austrian Grand Prix,Red Bull Ring,ocon,14,2,22.028,alpine,0,28.583,1,249,192,22.069031177667675,21.76857325693491,-0.04103117766767639,0.25942674306508806
2023,9,Austrian Grand Prix,Red Bull Ring,ocon,40,3,30.427,alpine,0,28.583,1,249,192,22.069031177667675,22.90798042074151,8.357968822332325,7.51901957925849
2023,9,Austrian Grand Prix,Red Bull Ring,perez,2,1,17.428,red_bull,0,28.583,1,292,192,21.799548483162877,21.00866335533778,-4.371548483162876,-3.58066335533778
2023,9,Austrian Grand Prix,Red Bull Ring,perez,25,2,21.655,red_bull,0,28.583,1,292,192,21.799548483162877,21.098910750604578,-0.14454848316287539,0.5560892493954235
2023,9,Austrian Grand Prix,Red Bull Ring,perez,50,3,21.267,red_bull,0,28.583,1,292,192,21.799548483162877,22.220242446180904,-0.5325484831628771,-0.953242446180905
2023,9,Austrian Grand Prix,Red Bull Ring,piastri,2,1,17.324,mclaren,0,28.583,1,270,192,21.850274140879083,21.489630121964183,-4.526274140879082,-4.165630121964181
2023,9,Austrian Grand Prix,Red Bull Ring,piastri,14,2,22.467,mclaren,0,28.583,1,270,192,21.850274140879083,21.38104736669794,0.6167258591209155,1.0859526333020604
2023,9,Austrian Grand Prix,Red Bull Ring,piastri,22,3,29.912,mclaren,0,28.583,1,270,192,21.850274140879083,22.195096102359557,8.061725859120916,7.716903897640442
2023,9,Austrian Grand Prix,Red Bull Ring,piastri,41,4,22.313,mclaren,0,28.583,1,270,192,21.850274140879083,24.923652833350392,0.4627258591209156,-2.610652833350393
2023,9,Austrian Grand Prix,Red Bull Ring,russell,2,1,17.946,mercedes,0,28.583,1,278,192,22.24771383384865,21.61727746439242,-4.301713833848648,-3.6712774643924178
2023,9,Austrian Grand Prix,Red Bull Ring,russell,14,2,22.262,mercedes,0,28.583,1,278,192,22.24771383384865,21.508694709126175,0.014286166151350699,0.7533052908738256
2023,9,Austrian Grand Prix,Red Bull Ring,russell,41,3,21.702,mercedes,0,28.583,1,278,192,22.24771383384865,22.666177341163053,-0.545713833848648,-0.964177341163051
2023,9,Austrian Grand Prix,Red Bull Ring,sainz,2,1,16.38,ferrari,0,28.583,1,259,192,21.876678761469485,21.40858013893353,-5.496678761469486,-5.028580138933531
2023,9,Austrian Grand Prix,Red Bull Ring,sainz,15,2,26.283,ferrari,0,28.583,1,259,192,21.876678761469485,21.318072851897565,4.406321238530516,4.964927148102436
2023,9,Austrian Grand Prix,Red Bull Ring,sainz,45,3,28.583,ferrari,0,28.583,1,259,192,21.876678761469485,22.529781888625273,6.7063212385305135,6.053218111374726
2023,9,Austrian Grand Prix,Red Bull Ring,sargeant,2,1,17.337,williams,0,28.583,1,271,192,23.098543412353578,22.07675690834967,-5.7615434123535785,-4.739756908349669
2023,9,Austrian Grand Prix,Red Bull Ring,sargeant,14,2,23.194,williams,0,28.583,1,271,192,23.098543412353578,21.968174153083424,0.09545658764642084,1.2258258469165746
2023,9,Austrian Grand Prix,Red Bull Ring,sargeant,43,3,21.543,williams,0,28.583,1,271,192,23.098543412353578,23.161807721580853,-1.555543412353579,-1.618807721580854
2023,9,Austrian Grand Prix,Red Bull Ring,stroll,2,1,16.646,aston_martin,0,28.583,1,271,192,22.06457455148833,21.77493239884008,-5.41857455148833,-5.128932398840078
2023,9,Austrian Grand Prix,Red Bull Ring,stroll,15,2,24.332,aston_martin,0,28.583,1,271,192,22.06457455148833,21.68442511180411,2.26742544851167,2.6475748881958907
2023,9,Austrian Grand Prix,Red Bull Ring,stroll,36,3,22.05,aston_martin,0,28.583,1,271,192,22.06457455148833,22.733454934459328,-0.0145745514883302,-0.683454934459327
2023,9,Austrian Grand Prix,Red Bull Ring,stroll,54,4,21.837,aston_martin,0,28.583,1,271,192,22.06457455148833,25.443936197219884,-0.22757455148833117,-3.606936197219884
2023,9,Austrian Grand Prix,Red Bull Ring,tsunoda,2,2,16.246,alphatauri,0,28.583,1,202,192,21.586894811019032,21.321502083069216,-5.340894811019034,-5.0755020830692175
2023,9,Austrian Grand Prix,Red Bull Ring,tsunoda,23,3,27.286,alphatauri,0,28.583,1,202,192,21.586894811019032,22.370531905724434,5.699105188980969,4.9154680942755675
2023,9,Austrian Grand Prix,Red Bull Ring,tsunoda,43,4,21.392,alphatauri,0,28.583,1,202,192,21.586894811019032,25.117164104945545,-0.19489481101903294,-3.725164104945545
2023,9,Austrian Grand Prix,Red Bull Ring,zhou,2,1,17.467,alfa,0,28.583,1,194,192,22.043490018252683,21.992080427031702,-4.576490018252684,-4.525080427031703
2023,9,Austrian Grand Prix,Red Bull Ring,zhou,8,2,24.374,alfa,0,28.583,1,194,192,22.043490018252683,21.7750448623838,2.3305099817473156,2.5989551376161977
2023,9,Austrian Grand Prix,Red Bull Ring,zhou,38,3,21.91,alfa,0,28.583,1,194,192,22.043490018252683,22.986753899111505,-0.13349001825268303,-1.0767538991115053
2023,10,British Grand Prix,Silverstone Circuit,albon,32,1,29.634,williams,0,33.718349999999994,1,271,87,24.259847083384656,28.32994227127562,5.374152916615344,1.3040577287243806
2023,10,British Grand Prix,Silverstone Circuit,alonso,33,1,28.679,aston_martin,0,33.718349999999994,1,271,87,23.22587822251941,28.046193229996305,5.45312177748059,0.6328067700036932
2023,10,British Grand Prix,Silverstone Circuit,bottas,32,1,29.662,alfa,0,33.718349999999994,1,194,87,23.20479368928376,28.245265789957656,6.457206310716238,1.4167342100423426
2023,10,British Grand Prix,Silverstone Circuit,devries,27,1,28.242,alphatauri,0,33.718349999999994,1,202,87,22.74819848205011,27.809798478873347,5.4938015179498905,0.4322015211266539
2023,10,British Grand Prix,Silverstone Circuit,devries,32,2,28.413,alphatauri,0,33.718349999999994,1,202,87,22.74819848205011,27.574687445995167,5.66480151794989,0.8383125540048333
2023,10,British Grand Prix,Silverstone Circuit,gasly,31,1,28.458,alpine,0,33.718349999999994,1,249,87,23.230334848698753,28.11226590689683,5.227665151301245,0.34573409310316805
2023,10,British Grand Prix,Silverstone Circuit,hamilton,33,1,29.169,mercedes,0,33.718349999999994,1,278,87,23.409017504879728,27.888538295548646,5.759982495120273,1.2804617044513549
2023,10,British Grand Prix,Silverstone Circuit,hulkenberg,7,1,41.972,haas,0,33.718349999999994,1,272,87,24.408396815316305,28.492638804995924,17.563603184683696,13.479361195004078
2023,10,British Grand Prix,Silverstone Circuit,hulkenberg,32,2,30.003,haas,0,33.718349999999994,1,272,87,24.408396815316305,28.61903713672328,5.594603184683695,1.3839628632767216
2023,10,British Grand Prix,Silverstone Circuit,leclerc,18,1,28.244,ferrari,0,33.718349999999994,1,259,87,23.037982432500563,27.408708946635606,5.206017567499437,0.8352910533643936
2023,10,British Grand Prix,Silverstone Circuit,leclerc,32,2,28.805,ferrari,0,33.718349999999994,1,259,87,23.037982432500563,27.336277127829916,5.767017567499437,1.4687228721700833
2023,10,British Grand Prix,Silverstone Circuit,maxverstappen,33,1,29.056,red_bull,0,33.718349999999994,1,292,87,22.960852154193955,27.279924186494007,6.095147845806046,1.7760758135059938
2023,10,British Grand Prix,Silverstone Circuit,norris,33,1,28.438,mclaren,0,33.718349999999994,1,270,87,23.01157781191016,27.76089095312041,5.426422188089838,0.6771090468795897
2023,10,British Grand Prix,Silverstone Circuit,perez,28,1,28.06,red_bull,0,33.718349999999994,1,292,87,22.960852154193955,27.189546845342623,5.099147845806044,0.8704531546573762
2023,10,British Grand Prix,Silverstone Circuit,piastri,29,1,28.655,mclaren,0,33.718349999999994,1,270,87,23.01157781191016,27.6885890801993,5.64342218808984,0.9664109198007012
2023,10,British Grand Prix,Silverstone Circuit,russell,28,1,29.455,mercedes,0,33.718349999999994,1,278,87,23.409017504879728,27.79816095439726,6.0459824951202705,1.6568390456027373
2023,10,British Grand Prix,Silverstone Circuit,sainz,26,1,28.869,ferrari,0,33.718349999999994,1,259,87,23.037982432500563,27.553312692477824,5.831017567499437,1.3156873075221753
2023,10,British Grand Prix,Silverstone Circuit,sargeant,29,1,28.847,williams,0,33.718349999999994,1,271,87,24.259847083384656,28.27571586658479,4.587152916615345,0.5712841334152117
2023,10,British Grand Prix,Silverstone Circuit,stroll,31,1,28.561,aston_martin,0,33.718349999999994,1,271,87,23.22587822251941,28.01004229353575,5.335121777480591,0.5509577064642492
2023,10,British Grand Prix,Silverstone Circuit,tsunoda,14,1,28.353,alphatauri,0,33.718349999999994,1,202,87,22.74819848205011,27.574817391879755,5.604801517949891,0.7781826081202468
2023,10,British Grand Prix,Silverstone Circuit,tsunoda,32,2,28.603,alphatauri,0,33.718349999999994,1,202,87,22.74819848205011,27.574687445995167,5.854801517949891,1.0283125540048346
2023,10,British Grand Prix,Silverstone Circuit,zhou,24,1,29.177,alfa,0,33.718349999999994,1,194,87,23.20479368928376,28.100662044115438,5.972206310716238,1.0763379558845614
2023,10,British Grand Prix,Silverstone Circuit,zhou,33,2,28.709,alfa,0,33.718349999999994,1,194,87,23.20479368928376,27.937852884158367,5.5042063107162384,0.7711471158416323
2023,10,British Grand Prix,Silverstone Circuit,zhou,36,3,34.374,alfa,0,33.718349999999994,1,194,87,23.20479368928376,28.6615242786686,11.169206310716241,5.712475721331401
2023,11,Hungarian Grand Prix,Hungaroring,albon,8,1,22.076,williams,0,26.7285,1,271,133,20.774447420369427,22.317170223798296,1.3015525796305738,-0.24117022379829578
2023,11,Hungarian Grand Prix,Hungaroring,albon,31,2,21.762,williams,0,26.7285,1,271,133,20.774447420369427,22.407417619065097,0.9875525796305737,-0.6454176190650962
2023,11,Hungarian Grand Prix,Hungaroring,alonso,20,1,22.916,aston_martin,0,26.7285,1,271,133,19.74047855950418,22.232251333052023,3.175521440495821,0.6837486669479773
2023,11,Hungarian Grand Prix,Hungaroring,alonso,43,2,24.152,aston_martin,0,26.7285,1,271,133,19.74047855950418,22.322498728318823,4.411521440495822,1.8295012716811776
2023,11,Hungarian Grand Prix,Hungaroring,bottas,9,1,22.114,alfa,0,26.7285,1,194,133,19.71939402626853,22.250569210710605,2.394605973731469,-0.13656921071060424
2023,11,Hungarian Grand Prix,Hungaroring,bottas,40,2,23.242,alfa,0,26.7285,1,194,133,19.71939402626853,22.48542035181962,3.522605973731469,0.7565796481803808
2023,11,Hungarian Grand Prix,Hungaroring,hamilton,16,1,21.974,mercedes,0,26.7285,1,278,133,19.923617841864495,22.00229452568326,2.0503821581355055,-0.028294525683261185
2023,11,Hungarian Grand Prix,Hungaroring,hamilton,49,2,21.728,mercedes,0,26.7285,1,278,133,19.923617841864495,22.273296603252824,1.8043821581355068,-0.5452966032528224
2023,11,Hungarian Grand Prix,Hungaroring,hulkenberg,16,1,22.922,haas,0,26.7285,1,272,133,20.922997152301075,23.076357209117734,1.9990028476989252,-0.15435720911773387
2023,11,Hungarian Grand Prix,Hungaroring,hulkenberg,38,2,21.955,haas,0,26.7285,1,272,133,20.922997152301075,23.148529136154256,1.032002847698923,-1.1935291361542575
2023,11,Hungarian Grand Prix,Hungaroring,kevinmagnussen,14,1,22.753,haas,0,26.7285,1,272,133,20.922997152301075,23.04020627265718,1.8300028476989247,-0.2872062726571798
2023,11,Hungarian Grand Prix,Hungaroring,kevinmagnussen,41,2,22.152,haas,0,26.7285,1,272,133,20.922997152301075,23.202755540845086,1.2290028476989256,-1.0507555408450848
2023,11,Hungarian Grand Prix,Hungaroring,leclerc,17,1,28.404,ferrari,0,26.7285,1,259,133,19.552582769485333,21.811672668454648,8.851417230514667,6.592327331545352
2023,11,Hungarian Grand Prix,Hungaroring,leclerc,43,2,21.452,ferrari,0,26.7285,1,259,133,19.552582769485333,21.956146468412275,1.8994172305146684,-0.504146468412273
2023,11,Hungarian Grand Prix,Hungaroring,maxverstappen,23,1,21.407,red_bull,0,26.7285,1,292,133,19.475452491178725,21.52020869424056,1.931547508821275,-0.11320869424055857
2023,11,Hungarian Grand Prix,Hungaroring,maxverstappen,51,2,21.68,red_bull,0,26.7285,1,292,133,19.475452491178725,21.70083343065874,2.2045475088212747,-0.020833430658740326
2023,11,Hungarian Grand Prix,Hungaroring,norris,17,1,21.541,mclaren,0,26.7285,1,270,133,19.52617814889493,21.8927226514853,2.0148218511050686,-0.3517226514853
2023,11,Hungarian Grand Prix,Hungaroring,norris,44,2,21.43,mclaren,0,26.7285,1,270,133,19.52617814889493,22.055271919673206,1.903821851105068,-0.6252719196732066
2023,11,Hungarian Grand Prix,Hungaroring,perez,24,1,21.862,red_bull,0,26.7285,1,292,133,19.475452491178725,21.538284162470834,2.3865475088212733,0.3237158375291642
2023,11,Hungarian Grand Prix,Hungaroring,perez,42,2,20.88,red_bull,0,26.7285,1,292,133,19.475452491178725,21.53815421658625,1.404547508821274,-0.6581542165862508
2023,11,Hungarian Grand Prix,Hungaroring,piastri,18,1,21.171,mclaren,0,26.7285,1,270,133,19.52617814889493,21.910798119715576,1.6448218511050676,-0.7397981197155765
2023,11,Hungarian Grand Prix,Hungaroring,piastri,42,2,22.03,mclaren,0,26.7285,1,270,133,19.52617814889493,22.01912098321265,2.5038218511050694,0.010879016787349371
2023,11,Hungarian Grand Prix,Hungaroring,ricciardo,18,1,21.958,alphatauri,0,26.7285,1,202,133,19.262798819034877,22.068158454850174,2.695201180965121,-0.1101584548501755
2023,11,Hungarian Grand Prix,Hungaroring,ricciardo,29,2,22.203,alphatauri,0,26.7285,1,202,133,19.262798819034877,21.941500231353654,2.940201180965122,0.2614997686463454
2023,11,Hungarian Grand Prix,Hungaroring,russell,28,1,21.886,mercedes,0,26.7285,1,278,133,19.923617841864495,22.21920014444658,1.9623821581355045,-0.3332001444465824
2023,11,Hungarian Grand Prix,Hungaroring,russell,46,2,21.675,mercedes,0,26.7285,1,278,133,19.923617841864495,22.219070198561994,1.751382158135506,-0.5440701985619931
2023,11,Hungarian Grand Prix,Hungaroring,sainz,15,1,21.402,ferrari,0,26.7285,1,259,133,19.552582769485333,21.775521731994093,1.8494172305146677,-0.3735217319940922
2023,11,Hungarian Grand Prix,Hungaroring,sainz,44,2,22.051,ferrari,0,26.7285,1,259,133,19.552582769485333,21.974221936642554,2.498417230514665,0.07677806335744464
2023,11,Hungarian Grand Prix,Hungaroring,sargeant,13,1,24.001,williams,0,26.7285,1,271,133,20.774447420369427,22.40754756494968,3.2265525796305745,1.5934524350503203
2023,11,Hungarian Grand Prix,Hungaroring,sargeant,34,2,22.197,williams,0,26.7285,1,271,133,20.774447420369427,22.461644023755927,1.4225525796305725,-0.26464402375592755
2023,11,Hungarian Grand Prix,Hungaroring,stroll,9,1,21.91,aston_martin,0,26.7285,1,271,133,19.74047855950418,22.03342118251898,2.1695214404958207,-0.12342118251897816
2023,11,Hungarian Grand Prix,Hungaroring,stroll,34,2,22.403,aston_martin,0,26.7285,1,271,133,19.74047855950418,22.159819514246333,2.6625214404958193,0.24318048575366547
2023,11,Hungarian Grand Prix,Hungaroring,tsunoda,9,1,26.17,alphatauri,0,26.7285,1,202,133,19.262798819034877,21.905479240777684,6.907201180965124,4.264520759222318
2023,11,Hungarian Grand Prix,Hungaroring,tsunoda,44,2,21.181,alphatauri,0,26.7285,1,202,133,19.262798819034877,22.212632254807804,1.9182011809651236,-1.0316322548078034
2023,11,Hungarian Grand Prix,Hungaroring,zhou,10,1,29.211,alfa,0,26.7285,1,194,133,19.71939402626853,22.268644678940884,9.491605973731467,6.9423553210591145
2023,11,Hungarian Grand Prix,Hungaroring,zhou,38,2,22.853,alfa,0,26.7285,1,194,133,19.71939402626853,22.449269415359066,3.13360597373147,0.40373058464093603
2023,12,Belgian Grand Prix,Circuit de Spa-Francorchamps,albon,7,1,25.015,williams,0,25.269799999999996,1,271,109,24.31014353425072,23.71985156326252,0.7048564657492804,1.295148436737481
2023,12,Belgian Grand Prix,Circuit de Spa-Francorchamps,albon,23,2,23.596,williams,0,25.269799999999996,1,271,109,24.31014353425072,23.683570680917384,-0.7141435342507201,-0.08757068091738418
2023,12,Belgian Grand Prix,Circuit de Spa-Francorchamps,albon,33,3,23.529,williams,0,25.269799999999996,1,271,109,24.31014353425072,24.533770353039557,-0.7811435342507203,-1.0047703530395573
2023,12,Belgian Grand Prix,Circuit de Spa-Francorchamps,alonso,10,1,23.085,aston_martin,0,25.269799999999996,1,271,109,23.276174673385473,23.47225345844376,-0.191174673385472,-0.3872534584437588
2023,12,Belgian Grand Prix,Circuit de Spa-Francorchamps,alonso,29,2,23.798,aston_martin,0,25.269799999999996,1,271,109,23.276174673385473,23.490198980789454,0.5218253266145254,0.3078010192105438
2023,12,Belgian Grand Prix,Circuit de Spa-Francorchamps,bottas,6,1,23.362,alfa,0,25.269799999999996,1,194,109,23.255090140149825,23.61709961371428,0.1069098598501732,-0.25509961371428247
2023,12,Belgian Grand Prix,Circuit de Spa-Francorchamps,bottas,24,2,23.786,alfa,0,25.269799999999996,1,194,109,23.255090140149825,23.616969667829697,0.5309098598501762,0.16903033217030483
2023,12,Belgian Grand Prix,Circuit de Spa-Francorchamps,gasly,23,1,25.664,alpine,0,25.269799999999996,1,249,109,23.280631299564817,23.809458158798435,2.3833687004351845,1.8545418412015664
2023,12,Belgian Grand Prix,Circuit de Spa-Francorchamps,hamilton,12,1,23.09,mercedes,0,25.269799999999996,1,278,109,23.45931395574579,23.350749460456655,-0.36931395574579184,-0.2607494604566547
2023,12,Belgian Grand Prix,Circuit de Spa-Francorchamps,hamilton,27,2,23.023,mercedes,0,25.269799999999996,1,278,109,23.45931395574579,23.29639310988124,-0.436313955745792,-0.27339310988124055
2023,12,Belgian Grand Prix,Circuit de Spa-Francorchamps,hamilton,42,3,23.156,mercedes,0,25.269799999999996,1,278,109,23.45931395574579,24.236970123154798,-0.3033139557457929,-1.080970123154799
2023,12,Belgian Grand Prix,Circuit de Spa-Francorchamps,hulkenberg,12,1,24.571,haas,0,25.269799999999996,1,272,109,24.45869326618237,24.424812143891128,0.11230673381763268,0.14618785610887386
2023,12,Belgian Grand Prix,Circuit de Spa-Francorchamps,hulkenberg,24,2,25.238,haas,0,25.269799999999996,1,272,109,24.45869326618237,24.316229388624883,0.7793067338176307,0.9217706113751163
2023,12,Belgian Grand Prix,Circuit de Spa-Francorchamps,kevinmagnussen,5,1,23.638,haas,0,25.269799999999996,1,272,109,24.45869326618237,24.298283866279192,-0.8206932661823672,-0.6602838662791903
2023,12,Belgian Grand Prix,Circuit de Spa-Francorchamps,kevinmagnussen,25,2,23.572,haas,0,25.269799999999996,1,272,109,24.45869326618237,24.33430485685516,-0.8866932661823697,-0.7623048568551596
2023,12,Belgian Grand Prix,Circuit de Spa-Francorchamps,leclerc,13,1,23.224,ferrari,0,25.269799999999996,1,259,109,23.088278883366627,23.160127603228045,0.13572111663337338,0.06387239677195566
2023,12,Belgian Grand Prix,Circuit de Spa-Francorchamps,leclerc,28,2,23.148,ferrari,0,25.269799999999996,1,259,109,23.088278883366627,23.10577125265263,0.05972111663337287,0.04222874734736948
2023,12,Belgian Grand Prix,Circuit de Spa-Francorchamps,maxverstappen,14,1,22.887,red_bull,0,25.269799999999996,1,292,109,23.01114860506002,22.77828628786257,-0.12414860506001801,0.10871371213742975
2023,12,Belgian Grand Prix,Circuit de Spa-Francorchamps,maxverstappen,30,2,23.012,red_bull,0,25.269799999999996,1,292,109,23.01114860506002,22.742005405517432,8.513949399819865e-4,0.2699945944825686
2023,12,Belgian Grand Prix,Circuit de Spa-Francorchamps,norris,5,1,25.012,mclaren,0,25.269799999999996,1,270,109,23.061874262776225,23.096573840416482,1.9501257372237752,1.915426159583518
2023,12,Belgian Grand Prix,Circuit de Spa-Francorchamps,norris,17,2,23.744,mclaren,0,25.269799999999996,1,270,109,23.061874262776225,22.987991085150238,0.6821257372237746,0.7560089148497617
2023,12,Belgian Grand Prix,Circuit de Spa-Francorchamps,ocon,6,1,23.085,alpine,0,25.269799999999996,1,249,109,23.280631299564817,23.50217519888373,-0.19563129956481617,-0.41717519888372934
2023,12,Belgian Grand Prix,Circuit de Spa-Francorchamps,ocon,25,2,23.339,alpine,0,25.269799999999996,1,249,109,23.280631299564817,23.520120721229425,0.05836870043518161,-0.18112072122942635
2023,12,Belgian Grand Prix,Circuit de Spa-Francorchamps,perez,13,1,23.684,red_bull,0,25.269799999999996,1,292,109,23.01114860506002,22.76021081963229,0.6728513949399826,0.9237891803677094
2023,12,Belgian Grand Prix,Circuit de Spa-Francorchamps,perez,29,2,22.71,red_bull,0,25.269799999999996,1,292,109,23.01114860506002,22.723929937287156,-0.3011486050600176,-0.013929937287155525
2023,12,Belgian Grand Prix,Circuit de Spa-Francorchamps,ricciardo,5,1,22.843,alphatauri,0,25.269799999999996,1,202,109,22.798494932916174,23.253934175551084,0.04450506708382562,-0.410934175551084
2023,12,Belgian Grand Prix,Circuit de Spa-Francorchamps,ricciardo,22,2,23.29,alphatauri,0,25.269799999999996,1,202,109,22.798494932916174,23.23572876143622,0.4915050670838248,0.05427123856377847
2023,12,Belgian Grand Prix,Circuit de Spa-Francorchamps,russell,22,1,23.837,mercedes,0,25.269799999999996,1,278,109,23.45931395574579,23.53150414275942,0.37768604425420804,0.3054958572405795
2023,12,Belgian Grand Prix,Circuit de Spa-Francorchamps,sainz,7,1,23.303,ferrari,0,25.269799999999996,1,259,109,23.088278883366627,23.051674793846384,0.214721116633374,0.2513252061536164
2023,12,Belgian Grand Prix,Circuit de Spa-Francorchamps,sargeant,8,1,23.57,williams,0,25.269799999999996,1,271,109,24.31014353425072,23.7379270314928,-0.7401435342507199,-0.1679270314927983
2023,12,Belgian Grand Prix,Circuit de Spa-Francorchamps,sargeant,24,2,23.938,williams,0,25.269799999999996,1,271,109,24.31014353425072,23.70164614914766,-0.37214353425072133,0.23635385085233906
2023,12,Belgian Grand Prix,Circuit de Spa-Francorchamps,sargeant,34,3,23.109,williams,0,25.269799999999996,1,271,109,24.31014353425072,24.551845821269833,-1.2011435342507184,-1.442845821269831
2023,12,Belgian Grand Prix,Circuit de Spa-Francorchamps,stroll,20,1,25.397,aston_martin,0,25.269799999999996,1,271,109,23.276174673385473,23.65300814074653,2.1208253266145256,1.7439918592534696
2023,12,Belgian Grand Prix,Circuit de Spa-Francorchamps,tsunoda,9,1,22.61,alphatauri,0,25.269799999999996,1,202,109,22.798494932916174,23.32623604847219,-0.18849493291617492,-0.7162360484721901
2023,12,Belgian Grand Prix,Circuit de Spa-Francorchamps,tsunoda,24,2,22.737,alphatauri,0,25.269799999999996,1,202,109,22.798494932916174,23.271879697896775,-0.061494932916176026,-0.5348796978967769
2023,12,Belgian Grand Prix,Circuit de Spa-Francorchamps,zhou,7,1,24.449,alfa,0,25.269799999999996,1,194,109,23.255090140149825,23.635175081944556,1.1939098598501765,0.8138249180554453
2023,12,Belgian Grand Prix,Circuit de Spa-Francorchamps,zhou,25,2,24.045,alfa,0,25.269799999999996,1,194,109,23.255090140149825,23.635045136059972,0.7899098598501766,0.40995486394002967
2023,13,Dutch Grand Prix,Circuit Park Zandvoort,albon,63,3,2.443475,williams,0,2.465966,0,271,144,18.79130054190977,1.6954099959013775,-16.34782554190977,0.7480650040986223
2023,13,Dutch Grand Prix,Circuit Park Zandvoort,alonso,64,5,2.455302,aston_martin,0,2.465966,0,271,144,17.757331681044523,3.9432860475253535,-15.302029681044523,-1.4879840475253534
2023,13,Dutch Grand Prix,Circuit Park Zandvoort,bottas,63,4,2.4051129999999996,alfa,0,2.465966,0,194,144,17.736247147808875,3.9958563491989905,-15.331134147808875,-1.5907433491989909
2023,13,Dutch Grand Prix,Circuit Park Zandvoort,gasly,64,5,2.4431689999999997,alpine,0,2.465966,0,249,144,17.761788307223867,4.045509660886429,-15.318619307223868,-1.6023406608864295
2023,13,Dutch Grand Prix,Circuit Park Zandvoort,hamilton,64,5,2.431108,mercedes,0,2.465966,0,278,144,17.940470963404838,3.7856311130776943,-15.509362963404838,-1.3545231130776942
2023,13,Dutch Grand Prix,Circuit Park Zandvoort,hulkenberg,63,4,2.410704,haas,0,2.465966,0,272,144,18.93985027384142,4.695116069994179,-16.52914627384142,-2.284412069994179
2023,13,Dutch Grand Prix,Circuit Park Zandvoort,kevinmagnussen,63,5,2.394733,haas,0,2.465966,0,272,144,18.93985027384142,4.841618328281891,-16.54511727384142,-2.446885328281891
2023,13,Dutch Grand Prix,Circuit Park Zandvoort,lawson,63,6,2.3963400000000004,alphatauri,0,2.465966,0,202,144,17.27965194057522,-0.6696823492085362,-14.88331194057522,3.0660223492085366
2023,13,Dutch Grand Prix,Circuit Park Zandvoort,maxverstappen,64,6,2.483382,red_bull,0,2.465966,1,292,144,17.49230561271907,20.07329960047395,-15.008923612719068,-17.58991760047395
2023,13,Dutch Grand Prix,Circuit Park Zandvoort,norris,63,5,2.443212,mclaren,0,2.465966,0,270,144,17.543031270435275,3.639908302419182,-15.099819270435276,-1.196696302419182
2023,13,Dutch Grand Prix,Circuit Park Zandvoort,ocon,63,5,2.432201,alpine,0,2.465966,0,249,144,17.761788307223867,4.027434192656152,-15.329587307223868,-1.5952331926561518
2023,13,Dutch Grand Prix,Circuit Park Zandvoort,perez,63,5,2.461612,red_bull,0,2.465966,0,292,144,17.49230561271907,3.15894153579278,-15.030693612719068,-0.6973295357927798
2023,13,Dutch Grand Prix,Circuit Park Zandvoort,piastri,63,4,2.434653,mclaren,0,2.465966,0,270,144,17.543031270435275,3.4934060441314703,-15.108378270435274,-1.0587530441314703
2023,13,Dutch Grand Prix,Circuit Park Zandvoort,russell,63,5,2.446251,mercedes,0,2.465966,0,278,144,17.940470963404838,3.767555644847418,-15.494219963404838,-1.3213046448474177
2023,13,Dutch Grand Prix,Circuit Park Zandvoort,sainz,64,5,2.4431469999999997,ferrari,0,2.465966,0,259,144,17.569435891025677,3.5769337876188065,-15.126288891025677,-1.1337867876188068
2023,13,Dutch Grand Prix,Circuit Park Zandvoort,stroll,63,6,2.4107339999999997,aston_martin,0,2.465966,0,271,144,17.757331681044523,-0.5417404074672407,-15.346597681044523,2.9524744074672404
2023,13,Dutch Grand Prix,Circuit Park Zandvoort,tsunoda,63,4,2.414895,alphatauri,0,2.465966,0,202,144,17.27965194057522,3.6507663792660687,-14.864756940575221,-1.2358713792660687
2023,14,Italian Grand Prix,Autodromo Nazionale di Monza,albon,15,1,24.538,williams,0,27.119799999999998,1,271,104,26.196787115248917,25.561765240916955,-1.6587871152489164,-1.0237652409169549
2023,14,Italian Grand Prix,Autodromo Nazionale di Monza,alonso,21,1,24.798,aston_martin,0,27.119799999999998,1,271,104,25.162818254383666,25.36839354078902,-0.36481825438366755,-0.5703935407890235
2023,14,Italian Grand Prix,Autodromo Nazionale di Monza,bottas,25,1,24.658,alfa,0,27.119799999999998,1,194,104,25.141733721148018,25.657843441901754,-0.4837337211480168,-0.9998434419017528
2023,14,Italian Grand Prix,Autodromo Nazionale di Monza,gasly,10,1,27.376,alpine,0,27.119799999999998,1,249,104,25.16727488056301,25.271787003617053,2.2087251194369912,2.104212996382948
2023,14,Italian Grand Prix,Autodromo Nazionale di Monza,gasly,31,2,24.686,alpine,0,27.119799999999998,1,249,104,25.16727488056301,25.3258834624233,-0.48127488056301004,-0.639883462423299
2023,14,Italian Grand Prix,Autodromo Nazionale di Monza,hamilton,27,1,24.255,mercedes,0,27.119799999999998,1,278,104,25.34595753674398,25.319191415723026,-1.090957536743982,-1.0641914157230268
2023,14,Italian Grand Prix,Autodromo Nazionale di Monza,hulkenberg,14,1,26.095,haas,0,27.119799999999998,1,272,104,26.345336847180562,26.1582730121639,-0.2503368471805629,-0.06327301216390069
2023,14,Italian Grand Prix,Autodromo Nazionale di Monza,hulkenberg,39,2,24.328,haas,0,27.119799999999998,1,272,104,26.345336847180562,26.284671343891254,-2.0173368471805624,-1.956671343891255
2023,14,Italian Grand Prix,Autodromo Nazionale di Monza,kevinmagnussen,12,1,24.66,haas,0,27.119799999999998,1,272,104,26.345336847180562,26.12212207570335,-1.6853368471805616,-1.4621220757033484
2023,14,Italian Grand Prix,Autodromo Nazionale di Monza,kevinmagnussen,33,2,24.765,haas,0,27.119799999999998,1,272,104,26.345336847180562,26.176218534509594,-1.5803368471805612,-1.4112185345095938
2023,14,Italian Grand Prix,Autodromo Nazionale di Monza,lawson,13,1,24.212,alphatauri,0,27.119799999999998,1,202,104,24.685138513914367,25.095847853205512,-0.47313851391436756,-0.8838478532055127
2023,14,Italian Grand Prix,Autodromo Nazionale di Monza,lawson,33,2,24.281,alphatauri,0,27.119799999999998,1,202,104,24.685138513914367,25.131868843781483,-0.4041385139143685,-0.850868843781484
2023,14,Italian Grand Prix,Autodromo Nazionale di Monza,leclerc,20,1,23.931,ferrari,0,27.119799999999998,1,259,104,24.97492246436482,24.983965812652198,-1.0439224643648188,-1.0529658126521966
2023,14,Italian Grand Prix,Autodromo Nazionale di Monza,maxverstappen,20,1,24.228,red_bull,0,27.119799999999998,1,292,104,24.89779218605821,24.584049029056448,-0.6697921860582099,-0.35604902905644664
2023,14,Italian Grand Prix,Autodromo Nazionale di Monza,norris,22,1,23.727,mclaren,0,27.119799999999998,1,270,104,24.948517843774418,25.1011667321434,-1.2215178437744179,-1.3741667321434008
2023,14,Italian Grand Prix,Autodromo Nazionale di Monza,ocon,24,1,24.249,alpine,0,27.119799999999998,1,249,104,25.16727488056301,25.524843558840928,-0.9182748805630112,-1.2758435588409291
2023,14,Italian Grand Prix,Autodromo Nazionale di Monza,perez,21,1,23.819,red_bull,0,27.119799999999998,1,292,104,24.89779218605821,24.602124497286727,-1.0787921860582124,-0.7831244972867282
2023,14,Italian Grand Prix,Autodromo Nazionale di Monza,piastri,23,1,24.133,mclaren,0,27.119799999999998,1,270,104,24.948517843774418,25.11924220037368,-0.815517843774419,-0.986242200373681
2023,14,Italian Grand Prix,Autodromo Nazionale di Monza,piastri,41,2,31.799,mclaren,0,27.119799999999998,1,270,104,24.948517843774418,25.119112254489096,6.850482156225581,6.679887745510904
2023,14,Italian Grand Prix,Autodromo Nazionale di Monza,russell,19,1,24.215,mercedes,0,27.119799999999998,1,278,104,25.34595753674398,25.174587669880808,-1.1309575367439813,-0.9595876698808077
2023,14,Italian Grand Prix,Autodromo Nazionale di Monza,sainz,19,1,25.183,ferrari,0,27.119799999999998,1,259,104,24.97492246436482,24.965890344421922,0.20807753563518006,0.21710965557807782
2023,14,Italian Grand Prix,Autodromo Nazionale di Monza,sargeant,14,1,24.779,williams,0,27.119799999999998,1,271,104,26.196787115248917,25.543689772686676,-1.4177871152489168,-0.7646897726866762
2023,14,Italian Grand Prix,Autodromo Nazionale di Monza,stroll,20,1,25.667,aston_martin,0,27.119799999999998,1,271,104,25.162818254383666,25.350318072558743,0.5041817456163358,0.3166819274412589
2023,14,Italian Grand Prix,Autodromo Nazionale di Monza,zhou,11,1,24.396,alfa,0,27.119799999999998,1,194,104,25.141733721148018,25.40478688667788,-0.7457337211480173,-1.0087868866778784
2023,14,Italian Grand Prix,Autodromo Nazionale di Monza,zhou,33,2,25.959,alfa,0,27.119799999999998,1,194,104,25.141733721148018,25.476958813714404,0.8172662788519816,0.48204118628559556
2023,15,Singapore Grand Prix,Marina Bay Street Circuit,albon,20,1,30.138,williams,0,49.26579999999995,1,271,69,32.187927899168514,31.566603846867025,-2.0499278991685124,-1.4286038468670235
2023,15,Singapore Grand Prix,Marina Bay Street Circuit,albon,43,2,29.787,williams,0,49.26579999999995,1,271,69,32.187927899168514,31.656851242133822,-2.400927899168515,-1.869851242133823
2023,15,Singapore Grand Prix,Marina Bay Street Circuit,alonso,20,1,30.67,aston_martin,0,49.26579999999995,1,271,69,31.153959038303267,31.26477933735743,-0.48395903830326503,-0.5947793373574299
2023,15,Singapore Grand Prix,Marina Bay Street Circuit,alonso,44,2,52.708,aston_martin,0,49.26579999999995,1,271,69,31.153959038303267,31.37310220085451,21.55404096169673,21.334897799145487
2023,15,Singapore Grand Prix,Marina Bay Street Circuit,bottas,40,1,30.487,alfa,0,49.26579999999995,1,194,69,31.13287450506762,31.843436730154593,-0.6458745050676207,-1.356436730154595
2023,15,Singapore Grand Prix,Marina Bay Street Circuit,gasly,20,1,31.802,alpine,0,49.26579999999995,1,249,69,31.15841566448261,31.367002950718508,0.6435843355173887,0.43499704928149185
2023,15,Singapore Grand Prix,Marina Bay Street Circuit,hamilton,20,1,32.631,mercedes,0,49.26579999999995,1,278,69,31.337098320663586,31.107124402909776,1.2939016793364146,1.5238755970902247
2023,15,Singapore Grand Prix,Marina Bay Street Circuit,hamilton,44,2,33.581,mercedes,0,49.26579999999995,1,278,69,31.337098320663586,31.21544726640685,2.2439016793364175,2.3655527335931517
2023,15,Singapore Grand Prix,Marina Bay Street Circuit,hulkenberg,20,1,35.497,haas,0,49.26579999999995,1,272,69,32.336477631100166,32.18118708634425,3.1605223688998336,3.3158129136557477
2023,15,Singapore Grand Prix,Marina Bay Street Circuit,kevinmagnussen,20,1,31.475,haas,0,49.26579999999995,1,272,69,32.336477631100166,32.18118708634425,-0.8614776311001648,-0.7061870863442508
2023,15,Singapore Grand Prix,Marina Bay Street Circuit,kevinmagnussen,43,2,33.078,haas,0,49.26579999999995,1,272,69,32.336477631100166,32.271434481611045,0.7415223688998367,0.8065655183889575
2023,15,Singapore Grand Prix,Marina Bay Street Circuit,lawson,20,1,32.348,alphatauri,0,49.26579999999995,1,202,69,30.67627929783397,31.13683739561614,1.6717207021660307,1.2111626043838584
2023,15,Singapore Grand Prix,Marina Bay Street Circuit,leclerc,20,1,32.888,ferrari,0,49.26579999999995,1,259,69,30.96606324828442,30.89842707745089,1.9219367517155774,1.9895729225491081
2023,15,Singapore Grand Prix,Marina Bay Street Circuit,maxverstappen,40,1,29.698,red_bull,0,49.26579999999995,1,292,69,30.888932969977812,30.86001965846067,-1.190932969977812,-1.1620196584606681
2023,15,Singapore Grand Prix,Marina Bay Street Circuit,norris,20,1,29.485,mclaren,0,49.26579999999995,1,270,69,30.93965862769402,30.979477060481535,-1.4546586276940197,-1.494477060481536
2023,15,Singapore Grand Prix,Marina Bay Street Circuit,ocon,20,1,29.755,alpine,0,49.26579999999995,1,249,69,31.15841566448261,31.367002950718508,-1.403415664482612,-1.6120029507185087
2023,15,Singapore Grand Prix,Marina Bay Street Circuit,perez,39,1,28.977,red_bull,0,49.26579999999995,1,292,69,30.888932969977812,30.841944190230393,-1.911932969977812,-1.8649441902303927
2023,15,Singapore Grand Prix,Marina Bay Street Circuit,piastri,20,1,29.369,mclaren,0,49.26579999999995,1,270,69,30.93965862769402,30.979477060481535,-1.5706586276940193,-1.6104770604815357
2023,15,Singapore Grand Prix,Marina Bay Street Circuit,russell,20,1,29.976,mercedes,0,49.26579999999995,1,278,69,31.337098320663586,31.107124402909776,-1.3610983206635865,-1.1311244029097764
2023,15,Singapore Grand Prix,Marina Bay Street Circuit,russell,44,2,30.039,mercedes,0,49.26579999999995,1,278,69,31.337098320663586,31.21544726640685,-1.298098320663584,-1.17644726640685
2023,15,Singapore Grand Prix,Marina Bay Street Circuit,sainz,20,1,29.499,ferrari,0,49.26579999999995,1,259,69,30.96606324828442,30.89842707745089,-1.467063248284422,-1.3994270774508912
2023,15,Singapore Grand Prix,Marina Bay Street Circuit,sargeant,19,1,63.543,williams,0,49.26579999999995,1,271,69,32.187927899168514,31.548528378636746,31.355072100831485,31.994471621363253
2023,15,Singapore Grand Prix,Marina Bay Street Circuit,sargeant,43,2,31.018,williams,0,49.26579999999995,1,271,69,32.187927899168514,31.656851242133822,-1.1699278991685134,-0.6388512421338213
2023,15,Singapore Grand Prix,Marina Bay Street Circuit,zhou,2,1,30.032,alfa,0,49.26579999999995,1,194,69,31.13287450506762,31.15656893740408,-1.100874505067619,-1.1245689374040815
2023,15,Singapore Grand Prix,Marina Bay Street Circuit,zhou,20,2,30.637,alfa,0,49.26579999999995,1,194,69,31.13287450506762,31.156438991519494,-0.49587450506761854,-0.5194389915194932
2023,16,Japanese Grand Prix,Suzuka Circuit,perez,13,3,2.485913,red_bull,0,2.485913,1,292,24,23.59692417701123,23.582270574039605,-21.11101117701123,-21.096357574039605
2023,17,Qatar Grand Prix,Losail International Circuit,albon,18,1,29.253,williams,0,33.1974,1,271,141,29.231430953309335,28.398712995360356,0.02156904669066506,0.8542870046396445
2023,17,Qatar Grand Prix,Losail International Circuit,albon,31,2,28.747,williams,0,33.1974,1,271,141,29.231430953309335,28.30820570832439,-0.48443095330933517,0.43879429167560957
2023,17,Qatar Grand Prix,Losail International Circuit,albon,44,3,28.981,williams,0,33.1974,1,271,141,29.231430953309335,29.21263178513739,-0.2504309533093334,-0.23163178513738814
2023,17,Qatar Grand Prix,Losail International Circuit,alonso,11,1,28.373,aston_martin,0,33.1974,1,271,141,28.197462092444084,27.970360208238823,0.17553790755591692,0.40263979176117815
2023,17,Qatar Grand Prix,Losail International Circuit,alonso,26,2,28.432,aston_martin,0,33.1974,1,271,141,28.197462092444084,27.91600385766341,0.23453790755591442,0.51599614233659
2023,17,Qatar Grand Prix,Losail International Circuit,alonso,44,3,28.393,aston_martin,0,33.1974,1,271,141,28.197462092444084,28.910807275627796,0.1955379075559165,-0.5178072756277956
2023,17,Qatar Grand Prix,Losail International Circuit,bottas,3,1,29.977,alfa,0,33.1974,1,194,141,28.176377559208436,28.04290449058824,1.8006224407915639,1.9340955094117618
2023,17,Qatar Grand Prix,Losail International Circuit,bottas,21,2,29.387,alfa,0,33.1974,1,194,141,28.176377559208436,28.042774544703654,1.210622440791564,1.3442254552963462
2023,17,Qatar Grand Prix,Losail International Circuit,bottas,39,3,28.946,alfa,0,33.1974,1,194,141,28.176377559208436,29.037577962668042,0.769622440791565,-0.09157796266804041
2023,17,Qatar Grand Prix,Losail International Circuit,gasly,11,1,28.429,alpine,0,33.1974,1,249,141,28.20191871862343,28.072583821599903,0.22708128137657013,0.3564161784000959
2023,17,Qatar Grand Prix,Losail International Circuit,gasly,26,2,30.192,alpine,0,33.1974,1,249,141,28.20191871862343,28.01822747102449,1.9900812813765718,2.173772528975512
2023,17,Qatar Grand Prix,Losail International Circuit,gasly,44,3,34.856,alpine,0,33.1974,1,249,141,28.20191871862343,29.013030888988876,6.654081281376573,5.842969111011126
2023,17,Qatar Grand Prix,Losail International Circuit,hulkenberg,13,1,39.879,haas,0,33.1974,1,272,141,29.37998068524098,28.922918893686198,10.499019314759018,10.9560811063138
2023,17,Qatar Grand Prix,Losail International Circuit,hulkenberg,27,2,28.274,haas,0,33.1974,1,272,141,29.37998068524098,28.850487074880505,-1.1059806852409793,-0.5764870748805038
2023,17,Qatar Grand Prix,Losail International Circuit,hulkenberg,39,3,28.591,haas,0,33.1974,1,272,141,29.37998068524098,29.736837683463232,-0.7889806852409791,-1.1458376834632311
2023,17,Qatar Grand Prix,Losail International Circuit,kevinmagnussen,3,1,28.743,haas,0,33.1974,1,272,141,29.37998068524098,28.74216421138343,-0.6369806852409816,8.357886165697437e-4
2023,17,Qatar Grand Prix,Losail International Circuit,kevinmagnussen,21,2,28.948,haas,0,33.1974,1,272,141,29.37998068524098,28.742034265498845,-0.43198068524097977,0.20596573450115585
2023,17,Qatar Grand Prix,Losail International Circuit,kevinmagnussen,39,3,30.331,haas,0,33.1974,1,272,141,29.37998068524098,29.736837683463232,0.9510193147590194,0.5941623165367673
2023,17,Qatar Grand Prix,Losail International Circuit,lawson,3,1,29.33,alphatauri,0,33.1974,1,202,141,27.719782351974786,27.697814520655317,1.6102176480252126,1.632185479344681
2023,17,Qatar Grand Prix,Losail International Circuit,lawson,21,2,28.665,alphatauri,0,33.1974,1,202,141,27.719782351974786,27.697684574770733,0.9452176480252135,0.9673154252292662
2023,17,Qatar Grand Prix,Losail International Circuit,lawson,39,3,28.171,alphatauri,0,33.1974,1,202,141,27.719782351974786,28.69248799273512,0.4512176480252137,-0.5214879927351213
2023,17,Qatar Grand Prix,Losail International Circuit,leclerc,12,1,28.228,ferrari,0,33.1974,1,259,141,28.009566302425238,27.622083416562557,0.21843369757476339,0.6059165834374447
2023,17,Qatar Grand Prix,Losail International Circuit,leclerc,25,2,27.873,ferrari,0,33.1974,1,259,141,28.009566302425238,27.53157612952659,-0.13656630242523704,0.3414238704734096
2023,17,Qatar Grand Prix,Losail International Circuit,leclerc,43,3,27.513,ferrari,0,33.1974,1,259,141,28.009566302425238,28.52637954749098,-0.49656630242523647,-1.0133795474909775
2023,17,Qatar Grand Prix,Losail International Circuit,maxverstappen,17,1,28.233,red_bull,0,33.1974,1,292,141,27.93243602411863,27.31254397411819,0.30056397588137074,0.920456025881812
2023,17,Qatar Grand Prix,Losail International Circuit,maxverstappen,34,2,28.103,red_bull,0,33.1974,1,292,141,27.93243602411863,27.294338560003332,0.17056397588137173,0.8086614399966692
2023,17,Qatar Grand Prix,Losail International Circuit,maxverstappen,51,3,29.726,red_bull,0,33.1974,1,292,141,27.93243602411863,28.27106650973744,1.7935639758813693,1.4549334902625581
2023,17,Qatar Grand Prix,Losail International Circuit,norris,13,1,28.134,mclaren,0,33.1974,1,270,141,27.983161681834837,27.721208867823485,0.1508383181651638,0.4127911321765154
2023,17,Qatar Grand Prix,Losail International Circuit,norris,27,2,27.611,mclaren,0,33.1974,1,270,141,27.983161681834837,27.648777049017795,-0.3721616818348359,-0.03777704901779444
2023,17,Qatar Grand Prix,Losail International Circuit,norris,44,3,27.677,mclaren,0,33.1974,1,270,141,27.983161681834837,28.625504998751904,-0.30616168183483694,-0.9485049987519041
2023,17,Qatar Grand Prix,Losail International Circuit,ocon,10,1,28.961,alpine,0,33.1974,1,249,141,28.20191871862343,28.054508353369627,0.7590812813765702,0.9064916466303714
2023,17,Qatar Grand Prix,Losail International Circuit,ocon,25,2,28.969,alpine,0,33.1974,1,249,141,28.20191871862343,28.000152002794213,0.7670812813765728,0.9688479972057884
2023,17,Qatar Grand Prix,Losail International Circuit,ocon,43,3,29.169,alpine,0,33.1974,1,249,141,28.20191871862343,28.9949554207586,0.9670812813765721,0.17404457924140004
2023,17,Qatar Grand Prix,Losail International Circuit,perez,17,1,27.808,red_bull,0,33.1974,1,292,141,27.93243602411863,27.31254397411819,-0.12443602411862997,0.49545602588181126
2023,17,Qatar Grand Prix,Losail International Circuit,perez,31,2,33.246,red_bull,0,33.1974,1,292,141,27.93243602411863,27.240112155312502,5.313563975881372,6.0058878446875
2023,17,Qatar Grand Prix,Losail International Circuit,perez,43,3,33.165,red_bull,0,33.1974,1,292,141,27.93243602411863,28.12646276389523,5.232563975881369,5.038537236104769
2023,17,Qatar Grand Prix,Losail International Circuit,piastri,12,1,28.875,mclaren,0,33.1974,1,270,141,27.983161681834837,27.70313339959321,0.8918383181651635,1.1718666004067906
2023,17,Qatar Grand Prix,Losail International Circuit,piastri,25,2,27.868,mclaren,0,33.1974,1,270,141,27.983161681834837,27.61262611255724,-0.11516168183483799,0.255373887442758
2023,17,Qatar Grand Prix,Losail International Circuit,piastri,43,3,27.489,mclaren,0,33.1974,1,270,141,27.983161681834837,28.607429530521628,-0.4941616818348358,-1.1184295305216274
2023,17,Qatar Grand Prix,Losail International Circuit,russell,14,2,28.542,mercedes,0,33.1974,1,278,141,28.3806013748044,27.54144330445243,0.1613986251956021,1.0005566955475729
2023,17,Qatar Grand Prix,Losail International Circuit,russell,32,3,28.314,mercedes,0,33.1974,1,278,141,28.3806013748044,28.53624672241682,-0.06660137480439943,-0.22224672241681986
2023,17,Qatar Grand Prix,Losail International Circuit,russell,50,4,28.191,mercedes,0,33.1974,1,278,141,28.3806013748044,31.246727985177376,-0.18960137480440054,-3.055727985177377
2023,17,Qatar Grand Prix,Losail International Circuit,sargeant,13,1,29.436,williams,0,33.1974,1,271,141,29.231430953309335,28.308335654208975,0.2045690466906649,1.1276643457910254
2023,17,Qatar Grand Prix,Losail International Circuit,sargeant,26,2,29.373,williams,0,33.1974,1,271,141,29.231430953309335,28.217828367173002,0.14156904669066606,1.155171632826999
2023,17,Qatar Grand Prix,Losail International Circuit,stroll,3,1,28.886,aston_martin,0,33.1974,1,271,141,28.197462092444084,27.825756462396612,0.688537907555915,1.0602435376033874
2023,17,Qatar Grand Prix,Losail International Circuit,stroll,21,2,28.156,aston_martin,0,33.1974,1,271,141,28.197462092444084,27.825626516512028,-0.041462092444085386,0.33037348348797124
2023,17,Qatar Grand Prix,Losail International Circuit,stroll,39,3,29.399,aston_martin,0,33.1974,1,271,141,28.197462092444084,28.820429934476415,1.2015379075559167,0.5785700655235857
2023,17,Qatar Grand Prix,Losail International Circuit,tsunoda,9,1,27.781,alphatauri,0,33.1974,1,202,141,27.719782351974786,27.806267330036977,0.06121764802521312,-0.025267330036978564
2023,17,Qatar Grand Prix,Losail International Circuit,tsunoda,22,2,27.596,alphatauri,0,33.1974,1,202,141,27.719782351974786,27.715760043001012,-0.1237823519747856,-0.11976004300101195
2023,17,Qatar Grand Prix,Losail International Circuit,tsunoda,40,3,27.809,alphatauri,0,33.1974,1,202,141,27.719782351974786,28.7105634609654,0.08921764802521537,-0.9015634609653986
2023,17,Qatar Grand Prix,Losail International Circuit,zhou,18,1,28.984,alfa,0,33.1974,1,194,141,28.176377559208436,28.31403651404239,0.8076224407915653,0.6699634859576129
2023,17,Qatar Grand Prix,Losail International Circuit,zhou,35,2,28.854,alfa,0,33.1974,1,194,141,28.176377559208436,28.295831099927526,0.6776224407915628,0.5581689000724737
2023,17,Qatar Grand Prix,Losail International Circuit,zhou,52,3,28.815,alfa,0,33.1974,1,194,141,28.176377559208436,29.27255904966164,0.6386224407915648,-0.45755904966163996
2023,18,United States Grand Prix,Circuit of the Americas,albon,10,1,24.563,williams,0,25.85525,1,271,135,25.848934425862964,25.18508501970451,-1.2859344258629655,-0.6220850197045102
2023,18,United States Grand Prix,Circuit of the Americas,albon,29,2,24.354,williams,0,25.85525,1,271,135,25.848934425862964,25.203030542050204,-1.494934425862965,-0.8490305420502047
2023,18,United States Grand Prix,Circuit of the Americas,alonso,19,1,25.055,aston_martin,0,25.85525,1,271,135,24.814965564997717,25.04593972426741,0.24003443500228272,0.009060275732590384
2023,18,United States Grand Prix,Circuit of the Americas,alonso,42,2,24.823,aston_martin,0,25.85525,1,271,135,24.814965564997717,25.13618711953421,0.008034435002283402,-0.3131871195342093
2023,18,United States Grand Prix,Circuit of the Americas,bottas,10,1,24.783,alfa,0,25.85525,1,194,135,24.79388103176207,25.100408538386546,-0.010881031762068005,-0.3174085383865446
2023,18,United States Grand Prix,Circuit of the Americas,bottas,28,2,25.02,alfa,0,25.85525,1,194,135,24.79388103176207,25.10027859250196,0.22611896823793032,-0.08027859250196201
2023,18,United States Grand Prix,Circuit of the Americas,gasly,18,1,23.9,alpine,0,25.85525,1,249,135,24.81942219117706,25.13008786939821,-0.9194221911770626,-1.2300878693982114
2023,18,United States Grand Prix,Circuit of the Americas,gasly,37,2,24.88,alpine,0,25.85525,1,249,135,24.81942219117706,25.148033391743905,0.06057780882293784,-0.2680333917439057
2023,18,United States Grand Prix,Circuit of the Americas,hamilton,20,1,24.916,mercedes,0,25.85525,1,278,135,24.998104847358036,24.90636025805003,-0.08210484735803547,0.009639741949971636
2023,18,United States Grand Prix,Circuit of the Americas,hamilton,38,2,24.648,mercedes,0,25.85525,1,278,135,24.998104847358036,24.906230312165444,-0.35010484735803615,-0.2582303121654448
2023,18,United States Grand Prix,Circuit of the Americas,hulkenberg,19,1,26.573,haas,0,25.85525,1,272,135,25.997484157794613,25.962347473254223,0.5755158422053874,0.6106525267457776
2023,18,United States Grand Prix,Circuit of the Americas,hulkenberg,34,2,24.308,haas,0,25.85525,1,272,135,25.997484157794613,25.90799112267881,-1.6894841577946131,-1.5999911226788086
2023,18,United States Grand Prix,Circuit of the Americas,kevinmagnussen,10,1,25.067,haas,0,25.85525,1,272,135,25.997484157794613,25.799668259181733,-0.9304841577946128,-0.7326682591817324
2023,18,United States Grand Prix,Circuit of the Americas,kevinmagnussen,29,2,24.745,haas,0,25.85525,1,272,135,25.997484157794613,25.817613781527427,-1.252484157794612,-1.0726137815274264
2023,18,United States Grand Prix,Circuit of the Americas,leclerc,23,1,23.963,ferrari,0,25.85525,1,259,135,24.62706977497887,24.751889337281973,-0.66406977497887,-0.7888893372819723
2023,18,United States Grand Prix,Circuit of the Americas,maxverstappen,16,1,23.756,red_bull,0,25.85525,1,292,135,24.549939496672263,24.22544427607428,-0.7939394966722624,-0.46944427607428096
2023,18,United States Grand Prix,Circuit of the Americas,maxverstappen,35,2,24.974,red_bull,0,25.85525,1,292,135,24.549939496672263,24.243389798419976,0.4240605033277376,0.7306102015800242
2023,18,United States Grand Prix,Circuit of the Americas,norris,17,1,24.155,mclaren,0,25.85525,1,270,135,24.60066515438847,24.724486510930962,-0.4456651543884682,-0.569486510930961
2023,18,United States Grand Prix,Circuit of the Americas,norris,34,2,23.361,mclaren,0,25.85525,1,270,135,24.60066515438847,24.706281096816102,-1.2396651543884687,-1.3452810968161018
2023,18,United States Grand Prix,Circuit of the Americas,perez,17,1,24.245,red_bull,0,25.85525,1,292,135,24.549939496672263,24.24351974430456,-0.3049394966722616,0.0014802556954407464
2023,18,United States Grand Prix,Circuit of the Americas,perez,37,2,23.747,red_bull,0,25.85525,1,292,135,24.549939496672263,24.279540734880527,-0.8029394966722627,-0.5325407348805271
2023,18,United States Grand Prix,Circuit of the Americas,ricciardo,22,1,24.364,alphatauri,0,25.85525,1,202,135,24.33728582452842,24.972224187216945,0.02671417547158228,-0.608224187216944
2023,18,United States Grand Prix,Circuit of the Americas,ricciardo,47,2,26.513,alphatauri,0,25.85525,1,202,135,24.33728582452842,25.0986225189443,2.175714175471583,1.414377481055702
2023,18,United States Grand Prix,Circuit of the Americas,russell,21,1,24.357,mercedes,0,25.85525,1,278,135,24.998104847358036,24.924435726280304,-0.6411048473580365,-0.5674357262803049
2023,18,United States Grand Prix,Circuit of the Americas,russell,39,2,23.969,mercedes,0,25.85525,1,278,135,24.998104847358036,24.92430578039572,-1.0291048473580346,-0.9553057803957188
2023,18,United States Grand Prix,Circuit of the Americas,sainz,17,1,23.668,ferrari,0,25.85525,1,259,135,24.62706977497887,24.643436527900313,-0.9590697749788717,-0.9754365279003139
2023,18,United States Grand Prix,Circuit of the Americas,sainz,35,2,23.673,ferrari,0,25.85525,1,259,135,24.62706977497887,24.64330658201573,-0.9540697749788727,-0.9703065820157306
2023,18,United States Grand Prix,Circuit of the Americas,sargeant,11,1,24.99,williams,0,25.85525,1,271,135,25.848934425862964,25.203160487934788,-0.8589344258629659,-0.2131604879347897
2023,18,United States Grand Prix,Circuit of the Americas,sargeant,32,2,25.547,williams,0,25.85525,1,271,135,25.848934425862964,25.257256946741034,-0.3019344258629637,0.28974305325896665
2023,18,United States Grand Prix,Circuit of the Americas,stroll,20,1,24.457,aston_martin,0,25.85525,1,271,135,24.814965564997717,25.06401519249769,-0.35796556499771626,-0.60701519249768765
2023,18,United States Grand Prix,Circuit of the Americas,stroll,40,2,23.955,aston_martin,0,25.85525,1,271,135,24.814965564997717,25.100036183073655,-0.8599655649977187,-1.1450361830736568
2023,18,United States Grand Prix,Circuit of the Americas,tsunoda,17,1,24.354,alphatauri,0,25.85525,1,202,135,24.33728582452842,24.881846846065564,0.016714175471580717,-0.5278468460655645
2023,18,United States Grand Prix,Circuit of the Americas,tsunoda,34,2,24.125,alphatauri,0,25.85525,1,202,135,24.33728582452842,24.8636414319507,-0.2122858245284185,-0.7386414319507004
2023,18,United States Grand Prix,Circuit of the Americas,tsunoda,54,3,23.472,alphatauri,0,25.85525,1,202,135,24.33728582452842,25.894595786375643,-0.8652858245284172,-2.4225957863756413
2023,18,United States Grand Prix,Circuit of the Americas,zhou,9,1,25.636,alfa,0,25.85525,1,194,135,24.79388103176207,25.08233307015627,0.84211896823793,0.5536669298437289
2023,18,United States Grand Prix,Circuit of the Americas,zhou,27,2,24.717,alfa,0,25.85525,1,194,135,24.79388103176207,25.082203124271686,-0.0768810317620705,-0.36520312427168733
2023,19,Mexico City Grand Prix,Autódromo Hermanos Rodríguez,albon,34,2,1.22798,williams,0,1.22970865,0,271,85,19.72969907165461,1.8314169982888506,-18.501719071654612,-0.6034369982888506
2023,19,Mexico City Grand Prix,Autódromo Hermanos Rodríguez,alonso,34,2,1.229837,aston_martin,0,1.22970865,1,271,85,18.695730210789364,22.89282607199247,-17.465893210789364,-21.66298907199247
2023,19,Mexico City Grand Prix,Autódromo Hermanos Rodríguez,bottas,34,2,1.229349,alfa,0,1.22970865,0,194,85,18.674645677553716,1.7467405169708856,-17.445296677553717,-0.5173915169708856
2023,19,Mexico City Grand Prix,Autódromo Hermanos Rodríguez,gasly,34,2,1.2256980000000002,alpine,0,1.22970865,0,249,85,18.700186836968708,1.6318161021403361,-17.474488836968707,-0.40611810214033595
2023,19,Mexico City Grand Prix,Autódromo Hermanos Rodríguez,hamilton,34,2,1.2129079999999999,mercedes,0,1.22970865,0,278,85,18.878869493149683,1.3719375543316006,-17.665961493149684,-0.1590295543316007
2023,19,Mexico City Grand Prix,Autódromo Hermanos Rodríguez,hulkenberg,34,2,1.219826,haas,0,1.22970865,0,272,85,19.87824880358626,2.446000237766074,-18.65842280358626,-1.226174237766074
2023,19,Mexico City Grand Prix,Autódromo Hermanos Rodríguez,leclerc,34,2,1.210512,ferrari,0,1.22970865,0,259,85,18.507834420770518,1.1632402288727135,-17.297322420770517,0.04727177112728653
2023,19,Mexico City Grand Prix,Autódromo Hermanos Rodríguez,maxverstappen,34,3,1.209136,red_bull,0,1.22970865,0,292,85,18.43070414246391,1.4327684350963694,-17.22156814246391,-0.22363243509636943
2023,19,Mexico City Grand Prix,Autódromo Hermanos Rodríguez,norris,34,3,1.226386,mclaren,0,1.22970865,0,270,85,18.481429800180116,1.9137352017227722,-17.255043800180115,-0.6873492017227723
2023,19,Mexico City Grand Prix,Autódromo Hermanos Rodríguez,ocon,34,1,1.226296,alpine,0,1.22970865,0,249,85,18.700186836968708,1.9573044761699008,-17.473890836968707,-0.7310084761699007
2023,19,Mexico City Grand Prix,Autódromo Hermanos Rodríguez,piastri,34,2,1.2190640000000001,mclaren,0,1.22970865,0,270,85,18.481429800180116,1.2442902119033654,-17.262365800180117,-0.02522621190336527
2023,19,Mexico City Grand Prix,Autódromo Hermanos Rodríguez,ricciardo,34,2,1.217136,alphatauri,0,1.22970865,0,202,85,18.218050470320065,1.4016505470379639,-17.000914470320065,-0.18451454703796388
2023,19,Mexico City Grand Prix,Autódromo Hermanos Rodríguez,russell,34,2,1.2182,mercedes,0,1.22970865,0,278,85,18.878869493149683,1.3719375543316006,-17.660669493149683,-0.15373755433160063
2023,19,Mexico City Grand Prix,Autódromo Hermanos Rodríguez,sainz,34,2,1.215432,ferrari,0,1.22970865,0,259,85,18.507834420770518,1.1632402288727135,-17.292402420770518,0.05219177112728657
2023,19,Mexico City Grand Prix,Autódromo Hermanos Rodríguez,sargeant,34,2,1.227718,williams,0,1.22970865,0,271,85,19.72969907165461,1.8314169982888506,-18.501981071654612,-0.6036989982888505
2023,19,Mexico City Grand Prix,Autódromo Hermanos Rodríguez,stroll,34,2,1.2296859999999998,aston_martin,0,1.22970865,0,271,85,18.695730210789364,1.5295924887792598,-17.466044210789363,-0.29990648877925996
2023,19,Mexico City Grand Prix,Autódromo Hermanos Rodríguez,tsunoda,34,2,1.218057,alphatauri,0,1.22970865,0,202,85,18.218050470320065,1.4016505470379639,-16.999993470320064,-0.18359354703796393
2023,19,Mexico City Grand Prix,Autódromo Hermanos Rodríguez,zhou,34,2,1.229539,alfa,0,1.22970865,0,194,85,18.674645677553716,1.7467405169708856,-17.445106677553717,-0.5172015169708857
2023,20,São Paulo Grand Prix,Autódromo José Carlos Pace,alonso,2,2,1.408154,aston_martin,0,1.4211103999999999,0,271,153,17.97241601295051,-0.14921737679907415,-16.56426201295051,1.557371376799074
2023,20,São Paulo Grand Prix,Autódromo José Carlos Pace,bottas,2,2,1.418156,alfa,0,1.4211103999999999,0,194,153,17.951331479714863,0.0679306513925517,-16.533175479714863,1.3502253486074483
2023,20,São Paulo Grand Prix,Autódromo José Carlos Pace,gasly,2,2,1.4167059999999998,alpine,0,1.4211103999999999,0,249,153,17.976872639129855,-0.04699376343799791,-16.560166639129854,1.4636997634379978
2023,20,São Paulo Grand Prix,Autódromo José Carlos Pace,hamilton,2,2,1.406375,mercedes,0,1.4211103999999999,0,278,153,18.15555529531083,-0.3068723112467332,-16.74918029531083,1.7132473112467332
2023,20,São Paulo Grand Prix,Autódromo José Carlos Pace,hulkenberg,2,2,1.421069,haas,0,1.4211103999999999,0,272,153,19.154934605747407,0.7671903721877401,-17.733865605747408,0.6538786278122598
2023,20,São Paulo Grand Prix,Autódromo José Carlos Pace,maxverstappen,2,2,1.402632,red_bull,0,1.4211103999999999,0,292,153,17.707389944625056,-0.9154864203013714,-16.304757944625056,2.3181184203013716
2023,20,São Paulo Grand Prix,Autódromo José Carlos Pace,norris,2,2,1.404611,mclaren,0,1.4211103999999999,0,270,153,17.758115602341263,-0.43451965367496875,-16.353504602341264,1.8391306536749688
2023,20,São Paulo Grand Prix,Autódromo José Carlos Pace,ocon,2,2,1.414725,alpine,0,1.4211103999999999,0,249,153,17.976872639129855,-0.04699376343799791,-16.562147639129854,1.461718763437998
2023,20,São Paulo Grand Prix,Autódromo José Carlos Pace,perez,2,2,1.411712,red_bull,0,1.4211103999999999,0,292,153,17.707389944625056,-0.9154864203013714,-16.295677944625055,2.3271984203013716
2023,20,São Paulo Grand Prix,Autódromo José Carlos Pace,russell,2,2,1.410984,mercedes,0,1.4211103999999999,0,278,153,18.15555529531083,-0.3068723112467332,-16.74457129531083,1.717856311246733
2023,20,São Paulo Grand Prix,Autódromo José Carlos Pace,sainz,2,2,1.4137039999999998,ferrari,0,1.4211103999999999,0,259,153,17.784520222931665,-0.5155696367056206,-16.370816222931666,1.9292736367056205
2023,20,São Paulo Grand Prix,Autódromo José Carlos Pace,sargeant,2,2,1.421207,williams,0,1.4211103999999999,1,271,153,19.006384873815758,21.51584071592373,-17.58517787381576,-20.09463371592373
2023,20,São Paulo Grand Prix,Autódromo José Carlos Pace,stroll,2,2,1.409984,aston_martin,0,1.4211103999999999,0,271,153,17.97241601295051,-0.14921737679907415,-16.56243201295051,1.559201376799074
2023,20,São Paulo Grand Prix,Autódromo José Carlos Pace,tsunoda,2,2,1.4154200000000001,alphatauri,0,1.4211103999999999,0,202,153,17.494736272481212,-0.27715931854037,-16.07931627248121,1.6925793185403701
2023,20,São Paulo Grand Prix,Autódromo José Carlos Pace,zhou,2,2,1.419945,alfa,0,1.4211103999999999,0,194,153,17.951331479714863,0.0679306513925517,-16.531386479714865,1.3520143486074483
2023,21,Las Vegas Grand Prix,Las Vegas Strip Street Circuit,albon,16,1,21.242,williams,0,25.310899999999997,1,271,67,22.553370498730153,22.17124340273021,-1.3113704987301524,-0.9292434027302079
2023,21,Las Vegas Grand Prix,Las Vegas Strip Street Circuit,alonso,26,2,23.214,aston_martin,0,25.310899999999997,1,271,67,21.519401637864906,21.724685201493823,1.6945983621350926,1.4893147985061752
2023,21,Las Vegas Grand Prix,Las Vegas Strip Street Circuit,bottas,24,2,21.575,alfa,0,25.310899999999997,1,194,67,21.49831710462926,21.905682293224892,0.07668289537074102,-0.33068229322489273
2023,21,Las Vegas Grand Prix,Las Vegas Strip Street Circuit,gasly,17,1,22.262,alpine,0,25.310899999999997,1,249,67,21.52385826404425,21.98971797481197,0.7381417359557503,0.27228202518803
2023,21,Las Vegas Grand Prix,Las Vegas Strip Street Circuit,hamilton,17,1,25.047,mercedes,0,25.310899999999997,1,278,67,21.702540920225225,21.72983942700324,3.3444590797747757,3.3171605729967624
2023,21,Las Vegas Grand Prix,Las Vegas Strip Street Circuit,hamilton,26,2,22.508,mercedes,0,25.310899999999997,1,278,67,21.702540920225225,21.567030267046164,0.8054590797747743,0.9409697329538353
2023,21,Las Vegas Grand Prix,Las Vegas Strip Street Circuit,hulkenberg,12,1,22.154,haas,0,25.310899999999997,1,272,67,22.701920230661802,22.713524769286327,-0.5479202306618021,-0.5595247692863268
2023,21,Las Vegas Grand Prix,Las Vegas Strip Street Circuit,hulkenberg,26,2,25.453,haas,0,25.310899999999997,1,272,67,22.701920230661802,22.641092950480637,2.7510797693381974,2.8119070495193625
2023,21,Las Vegas Grand Prix,Las Vegas Strip Street Circuit,kevinmagnussen,14,1,21.611,haas,0,25.310899999999997,1,272,67,22.701920230661802,22.74967570574688,-1.0909202306618013,-1.1386757057468806
2023,21,Las Vegas Grand Prix,Las Vegas Strip Street Circuit,kevinmagnussen,26,2,21.868,haas,0,25.310899999999997,1,272,67,22.701920230661802,22.641092950480637,-0.8339202306618034,-0.7730929504806383
2023,21,Las Vegas Grand Prix,Las Vegas Strip Street Circuit,leclerc,21,1,22.559,ferrari,0,25.310899999999997,1,259,67,21.33150584784606,21.593443974465455,1.227494152153941,0.9655560255345463
2023,21,Las Vegas Grand Prix,Las Vegas Strip Street Circuit,maxverstappen,16,1,26.686,red_bull,0,25.310899999999997,1,292,67,21.25437556953945,21.10314984971832,5.431624430460548,5.582850150281679
2023,21,Las Vegas Grand Prix,Las Vegas Strip Street Circuit,maxverstappen,26,2,21.323,red_bull,0,25.310899999999997,1,292,67,21.25437556953945,20.958416157991525,0.06862443046054878,0.36458384200847505
2023,21,Las Vegas Grand Prix,Las Vegas Strip Street Circuit,ocon,20,1,21.763,alpine,0,25.310899999999997,1,249,67,21.52385826404425,22.0439443795028,0.2391417359557515,-0.2809443795027988
2023,21,Las Vegas Grand Prix,Las Vegas Strip Street Circuit,perez,26,2,21.568,red_bull,0,25.310899999999997,1,292,67,21.25437556953945,20.958416157991525,0.3136244304605498,0.609583842008476
2023,21,Las Vegas Grand Prix,Las Vegas Strip Street Circuit,piastri,16,1,23.269,mclaren,0,25.310899999999997,1,270,67,21.30510122725566,21.584116616344723,1.96389877274434,1.6848833836552757
2023,21,Las Vegas Grand Prix,Las Vegas Strip Street Circuit,piastri,43,2,20.535,mclaren,0,25.310899999999997,1,270,67,21.30510122725566,21.74666588453263,-0.7701012272556582,-1.2116658845326285
2023,21,Las Vegas Grand Prix,Las Vegas Strip Street Circuit,ricciardo,17,1,22.242,alphatauri,0,25.310899999999997,1,202,67,21.041721897395607,21.7595524197096,1.2002781026043934,0.48244758029040113
2023,21,Las Vegas Grand Prix,Las Vegas Strip Street Circuit,russell,15,1,21.257,mercedes,0,25.310899999999997,1,278,67,21.702540920225225,21.693688490542684,-0.4455409202252234,-0.4366884905426822
2023,21,Las Vegas Grand Prix,Las Vegas Strip Street Circuit,russell,26,2,21.952,mercedes,0,25.310899999999997,1,278,67,21.702540920225225,21.567030267046164,0.24945907977477688,0.38496973295383796
2023,21,Las Vegas Grand Prix,Las Vegas Strip Street Circuit,sainz,3,1,21.261,ferrari,0,25.310899999999997,1,259,67,21.33150584784606,21.268085546320474,-0.07050584784606073,-0.007085546320475089
2023,21,Las Vegas Grand Prix,Las Vegas Strip Street Circuit,sainz,26,2,22.63,ferrari,0,25.310899999999997,1,259,67,21.33150584784606,21.358332941587275,1.298494152153939,1.2716670584127243
2023,21,Las Vegas Grand Prix,Las Vegas Strip Street Circuit,sargeant,15,1,21.367,williams,0,25.310899999999997,1,271,67,22.553370498730153,22.153167934499933,-1.1863704987301524,-0.7861679344999324
2023,21,Las Vegas Grand Prix,Las Vegas Strip Street Circuit,stroll,3,1,22.222,aston_martin,0,25.310899999999997,1,271,67,21.519401637864906,21.634437806227023,0.7025983621350953,0.5875621937729782
2023,21,Las Vegas Grand Prix,Las Vegas Strip Street Circuit,stroll,26,2,22.57,aston_martin,0,25.310899999999997,1,271,67,21.519401637864906,21.724685201493823,1.0505983621350943,0.8453147985061769
2023,21,Las Vegas Grand Prix,Las Vegas Strip Street Circuit,tsunoda,10,1,20.619,alphatauri,0,25.310899999999997,1,202,67,21.041721897395607,21.63302414209766,-0.4227218973956077,-1.0140241420976608
2023,21,Las Vegas Grand Prix,Las Vegas Strip Street Circuit,tsunoda,21,2,20.894,alphatauri,0,25.310899999999997,1,202,67,21.041721897395607,21.50636591860114,-0.14772189739560915,-0.6123659186011423
2023,21,Las Vegas Grand Prix,Las Vegas Strip Street Circuit,zhou,26,1,22.155,alfa,0,25.310899999999997,1,194,67,21.49831710462926,22.26732160371501,0.6566828953707429,-0.1123216037150101
2023,22,Abu Dhabi Grand Prix,Yas Marina Circuit,albon,16,1,22.17,williams,0,23.1684,1,271,125,23.38932015600743,22.769149616196096,-1.2193201560074272,-0.5991496161960939
2023,22,Abu Dhabi Grand Prix,Yas Marina Circuit,albon,43,2,21.919,williams,0,23.1684,1,271,125,23.38932015600743,22.931698884384,-1.4703201560074284,-1.012698884384001
2023,22,Abu Dhabi Grand Prix,Yas Marina Circuit,alonso,12,1,22.462,aston_martin,0,23.1684,1,271,125,22.355351295142185,22.395023233765393,0.10664870485781464,0.0669767662346068
2023,22,Abu Dhabi Grand Prix,Yas Marina Circuit,alonso,36,2,21.841,aston_martin,0,23.1684,1,271,125,22.355351295142185,22.50334609726247,-0.514351295142184,-0.6623460972624677
2023,22,Abu Dhabi Grand Prix,Yas Marina Circuit,bottas,29,1,22.665,alfa,0,23.1684,1,194,125,22.334266761906534,22.919454221871725,0.33073323809346533,-0.2544542218717254
2023,22,Abu Dhabi Grand Prix,Yas Marina Circuit,gasly,17,1,23.091,alpine,0,23.1684,1,249,125,22.359807921321526,22.587624188277854,0.7311920786784754,0.5033758117221474
2023,22,Abu Dhabi Grand Prix,Yas Marina Circuit,gasly,32,2,23.478,alpine,0,23.1684,1,249,125,22.359807921321526,22.53326783770244,1.1181920786784758,0.9447321622975622
2023,22,Abu Dhabi Grand Prix,Yas Marina Circuit,hamilton,15,1,22.195,mercedes,0,23.1684,1,278,125,22.5384905775025,22.291594704008567,-0.3434905775025001,-0.09659470400856662
2023,22,Abu Dhabi Grand Prix,Yas Marina Circuit,hamilton,35,2,22.045,mercedes,0,23.1684,1,278,125,22.5384905775025,22.327615694584537,-0.4934905775024987,-0.2826156945845355
2023,22,Abu Dhabi Grand Prix,Yas Marina Circuit,hulkenberg,13,1,21.861,haas,0,23.1684,1,272,125,23.53786988793908,23.32950645098249,-1.6768698879390804,-1.4685064509824883
2023,22,Abu Dhabi Grand Prix,Yas Marina Circuit,hulkenberg,33,2,22.081,haas,0,23.1684,1,272,125,23.53786988793908,23.365527441558456,-1.4568698879390816,-1.2845274415584562
2023,22,Abu Dhabi Grand Prix,Yas Marina Circuit,kevinmagnussen,5,1,22.764,haas,0,23.1684,1,272,125,23.53786988793908,23.184902705140274,-0.7738698879390817,-0.42090270514027495
2023,22,Abu Dhabi Grand Prix,Yas Marina Circuit,kevinmagnussen,22,2,22.163,haas,0,23.1684,1,272,125,23.53786988793908,23.166697291025415,-1.3748698879390808,-1.0036972910254143
2023,22,Abu Dhabi Grand Prix,Yas Marina Circuit,leclerc,17,1,21.919,ferrari,0,23.1684,1,259,125,22.167455505123336,22.119048315010232,-0.24845550512333503,-0.2000483150102319
2023,22,Abu Dhabi Grand Prix,Yas Marina Circuit,leclerc,35,2,21.246,ferrari,0,23.1684,1,259,125,22.167455505123336,22.118918369125648,-0.9214555051233368,-0.8729183691256495
2023,22,Abu Dhabi Grand Prix,Yas Marina Circuit,maxverstappen,16,1,21.662,red_bull,0,23.1684,1,292,125,22.090325226816727,21.701056063184208,-0.42832522681672813,-0.03905606318420851
2023,22,Abu Dhabi Grand Prix,Yas Marina Circuit,maxverstappen,43,2,21.275,red_bull,0,23.1684,1,292,125,22.090325226816727,21.863605331372113,-0.8153252268167286,-0.5886053313721149
2023,22,Abu Dhabi Grand Prix,Yas Marina Circuit,norris,14,1,24.061,mclaren,0,23.1684,1,270,125,22.141050884532937,22.145871893350055,1.9199491154670625,1.915128106649945
2023,22,Abu Dhabi Grand Prix,Yas Marina Circuit,norris,33,2,21.432,mclaren,0,23.1684,1,270,125,22.141050884532937,22.163817415695746,-0.7090508845329389,-0.7318174156957475
2023,22,Abu Dhabi Grand Prix,Yas Marina Circuit,ocon,15,1,22.16,alpine,0,23.1684,1,249,125,22.359807921321526,22.551473251817303,-0.19980792132152558,-0.3914732518173025
2023,22,Abu Dhabi Grand Prix,Yas Marina Circuit,perez,17,1,21.446,red_bull,0,23.1684,1,292,125,22.090325226816727,21.719131531414483,-0.6443252268167257,-0.27313153141448154
2023,22,Abu Dhabi Grand Prix,Yas Marina Circuit,perez,42,2,21.274,red_bull,0,23.1684,1,292,125,22.090325226816727,21.845529863141834,-0.8163252268167263,-0.5715298631418335
2023,22,Abu Dhabi Grand Prix,Yas Marina Circuit,piastri,13,1,21.697,mclaren,0,23.1684,1,270,125,22.141050884532937,22.127796425119776,-0.4440508845329383,-0.43079642511977667
2023,22,Abu Dhabi Grand Prix,Yas Marina Circuit,piastri,36,2,21.156,mclaren,0,23.1684,1,270,125,22.141050884532937,22.218043820386576,-0.9850508845329387,-1.0620438203865774
2023,22,Abu Dhabi Grand Prix,Yas Marina Circuit,ricciardo,7,1,21.692,alphatauri,0,23.1684,1,202,125,21.87767155467288,22.176703950872717,-0.18567155467287932,-0.4847039508727171
2023,22,Abu Dhabi Grand Prix,Yas Marina Circuit,ricciardo,31,2,21.74,alphatauri,0,23.1684,1,202,125,21.87767155467288,22.285026814369793,-0.13767155467288106,-0.5450268143697947
2023,22,Abu Dhabi Grand Prix,Yas Marina Circuit,russell,14,1,21.65,mercedes,0,23.1684,1,278,125,22.5384905775025,22.273519235778288,-0.8884905775025018,-0.6235192357782893
2023,22,Abu Dhabi Grand Prix,Yas Marina Circuit,russell,34,2,22.084,mercedes,0,23.1684,1,278,125,22.5384905775025,22.309540226354258,-0.45449057750250077,-0.22554022635425852
2023,22,Abu Dhabi Grand Prix,Yas Marina Circuit,sainz,23,1,21.229,ferrari,0,23.1684,1,259,125,22.167455505123336,22.227501124391893,-0.9384555051233363,-0.9985011243918933
2023,22,Abu Dhabi Grand Prix,Yas Marina Circuit,sainz,56,2,21.564,ferrari,0,23.1684,1,259,125,22.167455505123336,22.49850320196146,-0.6034555051233355,-0.9345032019614585
2023,22,Abu Dhabi Grand Prix,Yas Marina Circuit,sargeant,15,1,22.124,williams,0,23.1684,1,271,125,23.38932015600743,22.751074147965817,-1.26532015600743,-0.6270741479658177
2023,22,Abu Dhabi Grand Prix,Yas Marina Circuit,sargeant,41,2,21.88,williams,0,23.1684,1,271,125,23.38932015600743,22.895547947923447,-1.5093201560074299,-1.015547947923448
2023,22,Abu Dhabi Grand Prix,Yas Marina Circuit,stroll,22,1,21.866,aston_martin,0,23.1684,1,271,125,22.355351295142185,22.575777916068162,-0.48935129514218545,-0.7097779160681625
2023,22,Abu Dhabi Grand Prix,Yas Marina Circuit,stroll,42,2,21.667,aston_martin,0,23.1684,1,271,125,22.355351295142185,22.61179890664413,-0.6883512951421835,-0.9447989066441274
2023,22,Abu Dhabi Grand Prix,Yas Marina Circuit,tsunoda,22,1,21.486,alphatauri,0,23.1684,1,202,125,21.87767155467288,22.447835974326868,-0.39167155467287884,-0.961835974326867
2023,22,Abu Dhabi Grand Prix,Yas Marina Circuit,zhou,13,1,22.867,alfa,0,23.1684,1,194,125,22.334266761906534,22.6302467301873,0.5327332380934671,0.23675326981270217
2023,22,Abu Dhabi Grand Prix,Yas Marina Circuit,zhou,37,2,22.345,alfa,0,23.1684,1,194,125,22.334266761906534,22.738569593684375,0.010733238093465047,-0.3935695936843757
2024,1,Bahrain Grand Prix,Bahrain International Circuit,albon,15,1,24.681,williams,0,29.804099999999988,1,271,190,26.83779606192943,26.15895456406449,-2.1567960619294304,-1.4779545640644898
2024,1,Bahrain Grand Prix,Bahrain International Circuit,albon,36,2,24.61,williams,0,29.804099999999988,1,271,190,26.83779606192943,26.213051022870737,-2.227796061929432,-1.603051022870737
2024,1,Bahrain Grand Prix,Bahrain International Circuit,alonso,15,1,24.786,aston_martin,0,29.804099999999988,1,271,190,25.803827201064184,25.8571300545549,-1.0178272010641827,-1.0711300545548994
2024,1,Bahrain Grand Prix,Bahrain International Circuit,alonso,41,2,25.109,aston_martin,0,29.804099999999988,1,271,190,25.803827201064184,26.00160385451253,-0.6948272010641823,-0.8926038545125294
2024,1,Bahrain Grand Prix,Bahrain International Circuit,bottas,12,1,26.42,sauber,0,29.804099999999988,1,74,190,29.767487338120947,28.52696873023698,-3.3474873381209456,-2.1069687302369786
2024,1,Bahrain Grand Prix,Bahrain International Circuit,bottas,30,2,74.773,sauber,0,29.804099999999988,1,74,190,29.767487338120947,28.5268387843524,45.00551266187905,46.2461612156476
2024,1,Bahrain Grand Prix,Bahrain International Circuit,gasly,12,1,29.98,alpine,0,29.804099999999988,1,249,190,25.808283827243528,25.905127263225147,4.171716172756472,4.074872736774854
2024,1,Bahrain Grand Prix,Bahrain International Circuit,gasly,31,2,26.462,alpine,0,29.804099999999988,1,249,190,25.808283827243528,25.923072785570838,0.6537161727564715,0.5389272144291617
2024,1,Bahrain Grand Prix,Bahrain International Circuit,gasly,43,3,25.24,alpine,0,29.804099999999988,1,249,190,25.808283827243528,26.809423394153562,-0.5682838272435298,-1.5694233941535636
2024,1,Bahrain Grand Prix,Bahrain International Circuit,hamilton,12,1,25.087,mercedes,0,29.804099999999988,1,278,190,25.986966483424503,25.64524871541641,-0.8999664834245031,-0.5582487154164113
2024,1,Bahrain Grand Prix,Bahrain International Circuit,hamilton,33,2,24.094,mercedes,0,29.804099999999988,1,278,190,25.986966483424503,25.699345174222657,-1.8929664834245017,-1.6053451742226557
2024,1,Bahrain Grand Prix,Bahrain International Circuit,hulkenberg,20,2,24.768,haas,0,29.804099999999988,1,272,190,26.98634579386108,26.538426770663534,-2.2183457938610793,-1.7704267706635335
2024,1,Bahrain Grand Prix,Bahrain International Circuit,hulkenberg,41,3,24.387,haas,0,29.804099999999988,1,272,190,26.98634579386108,27.587456593318752,-2.5993457938610796,-3.2004565933187514
2024,1,Bahrain Grand Prix,Bahrain International Circuit,kevinmagnussen,11,1,25.951,haas,0,29.804099999999988,1,272,190,26.98634579386108,26.70123593062061,-1.0353457938610795,-0.7502359306206081
2024,1,Bahrain Grand Prix,Bahrain International Circuit,kevinmagnussen,32,2,24.446,haas,0,29.804099999999988,1,272,190,26.98634579386108,26.755332389426854,-2.5403457938610785,-2.309332389426853
2024,1,Bahrain Grand Prix,Bahrain International Circuit,leclerc,11,1,24.069,ferrari,0,29.804099999999988,1,259,190,25.615931411045338,25.41847592172725,-1.546931411045339,-1.349475921727251
2024,1,Bahrain Grand Prix,Bahrain International Circuit,leclerc,34,2,24.136,ferrari,0,29.804099999999988,1,259,190,25.615931411045338,25.508723316994043,-1.4799314110453388,-1.372723316994044
2024,1,Bahrain Grand Prix,Bahrain International Circuit,maxverstappen,17,1,25.064,red_bull,0,29.804099999999988,1,292,190,25.53880113273873,25.127011947513157,-0.4748011327387296,-0.0630119475131572
2024,1,Bahrain Grand Prix,Bahrain International Circuit,maxverstappen,37,2,24.209,red_bull,0,29.804099999999988,1,292,190,25.53880113273873,25.163032938089124,-1.32980113273873,-0.9540329380891244
2024,1,Bahrain Grand Prix,Bahrain International Circuit,norris,13,1,24.205,mclaren,0,29.804099999999988,1,270,190,25.589526790454936,25.535676841218454,-1.384526790454938,-1.3306768412184553
2024,1,Bahrain Grand Prix,Bahrain International Circuit,norris,33,2,24.705,mclaren,0,29.804099999999988,1,270,190,25.589526790454936,25.571697831794424,-0.8845267904549381,-0.8666978317944256
2024,1,Bahrain Grand Prix,Bahrain International Circuit,ocon,10,1,24.877,alpine,0,29.804099999999988,1,249,190,25.808283827243528,25.868976326764596,-0.9312838272435293,-0.9919763267645969
2024,1,Bahrain Grand Prix,Bahrain International Circuit,ocon,30,2,25.145,alpine,0,29.804099999999988,1,249,190,25.808283827243528,25.90499731734056,-0.6632838272435286,-0.7599973173405594
2024,1,Bahrain Grand Prix,Bahrain International Circuit,perez,12,1,24.516,red_bull,0,29.804099999999988,1,292,190,25.53880113273873,25.036634606361773,-1.0228011327387314,-0.5206346063617744
2024,1,Bahrain Grand Prix,Bahrain International Circuit,perez,36,2,24.563,red_bull,0,29.804099999999988,1,292,190,25.53880113273873,25.14495746985885,-0.9758011327387308,-0.5819574698588497
2024,1,Bahrain Grand Prix,Bahrain International Circuit,piastri,12,1,25.45,mclaren,0,29.804099999999988,1,270,190,25.589526790454936,25.517601372988175,-0.1395267904549371,-0.06760137298817526
2024,1,Bahrain Grand Prix,Bahrain International Circuit,piastri,34,2,24.852,mclaren,0,29.804099999999988,1,270,190,25.589526790454936,25.589773300024696,-0.7375267904549361,-0.7377733000246955
2024,1,Bahrain Grand Prix,Bahrain International Circuit,ricciardo,13,1,24.988,rb,0,29.804099999999988,1,70,190,27.485548554942735,26.550741087655354,-2.4975485549427354,-1.562741087655354
2024,1,Bahrain Grand Prix,Bahrain International Circuit,ricciardo,35,2,24.856,rb,0,29.804099999999988,1,70,190,27.485548554942735,26.622913014691875,-2.6295485549427333,-1.7669130146918732
2024,1,Bahrain Grand Prix,Bahrain International Circuit,russell,11,1,24.778,mercedes,0,29.804099999999988,1,278,190,25.986966483424503,25.627173247186136,-1.2089664834245042,-0.8491732471861368
2024,1,Bahrain Grand Prix,Bahrain International Circuit,russell,31,2,24.866,mercedes,0,29.804099999999988,1,278,190,25.986966483424503,25.663194237762102,-1.1209664834245032,-0.7971942377621026
2024,1,Bahrain Grand Prix,Bahrain International Circuit,sainz,14,1,24.474,ferrari,0,29.804099999999988,1,259,190,25.615931411045338,25.47270232641808,-1.1419314110453378,-0.9987023264180799
2024,1,Bahrain Grand Prix,Bahrain International Circuit,sainz,35,2,23.866,ferrari,0,29.804099999999988,1,259,190,25.615931411045338,25.526798785224322,-1.7499314110453383,-1.6607987852243227
2024,1,Bahrain Grand Prix,Bahrain International Circuit,sargeant,10,1,35.729,williams,0,29.804099999999988,1,271,190,26.83779606192943,26.068577222913106,8.891203938070568,9.660422777086893
2024,1,Bahrain Grand Prix,Bahrain International Circuit,sargeant,28,2,25.07,williams,0,29.804099999999988,1,271,190,26.83779606192943,26.068447277028522,-1.767796061929431,-0.9984472770285215
2024,1,Bahrain Grand Prix,Bahrain International Circuit,sargeant,40,3,25.346,williams,0,29.804099999999988,1,271,190,26.83779606192943,26.95479788561125,-1.4917960619294313,-1.6087978856112493
2024,1,Bahrain Grand Prix,Bahrain International Circuit,stroll,9,1,24.418,aston_martin,0,29.804099999999988,1,271,190,25.803827201064184,25.74867724517324,-1.3858272010641848,-1.3306772451732414
2024,1,Bahrain Grand Prix,Bahrain International Circuit,stroll,27,2,24.545,aston_martin,0,29.804099999999988,1,271,190,25.803827201064184,25.748547299288656,-1.2588272010641823,-1.2035472992886547
2024,1,Bahrain Grand Prix,Bahrain International Circuit,tsunoda,14,1,24.724,rb,0,29.804099999999988,1,70,190,27.485548554942735,26.568816555885626,-2.7615485549427348,-1.8448165558856253
2024,1,Bahrain Grand Prix,Bahrain International Circuit,tsunoda,34,2,24.324,rb,0,29.804099999999988,1,70,190,27.485548554942735,26.604837546461596,-3.1615485549427333,-2.280837546461594
2024,1,Bahrain Grand Prix,Bahrain International Circuit,zhou,9,1,25.208,sauber,0,29.804099999999988,1,74,190,29.767487338120947,28.47274232554615,-4.559487338120949,-3.264742325546152
2024,1,Bahrain Grand Prix,Bahrain International Circuit,zhou,28,2,25.094,sauber,0,29.804099999999988,1,74,190,29.767487338120947,28.49068784789184,-4.673487338120946,-3.3966878478918403
2024,2,Saudi Arabian Grand Prix,Jeddah Corniche Circuit,albon,7,1,21.723,williams,0,48.07929999999996,1,271,90,16.660258101272543,22.395366026227986,5.062741898727456,-0.6723660262279871
2024,2,Saudi Arabian Grand Prix,Jeddah Corniche Circuit,alonso,7,1,22.129,aston_martin,0,48.07929999999996,1,271,90,15.626289240407297,22.093541516718393,6.502710759592704,0.03545848328160872
2024,2,Saudi Arabian Grand Prix,Jeddah Corniche Circuit,bearman,7,1,22.457,ferrari,0,48.07929999999996,1,259,90,15.43839345038845,21.727189256811847,7.018606549611551,0.7298107431881533
2024,2,Saudi Arabian Grand Prix,Jeddah Corniche Circuit,bottas,7,1,22.795,sauber,0,48.07929999999996,1,74,90,19.58994937746406,24.817606597091306,3.2050506225359428,-2.022606597091304
2024,2,Saudi Arabian Grand Prix,Jeddah Corniche Circuit,bottas,35,2,23.281,sauber,0,48.07929999999996,1,74,90,19.58994937746406,24.998231333509487,3.69105062253594,-1.7172313335094884
2024,2,Saudi Arabian Grand Prix,Jeddah Corniche Circuit,hamilton,36,1,20.17,mercedes,0,48.07929999999996,1,278,90,15.809428522767613,22.46007516094876,4.360571477232389,-2.29007516094876
2024,2,Saudi Arabian Grand Prix,Jeddah Corniche Circuit,hulkenberg,33,1,21.035,haas,0,48.07929999999996,1,272,90,16.80880783320419,23.479911439692405,4.2261921667958084,-2.4449114396924045
2024,2,Saudi Arabian Grand Prix,Jeddah Corniche Circuit,kevinmagnussen,7,1,21.46,haas,0,48.07929999999996,1,272,90,16.80880783320419,23.00994926570521,4.651192166795809,-1.5499492657052087
2024,2,Saudi Arabian Grand Prix,Jeddah Corniche Circuit,leclerc,7,1,23.419,ferrari,0,48.07929999999996,1,259,90,15.43839345038845,21.727189256811847,7.980606549611551,1.691810743188153
2024,2,Saudi Arabian Grand Prix,Jeddah Corniche Circuit,maxverstappen,7,1,20.607,red_bull,0,48.07929999999996,1,292,90,15.361263172081841,21.327272473216098,5.245736827918158,-0.7202724732160988
2024,2,Saudi Arabian Grand Prix,Jeddah Corniche Circuit,norris,37,1,22.211,mclaren,0,48.07929999999996,1,270,90,15.411988829798048,22.350503286750797,6.7990111702019504,-0.1395032867507986
2024,2,Saudi Arabian Grand Prix,Jeddah Corniche Circuit,ocon,7,1,22.502,alpine,0,48.07929999999996,1,249,90,15.630745866586638,22.19576513007947,6.871254133413361,0.3062348699205302
2024,2,Saudi Arabian Grand Prix,Jeddah Corniche Circuit,perez,7,1,22.196,red_bull,0,48.07929999999996,1,292,90,15.361263172081841,21.327272473216098,6.83473682791816,0.8687275267839034
2024,2,Saudi Arabian Grand Prix,Jeddah Corniche Circuit,piastri,7,1,21.427,mclaren,0,48.07929999999996,1,270,90,15.411988829798048,21.8082392398425,6.0150111702019515,-0.3812392398425004
2024,2,Saudi Arabian Grand Prix,Jeddah Corniche Circuit,ricciardo,7,1,63.364,rb,0,48.07929999999996,1,70,90,17.308010594285847,22.823303486279396,46.05598940571415,40.540696513720604
2024,2,Saudi Arabian Grand Prix,Jeddah Corniche Circuit,russell,7,1,21.013,mercedes,0,48.07929999999996,1,278,90,15.809428522767613,21.935886582270733,5.203571477232389,-0.9228865822707313
2024,2,Saudi Arabian Grand Prix,Jeddah Corniche Circuit,sargeant,7,1,23.645,williams,0,48.07929999999996,1,271,90,16.660258101272543,22.395366026227986,6.9847418987274565,1.2496339737720135
2024,2,Saudi Arabian Grand Prix,Jeddah Corniche Circuit,tsunoda,7,1,21.694,rb,0,48.07929999999996,1,70,90,17.308010594285847,22.823303486279396,4.385989405714152,-1.1293034862793974
2024,2,Saudi Arabian Grand Prix,Jeddah Corniche Circuit,zhou,41,1,46.381,sauber,0,48.07929999999996,1,74,90,19.58994937746406,25.432172516920712,26.79105062253594,20.948827483079288
2024,3,Australian Grand Prix,Albert Park Grand Prix Circuit,albon,6,1,17.755,williams,0,32.186,1,271,70,16.874049384694505,19.221789858466796,0.880950615305494,-1.4667898584667967
2024,3,Australian Grand Prix,Albert Park Grand Prix Circuit,albon,27,2,17.745,williams,0,32.186,1,271,70,16.874049384694505,19.27588631727304,0.870950615305496,-1.5308863172730405
2024,3,Australian Grand Prix,Albert Park Grand Prix Circuit,alonso,17,1,18.16,aston_martin,0,32.186,1,271,70,15.840080523829258,19.118795499490247,2.3199194761707425,-0.9587954994902468
2024,3,Australian Grand Prix,Albert Park Grand Prix Circuit,alonso,41,2,17.995,aston_martin,0,32.186,1,271,70,15.840080523829258,19.227118362987323,2.1549194761707433,-1.2321183629873218
2024,3,Australian Grand Prix,Albert Park Grand Prix Circuit,bottas,8,1,46.969,sauber,0,32.186,1,74,70,19.803740660886017,21.68018136579067,27.165259339113984,25.28881863420933
2024,3,Australian Grand Prix,Albert Park Grand Prix Circuit,bottas,36,2,18.938,sauber,0,32.186,1,74,70,19.803740660886017,21.86080610220885,-0.8657406608860185,-2.9228061022088525
2024,3,Australian Grand Prix,Albert Park Grand Prix Circuit,gasly,17,1,20.316,alpine,0,32.186,1,249,70,15.8445371500086,19.221019112851323,4.471462849991399,1.094980887148676
2024,3,Australian Grand Prix,Albert Park Grand Prix Circuit,gasly,41,2,17.682,alpine,0,32.186,1,249,70,15.8445371500086,19.3293419763484,1.8374628499913985,-1.6473419763484003
2024,3,Australian Grand Prix,Albert Park Grand Prix Circuit,hamilton,7,1,17.596,mercedes,0,32.186,1,278,70,16.023219806189573,18.78038588273982,1.572780193810427,-1.1843858827398215
2024,3,Australian Grand Prix,Albert Park Grand Prix Circuit,hulkenberg,17,1,18.32,haas,0,32.186,1,272,70,17.022599116626154,20.035203248477064,1.2974008833738466,-1.7152032484770636
2024,3,Australian Grand Prix,Albert Park Grand Prix Circuit,hulkenberg,35,2,18.145,haas,0,32.186,1,272,70,17.022599116626154,20.03507330259248,1.122400883373846,-1.89007330259248
2024,3,Australian Grand Prix,Albert Park Grand Prix Circuit,kevinmagnussen,7,1,18.301,haas,0,32.186,1,272,70,17.022599116626154,19.854448566174295,1.2784008833738447,-1.5534485661742963
2024,3,Australian Grand Prix,Albert Park Grand Prix Circuit,kevinmagnussen,33,2,18.151,haas,0,32.186,1,272,70,17.022599116626154,19.998922366131925,1.1284008833738461,-1.8479223661319253
2024,3,Australian Grand Prix,Albert Park Grand Prix Circuit,leclerc,9,1,17.409,ferrari,0,32.186,1,259,70,15.65218473381041,18.607839493741487,1.756815266189589,-1.1988394937414881
2024,3,Australian Grand Prix,Albert Park Grand Prix Circuit,leclerc,34,2,17.308,ferrari,0,32.186,1,259,70,15.65218473381041,18.73423782546884,1.65581526618959,-1.4262378254688386
2024,3,Australian Grand Prix,Albert Park Grand Prix Circuit,norris,14,1,17.776,mclaren,0,32.186,1,270,70,15.62578011322001,18.77926681792352,2.1502198867799898,-1.003266817923521
2024,3,Australian Grand Prix,Albert Park Grand Prix Circuit,norris,40,2,17.653,mclaren,0,32.186,1,270,70,15.62578011322001,18.92374061788115,2.0272198867799887,-1.2707406178811524
2024,3,Australian Grand Prix,Albert Park Grand Prix Circuit,ocon,9,1,18.287,alpine,0,32.186,1,249,70,15.8445371500086,19.07641536700911,2.442462849991399,-0.7894153670091093
2024,3,Australian Grand Prix,Albert Park Grand Prix Circuit,ocon,16,2,30.626,alpine,0,32.186,1,249,70,15.8445371500086,18.877455270591483,14.781462849991401,11.748544729408518
2024,3,Australian Grand Prix,Albert Park Grand Prix Circuit,ocon,42,3,18.007,alpine,0,32.186,1,249,70,15.8445371500086,20.01686243439808,2.1624628499914014,-2.00986243439808
2024,3,Australian Grand Prix,Albert Park Grand Prix Circuit,perez,14,1,18.112,red_bull,0,32.186,1,292,70,15.575054455503802,18.298300051297122,2.536945544496197,-0.18630005129712401
2024,3,Australian Grand Prix,Albert Park Grand Prix Circuit,perez,35,2,17.222,red_bull,0,32.186,1,292,70,15.575054455503802,18.352396510103368,1.6469455444961998,-1.1303965101033668
2024,3,Australian Grand Prix,Albert Park Grand Prix Circuit,piastri,9,1,17.573,mclaren,0,32.186,1,270,70,15.62578011322001,18.68888947677214,1.9472198867799904,-1.1158894767721392
2024,3,Australian Grand Prix,Albert Park Grand Prix Circuit,piastri,39,2,18.533,mclaren,0,32.186,1,270,70,15.62578011322001,18.905665149650876,2.907219886779991,-0.3726651496508744
2024,3,Australian Grand Prix,Albert Park Grand Prix Circuit,ricciardo,5,1,18.265,rb,0,32.186,1,70,70,17.521801877707805,19.63165185028793,0.7431981222921955,-1.36665185028793
2024,3,Australian Grand Prix,Albert Park Grand Prix Circuit,ricciardo,29,2,17.751,rb,0,32.186,1,70,70,17.521801877707805,19.739974713785006,0.22919812229219616,-1.9889747137850051
2024,3,Australian Grand Prix,Albert Park Grand Prix Circuit,russell,8,1,18.046,mercedes,0,32.186,1,278,70,16.023219806189573,18.7984613509701,2.0227801938104264,-0.7524613509701013
2024,3,Australian Grand Prix,Albert Park Grand Prix Circuit,russell,45,2,17.964,mercedes,0,32.186,1,278,70,16.023219806189573,19.141765301460772,1.9407801938104257,-1.1777653014607736
2024,3,Australian Grand Prix,Albert Park Grand Prix Circuit,sainz,16,1,17.599,ferrari,0,32.186,1,259,70,15.65218473381041,18.734367771353423,1.9468152661895903,-1.1353677713534225
2024,3,Australian Grand Prix,Albert Park Grand Prix Circuit,sainz,41,2,17.74,ferrari,0,32.186,1,259,70,15.65218473381041,18.860766103080778,2.0878152661895886,-1.1207661030807792
2024,3,Australian Grand Prix,Albert Park Grand Prix Circuit,stroll,8,1,17.901,aston_martin,0,32.186,1,271,70,15.840080523829258,18.956116285417757,2.060919476170742,-1.055116285417757
2024,3,Australian Grand Prix,Albert Park Grand Prix Circuit,stroll,37,2,17.977,aston_martin,0,32.186,1,271,70,15.840080523829258,19.154816490066214,2.1369194761707426,-1.1778164900662134
2024,3,Australian Grand Prix,Albert Park Grand Prix Circuit,tsunoda,9,1,18.523,rb,0,32.186,1,70,70,17.521801877707805,19.703953723209036,1.0011981222921946,-1.1809537232090364
2024,3,Australian Grand Prix,Albert Park Grand Prix Circuit,tsunoda,36,2,17.535,rb,0,32.186,1,70,70,17.521801877707805,19.866502991396942,0.01319812229219508,-2.331502991396942
2024,3,Australian Grand Prix,Albert Park Grand Prix Circuit,zhou,6,1,19.032,sauber,0,32.186,1,74,70,19.803740660886017,21.644030429330115,-0.7717406608860173,-2.6120304293301153
2024,3,Australian Grand Prix,Albert Park Grand Prix Circuit,zhou,35,2,36.866,sauber,0,32.186,1,74,70,19.803740660886017,21.842730633978576,17.062259339113982,15.023269366021424
2024,5,Chinese Grand Prix,Shanghai International Circuit,albon,9,1,23.273,williams,0,26.632000000000012,1,271,39,24.047794563437495,23.55067011002388,-0.7747945634374958,-0.2776701100238803
2024,5,Chinese Grand Prix,Shanghai International Circuit,albon,23,2,23.6,williams,0,26.632000000000012,1,271,39,24.047794563437495,23.47823829121819,-0.447794563437494,0.12176170878181125
2024,5,Chinese Grand Prix,Shanghai International Circuit,alonso,11,1,23.049,aston_martin,0,26.632000000000012,1,271,39,23.013825702572248,23.28499653697484,0.035174297427751355,-0.23599653697484158
2024,5,Chinese Grand Prix,Shanghai International Circuit,alonso,23,2,22.687,aston_martin,0,26.632000000000012,1,271,39,23.013825702572248,23.176413781708597,-0.32682570257224697,-0.4894137817085955
2024,5,Chinese Grand Prix,Shanghai International Circuit,alonso,43,3,23.179,aston_martin,0,26.632000000000012,1,271,39,23.013825702572248,24.20736813613354,0.16517429742775036,-1.0283681361335404
2024,5,Chinese Grand Prix,Shanghai International Circuit,bottas,9,1,22.949,sauber,0,26.632000000000012,1,74,39,26.97748583962901,25.9729106808872,-4.02848583962901,-3.023910680887198
2024,5,Chinese Grand Prix,Shanghai International Circuit,gasly,11,1,39.712,alpine,0,26.632000000000012,1,249,39,23.01828232875159,23.387220150335917,16.693717671248415,16.324779849664086
2024,5,Chinese Grand Prix,Shanghai International Circuit,gasly,23,2,23.987,alpine,0,26.632000000000012,1,249,39,23.01828232875159,23.278637395069673,0.9687176712484096,0.7083626049303255
2024,5,Chinese Grand Prix,Shanghai International Circuit,gasly,38,3,22.836,alpine,0,26.632000000000012,1,249,39,23.01828232875159,24.21921440834323,-0.18228232875159023,-1.3832144083432318
2024,5,Chinese Grand Prix,Shanghai International Circuit,hamilton,9,1,22.518,mercedes,0,26.632000000000012,1,278,39,23.196964984932563,23.09119066606663,-0.6789649849325627,-0.5731906660666297
2024,5,Chinese Grand Prix,Shanghai International Circuit,hamilton,21,2,22.662,mercedes,0,26.632000000000012,1,278,39,23.196964984932563,22.982607910800382,-0.5349649849325644,-0.3206079108003834
2024,5,Chinese Grand Prix,Shanghai International Circuit,hulkenberg,8,1,23.004,haas,0,26.632000000000012,1,272,39,24.196344295369144,24.147177881270828,-1.1923442953691428,-1.1431778812708266
2024,5,Chinese Grand Prix,Shanghai International Circuit,hulkenberg,23,2,23.336,haas,0,26.632000000000012,1,272,39,24.196344295369144,24.092821530695414,-0.8603442953691456,-0.7568215306954151
2024,5,Chinese Grand Prix,Shanghai International Circuit,kevinmagnussen,17,1,22.974,haas,0,26.632000000000012,1,272,39,24.196344295369144,24.309857095343318,-1.222344295369144,-1.335857095343318
2024,5,Chinese Grand Prix,Shanghai International Circuit,kevinmagnussen,27,2,25.727,haas,0,26.632000000000012,1,272,39,24.196344295369144,24.16512340361652,1.5306557046308562,1.561876596383481
2024,5,Chinese Grand Prix,Shanghai International Circuit,leclerc,21,1,22.36,ferrari,0,26.632000000000012,1,259,39,22.8259299125534,23.09939895937106,-0.4659299125533991,-0.7393989593710621
2024,5,Chinese Grand Prix,Shanghai International Circuit,maxverstappen,13,1,22.456,red_bull,0,26.632000000000012,1,292,39,22.748799634246794,22.5548784299331,-0.2927996342467942,-0.09887842993310159
2024,5,Chinese Grand Prix,Shanghai International Circuit,maxverstappen,23,2,22.27,red_bull,0,26.632000000000012,1,292,39,22.748799634246794,22.410144738206302,-0.47879963424679417,-0.14014473820630258
2024,5,Chinese Grand Prix,Shanghai International Circuit,norris,22,1,22.161,mclaren,0,26.632000000000012,1,270,39,22.799525291963,23.198524410631993,-0.6385252919629991,-1.0375244106319919
2024,5,Chinese Grand Prix,Shanghai International Circuit,ocon,9,1,23.156,alpine,0,26.632000000000012,1,249,39,23.01828232875159,23.351069213875366,0.13771767124841006,-0.19506921387536735
2024,5,Chinese Grand Prix,Shanghai International Circuit,ocon,23,2,23.208,alpine,0,26.632000000000012,1,249,39,23.01828232875159,23.278637395069673,0.18971767124840966,-0.07063739506967437
2024,5,Chinese Grand Prix,Shanghai International Circuit,perez,13,1,22.027,red_bull,0,26.632000000000012,1,292,39,22.748799634246794,22.5548784299331,-0.7217996342467927,-0.5278784299331001
2024,5,Chinese Grand Prix,Shanghai International Circuit,perez,23,2,22.371,red_bull,0,26.632000000000012,1,292,39,22.748799634246794,22.410144738206302,-0.3777996342467951,-0.03914473820630349
2024,5,Chinese Grand Prix,Shanghai International Circuit,piastri,16,1,22.673,mclaren,0,26.632000000000012,1,270,39,22.799525291963,23.090071601250333,-0.12652529196300222,-0.4170716012503348
2024,5,Chinese Grand Prix,Shanghai International Circuit,piastri,24,2,22.262,mclaren,0,26.632000000000012,1,270,39,22.799525291963,22.90918697306298,-0.537525291963,-0.6471869730629791
2024,5,Chinese Grand Prix,Shanghai International Circuit,ricciardo,14,1,22.598,rb,0,26.632000000000012,1,70,39,24.6955470564508,24.06898491122668,-2.0975470564508,-1.4709849112266795
2024,5,Chinese Grand Prix,Shanghai International Circuit,russell,11,1,22.415,mercedes,0,26.632000000000012,1,278,39,23.196964984932563,23.12734160252718,-0.7819649849325643,-0.7123416025271823
2024,5,Chinese Grand Prix,Shanghai International Circuit,russell,23,2,22.707,mercedes,0,26.632000000000012,1,278,39,23.196964984932563,23.01875884726094,-0.4899649849325627,-0.31175884726093983
2024,5,Chinese Grand Prix,Shanghai International Circuit,sainz,17,1,22.629,ferrari,0,26.632000000000012,1,259,39,22.8259299125534,23.027097086449956,-0.1969299125533972,-0.3980970864499547
2024,5,Chinese Grand Prix,Shanghai International Circuit,sargeant,12,1,23.229,williams,0,26.632000000000012,1,271,39,24.047794563437495,23.60489651471471,-0.8187945634374962,-0.37589651471471086
2024,5,Chinese Grand Prix,Shanghai International Circuit,sargeant,24,2,22.684,williams,0,26.632000000000012,1,271,39,24.047794563437495,23.496313759448466,-1.3637945634374944,-0.8123137594484646
2024,5,Chinese Grand Prix,Shanghai International Circuit,stroll,9,1,23.823,aston_martin,0,26.632000000000012,1,271,39,23.013825702572248,23.248845600514287,0.8091742974277523,0.5741543994857139
2024,5,Chinese Grand Prix,Shanghai International Circuit,stroll,21,2,22.911,aston_martin,0,26.632000000000012,1,271,39,23.013825702572248,23.140262845248042,-0.10282570257224677,-0.22926284524804075
2024,5,Chinese Grand Prix,Shanghai International Circuit,stroll,35,4,34.777,aston_martin,0,26.632000000000012,1,271,39,23.013825702572248,26.447887224906903,11.763174297427753,8.329112775093098
2024,5,Chinese Grand Prix,Shanghai International Circuit,tsunoda,8,1,23.16,rb,0,26.632000000000012,1,70,39,24.6955470564508,23.96053210184502,-1.535547056450799,-0.8005321018450182
2024,5,Chinese Grand Prix,Shanghai International Circuit,tsunoda,23,2,22.387,rb,0,26.632000000000012,1,70,39,24.6955470564508,23.906175751269604,-2.3085470564507986,-1.5191757512696036
2024,5,Chinese Grand Prix,Shanghai International Circuit,zhou,8,1,23.362,sauber,0,26.632000000000012,1,74,39,26.97748583962901,25.954835212656924,-3.615485839629013,-2.592835212656926
2024,5,Chinese Grand Prix,Shanghai International Circuit,zhou,23,2,25.61,sauber,0,26.632000000000012,1,74,39,26.97748583962901,25.90047886208151,-1.367485839629012,-0.2904788620815104
2024,5,Chinese Grand Prix,Shanghai International Circuit,zhou,40,3,23.252,sauber,0,26.632000000000012,1,74,39,26.97748583962901,26.877206811815622,-3.7254858396290125,-3.625206811815623
2024,6,Miami Grand Prix,Miami International Autodrome,albon,10,1,22.828,williams,0,30.170299999999997,1,271,73,23.05522685397657,22.34169183694309,-0.22722685397657116,0.4863081630569077
2024,6,Miami Grand Prix,Miami International Autodrome,albon,53,2,22.567,williams,0,30.170299999999997,1,271,73,23.05522685397657,22.793448596815423,-0.4882268539765704,-0.2264485968154233
2024,6,Miami Grand Prix,Miami International Autodrome,alonso,22,1,22.374,aston_martin,0,30.170299999999997,1,271,73,22.021257993111323,22.25677294619682,0.3527420068886755,0.11722705380318033
2024,6,Miami Grand Prix,Miami International Autodrome,bottas,11,1,23.73,sauber,0,30.170299999999997,1,74,73,25.984918130168083,24.782007876036687,-2.2549181301680825,-1.0520078760366864
2024,6,Miami Grand Prix,Miami International Autodrome,bottas,29,2,22.765,sauber,0,30.170299999999997,1,74,73,25.984918130168083,24.781877930152103,-3.2199181301680824,-2.016877930152102
2024,6,Miami Grand Prix,Miami International Autodrome,gasly,12,1,22.466,alpine,0,30.170299999999997,1,249,73,22.025714619290667,22.17824187725513,0.44028538070933365,0.2877581227448722
2024,6,Miami Grand Prix,Miami International Autodrome,hamilton,26,1,22.107,mercedes,0,30.170299999999997,1,278,73,22.20439727547164,22.171419884670264,-0.09739727547163923,-0.06441988467026505
2024,6,Miami Grand Prix,Miami International Autodrome,hulkenberg,12,1,23.055,haas,0,30.170299999999997,1,272,73,23.20377658590822,22.992426012880866,-0.14877658590821952,0.06257398711913353
2024,6,Miami Grand Prix,Miami International Autodrome,hulkenberg,28,2,22.487,haas,0,30.170299999999997,1,272,73,23.20377658590822,22.95614513053573,-0.7167765859082209,-0.4691451305357326
2024,6,Miami Grand Prix,Miami International Autodrome,kevinmagnussen,22,1,23.265,haas,0,30.170299999999997,1,272,73,23.20377658590822,23.173180695183635,0.061223414091781336,0.09181930481636513
2024,6,Miami Grand Prix,Miami International Autodrome,kevinmagnussen,28,2,29.727,haas,0,30.170299999999997,1,272,73,23.20377658590822,22.95614513053573,6.523223414091781,6.770854869464269
2024,6,Miami Grand Prix,Miami International Autodrome,kevinmagnussen,31,3,30.732,haas,0,30.170299999999997,1,272,73,23.20377658590822,23.679816525045965,7.52822341409178,7.052183474954035
2024,6,Miami Grand Prix,Miami International Autodrome,leclerc,19,1,21.825,ferrari,0,30.170299999999997,1,259,73,21.833362203092477,21.83619428159944,-0.008362203092477927,-0.011194281599440359
2024,6,Miami Grand Prix,Miami International Autodrome,maxverstappen,23,1,22.187,red_bull,0,30.170299999999997,1,292,73,21.756231924785865,21.5085793709248,0.43076807521413585,0.6784206290752017
2024,6,Miami Grand Prix,Miami International Autodrome,norris,29,1,22.041,mclaren,0,30.170299999999997,1,270,73,21.806957582502076,22.09799894693286,0.23404241749792476,-0.056998946932861116
2024,6,Miami Grand Prix,Miami International Autodrome,ocon,22,1,22.663,alpine,0,30.170299999999997,1,249,73,22.025714619290667,22.358996559557895,0.6372853807093328,0.3040034404421057
2024,6,Miami Grand Prix,Miami International Autodrome,perez,17,1,21.695,red_bull,0,30.170299999999997,1,292,73,21.756231924785865,21.40012656154314,-0.06123192478586503,0.294873438456861
2024,6,Miami Grand Prix,Miami International Autodrome,perez,28,2,22.396,red_bull,0,30.170299999999997,1,292,73,21.756231924785865,21.27346833804662,0.6397680752141355,1.1225316619533814
2024,6,Miami Grand Prix,Miami International Autodrome,piastri,27,1,22.216,mclaren,0,30.170299999999997,1,270,73,21.806957582502076,22.061848010472307,0.40904241749792547,0.15415198952769416
2024,6,Miami Grand Prix,Miami International Autodrome,piastri,40,2,30.409,mclaren,0,30.170299999999997,1,270,73,21.806957582502076,21.971340723436338,8.602042417497923,8.43765927656366
2024,6,Miami Grand Prix,Miami International Autodrome,ricciardo,28,1,22.54,rb,0,30.170299999999997,1,70,73,23.70297934698987,23.094987725139482,-1.1629793469898715,-0.5549877251394832
2024,6,Miami Grand Prix,Miami International Autodrome,russell,24,1,22.8,mercedes,0,30.170299999999997,1,278,73,22.20439727547164,22.135268948209713,0.5956027245283622,0.6647310517902874
2024,6,Miami Grand Prix,Miami International Autodrome,sainz,27,1,22.805,ferrari,0,30.170299999999997,1,259,73,21.833362203092477,21.980798027441654,0.9716377969075225,0.8242019725583454
2024,6,Miami Grand Prix,Miami International Autodrome,sargeant,11,1,22.611,williams,0,30.170299999999997,1,271,73,23.05522685397657,22.359767305173367,-0.4442268539765699,0.25123269482663346
2024,6,Miami Grand Prix,Miami International Autodrome,stroll,11,1,23.038,aston_martin,0,30.170299999999997,1,271,73,22.021257993111323,22.057942795663774,1.016742006888677,0.9800572043362266
2024,6,Miami Grand Prix,Miami International Autodrome,stroll,28,2,22.631,aston_martin,0,30.170299999999997,1,271,73,22.021257993111323,22.039737381548914,0.609742006888677,0.5912626184510863
2024,6,Miami Grand Prix,Miami International Autodrome,tsunoda,28,1,22.153,rb,0,30.170299999999997,1,70,73,23.70297934698987,23.094987725139482,-1.549979346989872,-0.9419877251394837
2024,6,Miami Grand Prix,Miami International Autodrome,zhou,28,1,23.017,sauber,0,30.170299999999997,1,74,73,25.984918130168083,25.08929083595139,-2.9679181301680835,-2.0722908359513923
2024,7,Emilia Romagna Grand Prix,Autodromo Enzo e Dino Ferrari,albon,8,1,30.05,williams,0,32.6357,1,271,69,24.574249510831674,28.632165948886158,5.475750489168327,1.417834051113843
2024,7,Emilia Romagna Grand Prix,Autodromo Enzo e Dino Ferrari,albon,9,2,33.179,williams,0,32.6357,1,271,69,24.574249510831674,28.32475304308687,8.604750489168328,4.8542469569131335
2024,7,Emilia Romagna Grand Prix,Autodromo Enzo e Dino Ferrari,albon,23,3,38.413,williams,0,32.6357,1,271,69,24.574249510831674,29.24725458813015,13.838750489168323,9.165745411869846
2024,7,Emilia Romagna Grand Prix,Autodromo Enzo e Dino Ferrari,albon,28,4,31.131,williams,0,32.6357,1,271,69,24.574249510831674,31.72275476389711,6.556750489168326,-0.5917547638971108
2024,7,Emilia Romagna Grand Prix,Autodromo Enzo e Dino Ferrari,alonso,7,1,31.368,aston_martin,0,32.6357,1,271,69,23.540280649966427,28.31226597114629,7.827719350033572,3.05573402885371
2024,7,Emilia Romagna Grand Prix,Autodromo Enzo e Dino Ferrari,alonso,40,2,30.483,aston_martin,0,32.6357,1,271,69,23.540280649966427,28.583268048715855,6.942719350033574,1.8997319512841457
2024,7,Emilia Romagna Grand Prix,Autodromo Enzo e Dino Ferrari,alonso,59,3,29.931,aston_martin,0,32.6357,1,271,69,23.540280649966427,29.59614693491052,6.390719350033574,0.33485306508947943
2024,7,Emilia Romagna Grand Prix,Autodromo Enzo e Dino Ferrari,bottas,8,1,30.24,sauber,0,32.6357,1,74,69,27.50394078702319,31.054406519749474,2.7360592129768087,-0.8144065197494754
2024,7,Emilia Romagna Grand Prix,Autodromo Enzo e Dino Ferrari,gasly,8,1,30.081,alpine,0,32.6357,1,249,69,23.544737276145767,28.43256505273764,6.536262723854232,1.6484349472623592
2024,7,Emilia Romagna Grand Prix,Autodromo Enzo e Dino Ferrari,gasly,30,2,30.654,alpine,0,32.6357,1,249,69,23.544737276145767,28.504736979774165,7.109262723854233,2.1492630202258347
2024,7,Emilia Romagna Grand Prix,Autodromo Enzo e Dino Ferrari,hamilton,27,1,29.547,mercedes,0,32.6357,1,278,69,23.723419932326742,28.516120401304164,5.823580067673259,1.0308795986958366
2024,7,Emilia Romagna Grand Prix,Autodromo Enzo e Dino Ferrari,hulkenberg,13,1,29.749,haas,0,32.6357,1,272,69,24.722799242763323,29.337126529514766,5.026200757236676,0.41187347048523293
2024,7,Emilia Romagna Grand Prix,Autodromo Enzo e Dino Ferrari,kevinmagnussen,37,1,31.302,haas,0,32.6357,1,272,69,24.722799242763323,29.770937767041406,6.579200757236677,1.5310622329585932
2024,7,Emilia Romagna Grand Prix,Autodromo Enzo e Dino Ferrari,leclerc,25,1,30.149,ferrari,0,32.6357,1,259,69,23.352384859947577,28.271272139384724,6.796615140052424,1.877727860615277
2024,7,Emilia Romagna Grand Prix,Autodromo Enzo e Dino Ferrari,maxverstappen,24,1,30.416,red_bull,0,32.6357,1,292,69,23.275254581640972,27.853279887558696,7.140745418359028,2.562720112441305
2024,7,Emilia Romagna Grand Prix,Autodromo Enzo e Dino Ferrari,norris,22,1,29.956,mclaren,0,32.6357,1,270,69,23.32598023935718,28.298095717724546,6.630019760642821,1.657904282275453
2024,7,Emilia Romagna Grand Prix,Autodromo Enzo e Dino Ferrari,ocon,25,1,30.659,alpine,0,32.6357,1,249,69,23.544737276145767,28.73984801265235,7.114262723854232,1.9191519873476501
2024,7,Emilia Romagna Grand Prix,Autodromo Enzo e Dino Ferrari,perez,37,1,29.669,red_bull,0,32.6357,1,292,69,23.275254581640972,28.088260974552295,6.393745418359028,1.5807390254477056
2024,7,Emilia Romagna Grand Prix,Autodromo Enzo e Dino Ferrari,piastri,23,1,29.77,mclaren,0,32.6357,1,270,69,23.32598023935718,28.31617118595482,6.444019760642821,1.4538288140451812
2024,7,Emilia Romagna Grand Prix,Autodromo Enzo e Dino Ferrari,ricciardo,11,1,30.068,rb,0,32.6357,1,70,69,25.222002003844977,29.114329813628398,4.845997996155024,0.9536701863716033
2024,7,Emilia Romagna Grand Prix,Autodromo Enzo e Dino Ferrari,russell,21,1,29.664,mercedes,0,32.6357,1,278,69,23.723419932326742,28.407667591922504,5.94058006767326,1.2563324080774976
2024,7,Emilia Romagna Grand Prix,Autodromo Enzo e Dino Ferrari,russell,52,2,29.605,mercedes,0,32.6357,1,278,69,23.723419932326742,28.642518733031515,5.881580067673259,0.962481266968485
2024,7,Emilia Romagna Grand Prix,Autodromo Enzo e Dino Ferrari,sainz,27,1,30.508,ferrari,0,32.6357,1,259,69,23.352384859947577,28.307423075845275,7.155615140052422,2.200576924154724
2024,7,Emilia Romagna Grand Prix,Autodromo Enzo e Dino Ferrari,sargeant,31,1,31.085,williams,0,32.6357,1,271,69,24.574249510831674,29.047901718182523,6.510750489168327,2.037098281817478
2024,7,Emilia Romagna Grand Prix,Autodromo Enzo e Dino Ferrari,stroll,37,1,29.971,aston_martin,0,32.6357,1,271,69,23.540280649966427,28.85453001805459,6.4307193500335735,1.1164699819454107
2024,7,Emilia Romagna Grand Prix,Autodromo Enzo e Dino Ferrari,tsunoda,12,1,29.628,rb,0,32.6357,1,70,69,25.222002003844977,29.132405281858677,4.405997996155023,0.49559471814132294
2024,7,Emilia Romagna Grand Prix,Autodromo Enzo e Dino Ferrari,zhou,33,1,30.244,sauber,0,32.6357,1,74,69,27.50394078702319,31.506293225506393,2.74005921297681,-1.2622932255063937
2024,9,Canadian Grand Prix,Circuit Gilles Villeneuve,albon,25,1,24.753,williams,0,33.59749999999999,1,271,106,27.11604853619839,26.577435979129273,-2.3630485361983915,-1.824435979129273
2024,9,Canadian Grand Prix,Circuit Gilles Villeneuve,albon,44,2,24.804,williams,0,33.59749999999999,1,271,106,27.11604853619839,26.595381501474964,-2.312048536198393,-1.7913815014749659
2024,9,Canadian Grand Prix,Circuit Gilles Villeneuve,alonso,25,1,25.788,aston_martin,0,33.59749999999999,1,271,106,26.08207967533314,26.27561146961968,-0.2940796753331405,-0.4876114696196794
2024,9,Canadian Grand Prix,Circuit Gilles Villeneuve,alonso,44,2,24.346,aston_martin,0,33.59749999999999,1,271,106,26.08207967533314,26.29355699196537,-1.7360796753331407,-1.9475569919653708
2024,9,Canadian Grand Prix,Circuit Gilles Villeneuve,bottas,42,1,24.929,sauber,0,33.59749999999999,1,74,106,30.045739812389904,29.306959509907298,-5.1167398123899055,-4.377959509907299
2024,9,Canadian Grand Prix,Circuit Gilles Villeneuve,gasly,25,1,24.911,alpine,0,33.59749999999999,1,249,106,26.086536301512485,26.377835082980756,-1.1755363015124836,-1.4668350829807544
2024,9,Canadian Grand Prix,Circuit Gilles Villeneuve,gasly,40,2,24.408,alpine,0,33.59749999999999,1,249,106,26.086536301512485,26.32347873240534,-1.6785363015124837,-1.9154787324053402
2024,9,Canadian Grand Prix,Circuit Gilles Villeneuve,hamilton,25,1,23.762,mercedes,0,33.59749999999999,1,278,106,26.265218957693456,26.11795653517202,-2.5032189576934556,-2.3559565351720195
2024,9,Canadian Grand Prix,Circuit Gilles Villeneuve,hamilton,43,2,24.226,mercedes,0,33.59749999999999,1,278,106,26.265218957693456,26.11782658928744,-2.039218957693457,-1.8918265892874402
2024,9,Canadian Grand Prix,Circuit Gilles Villeneuve,hamilton,54,3,28.817,mercedes,0,33.59749999999999,1,278,106,26.265218957693456,26.98610172963989,2.551781042306544,1.8308982703601089
2024,9,Canadian Grand Prix,Circuit Gilles Villeneuve,hulkenberg,12,1,24.233,haas,0,33.59749999999999,1,272,106,27.264598268130037,26.9570381316129,-3.031598268130036,-2.7240381316129003
2024,9,Canadian Grand Prix,Circuit Gilles Villeneuve,hulkenberg,25,2,24.668,haas,0,33.59749999999999,1,272,106,27.264598268130037,26.866530844576932,-2.5965982681300375,-2.1985308445769327
2024,9,Canadian Grand Prix,Circuit Gilles Villeneuve,hulkenberg,44,3,24.751,haas,0,33.59749999999999,1,272,106,27.264598268130037,27.879409730771595,-2.5135982681300355,-3.128409730771594
2024,9,Canadian Grand Prix,Circuit Gilles Villeneuve,kevinmagnussen,7,1,30.472,haas,0,33.59749999999999,1,272,106,27.264598268130037,26.866660790461516,3.2074017318699646,3.605339209538485
2024,9,Canadian Grand Prix,Circuit Gilles Villeneuve,kevinmagnussen,25,2,26.794,haas,0,33.59749999999999,1,272,106,27.264598268130037,26.866530844576932,-0.47059826813003625,-0.07253084457693149
2024,9,Canadian Grand Prix,Circuit Gilles Villeneuve,kevinmagnussen,41,3,24.833,haas,0,33.59749999999999,1,272,106,27.264598268130037,27.825183326080765,-2.4315982681300383,-2.9921833260807666
2024,9,Canadian Grand Prix,Circuit Gilles Villeneuve,kevinmagnussen,54,4,26.845,haas,0,33.59749999999999,1,272,106,27.264598268130037,30.44528724768994,-0.41959826813003787,-3.6002872476899412
2024,9,Canadian Grand Prix,Circuit Gilles Villeneuve,leclerc,25,1,24.031,ferrari,0,33.59749999999999,1,259,106,25.894183885314295,25.909259209713134,-1.863183885314296,-1.8782592097131356
2024,9,Canadian Grand Prix,Circuit Gilles Villeneuve,leclerc,28,2,47.186,ferrari,0,33.59749999999999,1,259,106,25.894183885314295,25.6379972403744,21.291816114685705,21.5480027596256
2024,9,Canadian Grand Prix,Circuit Gilles Villeneuve,leclerc,31,3,24.629,ferrari,0,33.59749999999999,1,259,106,25.894183885314295,26.361668634884637,-1.2651838853142934,-1.7326686348846358
2024,9,Canadian Grand Prix,Circuit Gilles Villeneuve,maxverstappen,25,1,24.306,red_bull,0,33.59749999999999,1,292,106,25.817053607007686,25.509342426117385,-1.5110536070076854,-1.2033424261173842
2024,9,Canadian Grand Prix,Circuit Gilles Villeneuve,maxverstappen,45,2,24.246,red_bull,0,33.59749999999999,1,292,106,25.817053607007686,25.545363416693355,-1.5710536070076877,-1.2993634166933568
2024,9,Canadian Grand Prix,Circuit Gilles Villeneuve,norris,26,1,23.423,mclaren,0,33.59749999999999,1,270,106,25.867779264723893,26.008384660974063,-2.444779264723895,-2.5853846609740643
2024,9,Canadian Grand Prix,Circuit Gilles Villeneuve,norris,47,2,23.983,mclaren,0,33.59749999999999,1,270,106,25.867779264723893,26.06248111978031,-1.8847792647238926,-2.079481119780308
2024,9,Canadian Grand Prix,Circuit Gilles Villeneuve,ocon,44,1,24.495,alpine,0,33.59749999999999,1,249,106,26.086536301512485,26.721268979356015,-1.591536301512484,-2.226268979356014
2024,9,Canadian Grand Prix,Circuit Gilles Villeneuve,perez,25,1,33.762,red_bull,0,33.59749999999999,1,292,106,25.817053607007686,25.509342426117385,7.944946392992314,8.252657573882615
2024,9,Canadian Grand Prix,Circuit Gilles Villeneuve,perez,43,2,24.423,red_bull,0,33.59749999999999,1,292,106,25.817053607007686,25.5092124802328,-1.394053607007688,-1.0862124802328026
2024,9,Canadian Grand Prix,Circuit Gilles Villeneuve,piastri,25,1,23.977,mclaren,0,33.59749999999999,1,270,106,25.867779264723893,25.990309192743787,-1.8907792647238928,-2.0133091927437867
2024,9,Canadian Grand Prix,Circuit Gilles Villeneuve,piastri,44,2,23.476,mclaren,0,33.59749999999999,1,270,106,25.867779264723893,26.00825471508948,-2.391779264723894,-2.532254715089479
2024,9,Canadian Grand Prix,Circuit Gilles Villeneuve,ricciardo,26,1,30.298,rb,0,33.59749999999999,1,70,106,27.76380102921169,27.023448907410963,2.5341989707883066,3.2745510925890358
2024,9,Canadian Grand Prix,Circuit Gilles Villeneuve,ricciardo,43,2,23.86,rb,0,33.59749999999999,1,70,106,27.76380102921169,27.005243493296103,-3.9038010292116923,-3.1452434932961033
2024,9,Canadian Grand Prix,Circuit Gilles Villeneuve,russell,25,1,24.044,mercedes,0,33.59749999999999,1,278,106,26.265218957693456,26.11795653517202,-2.2212189576934556,-2.0739565351720195
2024,9,Canadian Grand Prix,Circuit Gilles Villeneuve,russell,45,2,25.431,mercedes,0,33.59749999999999,1,278,106,26.265218957693456,26.15397752574799,-0.8342189576934551,-0.7229775257479893
2024,9,Canadian Grand Prix,Circuit Gilles Villeneuve,russell,54,3,28.157,mercedes,0,33.59749999999999,1,278,106,26.265218957693456,26.98610172963989,1.891781042306544,1.1708982703601087
2024,9,Canadian Grand Prix,Circuit Gilles Villeneuve,sainz,25,1,27.626,ferrari,0,33.59749999999999,1,259,106,25.894183885314295,25.909259209713134,1.7318161146857065,1.7167407902868668
2024,9,Canadian Grand Prix,Circuit Gilles Villeneuve,sainz,43,2,24.125,ferrari,0,33.59749999999999,1,259,106,25.894183885314295,25.90912926382855,-1.7691838853142947,-1.7841292638285502
2024,9,Canadian Grand Prix,Circuit Gilles Villeneuve,stroll,25,1,24.284,aston_martin,0,33.59749999999999,1,271,106,26.08207967533314,26.27561146961968,-1.7980796753331418,-1.9916114696196807
2024,9,Canadian Grand Prix,Circuit Gilles Villeneuve,stroll,44,2,25.025,aston_martin,0,33.59749999999999,1,271,106,26.08207967533314,26.29355699196537,-1.0570796753331422,-1.2685569919653723
2024,9,Canadian Grand Prix,Circuit Gilles Villeneuve,tsunoda,44,1,25.569,rb,0,33.59749999999999,1,70,106,27.76380102921169,27.348807335555943,-2.1948010292116926,-1.7798073355559438
2024,9,Canadian Grand Prix,Circuit Gilles Villeneuve,zhou,24,1,25.598,sauber,0,33.59749999999999,1,74,106,30.045739812389904,28.981601081762317,-4.447739812389905,-3.3836010817623183
2024,9,Canadian Grand Prix,Circuit Gilles Villeneuve,zhou,44,2,65.564,sauber,0,33.59749999999999,1,74,106,30.045739812389904,29.017622072338284,35.51826018761009,36.54637792766171
2024,9,Canadian Grand Prix,Circuit Gilles Villeneuve,zhou,52,3,28.375,sauber,0,33.59749999999999,1,74,106,30.045739812389904,29.83167080799991,-1.670739812389904,-1.4566708079999096
2024,10,Spanish Grand Prix,Circuit de Barcelona-Catalunya,albon,18,1,23.248,williams,0,24.984499999999997,1,271,172,23.620141340457206,22.992155094630853,-0.3721413404572047,0.2558449053691483
2024,10,Spanish Grand Prix,Circuit de Barcelona-Catalunya,albon,43,2,21.892,williams,0,24.984499999999997,1,271,172,23.620141340457206,23.118553426358204,-1.7281413404572064,-1.2265534263582047
2024,10,Spanish Grand Prix,Circuit de Barcelona-Catalunya,alonso,19,1,21.957,aston_martin,0,24.984499999999997,1,271,172,22.58617247959196,22.70840605335154,-0.6291724795919578,-0.7514060533515377
2024,10,Spanish Grand Prix,Circuit de Barcelona-Catalunya,alonso,45,2,22.571,aston_martin,0,24.984499999999997,1,271,172,22.58617247959196,22.85287985330917,-0.015172479591957,-0.2818798533091673
2024,10,Spanish Grand Prix,Circuit de Barcelona-Catalunya,bottas,11,1,22.744,sauber,0,24.984499999999997,1,74,172,26.54983261664872,25.28786738788224,-3.805832616648722,-2.5438673878822406
2024,10,Spanish Grand Prix,Circuit de Barcelona-Catalunya,bottas,28,2,22.963,sauber,0,24.984499999999997,1,74,172,26.54983261664872,25.269661973767377,-3.5868326166487208,-2.306661973767376
2024,10,Spanish Grand Prix,Circuit de Barcelona-Catalunya,gasly,14,1,26.097,alpine,0,24.984499999999997,1,249,172,22.590629105771303,22.720252325561233,3.5063708942286986,3.376747674438768
2024,10,Spanish Grand Prix,Circuit de Barcelona-Catalunya,gasly,38,2,21.687,alpine,0,24.984499999999997,1,249,172,22.590629105771303,22.82857518905831,-0.9036291057713015,-1.1415751890583081
2024,10,Spanish Grand Prix,Circuit de Barcelona-Catalunya,hamilton,16,1,21.84,mercedes,0,24.984499999999997,1,278,172,22.769311761952277,22.49652471421305,-0.9293117619522775,-0.6565247142130488
2024,10,Spanish Grand Prix,Circuit de Barcelona-Catalunya,hamilton,43,2,21.603,mercedes,0,24.984499999999997,1,278,172,22.769311761952277,22.659073982400955,-1.1663117619522758,-1.056073982400953
2024,10,Spanish Grand Prix,Circuit de Barcelona-Catalunya,hulkenberg,12,1,22.722,haas,0,24.984499999999997,1,272,172,23.768691072388854,23.498285524726416,-1.0466910723888532,-0.7762855247264149
2024,10,Spanish Grand Prix,Circuit de Barcelona-Catalunya,hulkenberg,38,2,22.518,haas,0,24.984499999999997,1,272,172,23.768691072388854,23.642759324684047,-1.2506910723888538,-1.124759324684046
2024,10,Spanish Grand Prix,Circuit de Barcelona-Catalunya,kevinmagnussen,10,1,23.36,haas,0,24.984499999999997,1,272,172,23.768691072388854,23.46213458826586,-0.40869107238885505,-0.10213458826586219
2024,10,Spanish Grand Prix,Circuit de Barcelona-Catalunya,kevinmagnussen,29,2,28.967,haas,0,24.984499999999997,1,272,172,23.768691072388854,23.480080110611556,5.198308927611144,5.486919889388442
2024,10,Spanish Grand Prix,Circuit de Barcelona-Catalunya,leclerc,24,1,22.26,ferrari,0,24.984499999999997,1,259,172,22.398276689573112,22.432431134596378,-0.1382766895731109,-0.17243113459637627
2024,10,Spanish Grand Prix,Circuit de Barcelona-Catalunya,leclerc,47,2,21.624,ferrari,0,24.984499999999997,1,259,172,22.398276689573112,22.522678529863178,-0.7742766895731137,-0.8986785298631794
2024,10,Spanish Grand Prix,Circuit de Barcelona-Catalunya,maxverstappen,17,1,21.544,red_bull,0,24.984499999999997,1,292,172,22.321146411266504,21.90598607338869,-0.7771464112665036,-0.3619860733886888
2024,10,Spanish Grand Prix,Circuit de Barcelona-Catalunya,maxverstappen,44,2,22.34,red_bull,0,24.984499999999997,1,292,172,22.321146411266504,22.068535341576595,0.01885358873349574,0.2714646584234046
2024,10,Spanish Grand Prix,Circuit de Barcelona-Catalunya,norris,23,1,21.618,mclaren,0,24.984499999999997,1,270,172,22.37187206898271,22.49540564939675,-0.7538720689827123,-0.8774056493967528
2024,10,Spanish Grand Prix,Circuit de Barcelona-Catalunya,norris,47,2,22.631,mclaren,0,24.984499999999997,1,270,172,22.37187206898271,22.603728512893827,0.25912793101728937,0.027271487106172998
2024,10,Spanish Grand Prix,Circuit de Barcelona-Catalunya,ocon,13,1,21.834,alpine,0,24.984499999999997,1,249,172,22.590629105771303,22.702176857330958,-0.756629105771303,-0.8681768573309583
2024,10,Spanish Grand Prix,Circuit de Barcelona-Catalunya,ocon,37,2,21.921,alpine,0,24.984499999999997,1,249,172,22.590629105771303,22.810499720828034,-0.6696291057713033,-0.8894997208280344
2024,10,Spanish Grand Prix,Circuit de Barcelona-Catalunya,perez,13,1,22.181,red_bull,0,24.984499999999997,1,292,172,22.321146411266504,21.83368420046758,-0.14014641126650318,0.34731579953242075
2024,10,Spanish Grand Prix,Circuit de Barcelona-Catalunya,perez,31,2,21.464,red_bull,0,24.984499999999997,1,292,172,22.321146411266504,21.833554254582996,-0.8571464112665055,-0.3695542545829973
2024,10,Spanish Grand Prix,Circuit de Barcelona-Catalunya,perez,49,3,21.472,red_bull,0,24.984499999999997,1,292,172,22.321146411266504,22.828357672547384,-0.8491464112665028,-1.3563576725473823
2024,10,Spanish Grand Prix,Circuit de Barcelona-Catalunya,piastri,21,1,22.224,mclaren,0,24.984499999999997,1,270,172,22.37187206898271,22.4592547129362,-0.14787206898271066,-0.23525471293620015
2024,10,Spanish Grand Prix,Circuit de Barcelona-Catalunya,piastri,46,2,22.42,mclaren,0,24.984499999999997,1,270,172,22.37187206898271,22.58565304466355,0.04812793101729085,-0.16565304466355002
2024,10,Spanish Grand Prix,Circuit de Barcelona-Catalunya,ricciardo,16,1,22.364,rb,0,24.984499999999997,1,70,172,24.26789383347051,23.383941618221716,-1.9038938334705087,-1.019941618221715
2024,10,Spanish Grand Prix,Circuit de Barcelona-Catalunya,ricciardo,42,2,22.108,rb,0,24.984499999999997,1,70,172,24.26789383347051,23.528415418179343,-2.159893833470509,-1.420415418179342
2024,10,Spanish Grand Prix,Circuit de Barcelona-Catalunya,russell,15,1,25.023,mercedes,0,24.984499999999997,1,278,172,22.769311761952277,22.478449245982773,2.2536882380477223,2.5445507540172265
2024,10,Spanish Grand Prix,Circuit de Barcelona-Catalunya,russell,36,2,22.7,mercedes,0,24.984499999999997,1,278,172,22.769311761952277,22.53254570478902,-0.06931176195227806,0.16745429521098032
2024,10,Spanish Grand Prix,Circuit de Barcelona-Catalunya,sainz,15,1,22.194,ferrari,0,24.984499999999997,1,259,172,22.398276689573112,22.269751920523888,-0.2042766895731134,-0.07575192052388857
2024,10,Spanish Grand Prix,Circuit de Barcelona-Catalunya,sainz,36,2,22.249,ferrari,0,24.984499999999997,1,259,172,22.398276689573112,22.323848379330133,-0.14927668957311369,-0.07484837933013466
2024,10,Spanish Grand Prix,Circuit de Barcelona-Catalunya,sargeant,14,1,22.401,williams,0,24.984499999999997,1,271,172,23.620141340457206,22.919853221709747,-1.219141340457206,-0.5188532217097475
2024,10,Spanish Grand Prix,Circuit de Barcelona-Catalunya,sargeant,34,2,22.506,williams,0,24.984499999999997,1,271,172,23.620141340457206,22.955874212285714,-1.1141413404572056,-0.4498742122857138
2024,10,Spanish Grand Prix,Circuit de Barcelona-Catalunya,stroll,17,1,21.88,aston_martin,0,24.984499999999997,1,271,172,22.58617247959196,22.672255116890987,-0.7061724795919595,-0.7922551168909884
2024,10,Spanish Grand Prix,Circuit de Barcelona-Catalunya,stroll,37,2,23.381,aston_martin,0,24.984499999999997,1,271,172,22.58617247959196,22.708276107466954,0.7948275204080417,0.6727238925330461
2024,10,Spanish Grand Prix,Circuit de Barcelona-Catalunya,tsunoda,9,1,22.064,rb,0,24.984499999999997,1,70,172,24.26789383347051,23.257413340609776,-2.2038938334705094,-1.1934133406097764
2024,10,Spanish Grand Prix,Circuit de Barcelona-Catalunya,tsunoda,27,2,22.084,rb,0,24.984499999999997,1,70,172,24.26789383347051,23.257283394725192,-2.18389383347051,-1.1732833947251926
2024,10,Spanish Grand Prix,Circuit de Barcelona-Catalunya,tsunoda,44,3,22.564,rb,0,24.984499999999997,1,70,172,24.26789383347051,24.234011344459304,-1.7038938334705094,-1.6700113444593043
2024,10,Spanish Grand Prix,Circuit de Barcelona-Catalunya,zhou,9,1,22.523,sauber,0,24.984499999999997,1,74,172,26.54983261664872,25.251716451421686,-4.026832616648722,-2.728716451421686
2024,10,Spanish Grand Prix,Circuit de Barcelona-Catalunya,zhou,41,2,24.253,sauber,0,24.984499999999997,1,74,172,26.54983261664872,25.504643060760976,-2.2968326166487216,-1.2516430607609763
2024,11,Austrian Grand Prix,Red Bull Ring,albon,12,1,21.878,williams,0,27.136999999999993,1,271,192,23.098543412353578,22.257511590652435,-1.220543412353578,-0.37951159065243445
2024,11,Austrian Grand Prix,Red Bull Ring,albon,39,2,21.692,williams,0,27.136999999999993,1,271,192,23.098543412353578,22.42006085884034,-1.406543412353578,-0.7280608588403403
2024,11,Austrian Grand Prix,Red Bull Ring,alonso,11,1,21.483,aston_martin,0,27.136999999999993,1,271,192,22.06457455148833,21.93761161291257,-0.5815745514883304,-0.4546116129125686
2024,11,Austrian Grand Prix,Red Bull Ring,alonso,35,2,33.947,aston_martin,0,27.136999999999993,1,271,192,22.06457455148833,22.045934476409645,11.882425448511672,11.901065523590358
2024,11,Austrian Grand Prix,Red Bull Ring,alonso,68,3,22.487,aston_martin,0,27.136999999999993,1,271,192,22.06457455148833,23.31186991782818,0.4224254485116674,-0.8248699178281811
2024,11,Austrian Grand Prix,Red Bull Ring,bottas,19,1,21.918,sauber,0,27.136999999999993,1,74,192,26.028234688545094,24.80628043912769,-4.110234688545095,-2.8882804391276906
2024,11,Austrian Grand Prix,Red Bull Ring,bottas,42,2,21.991,sauber,0,27.136999999999993,1,74,192,26.028234688545094,24.896527834394494,-4.0372346885450945,-2.905527834394494
2024,11,Austrian Grand Prix,Red Bull Ring,gasly,20,1,21.431,alpine,0,27.136999999999993,1,249,192,22.069031177667675,22.202514440346135,-0.6380311776676741,-0.7715144403461345
2024,11,Austrian Grand Prix,Red Bull Ring,gasly,42,2,22.043,alpine,0,27.136999999999993,1,249,192,22.069031177667675,22.274686367382657,-0.02603117766767582,-0.23168636738265747
2024,11,Austrian Grand Prix,Red Bull Ring,hamilton,21,1,21.563,mercedes,0,27.136999999999993,1,278,192,22.24771383384865,21.960711360767675,-0.6847138338486509,-0.3977113607676763
2024,11,Austrian Grand Prix,Red Bull Ring,hamilton,53,2,27.281,mercedes,0,27.136999999999993,1,278,192,22.24771383384865,22.213637970106966,5.033286166151349,5.067362029893033
2024,11,Austrian Grand Prix,Red Bull Ring,hulkenberg,11,1,22.355,haas,0,27.136999999999993,1,272,192,23.247093144285227,22.854019361899383,-0.8920931442852265,-0.4990193618993821
2024,11,Austrian Grand Prix,Red Bull Ring,hulkenberg,39,2,21.814,haas,0,27.136999999999993,1,272,192,23.247093144285227,23.034644098317564,-1.4330931442852268,-1.220644098317564
2024,11,Austrian Grand Prix,Red Bull Ring,kevinmagnussen,10,1,21.518,haas,0,27.136999999999993,1,272,192,23.247093144285227,22.835943893669103,-1.7290931442852262,-1.3179438936691028
2024,11,Austrian Grand Prix,Red Bull Ring,kevinmagnussen,38,2,21.832,haas,0,27.136999999999993,1,272,192,23.247093144285227,23.01656863008729,-1.4150931442852261,-1.1845686300872877
2024,11,Austrian Grand Prix,Red Bull Ring,leclerc,16,2,21.685,ferrari,0,27.136999999999993,1,259,192,21.876678761469485,21.33614832012784,-0.19167876146948615,0.34885167987215837
2024,11,Austrian Grand Prix,Red Bull Ring,leclerc,33,3,22.243,ferrari,0,27.136999999999993,1,259,192,21.876678761469485,22.312876269861952,0.3663212385305137,-0.06987626986195394
2024,11,Austrian Grand Prix,Red Bull Ring,leclerc,51,4,20.903,ferrari,0,27.136999999999993,1,259,192,21.876678761469485,25.02335753262251,-0.9736787614694862,-4.12035753262251
2024,11,Austrian Grand Prix,Red Bull Ring,maxverstappen,23,1,21.899,red_bull,0,27.136999999999993,1,292,192,21.799548483162877,21.38824818817359,0.09945151683712439,0.5107518118264096
2024,11,Austrian Grand Prix,Red Bull Ring,maxverstappen,51,2,25.841,red_bull,0,27.136999999999993,1,292,192,21.799548483162877,21.568872924591773,4.041451516837125,4.272127075408228
2024,11,Austrian Grand Prix,Red Bull Ring,maxverstappen,64,3,22.729,red_bull,0,27.136999999999993,1,292,192,21.799548483162877,22.473299001404776,0.9294515168371227,0.25570099859522344
2024,11,Austrian Grand Prix,Red Bull Ring,norris,23,1,21.617,mclaren,0,27.136999999999993,1,270,192,21.850274140879083,21.869214954799993,-0.23327414087908238,-0.25221495479999234
2024,11,Austrian Grand Prix,Red Bull Ring,norris,51,2,21.411,mclaren,0,27.136999999999993,1,270,192,21.850274140879083,22.049839691218178,-0.4392741408790819,-0.6388396912181769
2024,11,Austrian Grand Prix,Red Bull Ring,ocon,19,1,22.291,alpine,0,27.136999999999993,1,249,192,22.069031177667675,22.184438972115856,0.2219688223323253,0.10656102788414401
2024,11,Austrian Grand Prix,Red Bull Ring,ocon,43,2,21.231,alpine,0,27.136999999999993,1,249,192,22.069031177667675,22.292761835612936,-0.8380311776676734,-1.0617618356129341
2024,11,Austrian Grand Prix,Red Bull Ring,perez,21,1,21.291,red_bull,0,27.136999999999993,1,292,192,21.799548483162877,21.352097251713037,-0.5085484831628762,-0.06109725171303637
2024,11,Austrian Grand Prix,Red Bull Ring,perez,51,2,27.5,red_bull,0,27.136999999999993,1,292,192,21.799548483162877,21.568872924591773,5.7004515168371235,5.931127075408227
2024,11,Austrian Grand Prix,Red Bull Ring,piastri,25,1,20.978,mclaren,0,27.136999999999993,1,270,192,21.850274140879083,21.905365891260544,-0.8722741408790817,-0.9273658912605427
2024,11,Austrian Grand Prix,Red Bull Ring,piastri,51,2,20.775,mclaren,0,27.136999999999993,1,270,192,21.850274140879083,22.049839691218178,-1.0752741408790847,-1.2748396912181796
2024,11,Austrian Grand Prix,Red Bull Ring,ricciardo,10,1,21.502,rb,0,27.136999999999993,1,70,192,23.746295905366882,22.649298114243294,-2.244295905366883,-1.147298114243295
2024,11,Austrian Grand Prix,Red Bull Ring,ricciardo,37,2,21.093,rb,0,27.136999999999993,1,70,192,23.746295905366882,22.811847382431203,-2.653295905366882,-1.7188473824312034
2024,11,Austrian Grand Prix,Red Bull Ring,russell,22,1,21.673,mercedes,0,27.136999999999993,1,278,192,22.24771383384865,21.97878682899795,-0.5747138338486515,-0.3057868289979524
2024,11,Austrian Grand Prix,Red Bull Ring,russell,46,2,21.229,mercedes,0,27.136999999999993,1,278,192,22.24771383384865,22.087109692495027,-1.0187138338486506,-0.8581096924950273
2024,11,Austrian Grand Prix,Red Bull Ring,sainz,22,1,21.226,ferrari,0,27.136999999999993,1,259,192,21.876678761469485,21.77008950353906,-0.6506787614694858,-0.5440895035390625
2024,11,Austrian Grand Prix,Red Bull Ring,sainz,47,2,21.283,ferrari,0,27.136999999999993,1,259,192,21.876678761469485,21.89648783526642,-0.5936787614694836,-0.6134878352664188
2024,11,Austrian Grand Prix,Red Bull Ring,sargeant,20,2,22.502,williams,0,27.136999999999993,1,271,192,23.098543412353578,22.076626962465085,-0.5965434123535793,0.4253730375349143
2024,11,Austrian Grand Prix,Red Bull Ring,sargeant,49,3,22.093,williams,0,27.136999999999993,1,271,192,23.098543412353578,23.270260530962513,-1.0055434123535782,-1.1772605309625135
2024,11,Austrian Grand Prix,Red Bull Ring,stroll,20,1,21.399,aston_martin,0,27.136999999999993,1,271,192,22.06457455148833,22.10029082698506,-0.66557455148833,-0.7012908269850584
2024,11,Austrian Grand Prix,Red Bull Ring,stroll,43,2,21.302,aston_martin,0,27.136999999999993,1,271,192,22.06457455148833,22.190538222251856,-0.7625745514883313,-0.8885382222518565
2024,11,Austrian Grand Prix,Red Bull Ring,tsunoda,21,1,21.25,rb,0,27.136999999999993,1,70,192,23.746295905366882,22.848128264776335,-2.496295905366882,-1.598128264776335
2024,11,Austrian Grand Prix,Red Bull Ring,tsunoda,44,2,23.444,rb,0,27.136999999999993,1,70,192,23.746295905366882,22.93837566004314,-0.3022959053668828,0.5056243399568601
2024,11,Austrian Grand Prix,Red Bull Ring,zhou,28,1,23.198,sauber,0,27.136999999999993,1,74,192,26.028234688545094,24.96895965320018,-2.8302346885450937,-1.7709596532001797
2024,11,Austrian Grand Prix,Red Bull Ring,zhou,51,2,21.594,sauber,0,27.136999999999993,1,74,192,26.028234688545094,25.059207048466984,-4.434234688545093,-3.465207048466983
2024,12,British Grand Prix,Silverstone Circuit,albon,27,1,34.742,williams,0,32.7278,1,271,87,24.259847083384656,28.239564930124235,10.482152916615341,6.502435069875762
2024,12,British Grand Prix,Silverstone Circuit,albon,38,2,29.41,williams,0,32.7278,1,271,87,24.259847083384656,28.112906706627715,5.150152916615344,1.297093293372285
2024,12,British Grand Prix,Silverstone Circuit,alonso,27,1,29.341,aston_martin,0,32.7278,1,271,87,23.22587822251941,27.937740420614645,6.115121777480592,1.403259579385356
2024,12,British Grand Prix,Silverstone Circuit,alonso,38,2,29.686,aston_martin,0,32.7278,1,271,87,23.22587822251941,27.811082197118125,6.460121777480591,1.8749178028818747
2024,12,British Grand Prix,Silverstone Circuit,bottas,26,1,30.628,sauber,0,32.7278,1,74,87,27.189538359576172,30.643730032757283,3.438461640423828,-0.015730032757282686
2024,12,British Grand Prix,Silverstone Circuit,bottas,37,2,31.527,sauber,0,32.7278,1,74,87,27.189538359576172,30.517071809260756,4.337461640423829,1.0099281907392452
2024,12,British Grand Prix,Silverstone Circuit,hamilton,27,1,28.929,mercedes,0,32.7278,1,278,87,23.409017504879728,27.780085486166985,5.519982495120271,1.148914513833013
2024,12,British Grand Prix,Silverstone Circuit,hamilton,38,2,30.038,mercedes,0,32.7278,1,278,87,23.409017504879728,27.653427262670466,6.6289824951202725,2.3845727373295347
2024,12,British Grand Prix,Silverstone Circuit,hulkenberg,26,1,29.412,haas,0,32.7278,1,272,87,24.408396815316305,28.836072701371183,5.003603184683694,0.575927298628816
2024,12,British Grand Prix,Silverstone Circuit,hulkenberg,39,2,30.265,haas,0,32.7278,1,272,87,24.408396815316305,28.745565414335214,5.856603184683696,1.5194345856647864
2024,12,British Grand Prix,Silverstone Circuit,kevinmagnussen,27,1,30.308,haas,0,32.7278,1,272,87,24.408396815316305,28.85414816960146,5.899603184683695,1.4538518303985413
2024,12,British Grand Prix,Silverstone Circuit,kevinmagnussen,37,2,29.884,haas,0,32.7278,1,272,87,24.408396815316305,28.70941447787466,5.4756031846836954,1.1745855221253407
2024,12,British Grand Prix,Silverstone Circuit,leclerc,19,1,28.481,ferrari,0,32.7278,1,259,87,23.037982432500563,27.426784414865885,5.443017567499439,1.0542155851341164
2024,12,British Grand Prix,Silverstone Circuit,leclerc,27,2,29.233,ferrari,0,32.7278,1,259,87,23.037982432500563,27.245899786678535,6.195017567499438,1.9871002133214652
2024,12,British Grand Prix,Silverstone Circuit,leclerc,37,3,29.166,ferrari,0,32.7278,1,259,87,23.037982432500563,28.09609945880071,6.1280175674994375,1.0699005411992921
2024,12,British Grand Prix,Silverstone Circuit,maxverstappen,26,1,28.365,red_bull,0,32.7278,1,292,87,22.960852154193955,27.15339590888207,5.404147845806044,1.2116040911179269
2024,12,British Grand Prix,Silverstone Circuit,maxverstappen,38,2,29.076,red_bull,0,32.7278,1,292,87,22.960852154193955,27.044813153615827,6.115147845806046,2.0311868463841734
2024,12,British Grand Prix,Silverstone Circuit,norris,27,1,28.661,mclaren,0,32.7278,1,270,87,23.01157781191016,27.65243814373875,5.64942218808984,1.0085618562612524
2024,12,British Grand Prix,Silverstone Circuit,norris,39,2,30.387,mclaren,0,32.7278,1,270,87,23.01157781191016,27.543855388472508,7.375422188089839,2.8431446115274923
2024,12,British Grand Prix,Silverstone Circuit,ocon,19,1,28.495,alpine,0,32.7278,1,249,87,23.230334848698753,27.89536028813351,5.264665151301248,0.5996397118664909
2024,12,British Grand Prix,Silverstone Circuit,ocon,21,2,28.276,alpine,0,32.7278,1,249,87,23.230334848698753,27.606022850564493,5.045665151301247,0.6699771494355069
2024,12,British Grand Prix,Silverstone Circuit,ocon,26,3,29.289,alpine,0,32.7278,1,249,87,23.230334848698753,28.365845181535285,6.058665151301248,0.9231548184647167
2024,12,British Grand Prix,Silverstone Circuit,ocon,38,4,29.086,alpine,0,32.7278,1,249,87,23.230334848698753,30.967873634914184,5.855665151301245,-1.8818736349141858
2024,12,British Grand Prix,Silverstone Circuit,perez,19,1,28.391,red_bull,0,32.7278,1,292,87,22.960852154193955,27.026867631270132,5.430147845806044,1.3641323687298659
2024,12,British Grand Prix,Silverstone Circuit,perez,28,2,32.313,red_bull,0,32.7278,1,292,87,22.960852154193955,26.864058471313058,9.352147845806048,5.4489415286869445
2024,12,British Grand Prix,Silverstone Circuit,perez,37,3,29.3,red_bull,0,32.7278,1,292,87,22.960852154193955,27.696182675204955,6.339147845806046,1.6038173247950454
2024,12,British Grand Prix,Silverstone Circuit,perez,47,4,28.871,red_bull,0,32.7278,1,292,87,22.960852154193955,30.2620601921233,5.910147845806044,-1.3910601921233017
2024,12,British Grand Prix,Silverstone Circuit,piastri,28,1,29.541,mclaren,0,32.7278,1,270,87,23.01157781191016,27.670513611969028,6.529422188089839,1.8704863880309723
2024,12,British Grand Prix,Silverstone Circuit,piastri,38,2,29.2,mclaren,0,32.7278,1,270,87,23.01157781191016,27.52577992024223,6.188422188089838,1.6742200797577702
2024,12,British Grand Prix,Silverstone Circuit,ricciardo,26,1,28.875,rb,0,32.7278,1,70,87,24.90759957639796,28.64942692194537,3.96740042360204,0.22557307805463012
2024,12,British Grand Prix,Silverstone Circuit,ricciardo,37,2,29.873,rb,0,32.7278,1,70,87,24.90759957639796,28.52276869844885,4.965400423602041,1.3502313015511511
2024,12,British Grand Prix,Silverstone Circuit,russell,27,1,32.045,mercedes,0,32.7278,1,278,87,23.409017504879728,27.780085486166985,8.635982495120274,4.264914513833016
2024,12,British Grand Prix,Silverstone Circuit,sainz,26,1,29.199,ferrari,0,32.7278,1,259,87,23.037982432500563,27.553312692477824,6.161017567499439,1.6456873075221772
2024,12,British Grand Prix,Silverstone Circuit,sainz,39,2,29.097,ferrari,0,32.7278,1,259,87,23.037982432500563,27.462805405441856,6.059017567499438,1.6341945945581458
2024,12,British Grand Prix,Silverstone Circuit,sainz,50,3,28.706,ferrari,0,32.7278,1,259,87,23.037982432500563,28.3310805457943,5.668017567499437,0.37491945420569905
2024,12,British Grand Prix,Silverstone Circuit,sargeant,27,1,32.801,williams,0,32.7278,1,271,87,24.259847083384656,28.239564930124235,8.541152916615346,4.561435069875767
2024,12,British Grand Prix,Silverstone Circuit,sargeant,38,2,29.444,williams,0,32.7278,1,271,87,24.259847083384656,28.112906706627715,5.184152916615343,1.3310932933722839
2024,12,British Grand Prix,Silverstone Circuit,stroll,26,1,29.023,aston_martin,0,32.7278,1,271,87,23.22587822251941,27.91966495238437,5.797121777480591,1.10333504761563
2024,12,British Grand Prix,Silverstone Circuit,stroll,39,2,29.469,aston_martin,0,32.7278,1,271,87,23.22587822251941,27.8291576653484,6.243121777480592,1.6398423346516005
2024,12,British Grand Prix,Silverstone Circuit,tsunoda,38,2,29.658,rb,0,32.7278,1,70,87,24.90759957639796,28.54084416667913,4.750400423602041,1.1171558333208722
2024,12,British Grand Prix,Silverstone Circuit,zhou,12,1,29.178,sauber,0,32.7278,1,74,87,27.189538359576172,30.390673477533404,1.9884616404238287,-1.2126734775334036
2024,12,British Grand Prix,Silverstone Circuit,zhou,19,2,29.838,sauber,0,32.7278,1,74,87,27.189538359576172,30.191713381115775,2.648461640423829,-0.35371338111577444
2024,12,British Grand Prix,Silverstone Circuit,zhou,26,3,29.125,sauber,0,32.7278,1,74,87,27.189538359576172,30.987686648547125,1.9354616404238278,-1.8626866485471254
2024,12,British Grand Prix,Silverstone Circuit,zhou,37,4,33.083,sauber,0,32.7278,1,74,87,27.189538359576172,33.57163963369574,5.893461640423826,-0.48863963369574037
2024,13,Hungarian Grand Prix,Hungaroring,albon,6,1,22.091,williams,0,22.57675,1,271,133,20.774447420369427,22.28101928733774,1.3165525796305744,-0.19001928733774065
2024,13,Hungarian Grand Prix,Hungaroring,albon,29,2,23.41,williams,0,22.57675,1,271,133,20.774447420369427,22.371266682604542,2.6355525796305734,1.038733317395458
2024,13,Hungarian Grand Prix,Hungaroring,alonso,7,1,22.542,aston_martin,0,22.57675,1,271,133,19.74047855950418,21.997270246058427,2.801521440495822,0.5447297539415743
2024,13,Hungarian Grand Prix,Hungaroring,alonso,37,2,21.8,aston_martin,0,22.57675,1,271,133,19.74047855950418,22.214045918937163,2.0595214404958213,-0.4140459189371626
2024,13,Hungarian Grand Prix,Hungaroring,bottas,16,1,22.146,sauber,0,22.57675,1,74,133,23.70413869656094,24.88401454050383,-1.5581386965609383,-2.73801454050383
2024,13,Hungarian Grand Prix,Hungaroring,bottas,45,2,21.981,sauber,0,22.57675,1,74,133,23.70413869656094,25.082714745152288,-1.7231386965609374,-3.101714745152286
2024,13,Hungarian Grand Prix,Hungaroring,gasly,28,1,21.405,alpine,0,22.57675,1,249,133,19.744935185683524,22.479078692255314,1.6600648143164776,-1.0740786922553127
2024,13,Hungarian Grand Prix,Hungaroring,hamilton,16,1,21.306,mercedes,0,22.57675,1,278,133,19.923617841864495,22.00229452568326,1.3823821581355062,-0.6962945256832604
2024,13,Hungarian Grand Prix,Hungaroring,hamilton,40,2,21.91,mercedes,0,22.57675,1,278,133,19.923617841864495,22.110617389180334,1.9863821581355054,-0.20061738918033356
2024,13,Hungarian Grand Prix,Hungaroring,hulkenberg,2,1,22.287,haas,0,22.57675,1,272,133,20.922997152301075,22.82330065389386,1.3640028476989237,-0.5363006538938606
2024,13,Hungarian Grand Prix,Hungaroring,hulkenberg,29,2,22.472,haas,0,22.57675,1,272,133,20.922997152301075,22.985849922081766,1.549002847698926,-0.5138499220817643
2024,13,Hungarian Grand Prix,Hungaroring,kevinmagnussen,6,1,21.871,haas,0,22.57675,1,272,133,20.922997152301075,22.895602526814965,0.9480028476989233,-1.0246025268149666
2024,13,Hungarian Grand Prix,Hungaroring,kevinmagnussen,34,2,22.531,haas,0,22.57675,1,272,133,20.922997152301075,23.07622726323315,1.6080028476989234,-0.5452272632331514
2024,13,Hungarian Grand Prix,Hungaroring,leclerc,23,1,21.894,ferrari,0,22.57675,1,259,133,19.552582769485333,21.920125477836308,2.341417230514665,-0.026125477836309585
2024,13,Hungarian Grand Prix,Hungaroring,leclerc,40,2,21.723,ferrari,0,22.57675,1,259,133,19.552582769485333,21.901920063721445,2.1704172305146656,-0.17892006372144564
2024,13,Hungarian Grand Prix,Hungaroring,maxverstappen,21,1,22.101,red_bull,0,22.57675,1,292,133,19.475452491178725,21.484057757780004,2.625547508821274,0.616942242219995
2024,13,Hungarian Grand Prix,Hungaroring,maxverstappen,49,2,21.344,red_bull,0,22.57675,1,292,133,19.475452491178725,21.66468249419819,1.8685475088212762,-0.32068249419818784
2024,13,Hungarian Grand Prix,Hungaroring,norris,17,1,21.861,mclaren,0,22.57675,1,270,133,19.52617814889493,21.8927226514853,2.334821851105069,-0.031722651485299735
2024,13,Hungarian Grand Prix,Hungaroring,norris,45,2,21.249,mclaren,0,22.57675,1,270,133,19.52617814889493,22.073347387903482,1.722821851105067,-0.824347387903483
2024,13,Hungarian Grand Prix,Hungaroring,ocon,6,1,21.829,alpine,0,22.57675,1,249,133,19.744935185683524,22.081418391189228,2.084064814316477,-0.25241839118922726
2024,13,Hungarian Grand Prix,Hungaroring,ocon,30,2,21.444,alpine,0,22.57675,1,249,133,19.744935185683524,22.189741254686304,1.6990648143164755,-0.7457412546863047
2024,13,Hungarian Grand Prix,Hungaroring,ocon,64,3,21.33,alpine,0,22.57675,1,249,133,19.744935185683524,23.473752164335114,1.5850648143164747,-2.1437521643351154
2024,13,Hungarian Grand Prix,Hungaroring,perez,28,1,21.395,red_bull,0,22.57675,1,292,133,19.475452491178725,21.610586035391943,1.9195475088212746,-0.21558603539194365
2024,13,Hungarian Grand Prix,Hungaroring,perez,47,2,21.056,red_bull,0,22.57675,1,292,133,19.475452491178725,21.628531557737634,1.580547508821276,-0.5725315577376335
2024,13,Hungarian Grand Prix,Hungaroring,piastri,18,1,21.641,mclaren,0,22.57675,1,270,133,19.52617814889493,21.910798119715576,2.1148218511050665,-0.26979811971557766
2024,13,Hungarian Grand Prix,Hungaroring,piastri,47,2,21.823,mclaren,0,22.57675,1,270,133,19.52617814889493,22.109498324364036,2.2968218511050686,-0.286498324364036
2024,13,Hungarian Grand Prix,Hungaroring,ricciardo,7,1,21.084,rb,0,22.57675,1,70,133,21.422199913382727,22.72703221561943,-0.33819991338272715,-1.6430322156194315
2024,13,Hungarian Grand Prix,Hungaroring,ricciardo,28,2,21.378,rb,0,22.57675,1,70,133,21.422199913382727,22.781128674425677,-0.04419991338272666,-1.4031286744256768
2024,13,Hungarian Grand Prix,Hungaroring,russell,33,1,21.369,mercedes,0,22.57675,1,278,133,19.923617841864495,22.309577485597963,1.445382158135505,-0.940577485597963
2024,13,Hungarian Grand Prix,Hungaroring,russell,53,2,21.328,mercedes,0,22.57675,1,278,133,19.923617841864495,22.345598476173933,1.4043821581355047,-1.0175984761739336
2024,13,Hungarian Grand Prix,Hungaroring,sainz,21,1,21.655,ferrari,0,22.57675,1,259,133,19.552582769485333,21.883974541375753,2.102417230514668,-0.22897454137575224
2024,13,Hungarian Grand Prix,Hungaroring,sainz,47,2,21.439,ferrari,0,22.57675,1,259,133,19.552582769485333,22.028448341333384,1.8864172305146667,-0.5894483413333838
2024,13,Hungarian Grand Prix,Hungaroring,sargeant,8,1,21.757,williams,0,22.57675,1,271,133,20.774447420369427,22.317170223798296,0.9825525796305747,-0.5601702237982948
2024,13,Hungarian Grand Prix,Hungaroring,sargeant,33,2,21.398,williams,0,22.57675,1,271,133,20.774447420369427,22.443568555525648,0.623552579630573,-1.045568555525648
2024,13,Hungarian Grand Prix,Hungaroring,sargeant,63,3,21.908,williams,0,22.57675,1,271,133,20.774447420369427,23.655277592253356,1.1335525796305745,-1.7472775922533543
2024,13,Hungarian Grand Prix,Hungaroring,stroll,14,1,23.237,aston_martin,0,22.57675,1,271,133,19.74047855950418,22.123798523670363,3.496521440495819,1.1132014763296354
2024,13,Hungarian Grand Prix,Hungaroring,stroll,45,2,22.276,aston_martin,0,22.57675,1,271,133,19.74047855950418,22.358649664779374,2.5355214404958204,-0.08264966477937463
2024,13,Hungarian Grand Prix,Hungaroring,tsunoda,29,1,21.467,rb,0,22.57675,1,70,133,21.422199913382727,23.124692516685517,0.04480008661727197,-1.6576925166855183
2024,13,Hungarian Grand Prix,Hungaroring,zhou,7,1,21.993,sauber,0,22.57675,1,74,133,23.70413869656094,24.72133532643134,-1.7111386965609405,-2.728335326431342
2024,13,Hungarian Grand Prix,Hungaroring,zhou,36,2,22.183,sauber,0,22.57675,1,74,133,23.70413869656094,24.920035531079797,-1.5211386965609393,-2.7370355310797976
2024,14,Belgian Grand Prix,Circuit de Spa-Francorchamps,albon,8,1,23.606,williams,0,23.644550000000002,1,271,109,24.31014353425072,23.7379270314928,-0.7041435342507185,-0.13192703149279694
2024,14,Belgian Grand Prix,Circuit de Spa-Francorchamps,albon,23,2,23.146,williams,0,23.644550000000002,1,271,109,24.31014353425072,23.683570680917384,-1.1641435342507194,-0.5375706809173835
2024,14,Belgian Grand Prix,Circuit de Spa-Francorchamps,alonso,13,1,23.075,aston_martin,0,23.644550000000002,1,271,109,23.276174673385473,23.52647986313459,-0.20117467338547357,-0.45147986313459043
2024,14,Belgian Grand Prix,Circuit de Spa-Francorchamps,bottas,11,1,23.147,sauber,0,23.644550000000002,1,74,109,27.239834810442236,26.214394007046952,-4.092834810442238,-3.0673940070469534
2024,14,Belgian Grand Prix,Circuit de Spa-Francorchamps,bottas,35,2,22.949,sauber,0,23.644550000000002,1,74,109,27.239834810442236,26.322716870544028,-4.2908348104422345,-3.373716870544026
2024,14,Belgian Grand Prix,Circuit de Spa-Francorchamps,gasly,9,1,22.9,alpine,0,23.644550000000002,1,249,109,23.280631299564817,23.55640160357456,-0.38063129956481845,-0.6564016035745617
2024,14,Belgian Grand Prix,Circuit de Spa-Francorchamps,gasly,28,2,22.844,alpine,0,23.644550000000002,1,249,109,23.280631299564817,23.574347125920255,-0.43663129956481583,-0.7303471259202539
2024,14,Belgian Grand Prix,Circuit de Spa-Francorchamps,hamilton,11,1,23.188,mercedes,0,23.644550000000002,1,278,109,23.45931395574579,23.33267399222638,-0.27131395574579287,-0.14467399222638022
2024,14,Belgian Grand Prix,Circuit de Spa-Francorchamps,hamilton,26,2,22.704,mercedes,0,23.644550000000002,1,278,109,23.45931395574579,23.278317641650965,-0.7553139557457911,-0.5743176416509641
2024,14,Belgian Grand Prix,Circuit de Spa-Francorchamps,hulkenberg,7,1,23.562,haas,0,23.644550000000002,1,272,109,24.45869326618237,24.334434802739743,-0.8966932661823677,-0.7724348027397419
2024,14,Belgian Grand Prix,Circuit de Spa-Francorchamps,hulkenberg,20,2,23.268,haas,0,23.644550000000002,1,272,109,24.45869326618237,24.243927515703778,-1.1906932661823681,-0.975927515703777
2024,14,Belgian Grand Prix,Circuit de Spa-Francorchamps,kevinmagnussen,17,1,23.619,haas,0,23.644550000000002,1,272,109,24.45869326618237,24.515189485042512,-0.8396932661823691,-0.8961894850425125
2024,14,Belgian Grand Prix,Circuit de Spa-Francorchamps,leclerc,12,1,22.942,ferrari,0,23.644550000000002,1,259,109,23.088278883366627,23.14205213499777,-0.14627888336662664,-0.20005213499776886
2024,14,Belgian Grand Prix,Circuit de Spa-Francorchamps,leclerc,25,2,23.33,ferrari,0,23.644550000000002,1,259,109,23.088278883366627,23.0515448479618,0.24172111663337148,0.27845515203819815
2024,14,Belgian Grand Prix,Circuit de Spa-Francorchamps,maxverstappen,10,1,23.214,red_bull,0,23.644550000000002,1,292,109,23.01114860506002,22.70598441494146,0.20285139493998017,0.5080155850585371
2024,14,Belgian Grand Prix,Circuit de Spa-Francorchamps,maxverstappen,28,2,22.943,red_bull,0,23.644550000000002,1,292,109,23.01114860506002,22.705854469056877,-0.06814860506001708,0.23714553094312407
2024,14,Belgian Grand Prix,Circuit de Spa-Francorchamps,norris,15,1,22.682,mclaren,0,23.644550000000002,1,270,109,23.061874262776225,23.27732852271925,-0.3798742627762266,-0.5953285227192531
2024,14,Belgian Grand Prix,Circuit de Spa-Francorchamps,norris,29,2,22.61,mclaren,0,23.644550000000002,1,270,109,23.061874262776225,23.20489670391356,-0.4518742627762258,-0.5948967039135589
2024,14,Belgian Grand Prix,Circuit de Spa-Francorchamps,ocon,12,1,23.366,alpine,0,23.644550000000002,1,249,109,23.280631299564817,23.61062800826539,0.08536870043518263,-0.24462800826539066
2024,14,Belgian Grand Prix,Circuit de Spa-Francorchamps,ocon,30,2,23.546,alpine,0,23.644550000000002,1,249,109,23.280631299564817,23.610498062380806,0.26536870043518235,-0.06449806238080669
2024,14,Belgian Grand Prix,Circuit de Spa-Francorchamps,perez,11,1,22.692,red_bull,0,23.644550000000002,1,292,109,23.01114860506002,22.72405988317174,-0.3191486050600183,-0.032059883171740466
2024,14,Belgian Grand Prix,Circuit de Spa-Francorchamps,perez,21,2,22.648,red_bull,0,23.644550000000002,1,292,109,23.01114860506002,22.57932619144494,-0.3631486050600188,0.068673808555058
2024,14,Belgian Grand Prix,Circuit de Spa-Francorchamps,perez,42,3,22.632,red_bull,0,23.644550000000002,1,292,109,23.01114860506002,23.62835601410016,-0.379148605060017,-0.996356014100158
2024,14,Belgian Grand Prix,Circuit de Spa-Francorchamps,piastri,11,1,22.623,mclaren,0,23.644550000000002,1,270,109,23.061874262776225,23.205026649798143,-0.4388742627762241,-0.5820266497981414
2024,14,Belgian Grand Prix,Circuit de Spa-Francorchamps,piastri,30,2,24.125,mclaren,0,23.644550000000002,1,270,109,23.061874262776225,23.222972172143837,1.0631257372237748,0.9020278278561626
2024,14,Belgian Grand Prix,Circuit de Spa-Francorchamps,ricciardo,8,1,22.643,rb,0,23.644550000000002,1,70,109,24.957896027264024,24.165864491544212,-2.314896027264023,-1.5228644915442118
2024,14,Belgian Grand Prix,Circuit de Spa-Francorchamps,ricciardo,21,2,22.328,rb,0,23.644550000000002,1,70,109,24.957896027264024,24.075357204508244,-2.6298960272640244,-1.7473572045082442
2024,14,Belgian Grand Prix,Circuit de Spa-Francorchamps,russell,10,1,22.686,mercedes,0,23.644550000000002,1,278,109,23.45931395574579,23.3145985239961,-0.7733139557457918,-0.6285985239961001
2024,14,Belgian Grand Prix,Circuit de Spa-Francorchamps,sainz,20,1,23.08,ferrari,0,23.644550000000002,1,259,109,23.088278883366627,23.286655880839984,-0.00827888336662852,-0.20665588083998543
2024,14,Belgian Grand Prix,Circuit de Spa-Francorchamps,sainz,28,2,23.089,ferrari,0,23.644550000000002,1,259,109,23.088278883366627,23.10577125265263,7.211166333718211e-4,-0.016771252652631574
2024,14,Belgian Grand Prix,Circuit de Spa-Francorchamps,sargeant,8,1,23.338,williams,0,23.644550000000002,1,271,109,24.31014353425072,23.7379270314928,-0.9721435342507192,-0.3999270314927976
2024,14,Belgian Grand Prix,Circuit de Spa-Francorchamps,sargeant,24,2,23.692,williams,0,23.644550000000002,1,271,109,24.31014353425072,23.70164614914766,-0.61814353425072,-0.0096461491476596
2024,14,Belgian Grand Prix,Circuit de Spa-Francorchamps,stroll,12,1,23.01,aston_martin,0,23.644550000000002,1,271,109,23.276174673385473,23.508404394904314,-0.2661746733854713,-0.49840439490431265
2024,14,Belgian Grand Prix,Circuit de Spa-Francorchamps,tsunoda,15,1,23.452,rb,0,23.644550000000002,1,70,109,24.957896027264024,24.292392769156148,-1.505896027264022,-0.8403927691561464
2024,15,Dutch Grand Prix,Circuit Park Zandvoort,albon,12,1,21.258,williams,0,22.4955,1,271,144,18.79130054190977,21.792838083580637,2.466699458090229,-0.5348380835806381
2024,15,Dutch Grand Prix,Circuit Park Zandvoort,albon,54,2,21.016,williams,0,22.4955,1,271,144,18.79130054190977,22.226519375222693,2.224699458090228,-1.2105193752226953
2024,15,Dutch Grand Prix,Circuit Park Zandvoort,alonso,31,1,21.348,aston_martin,0,22.4955,1,271,144,17.757331681044523,21.8344474704463,3.5906683189554762,-0.48644747044630066
2024,15,Dutch Grand Prix,Circuit Park Zandvoort,bottas,15,1,21.095,sauber,0,22.4955,1,74,144,21.720991818101282,24.269305059134787,-0.6259918181012836,-3.174305059134788
2024,15,Dutch Grand Prix,Circuit Park Zandvoort,bottas,43,2,21.273,sauber,0,22.4955,1,74,144,21.720991818101282,24.44992979555297,-0.44799181810128275,-3.1769297955529687
2024,15,Dutch Grand Prix,Circuit Park Zandvoort,gasly,32,1,22.646,alpine,0,22.4955,1,249,144,17.761788307223867,21.954746552037655,4.884211692776134,0.691253447962346
2024,15,Dutch Grand Prix,Circuit Park Zandvoort,hamilton,23,1,21.168,mercedes,0,22.4955,1,278,144,17.940470963404838,21.532188790156432,3.227529036595161,-0.36418879015643313
2024,15,Dutch Grand Prix,Circuit Park Zandvoort,hamilton,48,2,21.026,mercedes,0,22.4955,1,278,144,17.940470963404838,21.658587121883784,3.0855290365951618,-0.632587121883784
2024,15,Dutch Grand Prix,Circuit Park Zandvoort,hulkenberg,14,1,21.619,haas,0,22.4955,1,272,144,18.93985027384142,22.443572259518415,2.679149726158581,-0.8245722595184155
2024,15,Dutch Grand Prix,Circuit Park Zandvoort,kevinmagnussen,40,1,21.403,haas,0,22.4955,1,272,144,18.93985027384142,22.913534433505607,2.46314972615858,-1.5105344335056081
2024,15,Dutch Grand Prix,Circuit Park Zandvoort,leclerc,24,1,20.841,ferrari,0,22.4955,1,259,144,17.569435891025677,21.34156693292782,3.2715641089743244,-0.5005669329278177
2024,15,Dutch Grand Prix,Circuit Park Zandvoort,maxverstappen,27,1,20.785,red_bull,0,22.4955,1,292,144,17.49230561271907,20.9958765540229,3.2926943872809318,-0.2108765540228994
2024,15,Dutch Grand Prix,Circuit Park Zandvoort,norris,28,1,21.536,mclaren,0,22.4955,1,270,144,17.543031270435275,21.494918788879577,3.9929687295647263,0.0410812111204244
2024,15,Dutch Grand Prix,Circuit Park Zandvoort,ocon,30,1,21.015,alpine,0,22.4955,1,249,144,17.761788307223867,21.9185956155771,3.2532116927761336,-0.9035956155770997
2024,15,Dutch Grand Prix,Circuit Park Zandvoort,perez,29,1,22.934,red_bull,0,22.4955,1,292,144,17.49230561271907,21.032027490483454,5.441694387280933,1.901972509516547
2024,15,Dutch Grand Prix,Circuit Park Zandvoort,piastri,33,1,20.969,mclaren,0,22.4955,1,270,144,17.543031270435275,21.58529613003096,3.425968729564726,-0.6162961300309604
2024,15,Dutch Grand Prix,Circuit Park Zandvoort,ricciardo,29,1,20.942,rb,0,22.4955,1,70,144,19.43905303492307,22.528058503546752,1.50294696507693,-1.5860585035467523
2024,15,Dutch Grand Prix,Circuit Park Zandvoort,russell,25,1,21.846,mercedes,0,22.4955,1,278,144,17.940470963404838,21.568339726616983,3.905529036595162,0.2776602733830167
2024,15,Dutch Grand Prix,Circuit Park Zandvoort,russell,54,2,21.159,mercedes,0,22.4955,1,278,144,17.940470963404838,21.767039931265444,3.218529036595161,-0.608039931265445
2024,15,Dutch Grand Prix,Circuit Park Zandvoort,sainz,30,1,20.84,ferrari,0,22.4955,1,259,144,17.569435891025677,21.45001974230948,3.270564108974323,-0.6100197423094791
2024,15,Dutch Grand Prix,Circuit Park Zandvoort,sargeant,22,1,22.03,williams,0,22.4955,1,271,144,18.79130054190977,21.973592765883403,3.238699458090231,0.056407234116598204
2024,15,Dutch Grand Prix,Circuit Park Zandvoort,stroll,30,1,21.385,aston_martin,0,22.4955,1,271,144,17.757331681044523,21.816372002216024,3.627668318955479,-0.43137200221602257
2024,15,Dutch Grand Prix,Circuit Park Zandvoort,tsunoda,14,1,21.249,rb,0,22.4955,1,70,144,19.43905303492307,22.256926480092602,1.8099469650769286,-1.0079264800926033
2024,15,Dutch Grand Prix,Circuit Park Zandvoort,tsunoda,32,2,20.88,rb,0,22.4955,1,70,144,19.43905303492307,22.256796534208018,1.4409469650769289,-1.3767965342080188
2024,15,Dutch Grand Prix,Circuit Park Zandvoort,zhou,18,1,21.214,sauber,0,22.4955,1,74,144,21.720991818101282,24.323531463825617,-0.5069918181012838,-3.1095314638256184
2024,15,Dutch Grand Prix,Circuit Park Zandvoort,zhou,51,2,22.044,sauber,0,22.4955,1,74,144,21.720991818101282,24.594533541395183,0.32300818189871805,-2.5505335413951826
2024,16,Italian Grand Prix,Autodromo Nazionale di Monza,albon,17,1,24.801,williams,0,34.829999999999984,1,271,104,26.196787115248917,25.597916177377506,-1.3957871152489183,-0.7969161773775078
2024,16,Italian Grand Prix,Autodromo Nazionale di Monza,alonso,12,1,24.866,aston_martin,0,34.829999999999984,1,271,104,25.162818254383666,25.20571432671653,-0.29681825438366616,-0.3397143267165319
2024,16,Italian Grand Prix,Autodromo Nazionale di Monza,alonso,35,2,24.501,aston_martin,0,34.829999999999984,1,271,104,25.162818254383666,25.29596172198333,-0.6618182543836646,-0.7949617219833272
2024,16,Italian Grand Prix,Autodromo Nazionale di Monza,bottas,33,1,24.41,sauber,0,34.829999999999984,1,74,104,29.12647839144043,28.309364239925255,-4.716478391440429,-3.899364239925255
2024,16,Italian Grand Prix,Autodromo Nazionale di Monza,colapinto,16,1,25.147,williams,0,34.829999999999984,1,271,104,26.196787115248917,25.57984070914723,-1.0497871152489182,-0.43284070914723216
2024,16,Italian Grand Prix,Autodromo Nazionale di Monza,gasly,10,1,24.335,alpine,0,34.829999999999984,1,249,104,25.16727488056301,25.271787003617053,-0.8322748805630091,-0.9367870036170522
2024,16,Italian Grand Prix,Autodromo Nazionale di Monza,gasly,30,2,24.203,alpine,0,34.829999999999984,1,249,104,25.16727488056301,25.307807994193023,-0.9642748805630106,-1.104807994193024
2024,16,Italian Grand Prix,Autodromo Nazionale di Monza,hamilton,15,1,24.469,mercedes,0,34.829999999999984,1,278,104,25.34595753674398,25.102285796959706,-0.8769575367439799,-0.6332857969597043
2024,16,Italian Grand Prix,Autodromo Nazionale di Monza,hamilton,37,2,24.155,mercedes,0,34.829999999999984,1,278,104,25.34595753674398,25.174457723996227,-1.19095753674398,-1.0194577239962257
2024,16,Italian Grand Prix,Autodromo Nazionale di Monza,hulkenberg,5,1,38.875,haas,0,34.829999999999984,1,272,104,26.345336847180562,25.99559379809141,12.529663152819438,12.87940620190859
2024,16,Italian Grand Prix,Autodromo Nazionale di Monza,hulkenberg,32,2,36.576,haas,0,34.829999999999984,1,272,104,26.345336847180562,26.158143066279315,10.230663152819439,10.417856933720685
2024,16,Italian Grand Prix,Autodromo Nazionale di Monza,kevinmagnussen,14,1,25.672,haas,0,34.829999999999984,1,272,104,26.345336847180562,26.1582730121639,-0.6733368471805612,-0.48627301216389895
2024,16,Italian Grand Prix,Autodromo Nazionale di Monza,leclerc,15,1,24.551,ferrari,0,34.829999999999984,1,259,104,24.97492246436482,24.893588471500816,-0.4239224643648214,-0.34258847150081806
2024,16,Italian Grand Prix,Autodromo Nazionale di Monza,maxverstappen,22,1,28.198,red_bull,0,34.829999999999984,1,292,104,24.89779218605821,24.620199965517003,3.300207813941789,3.5778000344829977
2024,16,Italian Grand Prix,Autodromo Nazionale di Monza,maxverstappen,41,2,24.15,red_bull,0,34.829999999999984,1,292,104,24.89779218605821,24.638145487862694,-0.7477921860582128,-0.4881454878626954
2024,16,Italian Grand Prix,Autodromo Nazionale di Monza,norris,14,1,24.169,mclaren,0,34.829999999999984,1,270,104,24.948517843774418,24.95656298630119,-0.7795178437744177,-0.7875629863011895
2024,16,Italian Grand Prix,Autodromo Nazionale di Monza,norris,32,2,24.87,mclaren,0,34.829999999999984,1,270,104,24.948517843774418,24.956433040416606,-0.07851784377441717,-0.08643304041660471
2024,16,Italian Grand Prix,Autodromo Nazionale di Monza,ocon,31,1,24.146,alpine,0,34.829999999999984,1,249,104,25.16727488056301,25.651371836452864,-1.0212748805630092,-1.5053718364528628
2024,16,Italian Grand Prix,Autodromo Nazionale di Monza,perez,23,1,24.728,red_bull,0,34.829999999999984,1,292,104,24.89779218605821,24.63827543374728,-0.1697921860582099,0.08972456625272329
2024,16,Italian Grand Prix,Autodromo Nazionale di Monza,perez,35,2,24.03,red_bull,0,34.829999999999984,1,292,104,24.89779218605821,24.529692678481034,-0.8677921860582103,-0.4996926784810327
2024,16,Italian Grand Prix,Autodromo Nazionale di Monza,piastri,16,1,23.793,mclaren,0,34.829999999999984,1,270,104,24.948517843774418,24.99271392276174,-1.155517843774419,-1.1997139227617417
2024,16,Italian Grand Prix,Autodromo Nazionale di Monza,piastri,38,2,24.67,mclaren,0,34.829999999999984,1,270,104,24.948517843774418,25.064885849798266,-0.27851784377441646,-0.39488584979826413
2024,16,Italian Grand Prix,Autodromo Nazionale di Monza,ricciardo,11,1,30.317,rb,0,34.829999999999984,1,70,104,26.844539608262217,25.91740082804726,3.4724603917377834,4.39959917195274
2024,16,Italian Grand Prix,Autodromo Nazionale di Monza,russell,11,1,32.696,mercedes,0,34.829999999999984,1,278,104,25.34595753674398,25.029983924038596,7.350042463256017,7.6660160759614016
2024,16,Italian Grand Prix,Autodromo Nazionale di Monza,russell,33,2,26.297,mercedes,0,34.829999999999984,1,278,104,25.34595753674398,25.102155851075118,0.9510424632560195,1.1948441489248829
2024,16,Italian Grand Prix,Autodromo Nazionale di Monza,sainz,19,1,24.313,ferrari,0,34.829999999999984,1,259,104,24.97492246436482,24.965890344421922,-0.6619224643648209,-0.6528903444219232
2024,16,Italian Grand Prix,Autodromo Nazionale di Monza,stroll,19,1,24.98,aston_martin,0,34.829999999999984,1,271,104,25.162818254383666,25.332242604328467,-0.1828182543836654,-0.35224260432846677
2024,16,Italian Grand Prix,Autodromo Nazionale di Monza,stroll,36,2,24.209,aston_martin,0,34.829999999999984,1,271,104,25.162818254383666,25.314037190213607,-0.9538182543836662,-1.1050371902136078
2024,16,Italian Grand Prix,Autodromo Nazionale di Monza,stroll,50,3,25.269,aston_martin,0,34.829999999999984,1,271,104,25.162818254383666,26.236538735256886,0.10618174561633253,-0.9675387352568876
2024,16,Italian Grand Prix,Autodromo Nazionale di Monza,zhou,15,1,27.138,sauber,0,34.829999999999984,1,74,104,29.12647839144043,27.984005811780275,-1.9884783914404274,-0.8460058117802731
2024,17,Azerbaijan Grand Prix,Baku City Circuit,albon,31,1,20.287,williams,0,21.617,1,271,88,18.841927840022873,22.1723182922233,1.4450721599771263,-1.8853182922232996
2024,17,Azerbaijan Grand Prix,Baku City Circuit,alonso,11,1,20.073,aston_martin,0,21.617,1,271,88,17.807958979157625,21.50898441810817,2.265041020842375,-1.4359844181081698
2024,17,Azerbaijan Grand Prix,Baku City Circuit,bearman,14,1,21.276,haas,0,21.617,1,272,88,18.99047757195452,22.479618571785817,2.2855224280454784,-1.2036185717858174
2024,17,Azerbaijan Grand Prix,Baku City Circuit,bottas,11,1,20.045,sauber,0,21.617,1,74,88,21.77161911621439,24.233049498481083,-1.726619116214387,-4.188049498481082
2024,17,Azerbaijan Grand Prix,Baku City Circuit,colapinto,10,1,20.596,williams,0,21.617,1,271,88,18.841927840022873,21.792733459387488,1.7540721599771274,-1.196733459387488
2024,17,Azerbaijan Grand Prix,Baku City Circuit,gasly,50,1,20.257,alpine,0,21.617,1,249,88,17.812415605336966,22.316151292450037,2.4445843946630355,-2.0591512924500357
2024,17,Azerbaijan Grand Prix,Baku City Circuit,hamilton,12,1,21.289,mercedes,0,21.617,1,278,88,17.99109826151794,21.369404951890786,3.297901738482061,-0.08040495189078456
2024,17,Azerbaijan Grand Prix,Baku City Circuit,hulkenberg,15,1,21.617,haas,0,21.617,1,272,88,18.99047757195452,22.497694040016093,2.6265224280454795,-0.8806940400160919
2024,17,Azerbaijan Grand Prix,Baku City Circuit,leclerc,16,1,20.671,ferrari,0,21.617,1,259,88,17.62006318913878,21.233009499353006,3.05093681086122,-0.5620094993530067
2024,17,Azerbaijan Grand Prix,Baku City Circuit,maxverstappen,12,1,21.145,red_bull,0,21.617,1,292,88,17.54293291083217,20.76079084283615,3.6020670891678286,0.3842091571638484
2024,17,Azerbaijan Grand Prix,Baku City Circuit,maxverstappen,49,2,20.725,red_bull,0,21.617,1,292,88,17.54293291083217,21.104094793326826,3.1820670891678304,-0.37909479332682494
2024,17,Azerbaijan Grand Prix,Baku City Circuit,norris,37,1,19.712,mclaren,0,21.617,1,270,88,17.593658568548378,21.69364431521947,2.118341431451622,-1.9816443152194694
2024,17,Azerbaijan Grand Prix,Baku City Circuit,ocon,49,1,20.634,alpine,0,21.617,1,249,88,17.812415605336966,22.29807582421976,2.8215843946630343,-1.6640758242197613
2024,17,Azerbaijan Grand Prix,Baku City Circuit,perez,13,1,20.63,red_bull,0,21.617,1,292,88,17.54293291083217,20.77886631106643,3.087067089167828,-0.14886631106643122
2024,17,Azerbaijan Grand Prix,Baku City Circuit,piastri,15,1,20.181,mclaren,0,21.617,1,270,88,17.593658568548378,21.295984014153383,2.587341431451623,-1.1149840141533822
2024,17,Azerbaijan Grand Prix,Baku City Circuit,ricciardo,49,1,21.984,rb,0,21.617,1,70,88,19.489680333036173,22.92561418041969,2.494319666963829,-0.9416141804196876
2024,17,Azerbaijan Grand Prix,Baku City Circuit,russell,12,1,19.954,mercedes,0,21.617,1,278,88,17.99109826151794,21.369404951890786,1.96290173848206,-1.4154049518907854
2024,17,Azerbaijan Grand Prix,Baku City Circuit,sainz,17,1,21.483,ferrari,0,21.617,1,259,88,17.62006318913878,21.251084967583285,3.862936810861221,0.2319150324167154
2024,17,Azerbaijan Grand Prix,Baku City Circuit,stroll,22,2,20.214,aston_martin,0,21.617,1,271,88,17.807958979157625,21.38232619461165,2.4060410208423733,-1.1683261946116517
2024,17,Azerbaijan Grand Prix,Baku City Circuit,tsunoda,12,1,20.922,rb,0,21.617,1,70,88,19.489680333036173,22.256821855899453,1.4323196669638278,-1.3348218558994525
2024,17,Azerbaijan Grand Prix,Baku City Circuit,zhou,34,1,20.52,sauber,0,21.617,1,74,88,21.77161911621439,24.64878526777745,-1.251619116214389,-4.128785267777449
2024,18,Singapore Grand Prix,Marina Bay Street Circuit,albon,11,1,29.126,williams,0,31.2042,1,271,69,32.187927899168514,31.403924632794535,-3.061927899168513,-2.2779246327945337
2024,18,Singapore Grand Prix,Marina Bay Street Circuit,alonso,25,1,29.251,aston_martin,0,31.2042,1,271,69,31.153959038303267,31.355156678508813,-1.9029590383032655,-2.1041566785088115
2024,18,Singapore Grand Prix,Marina Bay Street Circuit,bottas,33,1,30.423,sauber,0,31.2042,1,74,69,35.117619175360026,34.22382550472394,-4.694619175360028,-3.8008255047239423
2024,18,Singapore Grand Prix,Marina Bay Street Circuit,colapinto,29,1,29.772,williams,0,31.2042,1,271,69,32.187927899168514,31.729283060939515,-2.4159278991685156,-1.9572830609395169
2024,18,Singapore Grand Prix,Marina Bay Street Circuit,gasly,37,1,31.509,alpine,0,31.2042,1,249,69,31.15841566448261,31.674285910633216,0.35058433551738943,-0.16528591063321585
2024,18,Singapore Grand Prix,Marina Bay Street Circuit,hamilton,17,1,29.272,mercedes,0,31.2042,1,278,69,31.337098320663586,31.052897998218945,-2.065098320663587,-1.780897998218947
2024,18,Singapore Grand Prix,Marina Bay Street Circuit,hulkenberg,29,1,29.808,haas,0,31.2042,1,272,69,32.336477631100166,32.343866300416735,-2.5284776311001664,-2.5358663004167354
2024,18,Singapore Grand Prix,Marina Bay Street Circuit,kevinmagnussen,28,1,29.707,haas,0,31.2042,1,272,69,32.336477631100166,32.325790832186456,-2.6294776311001655,-2.6187908321864555
2024,18,Singapore Grand Prix,Marina Bay Street Circuit,kevinmagnussen,49,2,31.291,haas,0,31.2042,1,272,69,32.336477631100166,32.379887290992706,-1.045477631100166,-1.0888872909927052
2024,18,Singapore Grand Prix,Marina Bay Street Circuit,leclerc,36,1,29.042,ferrari,0,31.2042,1,259,69,30.96606324828442,31.187634569135312,-1.924063248284419,-2.1456345691353107
2024,18,Singapore Grand Prix,Marina Bay Street Circuit,maxverstappen,29,1,29.655,red_bull,0,31.2042,1,292,69,30.888932969977812,30.661189507927627,-1.2339329699778112,-1.0061895079276262
2024,18,Singapore Grand Prix,Marina Bay Street Circuit,norris,30,1,29.091,mclaren,0,31.2042,1,270,69,30.93965862769402,31.160231742784305,-1.848658627694018,-2.0692317427843037
2024,18,Singapore Grand Prix,Marina Bay Street Circuit,ocon,29,1,29.601,alpine,0,31.2042,1,249,69,31.15841566448261,31.529682164790998,-1.5574156644826118,-1.9286821647909989
2024,18,Singapore Grand Prix,Marina Bay Street Circuit,perez,28,1,28.99,red_bull,0,31.2042,1,292,69,30.888932969977812,30.64311403969735,-1.898932969977814,-1.6531140396973498
2024,18,Singapore Grand Prix,Marina Bay Street Circuit,piastri,38,1,29.152,mclaren,0,31.2042,1,270,69,30.93965862769402,31.304835488626516,-1.787658627694018,-2.152835488626515
2024,18,Singapore Grand Prix,Marina Bay Street Circuit,ricciardo,10,1,30.316,rb,0,31.2042,1,70,69,32.835680392181814,31.813786624615673,-2.519680392181815,-1.4977866246156744
2024,18,Singapore Grand Prix,Marina Bay Street Circuit,ricciardo,46,2,29.066,rb,0,31.2042,1,70,69,32.835680392181814,32.139015106876066,-3.769680392181815,-3.073015106876067
2024,18,Singapore Grand Prix,Marina Bay Street Circuit,ricciardo,58,3,29.653,rb,0,31.2042,1,70,69,32.835680392181814,33.0253657154588,-3.1826803921818154,-3.3723657154587983
2024,18,Singapore Grand Prix,Marina Bay Street Circuit,russell,27,1,28.739,mercedes,0,31.2042,1,278,69,31.337098320663586,31.23365268052171,-2.598098320663585,-2.4946526805217104
2024,18,Singapore Grand Prix,Marina Bay Street Circuit,sainz,13,1,29.385,ferrari,0,31.2042,1,259,69,30.96606324828442,30.77189879983895,-1.5810632482844191,-1.3868987998389493
2024,18,Singapore Grand Prix,Marina Bay Street Circuit,stroll,26,1,29.816,aston_martin,0,31.2042,1,271,69,31.153959038303267,31.373232146739092,-1.3379590383032678,-1.5572321467390928
2024,18,Singapore Grand Prix,Marina Bay Street Circuit,tsunoda,33,1,29.662,rb,0,31.2042,1,70,69,32.835680392181814,32.229522393912035,-3.173680392181815,-2.5675223939120357
2024,18,Singapore Grand Prix,Marina Bay Street Circuit,zhou,34,1,29.36,sauber,0,31.2042,1,74,69,35.117619175360026,34.24190097295422,-5.757619175360027,-4.88190097295422
2024,19,United States Grand Prix,Circuit of the Americas,albon,3,1,34.983,williams,0,29.2171,1,271,135,25.848934425862964,25.058556742092573,9.134065574137033,9.924443257907424
2024,19,United States Grand Prix,Circuit of the Americas,albon,33,2,24.391,williams,0,29.2171,1,271,135,25.848934425862964,25.27533241497131,-1.457934425862966,-0.8843324149713112
2024,19,United States Grand Prix,Circuit of the Americas,alonso,26,1,24.247,aston_martin,0,29.2171,1,271,135,24.814965564997717,25.17246800187935,-0.5679655649977171,-0.9254680018793486
2024,19,United States Grand Prix,Circuit of the Americas,bottas,15,1,24.439,sauber,0,29.2171,1,74,135,28.77862570205448,27.697702931719217,-4.33962570205448,-3.258702931719217
2024,19,United States Grand Prix,Circuit of the Americas,colapinto,39,1,23.971,williams,0,29.2171,1,271,135,25.848934425862964,25.709273598382534,-1.8779344258629642,-1.7382735983825341
2024,19,United States Grand Prix,Circuit of the Americas,gasly,18,1,28.228,alpine,0,29.2171,1,249,135,24.81942219117706,25.13008786939821,3.4085778088229404,3.0979121306017916
2024,19,United States Grand Prix,Circuit of the Americas,hulkenberg,27,1,24.5,haas,0,29.2171,1,272,135,25.997484157794613,26.106951219096437,-1.497484157794613,-1.6069512190964375
2024,19,United States Grand Prix,Circuit of the Americas,kevinmagnussen,17,1,23.966,haas,0,29.2171,1,272,135,25.997484157794613,25.92619653679367,-2.031484157794612,-1.9601965367936707
2024,19,United States Grand Prix,Circuit of the Americas,kevinmagnussen,38,2,24.087,haas,0,29.2171,1,272,135,25.997484157794613,25.980292995599918,-1.9104841577946132,-1.8932929955999178
2024,19,United States Grand Prix,Circuit of the Americas,lawson,36,1,23.839,rb,0,29.2171,1,70,135,26.496686918876268,26.082984653743118,-2.6576869188762693,-2.2439846537431194
2024,19,United States Grand Prix,Circuit of the Americas,leclerc,26,1,23.817,ferrari,0,29.2171,1,259,135,24.62706977497887,24.806115741972803,-0.8100697749788708,-0.9891157419728032
2024,19,United States Grand Prix,Circuit of the Americas,maxverstappen,25,1,24.228,red_bull,0,29.2171,1,292,135,24.549939496672263,24.38812349014677,-0.32193949667226107,-0.16012349014676985
2024,19,United States Grand Prix,Circuit of the Americas,norris,31,1,23.731,mclaren,0,29.2171,1,270,135,24.60066515438847,24.977543066154837,-0.8696651543884677,-1.2465430661548353
2024,19,United States Grand Prix,Circuit of the Americas,ocon,31,1,24.156,alpine,0,29.2171,1,249,135,24.81942219117706,25.36506895639181,-0.6634221911770624,-1.2090689563918104
2024,19,United States Grand Prix,Circuit of the Americas,ocon,51,2,26.175,alpine,0,29.2171,1,249,135,24.81942219117706,25.401089946967776,1.3555778088229395,0.7739100530322247
2024,19,United States Grand Prix,Circuit of the Americas,perez,26,1,23.58,red_bull,0,29.2171,1,292,135,24.549939496672263,24.40619895837705,-0.9699394966722643,-0.8261989583770522
2024,19,United States Grand Prix,Circuit of the Americas,piastri,32,1,24.107,mclaren,0,29.2171,1,270,135,24.60066515438847,24.995618534385112,-0.49366515438847003,-0.8886185343851132
2024,19,United States Grand Prix,Circuit of the Americas,russell,40,1,29.327,mercedes,0,29.2171,1,278,135,24.998104847358036,25.26786962265556,4.328895152641966,4.059130377344442
2024,19,United States Grand Prix,Circuit of the Americas,sainz,21,1,23.963,ferrari,0,29.2171,1,259,135,24.62706977497887,24.71573840082142,-0.66406977497887,-0.7527384008214177
2024,19,United States Grand Prix,Circuit of the Americas,stroll,27,1,26.399,aston_martin,0,29.2171,1,271,135,24.814965564997717,25.190543470109624,1.584034435002284,1.2084565298903769
2024,19,United States Grand Prix,Circuit of the Americas,tsunoda,18,1,24.193,rb,0,29.2171,1,70,135,26.496686918876268,25.757626225598138,-2.3036869188762665,-1.5646262255981362
2024,19,United States Grand Prix,Circuit of the Americas,zhou,13,1,24.433,sauber,0,29.2171,1,74,135,28.77862570205448,27.661551995258662,-4.34562570205448,-3.2285519952586625
2024,19,United States Grand Prix,Circuit of the Americas,zhou,35,2,24.89,sauber,0,29.2171,1,74,135,28.77862570205448,27.733723922295187,-3.8886257020544797,-2.8437239222951867
2024,20,Mexico City Grand Prix,Autódromo Hermanos Rodríguez,bottas,49,1,22.505,sauber,0,30.299,1,74,85,22.659390347846127,26.2135115498491,-0.15439034784612815,-3.7085115498490993
2024,20,Mexico City Grand Prix,Autódromo Hermanos Rodríguez,colapinto,47,1,23.895,williams,0,30.299,1,271,85,19.72969907165461,23.755120042525228,4.165300928345388,0.139879957474772
2024,20,Mexico City Grand Prix,Autódromo Hermanos Rodríguez,gasly,28,1,23.204,alpine,0,30.299,1,249,85,18.700186836968708,23.212085250001454,4.5038131630312925,-0.008085250001453659
2024,20,Mexico City Grand Prix,Autódromo Hermanos Rodríguez,hamilton,28,1,22.538,mercedes,0,30.299,1,278,85,18.878869493149683,22.952206702192715,3.6591305068503175,-0.4142067021927147
2024,20,Mexico City Grand Prix,Autódromo Hermanos Rodríguez,hulkenberg,29,1,23.077,haas,0,30.299,1,272,85,19.87824880358626,24.044344853857467,3.198751196413742,-0.9673448538574654
2024,20,Mexico City Grand Prix,Autódromo Hermanos Rodríguez,kevinmagnussen,30,1,23.332,haas,0,30.299,1,272,85,19.87824880358626,24.062420322087746,3.453751196413741,-0.7304203220877454
2024,20,Mexico City Grand Prix,Autódromo Hermanos Rodríguez,lawson,39,1,22.586,rb,0,30.299,1,70,85,20.377451564667915,24.038453756734423,2.2085484353320837,-1.4524537567344247
2024,20,Mexico City Grand Prix,Autódromo Hermanos Rodríguez,lawson,65,2,30.299,rb,0,30.299,1,70,85,20.377451564667915,24.182927556692054,9.921548435332085,6.116072443307946
2024,20,Mexico City Grand Prix,Autódromo Hermanos Rodríguez,leclerc,31,1,22.86,ferrari,0,30.299,1,259,85,18.507834420770518,22.79773578142466,4.3521655792294816,0.062264218575339925
2024,20,Mexico City Grand Prix,Autódromo Hermanos Rodríguez,leclerc,69,2,22.69,ferrari,0,30.299,1,259,85,18.507834420770518,23.15911520014561,4.182165579229483,-0.4691152001456089
2024,20,Mexico City Grand Prix,Autódromo Hermanos Rodríguez,maxverstappen,26,1,43.73,red_bull,0,30.299,1,292,85,18.43070414246391,22.307441656677526,25.299295857536087,21.42255834332247
2024,20,Mexico City Grand Prix,Autódromo Hermanos Rodríguez,norris,30,1,22.111,mclaren,0,30.299,1,270,85,18.481429800180116,22.860710296225037,3.6295701998198844,-0.7497102962250359
2024,20,Mexico City Grand Prix,Autódromo Hermanos Rodríguez,ocon,48,1,23.245,alpine,0,30.299,1,249,85,18.700186836968708,23.573594614606986,4.544813163031293,-0.3285946146069847
2024,20,Mexico City Grand Prix,Autódromo Hermanos Rodríguez,perez,20,1,27.73,red_bull,0,30.299,1,292,85,18.43070414246391,22.198988847295865,9.299295857536091,5.531011152704135
2024,20,Mexico City Grand Prix,Autódromo Hermanos Rodríguez,perez,43,2,22.174,red_bull,0,30.299,1,292,85,18.43070414246391,22.289236242562662,3.74329585753609,-0.11523624256266274
2024,20,Mexico City Grand Prix,Autódromo Hermanos Rodríguez,perez,68,3,21.92,red_bull,0,30.299,1,292,85,18.43070414246391,23.410567938138986,3.489295857536092,-1.4905679381389838
2024,20,Mexico City Grand Prix,Autódromo Hermanos Rodríguez,piastri,39,1,21.825,mclaren,0,30.299,1,270,85,18.481429800180116,23.023389510297527,3.343570199819883,-1.1983895102975275
2024,20,Mexico City Grand Prix,Autódromo Hermanos Rodríguez,russell,31,1,22.462,mercedes,0,30.299,1,278,85,18.878869493149683,23.006433106883545,3.583130506850317,-0.5444331068835453
2024,20,Mexico City Grand Prix,Autódromo Hermanos Rodríguez,sainz,32,1,22.249,ferrari,0,30.299,1,259,85,18.507834420770518,22.81581124965494,3.741165579229481,-0.5668112496549398
2024,20,Mexico City Grand Prix,Autódromo Hermanos Rodríguez,stroll,26,1,22.592,aston_martin,0,30.299,1,271,85,18.695730210789364,23.073710700179824,3.896269789210635,-0.48171070017982487
2024,20,Mexico City Grand Prix,Autódromo Hermanos Rodríguez,zhou,43,1,22.935,sauber,0,30.299,1,74,85,22.659390347846127,26.105058740467438,0.27560965215387156,-3.1700587404674394
2024,21,São Paulo Grand Prix,Autódromo José Carlos Pace,alonso,32,2,1.4228720000000001,aston_martin,0,1.4253369999999999,0,271,153,17.97241601295051,0.39304667010922634,-16.54954401295051,1.0298253298907738
2024,21,São Paulo Grand Prix,Autódromo José Carlos Pace,bearman,32,2,1.4247370000000001,haas,0,1.4253369999999999,0,272,153,19.154934605747407,1.3094544190960407,-17.730197605747406,0.11528258090395949
2024,21,São Paulo Grand Prix,Autódromo José Carlos Pace,bottas,32,1,1.422094,sauber,0,1.4253369999999999,0,74,153,21.936076150007274,3.4426001245117033,-20.513982150007273,-2.0205061245117033
2024,21,São Paulo Grand Prix,Autódromo José Carlos Pace,gasly,32,1,1.407586,alpine,0,1.4253369999999999,0,249,153,17.976872639129855,0.8207586574998672,-16.569286639129857,0.5868273425001328
2024,21,São Paulo Grand Prix,Autódromo José Carlos Pace,hamilton,32,2,1.425703,mercedes,0,1.4253369999999999,1,278,153,18.15555529531083,21.59862531887478,-16.72985229531083,-20.172922318874782
2024,21,São Paulo Grand Prix,Autódromo José Carlos Pace,lawson,32,2,1.422722,rb,0,1.4253369999999999,0,70,153,19.65413736682906,1.1228086396702308,-18.23141536682906,0.29991336032976923
2024,21,São Paulo Grand Prix,Autódromo José Carlos Pace,leclerc,32,2,1.42026,ferrari,0,1.4253369999999999,0,259,153,17.784520222931665,0.026694410202679986,-16.364260222931666,1.39356558979732
2024,21,São Paulo Grand Prix,Autódromo José Carlos Pace,maxverstappen,32,1,1.4093030000000002,red_bull,0,1.4253369999999999,0,292,153,17.707389944625056,-0.04773399936350631,-16.298086944625055,1.4570369993635066
2024,21,São Paulo Grand Prix,Autódromo José Carlos Pace,norris,32,2,1.4153630000000001,mclaren,0,1.4253369999999999,0,270,153,17.758115602341263,0.10774439323333179,-16.342752602341264,1.3076186067666684
2024,21,São Paulo Grand Prix,Autódromo José Carlos Pace,ocon,32,1,1.408695,alpine,0,1.4253369999999999,0,249,153,17.976872639129855,0.8207586574998672,-16.568177639129853,0.5879363425001328
2024,21,São Paulo Grand Prix,Autódromo José Carlos Pace,perez,32,2,1.425215,red_bull,0,1.4253369999999999,0,292,153,17.707389944625056,-0.37322237339307085,-16.282174944625055,1.7984373733930707
2024,21,São Paulo Grand Prix,Autódromo José Carlos Pace,piastri,32,2,1.42027,mclaren,0,1.4253369999999999,0,270,153,17.758115602341263,0.10774439323333179,-16.337845602341265,1.3125256067666682
2024,21,São Paulo Grand Prix,Autódromo José Carlos Pace,russell,32,2,1.415838,mercedes,0,1.4253369999999999,0,278,153,18.15555529531083,0.2353917356615673,-16.73971729531083,1.1804462643384326
2024,21,São Paulo Grand Prix,Autódromo José Carlos Pace,sainz,32,2,1.4246590000000001,ferrari,0,1.4253369999999999,0,259,153,17.784520222931665,0.026694410202679986,-16.359861222931663,1.39796458979732
2024,21,São Paulo Grand Prix,Autódromo José Carlos Pace,tsunoda,32,2,1.41903,rb,0,1.4253369999999999,0,70,153,19.65413736682906,1.1228086396702308,-18.235107366829062,0.2962213603297692
2024,21,São Paulo Grand Prix,Autódromo José Carlos Pace,zhou,31,3,1.283154,sauber,0,1.4253369999999999,0,74,153,21.936076150007274,3.7684812720712686,-20.652922150007274,-2.4853272720712685
2024,22,Las Vegas Grand Prix,Las Vegas Strip Street Circuit,albon,9,1,22.012,williams,0,23.437200000000008,1,271,67,22.553370498730153,22.044715125118273,-0.5413704987301529,-0.03271512511827268
2024,22,Las Vegas Grand Prix,Las Vegas Strip Street Circuit,alonso,4,1,21.407,aston_martin,0,23.437200000000008,1,271,67,21.519401637864906,21.6525132744573,-0.11240163786490598,-0.24551327445729854
2024,22,Las Vegas Grand Prix,Las Vegas Strip Street Circuit,alonso,24,2,21.407,aston_martin,0,23.437200000000008,1,271,67,21.519401637864906,21.68853426503327,-0.11240163786490598,-0.28153426503326884
2024,22,Las Vegas Grand Prix,Las Vegas Strip Street Circuit,bottas,17,1,21.623,sauber,0,23.437200000000008,1,74,67,25.48306177492167,24.611559441823808,-3.860061774921668,-2.9885594418238064
2024,22,Las Vegas Grand Prix,Las Vegas Strip Street Circuit,bottas,35,2,22.821,sauber,0,23.437200000000008,1,74,67,25.48306177492167,24.611429495939223,-2.6620617749216677,-1.7904294959392217
2024,22,Las Vegas Grand Prix,Las Vegas Strip Street Circuit,colapinto,16,1,21.17,williams,0,23.437200000000008,1,271,67,22.553370498730153,22.17124340273021,-1.3833704987301516,-1.001243402730207
2024,22,Las Vegas Grand Prix,Las Vegas Strip Street Circuit,colapinto,26,2,21.221,williams,0,23.437200000000008,1,271,67,22.553370498730153,22.026509711003413,-1.3323704987301532,-0.8055097110034133
2024,22,Las Vegas Grand Prix,Las Vegas Strip Street Circuit,gasly,10,1,22.179,alpine,0,23.437200000000008,1,249,67,21.52385826404425,21.863189697200035,0.6551417359557483,0.3158103027999637
2024,22,Las Vegas Grand Prix,Las Vegas Strip Street Circuit,hamilton,13,1,21.067,mercedes,0,23.437200000000008,1,278,67,21.702540920225225,21.65753755408213,-0.6355409202252247,-0.5905375540821289
2024,22,Las Vegas Grand Prix,Las Vegas Strip Street Circuit,hamilton,27,2,21.355,mercedes,0,23.437200000000008,1,278,67,21.702540920225225,21.58510573527644,-0.3475409202252244,-0.23010573527643885
2024,22,Las Vegas Grand Prix,Las Vegas Strip Street Circuit,hulkenberg,14,1,21.511,haas,0,23.437200000000008,1,272,67,22.701920230661802,22.74967570574688,-1.1909202306618027,-1.238675705746882
2024,22,Las Vegas Grand Prix,Las Vegas Strip Street Circuit,hulkenberg,33,2,21.702,haas,0,23.437200000000008,1,272,67,22.701920230661802,22.767621228092572,-0.9999202306618002,-1.0656212280925708
2024,22,Las Vegas Grand Prix,Las Vegas Strip Street Circuit,kevinmagnussen,17,1,21.963,haas,0,23.437200000000008,1,272,67,22.701920230661802,22.80390211043771,-0.738920230661801,-0.8409021104377103
2024,22,Las Vegas Grand Prix,Las Vegas Strip Street Circuit,lawson,11,1,21.049,rb,0,23.437200000000008,1,70,67,23.201122991743457,22.508803521630238,-2.1521229917434574,-1.4598035216302385
2024,22,Las Vegas Grand Prix,Las Vegas Strip Street Circuit,lawson,38,2,20.642,rb,0,23.437200000000008,1,70,67,23.201122991743457,22.671352789818144,-2.5591229917434575,-2.0293527898181445
2024,22,Las Vegas Grand Prix,Las Vegas Strip Street Circuit,leclerc,9,1,21.329,ferrari,0,23.437200000000008,1,259,67,21.33150584784606,21.376538355702134,-0.002505847846059339,-0.04753835570213383
2024,22,Las Vegas Grand Prix,Las Vegas Strip Street Circuit,leclerc,31,2,21.585,ferrari,0,23.437200000000008,1,259,67,21.33150584784606,21.448710282738656,0.2534941521539409,0.1362897172613451
2024,22,Las Vegas Grand Prix,Las Vegas Strip Street Circuit,maxverstappen,11,1,20.697,red_bull,0,23.437200000000008,1,292,67,21.25437556953945,21.01277250856694,-0.5573755695394524,-0.3157725085669405
2024,22,Las Vegas Grand Prix,Las Vegas Strip Street Circuit,maxverstappen,27,2,22.254,red_bull,0,23.437200000000008,1,292,67,21.25437556953945,20.9764916262218,0.9996244304605497,1.2775083737782005
2024,22,Las Vegas Grand Prix,Las Vegas Strip Street Circuit,norris,9,1,21.194,mclaren,0,23.437200000000008,1,270,67,21.30510122725566,21.457588338732787,-0.1111012272556593,-0.263588338732788
2024,22,Las Vegas Grand Prix,Las Vegas Strip Street Circuit,norris,30,2,20.668,mclaren,0,23.437200000000008,1,270,67,21.30510122725566,21.511684797539033,-0.6371012272556591,-0.8436847975390336
2024,22,Las Vegas Grand Prix,Las Vegas Strip Street Circuit,norris,48,3,21.059,mclaren,0,23.437200000000008,1,270,67,21.30510122725566,22.506488215503417,-0.2461012272556573,-1.4474882155034159
2024,22,Las Vegas Grand Prix,Las Vegas Strip Street Circuit,ocon,11,1,15.79,alpine,0,23.437200000000008,1,249,67,21.52385826404425,21.88126516543031,-5.733858264044251,-6.091265165430311
2024,22,Las Vegas Grand Prix,Las Vegas Strip Street Circuit,ocon,12,2,21.142,alpine,0,23.437200000000008,1,249,67,21.52385826404425,21.57385225963102,-0.3818582640442507,-0.4318522596310217
2024,22,Las Vegas Grand Prix,Las Vegas Strip Street Circuit,ocon,45,3,21.858,alpine,0,23.437200000000008,1,249,67,21.52385826404425,22.83978770104956,0.33414173595575036,-0.9817877010495586
2024,22,Las Vegas Grand Prix,Las Vegas Strip Street Circuit,perez,17,1,21.294,red_bull,0,23.437200000000008,1,292,67,21.25437556953945,21.1212253179486,0.039624430460548865,0.17277468205140067
2024,22,Las Vegas Grand Prix,Las Vegas Strip Street Circuit,perez,32,2,21.034,red_bull,0,23.437200000000008,1,292,67,21.25437556953945,21.066868967373185,-0.2203755695394527,-0.032868967373186564
2024,22,Las Vegas Grand Prix,Las Vegas Strip Street Circuit,piastri,10,1,27.732,mclaren,0,23.437200000000008,1,270,67,21.30510122725566,21.475663806963063,6.426898772744341,6.256336193036937
2024,22,Las Vegas Grand Prix,Las Vegas Strip Street Circuit,piastri,25,2,21.082,mclaren,0,23.437200000000008,1,270,67,21.30510122725566,21.421307456387648,-0.22310122725565762,-0.3393074563876475
2024,22,Las Vegas Grand Prix,Las Vegas Strip Street Circuit,russell,12,1,21.072,mercedes,0,23.437200000000008,1,278,67,21.702540920225225,21.639462085851854,-0.6305409202252257,-0.5674620858518544
2024,22,Las Vegas Grand Prix,Las Vegas Strip Street Circuit,russell,32,2,20.975,mercedes,0,23.437200000000008,1,278,67,21.702540920225225,21.675483076427824,-0.7275409202252234,-0.7004830764278225
2024,22,Las Vegas Grand Prix,Las Vegas Strip Street Circuit,sainz,10,1,21.048,ferrari,0,23.437200000000008,1,259,67,21.33150584784606,21.39461382393241,-0.2835058478460617,-0.3466138239324117
2024,22,Las Vegas Grand Prix,Las Vegas Strip Street Circuit,sainz,28,2,20.879,ferrari,0,23.437200000000008,1,259,67,21.33150584784606,21.394483878047826,-0.45250584784605863,-0.5154838780478244
2024,22,Las Vegas Grand Prix,Las Vegas Strip Street Circuit,stroll,9,1,34.863,aston_martin,0,23.437200000000008,1,271,67,21.519401637864906,21.742890615608683,13.343598362135094,13.120109384391316
2024,22,Las Vegas Grand Prix,Las Vegas Strip Street Circuit,stroll,28,2,21.588,aston_martin,0,23.437200000000008,1,271,67,21.519401637864906,21.760836137954374,0.06859836213509496,-0.17283613795437347
2024,22,Las Vegas Grand Prix,Las Vegas Strip Street Circuit,tsunoda,10,1,21.168,rb,0,23.437200000000008,1,70,67,23.201122991743457,22.490728053399963,-2.0331229917434577,-1.3227280533999632
2024,22,Las Vegas Grand Prix,Las Vegas Strip Street Circuit,tsunoda,29,2,21.208,rb,0,23.437200000000008,1,70,67,23.201122991743457,22.508673575745654,-1.9931229917434585,-1.3006735757456553
2024,22,Las Vegas Grand Prix,Las Vegas Strip Street Circuit,zhou,11,1,22.96,sauber,0,23.437200000000008,1,74,67,25.48306177492167,24.503106632442147,-2.5230617749216684,-1.5431066324421465
2024,22,Las Vegas Grand Prix,Las Vegas Strip Street Circuit,zhou,34,2,21.761,sauber,0,23.437200000000008,1,74,67,25.48306177492167,24.593354027708944,-3.72206177492167,-2.832354027708945
2024,23,Qatar Grand Prix,Losail International Circuit,albon,35,1,29.179,williams,0,38.18079999999999,1,271,141,29.231430953309335,28.705995955275057,-0.05243095330933656,0.4730040447249415
2024,23,Qatar Grand Prix,Losail International Circuit,albon,36,2,22.71,williams,0,38.18079999999999,1,271,141,29.231430953309335,28.39858304947577,-6.521430953309334,-5.6885830494757705
2024,23,Qatar Grand Prix,Losail International Circuit,albon,37,3,36.548,williams,0,38.18079999999999,1,271,141,29.231430953309335,29.086103507525458,7.316569046690667,7.461896492474544
2024,23,Qatar Grand Prix,Losail International Circuit,albon,55,4,39.687,williams,0,38.18079999999999,1,271,141,29.231430953309335,31.796584770286014,10.455569046690663,7.890415229713984
2024,23,Qatar Grand Prix,Losail International Circuit,alonso,35,1,28.628,aston_martin,0,38.18079999999999,1,271,141,28.197462092444084,28.404171445765463,0.4305379075559159,0.22382855423453663
2024,23,Qatar Grand Prix,Losail International Circuit,alonso,36,2,28.592,aston_martin,0,38.18079999999999,1,271,141,28.197462092444084,28.096758539966178,0.39453790755591456,0.49524146003382086
2024,23,Qatar Grand Prix,Losail International Circuit,alonso,37,3,32.811,aston_martin,0,38.18079999999999,1,271,141,28.197462092444084,28.784278998015864,4.613537907555916,4.026721001984136
2024,23,Qatar Grand Prix,Losail International Circuit,bottas,24,1,29.034,sauber,0,38.18079999999999,1,74,141,32.16112222950085,30.929406375605335,-3.1271222295008485,-1.8954063756053365
2024,23,Qatar Grand Prix,Losail International Circuit,bottas,35,2,28.968,sauber,0,38.18079999999999,1,74,141,32.16112222950085,30.802748152108812,-3.1931222295008475,-1.834748152108812
2024,23,Qatar Grand Prix,Losail International Circuit,bottas,36,3,28.14,sauber,0,38.18079999999999,1,74,141,32.16112222950085,31.4902686101585,-4.021122229500847,-3.3502686101584978
2024,23,Qatar Grand Prix,Losail International Circuit,gasly,35,1,28.792,alpine,0,38.18079999999999,1,249,141,28.20191871862343,28.506395059126543,0.5900812813765732,0.28560494087345845
2024,23,Qatar Grand Prix,Losail International Circuit,gasly,36,2,22.717,alpine,0,38.18079999999999,1,249,141,28.20191871862343,28.198982153327258,-5.48491871862343,-5.481982153327259
2024,23,Qatar Grand Prix,Losail International Circuit,gasly,37,3,30.488,alpine,0,38.18079999999999,1,249,141,28.20191871862343,28.88650261137694,2.286081281376571,1.6014973886230592
2024,23,Qatar Grand Prix,Losail International Circuit,hamilton,34,1,37.915,mercedes,0,38.18079999999999,1,278,141,28.3806013748044,28.228441043087535,9.5343986251956,9.686558956912464
2024,23,Qatar Grand Prix,Losail International Circuit,hamilton,35,2,23.412,mercedes,0,38.18079999999999,1,278,141,28.3806013748044,27.92102813728824,-4.9686013748044005,-4.50902813728824
2024,23,Qatar Grand Prix,Losail International Circuit,hamilton,36,3,26.815,mercedes,0,38.18079999999999,1,278,141,28.3806013748044,28.60854859533793,-1.5656013748043982,-1.7935485953379278
2024,23,Qatar Grand Prix,Losail International Circuit,hamilton,47,4,22.705,mercedes,0,38.18079999999999,1,278,141,28.3806013748044,31.192501580486546,-5.675601374804401,-8.487501580486548
2024,23,Qatar Grand Prix,Losail International Circuit,hulkenberg,31,2,28.343,haas,0,38.18079999999999,1,272,141,29.37998068524098,28.922788947801614,-1.0369806852409802,-0.5797889478016138
2024,23,Qatar Grand Prix,Losail International Circuit,hulkenberg,36,3,23.81,haas,0,38.18079999999999,1,272,141,29.37998068524098,29.682611278772402,-5.5699806852409814,-5.872611278772403
2024,23,Qatar Grand Prix,Losail International Circuit,hulkenberg,37,4,37.692,haas,0,38.18079999999999,1,272,141,29.37998068524098,32.08580958161826,8.31201931475902,5.606190418381743
2024,23,Qatar Grand Prix,Losail International Circuit,kevinmagnussen,27,1,28.543,haas,0,38.18079999999999,1,272,141,29.37998068524098,29.17597544891007,-0.8369806852409809,-0.6329754489100701
2024,23,Qatar Grand Prix,Losail International Circuit,kevinmagnussen,36,2,22.696,haas,0,38.18079999999999,1,272,141,29.37998068524098,29.013166288952995,-6.683980685240979,-6.317166288952993
2024,23,Qatar Grand Prix,Losail International Circuit,kevinmagnussen,37,3,33.363,haas,0,38.18079999999999,1,272,141,29.37998068524098,29.70068674700268,3.9830193147590194,3.6623132529973184
2024,23,Qatar Grand Prix,Losail International Circuit,lawson,35,1,45.049,rb,0,38.18079999999999,1,70,141,29.879183446322635,29.13393341532647,15.169816553677364,15.915066584673529
2024,23,Qatar Grand Prix,Losail International Circuit,lawson,36,2,22.737,rb,0,38.18079999999999,1,70,141,29.879183446322635,28.826520509527185,-7.142183446322637,-6.089520509527187
2024,23,Qatar Grand Prix,Losail International Circuit,lawson,37,3,26.79,rb,0,38.18079999999999,1,70,141,29.879183446322635,29.514040967576868,-3.089183446322636,-2.724040967576869
2024,23,Qatar Grand Prix,Losail International Circuit,lawson,40,4,34.655,rb,0,38.18079999999999,1,70,141,29.879183446322635,31.953390206883277,4.775816553677366,2.701609793116724
2024,23,Qatar Grand Prix,Losail International Circuit,leclerc,35,1,28.46,ferrari,0,38.18079999999999,1,259,141,28.009566302425238,28.03781918585892,0.4504336975747627,0.42218081414108255
2024,23,Qatar Grand Prix,Losail International Circuit,leclerc,36,2,25.675,ferrari,0,38.18079999999999,1,259,141,28.009566302425238,27.730406280059633,-2.3345663024252374,-2.055406280059632
2024,23,Qatar Grand Prix,Losail International Circuit,leclerc,37,3,28.983,ferrari,0,38.18079999999999,1,259,141,28.009566302425238,28.41792673810932,0.9734336975747624,0.5650732618906815
2024,23,Qatar Grand Prix,Losail International Circuit,maxverstappen,35,1,28.303,red_bull,0,38.18079999999999,1,292,141,27.93243602411863,27.63790240226317,0.370563975881371,0.6650975977368319
2024,23,Qatar Grand Prix,Losail International Circuit,maxverstappen,36,2,23.884,red_bull,0,38.18079999999999,1,292,141,27.93243602411863,27.330489496463883,-4.0484360241186295,-3.446489496463883
2024,23,Qatar Grand Prix,Losail International Circuit,maxverstappen,37,3,22.703,red_bull,0,38.18079999999999,1,292,141,27.93243602411863,28.01800995451357,-5.22943602411863,-5.31500995451357
2024,23,Qatar Grand Prix,Losail International Circuit,norris,35,1,28.024,mclaren,0,38.18079999999999,1,270,141,27.983161681834837,28.11886916888957,0.04083831816516437,-0.09486916888956998
2024,23,Qatar Grand Prix,Losail International Circuit,norris,36,2,25.592,mclaren,0,38.18079999999999,1,270,141,27.983161681834837,27.811456263090285,-2.391161681834838,-2.2194562630902865
2024,23,Qatar Grand Prix,Losail International Circuit,norris,37,3,28.746,mclaren,0,38.18079999999999,1,270,141,27.983161681834837,28.498976721139968,0.7628383181651621,0.24702327886003062
2024,23,Qatar Grand Prix,Losail International Circuit,norris,45,4,36.069,mclaren,0,38.18079999999999,1,270,141,27.983161681834837,31.028703301597762,8.085838318165166,5.040296698402241
2024,23,Qatar Grand Prix,Losail International Circuit,perez,35,1,28.088,red_bull,0,38.18079999999999,1,292,141,27.93243602411863,27.63790240226317,0.15556397588137116,0.450097597736832
2024,23,Qatar Grand Prix,Losail International Circuit,perez,36,2,22.705,red_bull,0,38.18079999999999,1,292,141,27.93243602411863,27.330489496463883,-5.2274360241186315,-4.625489496463885
2024,23,Qatar Grand Prix,Losail International Circuit,perez,37,3,29.459,red_bull,0,38.18079999999999,1,292,141,27.93243602411863,28.01800995451357,1.5265639758813698,1.44099004548643
2024,23,Qatar Grand Prix,Losail International Circuit,piastri,34,1,27.818,mclaren,0,38.18079999999999,1,270,141,27.983161681834837,28.100793700659295,-0.16516168183483515,-0.282793700659294
2024,23,Qatar Grand Prix,Losail International Circuit,piastri,36,2,22.867,mclaren,0,38.18079999999999,1,270,141,27.983161681834837,27.811456263090285,-5.116161681834836,-4.944456263090284
2024,23,Qatar Grand Prix,Losail International Circuit,piastri,37,3,29.326,mclaren,0,38.18079999999999,1,270,141,27.983161681834837,28.498976721139968,1.342838318165164,0.8270232788600325
2024,23,Qatar Grand Prix,Losail International Circuit,russell,23,1,32.309,mercedes,0,38.18079999999999,1,278,141,28.3806013748044,28.029610892554487,3.928398625195598,4.27938910744551
2024,23,Qatar Grand Prix,Losail International Circuit,russell,35,2,27.87,mercedes,0,38.18079999999999,1,278,141,28.3806013748044,27.92102813728824,-0.5106013748043985,-0.051028137288238185
2024,23,Qatar Grand Prix,Losail International Circuit,russell,36,3,22.763,mercedes,0,38.18079999999999,1,278,141,28.3806013748044,28.60854859533793,-5.617601374804398,-5.845548595337927
2024,23,Qatar Grand Prix,Losail International Circuit,russell,37,4,34.037,mercedes,0,38.18079999999999,1,278,141,28.3806013748044,31.011746898183784,5.6563986251955995,3.025253101816215
2024,23,Qatar Grand Prix,Losail International Circuit,sainz,34,1,36.143,ferrari,0,38.18079999999999,1,259,141,28.009566302425238,28.019743717628646,8.133433697574763,8.123256282371354
2024,23,Qatar Grand Prix,Losail International Circuit,sainz,36,2,22.776,ferrari,0,38.18079999999999,1,259,141,28.009566302425238,27.730406280059633,-5.233566302425238,-4.954406280059633
2024,23,Qatar Grand Prix,Losail International Circuit,sainz,37,3,34.356,ferrari,0,38.18079999999999,1,259,141,28.009566302425238,28.41792673810932,6.3464336975747635,5.938073261890683
2024,23,Qatar Grand Prix,Losail International Circuit,stroll,7,2,41.674,aston_martin,0,38.18079999999999,1,271,141,28.197462092444084,27.572569961288156,13.476537907555915,14.101430038711843
2024,23,Qatar Grand Prix,Losail International Circuit,tsunoda,35,1,29.024,rb,0,38.18079999999999,1,70,141,29.879183446322635,29.13393341532647,-0.8551834463226342,-0.10993341532646994
2024,23,Qatar Grand Prix,Losail International Circuit,tsunoda,36,2,22.714,rb,0,38.18079999999999,1,70,141,29.879183446322635,28.826520509527185,-7.1651834463226365,-6.112520509527187
2024,23,Qatar Grand Prix,Losail International Circuit,tsunoda,37,3,35.849,rb,0,38.18079999999999,1,70,141,29.879183446322635,29.514040967576868,5.9698165536773615,6.334959032423129
2024,23,Qatar Grand Prix,Losail International Circuit,tsunoda,40,4,29.271,rb,0,38.18079999999999,1,70,141,29.879183446322635,31.953390206883277,-0.6081834463226343,-2.6823902068832766
2024,23,Qatar Grand Prix,Losail International Circuit,zhou,35,1,29.085,sauber,0,38.18079999999999,1,74,141,32.16112222950085,31.128236526138377,-3.0761222295008466,-2.043236526138376
2024,23,Qatar Grand Prix,Losail International Circuit,zhou,36,2,23.228,sauber,0,38.18079999999999,1,74,141,32.16112222950085,30.82082362033909,-8.933122229500846,-7.5928236203390895
2024,23,Qatar Grand Prix,Losail International Circuit,zhou,37,3,34.818,sauber,0,38.18079999999999,1,74,141,32.16112222950085,31.508344078388777,2.6568777704991504,3.3096559216112205
2024,24,Abu Dhabi Grand Prix,Yas Marina Circuit,albon,12,1,22.065,williams,0,32.731300000000005,1,271,125,23.38932015600743,22.696847743274986,-1.3243201560074276,-0.6318477432749852
2024,24,Abu Dhabi Grand Prix,Yas Marina Circuit,alonso,13,1,23.326,aston_martin,0,32.731300000000005,1,271,125,22.355351295142185,22.413098701995672,0.9706487048578154,0.9129012980043285
2024,24,Abu Dhabi Grand Prix,Yas Marina Circuit,alonso,37,2,22.437,aston_martin,0,32.731300000000005,1,271,125,22.355351295142185,22.521421565492748,0.08164870485781606,-0.08442156549274671
2024,24,Abu Dhabi Grand Prix,Yas Marina Circuit,bottas,6,1,41.144,sauber,0,32.731300000000005,1,74,125,26.31901143219894,25.010635504756646,14.824988567801057,16.133364495243352
2024,24,Abu Dhabi Grand Prix,Yas Marina Circuit,colapinto,3,1,24.941,williams,0,32.731300000000005,1,271,125,23.38932015600743,22.534168529202496,1.55167984399257,2.4068314707975027
2024,24,Abu Dhabi Grand Prix,Yas Marina Circuit,doohan,22,1,22.08,alpine,0,32.731300000000005,1,249,125,22.359807921321526,22.67800152942924,-0.27980792132152743,-0.59800152942924
2024,24,Abu Dhabi Grand Prix,Yas Marina Circuit,gasly,14,1,22.059,alpine,0,32.731300000000005,1,249,125,22.359807921321526,22.533397783587024,-0.3008079213215247,-0.47439778358702256
2024,24,Abu Dhabi Grand Prix,Yas Marina Circuit,hamilton,34,1,21.694,mercedes,0,32.731300000000005,1,278,125,22.5384905775025,22.635028600383826,-0.8444905775025013,-0.9410286003838273
2024,24,Abu Dhabi Grand Prix,Yas Marina Circuit,hulkenberg,13,1,21.53,haas,0,32.731300000000005,1,272,125,23.53786988793908,23.32950645098249,-2.00786988793908,-1.7995064509824878
2024,24,Abu Dhabi Grand Prix,Yas Marina Circuit,kevinmagnussen,12,1,26.363,haas,0,32.731300000000005,1,272,125,23.53786988793908,23.31143098275221,2.8251301120609185,3.0515690172477896
2024,24,Abu Dhabi Grand Prix,Yas Marina Circuit,kevinmagnussen,29,2,21.678,haas,0,32.731300000000005,1,272,125,23.53786988793908,23.29322556863735,-1.8598698879390803,-1.6152255686373493
2024,24,Abu Dhabi Grand Prix,Yas Marina Circuit,kevinmagnussen,30,3,22.815,haas,0,32.731300000000005,1,272,125,23.53786988793908,23.980746026687033,-0.7228698879390798,-1.1657460266870316
2024,24,Abu Dhabi Grand Prix,Yas Marina Circuit,kevinmagnussen,55,4,22.09,haas,0,32.731300000000005,1,272,125,23.53786988793908,26.81775556705953,-1.4478698879390812,-4.727755567059528
2024,24,Abu Dhabi Grand Prix,Yas Marina Circuit,lawson,23,1,23.415,rb,0,32.731300000000005,1,70,125,24.03707264902073,23.32361535385944,-0.6220726490207298,0.09138464614055763
2024,24,Abu Dhabi Grand Prix,Yas Marina Circuit,lawson,24,2,22.565,rb,0,32.731300000000005,1,70,125,24.03707264902073,23.016202448060156,-1.4720726490207277,-0.45120244806015464
2024,24,Abu Dhabi Grand Prix,Yas Marina Circuit,lawson,29,3,32.317,rb,0,32.731300000000005,1,70,125,24.03707264902073,23.776024779030944,8.279927350979271,8.540975220969056
2024,24,Abu Dhabi Grand Prix,Yas Marina Circuit,leclerc,20,1,21.869,ferrari,0,32.731300000000005,1,259,125,22.167455505123336,22.173274719701062,-0.29845550512333574,-0.3042747197010627
2024,24,Abu Dhabi Grand Prix,Yas Marina Circuit,maxverstappen,29,1,32.652,red_bull,0,32.731300000000005,1,292,125,22.090325226816727,21.936037150177803,10.561674773183274,10.715962849822198
2024,24,Abu Dhabi Grand Prix,Yas Marina Circuit,norris,26,1,21.276,mclaren,0,32.731300000000005,1,270,125,22.141050884532937,22.362777512113375,-0.8650508845329377,-1.0867775121133754
2024,24,Abu Dhabi Grand Prix,Yas Marina Circuit,piastri,4,1,23.582,mclaren,0,32.731300000000005,1,270,125,22.141050884532937,21.965117211047286,1.4409491154670633,1.616882788952715
2024,24,Abu Dhabi Grand Prix,Yas Marina Circuit,piastri,32,2,32.774,mclaren,0,32.731300000000005,1,270,125,22.141050884532937,22.14574194746547,10.632949115467063,10.62825805253453
2024,24,Abu Dhabi Grand Prix,Yas Marina Circuit,russell,26,1,21.656,mercedes,0,32.731300000000005,1,278,125,22.5384905775025,22.490424854541608,-0.8824905775025016,-0.8344248545416093
2024,24,Abu Dhabi Grand Prix,Yas Marina Circuit,sainz,25,1,21.28,ferrari,0,32.731300000000005,1,259,125,22.167455505123336,22.263652060852444,-0.8874555051233344,-0.9836520608524424
2024,24,Abu Dhabi Grand Prix,Yas Marina Circuit,stroll,11,1,23.266,aston_martin,0,32.731300000000005,1,271,125,22.355351295142185,22.376947765535117,0.9106487048578131,0.8890522344648808
2024,24,Abu Dhabi Grand Prix,Yas Marina Circuit,stroll,32,2,22.053,aston_martin,0,32.731300000000005,1,271,125,22.355351295142185,22.431044224341363,-0.3023512951421843,-0.3780442243413624
2024,24,Abu Dhabi Grand Prix,Yas Marina Circuit,tsunoda,22,1,21.869,rb,0,32.731300000000005,1,70,125,24.03707264902073,23.305539885629166,-2.168072649020729,-1.4365398856291662
2024,24,Abu Dhabi Grand Prix,Yas Marina Circuit,zhou,12,1,23.024,sauber,0,32.731300000000005,1,74,125,26.31901143219894,25.119088314138306,-3.2950114321989403,-2.095088314138305
2024,24,Abu Dhabi Grand Prix,Yas Marina Circuit,zhou,39,2,28.765,sauber,0,32.731300000000005,1,74,125,26.31901143219894,25.281637582326212,2.4459885678010593,3.4833624176737885
